temperature_step,temperature,current_energy,best_energy,current_D,best_E_D,best_D,accepted,acceptance_rate,new_bests,infeasible_proposals,blackbox_calls,security_pct,raw_DD,raw_S,raw_V,raw_N,raw_P,raw_C,z_DD,z_S,z_V,z_N,z_P,z_C,sizes,n_covered,n_overlap
1,0.014685236527698273,-0.07263723239118965,-0.07263723239118965,7.105946652778986,7.105946652778986,7.105946652778986,15,0.6,6,1,66,83.43266666666668,7.105946652778986,-0.22597465010475393,0.013518845528243778,9351.0,6.082657932083164,5.961422177569216,-0.010057160054923383,1.7103288461461468,-0.37747416195315575,0.5349449141284905,0.14639249932786058,-0.0010674648729355053,14|42|12|41|6|16|40|43|42|6|5,116,64
2,0.014391531797144308,-0.07913762044858601,-0.07913762044858601,7.074579283643285,7.074579283643285,6.8198509182683855,19,0.76,2,1,91,83.50733333333334,7.074579283643285,-0.22275836979163266,0.012864897386681118,9782.0,6.5633505421717135,6.037284204826136,-0.017894874754223626,1.9656233467835833,-0.4819698327548606,0.9422969600461221,0.1579614209054045,0.013063528451506915,13|41|11|41|6|16|39|46|46|7|6,117,68
3,0.014103701161201422,-0.05328404055099969,-0.07913762044858601,6.877599944022195,7.074579283643285,6.8198509182683855,11,0.44,0,2,116,83.42533333333334,6.877599944022195,-0.22055309926239036,0.013018725657715275,10092.0,8.586983520190278,6.135329353222783,-0.06711378944635528,2.140668238311401,-0.45738930817141327,1.2352879907525391,0.20666458532500268,0.03132662248661393,12|41|9|41|6|16|40|47|48|8|6,117,71
4,0.013821627137977393,-0.10944607481847511,-0.10944607481847511,6.9338488769716395,6.9338488769716395,6.8198509182683855,9,0.36,2,5,141,83.33400000000002,6.9338488769716395,-0.21455851362669032,0.012005186160015745,10135.0,9.147830034638869,6.134768969561397,-0.05305895792093909,2.6164926682129157,-0.619344795105062,1.2759286821085905,0.22016258634794195,0.031222238540329992,13|40|7|41|6|15|39|47|50|9|8,118,71
5,0.013545194595217845,-0.16782139770255444,-0.16782139770255444,6.619966983750116,6.619966983750116,6.600179854516767,14,0.56,3,1,166,83.18200000000002,6.619966983750116,-0.21627890853675236,0.011967484307477032,10085.0,10.002039585241771,6.322800407772391,-0.13148812798310164,2.4799351182780836,-0.6253692489127991,1.228672064252717,0.24072101203269206,0.066247284590658,9|39|8|40|5|16|40|46|51|10|11,119,70
6,0.013274290703313488,-0.21690840509226073,-0.21690840509226073,6.589753019243019,6.589753019243019,6.55841578568089,14,0.56,8,1,191,83.18200000000002,6.589753019243019,-0.21639943367950443,0.011718571116984393,9966.0,9.224358669240926,6.311580782531623,-0.13903764330002014,2.470368350727501,-0.6651435814000313,1.1162013137557374,0.2220044157282285,0.06415737933617408,9|40|7|43|5|17|36|46|49|8|14,121,69
7,0.013008804889247218,-0.19650168644593388,-0.2206757058418503,6.557059598529843,6.594902272997058,6.476698663553585,12,0.48,1,3,216,83.11200000000001,6.557059598529843,-0.21468233812887078,0.01158011484520669,10314.0,9.533061273320648,6.344140262332941,-0.1472066964005691,2.6066640116987823,-0.6872677837282796,1.4451073740326186,0.22943402072407812,0.07022230810694811,8|42|7|43|5|17|37|46|50|8|15,122,69
8,0.012748628791462274,-0.2826926649301367,-0.2826926649301367,6.435485078826529,6.435485078826529,6.435485078826529,11,0.44,3,0,241,83.32066666666667,6.435485078826529,-0.2028551397163782,0.010514004032960612,10618.0,9.533061273320648,6.350932585273681,-0.1775843285193724,3.545456162475887,-0.8576237453010058,1.7324276105963308,0.22943402072407812,0.07148752963613297,8|41|6|45|5|15|36|45|54|10|15,124,70
9,0.012493656215633028,-0.2982104630562207,-0.31295792649711723,6.301519862943598,6.301169319134522,6.300790237011502,13,0.52,6,4,266,83.35533333333333,6.301519862943598,-0.20283433455693378,0.010159105113091179,11003.0,9.615416585890088,6.446837913849305,-0.21105800421012497,3.547107586566435,-0.9143337477332147,2.0963035680865585,0.2314160818846074,0.08935203453910433,6|40|6|46|5|15|37|44|58|10|14,124,73
10,0.012243783091320367,-0.28018450671244083,-0.31295792649711723,6.3718136855268925,6.301169319134522,6.140578777073364,9,0.36,0,5,291,83.07466666666667,6.3718136855268925,-0.2037047048189229,0.009790896505817099,11266.0,10.104639696502055,6.437561687687406,-0.19349379842201414,3.478021337927694,-0.9731705315187372,2.344873378008454,0.24319030866032035,0.08762413067587276,5|40|6|47|5|15|39|44|58|10|15,124,75
11,0.011998907429493959,-0.23748527532440275,-0.31295792649711723,6.45099535175999,6.301169319134522,6.140578777073364,9,0.36,0,3,316,83.10600000000001,6.45099535175999,-0.20336439650836508,0.00971814846591848,11566.0,10.141968237234654,6.436738631581793,-0.17370880125934526,3.5050335482292003,-0.9847950851271473,2.6284130851436966,0.24408870183565964,0.0874708181326333,5|40|5|50|5|14|40|44|57|11|17,125,79
12,0.011758929280904079,-0.2474656829532237,-0.31295792649711723,6.151312187714884,6.301169319134522,5.937801253363342,8,0.32,0,2,341,84.17399999999999,6.151312187714884,-0.20017097236993955,0.00976008004548384,11696.0,14.3280074920283,6.424830864326342,-0.2485901574166835,3.7585138240051945,-0.9780947548471545,2.751280291568968,0.34483491436908514,0.08525273109119527,5|40|6|51|5|13|39|45|57|11|18,126,79
13,0.011523750695285996,-0.4305932553319449,-0.4305932553319449,6.174195199692162,6.174195199692162,5.937801253363342,9,0.36,1,0,366,84.26533333333333,6.174195199692162,-0.19697257285867245,0.007417586412945567,11554.0,14.36539865055945,6.545959643328288,-0.2428724155632732,4.012389023482302,-1.3524064592827494,2.6170714968582867,0.34573481457903577,0.10781566579471288,5|40|5|49|5|14|40|45|56|11|20,129,77
14,0.011293275681380277,-0.4481200583069143,-0.4790211150480427,5.942188207058208,5.945472856952722,5.937801253363342,13,0.52,3,3,391,82.12733333333334,5.942188207058208,-0.19547671483505358,0.0073577666730676805,11941.0,15.069445758549978,6.547837886529665,-0.3008436342727808,4.131123800922667,-1.3619651741844943,2.9828377190627493,0.36267925185203354,0.10816553045164393,5|40|5|49|5|10|40|49|56|12|22,131,77
15,0.011067410167752671,-0.39568883411223993,-0.4790211150480427,5.956716062772608,5.945472856952722,5.590534969561131,8,0.32,0,7,416,82.12733333333334,5.956716062772608,-0.194106363907326,0.007411676054502326,12107.0,17.36875820010013,6.560033299874108,-0.297213582042724,4.239896364795607,-1.3533508871829942,3.13972969034425,0.41801724698714615,0.11043719798796625,5|40|5|49|5|10|39|51|56|12|23,131,77
16,0.010846061964397618,-0.38606052001556257,-0.4790211150480427,5.960250040771356,5.945472856952722,5.590534969561131,6,0.24,0,9,441,82.12733333333334,5.960250040771356,-0.19375630829161808,0.0074885751194077674,12034.0,18.157935771405946,6.560078175148543,-0.2963305525738525,4.26768227426466,-1.3410630330542002,3.0707350282746746,0.43701053550787394,0.11044555700797126,5|40|5|50|5|10|42|51|53|12|21,130,77
17,0.010629140725109665,-0.3962727117365684,-0.4790211150480427,5.938015258049574,5.945472856952722,5.590534969561131,11,0.44,0,6,466,81.76333333333334,5.938015258049574,-0.19242758577514965,0.007554684011437438,12061.0,18.157935771405946,6.425972185064774,-0.30188632241289565,4.373150553861947,-1.3304993620540955,3.0962536019168465,0.43701053550787394,0.08546532751550659,5|42|5|48|5|9|43|49|55|11|21,132,78
18,0.010416557910607471,-0.4054640726557431,-0.4790211150480427,5.945781242041965,5.945472856952722,5.590534969561131,7,0.28,0,8,491,81.76333333333334,5.945781242041965,-0.1925541539544481,0.007562584905309463,11957.0,17.99723216303436,6.425973624858863,-0.2999458483288763,4.363104116056521,-1.3292368625489854,2.997959836776629,0.4331428508306814,0.08546559570924461,5|42|5|50|5|9|40|50|54|11|20,131,78
19,0.010208226752395322,-0.3887483038983973,-0.4790211150480427,5.964725938091729,5.945472856952722,5.590534969561131,6,0.24,0,12,516,81.76333333333334,5.964725938091729,-0.1924340085065455,0.007581830363071407,12057.0,17.99723216303436,6.436636822868425,-0.2952121672203126,4.372640745062714,-1.3261615926752695,3.0924730724883767,0.4331428508306814,0.08745185399074314,5|43|5|52|5|9|41|49|52|11|21,131,80
20,0.010004062217347415,-0.35580544460832286,-0.4790211150480427,6.011161265403232,5.945472856952722,5.590534969561131,14,0.56,0,3,541,82.24600000000002,6.011161265403232,-0.19124766888959013,0.007664178254097135,12269.0,17.83120686631637,6.401440463293678,-0.28360944574687047,4.466807282370249,-1.3130030598116746,3.2928411321972813,0.4291470880556617,0.08089574759365165,6|42|5|52|5|8|38|51|53|11|26,133,81
21,0.009803980973000467,-0.28787796142740363,-0.4790211150480427,6.0040253902896,5.945472856952722,5.590534969561131,11,0.44,0,6,566,82.24600000000002,6.0040253902896,-0.1902384299257567,0.007708563881596314,12880.0,18.616412943159254,6.390358184671898,-0.2853924755262736,4.546916331399516,-1.3059105923441499,3.870317002396058,0.44804479385466045,0.078831426208018,6|43|5|53|5|9|39|51|56|11|26,137,81
22,0.009607901353540458,-0.27624737911219016,-0.4790211150480427,6.020313810145477,5.945472856952722,5.590534969561131,11,0.44,0,8,591,82.24600000000002,6.020313810145477,-0.18787492020639654,0.007651834188985588,13108.0,17.828452473496135,6.390638163921896,-0.28132251393081814,4.734521569380225,-1.3149755424632328,4.0858071798188424,0.4290807975534524,0.07888357858326757,6|46|5|53|5|8|40|50|56|11|26,139,82
23,0.009415743326469649,-0.273580819258616,-0.4790211150480427,6.10287260938831,5.945472856952722,5.590534969561131,8,0.32,0,4,616,82.48933333333335,6.10287260938831,-0.1875760952386842,0.007669339620338264,12952.0,17.623610697044832,6.367533900798933,-0.26069367790753617,4.7582410103129344,-1.312178314861209,3.938366532108516,0.4241508310887436,0.07457989464860232,7|44|5|53|5|8|39|49|57|12|27,139,82
24,0.009227428459940255,-0.2527076292109861,-0.4790211150480427,6.130141195216781,5.945472856952722,5.590534969561131,12,0.48,0,2,641,82.48933333333335,6.130141195216781,-0.1871146652644506,0.007670411837751883,12964.0,18.543510133371413,6.386539505364202,-0.25388011968235236,4.794867337430794,-1.312006983113689,3.9497081203939257,0.4462902278981279,0.07812011207950822,7|45|5|54|5|9|40|47|56|13|27,139,85
25,0.00904287989074145,-0.2550578125398892,-0.4790211150480427,6.120628200160114,5.945472856952722,5.590534969561131,8,0.32,0,3,666,82.41600000000001,6.120628200160114,-0.1873039541947625,0.0076344403303349375,13000.0,18.45942177733852,6.392017526239112,-0.2562571166458989,4.779842396121101,-1.3177549416418686,3.983732885250155,0.44426645724696284,0.07914051555689415,6|43|5|54|5|9|40|47|57|13|29,139,86
26,0.008862022292926621,-0.23430327571138787,-0.4790211150480427,6.175395219036239,5.945472856952722,5.590534969561131,7,0.28,0,2,691,82.20666666666668,6.175395219036239,-0.18754784111633047,0.007483011480455951,13210.0,18.372104628384715,6.396006383619838,-0.24257256863598295,4.760483701047265,-1.3419520579591098,4.1822106802448245,0.4421649786150463,0.07988352914428878,6|43|5|56|5|8|39|47|57|14|30,140,86
27,0.008684781847068088,-0.2388165049799126,-0.4790211150480427,6.114189929391519,5.945472856952722,5.590534969561131,6,0.24,0,5,716,82.12133333333334,6.114189929391519,-0.1877345447559757,0.007414891806424936,13343.0,18.372104628384715,6.435220674270087,-0.2578658371357426,4.745663968993449,-1.3528370358040727,4.307913283741449,0.4421649786150463,0.08718806475239653,5|44|6|56|5|7|39|47|57|14|31,140,87
28,0.008511086210126726,-0.2271328267167683,-0.4790211150480427,6.162624699458933,5.945472856952722,5.590534969561131,12,0.48,0,5,741,82.17800000000001,6.162624699458933,-0.18713477587276,0.007209643778670086,13456.0,18.593763104816926,6.46348585268991,-0.24576351807696856,4.793271043822642,-1.3856340253172161,4.414713240095724,0.44749967583531297,0.09245308418315872,5|46|6|58|5|7|38|46|56|11|32,140,88
29,0.008340864485924191,-0.22577416363325903,-0.4790211150480427,6.176106506530491,5.945472856952722,5.590534969561131,9,0.36,0,4,766,82.17800000000001,6.176106506530491,-0.1880393067117373,0.007291388930385465,13444.0,17.908452713156066,6.472502575338883,-0.24239484035966458,4.7214732754795685,-1.372571805363698,4.403371651810313,0.43100617872093067,0.09413264973351589,5|45|6|59|5|8|37|45|57|11|32,139,88
30,0.008174047196205708,-0.2169855035315495,-0.4790211150480427,6.168978175368659,5.945472856952722,5.590534969561131,6,0.24,0,3,791,82.21933333333335,6.168978175368659,-0.18806358313758606,0.0072730416250318345,13570.0,17.908452713156066,6.473866313847432,-0.24417598514381486,4.71954631718895,-1.375503557682391,4.522458328807115,0.43100617872093067,0.09438667642456813,5|45|6|58|5|8|36|45|58|11|35,140,89
31,0.008010566252281593,-0.2682395205207141,-0.4790211150480427,5.947187861642946,5.945472856952722,5.590534969561131,11,0.44,0,1,816,82.522,5.947187861642946,-0.18890106008405025,0.007281419697896658,13698.0,17.381617012524167,6.44956893556602,-0.2995943785235753,4.653070998489053,-1.3741648087994243,4.643435270518152,0.41832672250100233,0.08986074820051378,5|46|5|57|5|8|38|46|59|8|33,139,90
32,0.007850354927235962,-0.2342671517944225,-0.4790211150480427,6.022722181191879,5.945472856952722,5.590534969561131,9,0.36,0,0,841,82.522,6.022722181191879,-0.1882589755508941,0.007217886729842234,13911.0,17.41067773493223,6.446280562115503,-0.2807207380831181,4.704036907645162,-1.3843168677975675,4.844748462584175,0.41902613250121784,0.08924821535690601,5|46|5|57|5|8|39|46|60|9|33,142,91
33,0.007693347828691243,-0.24188819015606686,-0.4790211150480427,6.005599150215667,5.945472856952722,5.590534969561131,5,0.2,0,6,866,82.522,6.005599150215667,-0.18837737549645367,0.007257767290904446,13853.0,17.41067773493223,6.435038276551245,-0.2849992426334435,4.694638829108968,-1.3779442738328749,4.789930785871361,0.41902613250121784,0.08715408911213811,5|46|5|56|5|8|40|45|60|9|34,142,91
34,0.007539480872117418,-0.28225373965762507,-0.4790211150480427,5.956908447719304,5.945472856952722,5.590534969561131,7,0.28,0,6,891,82.48066666666668,5.956908447719304,-0.18913159585149575,0.007312710703005438,13575.0,17.11508970672864,6.405432445782572,-0.2971655111216939,4.634772060616952,-1.369164757019954,4.527183990592703,0.411912158527459,0.08163934330209226,5|46|5|54|5|8|41|44|59|9|35,143,89
35,0.007388691254675069,-0.28798612520530714,-0.4790211150480427,5.960525473122887,5.945472856952722,5.590534969561131,10,0.4,0,3,916,82.58933333333334,5.960525473122887,-0.18942432392777475,0.0073832232390265455,13499.0,16.685169919546393,6.4063628268795,-0.29626173072969597,4.611536564708425,-1.3578974190107842,4.455353931451775,0.4015651962522753,0.08181264751693147,5|46|5|53|5|9|42|44|59|9|34,145,88
36,0.007240917429581568,-0.28903208941284714,-0.4790211150480427,5.939770836431753,5.945472856952722,5.590534969561131,11,0.44,0,6,941,82.48066666666668,5.939770836431753,-0.1893185346548296,0.007349256184090352,13612.0,16.40745618367633,6.401162856082794,-0.30144765883125274,4.619933662280783,-1.3633250821007568,4.5621538878060495,0.3948814063128052,0.08084403706355295,5|46|5|54|5|9|41|45|59|9|34,145,88
37,0.007096099080989936,-0.27747591742244154,-0.4790211150480427,5.961014355594268,5.945472856952722,5.4529231921283925,8,0.32,0,6,966,82.48066666666668,5.961014355594268,-0.18794546970007578,0.006975746049712717,13933.0,16.882724759338956,6.401507635759773,-0.29613957444315514,4.728921653948231,-1.423009007418994,4.865541374440759,0.4063197866097252,0.08090825996254424,5|46|5|56|5|8|44|44|58|9|35,145,91
38,0.006954177099370137,-0.3017350602358936,-0.4790211150480427,5.891100410558166,5.945472856952722,5.4529231921283925,7,0.28,0,4,991,82.51933333333335,5.891100410558166,-0.18642759820979526,0.007025797588411636,13812.0,16.882724759338956,6.408457974723418,-0.3136088608319794,4.849403765710097,-1.4150111727611832,4.7511803592295445,0.4063197866097252,0.0822029154977206,5|45|5|58|5|8|42|44|58|8|34,144,91
39,0.006815093557382734,-0.27566812970788795,-0.4790211150480427,5.97552420084643,5.945472856952722,5.4529231921283925,7,0.28,0,7,1016,82.51933333333335,5.97552420084643,-0.18559019419129716,0.007148631858433794,13714.0,16.7997467694462,6.466641047755476,-0.2925140224586884,4.91587329570165,-1.395383241083403,4.6585573882320315,0.40432273935419394,0.09304080958440362,5|44|5|58|5|9|42|45|58|9|32,145,90
40,0.006678791686235079,-0.31747304146458283,-0.4790211150480427,5.897821951382912,5.945472856952722,5.4529231921283925,5,0.2,0,4,1041,82.51933333333335,5.897821951382912,-0.1857775156990669,0.007282793566026863,13421.0,16.7997467694462,6.4084876978322,-0.31192936010317573,4.901004519933061,-1.373945275685505,4.381633607596612,0.40432273935419394,0.08220845208917446,5|45|5|57|5|9|42|44|57|9|31,145,89
41,0.0065452158525103775,-0.31063725571073464,-0.4790211150480427,5.915066025862777,5.945472856952722,5.4529231921283925,10,0.4,0,2,1066,82.51933333333335,5.915066025862777,-0.18475757183650973,0.007253923051842235,13437.0,17.01715679386694,6.416059821496533,-0.3076206106048687,4.981963277789915,-1.3785585524185866,4.396755725310491,0.409555188262098,0.08361892888265848,5|45|5|56|5|9|44|44|58|10|28,144,89
42,0.00641431153546017,-0.33453629104484284,-0.4790211150480427,5.935914566747957,5.945472856952722,5.4529231921283925,8,0.32,0,1,1091,82.51933333333335,5.935914566747957,-0.18472918221623597,0.007347251598768144,13015.0,17.01715679386694,6.45170206938533,-0.3024112188115111,4.984216723766471,-1.3636453987659634,3.997909870606917,0.409555188262098,0.0902580919158185,5|44|5|54|5|9|43|45|57|10|28,142,88
43,0.006286025304750966,-0.3288318140452089,-0.4790211150480427,5.941309747954436,5.945472856952722,5.4529231921283925,11,0.44,0,3,1116,82.51933333333335,5.941309747954436,-0.18500483148009622,0.007516171264937785,12922.0,16.988096071458877,6.451700172036933,-0.30106313345362,4.962336870545596,-1.3366533902164517,3.910012561394992,0.40885577826188246,0.09025773849239299,5|44|5|55|5|9|43|44|56|10|28,142,90
44,0.006160304798655947,-0.35717702619591596,-0.4790211150480427,5.935642051645019,5.945472856952722,5.4529231921283925,6,0.24,0,6,1141,82.51933333333335,5.935642051645019,-0.18503995973460105,0.007548866698616363,12603.0,17.03891088196753,6.45166763148791,-0.30247931172739595,4.9595485407611895,-1.331428922009796,3.6085153394745175,0.4100787480879509,0.09025167708990152,5|46|5|53|5|9|43|42|55|10|28,142,89
45,0.006037098702682828,-0.37890354155370615,-0.4790211150480427,5.939074896126892,5.945472856952722,5.4529231921283925,8,0.32,0,3,1166,82.51933333333335,5.939074896126892,-0.18373254740875386,0.007662407800313984,12254.0,17.14924147103094,6.451685796374205,-0.30162155232973664,5.063325309064843,-1.3132859641337995,3.278664146840519,0.4127340956129393,0.0902550607048175,5|46|6|53|5|9|41|41|54|10|28,141,87
46,0.005916356728629171,-0.36677171986368007,-0.4790211150480427,5.957640011114912,5.945472856952722,5.4529231921283925,9,0.36,0,3,1191,82.51933333333335,5.957640011114912,-0.18345704576054553,0.007661435889923138,12319.0,17.26834754821188,6.451621405458712,-0.2969827165381117,5.085193445190043,-1.313441267623168,3.340097750053155,0.4156006444996828,0.0902430664617174,5|49|6|53|5|9|40|39|54|11|28,142,87
47,0.0057980295940565875,-0.39580146874548566,-0.4790211150480427,5.917221159996289,5.945472856952722,5.4529231921283925,8,0.32,0,2,1216,82.51933333333335,5.917221159996289,-0.1831768091883842,0.007488629574497482,12290.0,17.21482214634146,6.432951576452643,-0.3070821106623293,5.107437419217558,-1.3410543315673902,3.312688911696748,0.4143124383495376,0.08676539471219032,5|50|6|52|5|7|39|40|53|11|30,141,88
48,0.005682069002175456,-0.41010636390811633,-0.4790211150480427,5.928101916094996,5.945472856952722,5.4529231921283925,3,0.12,0,8,1241,82.51933333333335,5.928101916094996,-0.18280363415296524,0.0075719576533172,12055.0,17.154822958768328,6.424913713883701,-0.3043633534198777,5.137058448805362,-1.3277391725517582,3.0905828077741417,0.41286842635271903,0.08526816366773324,6|49|6|51|5|7|39|40|52|11|31,141,88
49,0.005568427622131947,-0.40260351608334277,-0.4790211150480427,5.877093969951967,5.945472856952722,5.4529231921283925,7,0.28,0,6,1266,82.51933333333335,5.877093969951967,-0.18330246084694757,0.007555245090449658,12264.0,17.29906326042269,6.425927211641214,-0.3171086278972107,5.097463730886869,-1.3304097061256994,3.2881154704116935,0.41633988545805706,0.08545695021303935,5|50|6|50|5|7|40|42|52|10|31,140,89
50,0.0054570590696893075,-0.39152720928655205,-0.4790211150480427,5.906421830153142,5.945472856952722,5.4529231921283925,8,0.32,0,8,1291,82.51933333333335,5.906421830153142,-0.1834110430673723,0.007394510803016554,12457.0,17.209556965047042,6.419766922270901,-0.30978052205564854,5.088844941153789,-1.3560937567692575,3.4705260153353663,0.414185720217808,0.08430945902256914,6|49|6|51|5|6|40|44|52|11|31,142,89
51,0.005347917888295521,-0.3989025832522302,-0.4790211150480427,5.911569579911052,5.945472856952722,5.4529231921283925,3,0.12,0,11,1316,82.51933333333335,5.911569579911052,-0.18350266802805767,0.007370937590629689,12367.0,17.209556965047042,6.438320002873337,-0.30849426200076974,5.081572145779371,-1.3598605671396187,3.3854641031947934,0.414185720217808,0.0877653837799313,5|48|6|51|5|6|40|43|53|11|31,142,89
52,0.005240959530529611,-0.4272748361019777,-0.4790211150480427,5.884330156281297,5.945472856952722,5.4529231921283925,8,0.32,0,5,1341,82.47533333333334,5.884330156281297,-0.1845435084769597,0.00722132632147452,12345.0,16.58300083268334,6.438388441564077,-0.3153005335136843,4.998954706757766,-1.3837672486273978,3.3646711913382092,0.3991062731717849,0.0877781320113844,5|49|6|52|5|5|40|42|52|10|31,141,90
53,0.005136140339919018,-0.4239965009056923,-0.4790211150480427,5.896945765170757,5.945472856952722,5.4529231921283925,8,0.32,0,6,1366,82.47533333333334,5.896945765170757,-0.1843549182916859,0.007234496030575579,12319.0,16.58300083268334,6.454829214623116,-0.3121482913601973,5.013924184691072,-1.3816628346848947,3.340097750053155,0.3991062731717849,0.09084059241148877,5|49|6|50|5|5|39|41|54|10|33,142,90
54,0.005033417533120638,-0.4129325539386154,-0.4790211150480427,5.8314494829436665,5.945472856952722,5.4529231921283925,8,0.32,0,9,1391,82.43200000000002,5.8314494829436665,-0.18431729544910683,0.007250385525456735,12548.0,17.049881281114267,6.4429982569043025,-0.32851374336033073,5.0169105241496075,-1.3791238207772492,3.5565330598330567,0.4103427747959537,0.08863681285811463,5|48|5|50|5|5|39|41|55|11|36,144,91
55,0.004932749182458225,-0.4212419241942827,-0.4790211150480427,5.847286002509528,5.945472856952722,5.4529231921283925,6,0.24,0,11,1416,82.43200000000002,5.847286002509528,-0.18403940336139926,0.007147338685795631,12517.0,17.049881281114267,6.431150262876904,-0.32455669737250387,5.038968403082912,-1.39558987970457,3.527233956762415,0.4103427747959537,0.08642985991257586,5|47|5|49|5|5|40|41|57|11|34,144,90
56,0.00483409419880906,-0.4333185521632863,-0.4790211150480427,5.8224011464459835,5.945472856952722,5.4529231921283925,9,0.36,0,7,1441,82.43200000000002,5.8224011464459835,-0.18411357002714304,0.0072513311268547756,12367.0,17.09759092621175,6.425090306272306,-0.33077463682784786,5.033081372086964,-1.3789727212540313,3.3854641031947934,0.41149101200834515,0.0853010579358508,5|48|5|49|5|5|40|41|55|10|34,143,91
57,0.004737412314832878,-0.44875418449427723,-0.4790211150480427,5.825064391826213,5.945472856952722,5.4529231921283925,9,0.36,0,5,1466,82.43200000000002,5.825064391826213,-0.1839769849701576,0.00724186620910876,12175.0,17.28716770157093,6.43067746751664,-0.3301091759352189,5.0439229065686995,-1.3804851392365787,3.2039986906282385,0.4160535927533455,0.08634179123946892,5|47|5|51|5|5|40|40|53|10|34,143,90
58,0.0046426640685362204,-0.4492092567209638,-0.4790211150480427,5.835925083471045,5.945472856952722,5.4529231921283925,5,0.2,0,8,1491,82.43200000000002,5.835925083471045,-0.1837397593826667,0.007250437004363181,12088.0,17.589146924376717,6.438570936717701,-0.327395432165985,5.062752853588504,-1.3791155948606673,3.1217721755590184,0.42332138483786347,0.08781212580104253,5|47|5|50|5|5|40|41|53|10|33,143,89
59,0.004549810787165496,-0.455596244799509,-0.4790211150480427,5.831814458078114,5.945472856952722,5.4529231921283925,7,0.28,0,7,1516,82.43200000000002,5.831814458078114,-0.1834507590390789,0.007161307460913386,12105.0,17.644921743575118,6.433023401627303,-0.3284225476032444,5.085692458105965,-1.393357781418122,3.1378394256300153,0.424663728147841,0.08677877375174872,5|47|5|49|5|5|40|40|55|9|33,142,89
60,0.004458814571422186,-0.46674059373053634,-0.4790211150480427,5.813301084228467,5.945472856952722,5.4529231921283925,8,0.32,0,10,1541,82.39866666666668,5.813301084228467,-0.18357802614020996,0.007269694265730625,11939.0,17.644921743575118,6.438510897853149,-0.3330484549188142,5.075590542890963,-1.3760384388654134,2.9809474543485144,0.424663728147841,0.08780094222442497,5|47|5|50|5|5|38|40|54|9|33,141,89
61,0.004369638279993742,-0.4761449324339077,-0.4841711716919684,5.809578639443254,5.8078777204306915,5.4529231921283925,6,0.24,1,12,1566,82.39866666666668,5.809578639443254,-0.18353226083119656,0.007286550453632266,11857.0,17.47308244440951,6.43847837432956,-0.33397857628424266,5.079223196320899,-1.373344955162359,2.9034466010648816,0.42052803865675265,0.08779488399330011,5|49|5|50|5|5|38|41|53|9|29,141,88
62,0.004282245514393867,-0.4918897425027156,-0.4918897425027156,5.775756779459621,5.775756779459621,5.357747722068012,6,0.24,4,4,1591,82.43200000000002,5.775756779459621,-0.18338265199026244,0.007349960680105728,11744.0,17.430477606624404,6.425944749007452,-0.34242959071279055,5.091098502767729,-1.363212509284925,2.796646644710607,0.41950265982459406,0.08546021693835902,5|51|5|50|6|5|35|41|52|9|29,141,86
63,0.00419660060410599,-0.4875467859399394,-0.49208987591337255,5.745035772489865,5.748583027694031,5.357747722068012,7,0.28,1,2,1616,82.47533333333334,5.745035772489865,-0.18344056612234735,0.007480072868252584,11714.0,17.80520832079621,6.425405349433384,-0.3501057999244236,5.08650152800463,-1.3424216246325205,2.768292673997083,0.4285213760560586,0.0853597417460135,5|52|5|51|6|5|37|40|48|8|31,141,86
64,0.00411266859202387,-0.5114393270365228,-0.5114393270365228,5.723155387760694,5.723155387760694,5.357747722068012,9,0.36,5,3,1641,82.51933333333335,5.723155387760694,-0.18377686324909434,0.0075955695166098425,11529.0,17.03367214102906,6.415916660283274,-0.3555730169000092,5.059807708225173,-1.3239661860764897,2.59344318793035,0.4099526663013575,0.08359226191603454,6|51|5|51|6|6|36|39|48|7|32,141,86
65,0.004030415220183392,-0.5109648309572679,-0.5114393270365228,5.704483378438955,5.723155387760694,5.357747722068012,2,0.08,0,5,1666,82.51933333333335,5.704483378438955,-0.1843723490995586,0.007539791313316648,11609.0,17.14818093014804,6.422976055785994,-0.3602385622090005,5.012540602117932,-1.3328790958300192,2.669053776499748,0.4127085713713625,0.08490723166217244,5|52|5|51|6|6|36|38|48|7|33,141,86
66,0.003949806915779724,-0.5365284645774574,-0.5381297085398387,5.694819534849674,5.704368990853294,5.357747722068012,9,0.36,4,3,1691,82.51933333333335,5.694819534849674,-0.18456919487578516,0.007588930138135411,11327.0,17.113981885848464,6.422861497040937,-0.3626532514557706,4.99691583087541,-1.3250271055337028,2.40252645179262,0.41188549638908667,0.0848858925427184,5|50|6|51|6|6|35|39|47|7|33,140,86
67,0.0038708107774641292,-0.5408138193469755,-0.5408138193469755,5.692204731562387,5.692204731562387,5.357747722068012,3,0.12,1,1,1716,82.51933333333335,5.692204731562387,-0.18455412258637888,0.007593547107038071,11251.0,17.37837274237937,6.422867485688786,-0.36330660819958566,4.998112204394764,-1.3242893509138924,2.330696392651692,0.41824864202692424,0.08488700806185025,5|50|6|51|6|5|35|39|47|7|32,139,86
68,0.0037933945619148465,-0.5469248057839489,-0.5469248057839489,5.644851329927451,5.644851329927451,5.357747722068012,8,0.32,3,6,1741,82.51933333333335,5.644851329927451,-0.18538862903312694,0.007711362198419333,11291.0,16.592600899848023,6.444162235687542,-0.3751387274458755,4.931872671188619,-1.305463443747874,2.368501686936391,0.39933731983619464,0.08885362984825443,5|51|6|53|5|5|35|37|46|6|32,138,86
69,0.0037175266706765495,-0.5682241163548173,-0.5682241163548173,5.641238127462373,5.641238127462373,5.357747722068012,6,0.24,4,8,1766,82.51933333333335,5.641238127462373,-0.18477181169700277,0.007527079041781883,11254.0,16.592600899848023,6.420798479991654,-0.37604155260630184,4.980832978898091,-1.3349104149163682,2.3335317897230445,0.39933731983619464,0.08450160963853377,5|50|6|54|5|5|33|37|47|6|32,138,86
70,0.0036431761372630184,-0.5849941055633386,-0.602496140972905,5.651224852181607,5.633332398103961,5.357747722068012,9,0.36,4,4,1791,82.51933333333335,5.651224852181607,-0.18446142708894833,0.007505822572823408,11068.0,16.592600899848023,6.420931750091016,-0.3735461855644825,5.0054699743725015,-1.3383070282584957,2.1577371712991944,0.39933731983619464,0.08452643416474977,5|51|6|52|5|5|34|38|46|6|30,137,83
71,0.003570312614517758,-0.5580193284685591,-0.602496140972905,5.671949016375951,5.633332398103961,5.357747722068012,10,0.4,0,3,1816,82.51933333333335,5.671949016375951,-0.18524506511940658,0.007442515886648606,11266.0,17.219215551929544,6.427377853309723,-0.3683678715772935,4.943268157307559,-1.3484229292262107,2.344873378008454,0.41441817528753117,0.0857271645544574,5|51|5|53|5|6|34|38|47|6|30,138,83
72,0.0034989063622274026,-0.5718055576995017,-0.602496140972905,5.669513360617306,5.633332398103961,5.357747722068012,6,0.24,0,4,1841,82.51933333333335,5.669513360617306,-0.18509667409989597,0.007464165637605446,11103.0,17.260207925971514,6.427431619983414,-0.3689764650127002,4.955046798326656,-1.3449634725733959,2.190816803798306,0.4154047466443938,0.0857371797957379,5|51|5|51|5|6|34|39|46|6|31,138,82
73,0.0034289282349828543,-0.5746426454329995,-0.602496140972905,5.70307098159172,5.633332398103961,5.357747722068012,7,0.28,0,2,1866,82.51933333333335,5.70307098159172,-0.18547155481614552,0.007451176722350619,11043.0,16.909058048634392,6.424340178646804,-0.36059147556564586,4.92529037912927,-1.3470389971085621,2.1341088623712574,0.4069535549522041,0.08516132994739944,5|50|5|51|5|6|31|41|46|7|32,138,83
74,0.0033603496702831973,-0.5717506419989168,-0.602496140972905,5.722492584241419,5.633332398103961,5.357747722068012,5,0.2,0,6,1891,82.51933333333335,5.722492584241419,-0.18501766543364015,0.007371033702115796,11084.0,16.95550122493221,6.424429761782483,-0.3557386305625162,4.961318166501725,-1.3598452092945936,2.172859289013074,0.40807131181620604,0.08517801680297185,5|51|5|49|5|6|31|41|48|8|31,138,84
75,0.0032931426768775334,-0.5680365133807709,-0.602496140972905,5.790272762852741,5.633332398103961,5.357747722068012,5,0.2,0,3,1916,82.51933333333335,5.790272762852741,-0.183969767205303,0.007169965554324912,11106.0,17.022022298258943,6.424029951728217,-0.33880250500079295,5.044495821705094,-1.39197428749651,2.1936522008696584,0.4096722872928818,0.08510354326974098,5|51|5|49|5|5|31|40|49|9|31,138,83
76,0.0032272798233399826,-0.564958452698311,-0.602496140972905,5.787640266290711,5.633332398103961,5.357747722068012,5,0.2,0,4,1941,82.51933333333335,5.787640266290711,-0.1843906431449124,0.007243801057720359,11125.0,16.697619357672885,6.42343576959665,-0.3394602827350625,5.011088499465627,-1.3801759659386998,2.21160971565489,0.40186481927611034,0.08499286360511453,5|53|5|47|5|5|31|41|49|8|30,138,83
77,0.003162734226873183,-0.5741055414924211,-0.602496140972905,5.788280187611673,5.633332398103961,5.357747722068012,2,0.08,0,10,1966,82.51933333333335,5.788280187611673,-0.18431981484707452,0.0072349610589696805,11034.0,16.697619357672885,6.42343576959665,-0.33930038661109996,5.016710545172823,-1.381588526875307,2.1256026711572003,0.40186481927611034,0.08499286360511453,5|52|5|48|5|5|31|40|49|8|30,138,83
78,0.0030994795423357193,-0.5657714656362748,-0.602496140972905,5.80096652986502,5.633332398103961,5.357747722068012,3,0.12,0,10,1991,82.51933333333335,5.80096652986502,-0.18435828942045046,0.007265221831391713,11042.0,16.862439527698793,6.423510498660796,-0.3361304704243375,5.013656598986238,-1.3767530980205636,2.13316373001414,0.4058315780350518,0.08500678355880899,5|52|5|47|5|5|32|40|50|8|29,137,84
79,0.0030374899514890048,-0.5621223374903237,-0.602496140972905,5.80299286437259,5.633332398103961,5.357747722068012,3,0.12,0,9,2016,82.51933333333335,5.80299286437259,-0.18362023600138236,0.007189828340716431,11139.0,16.862439527698793,6.423496164969358,-0.33562415343973573,5.072240105621543,-1.3888003734564565,2.224841568654535,0.4058315780350518,0.08500411358932175,5|52|5|48|5|5|31|42|49|8|29,138,84
80,0.002976740152459225,-0.5675699916704956,-0.602496140972905,5.779150570237339,5.633332398103961,5.357747722068012,4,0.16,0,4,2041,82.51933333333335,5.779150570237339,-0.1840287209333558,0.007204543813670799,11131.0,16.862439527698793,6.4244644309612084,-0.34158158960215246,5.039816328284527,-1.3864489588414437,2.217280509797595,0.4058315780350518,0.08518447471018636,5|52|5|46|5|6|31|43|50|7|29,139,83
81,0.0029172053494100404,-0.5748348479505037,-0.602496140972905,5.777250731791397,5.633332398103961,5.357747722068012,6,0.24,0,7,2066,82.51933333333335,5.777250731791397,-0.18420905256393488,0.007224306261487862,11078.0,16.581519625829095,6.424685517354984,-0.3420562992167725,5.025502378909527,-1.3832910781012475,2.167188494870369,0.39907062468130006,0.0852256569784111,5|52|5|47|5|6|30|42|50|7|29,140,83
82,0.0028588612424218394,-0.6851322901651162,-0.6851322901651162,5.719624018003182,5.719624018003182,5.357747722068012,9,0.36,2,5,2091,82.51933333333335,5.719624018003182,-0.1814271235294837,0.006028004284046504,10747.0,19.207616877300794,6.4178554436341715,-0.3564553946517862,5.246319942839386,-1.5744505442256151,1.854349684664485,0.46227341274097733,0.08395340352508085,5|52|5|45|5|6|30|43|47|7|30,138,82
83,0.0028016840175734024,-0.7019989170728065,-0.7019989170728065,5.715357461290498,5.715357461290498,5.357747722068012,5,0.2,4,4,2116,82.51933333333335,5.715357461290498,-0.18167524781084343,0.00603847480266336,10571.0,19.207616877300794,6.41782567920375,-0.35752147240021737,5.2266249043667345,-1.5727774392850682,1.6880063898118094,0.46227341274097733,0.0839478592365507,5|52|5|45|5|6|29|42|46|7|31,138,81
84,0.0027456503372219345,-0.7797516818144816,-0.7872189393318161,5.718985323681267,5.719822681803353,5.357747722068012,7,0.28,6,4,2141,82.51933333333335,5.718985323681267,-0.1831559365198478,0.0059336972611230224,10350.0,15.10232371669047,6.417835536983182,-0.3566149841874459,5.109094201889525,-1.58952005049893,1.4791321388888476,0.36347053199941726,0.08394969546767161,5|51|5|43|5|5|30|41|47|7|31,136,80
85,0.002690737330477496,-0.7892485883941704,-0.7892485883941704,5.756637857755916,5.756637857755916,5.357747722068012,2,0.08,1,6,2166,82.51933333333335,5.756637857755916,-0.1828323986510445,0.005754497932442806,10301.0,15.10232371669047,6.418301212251032,-0.34720680530874937,5.134775246640653,-1.6181546667131579,1.4328206533900913,0.36347053199941726,0.08403643786488003,5|51|5|42|5|5|29|41|48|7|31,136,80
86,0.002636922583867946,-0.79806114050388,-0.80415537860749,5.7587330910517975,5.7587330910517975,5.357747722068012,5,0.2,3,1,2191,82.51933333333335,5.7587330910517975,-0.18267208887217476,0.00575576434839413,10216.0,14.985680178106513,6.418301212251032,-0.34668327269335686,5.14749994752474,-1.6179523035960592,1.352484403035106,0.3606632495031117,0.08403643786488003,5|50|5|41|5|5|27|42|48|7|33,136,80
87,0.0025841841321905873,-0.8131851874551859,-0.8131851874551859,5.716459567559147,5.716459567559147,5.357747722068012,6,0.24,3,6,2216,82.51933333333335,5.716459567559147,-0.18294956406618376,0.005772408713237414,10171.0,14.903324865537074,6.411355244625677,-0.3572460908575509,5.125475159820507,-1.6152926675197012,1.3099534469648195,0.3586811883425824,0.08274259658888473,5|51|5|39|5|5|26|42|48|7|34,136,79
88,0.0025325004495467753,-0.8304251370949958,-0.8380682964053383,5.7136981710491135,5.7136981710491135,5.357747722068012,7,0.28,6,2,2241,82.51933333333335,5.7136981710491135,-0.18320967443334019,0.005767727962897276,10052.0,14.494171587995401,6.4112980134138695,-0.3579360766170723,5.104828717399766,-1.6160406139019314,1.1974826964678402,0.3488340176523513,0.08273193600016532,5|48|5|41|5|5|26|43|48|7|33,135,78
89,0.00248185044055584,-0.8435003827331937,-0.8500155584839579,5.67277731030249,5.67277731030249,5.357747722068012,4,0.16,2,6,2266,82.55066666666669,5.67277731030249,-0.1835521317930276,0.005788145498381231,9999.0,14.494171587995401,6.416961841202112,-0.3681609070896027,5.077645924819673,-1.612778055403921,1.147390681540614,0.3488340176523513,0.0837869501562647,5|48|5|40|5|5|26|43|47|6|35,135,78
90,0.002432213431744723,-0.8437931901252763,-0.8500155584839579,5.717888857924767,5.67277731030249,5.357747722068012,5,0.2,0,5,2291,82.51933333333335,5.717888857924767,-0.1830068444022664,0.0057405411209116965,9898.0,14.633668252050796,6.418098146481731,-0.35688895634430157,5.120928493058626,-1.6203848533143634,1.051932313471749,0.3521913107184722,0.0839986123395919,5|47|5|40|5|5|26|44|48|7|32,134,78
91,0.002383569163109829,-0.855620029842631,-0.8644502183595401,5.721898176602495,5.717888857924767,5.357747722068012,4,0.16,3,6,2316,82.51933333333335,5.721898176602495,-0.1829428545537436,0.005724266907038634,9776.0,14.633668252050796,6.418121954741441,-0.3558871542550457,5.126007732065825,-1.6229853422329072,0.9366261659034172,0.3521913107184722,0.08400304715858087,5|47|5|38|5|5|26|44|49|7|31,133,79
92,0.002335897779847632,-0.8558462075732458,-0.8644502183595401,5.705494126873611,5.717888857924767,5.357747722068012,4,0.16,0,10,2341,82.51933333333335,5.705494126873611,-0.18318721394883664,0.005798948217356426,9754.0,14.633668252050796,6.417963369060975,-0.359986008103193,5.106611534075295,-1.6110518675091166,0.9158332540468328,0.3521913107184722,0.0839735070411724,5|47|5|41|5|5|27|44|47|7|29,133,79
93,0.0022891798242506796,-0.8726051785735657,-0.8785057312548068,5.72249354914595,5.678107066209806,5.357747722068012,7,0.28,4,5,2366,82.55066666666669,5.72249354914595,-0.1829806478169056,0.005582630379699658,9710.0,14.5860012922384,6.428791881383654,-0.3557383894633537,5.123007865354258,-1.6456177239060832,0.8742474303336639,0.35104410082105364,0.08599055879787282,5|45|6|42|5|6|27|43|49|6|28,133,77
94,0.002243396227765666,-0.8859044130630266,-0.8859044130630266,5.680563123485588,5.680563123485588,5.357747722068012,7,0.28,1,4,2391,82.55066666666669,5.680563123485588,-0.18321441720439557,0.005613682607695994,9650.0,14.5860012922384,6.432739864814033,-0.3662154783171999,5.104452256628209,-1.6406558267950817,0.8175394889066154,0.35104410082105364,0.08672595870105157,5|45|6|41|5|5|28|44|48|5|28,133,77
95,0.0021985283032103526,-0.8937435317866355,-0.8974431856855223,5.701215425695646,5.690116562892673,5.272641813018508,4,0.16,2,6,2416,82.55066666666669,5.701215425695646,-0.18329239294775587,0.005600215634329444,9527.0,14.526002104665269,6.43728820124245,-0.3610551203698727,5.0982628774308205,-1.6428077411842619,0.7012882089811661,0.34960008882423504,0.08757318773026818,5|43|6|41|5|6|27|44|49|5|28,133,77
96,0.0021545577371461454,-0.9137944665537783,-0.9144240545147734,5.690641736369563,5.694810762221313,5.272641813018508,6,0.24,3,6,2441,82.55066666666669,5.690641736369563,-0.1831052627093042,0.005638690633887572,9298.0,14.610837646271731,6.438788717092623,-0.36369715132562,5.113116471063437,-1.6366597446805717,0.4848528992012644,0.35164184213442806,0.08785269224957411,5|43|6|40|5|5|28|44|47|5|28,133,76
97,0.0021114665824032226,-0.9314557514749492,-0.9314557514749492,5.713692285347608,5.713692285347608,5.272641813018508,6,0.24,5,4,2466,82.48666666666668,5.713692285347608,-0.18269458720585882,0.005617172123491262,9026.0,15.032086220542599,6.427373370104212,-0.3579375472679582,5.145714126544021,-1.6400982301438727,0.22777689806531135,0.3617801126593153,0.08572632945751317,5|42|6|39|5|5|28|42|48|7|27,132,75
98,0.002069237250755158,-0.949124197907529,-0.9530902648689369,5.761290327145651,5.715897290751095,5.272641813018508,6,0.24,5,1,2491,82.51933333333335,5.761290327145651,-0.18244074762794027,0.005593930443663323,8773.0,14.70560656505068,6.428831413369466,-0.3460443001727203,5.165862820680648,-1.6438120642689695,-0.011341588285409694,0.3539226639451489,0.08599792251128531,5|42|6|38|5|5|26|41|48|8|27,130,75
99,0.002027852505740055,-0.9489260710219016,-0.9530902648689369,5.754233551372848,5.715897290751095,5.272641813018508,4,0.16,0,7,2516,82.51933333333335,5.754233551372848,-0.18236061665827605,0.005613312335250879,8783.0,14.70560656505068,6.423116386410001,-0.34780756552547865,5.172223272474158,-1.6407149933636103,-0.001890264714234949,0.3539226639451489,0.08493337136846248,5|40|6|39|5|5|26|41|49|8|27,130,75
100,0.0019872954556252537,-0.9700568550418724,-0.9714167088207428,5.7616574759891925,5.753638421427187,5.272641813018508,3,0.12,2,4,2541,82.51933333333335,5.7616574759891925,-0.18287620796258264,0.0055386048020160126,8778.0,13.330146957153818,6.423195152297425,-0.3459525612743955,5.131297851879142,-1.6526526582993397,-0.006615926499822321,0.32081921279388864,0.08494804327046178,5|40|6|39|5|5|25|41|50|8|26,130,75
101,0.0019475495465127485,-0.9670336034069065,-0.9714167088207428,5.792673583164356,5.753638421427187,5.272641813018508,1,0.04,0,10,2566,82.49133333333334,5.792673583164356,-0.18281819885436199,0.005540141405010958,8699.0,13.330146957153818,6.45129469887787,-0.3382026158432,5.13590236543948,-1.6524071214585605,-0.0812813827121028,0.32081921279388864,0.0901822100796793,5|39|6|39|5|5|25|41|50|8|26,130,74
102,0.0019085985555824935,-0.9723434150768006,-0.9723434150768006,5.8060876641071415,5.8060876641071415,5.272641813018508,7,0.28,1,3,2591,82.49133333333334,5.8060876641071415,-0.18297816097660125,0.005530915837658772,8673.0,12.826209592485952,6.4577051210085745,-0.3348508607461104,5.12320526004373,-1.6538812931668692,-0.10585482399715714,0.3086908552334037,0.09137629407151698,5|38|6|38|5|5|23|41|50|8|30,131,74
103,0.0018704265844708436,-0.9779384796277283,-0.9814141678648448,5.804165050872721,5.802650764562415,5.272641813018508,4,0.16,3,8,2616,82.51933333333335,5.804165050872721,-0.18303098823395142,0.00553631435159377,8590.0,13.009766188911598,6.4586689652178375,-0.3353312610609501,5.119012059522545,-1.653018653915962,-0.18430080963790751,0.3131085471731612,0.09155583153682582,5|39|6|38|5|5|23|39|50|8|30,130,74
104,0.0018330180527814266,-0.9959132051550587,-0.9959132051550587,5.800484702608326,5.800484702608326,5.272641813018508,3,0.12,3,12,2641,82.51933333333335,5.800484702608326,-0.1841490870309806,0.005589991862424879,8378.0,12.901159025777956,6.4586689652178375,-0.33625086383559166,5.030262185052222,-1.6444414179781714,-0.3846688693468121,0.3104946776717741,0.09155583153682582,5|39|7|38|5|5|23|36|50|8|30,129,74
105,0.0017963576917257981,-1.0045427724226128,-1.0045427724226128,5.760593120877504,5.760593120877504,5.272641813018508,4,0.16,2,6,2666,82.51933333333335,5.760593120877504,-0.18452633534856314,0.005749746350409113,8274.0,12.901159025777956,6.441529669929759,-0.3462185099954396,5.000317835842161,-1.6189139314322127,-0.4829626344870295,0.3104946776717741,0.08836325580349813,5|40|7|36|5|5|24|36|49|9|30,129,74
106,0.0017604305378912822,-1.0114700539252595,-1.0114700539252595,5.718000195733977,5.718000195733977,5.272641813018508,6,0.24,3,7,2691,82.51933333333335,5.718000195733977,-0.18458032849270437,0.005719959654793014,8344.0,12.872098303369892,6.439693230737309,-0.3568611365427728,4.9960320922410375,-1.6236736066136923,-0.41680336948880625,0.3097952676715585,0.08802117807492174,5|41|7|35|5|5|25|35|50|8|30,129,74
107,0.0017252219271334565,-1.0203294383522712,-1.0203294383522712,5.7139106527812205,5.7139106527812205,5.272641813018508,1,0.04,1,4,2716,82.51933333333335,5.7139106527812205,-0.1846164706315282,0.005739011437457977,8245.0,12.872098303369892,6.43966222705925,-0.35788298414419506,4.993163284679285,-1.6206292844679233,-0.5103714728434362,0.3097952676715585,0.08801540294889976,5|41|7|35|5|5|25|35|49|8|30,129,73
108,0.0016907174885907874,-1.026906870013434,-1.026906870013434,5.718125516585791,5.718125516585791,5.272641813018508,3,0.12,2,4,2741,82.51933333333335,5.718125516585791,-0.18472939073144287,0.0057559358152694026,8150.0,12.872098303369892,6.439619004911636,-0.35682982282060066,4.984200172726001,-1.6179249045639141,-0.6001590467695963,0.3097952676715585,0.08800735186060848,5|40|7|36|5|5|24|35|48|8|31,129,73
109,0.0016569031388189717,-1.020802631867588,-1.026906870013434,5.709683387333083,5.718125516585791,5.272641813018508,3,0.12,0,5,2766,82.45066666666666,5.709683387333083,-0.18609604536567045,0.005704957208913606,8280.0,12.872098303369892,6.439618202305579,-0.3589392442467677,4.8757210047363255,-1.6260708772016765,-0.4772918403443246,0.3097952676715585,0.08800720235734254,5|41|5|37|5|5|24|35|48|8|31,129,73
110,0.0016237650760425922,-1.033160606632243,-1.033160606632243,5.697889902240705,5.697889902240705,5.272641813018508,3,0.12,1,5,2791,82.45066666666666,5.697889902240705,-0.1862926402857056,0.005684052685684985,8241.0,12.542147258967212,6.438711423101815,-0.3618860636330102,4.860116145379547,-1.629411252437463,-0.5141520022719062,0.3018542723722546,0.08783829452112393,5|41|5|35|5|5|25|36|48|7|31,129,72
111,0.0015912897745217404,-1.0388421257582006,-1.0388421257582006,5.697609170544393,5.697609170544393,5.272641813018508,5,0.2,1,5,2816,82.63066666666667,5.697609170544393,-0.18456936229896972,0.005463347542505431,8342.0,12.813453071551193,6.430244911575164,-0.3619562096160293,4.996902541542971,-1.6646781650871783,-0.4186936342030412,0.3083838415885105,0.08626121805493295,5|40|5|36|5|5|24|36|49|7|32,130,72
112,0.0015594639790313055,-1.038980561087068,-1.0407190490751357,5.694297187314936,5.694159199533605,5.272641813018508,2,0.08,1,10,2841,82.63066666666667,5.694297187314936,-0.1845945651331016,0.005479034681305335,8336.0,12.813453071551193,6.430275668269582,-0.3627837696045336,4.994902048946571,-1.6621714860591768,-0.42436442834574606,0.3083838415885105,0.08626694717474714,5|41|5|37|5|5|24|36|48|7|31,130,72
113,0.0015282746994506795,-1.0486272682902829,-1.0534225707436378,5.6666319545921295,5.652692969195791,5.272641813018508,6,0.24,3,3,2866,82.73066666666666,5.6666319545921295,-0.18501603010556486,0.00565559751794767,8120.0,13.042572137105338,6.4390480969499,-0.369696437359137,4.9614479718121185,-1.6339581601377902,-0.6285130174831205,0.31389809424329496,0.08790100752882789,5|39|5|36|5|5|25|36|47|7|32,129,72
114,0.001497709205461666,-1.0610190908053931,-1.0610190908053931,5.668489621118826,5.668489621118826,5.272641813018508,3,0.12,2,4,2891,82.73066666666666,5.668489621118826,-0.18487229365035532,0.005658313891529306,7974.0,13.102895779195368,6.4390480969499,-0.36923226517498925,4.972857153532509,-1.6335241054146084,-0.7665023416222718,0.3153499149494273,0.08790100752882789,5|39|5|35|5|5|25|34|47|7|33,128,72
115,0.0014677550213524327,-1.067848201850821,-1.067848201850821,5.654006677446797,5.654006677446797,5.272641813018508,3,0.12,3,1,2916,82.73066666666666,5.654006677446797,-0.18490661210593418,0.005666583552991046,7942.0,13.102895779195368,6.429958498156976,-0.3728510953043609,4.9701331021045565,-1.6322026798048,-0.7967465770500309,0.3153499149494273,0.08620786717245872,5|40|5|33|5|5|26|34|46|7|34,128,72
116,0.001438399920925384,-1.0771157780405785,-1.0771157780405785,5.643448987123125,5.643448987123125,5.272641813018508,3,0.12,2,6,2941,82.73066666666666,5.643448987123125,-0.18458571668607612,0.005765092769025485,7772.0,13.102895779195368,6.446785646117911,-0.37548912861479006,4.995604400621445,-1.6164616967582377,-0.9574190777600017,0.3153499149494273,0.08934229850923385,5|40|5|32|5|5|27|33|45|7|34,127,72
117,0.0014096319225068764,-1.0853845400843016,-1.0853845400843016,5.647904002753637,5.647904002753637,5.272641813018508,5,0.2,3,1,2966,82.73066666666666,5.647904002753637,-0.18442435303589508,0.0057266679062612765,7705.0,13.102895779195368,6.447005212789678,-0.37437596093592546,5.008412753278376,-1.6226016818041693,-1.0207429456868724,0.3153499149494273,0.08938319769536421,5|40|5|33|5|5|27|33|45|7|32,128,71
118,0.0013814392840567388,-1.093307629629011,-1.093307629629011,5.671003185195332,5.671003185195332,5.272641813018508,3,0.12,2,7,2991,82.73066666666666,5.671003185195332,-0.18431695598567088,0.005749077948754258,7515.0,13.147231683886922,6.467820722140891,-0.36860420491195495,5.016937469297395,-1.6190207366585756,-1.2003180935391926,0.31641695570204376,0.0932605502302587,5|38|5|33|5|5|28|33|44|7|32,128,69
119,0.001353810498375604,-1.1050140787681606,-1.1050140787681606,5.671691763372584,5.671691763372584,5.272641813018508,4,0.16,3,6,3016,82.73066666666666,5.671691763372584,-0.18428093221542732,0.005751821404232738,7387.0,13.147231683886922,6.467820722140891,-0.368432150976602,5.019796881270254,-1.618582354465374,-1.3212950352502293,0.31641695570204376,0.0932605502302587,5|38|5|34|5|5|29|31|44|7|30,127,68
120,0.0013267342884080919,-1.1105528434251808,-1.1105528434251808,5.675970794158065,5.675970794158065,5.272641813018508,4,0.16,3,7,3041,82.73066666666666,5.675970794158065,-0.18404352871910137,0.00573188341858498,7334.0,13.147231683886922,6.46775852662721,-0.36736295635141575,5.038640949928342,-1.6217682847437578,-1.3713870501774554,0.31641695570204376,0.09324896492967538,5|37|5|33|5|5|29|31|45|7|30,127,68
121,0.00130019960263993,-1.1184802969023904,-1.1184802969023904,5.6635832410854485,5.6635832410854485,5.272641813018508,2,0.08,2,11,3066,82.73066666666666,5.6635832410854485,-0.1841583977728295,0.005791064031852807,7233.0,13.147231683886922,6.467601205769832,-0.3704582145602116,5.0295231384022205,-1.6123116971508937,-1.4668454182463204,0.31641695570204376,0.09321966041375636,5|38|5|33|5|5|29|31|43|7|30,127,68
122,0.0012741956105871315,-1.1322681924958566,-1.1322681924958566,5.656355924947976,5.656355924947976,5.272641813018508,4,0.16,4,7,3091,82.73066666666666,5.656355924947976,-0.18420903195614924,0.00581860652673807,7083.0,13.147231683886922,6.467541431109746,-0.37226409256298904,5.025504014666934,-1.6079106272560995,-1.6086152718139415,0.31641695570204376,0.09320852605110884,5|38|5|32|5|5|29|31|42|7|30,127,67
123,0.0012487116983753888,-1.1456242116346378,-1.1456242116346378,5.653128141977941,5.653128141977941,5.272641813018508,5,0.2,4,2,3116,82.73066666666666,5.653128141977941,-0.18453084014652557,0.0058124107579182495,6971.0,13.024935791361788,6.467569999534861,-0.37307061356642235,4.999960264351392,-1.608900661446597,-1.7144700958110988,0.31347363691539054,0.09321384755699515,5|38|5|32|5|5|27|31|42|7|30,127,66
124,0.001223737464407881,-1.1532565002874078,-1.1532565002874078,5.650672853488238,5.650672853488238,5.272641813018508,2,0.08,2,5,3141,82.73066666666666,5.650672853488238,-0.18457010058452064,0.005825133977229701,6886.0,13.024935791361788,6.467551759471144,-0.37368411260115236,4.996843939610708,-1.6068675929932938,-1.7948063461660841,0.31347363691539054,0.09321044993860891,5|38|5|31|5|5|27|31|41|7|31,127,65
125,0.0011992627151197234,-1.153832377220526,-1.154365817081208,5.618920498146379,5.625202471522524,5.272641813018508,3,0.12,1,6,3166,82.762,5.618920498146379,-0.18475496278229092,0.0058158260490297434,7013.0,12.864845666666652,6.446346015683833,-0.38161802319223975,4.982170373294374,-1.6083549253048506,-1.6747745368121647,0.3096207170679311,0.08926040754278046,5|39|5|32|5|5|27|31|41|6|31,127,66
126,0.001175277460817329,-1.1597079412011113,-1.1597079412011113,5.617399726157631,5.617399726157631,5.272641813018508,2,0.08,2,6,3191,82.762,5.617399726157631,-0.18482866795339373,0.005814470328155904,6956.0,12.864845666666652,6.446346015683833,-0.3819980160733429,4.976319973758511,-1.6085715586326756,-1.728647081167861,0.3096207170679311,0.08926040754278046,5|39|5|33|5|5|27|30|41|6|30,127,65
127,0.0011517719116009824,-1.1652169609826533,-1.1652169609826533,5.617407877037946,5.617407877037946,5.272641813018508,1,0.04,1,6,3216,82.762,5.617407877037946,-0.18478112682618983,0.005802274208023916,6908.0,12.864845666666652,6.446346015683833,-0.38199597942582597,4.980093584000052,-1.6105204008624658,-1.7740134343094995,0.3096207170679311,0.08926040754278046,5|39|6|33|5|5|27|30|41|6|29,127,65
128,0.0011287364733689627,-1.1747860974063986,-1.1747860974063986,5.61680844553212,5.61680844553212,5.272641813018508,2,0.08,2,7,3241,82.762,5.61680844553212,-0.18483797211988018,0.005810031356351993,6807.0,12.82385329262468,6.446346015683833,-0.38214575842399795,4.975581449032505,-1.609280870742977,-1.8694718023783645,0.3086341457110684,0.08926040754278046,5|39|6|33|5|6|26|29|41|6|29,126,65
129,0.0011061617439015834,-1.1896205826684239,-1.1896205826684239,5.612325157627235,5.612325157627235,5.272641813018508,3,0.12,3,4,3266,82.762,5.612325157627235,-0.18511960028439803,0.005803986226524529,6667.0,12.82385329262468,6.446352258247562,-0.38326599045115006,4.953227016387843,-1.610246834030058,-2.001790332374811,0.3086341457110684,0.08926157035940391,5|38|6|32|5|6|26|28|41|6|30,125,64
130,0.0010840385090235517,-1.203582564226316,-1.203582564226316,5.623432150521098,5.623432150521098,5.272641813018508,4,0.16,4,4,3291,82.762,5.623432150521098,-0.18475014359259384,0.005745826543434987,6539.0,12.82385329262468,6.4464290437903555,-0.380490703780067,4.982552899849094,-1.6195402851644762,-2.122767274085848,0.3086341457110684,0.08927587337807955,5|37|6|32|5|5|26|27|41|7|30,125,63
131,0.0010623577388430806,-1.2076358322993948,-1.2076358322993948,5.634925144594599,5.634925144594599,5.272641813018508,3,0.12,2,5,3316,82.762,5.634925144594599,-0.18451761682059892,0.005745540176018263,6423.0,13.090166758380718,6.455627427475505,-0.3776189676073853,5.001009875100629,-1.6195860443820724,-2.232402627511475,0.31504356315521836,0.09098927734513022,5|36|6|32|5|5|25|26|41|7|31,123,63
132,0.001041110584066219,-1.2125938963572804,-1.2149873934628954,5.64135764476135,5.632378008595409,5.272641813018508,2,0.08,1,4,3341,82.762,5.64135764476135,-0.18450215272622314,0.005738215780892946,6360.0,13.090166758380718,6.455350209712269,-0.3760116890086579,5.002237348413626,-1.6207564240088237,-2.2919459660098758,0.31504356315521836,0.09093763935833554,5|36|6|31|5|5|25|26|41|7|31,122,63
133,0.0010202883723848947,-1.2276243331856977,-1.2276243331856977,5.627900195917247,5.627900195917247,5.272641813018508,3,0.12,3,2,3366,82.762,5.627900195917247,-0.18471942090130852,0.005766393360423325,6232.0,13.022699077328351,6.444510721577746,-0.3793742803743603,4.984991534969897,-1.616253872678745,-2.4129229077209122,0.3134198054881933,0.08891854311205981,5|36|6|32|5|5|24|26|40|7|30,120,63
134,0.0009998826049371968,-1.226084203943691,-1.2276243331856977,5.627900195917247,5.627900195917247,5.272641813018508,1,0.04,0,8,3391,82.762,5.627900195917247,-0.18505806405224767,0.005764376876278917,6250.0,13.022699077328351,6.444510721577746,-0.3793742803743603,4.958111497878416,-1.616576090680355,-2.395910525292798,0.3134198054881933,0.08891854311205981,5|36|6|33|5|5|23|26|40|7|30,120,63
135,0.0009798849528384528,-1.2292314938588302,-1.2327282540999804,5.61464214897969,5.628727475020776,5.272641813018508,4,0.16,2,5,3416,82.762,5.61464214897969,-0.18534126767328524,0.0057376818364213485,6300.0,12.89115715368489,6.435444042905037,-0.3826870475024213,4.935632012269982,-1.6208417440551457,-2.348653907436924,0.31025396069080785,0.08722967213890469,5|37|6|33|5|5|23|23|40|7|32,119,64
136,0.0009602872537816837,-1.2438726285359738,-1.2438726285359738,5.6038965043139,5.6038965043139,5.272641813018508,4,0.16,3,2,3441,82.762,5.6038965043139,-0.1851503033052852,0.005753351207304819,6160.0,12.89115715368489,6.435699535093421,-0.3853720446657525,4.950789942618659,-1.6183379041977584,-2.4809724374333704,0.31025396069080785,0.08727726325318202,5|37|6|33|5|5|24|22|39|7|31,117,64
137,0.00094108150870605,-1.2574353314366784,-1.257662196218508,5.617310021966961,5.606705374766941,5.272641813018508,5,0.2,3,1,3466,82.762,5.617310021966961,-0.184992539266739,0.005707724864028182,6009.0,12.89115715368489,6.446463812590574,-0.3820204303169715,4.963312573583033,-1.6256286281006171,-2.6236874233581093,0.31025396069080785,0.08928234984201745,5|36|6|32|5|5|22|22|40|7|31,117,62
138,0.000922259878531929,-1.2769477634281194,-1.2769477634281194,5.609869254562241,5.609869254562241,5.272641813018508,3,0.12,3,3,3491,82.762,5.609869254562241,-0.1852242570815238,0.005761562525434472,5863.0,12.2745154789868,6.438569098111714,-0.38387964304883154,4.9449198098761675,-1.617025801384722,-2.7616767474972606,0.29541312680589876,0.08781178331970009,5|35|6|33|5|5|22|22|39|7|30,116,61
139,0.0009038146809612904,-1.2769477634281194,-1.2769477634281194,5.609869254562241,5.609869254562241,5.272641813018508,0,0.0,0,2,3516,82.762,5.609869254562241,-0.1852242570815238,0.005761562525434472,5863.0,12.2745154789868,6.438569098111714,-0.38387964304883154,4.9449198098761675,-1.617025801384722,-2.7616767474972606,0.29541312680589876,0.08781178331970009,5|35|6|33|5|5|22|22|39|7|30,116,61
140,0.0008857383873420645,-1.2769477634281194,-1.2769477634281194,5.609869254562241,5.609869254562241,5.272641813018508,0,0.0,0,5,3541,82.762,5.609869254562241,-0.1852242570815238,0.005761562525434472,5863.0,12.2745154789868,6.438569098111714,-0.38387964304883154,4.9449198098761675,-1.617025801384722,-2.7616767474972606,0.29541312680589876,0.08781178331970009,5|35|6|33|5|5|22|22|39|7|30,116,61
141,0.0008680236195952232,-1.2803872791623858,-1.2807233851547384,5.5861032849464065,5.573398068603203,5.272641813018508,5,0.2,3,4,3566,82.762,5.5861032849464065,-0.18532772855106405,0.005901818427569846,5786.0,12.16000668986782,6.438015463528626,-0.38981800812482215,4.9367066895710945,-1.5946140325516271,-2.834451938995306,0.2926572217358937,0.08770865653966699,5|34|6|34|5|5|23|21|38|7|30,116,60
142,0.0008506631472033187,-1.288219906024979,-1.289034369957439,5.593123018146471,5.588242338036819,5.272641813018508,5,0.2,4,6,3591,82.762,5.593123018146471,-0.18524292962845423,0.0058869876026448635,5691.0,12.16000668986782,6.444211172214407,-0.38806399854087226,4.943437663396339,-1.5969838794868527,-2.924239512921466,0.2926572217358937,0.08886274536703848,5|34|6|32|5|5|25|21|38|7|29,116,60
143,0.0008336498842592524,-1.2951091405852617,-1.2951091405852617,5.594623726797227,5.594623726797227,5.272641813018508,4,0.16,3,2,3616,82.762,5.594623726797227,-0.18459900305249582,0.005826552323694092,5665.0,12.130945967459759,6.448198576277053,-0.387689018854163,4.994549785988956,-1.606640952598122,-2.9488129542065202,0.2919578117356782,0.08960548824155037,5|33|5|33|5|5|25|21|38|6|29,115,60
144,0.0008169768865740674,-1.3151526154100128,-1.3151526154100128,5.587895300301782,5.587895300301782,5.272641813018508,5,0.2,5,5,3641,82.762,5.587895300301782,-0.184285581322567,0.005865018654664617,5547.0,11.324776870428423,6.441950904922824,-0.38937024009456633,5.019427855137552,-1.600494341265241,-3.0603385723463825,0.27255558489454396,0.08844172020908102,5|33|6|31|5|5|26|24|37|6|27,115,60
145,0.000800637348842586,-1.3102438887398982,-1.3151526154100128,5.587486488172306,5.587895300301782,5.272641813018508,1,0.04,0,4,3666,82.762,5.587486488172306,-0.18430378470759418,0.005873399919245278,5585.0,11.386940857264248,6.441969020177807,-0.389472389331966,5.0179829487121195,-1.599155082371669,-3.0244235427759185,0.27405169753192915,0.08844509457905891,5|33|6|31|5|5|26|25|37|5|27,115,60
146,0.0007846246018657343,-1.3183072161864897,-1.3201253308380154,5.576273703713918,5.575699957058402,5.272641813018508,3,0.12,1,5,3691,82.762,5.576273703713918,-0.18473089134596174,0.0058860450170847905,5546.0,11.203384260838602,6.437920782164093,-0.39227410997322854,4.984081060398422,-1.5971344971033392,-3.0612837047035,0.26963400559217165,0.08769102002534553,5|34|6|32|5|5|26|23|36|5|27,115,59
147,0.0007689321098284195,-1.3324432059333646,-1.3324432059333646,5.575086019627465,5.575086019627465,5.272641813018508,3,0.12,3,10,3716,82.762,5.575086019627465,-0.1848997704614203,0.005884357750559194,5401.0,11.203384260838602,6.437920782164093,-0.39257087470929064,4.9706761624256925,-1.597404108768558,-3.1983278964855337,0.26963400559217165,0.08769102002534553,5|34|6|32|5|5|24|22|36|5|27,115,57
148,0.0007535534676318511,-1.342086715890394,-1.342086715890394,5.575086019627465,5.575086019627465,5.272641813018508,3,0.12,2,3,3741,82.762,5.575086019627465,-0.18486766170197377,0.005886684107021454,5297.0,11.203384260838602,6.437920782164093,-0.39257087470929064,4.973224817676775,-1.5970323756545732,-3.296621661625751,0.26963400559217165,0.08769102002534553,5|34|6|32|5|5|24|22|36|5|25,114,57
149,0.0007384823982792141,-1.3422911285309589,-1.3422911285309589,5.576458216303608,5.576458216303608,5.272641813018508,2,0.08,2,7,3766,82.762,5.576458216303608,-0.18485062971348035,0.005879821078524931,5297.0,11.203384260838602,6.437932026183822,-0.3922280061055385,4.974576743682588,-1.5981290325924793,-3.296621661625751,0.26963400559217165,0.08769311447461722,5|34|6|32|5|5|24|22|36|5|25,114,57
150,0.0007237127503136299,-1.3575619155597285,-1.3575619155597285,5.5887127460048935,5.5887127460048935,5.272641813018508,3,0.12,3,5,3791,82.762,5.5887127460048935,-0.1853217361522048,0.005754329103474726,5264.0,10.777346495570232,6.437279241488214,-0.3891659862352312,4.937182340424086,-1.6181816442288797,-3.327811029410628,0.259380472685656,0.08757151877635434,5|34|6|31|5|5|24|21|37|5|25,114,57
151,0.0007092384953073573,-1.3964387072218134,-1.3964387072218134,5.597845036119187,5.597845036119187,5.272641813018508,4,0.16,4,3,3816,82.762,5.597845036119187,-0.18408282276274096,0.0052921584789741285,5223.0,10.777346495570232,6.43343498348638,-0.38688411541089074,5.035521957716106,-1.692032805142998,-3.366561456052444,0.259380472685656,0.08685544004598553,5|34|6|29|5|5|23|21|38|5|26,113,58
152,0.0006950537254012101,-1.4024302559328834,-1.4032662692238034,5.593891667026677,5.593891667026677,5.272641813018508,2,0.08,1,7,3841,82.762,5.593891667026677,-0.18403842070506118,0.005308818508325727,5156.0,10.777346495570232,6.433409113479041,-0.38787193746616355,5.039046402117418,-1.6893706660037826,-3.429885323979315,0.259380472685656,0.08685062118055009,5|34|6|30|5|5|23|21|37|5|25,112,58
153,0.0006811526508931859,-1.4024302559328834,-1.4032662692238034,5.593891667026677,5.593891667026677,5.272641813018508,0,0.0,0,6,3866,82.762,5.593891667026677,-0.18403842070506118,0.005308818508325727,5156.0,10.777346495570232,6.433409113479041,-0.38787193746616355,5.039046402117418,-1.6893706660037826,-3.429885323979315,0.259380472685656,0.08685062118055009,5|34|6|30|5|5|23|21|37|5|25,112,58
154,0.0006675295978753222,-1.4191841507662777,-1.4191841507662777,5.599621451484635,5.599621451484635,5.272641813018508,3,0.12,3,4,3891,82.71133333333334,5.599621451484635,-0.1843787560576823,0.005295804855121692,5003.0,10.692510953963765,6.41553800070983,-0.3864402453253377,5.012032045333212,-1.6914501434649263,-3.5744905746182885,0.2573387193754629,0.08352172813124069,5|33|6|30|5|5|22|20|37|5|25,110,57
155,0.0006541790059178158,-1.4270418617228706,-1.4270418617228706,5.596874123675622,5.596874123675622,5.272641813018508,4,0.16,3,3,3916,82.71133333333334,5.596874123675622,-0.1843431500190633,0.005305413478435433,4919.0,10.692510953963765,6.415539941831593,-0.38712671576088314,5.014858299566041,-1.689914762484638,-3.653881692616156,0.2573387193754629,0.08352208970843109,5|33|6|30|5|5|20|20|37|5|25,109,56
156,0.0006410954257994594,-1.431376199256679,-1.431376199256679,5.599557886800199,5.599557886800199,5.272641813018508,1,0.04,1,4,3941,82.71133333333334,5.599557886800199,-0.18433858045003515,0.005305393308529555,4860.0,10.692510953963765,6.421691874014231,-0.38645612813206615,5.015221012305477,-1.68991798547391,-3.7096445016860873,0.2573387193754629,0.08466802418643894,5|33|6|29|5|5|20|20|37|5|25,108,56
157,0.0006282735172834702,-1.4350654738356374,-1.4350654738356374,5.598724309298398,5.598724309298398,5.272641813018508,3,0.12,1,10,3966,82.71133333333334,5.598724309298398,-0.18433497190301606,0.00530795947355552,4821.0,10.692510953963765,6.421691874014231,-0.3866644128183147,5.015507443250412,-1.6895079328738132,-3.7465046636136687,0.2573387193754629,0.08466802418643894,5|33|6|29|5|5|19|20|37|5|25,108,55
158,0.0006157080469378008,-1.4359882987096655,-1.4359882987096655,5.598945759404738,5.598945759404738,5.272641813018508,1,0.04,1,7,3991,82.71133333333334,5.598945759404738,-0.18436650578834116,0.005307546112353802,4811.0,10.692510953963765,6.421691874014231,-0.3866090794320141,5.013004419035021,-1.6895739846802358,-3.755955987184844,0.2573387193754629,0.08466802418643894,5|33|6|29|5|5|20|20|37|5|24,108,55
159,0.0006033938859990448,-1.4706256870045173,-1.4706256870045173,5.544453610076692,5.544453610076692,5.272641813018508,4,0.16,4,3,4016,82.762,5.544453610076692,-0.1826403504121781,0.005258521493582806,4637.0,10.692510953963765,6.414612474755621,-0.4002249462245781,5.150019209997851,-1.6974077257656248,-3.920409017323284,0.2573387193754629,0.08334932829493996,5|32|6|29|5|5|20|20|36|6|23,108,54
160,0.0005913260082790638,-1.47580414422961,-1.47580414422961,5.528257467295492,5.528257467295492,5.272641813018508,2,0.08,1,2,4041,82.69800000000001,5.528257467295492,-0.18279432506465118,0.005352452363413166,4510.0,10.950902410024431,6.417377778339034,-0.404271850693965,5.1377973642048795,-1.6823983257412491,-4.040440826677203,0.26355747628733334,0.08386442771806685,5|32|6|29|5|5|20|20|34|7|23,108,53
161,0.0005794994881134825,-1.4794095493263848,-1.4794095493263848,5.527952387883254,5.527952387883254,5.272641813018508,1,0.04,1,2,4066,82.69800000000001,5.527952387883254,-0.1827475389394101,0.0053544154256449025,4471.0,10.950902410024431,6.417377778339034,-0.4043480804020863,5.141511045637264,-1.6820846441330397,-4.077300988604785,0.26355747628733334,0.08386442771806685,5|32|6|29|5|5|20|19|34|7|23,108,52
162,0.0005679094983512128,-1.4794095493263848,-1.4794095493263848,5.527952387883254,5.527952387883254,5.272641813018508,0,0.0,0,7,4091,82.69800000000001,5.527952387883254,-0.1827475389394101,0.0053544154256449025,4471.0,10.950902410024431,6.417377778339034,-0.4043480804020863,5.141511045637264,-1.6820846441330397,-4.077300988604785,0.26355747628733334,0.08386442771806685,5|32|6|29|5|5|20|19|34|7|23,108,52
163,0.0005565513083841886,-1.4794095493263848,-1.4794095493263848,5.527952387883254,5.527952387883254,5.272641813018508,0,0.0,0,2,4116,82.69800000000001,5.527952387883254,-0.1827475389394101,0.0053544154256449025,4471.0,10.950902410024431,6.417377778339034,-0.4043480804020863,5.141511045637264,-1.6820846441330397,-4.077300988604785,0.26355747628733334,0.08386442771806685,5|32|6|29|5|5|20|19|34|7|23,108,52
164,0.0005454202822165049,-1.4864938613624885,-1.4864938613624885,5.477370398505737,5.477370398505737,5.272641813018508,4,0.16,3,4,4141,82.69800000000001,5.477370398505737,-0.183072777082569,0.005524652387409764,4392.0,10.950902410024431,6.411148446002658,-0.41698692173904733,5.115695040419292,-1.654882142307199,-4.151966444817066,0.26355747628733334,0.08270407573639686,5|32|6|30|5|5|20|20|32|7|22,107,52
165,0.0005345118765721748,-1.491865093322686,-1.491865093322686,5.476754901072258,5.476754901072258,5.272641813018508,2,0.08,2,6,4166,82.73933333333335,5.476754901072258,-0.18307176594573196,0.005529143755554729,4333.0,10.950902410024431,6.411148446002658,-0.4171407151050415,5.115775300113335,-1.65416445768162,-4.207729253886996,0.26355747628733334,0.08270407573639686,5|32|6|29|5|5|20|20|32|7|22,107,52
166,0.0005238216390407313,-1.4978019379351977,-1.4978019379351977,5.476661852281989,5.476661852281989,5.272641813018508,1,0.04,1,8,4191,82.73933333333335,5.476661852281989,-0.18305795650735887,0.005529686162704565,4270.0,10.950902410024431,6.4111205624508285,-0.4171639650584594,5.116871433948175,-1.6540777853671544,-4.267272592385397,0.26355747628733334,0.08269888180342397,5|31|6|29|5|5|20|20|32|7|22,107,51
167,0.0005133452062599167,-1.498053477852395,-1.498053477852395,5.476402836825478,5.476402836825478,5.272641813018508,1,0.04,1,5,4216,82.73933333333335,5.476402836825478,-0.18301438262561784,0.00552980178722441,4268.0,10.950902410024431,6.411045064362485,-0.4172286848391354,5.120330141304785,-1.6540593094957596,-4.269162857099632,0.26355747628733334,0.08268481860183326,5|30|6|30|5|5|20|20|32|7|22,107,51
168,0.0005030783021347184,-1.5076163758401098,-1.507905419000546,5.472455527050652,5.471823394610185,5.272641813018508,3,0.12,2,3,4241,82.73933333333335,5.472455527050652,-0.18439797146261316,0.005465624624177168,4231.0,10.950902410024431,6.411559342192239,-0.41821499286232333,5.010506809119704,-1.6643143056897192,-4.304132754312978,0.26355747628733334,0.08278061430940854,5|31|5|29|5|6|20|19|32|7|22,107,50
169,0.000493016736092024,-1.513002689872669,-1.513002689872669,5.472455527050652,5.472455527050652,5.272641813018508,1,0.04,1,11,4266,82.73933333333335,5.472455527050652,-0.1844031305369489,0.005465636394517437,4174.0,10.950902410024431,6.411559342192239,-0.41821499286232333,5.010097303983936,-1.6643124248836982,-4.358005298668675,0.26355747628733334,0.08278061430940854,5|31|5|28|5|6|20|19|32|7|22,107,49
170,0.0004831564013701835,-1.5187577681952023,-1.5187678814982648,5.457650320520193,5.472211503241978,5.272641813018508,2,0.08,1,2,4291,82.73933333333335,5.457650320520193,-0.18482341357019327,0.005538216357690545,4091.0,10.950902410024431,6.4114522466255925,-0.4219143463002209,4.976737044102115,-1.6527147285886774,-4.436451284309425,0.26355747628733334,0.08276066537326636,5|30|5|28|5|6|21|19|31|7|22,106,49
171,0.00047349327334277985,-1.5229278560911965,-1.5229278560911965,5.442179607033996,5.442179607033996,5.272641813018508,2,0.08,2,6,4316,82.73933333333335,5.442179607033996,-0.18471971391674702,0.005542692672461665,4084.0,10.950902410024431,6.4114469613435405,-0.4257799889039999,4.984968276664411,-1.651999449371567,-4.4430672108092475,0.26355747628733334,0.08275968087169033,5|30|5|28|5|5|20|19|31|7|23,106,48
172,0.00046402340787592426,-1.535264802966485,-1.535264802966485,5.452669484861403,5.452669484861403,5.272641813018508,5,0.2,5,4,4341,82.75266666666668,5.452669484861403,-0.18406560462479996,0.005542393940779236,3998.0,10.463391888409621,6.4013593043893255,-0.42315889979429333,5.036888659464589,-1.6520471842997078,-4.52434859352135,0.25182446672067843,0.08088062993891589,5|29|6|28|5|5|20|19|32|6|21,105,48
173,0.0004547429397184058,-1.5437872715899486,-1.5437872715899486,5.435109169162172,5.435109169162172,5.272641813018508,2,0.08,2,3,4366,82.80333333333334,5.435109169162172,-0.18380007750739635,0.0055374837769217545,3949.0,10.463391888409621,6.410901792336626,-0.4275466679837385,5.057965060226892,-1.6528317891229702,-4.570660079020106,0.25182446672067843,0.08265813099389288,5|30|6|26|5|5|20|19|32|6|21,105,47
174,0.0004456480809240377,-1.5520045026035854,-1.5520045026035854,5.44649336719559,5.44649336719559,5.272641813018508,5,0.2,4,8,4391,82.762,5.44649336719559,-0.1842745213674971,0.005493874084740744,3875.0,10.419055983718067,6.410364481473023,-0.4247021165047715,5.020305746811086,-1.6598002683467528,-4.6405998734468,0.250757425968062,0.08255804487042286,5|29|6|26|5|5|19|19|33|6|20,103,47
175,0.0004367351193055569,-1.5616437078299439,-1.5616437078299439,5.446768022885428,5.446768022885428,5.272641813018508,3,0.12,2,6,4416,82.762,5.446768022885428,-0.18441798455799896,0.00547646810188565,3787.0,10.419055983718067,6.410364481473023,-0.4246334887238384,5.008918255668102,-1.662581604876068,-4.723771520873138,0.250757425968062,0.08255804487042286,5|29|6|25|5|5|20|18|33|6|19,103,46
176,0.0004280004169194458,-1.5687155489443343,-1.5687155489443343,5.435385208286232,5.435385208286232,5.272641813018508,3,0.12,3,6,4441,82.762,5.435385208286232,-0.18425884953088295,0.005531431776008762,3702.0,10.37085230739435,6.410307318286515,-0.4274776945262941,5.021549709809635,-1.6537988503544383,-4.804107771228122,0.2495972988110506,0.08254739695293166,5|28|6|25|5|5|19|20|32|6|19,103,45
177,0.0004194404085810569,-1.573849288616728,-1.5739129605920488,5.444601765038066,5.437842993916155,5.272641813018508,4,0.16,2,4,4466,82.73066666666666,5.444601765038066,-0.18445881594734478,0.0055120337602954095,3619.0,10.530942432089486,6.410643345496236,-0.42517476813108773,5.005677235564584,-1.6568984977658447,-4.882553756868873,0.2534502186585101,0.08260998950982873,5|26|6|26|5|5|19|19|32|7|19,102,45
178,0.0004110516004094357,-1.5725087362059234,-1.5739129605920488,5.44413359134129,5.437842993916155,5.272641813018508,3,0.12,0,5,4491,82.73066666666666,5.44413359134129,-0.1841779056783663,0.005508942120440331,3637.0,10.530942432089486,6.410678837825153,-0.42529174994901375,5.027974684748418,-1.6573925170312895,-4.865541374440759,0.2534502186585101,0.08261660074711208,5|27|6|24|5|5|19|19|33|7|19,102,45
179,0.000402830568401247,-1.579487399522693,-1.579487399522693,5.44279775609893,5.44279775609893,5.272641813018508,2,0.08,2,4,4516,82.73066666666666,5.44279775609893,-0.18427251363892472,0.005510170337259068,3602.0,10.245487729502493,6.410678837825153,-0.4256255329790662,5.020465111671547,-1.6571962578293638,-4.89862100693987,0.2465801253829723,0.08261660074711208,5|27|6|24|5|5|18|20|33|7|18,101,45
180,0.00039477395703322205,-1.5794978236753643,-1.5794978236753643,5.444201332347025,5.444201332347025,5.272641813018508,2,0.08,1,1,4541,82.73066666666666,5.444201332347025,-0.18410867011025933,0.005521028686016501,3589.0,10.245487729502493,6.410678837825153,-0.4252748236115163,5.033470306418616,-1.6554611807413007,-4.910907727582398,0.2465801253829723,0.08261660074711208,5|27|5|24|5|5|19|19|33|7|18,101,44
181,0.0003868784778925576,-1.6255980094651752,-1.6255980094651752,5.503849594062791,5.503849594062791,5.272641813018508,3,0.12,2,4,4566,82.77266666666668,5.503849594062791,-0.1767339350159776,0.003237255468747234,3535.0,21.724584363546914,6.2864394738063085,-0.4103706072070469,5.618845065436721,-2.0203898335351753,-4.961944874866741,0.522849753734123,0.0594742502581444,5|26|5|25|5|5|20|20|31|7|18,101,44
182,0.0003791409083347065,-1.626469706171206,-1.626667459509725,5.500102897937678,5.50037454712708,5.272641813018508,3,0.12,2,3,4591,82.77266666666668,5.500102897937678,-0.17631846007209664,0.003261743112232839,3515.0,21.724584363546914,6.2864210540249665,-0.41130678821625316,5.651823679860573,-2.0164769044055557,-4.980847522009091,0.522849753734123,0.05947081916334516,5|25|5|26|5|5|20|21|30|7|18,101,44
183,0.00037155809016801235,-1.6291292856402102,-1.6291292856402102,5.4973807271513175,5.4973807271513175,5.272641813018508,5,0.2,3,7,4616,82.77266666666668,5.4973807271513175,-0.17644757547244108,0.0033042407042387922,3454.0,21.7004904766767,6.29372714610531,-0.41198697270650997,5.641575054602053,-2.00968612987486,-5.0385005957932565,0.5222698815208839,0.0608317416452272,5|25|5|26|5|5|19|21|29|7|19,101,44
184,0.00036412692836465207,-1.6363214915682633,-1.6363214915682633,5.49905969637726,5.49905969637726,5.272641813018508,2,0.08,2,0,4641,82.77266666666668,5.49905969637726,-0.17637783873666324,0.0033162962227614163,3356.0,21.7004904766767,6.301107548192145,-0.41156745133304345,5.647110456806848,-2.0077597546551464,-5.131123566790769,0.5222698815208839,0.062206506021976145,5|25|5|26|5|5|19|20|28|7|19,100,44
185,0.00035684438979735904,-1.6409031893995312,-1.6409031893995312,5.489422310635525,5.489422310635525,5.272641813018508,3,0.12,3,3,4666,82.77266666666668,5.489422310635525,-0.1761938262760509,0.00328506914591013,3374.0,21.7004904766767,6.286291178558004,-0.4139755295994752,5.661716574641615,-2.012749591211535,-5.114111184362654,0.5222698815208839,0.05944662696307034,5|24|5|25|5|5|18|20|30|7|20,100,44
186,0.00034970750200141184,-1.640674497233938,-1.6409857619366295,5.489529076282798,5.489501520993739,5.272641813018508,2,0.08,1,4,4691,82.77266666666668,5.489529076282798,-0.17632573397517798,0.0032659317109321765,3386.0,21.750132077328836,6.286285738612372,-0.4139488522367868,5.651246308713146,-2.0158075999103082,-5.102769596077245,0.5234646154794994,0.05944561365195542,5|26|5|24|5|5|18|19|30|7|20,100,44
187,0.0003427133519613836,-1.654998174740393,-1.654998174740393,5.462686302337876,5.462686302337876,5.272641813018508,2,0.08,2,1,4716,82.77266666666668,5.462686302337876,-0.17597292623170027,0.0032677934768996055,3304.0,21.750132077328836,6.286122767182945,-0.4206560135230247,5.679250670249891,-2.015510104633118,-5.1802704493608775,0.5234646154794994,0.05941525659105725,5|26|5|23|5|5|17|19|30|7|20,100,43
188,0.00033585908492215593,-1.6671491097823283,-1.6671491097823283,5.46248951016935,5.46248951016935,5.272641813018508,3,0.12,3,2,4741,82.77266666666668,5.46248951016935,-0.1775653315744511,0.00319533905332737,3246.0,21.750132077328836,6.277198442472325,-0.4207051856695726,5.552852381788698,-2.0270877407062775,-5.235088126073691,0.5234646154794994,0.057752902216004195,5|26|5|22|5|5|17|19|30|6|20,99,42
189,0.0003291419032237128,-1.6705191559390538,-1.6705191559390538,5.440816275643465,5.440816275643465,5.272641813018508,1,0.04,1,1,4766,82.77266666666668,5.440816275643465,-0.17711100043277492,0.00318862092224106,3266.0,21.750132077328836,6.28462732595943,-0.42612064235291847,5.588915234104482,-2.028161244199567,-5.216185478931342,0.5234646154794994,0.05913669733406522,5|27|5|22|5|5|16|19|30|6|20,99,42
190,0.00032255906515923856,-1.6844506251576588,-1.6844506251576588,5.445354338022954,5.445354338022954,5.272641813018508,3,0.12,3,3,4791,82.77266666666668,5.445354338022954,-0.17592917371433936,0.003168021916141363,3192.0,21.215757728106936,6.28467902418267,-0.4249867239148058,5.682723556933839,-2.0314528002472576,-5.286125273358035,0.5106037251528094,0.05914632728034938,5|26|6|23|5|5|16|20|28|6|20,99,42
191,0.00031610788385605376,-1.6887052682207622,-1.6887052682207622,5.445354338022954,5.445354338022954,5.272641813018508,1,0.04,1,5,4816,82.77266666666668,5.445354338022954,-0.17595874399685177,0.003168002547759559,3147.0,21.215757728106936,6.28467902418267,-0.4249867239148058,5.680376395065853,-2.0314558951594073,-5.328656229428321,0.5106037251528094,0.05914632728034938,5|26|6|22|5|5|16|20|28|6|20,99,41
192,0.00030978572617893266,-1.8150879304910288,-1.8150879304910288,5.452775585946586,5.452775585946586,5.272641813018508,3,0.12,3,7,4841,82.77266666666668,5.452775585946586,-0.1723206156677869,0.0016578606004454056,3039.0,21.215757728106936,6.312860570025621,-0.42313238848467866,5.969155377182052,-2.2727644726458456,-5.430730523997008,0.5106037251528094,0.06439576827973799,5|26|5|22|5|6|16|20|26|6|20,99,39
193,0.000303590011655354,-1.8150879304910288,-1.8150879304910288,5.452775585946586,5.452775585946586,5.272641813018508,0,0.0,0,9,4866,82.77266666666668,5.452775585946586,-0.1723206156677869,0.0016578606004454056,3039.0,21.215757728106936,6.312860570025621,-0.42313238848467866,5.969155377182052,-2.2727644726458456,-5.430730523997008,0.5106037251528094,0.06439576827973799,5|26|5|22|5|6|16|20|26|6|20,99,39
194,0.00029751821142224693,-1.8156532777281402,-1.8156532777281402,5.460701691984352,5.460701691984352,5.272641813018508,1,0.04,1,5,4891,82.77266666666668,5.460701691984352,-0.17230655976343764,0.0016577184306705622,2988.0,21.215757728106936,6.337402095652172,-0.42115190495953336,5.970271074426228,-2.272787190236195,-5.47893227421,0.5106037251528094,0.06896717438817143,5|26|5|22|5|6|16|20|25|6|20,99,39
195,0.000291567847193802,-1.8295377834276678,-1.8295377834276678,5.410009377309001,5.410009377309001,5.272641813018508,5,0.2,4,6,4916,82.77266666666668,5.410009377309001,-0.1721265968936998,0.001714721690711015,2959.0,21.215757728106936,6.304852479526368,-0.4338183131034138,5.98455575315139,-2.2636785262348305,-5.506341112566406,0.5106037251528094,0.06290408294679496,5|25|5|24|5|6|15|19|25|6|20,98,39
196,0.00028573649024992597,-1.8363233962620154,-1.8363233962620154,5.399350681024623,5.399350681024623,5.272641813018508,3,0.12,3,6,4941,82.77266666666668,5.399350681024623,-0.17207506265023756,0.0017249666688925012,2905.0,21.215757728106936,6.306600895380224,-0.43648158461279807,5.988646319790358,-2.262041460847864,-5.55737825985075,0.5106037251528094,0.0632297643667695,5|25|5|24|5|6|14|19|26|6|18,97,39
197,0.00028002176044492744,-1.8514915659908238,-1.8514915659908238,5.402867242068423,5.402867242068423,5.272641813018508,3,0.12,2,3,4966,82.77266666666668,5.402867242068423,-0.1724453459112633,0.001708812234587052,2839.0,20.566982958884374,6.298964702957801,-0.4356029070907929,5.959254826818706,-2.264622809951688,-5.619756995420503,0.49498953789654526,0.061807353339181664,5|25|5|23|5|6|14|18|27|6|17,97,39
198,0.00027442132523602887,-1.8564431911822359,-1.8564431911822359,5.40117076610781,5.40117076610781,5.272641813018508,3,0.12,2,5,4991,82.77266666666668,5.40117076610781,-0.17234146795636557,0.0017107808980924089,2782.0,20.584336282360916,6.304262472083818,-0.43602680284424244,5.96750021218349,-2.2643082333048556,-5.673629539776199,0.49540718367306946,0.06279418091103978,5|25|5|24|5|6|14|18|25|6|17,96,39
199,0.0002689328987313083,-1.857058955178288,-1.857058955178288,5.3994895331361,5.3994895331361,5.272641813018508,1,0.04,1,4,5016,82.77266666666668,5.3994895331361,-0.17230543885062333,0.0017112001019519015,2784.0,20.584336282360916,6.299772312328823,-0.436446889856268,5.97036004766529,-2.2642412478885565,-5.671739275061964,0.49540718367306946,0.061957788583839976,5|24|5|24|5|6|14|18|26|6|17,96,39
200,0.0002635542407566821,-1.8582491050314305,-1.8582491050314305,5.403983377245382,5.403983377245382,5.272641813018508,1,0.04,1,7,5041,82.77266666666668,5.403983377245382,-0.17236175285213956,0.0017080446243947706,2762.0,20.584336282360916,6.299969675585249,-0.43532402016709165,5.965890084385867,-2.2647454679070496,-5.692532186918549,0.49540718367306946,0.061994551889012386,5|24|5|24|5|6|15|18|25|6|17,96,39
201,0.00025828315594154846,-1.8599957941784029,-1.8599957941784029,5.403731782991228,5.403731782991228,5.272641813018508,1,0.04,1,9,5066,82.77266666666668,5.403731782991228,-0.17240626094859304,0.0017068884915918353,2764.0,20.43630799938574,6.299978617395607,-0.435386885623723,5.962357223082685,-2.2649302086610947,-5.690641922204314,0.49184455849211894,0.061996217500478956,5|23|5|25|5|6|15|18|25|6|17,96,39
202,0.0002531174928227175,-1.8651988662940857,-1.8651988662940857,5.4036385280889885,5.4036385280889885,5.272641813018508,2,0.08,2,4,5091,82.77266666666668,5.4036385280889885,-0.1724615153091417,0.0016624027062662964,2746.0,20.43630799938574,6.300791443879043,-0.4354101870780115,5.95797136954661,-2.27203868054638,-5.707654304632428,0.49184455849211894,0.062147624548598915,5|23|5|25|5|6|16|18|24|6|17,95,40
203,0.00024805514296626313,-1.8700378002816993,-1.8700378002816993,5.403499445010732,5.403499445010732,5.272641813018508,2,0.08,2,6,5116,82.77266666666668,5.403499445010732,-0.17246069736493075,0.0016622499657487526,2697.0,20.43630799938574,6.299064621094774,-0.4354449395458438,5.958036294440759,-2.2720630872566754,-5.7539657901311845,0.49184455849211894,0.061825965319082715,5|23|5|24|5|6|16|18|24|6|17,95,39
204,0.00024309404010693786,-1.8700378002816993,-1.8700378002816993,5.403499445010732,5.403499445010732,5.272641813018508,0,0.0,0,8,5141,82.77266666666668,5.403499445010732,-0.17246069736493075,0.0016622499657487526,2697.0,20.43630799938574,6.299064621094774,-0.4354449395458438,5.958036294440759,-2.2720630872566754,-5.7539657901311845,0.49184455849211894,0.061825965319082715,5|23|5|24|5|6|16|18|24|6|17,95,39
205,0.0002382321593047991,-1.8718199283839374,-1.8718199283839374,5.397353128780696,5.397353128780696,5.272641813018508,2,0.08,2,8,5166,82.77266666666668,5.397353128780696,-0.17257501318197857,0.0016533488570702414,2723.0,20.2762178746906,6.298355131472172,-0.4369807098189035,5.948962396463297,-2.273485413069877,-5.7293923488461305,0.48799163864465944,0.0616938070643764,5|24|5|23|5|6|16|19|24|5|17,95,39
206,0.00023346751611870312,-1.8835366291639617,-1.8835366291639617,5.389979508245256,5.389979508245256,5.272641813018508,2,0.08,2,4,5191,82.77266666666668,5.389979508245256,-0.17253352333776786,0.0016507114233098063,2643.0,20.2762178746906,6.27578079452962,-0.4388231446691985,5.952255681882507,-2.273906853842433,-5.805002937415528,0.48799163864465944,0.05748883369135316,5|24|5|23|5|6|16|19|23|5|16,93,39
207,0.00022879816579632906,-1.8843036252136596,-1.8843036252136596,5.392410429838549,5.392410429838549,5.272641813018508,2,0.08,2,10,5216,82.77266666666668,5.392410429838549,-0.17286345941158698,0.0016216794422354984,2653.0,20.2762178746906,6.27578079452962,-0.4382157341521682,5.9260667751307246,-2.2785459316901244,-5.795551613844354,0.48799163864465944,0.05748883369135316,5|24|5|23|5|6|16|18|24|5|16,93,39
208,0.00022422220248040248,-1.889474757495356,-1.889474757495356,5.392100305624163,5.392100305624163,5.272641813018508,3,0.12,2,9,5241,82.77266666666668,5.392100305624163,-0.17279577409690677,0.0016158951747814038,2604.0,20.2762178746906,6.275776996846912,-0.43829322439698853,5.931439344350291,-2.279470211261082,-5.84186309934311,0.48799163864465944,0.05748812628830932,5|23|5|21|5|6|16|19|25|5|16,93,38
209,0.00021973775843079442,-1.8909886498921569,-1.8909886498921569,5.349722055499226,5.349722055499226,5.272641813018508,1,0.04,1,9,5266,82.77266666666668,5.349722055499226,-0.17137050404837162,0.0017202324143048738,2612.0,20.2762178746906,6.2755929707431655,-0.4488822104384351,6.044571151870252,-2.2627979567799392,-5.83430204048617,0.48799163864465944,0.05745384732507044,5|23|5|21|5|6|15|20|25|5|16,93,38
210,0.00021534300326217853,-1.9028394716526587,-1.9028394716526587,5.328091672948577,5.328091672948577,5.272641813018508,2,0.08,2,8,5291,82.80933333333334,5.328091672948577,-0.17061439759368444,0.0016350896588720352,2616.0,20.2762178746906,6.275361476519584,-0.4542869597667986,6.104587630841508,-2.276403086571423,-5.8305215110577,0.48799163864465944,0.057410726366583544,5|23|5|20|5|6|14|21|25|5|17,93,38
211,0.00021103614319693497,-1.9045804664490984,-1.9045804664490984,5.3152027903088115,5.3152027903088115,5.272641813018508,1,0.04,1,5,5316,82.80933333333334,5.3152027903088115,-0.17068553800302733,0.0016504304208892298,2630.0,20.189458853884382,6.275089854416081,-0.4575074843981829,6.098940811065184,-2.273951755776652,-5.817289658058056,0.48590359259030724,0.05736013069612555,5|23|5|21|5|6|13|21|25|5|17,93,38
212,0.00020681542033299628,-1.909664829886051,-1.909664829886051,5.323200888303862,5.323200888303862,5.272641813018508,1,0.04,1,2,5341,82.80933333333334,5.323200888303862,-0.17083671336824274,0.0016318818105503009,2624.0,19.769567597000886,6.275293914937325,-0.45550901235702895,6.086941160657257,-2.2769156750182824,-5.8229604522007605,0.4757979888842576,0.057398141516133094,5|23|5|21|5|6|14|21|25|5|16,93,38
213,0.00020267911192633635,-1.919209623841468,-1.919209623841468,5.31263041794437,5.31263041794437,5.272641813018508,4,0.16,4,1,5366,82.85066666666667,5.31263041794437,-0.17077455904679117,0.0016481476164988634,2546.0,19.70209991594852,6.275087455900293,-0.4581502389947075,6.091874703418658,-2.274316529618673,-5.8966807760559234,0.47417423121723257,0.05735968391910385,5|22|5|22|5|6|13|21|24|5|16,93,36
214,0.0001986255296878096,-1.9203876929996166,-1.9203876929996166,5.310405529203051,5.310405529203051,5.272641813018508,1,0.04,1,4,5391,82.85066666666667,5.310405529203051,-0.17033474922554237,0.0016380474509480824,2548.0,19.70209991594852,6.275042323375959,-0.45870616841029543,6.126784915763362,-2.2759304551081088,-5.8947905113416885,0.47417423121723257,0.057351276980571665,5|21|5|23|5|6|13|21|24|5|16,93,36
215,0.0001946530190940534,-1.922891554895573,-1.922891554895573,5.316894119093285,5.316894119093285,5.272641813018508,1,0.04,1,1,5416,82.882,5.316894119093285,-0.17024378156791953,0.0016242705091956235,2516.0,19.70209991594852,6.275042220561025,-0.4570848747614592,6.134005537247203,-2.2781318999605693,-5.925034746769447,0.47417423121723257,0.05735125782899869,5|21|5|22|5|7|13|21|24|5|16,93,36
216,0.00019075995871217235,-1.9319021682320998,-1.9319021682320998,5.316232231059339,5.316232231059339,5.272641813018508,3,0.12,3,1,5441,82.882,5.316232231059339,-0.1702945815353276,0.001585736566319017,2455.0,19.70209991594852,6.275029191680048,-0.4572502596731012,6.1299732542838905,-2.2842893151340475,-5.982687820553614,0.47417423121723257,0.05734883090954024,5|20|5|22|5|7|14|21|23|5|16,93,35
217,0.0001869447595379289,-1.9392987318938084,-1.9392987318938084,5.3141306317837484,5.3141306317837484,5.272641813018508,2,0.08,2,1,5466,82.882,5.3141306317837484,-0.17017927986961393,0.0015943729503925385,2375.0,19.70209991594852,6.275024961272423,-0.4577753829457312,6.139125404689111,-2.282909290190621,-6.058298409123012,0.47417423121723257,0.057348042901836364,5|19|5|22|5|7|14|20|23|5|16,93,33
218,0.0001832058643471703,-1.942468221739732,-1.9426712409651765,5.312033594792518,5.313010688136531,5.272641813018508,2,0.08,1,0,5491,82.882,5.312033594792518,-0.1702607168864819,0.0015979601013626997,2344.0,19.70209991594852,6.275001391242197,-0.4582993662476154,6.132661284484819,-2.2823360922211333,-6.087597512193653,0.47417423121723257,0.05734365245839826,5|19|5|22|5|7|14|20|23|5|15,93,32
219,0.0001795417470602269,-1.9426498189258248,-1.9429302577462275,5.320307423695153,5.319843302761729,5.272641813018508,3,0.12,1,0,5516,82.882,5.320307423695153,-0.1701844698158975,0.0015861975700746241,2330.0,19.70209991594852,6.275151695221356,-0.4562319977625781,6.138713449070878,-2.2842156504294286,-6.100829365193298,0.47417423121723257,0.057371649924362854,5|19|5|21|5|7|15|20|23|5|15,93,32
220,0.00017595091211902237,-1.9555710959585042,-1.9555710959585042,5.277620289754096,5.277620289754096,5.272641813018508,2,0.08,1,2,5541,82.882,5.277620289754096,-0.1691444996801081,0.0015319268562601137,2356.0,19.673177710154288,6.274846720660075,-0.46689816411250096,6.221261806380115,-2.2928876754486955,-6.076255923908244,0.47347815492302575,0.057314841615312584,5|20|5|22|5|7|13|20|23|5|15,93,32
221,0.0001724318938766419,-1.9626338354483799,-1.9626338354483799,5.251170081345834,5.251170081345834,5.245380977824457,4,0.16,2,1,5566,82.882,5.251170081345834,-0.16860370384054454,0.001515674975675567,2365.0,19.673177710154288,6.274784157053228,-0.4735072356716786,6.264187854599526,-2.2954845956867644,-6.067749732694186,0.47347815492302575,0.05730318774917325,5|20|5|22|5|6|12|20|24|5|15,93,31
222,0.00016898325599910908,-1.9626338354483799,-1.9626338354483799,5.251170081345834,5.251170081345834,5.217159047671584,0,0.0,0,1,5591,82.882,5.251170081345834,-0.16860370384054454,0.001515674975675567,2365.0,19.673177710154288,6.274784157053228,-0.4735072356716786,6.264187854599526,-2.2954845956867644,-6.067749732694186,0.47347815492302575,0.05730318774917325,5|20|5|22|5|6|12|20|24|5|15,93,31
223,0.0001656035908791269,-1.966238391092429,-1.966238391092429,5.251835058747442,5.251835058747442,5.217159047671584,2,0.08,1,1,5616,82.84066666666668,5.251835058747442,-0.16863895497473086,0.0015146200382930455,2326.0,19.673177710154288,6.274779743838645,-0.47334107882464627,6.261389771154409,-2.295653166223836,-6.104609894621768,0.47347815492302575,0.0573023656895992,5|19|5|22|5|6|12|20|24|5|15,92,31
224,0.00016229151906154438,-1.9666947095182599,-1.9667946086200623,5.252754525944502,5.252496946781388,5.217159047671584,2,0.08,1,1,5641,82.84066666666668,5.252754525944502,-0.1687363569956348,0.0015131207604463443,2320.0,19.673177710154288,6.274788349210193,-0.4731113330166781,6.253658417582302,-2.295892738805134,-6.1102806887644725,0.47347815492302575,0.057303968631839286,5|19|5|22|5|6|12|21|23|5|15,92,31
225,0.00015904568868031348,-1.9664930331627453,-1.9667946086200623,5.259052565116416,5.252496946781388,5.217159047671584,1,0.04,0,3,5666,82.84066666666668,5.259052565116416,-0.16890136973737724,0.0015195706401573638,2300.0,19.673177710154288,6.274819921155882,-0.471537651973141,6.240560415729016,-2.294862099731242,-6.129183335906822,0.47347815492302575,0.05730984961037231,5|19|5|22|5|6|13|21|22|5|15,92,31
226,0.0001558647749067072,-1.9679058713326323,-1.968317545690407,5.261736794786107,5.262418231457324,5.217159047671584,3,0.12,1,2,5691,82.84066666666668,5.261736794786107,-0.1688419806116277,0.0015230662913492605,2275.0,19.673177710154288,6.274819921155882,-0.47086694776943755,6.245274469146459,-2.294303522692835,-6.152811644834759,0.47347815492302575,0.05730984961037231,5|19|5|22|5|6|13|20|23|5|14,92,30
227,0.00015274747940857307,-1.9699613123192306,-1.9699613123192306,5.263654680675821,5.263654680675821,5.217159047671584,1,0.04,1,0,5716,82.878,5.263654680675821,-0.16884888969641082,0.001523281537151823,2248.0,19.673177710154288,6.274819921155882,-0.4703877286687102,6.244726055706755,-2.2942691281390526,-6.178330218476931,0.47347815492302575,0.05730984961037231,5|19|5|22|5|6|13|20|23|5|13,91,30
228,0.0001496925298204016,-1.973402129152531,-1.973402129152531,5.260075844626442,5.260075844626442,5.217159047671584,1,0.04,1,0,5741,82.878,5.260075844626442,-0.16907720084289427,0.001505603304577222,2236.0,19.673177710154288,6.274819921155882,-0.4712819667474364,6.226603698680329,-2.2970939679911195,-6.18967180676234,0.47347815492302575,0.05730984961037231,5|19|5|22|5|6|13|19|23|5|14,91,30
229,0.00014669867922399357,-1.9870558338508892,-1.9870558338508892,5.264558059102485,5.264558059102485,5.217159047671584,3,0.12,3,1,5766,82.878,5.264558059102485,-0.1701411808624945,0.0014106029458580962,2182.0,19.497575622891972,6.2751776633128795,-0.4701620029362441,6.142149540041261,-2.3122742637666165,-6.240708954046684,0.46925190568649905,0.057376487060163635,5|18|5|23|5|6|12|18|23|5|14,91,29
230,0.0001437647056395137,-1.9960361271121045,-1.9960361271121045,5.270636376180978,5.270636376180978,5.217159047671584,4,0.16,3,2,5791,82.878,5.270636376180978,-0.1701952577898378,0.0014020637751624753,2078.0,19.497575622891972,6.275312405118895,-0.46864322350316473,6.137857146089841,-2.3136387547915422,-6.339002719186901,0.46925190568649905,0.057401585724543965,5|18|5|22|5|6|13|16|22|5|15,90,29
231,0.00014088941152672342,-1.9979234846628038,-1.9979234846628038,5.2672981402798795,5.2672981402798795,5.217159047671584,1,0.04,1,5,5816,82.878,5.2672981402798795,-0.17021206864664168,0.0014007068799705901,2068.0,19.497575622891972,6.27531567984651,-0.46947734320503,6.136522772566636,-2.3138555757659773,-6.3484540427580765,0.46925190568649905,0.05740219571554647,5|18|5|21|5|6|13|17|22|5|15,90,29
232,0.00013807162329618894,-2.0027565603590944,-2.0027565603590944,5.257866064029883,5.257866064029883,5.217159047671584,2,0.08,2,2,5841,82.84066666666668,5.257866064029883,-0.17031697406266438,0.001404055389703453,2039.0,19.497575622891972,6.275284043823545,-0.4718341211148924,6.128195831756029,-2.3133205107531993,-6.375862881114482,0.46925190568649905,0.057396302801192706,5|17|5|21|5|6|12|17|22|5|16,90,28
233,0.00013531019083026517,-2.006246216639755,-2.0062615964985473,5.2561497984868755,5.2561497984868755,5.217159047671584,2,0.08,1,3,5866,82.84066666666668,5.2561497984868755,-0.17048348636226512,0.001401874017544042,2043.0,19.22626981030799,6.275286178568345,-0.47226296165985926,6.114978801448336,-2.313669076537821,-6.372082351686013,0.4627223364702431,0.05739670044498916,5|18|5|22|5|6|12|17|21|5|15,90,28
234,0.00013260398701365987,-2.0092340737055667,-2.0092340737055667,5.255152391502949,5.255152391502949,5.217159047671584,1,0.04,1,3,5891,82.84066666666668,5.255152391502949,-0.17049318677698438,0.0014019021449692443,2014.0,19.22626981030799,6.275286178568345,-0.4725121821585656,6.114208824241553,-2.3136645820007504,-6.399491190042419,0.4627223364702431,0.05739670044498916,5|18|5|22|5|6|12|17|21|5|14,89,28
235,0.00012995190727338666,-2.014051549629781,-2.014051549629781,5.258710452057616,5.258710452057616,5.213203764693461,3,0.12,3,3,5916,82.84066666666668,5.258710452057616,-0.17046506711316584,0.0013979000033619718,1957.0,19.22626981030799,6.2752914036698435,-0.47162313521970156,6.116440842235557,-2.314304092147375,-6.453363734398116,0.4627223364702431,0.05739767373659577,5|19|5|21|5|6|12|17|19|5|15,89,27
236,0.00012735286912791892,-2.0163243693782014,-2.0163243693782014,5.26489824351764,5.26489824351764,5.213203764693461,2,0.08,2,2,5941,82.84066666666668,5.26489824351764,-0.17028720374563583,0.001391508039439695,1922.0,19.22626981030799,6.275288205944106,-0.47007700159680743,6.130558871503721,-2.3153254767424936,-6.486443366897228,0.4627223364702431,0.05739707808890898,5|19|5|20|5|6|12|16|20|5|15,89,26
237,0.00012480581174536054,-2.016764532078381,-2.016764532078381,5.265263654532123,5.265263654532123,5.213203764693461,1,0.04,1,1,5966,82.84066666666668,5.265263654532123,-0.17031458522717738,0.0013919527322169974,1916.0,19.22626981030799,6.275289095757977,-0.46998569692706915,6.12838544724454,-2.3152544184014547,-6.492114161039932,0.4627223364702431,0.05739724383657395,5|19|5|19|5|6|12|17|20|5|15,89,26
238,0.00012230969551045332,-2.0168791253288227,-2.0168791253288227,5.269160762994571,5.269160762994571,5.213203764693461,1,0.04,1,2,5991,82.84066666666668,5.269160762994571,-0.17029461103986393,0.0013880746020817013,1904.0,19.25519201610222,6.275370806074198,-0.4690119326260608,6.129970912340671,-2.3158741125089652,-6.503455749325342,0.4634184127644499,0.05741246420405956,5|18|5|19|5|6|13|17|20|5|15,89,26
239,0.00011986350160024425,-2.017019595197603,-2.017019595197603,5.242834818642378,5.242834818642378,5.213203764693461,2,0.08,2,0,6016,82.878,5.242834818642378,-0.16942683594308797,0.00144562767243271,1924.0,19.25519201610222,6.274823517717985,-0.47558995452294023,6.198851167924498,-2.306677593227398,-6.484553102182993,0.4634184127644499,0.05731051955022114,5|18|5|20|5|6|12|18|20|5|14,89,26
240,0.00011746623156823936,-2.017228542857192,-2.017228542857192,5.244076039559389,5.244076039559389,5.213203764693461,1,0.04,1,0,6041,82.878,5.244076039559389,-0.16958308033897349,0.0014320328856689977,1930.0,19.25519201610222,6.274823517717985,-0.4752798126240691,6.186449159659776,-2.3088499311728587,-6.478882308040288,0.4634184127644499,0.05731051955022114,5|18|5|21|5|6|12|17|20|5|14,89,26
241,0.00011511690693687457,-2.020449642360289,-2.020449642360289,5.240035749029587,5.240035749029587,5.213203764693461,1,0.04,1,3,6066,82.878,5.240035749029587,-0.16957680000346456,0.0014360155780705494,1907.0,19.22626981030799,6.2747385118618855,-0.4762893536008046,6.186947665685834,-2.308213528853399,-6.500620352253989,0.4627223364702431,0.05729468531498486,5|18|5|21|5|6|11|17|20|5|14,88,26
242,0.00011281456879813708,-2.024404292731779,-2.024404292731779,5.244016651353857,5.244016651353857,5.213203764693461,2,0.08,2,3,6091,82.878,5.244016651353857,-0.1695464312549938,0.0014319345305256164,1858.0,19.22626981030799,6.274822859134533,-0.475294651860648,6.1893582063480395,-2.3088656475363307,-6.546931837752746,0.4627223364702431,0.057310396874375134,5|18|5|21|5|6|12|16|19|5|14,87,26
243,0.00011055827742217434,-2.024404292731779,-2.024404292731779,5.244016651353857,5.244016651353857,5.213203764693461,0,0.0,0,0,6116,82.878,5.244016651353857,-0.1695464312549938,0.0014319345305256164,1858.0,19.22626981030799,6.274822859134533,-0.475294651860648,6.1893582063480395,-2.3088656475363307,-6.546931837752746,0.4627223364702431,0.057310396874375134,5|18|5|21|5|6|12|16|19|5|14,87,26
244,0.00010834711187373084,-2.025058194815586,-2.0251101291109266,5.2455793741832055,5.244369428685859,5.213203764693461,2,0.08,1,3,6141,82.878,5.2455793741832055,-0.16952949121604002,0.001428341433350252,1850.0,19.22626981030799,6.2748100047649364,-0.47490417678964264,6.190702833794795,-2.3094397956617434,-6.554492896609686,0.4627223364702431,0.05730800246155065,5|17|5|20|5|6|12|18|19|5|14,87,26
245,0.00010618016963625623,-2.036725360088358,-2.036725360088358,5.452547886778329,5.452547886778329,5.213203764693461,5,0.2,3,5,6166,82.878,5.452547886778329,-0.17031860086280598,0.0015077371906699498,1841.0,13.470197717738703,6.279012509916108,-0.4231892833141541,6.12806670335634,-2.296752990099293,-6.5629990878237425,0.3241898414078452,0.05809081270778918,5|18|5|18|5|5|11|19|19|5|15,87,26
246,0.0001040565662435311,-2.036725360088358,-2.036725360088358,5.452547886778329,5.452547886778329,5.213203764693461,0,0.0,0,5,6191,82.878,5.452547886778329,-0.17031860086280598,0.0015077371906699498,1841.0,13.470197717738703,6.279012509916108,-0.4231892833141541,6.12806670335634,-2.296752990099293,-6.5629990878237425,0.3241898414078452,0.05809081270778918,5|18|5|18|5|5|11|19|19|5|15,87,26
247,0.00010197543491866048,-2.041447818197435,-2.041447818197435,5.452547886778329,5.452547886778329,5.213203764693461,2,0.08,2,2,6216,82.878,5.452547886778329,-0.17014688425562297,0.0015338022636912684,1769.0,13.470197717738703,6.279012509916108,-0.4231892833141541,6.1416968292204,-2.2925880003749555,-6.631048617536201,0.3241898414078452,0.05809081270778918,5|18|5|17|5|5|11|18|19|5|15,86,26
248,9.993592622028727e-05,-2.0438714338943957,-2.0438714338943957,5.443228372214184,5.443228372214184,5.213203764693461,2,0.08,2,4,6241,82.878,5.443228372214184,-0.16992345204158354,0.00153956477093669,1757.0,13.519352742505427,6.278875962263462,-0.42551793561437534,6.15943191756976,-2.2916671979109084,-6.64239020582161,0.32537286485096345,0.05806537766422677,5|17|5|18|5|5|12|17|19|5|15,86,26
249,9.793720769588152e-05,-2.046978450890108,-2.046978450890108,5.442527908708436,5.442527908708436,5.213203764693461,2,0.08,2,4,6266,82.878,5.442527908708436,-0.17005132656174976,0.0015464698513532231,1745.0,13.32435208616689,6.278844142756372,-0.42569295931788004,6.149281788043766,-2.290563821413284,-6.653731794107021,0.32067974651836717,0.05805945057186543,5|16|5|18|5|5|12|17|20|6|14,86,26
250,9.59784635419639e-05,-2.0519537644569166,-2.0519537644569166,5.441626328112545,5.441626328112545,5.213203764693461,2,0.08,2,3,6291,82.878,5.441626328112545,-0.1701464269657307,0.0015509013356663332,1691.0,13.32435208616689,6.278840060971791,-0.4259182358292267,6.141733126925614,-2.2898557057439906,-6.704768941391364,0.32067974651836717,0.058058690248515815,5|15|5|18|5|5|11|17|20|6|14,84,26
251,9.405889427112461e-05,-2.052374338115961,-2.052374338115961,5.438003429201874,5.438003429201874,5.213203764693461,1,0.04,1,0,6316,82.878,5.438003429201874,-0.17011445958020732,0.0015523094519624343,1695.0,13.32435208616689,6.278776911973721,-0.4268234838251107,6.144270560522612,-2.2896307000477036,-6.700988411962894,0.32067974651836717,0.05804692734021457,5|15|5|19|5|5|11|16|20|6|14,84,26
252,9.217771638570212e-05,-2.0650575547810375,-2.0650575547810375,5.370182016211373,5.370182016211373,5.213203764693461,2,0.08,2,3,6341,82.878,5.370182016211373,-0.16917524816074817,0.0015832305169315296,1715.0,13.32435208616689,6.277729823267165,-0.44376991255565906,6.218821124211233,-2.2846897617370177,-6.6820857648205445,0.32067974651836717,0.05785188373200296,5|15|5|20|5|5|11|14|21|6|14,84,26
253,9.033416205798807e-05,-2.0742489413150964,-2.0742489413150964,5.347271942549367,5.347271942549367,5.213203764693461,3,0.12,3,2,6366,82.878,5.347271942549367,-0.16885339391625767,0.0015837378937437812,1678.0,13.32435208616689,6.277617831591284,-0.44949441626924563,6.244368530104316,-2.2846086869896856,-6.717055662033891,0.32067974651836717,0.05783102278639557,5|15|5|18|5|5|12|13|22|6|14,84,26
254,8.852747881682831e-05,-2.0742489413150964,-2.0742489413150964,5.347271942549367,5.347271942549367,5.213203764693461,0,0.0,0,2,6391,82.878,5.347271942549367,-0.16885339391625767,0.0015837378937437812,1678.0,13.32435208616689,6.277617831591284,-0.44949441626924563,6.244368530104316,-2.2846086869896856,-6.717055662033891,0.32067974651836717,0.05783102278639557,5|15|5|18|5|5|12|13|22|6|14,84,26
255,8.675692924049174e-05,-2.077132934206388,-2.077132934206388,5.345205241177473,5.345205241177473,5.213203764693461,1,0.04,1,2,6416,82.878,5.345205241177473,-0.1687906029394022,0.0015813124268771628,1655.0,13.32435208616689,6.277617831591284,-0.4500108196581139,6.249352607833939,-2.2849962571517923,-6.738793706247593,0.32067974651836717,0.05783102278639557,5|15|5|18|5|5|11|13|22|6|14,83,26
256,8.50217906556819e-05,-2.0804445714137367,-2.0804445714137367,5.3461573816594194,5.3461573816594194,5.213203764693461,2,0.08,2,1,6441,82.878,5.3461573816594194,-0.16890266580638313,0.001580632421633156,1618.0,13.32435208616689,6.277636861557547,-0.449772909828352,6.240457539344671,-2.285104916538684,-6.77376360346094,0.32067974651836717,0.057834567541735674,5|16|5|16|5|5|11|13|22|6|14,83,25
257,8.332135484256826e-05,-2.080924581969253,-2.080924581969253,5.341063701736728,5.341063701736728,5.213203764693461,2,0.08,2,0,6466,82.878,5.341063701736728,-0.16884257531340321,0.0015811968605547787,1626.0,13.32435208616689,6.277545993100508,-0.45104565953939385,6.245227264276849,-2.285014723723699,-6.766202544604,0.32067974651836717,0.0578176412664139,5|17|5|16|5|5|11|12|22|6|14,83,25
258,8.16549277457169e-05,-2.0810999128748646,-2.0810999128748646,5.340111561254784,5.340111561254784,5.213203764693461,1,0.04,1,1,6491,82.878,5.340111561254784,-0.16875214342665582,0.001582002298979337,1626.0,13.32435208616689,6.277526963134248,-0.4512835693691551,6.252405358572514,-2.2848860211200606,-6.766202544604,0.32067974651836717,0.05781409651107429,5|16|5|17|5|5|11|12|22|6|14,83,25
259,8.002182919080255e-05,-2.0810999128748646,-2.0810999128748646,5.340111561254784,5.340111561254784,5.213203764693461,0,0.0,0,1,6516,82.878,5.340111561254784,-0.16875214342665582,0.001582002298979337,1626.0,13.32435208616689,6.277526963134248,-0.4512835693691551,6.252405358572514,-2.2848860211200606,-6.766202544604,0.32067974651836717,0.05781409651107429,5|16|5|17|5|5|11|12|22|6|14,83,25
260,7.84213926069865e-05,-2.0842702264351347,-2.0842702264351347,5.324609954715425,5.324609954715425,5.213203764693461,1,0.04,1,0,6541,82.878,5.324609954715425,-0.1684093631890348,0.0015912034465573076,1626.0,13.32435208616689,6.277182450582918,-0.45515693117105466,6.279613779814541,-2.283415751495916,-6.766202544604,0.32067974651836717,0.057749923370188715,5|16|5|17|5|5|12|11|22|6|14,83,25
261,7.685296475484677e-05,-2.088299566864057,-2.088299566864057,5.324609954715425,5.324609954715425,5.213203764693461,2,0.08,2,2,6566,82.878,5.324609954715425,-0.1684128163890689,0.0015916381205111627,1583.0,13.32435208616689,6.277182450582918,-0.45515693117105466,6.279339679645251,-2.28334629408255,-6.806843235960051,0.32067974651836717,0.057749923370188715,5|16|5|17|5|5|12|11|21|6|14,83,25
262,7.531590545974984e-05,-2.091179019636409,-2.091179019636409,5.3266952704509345,5.3266952704509345,5.213203764693461,3,0.12,3,2,6591,82.878,5.3266952704509345,-0.1682611219032438,0.0015930757709559048,1546.0,13.32435208616689,6.276985104108268,-0.45463587664071836,6.2913805356148575,-2.283116569066064,-6.841813133173398,0.32067974651836717,0.05771316319099593,5|16|5|18|5|5|12|10|19|6|15,82,25
263,7.380958735055484e-05,-2.1016216279374453,-2.1016216279374453,5.324831560806164,5.324831560806164,5.213203764693461,2,0.08,2,2,6616,82.878,5.324831560806164,-0.16672044498433894,0.0014776654727518045,1538.0,13.32435208616689,6.276985104108268,-0.4551015588091799,6.413672844233236,-2.301558209559826,-6.8493741920303375,0.32067974651836717,0.05771316319099593,5|16|5|18|5|5|12|11|19|6|14,82,25
264,7.233339560354374e-05,-2.1016061800185892,-2.1016216279374453,5.321186919039422,5.324831560806164,5.213203764693461,1,0.04,0,2,6641,82.878,5.321186919039422,-0.16659594454607773,0.0014726958050246776,1552.0,13.32435208616689,6.276985104108268,-0.45601223965797194,6.423555153646806,-2.302352322624459,-6.836142339030693,0.32067974651836717,0.05771316319099593,5|16|5|19|5|5|11|11|19|6|14,82,25
265,7.088672769147286e-05,-2.109186471429508,-2.109186471429508,5.301174933827364,5.301174933827364,5.213203764693461,3,0.12,3,3,6666,82.878,5.301174933827364,-0.1662641384691395,0.0014511328646483626,1539.0,13.361227898554535,6.2762097604413425,-0.46101260261414373,6.449892493204813,-2.3057979076424027,-6.8484290596732205,0.3215672437934809,0.05756873815283604,5|15|5|19|5|5|11|10|20|6|14,81,25
266,6.94689931376434e-05,-2.114361325096141,-2.114361325096141,5.247856343373633,5.247856343373633,5.213203764693461,5,0.2,4,3,6691,82.878,5.247856343373633,-0.1665141925612058,0.0015693072729936345,1534.0,13.300904256464502,6.2751853761500085,-0.474335234114965,6.4300442746568285,-2.2869145845059147,-6.853154721458807,0.3201154230873484,0.05737792374797601,5|15|5|19|5|5|11|9|21|6|13,81,24
267,6.807961327489053e-05,-2.116795221784125,-2.116795221784125,5.2500819661675795,5.2500819661675795,5.213203764693461,1,0.04,1,1,6716,82.878,5.2500819661675795,-0.16691572786212128,0.0015436611884271853,1524.0,13.300904256464502,6.275229850838435,-0.47377912128281296,6.398172129148455,-2.291012623233885,-6.862606045029982,0.3201154230873484,0.05738620814990914,5|16|5|19|5|5|11|9|20|6|13,81,24
268,6.671802100939272e-05,-2.118904463051104,-2.118904463051104,5.244925985744616,5.244925985744616,5.213203764693461,1,0.04,1,0,6741,82.878,5.244925985744616,-0.16667200541819874,0.0015264634903119382,1530.0,13.300904256464502,6.275079781339574,-0.4750674379208944,6.417517768694082,-2.293760677531438,-6.856935250887277,0.3201154230873484,0.057358254361126,5|16|5|19|5|5|12|8|20|6|13,81,24
269,6.538366058920486e-05,-2.1197114670417454,-2.1197114670417454,5.245580155862408,5.245580155862408,5.213203764693461,1,0.04,1,3,6766,82.878,5.245580155862408,-0.166608895651347,0.0015190438984518243,1526.0,13.300904256464502,6.2750839489475805,-0.4749039814727021,6.42252715060275,-2.2949462688332876,-6.860715780315747,0.3201154230873484,0.057359030671001246,5|17|5|18|5|5|12|8|20|6|13,81,24
270,6.407598737742076e-05,-2.1211822618419074,-2.1211822618419074,5.244599889849079,5.244599889849079,5.213203764693461,1,0.04,1,1,6791,82.878,5.244599889849079,-0.16651431371029216,0.0015084238894881316,1522.0,13.300904256464502,6.27509137682766,-0.4751489189843134,6.430034658363319,-2.2966432611329055,-6.864496309744217,0.3201154230873484,0.057360414279212346,5|18|5|18|5|5|12|8|19|6|13,81,24
271,6.279446762987235e-05,-2.124456103186429,-2.124456103186429,5.244568889247075,5.244568889247075,5.213203764693461,1,0.04,1,2,6816,82.878,5.244568889247075,-0.16650612089137454,0.0015089486301218058,1487.0,13.300904256464502,6.275090768075457,-0.47515666505549203,6.4306849690983166,-2.2965594117861032,-6.8975759422433285,0.3201154230873484,0.05736030088554713,5|17|5|18|5|5|12|8|19|6|13,81,23
272,6.15385782772749e-05,-2.128009053458286,-2.128009053458286,5.244588382338721,5.244588382338721,5.213203764693461,2,0.08,2,1,6841,82.878,5.244588382338721,-0.1664427716760288,0.001512930644849482,1446.0,13.300904256464502,6.275080832815218,-0.47515179434764704,6.435713357398765,-2.295923117753496,-6.936326368885145,0.3201154230873484,0.057358450221898984,5|16|5|17|5|5|12|8|19|6|14,81,23
273,6.03078067117294e-05,-2.1748527367010624,-2.1748527367010624,5.374441675467735,5.374441675467735,5.213203764693461,2,0.08,2,0,6866,82.32933333333332,5.374441675467735,-0.16923824025810424,0.0012086772683805845,1474.0,8.48159580639902,6.279009999624448,-0.4427055582636825,6.213821082401127,-2.344540368338273,-6.909862662885856,0.20412819893066408,0.0580903451100203,5|16|5|17|5|5|13|7|19|5|15,81,23
274,5.9101650577494805e-05,-2.1859806365041723,-2.1859806365041723,5.3447578975161365,5.3447578975161365,5.213203764693461,4,0.16,4,3,6891,82.32933333333332,5.3447578975161365,-0.16881448098655968,0.0011688449424590867,1469.0,8.48159580639902,6.278410318448234,-0.4501225967081727,6.24745727113073,-2.350905254714145,-6.914588324671444,0.20412819893066408,0.05797864112577032,5|17|5|17|6|5|12|5|19|5|15,80,23
275,5.791961756594491e-05,-2.188992380243409,-2.188992380243409,5.3468304374500075,5.3468304374500075,5.213203764693461,2,0.08,2,3,6916,82.32933333333332,5.3468304374500075,-0.16863767008362857,0.0011660684244458911,1434.0,8.48159580639902,6.278412357508457,-0.4496047344470977,6.261491760284833,-2.3513489200353566,-6.947667957170555,0.20412819893066408,0.05797902094618166,5|18|5|16|6|5|12|5|18|5|15,79,23
276,5.676122521462601e-05,-2.1931492510702073,-2.1931869622951323,5.312806528614958,5.31733879509758,5.213203764693461,4,0.16,2,0,6941,82.40466666666666,5.312806528614958,-0.16862344004998522,0.001175908564317652,1419.0,8.899568447025608,6.277837135368199,-0.4581062345011971,6.262621279163586,-2.349776544564994,-6.961844942527317,0.21418762692993615,0.05787187300250063,5|18|5|17|6|5|10|5|17|5|16,78,23
277,5.562600071033349e-05,-2.2158138224772133,-2.2158138224772133,5.23399498966002,5.23399498966002,5.209556796513417,3,0.12,3,0,6966,82.66066666666667,5.23399498966002,-0.16887106661404638,0.0011792008729547396,1394.0,8.850413422258885,6.274822655721871,-0.47779874854881454,6.242965747349815,-2.3492504600367976,-6.985473251455254,0.21300460348681793,0.05731035898423338,5|18|5|17|6|5|8|6|17|5|16,78,22
278,5.451348069612682e-05,-2.223833638726479,-2.223833638726479,5.2049415480695504,5.2049415480695504,5.2049415480695504,2,0.08,2,3,6991,82.66066666666667,5.2049415480695504,-0.16885791759873847,0.0011800278779898526,1383.0,8.850413422258885,6.277112768314456,-0.48505828584803,6.244009459641686,-2.3491183112616763,-6.995869707383546,0.21300460348681793,0.057736943494668985,5|17|5|17|5|5|8|6|18|5|16,78,22
