non_inertial,cluster_index,field_std,field_range,worst_bus_rocof,worst_bus_excess,mean_excess_at_ni,r_density_excess,p_density_excess
9-10-13-14,1.3333333333333333,0.010567524902822801,0.0246151836574105,0.2432255077734634,0.0004199723292417,-0.02419521132816735,-0.9364442211130999,9.484759236657985e-08
2-6-10-14,1.3333333333333333,0.010567524902822787,0.0246151836574103,0.2432255077734648,0.0004199723292415,-0.0241952113281673,-0.9364442211131007,9.484759236657304e-08
0-1-12-13,1.3333333333333333,0.010567524902821547,0.024615183657407,0.2432255077734633,0.0004199723292413,-0.024195211328164476,-0.9364442211131032,9.484759236654596e-08
1-2-13-14,1.3333333333333333,0.010567524902823184,0.0246151836574109,0.2432255077734633,0.0004199723292415,-0.024195211328168226,-0.9364442211131021,9.484759236655718e-08
1-2-5-6,1.3333333333333333,0.010567524902821921,0.0246151836574077,0.2432255077734625,0.0004199723292416,-0.024195211328165326,-0.9364442211130993,9.484759236658657e-08
5-6-9-10,1.3333333333333333,0.01056752490282146,0.0246151836574071,0.2432255077734625,0.0004199723292416,-0.024195211328164278,-0.9364442211130987,9.484759236659109e-08
4-7-8-11,1.3333333333333333,0.010567524902823238,0.0246151836574112,0.2432255077734631,0.0004199723292415,-0.024195211328168348,-0.9364442211131007,9.484759236657304e-08
4-5-8-9,1.3333333333333333,0.01056752490282353,0.024615183657412,0.2432255077734633,0.0004199723292414,-0.02419521132816902,-0.9364442211131007,9.484759236657304e-08
4-5-6-7,1.3333333333333333,0.010567524902824015,0.024615183657411697,0.2432255077734619,0.0004199723292413,-0.024195211328170124,-0.9364442211130974,9.48475923666048e-08
1-5-9-13,1.3333333333333333,0.010567524902820962,0.0246151836574065,0.2432255077734639,0.0004199723292413,-0.024195211328163123,-0.9364442211131017,9.48475923665617e-08
6-7-10-11,1.3333333333333333,0.010567524902822428,0.024615183657409098,0.2432255077734632,0.0004199723292414,-0.024195211328166478,-0.9364442211130988,9.484759236659109e-08
0-4-8-12,1.3333333333333333,0.010567524902821373,0.0246151836574074,0.2432255077734633,0.0004199723292412,-0.024195211328164073,-0.9364442211131012,9.48475923665663e-08
3-7-11-15,1.3333333333333333,0.010567524902821278,0.0246151836574069,0.2432255077734637,0.0004199723292413,-0.02419521132816385,-0.9364442211131013,9.4847592366564e-08
0-3-4-7,1.3333333333333333,0.010567524902820941,0.024615183657405202,0.2432255077734638,0.0004199723292418,-0.024195211328163074,-0.936444221113099,9.484759236658885e-08
10-11-14-15,1.3333333333333333,0.010567524902824487,0.0246151836574133,0.243225507773463,0.0004199723292417,-0.0241952113281712,-0.9364442211131009,9.484759236656848e-08
12-13-14-15,1.3333333333333333,0.01056752490282468,0.0246151836574138,0.2432255077734626,0.0004199723292416,-0.024195211328171623,-0.936444221113095,9.484759236662968e-08
0-3-12-15,1.3333333333333333,0.010567524902821876,0.0246151836574076,0.2432255077734634,0.0004199723292413,-0.024195211328165222,-0.9364442211131034,9.484759236654364e-08
0-1-4-5,1.3333333333333333,0.010567524902820945,0.0246151836574051,0.2432255077734631,0.0004199723292417,-0.024195211328163074,-0.9364442211130988,9.484759236659109e-08
2-3-14-15,1.3333333333333333,0.01056752490282395,0.0246151836574129,0.2432255077734637,0.0004199723292415,-0.024195211328169975,-0.9364442211131022,9.484759236655498e-08
2-3-6-7,1.3333333333333333,0.010567524902822766,0.0246151836574096,0.2432255077734637,0.0004199723292418,-0.02419521132816725,-0.9364442211130988,9.484759236659109e-08
8-11-12-15,1.3333333333333333,0.010567524902825991,0.0246151836574169,0.243225507773464,0.0004199723292416,-0.024195211328174652,-0.9364442211131017,9.48475923665617e-08
8-9-10-11,1.3333333333333333,0.010567524902823798,0.0246151836574114,0.2432255077734635,0.0004199723292415,-0.024195211328169625,-0.9364442211130964,9.48475923666138e-08
8-9-12-13,1.3333333333333333,0.01056752490282404,0.0246151836574134,0.2432255077734635,0.0004199723292417,-0.024195211328170173,-0.9364442211131019,9.484759236655944e-08
0-1-2-3,1.3333333333333333,0.010567524902822093,0.0246151836574078,0.2432255077734628,0.0004199723292412,-0.024195211328165725,-0.936444221113101,9.484759236656848e-08
8-9-11-12,1.5,0.00996738091277235,0.0319755721996169,0.2714232985887792,0.0286132447631108,0.022021208769347253,0.9231749828133119,3.450595544918415e-07
8-9-10-13,1.5,0.009967380912770486,0.0319755721996125,0.2714232985887753,0.0286132447631064,0.0220212087693428,0.923174982813312,3.450595544918415e-07
9-12-13-14,1.5,0.009967380912770288,0.0319755721996123,0.2714232985887751,0.0286132447631066,0.022021208769342302,0.9231749828133147,3.4505955449176014e-07
2-6-7-10,1.5,0.009967380912770149,0.0319755721996125,0.2714232985887729,0.0286132447631064,0.022021208769341924,0.923174982813313,3.450595544918145e-07
8-10-11-15,1.5,0.0099673809127666,0.0319755721996002,0.2714232985887611,0.0286132447630939,0.02202120876933405,0.92317498281331,3.450595544919025e-07
2-5-6-7,1.5,0.009967380912768206,0.0319755721996054,0.2714232985887673,0.0286132447630997,0.02202120876933765,0.9231749828133147,3.4505955449176014e-07
0-1-2-13,1.5,0.00996738091276926,0.031975572199610496,0.2714232985887714,0.0286132447631044,0.022021208769339797,0.9231749828133154,3.450595544917332e-07
1-12-13-14,1.5,0.009967380912770414,0.0319755721996128,0.2714232985887734,0.0286132447631069,0.022021208769342528,0.9231749828133129,3.450595544918145e-07
4-8-9-12,1.5,0.00996738091277136,0.0319755721996152,0.2714232985887769,0.0286132447631092,0.022021208769344824,0.9231749828133136,3.4505955449179423e-07
4-8-9-11,1.5,0.00996738091277137,0.0319755721996149,0.2714232985887764,0.0286132447631086,0.022021208769344876,0.923174982813312,3.450595544918415e-07
1-2-5-13,1.5,0.009967380912772135,0.0319755721996171,0.27142329858878,0.0286132447631114,0.0220212087693467,0.9231749828133171,3.450595544916858e-07
0-1-2-5,1.5,0.00996738091277123,0.031975572199615,0.2714232985887772,0.0286132447631091,0.022021208769344502,0.9231749828133162,3.45059554491713e-07
1-2-3-6,1.5,0.009967380912772234,0.0319755721996182,0.2714232985887806,0.0286132447631123,0.022021208769346746,0.9231749828133176,3.450595544916723e-07
1-2-3-14,1.5,0.009967380912772002,0.0319755721996157,0.2714232985887778,0.0286132447631098,0.022021208769346528,0.9231749828133186,3.4505955449163816e-07
1-2-6-14,1.5,0.009967380912767054,0.0319755721996017,0.2714232985887624,0.0286132447630959,0.022021208769335075,0.9231749828133126,3.4505955449182795e-07
2-5-6-10,1.5,0.00996738091276914,0.0319755721996075,0.271423298588771,0.0286132447631016,0.022021208769339926,0.9231749828133142,3.4505955449177385e-07
8-12-13-15,1.5,0.009967380912770137,0.0319755721996075,0.2714232985887698,0.0286132447631016,0.022021208769342625,0.9231749828133136,3.4505955449179423e-07
0-12-13-15,1.5,0.009967380912769348,0.0319755721996093,0.2714232985887718,0.0286132447631036,0.02202120876934015,0.9231749828133171,3.450595544916858e-07
2-3-6-14,1.5,0.009967380912769086,0.0319755721996086,0.2714232985887715,0.028613244763103,0.022021208769339648,0.9231749828133131,3.450595544918078e-07
2-13-14-15,1.5,0.009967380912770942,0.031975572199614,0.2714232985887764,0.0286132447631084,0.02202120876934385,0.9231749828133133,3.45059554491801e-07
4-6-7-11,1.5,0.009967380912769093,0.0319755721996031,0.2714232985887654,0.0286132447630974,0.022021208769340425,0.9231749828133162,3.45059554491713e-07
4-8-11-12,1.5,0.009967380912769464,0.0319755721996096,0.2714232985887708,0.0286132447631036,0.022021208769340453,0.9231749828133122,3.4505955449183473e-07
7-8-11-15,1.5,0.009967380912767485,0.0319755721995989,0.2714232985887606,0.0286132447630933,0.022021208769336647,0.9231749828133138,3.450595544917877e-07
3-12-14-15,1.5,0.00996738091277076,0.031975572199614305,0.2714232985887746,0.0286132447631083,0.022021208769343298,0.9231749828133158,3.450595544917265e-07
5-6-7-10,1.5,0.009967380912771003,0.0319755721996098,0.2714232985887719,0.0286132447631042,0.022021208769344627,0.923174982813316,3.450595544917194e-07
0-8-12-15,1.5,0.009967380912769642,0.031975572199610704,0.2714232985887719,0.0286132447631048,0.0220212087693408,0.9231749828133131,3.450595544918078e-07
2-3-7-15,1.5,0.009967380912768546,0.0319755721996064,0.2714232985887684,0.0286132447631008,0.022021208769338475,0.9231749828133118,3.4505955449184854e-07
0-8-12-13,1.5,0.009967380912769134,0.031975572199605805,0.2714232985887683,0.0286132447630998,0.022021208769340175,0.9231749828133159,3.450595544917194e-07
0-2-3-15,1.5,0.009967380912773556,0.031975572199622104,0.2714232985887841,0.0286132447631162,0.022021208769349827,0.9231749828133189,3.4505955449163155e-07
0-2-3-7,1.5,0.009967380912769858,0.0319755721996106,0.2714232985887738,0.0286132447631047,0.022021208769341424,0.9231749828133178,3.450595544916656e-07
3-11-12-15,1.5,0.00996738091276831,0.031975572199605104,0.2714232985887683,0.0286132447630992,0.022021208769338028,0.9231749828133171,3.450595544916858e-07
3-11-14-15,1.5,0.009967380912768942,0.0319755721996064,0.2714232985887691,0.0286132447631006,0.02202120876933955,0.9231749828133142,3.4505955449177385e-07
7-8-10-11,1.5,0.009967380912769412,0.0319755721996084,0.27142329858877,0.0286132447631023,0.022021208769340474,0.9231749828133097,3.4505955449190974e-07
1-4-5-6,1.5,0.009967380912770473,0.0319755721996119,0.2714232985887743,0.0286132447631061,0.022021208769342875,0.923174982813318,3.450595544916585e-07
1-9-12-13,1.5,0.009967380912772883,0.031975572199622104,0.2714232985887839,0.0286132447631162,0.02202120876934795,0.9231749828133107,3.450595544918821e-07
1-9-13-14,1.5,0.00996738091277098,0.0319755721996138,0.2714232985887769,0.0286132447631079,0.022021208769344047,0.9231749828133171,3.450595544916858e-07
6-10-11-14,1.5,0.009967380912771473,0.031975572199611196,0.2714232985887734,0.0286132447631055,0.0220212087693457,0.9231749828133164,3.450595544917062e-07
3-6-7-11,1.5,0.009967380912771199,0.0319755721996139,0.271423298588776,0.0286132447631083,0.022021208769344578,0.9231749828133118,3.4505955449184854e-07
0-4-5-8,1.5,0.00996738091276859,0.031975572199607,0.271423298588769,0.0286132447631012,0.022021208769338475,0.9231749828133129,3.450595544918145e-07
3-4-7-11,1.5,0.009967380912770649,0.0319755721996116,0.2714232985887744,0.0286132447631056,0.022021208769343475,0.9231749828133178,3.450595544916656e-07
0-1-3-4,1.5,0.009967380912771268,0.0319755721996155,0.2714232985887774,0.0286132447631096,0.022021208769344526,0.9231749828133172,3.450595544916789e-07
9-10-11-14,1.5,0.009967380912770427,0.0319755721996126,0.2714232985887763,0.0286132447631068,0.02202120876934265,0.9231749828133118,3.4505955449184854e-07
0-4-7-8,1.5,0.009967380912769802,0.0319755721996094,0.2714232985887708,0.0286132447631035,0.022021208769341452,0.9231749828133139,3.450595544917877e-07
0-1-3-12,1.5,0.009967380912771533,0.031975572199615304,0.2714232985887771,0.0286132447631094,0.022021208769345303,0.9231749828133176,3.450595544916723e-07
1-5-6-9,1.5,0.00996738091277247,0.031975572199617,0.2714232985887794,0.0286132447631113,0.0220212087693476,0.9231749828133144,3.450595544917671e-07
0-4-5-7,1.5,0.00996738091277014,0.0319755721996116,0.2714232985887737,0.0286132447631058,0.02202120876934205,0.9231749828133154,3.450595544917332e-07
5-8-9-13,1.5,0.009967380912769426,0.0319755721996097,0.2714232985887709,0.0286132447631038,0.02202120876934032,0.9231749828133081,3.4505955449196353e-07
7-10-11-15,1.5,0.009967380912767736,0.0319755721995997,0.2714232985887613,0.0286132447630939,0.0220212087693372,0.9231749828133133,3.45059554491801e-07
11-12-14-15,1.5,0.00996738091277098,0.0319755721996145,0.2714232985887784,0.0286132447631087,0.022021208769343874,0.9231749828133144,3.450595544917671e-07
10-13-14-15,1.5,0.00996738091276988,0.0319755721996097,0.2714232985887725,0.0286132447631041,0.022021208769341577,0.9231749828133148,3.4505955449176014e-07
0-3-7-15,1.5,0.009967380912767892,0.0319755721996041,0.2714232985887658,0.0286132447630984,0.022021208769337025,0.9231749828133122,3.4505955449183473e-07
1-4-5-9,1.5,0.009967380912770291,0.031975572199610204,0.271423298588772,0.0286132447631043,0.022021208769342677,0.9231749828133159,3.450595544917194e-07
6-9-10-11,1.5,0.00996738091276973,0.0319755721996121,0.2714232985887718,0.0286132447631062,0.0220212087693408,0.92317498281331,3.450595544919025e-07
4-5-7-8,1.5,0.009967380912769693,0.031975572199611196,0.2714232985887736,0.0286132447631056,0.022021208769340876,0.9231749828133129,3.450595544918145e-07
6-9-10-14,1.5,0.009967380912771998,0.0319755721996187,0.2714232985887806,0.0286132447631129,0.022021208769346053,0.923174982813311,3.450595544918687e-07
2-10-13-14,1.5,0.009967380912769077,0.0319755721996051,0.2714232985887669,0.0286132447630993,0.0220212087693401,0.9231749828133147,3.4505955449176014e-07
5-9-10-13,1.5,0.009967380912770484,0.0319755721996136,0.271423298588776,0.0286132447631079,0.02202120876934265,0.9231749828133136,3.4505955449179423e-07
2-10-14-15,1.5,0.009967380912772274,0.03197557219962,0.2714232985887814,0.0286132447631143,0.0220212087693466,0.9231749828133118,3.4505955449184854e-07
3-4-6-7,1.5,0.00996738091276815,0.031975572199605604,0.271423298588767,0.0286132447630997,0.022021208769337452,0.9231749828133131,3.450595544918078e-07
0-3-4-12,1.5,0.009967380912769665,0.0319755721996105,0.2714232985887715,0.0286132447631045,0.0220212087693409,0.9231749828133136,3.4505955449179423e-07
0-1-4-12,1.5,0.009967380912771405,0.0319755721996141,0.271423298588776,0.0286132447631084,0.022021208769345123,0.9231749828133159,3.450595544917194e-07
0-1-5-13,1.5,0.009967380912770623,0.031975572199611,0.2714232985887735,0.0286132447631054,0.02202120876934345,0.9231749828133147,3.4505955449176014e-07
4-5-6-9,1.5,0.009967380912767304,0.0319755721995985,0.2714232985887603,0.0286132447630928,0.022021208769336227,0.9231749828133154,3.450595544917332e-07
5-8-9-10,1.5,0.009967380912769363,0.0319755721996091,0.27142329858877,0.0286132447631028,0.022021208769340248,0.9231749828133121,3.450595544918415e-07
8-12-13-14,1.6666666666666667,0.0028967576433667533,0.0093430310078004,0.2491113265116915,0.006304695834418,0.0018809219856113,0.5545031414659566,0.025805401877473
0-11-12-15,1.6666666666666667,0.0028967576433668062,0.009343031007800099,0.2491113265116921,0.0063046958344183,0.001880921985610975,0.5545031414658879,0.025805401877495283
0-12-13-14,1.6666666666666667,0.0028967576433669073,0.0093430310078002,0.2491113265116914,0.006304695834418,0.001880921985612025,0.554503141466015,0.02580540187745419
0-12-14-15,1.6666666666666667,0.002896757643366905,0.0093430310078013,0.249111326511693,0.0063046958344191,0.001880921985612375,0.5545031414660591,0.025805401877439873
4-8-9-10,1.6666666666666667,0.0028967576433665387,0.0093430310077991,0.2491113265116903,0.0063046958344166,0.0018809219856113998,0.5545031414659825,0.025805401877464655
4-8-12-15,1.6666666666666667,0.002896757643366682,0.0093430310078026,0.2491113265116947,0.0063046958344205,0.0018809219856117999,0.5545031414660029,0.025805401877458067
1-2-6-10,1.6666666666666667,0.0028967576433670144,0.0093430310078032,0.249111326511696,0.0063046958344211,0.0018809219856128997,0.5545031414661133,0.025805401877422286
4-8-10-11,1.6666666666666667,0.0028967576433668357,0.0093430310078015,0.2491113265116934,0.0063046958344191,0.001880921985612725,0.5545031414661089,0.02580540187742371
1-2-6-13,1.6666666666666667,0.002896757643366514,0.009343031007800099,0.2491113265116915,0.0063046958344183,0.0018809219856124502,0.554503141466133,0.02580540187741597
1-2-5-14,1.6666666666666667,0.0028967576433674143,0.009343031007802101,0.2491113265116953,0.0063046958344206,0.0018809219856124998,0.5545031414660203,0.025805401877452474
1-2-5-9,1.6666666666666667,0.002896757643366899,0.009343031007803499,0.249111326511696,0.0063046958344214,0.001880921985613275,0.5545031414661767,0.025805401877401817
1-10-13-14,1.6666666666666667,0.0028967576433667356,0.0093430310077997,0.2491113265116923,0.006304695834418,0.0018809219856118,0.5545031414659891,0.025805401877462525
1-2-3-15,1.6666666666666667,0.0028967576433670972,0.0093430310078016,0.2491113265116929,0.0063046958344193,0.0018809219856119749,0.5545031414659788,0.0258054018774658
1-2-3-5,1.6666666666666667,0.0028967576433669017,0.0093430310077996,0.2491113265116915,0.0063046958344173,0.0018809219856109997,0.5545031414658748,0.025805401877499506
1-2-3-13,1.6666666666666667,0.0028967576433669238,0.0093430310078002,0.2491113265116925,0.0063046958344181,0.001880921985611325,0.5545031414659247,0.025805401877483355
0-2-3-4,1.6666666666666667,0.002896757643367286,0.0093430310078008,0.2491113265116934,0.0063046958344183,0.001880921985611125,0.5545031414658552,0.025805401877505837
3-10-14-15,1.6666666666666667,0.002896757643366445,0.0093430310077986,0.2491113265116902,0.0063046958344169,0.0018809219856118253,0.5545031414660372,0.025805401877447003
2-4-6-7,1.6666666666666667,0.002896757643367019,0.009343031007800399,0.249111326511692,0.0063046958344181,0.0018809219856112747,0.5545031414659064,0.025805401877489233
5-6-7-11,1.6666666666666667,0.002896757643367063,0.0093430310078013,0.2491113265116935,0.0063046958344188,0.0018809219856125248,0.5545031414660604,0.025805401877439467
0-8-11-12,1.6666666666666667,0.0028967576433674273,0.0093430310078056,0.2491113265116983,0.0063046958344233,0.0018809219856129001,0.5545031414660526,0.02580540187744198
4-8-12-13,1.6666666666666667,0.0028967576433666428,0.0093430310078011,0.2491113265116941,0.0063046958344189,0.0018809219856119,0.5545031414660208,0.025805401877452318
4-8-11-15,1.6666666666666667,0.0028967576433669615,0.009343031007800399,0.2491113265116927,0.0063046958344188,0.0018809219856118,0.554503141465968,0.025805401877469342
0-9-12-13,1.6666666666666667,0.002896757643367295,0.0093430310078011,0.2491113265116937,0.0063046958344195,0.0018809219856121251,0.554503141465967,0.0258054018774697
5-6-10-14,1.6666666666666667,0.0028967576433667312,0.0093430310078023,0.2491113265116935,0.0063046958344202,0.0018809219856116,0.5545031414659776,0.025805401877466248
2-3-7-14,1.6666666666666667,0.002896757643366507,0.0093430310077992,0.2491113265116915,0.0063046958344174,0.0018809219856118998,0.5545031414660656,0.02580540187743782
8-10-11-12,1.6666666666666667,0.0028967576433666367,0.0093430310078003,0.2491113265116933,0.006304695834418,0.00188092198561275,0.5545031414661425,0.025805401877412877
2-4-5-6,1.6666666666666667,0.0028967576433665924,0.0093430310077989,0.2491113265116907,0.0063046958344166,0.0018809219856110251,0.5545031414659272,0.02580540187748255
3-10-11-15,1.6666666666666667,0.0028967576433671753,0.009343031007802,0.2491113265116949,0.00630469583442,0.0018809219856124248,0.5545031414660262,0.025805401877450514
2-3-5-6,1.6666666666666667,0.002896757643366607,0.0093430310077988,0.24911132651169,0.0063046958344165,0.0018809219856108252,0.554503141465885,0.025805401877496206
2-9-10-14,1.6666666666666667,0.002896757643367205,0.0093430310078032,0.2491113265116961,0.0063046958344211,0.0018809219856128249,0.5545031414660802,0.025805401877433066
0-2-3-6,1.6666666666666667,0.0028967576433674,0.0093430310078017,0.2491113265116943,0.0063046958344192,0.0018809219856117999,0.5545031414659163,0.02580540187748609
8-11-14-15,1.6666666666666667,0.002896757643367296,0.0093430310078026,0.249111326511696,0.0063046958344199,0.00188092198561245,0.5545031414660272,0.025805401877450177
5-6-9-13,1.6666666666666667,0.0028967576433664606,0.0093430310078011,0.2491113265116926,0.006304695834419,0.0018809219856123253,0.5545031414660999,0.025805401877426686
8-11-12-13,1.6666666666666667,0.0028967576433671276,0.0093430310078033,0.2491113265116946,0.0063046958344207,0.001880921985612525,0.5545031414660424,0.025805401877445282
2-5-6-9,1.6666666666666667,0.0028967576433675244,0.009343031007802,0.2491113265116957,0.0063046958344203,0.0018809219856116251,0.5545031414658774,0.02580540187749866
2-6-10-11,1.6666666666666667,0.0028967576433672477,0.0093430310078048,0.2491113265116971,0.0063046958344225,0.001880921985613225,0.5545031414661263,0.025805401877418137
8-10-11-14,1.6666666666666667,0.002896757643367244,0.0093430310078013,0.2491113265116938,0.006304695834419,0.0018809219856119749,0.5545031414659697,0.02580540187746885
0-1-9-13,1.6666666666666667,0.0028967576433671168,0.0093430310078036,0.2491113265116969,0.0063046958344216,0.0018809219856132501,0.5545031414661517,0.02580540187740994
2-6-14-15,1.6666666666666667,0.0028967576433663158,0.0093430310078026,0.2491113265116948,0.0063046958344203,0.0018809219856132501,0.5545031414662369,0.025805401877382367
2-6-13-14,1.6666666666666667,0.0028967576433655716,0.0093430310078008,0.2491113265116926,0.0063046958344187,0.0018809219856147,0.5545031414665069,0.025805401877295006
1-2-14-15,1.6666666666666667,0.0028967576433666137,0.0093430310078002,0.2491113265116921,0.0063046958344183,0.0018809219856133754,0.5545031414662241,0.02580540187738651
4-8-9-13,1.6666666666666667,0.0028967576433671384,0.0093430310078005,0.2491113265116934,0.0063046958344188,0.001880921985611875,0.5545031414659617,0.025805401877471417
5-6-10-11,1.6666666666666667,0.00289675764336712,0.0093430310078027,0.2491113265116943,0.0063046958344201,0.0018809219856129999,0.5545031414660987,0.025805401877427022
1-2-4-5,1.6666666666666667,0.002896757643366993,0.009343031007801199,0.2491113265116931,0.0063046958344187,0.0018809219856118998,0.5545031414659747,0.025805401877467198
1-2-3-7,1.6666666666666667,0.0028967576433670985,0.0093430310078014,0.2491113265116935,0.0063046958344191,0.001880921985611975,0.5545031414659747,0.025805401877467198
2-6-9-10,1.6666666666666667,0.0028967576433669463,0.0093430310078014,0.249111326511693,0.0063046958344192,0.0018809219856114,0.5545031414659248,0.025805401877483355
0-2-3-14,1.6666666666666667,0.002896757643367405,0.0093430310078021,0.2491113265116947,0.0063046958344201,0.0018809219856129496,0.5545031414660707,0.02580540187743608
0-2-3-12,1.6666666666666667,0.0028967576433667837,0.0093430310078005,0.2491113265116926,0.0063046958344182,0.001880921985611325,0.554503141465944,0.025805401877477114
0-8-9-12,1.6666666666666667,0.002896757643367694,0.009343031007805,0.2491113265116978,0.0063046958344229,0.001880921985612425,0.5545031414659639,0.025805401877470692
2-5-6-14,1.6666666666666667,0.0028967576433664025,0.0093430310078022,0.2491113265116939,0.0063046958344201,0.0018809219856126247,0.554503141466142,0.025805401877413103
1-12-13-15,1.6666666666666667,0.0028967576433667104,0.0093430310078008,0.249111326511693,0.0063046958344187,0.0018809219856135997,0.5545031414662343,0.025805401877383206
1-13-14-15,1.6666666666666667,0.0028967576433665395,0.0093430310078017,0.2491113265116953,0.0063046958344192,0.00188092198561225,0.5545031414660915,0.025805401877429426
0-1-2-14,1.6666666666666667,0.0028967576433672694,0.0093430310078004,0.2491113265116936,0.0063046958344185,0.0018809219856113003,0.5545031414658756,0.025805401877499228
0-1-2-12,1.6666666666666667,0.0028967576433671276,0.0093430310078016,0.2491113265116938,0.0063046958344193,0.0018809219856121,0.5545031414659964,0.02580540187746013
1-2-10-14,1.6666666666666667,0.002896757643366894,0.009343031007802899,0.2491113265116959,0.0063046958344208,0.001880921985612875,0.5545031414661344,0.02580540187741554
1-2-12-13,1.6666666666666667,0.0028967576433670227,0.0093430310078015,0.2491113265116936,0.0063046958344194,0.0018809219856119,0.5545031414659797,0.025805401877465526
9-12-13-15,1.6666666666666667,0.002896757643366677,0.0093430310077997,0.2491113265116923,0.0063046958344176,0.001880921985612525,0.5545031414661208,0.025805401877419927
9-10-11-15,1.6666666666666667,0.002896757643366931,0.0093430310078008,0.249111326511693,0.0063046958344183,0.00188092198561235,0.5545031414660616,0.025805401877439103
2-6-7-14,1.6666666666666667,0.0028967576433667065,0.0093430310078028,0.2491113265116946,0.0063046958344206,0.0018809219856124,0.5545031414660846,0.025805401877431654
2-6-7-11,1.6666666666666667,0.0028967576433674732,0.0093430310078023,0.2491113265116957,0.0063046958344206,0.0018809219856126,0.5545031414660018,0.02580540187745842
8-9-10-14,1.6666666666666667,0.0028967576433675587,0.0093430310078028,0.2491113265116944,0.0063046958344201,0.0018809219856117253,0.5545031414659017,0.02580540187749083
8-9-10-12,1.6666666666666667,0.0028967576433670244,0.0093430310078013,0.249111326511694,0.0063046958344191,0.0018809219856124751,0.554503141466056,0.025805401877440896
8-12-14-15,1.6666666666666667,0.0028967576433668275,0.0093430310078009,0.2491113265116927,0.0063046958344185,0.0018809219856110752,0.5545031414659205,0.0258054018774847
8-9-11-13,1.6666666666666667,0.002896757643366997,0.009343031007802101,0.2491113265116934,0.0063046958344195,0.0018809219856125248,0.5545031414660646,0.025805401877438093
5-8-9-12,1.6666666666666667,0.002896757643366852,0.0093430310078002,0.2491113265116923,0.0063046958344184,0.001880921985611525,0.5545031414659529,0.025805401877474227
4-6-7-10,1.6666666666666667,0.0028967576433672156,0.0093430310078014,0.2491113265116936,0.0063046958344189,0.0018809219856123004,0.5545031414660094,0.025805401877455926
4-7-11-15,1.6666666666666667,0.0028967576433670214,0.0093430310078031,0.2491113265116954,0.006304695834421,0.0018809219856117001,0.554503141465943,0.02580540187747746
4-7-10-11,1.6666666666666667,0.002896757643366959,0.009343031007803301,0.2491113265116943,0.0063046958344209,0.0018809219856135502,0.554503141466187,0.025805401877398524
0-1-5-9,1.6666666666666667,0.0028967576433669966,0.0093430310078017,0.2491113265116938,0.0063046958344197,0.001880921985612525,0.5545031414660727,0.025805401877435494
0-1-8-12,1.6666666666666667,0.0028967576433671736,0.0093430310078046,0.2491113265116966,0.0063046958344226,0.0018809219856131,0.5545031414661187,0.025805401877420572
2-11-14-15,1.6666666666666667,0.0028967576433668735,0.0093430310077997,0.2491113265116913,0.0063046958344179,0.0018809219856107252,0.5545031414658386,0.025805401877511208
2-3-4-7,1.6666666666666667,0.00289675764336706,0.0093430310078015,0.2491113265116921,0.0063046958344192,0.0018809219856121251,0.5545031414659811,0.025805401877465106
2-3-10-14,1.6666666666666667,0.002896757643367168,0.009343031007804101,0.2491113265116973,0.0063046958344219,0.0018809219856135502,0.5545031414661885,0.02580540187739802
2-3-11-15,1.6666666666666667,0.0028967576433669364,0.009343031007803999,0.2491113265116964,0.0063046958344222,0.001880921985613925,0.5545031414662478,0.02580540187737885
2-12-13-14,1.6666666666666667,0.002896757643366411,0.0093430310077992,0.2491113265116914,0.0063046958344169,0.0018809219856113252,0.5545031414659926,0.025805401877461377
2-12-14-15,1.6666666666666667,0.002896757643366888,0.0093430310078008,0.2491113265116932,0.0063046958344183,0.00188092198561185,0.55450314146599,0.025805401877462227
7-11-12-15,1.6666666666666667,0.002896757643366782,0.0093430310078023,0.249111326511693,0.0063046958344199,0.00188092198561175,0.554503141465983,0.02580540187746453
2-3-6-10,1.6666666666666667,0.002896757643366583,0.009343031007801601,0.249111326511694,0.0063046958344195,0.001880921985614375,0.5545031414663636,0.02580540187734142
7-8-11-12,1.6666666666666667,0.0028967576433670487,0.009343031007800399,0.2491113265116927,0.0063046958344188,0.0018809219856120753,0.5545031414659876,0.025805401877463024
7-11-14-15,1.6666666666666667,0.002896757643367045,0.009343031007804,0.249111326511696,0.0063046958344219,0.0018809219856126,0.5545031414660525,0.02580540187744198
4-7-8-12,1.6666666666666667,0.0028967576433669437,0.0093430310078025,0.2491113265116947,0.0063046958344207,0.00188092198561195,0.5545031414659803,0.02580540187746541
4-7-8-9,1.6666666666666667,0.00289675764336712,0.0093430310078012,0.2491113265116943,0.0063046958344189,0.001880921985612775,0.5545031414660758,0.025805401877434513
5-6-7-9,1.6666666666666667,0.002896757643366902,0.009343031007800099,0.2491113265116927,0.0063046958344176,0.001880921985611525,0.5545031414659561,0.025805401877473155
2-3-6-15,1.6666666666666667,0.0028967576433664446,0.0093430310077988,0.2491113265116902,0.0063046958344171,0.0018809219856122748,0.5545031414661117,0.02580540187742287
2-3-7-11,1.6666666666666667,0.002896757643366859,0.0093430310078033,0.2491113265116959,0.0063046958344212,0.0018809219856127247,0.5545031414661159,0.025805401877421502
1-2-6-7,1.6666666666666667,0.0028967576433668756,0.0093430310078014,0.249111326511693,0.006304695834419,0.001880921985612275,0.5545031414660381,0.02580540187744671
7-9-10-11,1.6666666666666667,0.002896757643366887,0.0093430310078007,0.2491113265116933,0.0063046958344184,0.001880921985611275,0.5545031414659178,0.025805401877485583
7-8-9-11,1.6666666666666667,0.0028967576433661726,0.0093430310077991,0.2491113265116918,0.0063046958344164,0.001880921985612725,0.5545031414661976,0.02580540187739505
5-6-8-9,1.6666666666666667,0.0028967576433672824,0.009343031007802899,0.2491113265116955,0.0063046958344204,0.0018809219856126998,0.5545031414660505,0.025805401877442694
1-2-9-13,1.6666666666666667,0.002896757643366624,0.009343031007801,0.2491113265116941,0.0063046958344188,0.0018809219856129999,0.5545031414661883,0.025805401877398083
2-9-13-14,1.6666666666666667,0.0028967576433664953,0.0093430310077982,0.2491113265116896,0.0063046958344164,0.0018809219856103748,0.5545031414658422,0.025805401877510063
3-13-14-15,1.6666666666666667,0.0028967576433667095,0.0093430310078003,0.2491113265116928,0.0063046958344181,0.0018809219856120998,0.5545031414660364,0.025805401877447197
3-12-13-15,1.6666666666666667,0.0028967576433665478,0.0093430310077993,0.2491113265116909,0.006304695834417,0.0018809219856112998,0.5545031414659678,0.025805401877469426
2-3-13-14,1.6666666666666667,0.002896757643366587,0.0093430310077987,0.2491113265116896,0.0063046958344165,0.001880921985610775,0.5545031414658891,0.02580540187749484
2-3-12-15,1.6666666666666667,0.0028967576433668314,0.0093430310078002,0.2491113265116925,0.0063046958344181,0.0018809219856124248,0.5545031414660644,0.025805401877438173
0-3-4-15,1.6666666666666667,0.0028967576433665916,0.009343031007799301,0.2491113265116912,0.0063046958344176,0.0018809219856112498,0.5545031414659715,0.025805401877468263
3-4-5-7,1.6666666666666667,0.002896757643367188,0.0093430310078023,0.249111326511694,0.00630469583442,0.001880921985612725,0.5545031414660653,0.025805401877437878
4-6-7-8,1.6666666666666667,0.002896757643366858,0.0093430310078015,0.2491113265116938,0.006304695834419,0.0018809219856125,0.5545031414660861,0.025805401877431123
0-3-12-13,1.6666666666666667,0.0028967576433669463,0.009343031007801601,0.2491113265116936,0.0063046958344195,0.001880921985612375,0.5545031414660452,0.025805401877444414
0-3-11-15,1.6666666666666667,0.002896757643367272,0.0093430310078027,0.2491113265116954,0.0063046958344204,0.0018809219856135,0.5545031414661621,0.025805401877406545
4-5-7-9,1.6666666666666667,0.002896757643366355,0.0093430310077983,0.249111326511691,0.0063046958344158,0.001880921985610725,0.5545031414659252,0.0258054018774832
1-4-5-13,1.6666666666666667,0.0028967576433661284,0.009343031007802101,0.249111326511694,0.00630469583442,0.0018809219856130502,0.5545031414662297,0.025805401877384657
4-5-8-12,1.6666666666666667,0.002896757643366677,0.0093430310078021,0.2491113265116941,0.0063046958344201,0.0018809219856114998,0.5545031414659563,0.025805401877473155
4-5-8-11,1.6666666666666667,0.0028967576433670413,0.009343031007802,0.2491113265116943,0.0063046958344197,0.0018809219856129999,0.5545031414661067,0.02580540187742445
5-9-13-14,1.6666666666666667,0.00289675764336663,0.0093430310078019,0.2491113265116926,0.0063046958344196,0.0018809219856127251,0.5545031414661152,0.025805401877421717
10-11-12-15,1.6666666666666667,0.00289675764336745,0.0093430310078022,0.2491113265116947,0.0063046958344196,0.0018809219856117752,0.5545031414659247,0.025805401877483355
10-11-13-14,1.6666666666666667,0.0028967576433667785,0.0093430310078007,0.2491113265116918,0.006304695834418,0.001880921985612525,0.5545031414660949,0.02580540187742833
11-13-14-15,1.6666666666666667,0.002896757643367019,0.009343031007801199,0.2491113265116933,0.0063046958344191,0.0018809219856126748,0.5545031414661084,0.025805401877423948
11-12-13-15,1.6666666666666667,0.0028967576433662854,0.0093430310077991,0.2491113265116914,0.0063046958344168,0.0018809219856120002,0.5545031414661057,0.025805401877424798
10-12-14-15,1.6666666666666667,0.0028967576433670036,0.0093430310078003,0.2491113265116937,0.0063046958344178,0.001880921985611425,0.5545031414659428,0.02580540187747746
10-12-13-14,1.6666666666666667,0.0028967576433667447,0.0093430310077994,0.2491113265116914,0.0063046958344175,0.001880921985611225,0.5545031414659467,0.025805401877476233
2-10-11-14,1.6666666666666667,0.0028967576433666193,0.0093430310077992,0.2491113265116897,0.006304695834417,0.0018809219856116251,0.5545031414659896,0.025805401877462365
0-3-6-7,1.6666666666666667,0.0028967576433669806,0.0093430310078001,0.2491113265116915,0.0063046958344178,0.0018809219856114252,0.5545031414659172,0.025805401877485794
0-3-7-11,1.6666666666666667,0.002896757643367313,0.0093430310078037,0.249111326511696,0.0063046958344217,0.0018809219856132501,0.5545031414661152,0.025805401877421717
0-3-7-12,1.6666666666666667,0.0028967576433663843,0.0093430310077984,0.2491113265116901,0.0063046958344168,0.0018809219856120998,0.554503141466096,0.025805401877427893
0-3-14-15,1.6666666666666667,0.0028967576433670222,0.009343031007801,0.2491113265116931,0.006304695834419,0.0018809219856121499,0.5545031414660141,0.02580540187745447
5-9-10-14,1.6666666666666667,0.002896757643367284,0.0093430310078025,0.249111326511695,0.0063046958344207,0.001880921985612875,0.5545031414660717,0.02580540187743579
4-5-9-10,1.6666666666666667,0.0028967576433668626,0.0093430310078039,0.2491113265116955,0.0063046958344215,0.0018809219856131248,0.5545031414661489,0.02580540187741078
5-9-12-13,1.6666666666666667,0.0028967576433666857,0.009343031007802,0.249111326511694,0.0063046958344196,0.001880921985612325,0.5545031414660637,0.025805401877438395
0-3-4-5,1.6666666666666667,0.0028967576433672976,0.0093430310078025,0.2491113265116946,0.0063046958344202,0.0018809219856126005,0.5545031414660251,0.02580540187745088
4-5-9-13,1.6666666666666667,0.0028967576433665413,0.0093430310078019,0.2491113265116936,0.00630469583442,0.0018809219856118246,0.554503141466023,0.025805401877451596
0-1-5-12,1.6666666666666667,0.0028967576433671575,0.009343031007801,0.2491113265116937,0.0063046958344194,0.00188092198561295,0.5545031414661146,0.025805401877421932
0-1-4-13,1.6666666666666667,0.002896757643367086,0.0093430310078009,0.2491113265116941,0.0063046958344193,0.0018809219856117999,0.5545031414659763,0.025805401877466688
0-1-4-7,1.6666666666666667,0.002896757643367404,0.0093430310078024,0.2491113265116946,0.0063046958344201,0.0018809219856130498,0.5545031414660718,0.02580540187743579
0-1-4-8,1.6666666666666667,0.002896757643366873,0.0093430310078035,0.2491113265116962,0.0063046958344216,0.0018809219856137003,0.554503141466235,0.025805401877382932
0-1-5-6,1.6666666666666667,0.002896757643367247,0.0093430310078028,0.2491113265116949,0.0063046958344204,0.0018809219856126252,0.5545031414660233,0.02580540187745146
4-5-7-11,1.6666666666666667,0.002896757643366854,0.009343031007801,0.2491113265116943,0.0063046958344184,0.0018809219856118248,0.5545031414660059,0.025805401877457067
5-8-9-11,1.6666666666666667,0.002896757643366642,0.0093430310077999,0.2491113265116913,0.0063046958344171,0.0018809219856113996,0.5545031414659638,0.025805401877470692
4-5-6-10,1.6666666666666667,0.002896757643366882,0.0093430310078002,0.2491113265116917,0.0063046958344179,0.0018809219856120002,0.5545031414660104,0.025805401877455628
6-10-13-14,1.6666666666666667,0.0028967576433669923,0.0093430310078025,0.2491113265116933,0.0063046958344202,0.0018809219856121503,0.5545031414660014,0.02580540187745848
6-10-14-15,1.6666666666666667,0.0028967576433665864,0.009343031007803,0.2491113265116955,0.0063046958344207,0.0018809219856122249,0.5545031414660684,0.025805401877436872
5-9-10-11,1.6666666666666667,0.002896757643366431,0.0093430310077985,0.2491113265116896,0.0063046958344158,0.0018809219856108501,0.5545031414659218,0.02580540187748427
1-8-12-13,1.6666666666666667,0.002896757643367078,0.0093430310078008,0.2491113265116938,0.006304695834419,0.00188092198561125,0.5545031414658816,0.025805401877497303
3-4-7-8,1.6666666666666667,0.0028967576433664103,0.0093430310077989,0.2491113265116907,0.0063046958344168,0.0018809219856113,0.5545031414659747,0.025805401877467198
3-4-7-15,1.6666666666666667,0.0028967576433662667,0.009343031007800099,0.2491113265116912,0.006304695834418,0.0018809219856122752,0.5545031414661111,0.02580540187742301
6-9-10-13,1.6666666666666667,0.002896757643367339,0.0093430310078019,0.2491113265116948,0.0063046958344199,0.0018809219856129249,0.5545031414660813,0.025805401877432698
7-10-11-14,1.6666666666666667,0.002896757643367,0.0093430310078014,0.2491113265116943,0.0063046958344197,0.0018809219856121,0.554503141466003,0.025805401877458067
0-3-4-8,1.6666666666666667,0.002896757643366807,0.009343031007802,0.2491113265116939,0.0063046958344199,0.0018809219856126002,0.5545031414661051,0.025805401877425027
1-8-9-13,1.6666666666666667,0.0028967576433671293,0.009343031007801199,0.2491113265116936,0.0063046958344191,0.0018809219856110498,0.5545031414658529,0.02580540187750662
1-9-10-13,1.6666666666666667,0.0028967576433669958,0.0093430310078008,0.2491113265116925,0.0063046958344187,0.00188092198561215,0.5545031414660161,0.02580540187745376
0-3-8-12,1.6666666666666667,0.002896757643367265,0.0093430310078036,0.2491113265116964,0.0063046958344214,0.001880921985613775,0.5545031414662007,0.02580540187739408
3-6-7-15,1.6666666666666667,0.002896757643366423,0.0093430310078012,0.2491113265116929,0.006304695834419,0.0018809219856121,0.554503141466079,0.025805401877433423
0-4-12-13,1.6666666666666667,0.0028967576433664636,0.0093430310078004,0.2491113265116929,0.006304695834418,0.0018809219856113502,0.5545031414659812,0.025805401877465106
3-6-7-10,1.6666666666666667,0.0028967576433673436,0.0093430310078024,0.2491113265116949,0.0063046958344205,0.0018809219856126998,0.5545031414660417,0.025805401877445497
6-10-11-15,1.6666666666666667,0.002896757643367262,0.009343031007802,0.2491113265116948,0.0063046958344201,0.0018809219856131998,0.5545031414661077,0.025805401877424163
4-5-6-8,1.6666666666666667,0.0028967576433664823,0.0093430310077987,0.2491113265116905,0.0063046958344163,0.0018809219856104498,0.5545031414658694,0.025805401877501244
0-4-8-9,1.6666666666666667,0.002896757643367476,0.0093430310078046,0.2491113265116967,0.0063046958344224,0.0018809219856133247,0.5545031414661084,0.025805401877423948
6-7-11-15,1.6666666666666667,0.002896757643366741,0.0093430310078017,0.2491113265116935,0.0063046958344197,0.001880921985611825,0.5545031414659934,0.025805401877461078
1-5-13-14,1.6666666666666667,0.0028967576433664008,0.0093430310078015,0.2491113265116936,0.0063046958344194,0.0018809219856129001,0.5545031414661803,0.025805401877400675
1-5-12-13,1.6666666666666667,0.0028967576433667945,0.0093430310078018,0.2491113265116934,0.0063046958344195,0.00188092198561215,0.554503141466031,0.02580540187744903
1-5-6-10,1.6666666666666667,0.0028967576433672764,0.0093430310078018,0.2491113265116942,0.0063046958344199,0.0018809219856115002,0.5545031414658984,0.025805401877491824
1-5-6-13,1.6666666666666667,0.0028967576433664454,0.0093430310078039,0.2491113265116962,0.0063046958344218,0.001880921985612525,0.5545031414661292,0.0258054018774172
0-4-6-7,1.6666666666666667,0.002896757643367359,0.0093430310078028,0.2491113265116944,0.0063046958344205,0.001880921985612325,0.5545031414659861,0.025805401877463507
3-5-6-7,1.6666666666666667,0.002896757643367341,0.0093430310078024,0.2491113265116949,0.0063046958344201,0.0018809219856121499,0.554503141465972,0.025805401877468038
0-4-5-9,1.6666666666666667,0.0028967576433675192,0.0093430310078019,0.2491113265116945,0.0063046958344202,0.001880921985612,0.5545031414659287,0.025805401877482047
0-4-12-15,1.6666666666666667,0.0028967576433665313,0.0093430310078026,0.2491113265116956,0.0063046958344203,0.0018809219856129999,0.5545031414661824,0.02580540187740002
6-8-10-11,1.6666666666666667,0.0028967576433669615,0.0093430310078006,0.2491113265116918,0.0063046958344182,0.001880921985611225,0.5545031414658969,0.025805401877492418
6-8-9-10,1.6666666666666667,0.0028967576433663266,0.0093430310077991,0.2491113265116911,0.0063046958344166,0.0018809219856114,0.5545031414659966,0.02580540187746006
1-4-5-8,1.6666666666666667,0.0028967576433672343,0.0093430310078011,0.2491113265116939,0.0063046958344193,0.0018809219856121499,0.5545031414659876,0.025805401877463024
1-4-5-7,1.6666666666666667,0.002896757643367027,0.0093430310078009,0.2491113265116936,0.0063046958344188,0.0018809219856124998,0.5545031414660522,0.025805401877442118
0-4-7-11,1.6666666666666667,0.0028967576433670665,0.009343031007801799,0.2491113265116949,0.0063046958344201,0.0018809219856129001,0.5545031414660975,0.02580540187742745
0-4-7-12,1.6666666666666667,0.0028967576433663617,0.0093430310078029,0.2491113265116955,0.0063046958344207,0.001880921985613375,0.5545031414662519,0.025805401877377475
3-7-10-11,1.6666666666666667,0.0028967576433670305,0.0093430310078033,0.2491113265116952,0.0063046958344212,0.0018809219856123999,0.5545031414660393,0.02580540187744628
0-4-5-12,1.6666666666666667,0.0028967576433664008,0.0093430310078035,0.2491113265116958,0.0063046958344213,0.001880921985613275,0.5545031414662354,0.025805401877382866
0-4-5-6,1.6666666666666667,0.0028967576433672182,0.009343031007802,0.2491113265116943,0.0063046958344196,0.0018809219856120252,0.554503141465977,0.02580540187746639
3-7-8-11,1.6666666666666667,0.0028967576433668726,0.0093430310078023,0.2491113265116938,0.0063046958344201,0.001880921985612375,0.5545031414660605,0.02580540187743938
1-5-8-9,1.6666666666666667,0.0028967576433667624,0.0093430310078021,0.2491113265116938,0.0063046958344198,0.00188092198561245,0.5545031414660784,0.02580540187743364
1-5-6-7,1.6666666666666667,0.0028967576433672638,0.0093430310078011,0.2491113265116935,0.0063046958344188,0.0018809219856110997,0.5545031414658541,0.02580540187750619
3-7-12-15,1.6666666666666667,0.0028967576433664047,0.0093430310078012,0.2491113265116927,0.006304695834419,0.001880921985612875,0.5545031414661723,0.02580540187740327
3-7-14-15,1.6666666666666667,0.00289675764336647,0.0093430310078002,0.2491113265116921,0.0063046958344181,0.001880921985611325,0.5545031414659644,0.025805401877470557
6-7-9-10,1.6666666666666667,0.0028967576433666913,0.0093430310078014,0.249111326511693,0.006304695834419,0.0018809219856119998,0.5545031414660198,0.025805401877452616
0-4-8-11,1.6666666666666667,0.0028967576433672248,0.0093430310078028,0.2491113265116956,0.0063046958344206,0.0018809219856131248,0.5545031414661141,0.025805401877422085
6-7-8-11,1.6666666666666667,0.0028967576433669723,0.0093430310078024,0.249111326511694,0.0063046958344199,0.0018809219856123,0.5545031414660364,0.025805401877447197
3-8-12-15,1.6666666666666667,0.0028967576433669255,0.0093430310078,0.2491113265116931,0.0063046958344182,0.0018809219856116002,0.5545031414659478,0.025805401877475865
6-7-10-14,1.6666666666666667,0.002896757643367373,0.0093430310078045,0.2491113265116971,0.0063046958344225,0.001880921985611625,0.5545031414658935,0.025805401877493424
1-5-9-10,1.6666666666666667,0.0028967576433672343,0.0093430310078031,0.2491113265116963,0.006304695834421,0.001880921985613375,0.5545031414661391,0.02580540187741395
9-10-11-13,1.6666666666666667,0.0028967576433669285,0.0093430310078012,0.2491113265116913,0.0063046958344183,0.0018809219856116496,0.5545031414659666,0.025805401877469835
3-8-11-15,1.6666666666666667,0.002896757643367341,0.0093430310078033,0.2491113265116953,0.0063046958344212,0.0018809219856122498,0.5545031414659745,0.02580540187746725
0-1-3-7,1.6666666666666667,0.002896757643367301,0.009343031007801199,0.2491113265116937,0.0063046958344187,0.0018809219856115748,0.5545031414659083,0.025805401877488664
0-1-2-4,1.6666666666666667,0.0028967576433671267,0.0093430310078008,0.249111326511693,0.0063046958344183,0.0018809219856111502,0.5545031414658725,0.025805401877500238
0-1-3-5,1.6666666666666667,0.002896757643367027,0.0093430310078017,0.2491113265116939,0.0063046958344192,0.0018809219856114252,0.5545031414659274,0.025805401877482478
0-1-3-15,1.6666666666666667,0.002896757643367132,0.0093430310078011,0.2491113265116935,0.0063046958344188,0.0018809219856121997,0.5545031414660173,0.025805401877453397
0-1-3-13,1.6666666666666667,0.002896757643367097,0.0093430310078005,0.249111326511692,0.0063046958344183,0.001880921985611375,0.5545031414659172,0.025805401877485794
0-1-2-6,1.6666666666666667,0.0028967576433675543,0.0093430310078025,0.249111326511695,0.0063046958344201,0.001880921985611925,0.5545031414659191,0.02580540187748523
8-9-11-15,1.6666666666666667,0.0028967576433668223,0.009343031007801199,0.2491113265116929,0.0063046958344184,0.001880921985612825,0.554503141466129,0.025805401877417266
0-1-13-14,1.6666666666666667,0.0028967576433672065,0.009343031007803,0.249111326511696,0.0063046958344208,0.001880921985613025,0.5545031414661087,0.025805401877423872
0-1-12-15,1.6666666666666667,0.0028967576433669086,0.009343031007800399,0.2491113265116925,0.0063046958344184,0.0018809219856119,0.5545031414659899,0.025805401877462227
8-9-13-14,1.6666666666666667,0.002896757643367194,0.0093430310078025,0.2491113265116945,0.0063046958344198,0.00188092198561125,0.5545031414658845,0.025805401877496352
8-9-12-15,1.6666666666666667,0.0028967576433668635,0.009343031007803801,0.2491113265116957,0.006304695834421,0.0018809219856145503,0.5545031414663434,0.02580540187734786
9-10-12-13,1.6666666666666667,0.0028967576433671003,0.0093430310078025,0.2491113265116942,0.0063046958344197,0.0018809219856124,0.5545031414660382,0.025805401877446645
9-10-14-15,1.6666666666666667,0.0028967576433671896,0.0093430310078019,0.2491113265116932,0.0063046958344193,0.0018809219856121499,0.5545031414660031,0.025805401877458008
9-13-14-15,1.6666666666666667,0.0028967576433666124,0.0093430310077989,0.2491113265116915,0.0063046958344166,0.0018809219856113998,0.5545031414659931,0.02580540187746121
9-11-12-13,1.8333333333333333,0.007137533545795572,0.0226316216460516,0.248715232710267,0.0058844348560256,-0.013070475995404075,-0.6139941821686711,0.011401008509037565
9-10-13-15,1.8333333333333333,0.007137533545795555,0.022631621646048698,0.2487152327102647,0.0058844348560256,-0.013070475995404224,-0.6139941821686653,0.011401008509038559
9-12-14-15,1.8333333333333333,0.007137533545796191,0.022631621646052102,0.2487152327102662,0.0058844348560254,-0.013070475995404375,-0.6139941821686626,0.011401008509039011
9-10-12-14,1.8333333333333333,0.007137533545795488,0.0226316216460491,0.2487152327102666,0.0058844348560256,-0.013070475995403574,-0.6139941821686536,0.011401008509040574
8-9-12-14,1.8333333333333333,0.007137533545796168,0.0226316216460481,0.2487152327102662,0.0058844348560255,-0.013070475995405725,-0.6139941821686951,0.011401008509033455
2-6-10-13,1.8333333333333333,0.00713753354579544,0.0226316216460524,0.248715232710267,0.0058844348560264,-0.013070475995403924,-0.6139941821686723,0.011401008509037372
2-6-10-15,1.8333333333333333,0.0071375335457960635,0.0226316216460474,0.2487152327102668,0.005884434856026,-0.013070475995404975,-0.6139941821686739,0.011401008509037112
2-6-11-14,1.8333333333333333,0.007137533545795044,0.0226316216460494,0.248715232710266,0.0058844348560258,-0.013070475995403001,-0.6139941821686472,0.01140100850904167
0-1-12-14,1.8333333333333333,0.007137533545796133,0.022631621646046898,0.2487152327102658,0.0058844348560257,-0.01307047599540545,-0.6139941821686774,0.011401008509036501
0-1-2-7,1.8333333333333333,0.007137533545795999,0.022631621646051002,0.2487152327102663,0.005884434856026,-0.013070475995403922,-0.6139941821686529,0.011401008509040682
0-1-3-14,1.8333333333333333,0.00713753354579574,0.022631621646050797,0.2487152327102659,0.0058844348560251,-0.01307047599540385,-0.6139941821686524,0.011401008509040765
0-1-3-6,1.8333333333333333,0.007137533545796372,0.022631621646051002,0.2487152327102663,0.0058844348560256,-0.01307047599540525,-0.6139941821686756,0.01140100850903679
0-1-2-15,1.8333333333333333,0.007137533545795946,0.022631621646051,0.2487152327102665,0.0058844348560253,-0.013070475995404124,-0.6139941821686572,0.01140100850903996
9-10-11-12,1.8333333333333333,0.007137533545796003,0.0226316216460541,0.2487152327102652,0.0058844348560254,-0.0130704759954045,-0.6139941821686733,0.01140100850903718
1-6-13-14,1.8333333333333333,0.00713753354579569,0.0226316216460546,0.2487152327102656,0.0058844348560258,-0.013070475995404951,-0.6139941821687054,0.011401008509031701
0-4-7-15,1.8333333333333333,0.007137533545797262,0.022631621646050704,0.2487152327102673,0.0058844348560256,-0.013070475995407501,-0.6139941821687142,0.011401008509030176
6-7-8-10,1.8333333333333333,0.007137533545795649,0.022631621646047304,0.2487152327102654,0.0058844348560256,-0.0130704759954045,-0.6139941821686665,0.01140100850903837
6-7-9-11,1.8333333333333333,0.007137533545795713,0.022631621646048303,0.248715232710265,0.0058844348560255,-0.013070475995404299,-0.6139941821686571,0.011401008509039998
0-4-8-13,1.8333333333333333,0.007137533545795739,0.0226316216460475,0.2487152327102658,0.0058844348560259,-0.01307047599540465,-0.613994182168679,0.011401008509036234
0-4-8-15,1.8333333333333333,0.007137533545796212,0.0226316216460478,0.2487152327102665,0.0058844348560253,-0.013070475995405376,-0.6139941821686439,0.01140100850904225
3-7-8-15,1.8333333333333333,0.00713753354579594,0.022631621646048802,0.2487152327102657,0.005884434856026,-0.01307047599540475,-0.6139941821686783,0.011401008509036343
1-5-9-12,1.8333333333333333,0.007137533545795066,0.0226316216460514,0.2487152327102656,0.0058844348560259,-0.013070475995402949,-0.6139941821686608,0.011401008509039348
1-5-9-14,1.8333333333333333,0.007137533545795546,0.022631621646051498,0.2487152327102658,0.0058844348560258,-0.013070475995403851,-0.6139941821686643,0.011401008509038739
1-6-10-14,1.8333333333333333,0.007137533545795526,0.0226316216460516,0.2487152327102664,0.0058844348560258,-0.013070475995403699,-0.6139941821686643,0.011401008509038739
0-4-9-12,1.8333333333333333,0.00713753354579544,0.0226316216460499,0.2487152327102658,0.0058844348560259,-0.013070475995404198,-0.6139941821686774,0.011401008509036501
0-5-12-13,1.8333333333333333,0.007137533545795654,0.0226316216460501,0.2487152327102659,0.0058844348560258,-0.013070475995404325,-0.6139941821686736,0.011401008509037145
6-11-14-15,1.8333333333333333,0.007137533545796426,0.0226316216460491,0.2487152327102658,0.0058844348560258,-0.013070475995406325,-0.613994182168716,0.011401008509029868
6-7-10-15,1.8333333333333333,0.007137533545795339,0.0226316216460518,0.2487152327102657,0.005884434856026,-0.013070475995403624,-0.6139941821686685,0.01140100850903802
1-5-8-13,1.8333333333333333,0.007137533545796138,0.0226316216460506,0.2487152327102663,0.0058844348560259,-0.0130704759954051,-0.6139941821686801,0.011401008509036041
3-8-11-12,1.8333333333333333,0.007137533545795461,0.0226316216460495,0.2487152327102661,0.0058844348560252,-0.01307047599540365,-0.6139941821686611,0.011401008509039313
1-6-9-10,1.8333333333333333,0.007137533545795955,0.0226316216460436,0.2487152327102663,0.0058844348560253,-0.013070475995405624,-0.6139941821686897,0.01140100850903436
1-6-9-13,1.8333333333333333,0.00713753354579516,0.022631621646049697,0.2487152327102647,0.0058844348560255,-0.013070475995402973,-0.6139941821686572,0.01140100850903996
3-7-10-15,1.8333333333333333,0.007137533545795368,0.0226316216460494,0.248715232710266,0.0058844348560256,-0.013070475995403624,-0.6139941821686595,0.01140100850903954
3-7-11-12,1.8333333333333333,0.007137533545794992,0.0226316216460502,0.2487152327102656,0.0058844348560257,-0.013070475995402875,-0.6139941821686574,0.011401008509039925
0-4-5-13,1.8333333333333333,0.007137533545796252,0.0226316216460525,0.248715232710267,0.0058844348560256,-0.013070475995405999,-0.6139941821687082,0.011401008509031245
3-6-11-15,1.8333333333333333,0.0071375335457968,0.0226316216460518,0.2487152327102671,0.0058844348560254,-0.013070475995406425,-0.6139941821687106,0.01140100850903079
3-6-14-15,1.8333333333333333,0.007137533545796646,0.0226316216460467,0.2487152327102658,0.0058844348560255,-0.0130704759954062,-0.6139941821686987,0.011401008509032844
1-5-6-14,1.8333333333333333,0.007137533545796376,0.022631621646052598,0.2487152327102667,0.0058844348560257,-0.0130704759954062,-0.6139941821687088,0.011401008509031089
6-7-11-14,1.8333333333333333,0.007137533545795771,0.0226316216460503,0.2487152327102668,0.0058844348560261,-0.0130704759954049,-0.6139941821686896,0.011401008509034395
0-5-6-7,1.8333333333333333,0.007137533545795224,0.0226316216460559,0.2487152327102668,0.0058844348560254,-0.013070475995402099,-0.6139941821686143,0.01140100850904731
4-5-6-11,1.8333333333333333,0.007137533545795383,0.0226316216460481,0.2487152327102641,0.0058844348560249,-0.013070475995402576,-0.6139941821686234,0.011401008509045752
1-4-8-12,1.8333333333333333,0.007137533545795725,0.0226316216460499,0.2487152327102665,0.0058844348560258,-0.013070475995404075,-0.6139941821686723,0.011401008509037372
1-4-8-9,1.8333333333333333,0.007137533545796585,0.022631621646051397,0.2487152327102659,0.0058844348560256,-0.0130704759954069,-0.6139941821687351,0.011401008509026594
1-4-9-13,1.8333333333333333,0.0071375335457956575,0.0226316216460515,0.2487152327102649,0.0058844348560249,-0.013070475995404725,-0.6139941821686594,0.011401008509039582
0-4-11-12,1.8333333333333333,0.007137533545795039,0.0226316216460509,0.248715232710266,0.005884434856026,-0.013070475995402923,-0.6139941821686501,0.011401008509041187
3-7-11-14,1.8333333333333333,0.007137533545795555,0.0226316216460488,0.2487152327102662,0.0058844348560258,-0.013070475995404349,-0.6139941821686762,0.011401008509036723
3-6-7-14,1.8333333333333333,0.007137533545796885,0.0226316216460479,0.2487152327102667,0.0058844348560259,-0.013070475995407102,-0.6139941821687245,0.01140100850902843
3-6-10-11,1.8333333333333333,0.007137533545796491,0.0226316216460533,0.2487152327102655,0.0058844348560255,-0.013070475995406625,-0.6139941821687273,0.011401008509027971
3-6-10-14,1.8333333333333333,0.007137533545796234,0.0226316216460475,0.2487152327102669,0.0058844348560258,-0.013070475995405076,-0.6139941821686756,0.01140100850903679
1-9-10-14,1.8333333333333333,0.007137533545795209,0.022631621646048698,0.2487152327102659,0.005884434856025,-0.013070475995403674,-0.6139941821686239,0.01140100850904567
10-11-12-14,1.8333333333333333,0.007137533545796069,0.0226316216460521,0.2487152327102656,0.0058844348560257,-0.013070475995405076,-0.613994182168686,0.011401008509035044
1-5-10-13,1.8333333333333333,0.007137533545794822,0.0226316216460528,0.2487152327102659,0.0058844348560256,-0.0130704759954028,-0.6139941821686598,0.01140100850903954
4-11-12-15,1.8333333333333333,0.00713753354579539,0.0226316216460535,0.2487152327102642,0.0058844348560256,-0.013070475995404075,-0.6139941821686822,0.011401008509035656
1-4-6-7,1.8333333333333333,0.007137533545794777,0.022631621646053,0.2487152327102667,0.0058844348560258,-0.013070475995401126,-0.6139941821685942,0.011401008509050743
0-5-8-12,1.8333333333333333,0.0071375335457959975,0.0226316216460481,0.2487152327102662,0.0058844348560255,-0.0130704759954055,-0.6139941821687039,0.011401008509031927
0-5-8-9,1.8333333333333333,0.007137533545795927,0.0226316216460541,0.2487152327102657,0.0058844348560254,-0.013070475995405725,-0.6139941821687136,0.011401008509030284
0-5-9-13,1.8333333333333333,0.007137533545796393,0.022631621646048802,0.2487152327102665,0.0058844348560261,-0.013070475995405974,-0.6139941821687012,0.011401008509032421
6-8-9-11,1.8333333333333333,0.007137533545796648,0.0226316216460513,0.2487152327102669,0.0058844348560257,-0.013070475995405251,-0.6139941821686656,0.011401008509038508
0-3-8-15,1.8333333333333333,0.007137533545795801,0.022631621646049503,0.2487152327102657,0.0058844348560256,-0.013070475995404899,-0.613994182168681,0.011401008509035889
3-4-7-12,1.8333333333333333,0.007137533545796614,0.022631621646053802,0.2487152327102667,0.0058844348560259,-0.013070475995405976,-0.6139941821686922,0.01140100850903398
3-4-8-11,1.8333333333333333,0.007137533545796034,0.022631621646052,0.2487152327102656,0.0058844348560254,-0.013070475995405825,-0.6139941821687158,0.01140100850902991
3-4-8-12,1.8333333333333333,0.0071375335457956254,0.0226316216460477,0.248715232710267,0.0058844348560258,-0.0130704759954039,-0.61399418216866,0.011401008509039473
2-10-11-15,1.8333333333333333,0.007137533545794716,0.022631621646052702,0.2487152327102669,0.005884434856026,-0.013070475995402526,-0.6139941821686489,0.011401008509041377
0-3-5-7,1.8333333333333333,0.0071375335457957295,0.0226316216460474,0.248715232710266,0.0058844348560258,-0.013070475995404349,-0.6139941821686584,0.011401008509039762
6-9-13-14,1.8333333333333333,0.007137533545795506,0.0226316216460547,0.248715232710267,0.0058844348560259,-0.0130704759954039,-0.6139941821686721,0.011401008509037401
7-10-14-15,1.8333333333333333,0.007137533545795476,0.022631621646053802,0.2487152327102651,0.0058844348560249,-0.013070475995404524,-0.6139941821687096,0.011401008509030969
0-3-7-8,1.8333333333333333,0.007137533545795426,0.0226316216460553,0.2487152327102655,0.0058844348560254,-0.013070475995403326,-0.6139941821686581,0.011401008509039806
1-8-9-12,1.8333333333333333,0.007137533545795523,0.0226316216460492,0.2487152327102656,0.0058844348560253,-0.013070475995403851,-0.6139941821686673,0.01140100850903825
0-3-4-6,1.8333333333333333,0.007137533545795985,0.0226316216460473,0.2487152327102658,0.0058844348560257,-0.013070475995405102,-0.613994182168676,0.011401008509036723
10-11-13-15,1.8333333333333333,0.007137533545795414,0.022631621646047997,0.248715232710267,0.0058844348560256,-0.01307047599540345,-0.6139941821686421,0.011401008509042554
10-12-13-15,1.8333333333333333,0.007137533545795631,0.0226316216460537,0.2487152327102668,0.0058844348560253,-0.013070475995403601,-0.6139941821686605,0.011401008509039391
11-12-13-14,1.8333333333333333,0.007137533545795414,0.022631621646052,0.2487152327102659,0.0058844348560255,-0.0130704759954027,-0.6139941821686384,0.011401008509043204
0-3-11-12,1.8333333333333333,0.007137533545796297,0.0226316216460507,0.2487152327102661,0.0058844348560257,-0.013070475995405425,-0.6139941821686862,0.011401008509034975
3-4-5-6,1.8333333333333333,0.007137533545794952,0.0226316216460541,0.2487152327102657,0.0058844348560258,-0.0130704759954023,-0.6139941821686348,0.011401008509043816
4-5-8-10,1.8333333333333333,0.007137533545796015,0.0226316216460503,0.2487152327102662,0.0058844348560255,-0.013070475995405274,-0.613994182168684,0.011401008509035356
4-5-8-13,1.8333333333333333,0.007137533545795891,0.0226316216460537,0.2487152327102663,0.0058844348560259,-0.013070475995404975,-0.6139941821686917,0.011401008509034066
1-4-5-12,1.8333333333333333,0.007137533545796572,0.0226316216460517,0.2487152327102659,0.0058844348560259,-0.013070475995405775,-0.6139941821686853,0.01140100850903513
4-5-9-11,1.8333333333333333,0.0071375335457957104,0.0226316216460538,0.2487152327102657,0.0058844348560255,-0.013070475995404176,-0.6139941821686663,0.0114010085090384
4-5-9-12,1.8333333333333333,0.0071375335457953375,0.0226316216460522,0.2487152327102663,0.0058844348560259,-0.013070475995404373,-0.6139941821686905,0.011401008509034253
0-3-12-14,1.8333333333333333,0.007137533545795465,0.022631621646048698,0.2487152327102662,0.0058844348560257,-0.013070475995404377,-0.6139941821686785,0.01140100850903631
0-3-13-15,1.8333333333333333,0.007137533545795576,0.0226316216460478,0.2487152327102661,0.0058844348560257,-0.013070475995404151,-0.613994182168663,0.011401008509038968
0-3-4-11,1.8333333333333333,0.007137533545796623,0.0226316216460518,0.2487152327102645,0.0058844348560255,-0.013070475995406923,-0.6139941821687291,0.011401008509027625
0-1-4-6,1.8333333333333333,0.007137533545796131,0.0226316216460443,0.2487152327102662,0.0058844348560258,-0.013070475995405225,-0.6139941821686661,0.011401008509038444
0-1-4-9,1.8333333333333333,0.00713753354579627,0.0226316216460523,0.2487152327102652,0.0058844348560256,-0.013070475995405575,-0.6139941821686998,0.011401008509032652
4-7-8-10,1.8333333333333333,0.007137533545795473,0.022631621646049302,0.2487152327102649,0.0058844348560254,-0.013070475995404325,-0.6139941821686761,0.011401008509036723
4-6-10-11,1.8333333333333333,0.007137533545795742,0.022631621646049503,0.2487152327102664,0.0058844348560256,-0.01307047599540375,-0.6139941821686419,0.011401008509042588
1-4-12-13,1.8333333333333333,0.007137533545795728,0.0226316216460533,0.2487152327102664,0.0058844348560257,-0.01307047599540465,-0.6139941821686854,0.01140100850903513
4-5-7-10,1.8333333333333333,0.007137533545796279,0.022631621646049097,0.248715232710266,0.0058844348560251,-0.013070475995404824,-0.6139941821686652,0.011401008509038593
5-8-12-13,1.8333333333333333,0.007137533545795484,0.0226316216460535,0.2487152327102677,0.0058844348560263,-0.01307047599540435,-0.613994182168677,0.01140100850903657
5-7-8-11,1.8333333333333333,0.007137533545797258,0.0226316216460528,0.2487152327102676,0.0058844348560254,-0.013070475995407851,-0.61399418216873,0.011401008509027467
5-7-8-9,1.8333333333333333,0.007137533545797279,0.022631621646051703,0.2487152327102667,0.0058844348560255,-0.0130704759954073,-0.6139941821687143,0.011401008509030176
5-7-9-10,1.8333333333333333,0.007137533545795779,0.022631621646044903,0.2487152327102655,0.0058844348560255,-0.0130704759954046,-0.6139941821686699,0.011401008509037793
4-7-11-12,1.8333333333333333,0.007137533545795479,0.0226316216460494,0.2487152327102656,0.0058844348560259,-0.01307047599540495,-0.6139941821687029,0.011401008509032117
5-6-10-13,1.8333333333333333,0.007137533545795469,0.022631621646053802,0.2487152327102675,0.005884434856026,-0.013070475995403926,-0.6139941821686711,0.011401008509037565
4-6-7-9,1.8333333333333333,0.007137533545795413,0.0226316216460513,0.2487152327102643,0.0058844348560248,-0.013070475995402927,-0.6139941821686381,0.011401008509043232
4-6-8-11,1.8333333333333333,0.0071375335457958995,0.0226316216460474,0.2487152327102661,0.0058844348560257,-0.013070475995404826,-0.6139941821686766,0.011401008509036654
1-3-5-6,1.8333333333333333,0.007137533545796136,0.022631621646049,0.2487152327102663,0.0058844348560258,-0.013070475995405301,-0.6139941821686851,0.011401008509035202
1-3-6-7,1.8333333333333333,0.007137533545795909,0.022631621646048698,0.2487152327102663,0.0058844348560257,-0.01307047599540485,-0.613994182168673,0.011401008509037263
4-6-8-9,1.8333333333333333,0.007137533545795951,0.0226316216460469,0.2487152327102662,0.0058844348560256,-0.0130704759954051,-0.6139941821686759,0.01140100850903676
4-6-9-10,1.8333333333333333,0.007137533545796186,0.0226316216460506,0.248715232710267,0.0058844348560255,-0.013070475995404625,-0.6139941821686532,0.011401008509040644
5-8-10-11,1.8333333333333333,0.00713753354579561,0.0226316216460534,0.2487152327102668,0.0058844348560258,-0.013070475995403123,-0.6139941821686423,0.011401008509042514
0-7-11-15,1.8333333333333333,0.007137533545796575,0.0226316216460482,0.2487152327102668,0.0058844348560263,-0.01307047599540645,-0.6139941821687088,0.011401008509031089
0-7-12-15,1.8333333333333333,0.007137533545795855,0.022631621646050402,0.248715232710267,0.0058844348560259,-0.013070475995405176,-0.6139941821687035,0.011401008509032003
5-6-9-14,1.8333333333333333,0.007137533545795072,0.0226316216460508,0.2487152327102653,0.0058844348560259,-0.0130704759954036,-0.6139941821686774,0.011401008509036501
5-7-10-11,1.8333333333333333,0.007137533545795875,0.0226316216460511,0.248715232710266,0.0058844348560255,-0.013070475995404326,-0.6139941821686572,0.01140100850903996
5-6-7-8,1.8333333333333333,0.007137533545795613,0.022631621646052202,0.248715232710266,0.005884434856025,-0.013070475995403652,-0.6139941821686556,0.011401008509040226
0-1-5-7,1.8333333333333333,0.007137533545796324,0.0226316216460472,0.2487152327102652,0.0058844348560251,-0.0130704759954055,-0.6139941821686388,0.011401008509043123
0-1-5-8,1.8333333333333333,0.0071375335457963505,0.022631621646054298,0.2487152327102655,0.0058844348560255,-0.013070475995405575,-0.6139941821686931,0.011401008509033838
0-1-8-13,1.8333333333333333,0.0071375335457964035,0.0226316216460502,0.2487152327102665,0.0058844348560257,-0.013070475995405877,-0.6139941821686961,0.011401008509033297
2-5-6-13,1.8333333333333333,0.007137533545796305,0.0226316216460518,0.2487152327102677,0.0058844348560256,-0.013070475995405976,-0.613994182168709,0.011401008509031089
2-3-4-6,1.8333333333333333,0.007137533545795275,0.0226316216460499,0.2487152327102658,0.0058844348560256,-0.01307047599540365,-0.6139941821686623,0.011401008509039086
2-12-13-15,1.8333333333333333,0.007137533545795781,0.0226316216460545,0.2487152327102676,0.0058844348560259,-0.0130704759954029,-0.6139941821686268,0.011401008509045175
2-3-10-15,1.8333333333333333,0.007137533545796089,0.022631621646055,0.2487152327102666,0.0058844348560257,-0.013070475995405326,-0.6139941821686964,0.011401008509033226
2-3-11-14,1.8333333333333333,0.007137533545795709,0.022631621646052202,0.2487152327102667,0.0058844348560255,-0.0130704759954044,-0.6139941821686803,0.011401008509036007
2-3-6-11,1.8333333333333333,0.007137533545795649,0.022631621646052102,0.2487152327102659,0.0058844348560253,-0.013070475995404174,-0.6139941821686754,0.011401008509036843
2-3-7-10,1.8333333333333333,0.007137533545795782,0.0226316216460523,0.2487152327102662,0.0058844348560253,-0.013070475995404323,-0.6139941821686744,0.011401008509037025
7-8-12-15,1.8333333333333333,0.007137533545795709,0.0226316216460547,0.248715232710268,0.0058844348560264,-0.013070475995404274,-0.6139941821686692,0.011401008509037906
7-8-9-10,1.8333333333333333,0.007137533545795876,0.022631621646051002,0.2487152327102658,0.0058844348560255,-0.01307047599540385,-0.6139941821686596,0.01140100850903954
1-2-6-9,1.8333333333333333,0.007137533545796046,0.0226316216460509,0.2487152327102657,0.0058844348560253,-0.013070475995405652,-0.6139941821687094,0.01140100850903102
4-7-8-15,1.8333333333333333,0.007137533545795734,0.022631621646053403,0.2487152327102662,0.0058844348560256,-0.013070475995404373,-0.6139941821686785,0.01140100850903631
1-3-14-15,1.8333333333333333,0.0071375335457958605,0.0226316216460508,0.2487152327102652,0.0058844348560256,-0.013070475995404798,-0.6139941821686832,0.011401008509035504
1-3-4-5,1.8333333333333333,0.007137533545796189,0.022631621646054402,0.248715232710266,0.0058844348560256,-0.0130704759954052,-0.6139941821686878,0.011401008509034711
1-3-4-7,1.8333333333333333,0.0071375335457971876,0.0226316216460499,0.248715232710267,0.0058844348560259,-0.01307047599540755,-0.6139941821687152,0.011401008509030022
5-6-8-10,1.8333333333333333,0.007137533545795646,0.0226316216460479,0.2487152327102653,0.0058844348560258,-0.013070475995404599,-0.6139941821686707,0.011401008509037639
5-6-9-11,1.8333333333333333,0.007137533545796124,0.0226316216460497,0.2487152327102655,0.0058844348560254,-0.013070475995405775,-0.6139941821687028,0.011401008509032154
0-7-8-11,1.8333333333333333,0.00713753354579495,0.0226316216460512,0.2487152327102662,0.0058844348560253,-0.013070475995403199,-0.6139941821686631,0.01140100850903893
0-7-8-12,1.8333333333333333,0.0071375335457961485,0.0226316216460482,0.2487152327102665,0.0058844348560255,-0.013070475995404951,-0.6139941821686798,0.011401008509036074
2-3-12-14,1.8333333333333333,0.007137533545795583,0.0226316216460507,0.248715232710266,0.0058844348560257,-0.01307047599540475,-0.6139941821686882,0.01140100850903468
2-3-13-15,1.8333333333333333,0.007137533545794946,0.0226316216460516,0.2487152327102666,0.0058844348560258,-0.013070475995402252,-0.6139941821686195,0.01140100850904644
3-12-13-14,1.8333333333333333,0.007137533545795359,0.022631621646055297,0.2487152327102666,0.0058844348560256,-0.01307047599540245,-0.6139941821686317,0.011401008509044337
8-10-11-13,1.8333333333333333,0.007137533545796083,0.022631621646051397,0.2487152327102669,0.0058844348560251,-0.013070475995404623,-0.6139941821686746,0.011401008509036952
0-2-5-6,1.8333333333333333,0.007137533545795932,0.022631621646052896,0.248715232710265,0.0058844348560255,-0.013070475995405301,-0.613994182168702,0.011401008509032263
0-2-6-7,1.8333333333333333,0.007137533545796738,0.022631621646050003,0.2487152327102667,0.0058844348560255,-0.0130704759954065,-0.6139941821686921,0.01140100850903398
3-4-11-15,1.8333333333333333,0.007137533545794143,0.0226316216460465,0.2487152327102655,0.0058844348560253,-0.013070475995401249,-0.6139941821686267,0.011401008509045175
3-4-12-15,1.8333333333333333,0.007137533545795424,0.0226316216460513,0.2487152327102659,0.0058844348560256,-0.013070475995403747,-0.6139941821686622,0.011401008509039086
5-10-13-14,1.8333333333333333,0.007137533545795534,0.022631621646049697,0.2487152327102658,0.0058844348560256,-0.0130704759954046,-0.6139941821686912,0.011401008509034131
1-2-3-12,1.8333333333333333,0.00713753354579587,0.0226316216460504,0.2487152327102656,0.0058844348560252,-0.013070475995404401,-0.6139941821686714,0.011401008509037535
1-2-9-14,1.8333333333333333,0.007137533545795992,0.022631621646049798,0.2487152327102662,0.0058844348560258,-0.013070475995405097,-0.6139941821686872,0.011401008509034818
1-3-12-13,1.8333333333333333,0.007137533545796074,0.0226316216460508,0.2487152327102657,0.0058844348560257,-0.013070475995404802,-0.6139941821686726,0.011401008509037337
1-3-12-15,1.8333333333333333,0.007137533545795817,0.0226316216460523,0.2487152327102655,0.0058844348560258,-0.01307047599540475,-0.6139941821686824,0.011401008509035656
1-3-13-14,1.8333333333333333,0.0071375335457961086,0.0226316216460503,0.2487152327102663,0.0058844348560255,-0.01307047599540515,-0.6139941821686845,0.011401008509035278
0-8-11-15,1.8333333333333333,0.007137533545795362,0.0226316216460532,0.2487152327102655,0.0058844348560256,-0.013070475995404101,-0.6139941821686857,0.011401008509035044
2-3-5-7,1.8333333333333333,0.007137533545795423,0.0226316216460489,0.2487152327102664,0.0058844348560258,-0.013070475995403574,-0.6139941821686423,0.011401008509042514
2-9-10-13,1.8333333333333333,0.007137533545794699,0.022631621646053302,0.2487152327102666,0.005884434856026,-0.01307047599540245,-0.6139941821686556,0.011401008509040226
3-10-11-14,1.8333333333333333,0.0071375335457951675,0.022631621646052202,0.2487152327102663,0.0058844348560256,-0.01307047599540315,-0.6139941821686601,0.011401008509039473
2-4-5-7,1.8333333333333333,0.007137533545795283,0.0226316216460519,0.2487152327102667,0.0058844348560259,-0.013070475995402349,-0.6139941821686081,0.011401008509048377
0-2-3-5,1.8333333333333333,0.007137533545796633,0.0226316216460503,0.2487152327102665,0.0058844348560259,-0.013070475995406327,-0.6139941821687007,0.01140100850903251
0-2-4-5,1.8333333333333333,0.007137533545795529,0.0226316216460432,0.2487152327102652,0.0058844348560257,-0.013070475995404375,-0.6139941821686652,0.011401008509038593
0-2-4-7,1.8333333333333333,0.007137533545795396,0.022631621646047498,0.2487152327102661,0.0058844348560256,-0.013070475995403823,-0.6139941821686559,0.01140100850904019
8-11-13-15,1.8333333333333333,0.007137533545795319,0.022631621646050697,0.2487152327102672,0.0058844348560255,-0.013070475995403626,-0.6139941821686624,0.011401008509039086
0-13-14-15,1.8333333333333333,0.00713753354579541,0.0226316216460522,0.2487152327102643,0.0058844348560253,-0.0130704759954032,-0.6139941821686576,0.01140100850903989
0-2-12-13,1.8333333333333333,0.007137533545796436,0.0226316216460469,0.2487152327102665,0.0058844348560253,-0.013070475995405575,-0.6139941821686697,0.011401008509037793
0-2-12-15,1.8333333333333333,0.007137533545795884,0.022631621646047102,0.2487152327102658,0.0058844348560255,-0.013070475995405052,-0.6139941821686804,0.01140100850903597
0-2-13-14,1.8333333333333333,0.007137533545795962,0.0226316216460523,0.248715232710265,0.0058844348560257,-0.013070475995405225,-0.6139941821686956,0.011401008509033379
4-7-9-11,1.8333333333333333,0.007137533545795229,0.0226316216460515,0.2487152327102643,0.0058844348560253,-0.0130704759954038,-0.6139941821686687,0.011401008509037984
1-2-5-10,1.8333333333333333,0.0071375335457963185,0.0226316216460519,0.248715232710266,0.0058844348560254,-0.01307047599540585,-0.613994182168702,0.011401008509032263
1-2-5-7,1.8333333333333333,0.007137533545795821,0.0226316216460459,0.2487152327102658,0.0058844348560258,-0.013070475995404701,-0.6139941821686651,0.011401008509038624
0-8-9-13,1.8333333333333333,0.007137533545795322,0.0226316216460516,0.2487152327102665,0.0058844348560261,-0.013070475995403999,-0.613994182168675,0.011401008509036921
1-2-12-14,1.8333333333333333,0.00713753354579533,0.022631621646048698,0.2487152327102666,0.0058844348560256,-0.013070475995403424,-0.6139941821686474,0.01140100850904164
9-11-12-15,1.8333333333333333,0.007137533545795516,0.022631621646050298,0.2487152327102652,0.0058844348560257,-0.013070475995403976,-0.6139941821686694,0.011401008509037865
9-11-14-15,1.8333333333333333,0.00713753354579562,0.022631621646049902,0.2487152327102659,0.0058844348560254,-0.013070475995404401,-0.6139941821686703,0.011401008509037726
1-2-3-4,1.8333333333333333,0.007137533545795962,0.0226316216460532,0.2487152327102661,0.0058844348560256,-0.013070475995403825,-0.6139941821686483,0.011401008509041487
1-2-4-6,1.8333333333333333,0.007137533545795507,0.0226316216460472,0.2487152327102663,0.0058844348560258,-0.013070475995403848,-0.6139941821686524,0.011401008509040765
4-9-12-13,1.8333333333333333,0.007137533545795545,0.0226316216460527,0.2487152327102679,0.0058844348560264,-0.013070475995403825,-0.6139941821686556,0.011401008509040226
0-2-14-15,1.8333333333333333,0.007137533545797086,0.022631621646055998,0.2487152327102659,0.0058844348560255,-0.01307047599540765,-0.6139941821687411,0.011401008509025562
0-2-3-13,1.8333333333333333,0.00713753354579618,0.0226316216460474,0.2487152327102655,0.0058844348560252,-0.013070475995405,-0.6139941821686711,0.011401008509037565
2-6-7-15,1.8333333333333333,0.007137533545796641,0.022631621646050898,0.2487152327102668,0.0058844348560256,-0.013070475995406824,-0.6139941821687246,0.01140100850902843
2-5-13-14,1.8333333333333333,0.0071375335457956835,0.0226316216460493,0.2487152327102656,0.0058844348560258,-0.0130704759954044,-0.6139941821686792,0.011401008509036196
2-7-11-15,1.8333333333333333,0.007137533545795991,0.0226316216460469,0.2487152327102655,0.005884434856026,-0.013070475995405225,-0.6139941821686975,0.01140100850903307
2-7-14-15,1.8333333333333333,0.007137533545796409,0.0226316216460494,0.2487152327102665,0.0058844348560255,-0.0130704759954061,-0.6139941821687096,0.011401008509030969
2-5-10-14,1.8333333333333333,0.007137533545796522,0.0226316216460555,0.2487152327102662,0.0058844348560256,-0.0130704759954057,-0.6139941821687006,0.011401008509032536
2-6-9-14,1.8333333333333333,0.00713753354579546,0.0226316216460499,0.2487152327102659,0.0058844348560258,-0.013070475995403699,-0.6139941821686585,0.011401008509039735
2-7-10-11,1.8333333333333333,0.007137533545795879,0.022631621646051002,0.2487152327102662,0.0058844348560255,-0.0130704759954051,-0.6139941821686935,0.011401008509033755
2-7-10-14,1.8333333333333333,0.007137533545794637,0.0226316216460448,0.2487152327102647,0.0058844348560256,-0.013070475995402474,-0.6139941821686469,0.011401008509041749
8-10-12-15,1.8333333333333333,0.0071375335457961086,0.0226316216460484,0.2487152327102656,0.0058844348560257,-0.013070475995405124,-0.6139941821686722,0.011401008509037401
8-10-13-14,1.8333333333333333,0.007137533545795684,0.0226316216460496,0.248715232710267,0.0058844348560254,-0.013070475995404975,-0.6139941821686927,0.011401008509033875
8-10-14-15,1.8333333333333333,0.007137533545795593,0.0226316216460499,0.2487152327102658,0.0058844348560255,-0.013070475995404176,-0.6139941821686702,0.011401008509037726
8-11-12-14,1.8333333333333333,0.007137533545796037,0.022631621646050003,0.2487152327102663,0.0058844348560255,-0.013070475995404977,-0.6139941821686778,0.011401008509036425
2-5-9-10,1.8333333333333333,0.007137533545796126,0.0226316216460508,0.2487152327102668,0.0058844348560255,-0.01307047599540485,-0.6139941821686694,0.011401008509037865
2-5-9-13,1.8333333333333333,0.007137533545796631,0.022631621646049,0.2487152327102666,0.0058844348560258,-0.013070475995405824,-0.6139941821686853,0.01140100850903513
0-1-9-12,1.8333333333333333,0.00713753354579649,0.0226316216460493,0.2487152327102657,0.0058844348560257,-0.013070475995406575,-0.6139941821687136,0.011401008509030284
8-10-12-13,1.8333333333333333,0.007137533545795842,0.022631621646046797,0.2487152327102665,0.0058844348560256,-0.013070475995404474,-0.6139941821686647,0.011401008509038666
0-1-13-15,1.8333333333333333,0.00713753354579584,0.0226316216460484,0.2487152327102674,0.0058844348560252,-0.0130704759954053,-0.6139941821686876,0.011401008509034744
8-9-13-15,1.8333333333333333,0.007137533545796285,0.022631621646048598,0.2487152327102664,0.0058844348560257,-0.0130704759954055,-0.6139941821686771,0.01140100850903657
4-9-10-11,1.8333333333333333,0.007137533545795279,0.022631621646053,0.2487152327102668,0.0058844348560258,-0.013070475995402425,-0.6139941821686246,0.011401008509045558
1-2-13-15,1.8333333333333333,0.007137533545795902,0.022631621646050898,0.2487152327102663,0.0058844348560257,-0.013070475995405074,-0.6139941821686854,0.01140100850903513
1-12-14-15,1.8333333333333333,0.007137533545796295,0.022631621646052,0.248715232710267,0.0058844348560255,-0.01307047599540445,-0.6139941821686574,0.011401008509039925
1-2-10-13,1.8333333333333333,0.007137533545796278,0.0226316216460466,0.2487152327102657,0.0058844348560258,-0.01307047599540585,-0.6139941821686951,0.011401008509033455
9-11-13-14,1.8333333333333333,0.007137533545795352,0.0226316216460511,0.2487152327102674,0.0058844348560257,-0.013070475995403577,-0.6139941821686551,0.01140100850904031
8-13-14-15,1.8333333333333333,0.007137533545795707,0.022631621646048802,0.2487152327102649,0.0058844348560254,-0.013070475995403525,-0.6139941821686459,0.011401008509041905
8-9-10-15,1.8333333333333333,0.007137533545795353,0.0226316216460534,0.2487152327102654,0.0058844348560252,-0.01307047599540305,-0.6139941821686605,0.011401008509039391
8-9-11-14,1.8333333333333333,0.007137533545795529,0.022631621646052803,0.2487152327102677,0.0058844348560249,-0.013070475995404049,-0.6139941821686862,0.011401008509034975
4-8-9-15,2.0,0.007104179893676768,0.0213705529007972,0.2467717110974495,0.0039338902304939,-0.01362549850288545,-0.6738919429525411,0.004204535903075614
1-10-12-13,2.0,0.0071041798936760875,0.0213705529007923,0.2467717110974495,0.0039338902304938,-0.0136254985028839,-0.6738919429525558,0.004204535903074477
5-10-11-14,2.0,0.0071041798936767485,0.0213705529007953,0.24677171109745,0.0039338902304939,-0.01362549850288565,-0.673891942952568,0.004204535903073529
2-5-7-10,2.0,0.003895940931933269,0.0125484268608629,0.2511145868135463,0.0082758196676278,0.0043774353787451505,0.914333931008637,7.221358117753707e-07
2-5-6-11,2.0,0.007104179893676623,0.021370552900794402,0.24677171109745,0.0039338902304939,-0.01362549850288515,-0.6738919429525931,0.004204535903071585
0-1-7-12,2.0,0.007104179893676764,0.0213705529007946,0.246771711097449,0.0039338902304937,-0.0136254985028848,-0.6738919429525762,0.004204535903072894
0-1-6-7,2.0,0.003464495902147555,0.0096254154239939,0.2477225665024923,0.0048992784074251,-0.00147253808404225,0.22073615560852755,0.411344908550603
0-1-6-13,2.0,0.007104179893676194,0.021370552900790898,0.2467717110974493,0.0039338902304937,-0.013625498502884225,-0.6738919429525965,0.004204535903071329
2-7-10-15,2.0,0.003895940931933927,0.009451309854241401,0.2480174698069244,0.005178702661005,0.004377435378745225,0.9143339310085652,7.221358117794619e-07
8-10-12-14,2.0,0.003464495902148106,0.0096254154239939,0.2477225665024922,0.0048992784074249,-0.0014725380840492999,0.22073615560771354,0.41134490855237227
0-11-12-13,2.0,0.00710417989367594,0.021370552900791498,0.2467717110974503,0.0039338902304941,-0.013625498502884026,-0.673891942952575,0.004204535903073
0-1-8-9,2.0,0.0034644959021479576,0.0096254154239941,0.2477225665024936,0.0048992784074256,-0.0014725380840462001,0.22073615560809975,0.4113449085515327
2-5-9-14,2.0,0.0034644959021481844,0.0096254154239939,0.2477225665024933,0.0048992784074252,-0.001472538084050125,0.22073615560763005,0.41134490855255335
8-11-13-14,2.0,0.0034644959021477707,0.0096254154239939,0.2477225665024925,0.0048992784074252,-0.0014725380840442499,0.22073615560830762,0.41134490855108063
8-10-13-15,2.0,0.003895940931934196,0.009451309854242,0.2480174698069261,0.0051787026610051,0.004377435378745726,0.9143339310085657,7.221358117794237e-07
2-6-9-13,2.0,0.0034644959021481684,0.009625415423994099,0.247722566502493,0.0048992784074254,-0.001472538084049825,0.22073615560766954,0.4113449085524674
2-5-10-13,2.0,0.0038959409319333066,0.0094513098542413,0.2480174698069253,0.005178702661005,0.004377435378742125,0.9143339310084548,7.221358117857571e-07
2-7-11-14,2.0,0.003464495902147949,0.0096254154239944,0.2477225665024935,0.0048992784074254,-0.0014725380840466002,0.22073615560803383,0.4113449085516757
2-6-7-9,2.0,0.007104179893676291,0.0213705529007963,0.2467717110974489,0.0039338902304937,-0.013625498502884676,-0.6738919429525505,0.004204535903074893
4-9-11-12,2.0,0.0038959409319336905,0.0125484268608619,0.2511145868135462,0.0082758196676272,0.004377435378747275,0.914333931008715,7.221358117709119e-07
1-2-4-13,2.0,0.007104179893676463,0.0213705529007924,0.2467717110974489,0.0039338902304936,-0.013625498502884451,-0.6738919429525823,0.00420453590307243
1-2-3-10,2.0,0.0071041798936757475,0.021370552900792,0.2467717110974494,0.0039338902304939,-0.0136254985028831,-0.6738919429525525,0.004204535903074737
5-12-13-14,2.0,0.007104179893675194,0.021370552900789902,0.24677171109745,0.0039338902304934,-0.013625498502882026,-0.6738919429525716,0.004204535903073255
0-9-13-14,2.0,0.0071041798936761595,0.0213705529007923,0.2467717110974489,0.0039338902304937,-0.013625498502884574,-0.6738919429525709,0.0042045359030733085
0-9-12-15,2.0,0.007104179893676277,0.021370552900794197,0.2467717110974507,0.0039338902304941,-0.013625498502884425,-0.6738919429525407,0.004204535903075651
2-4-7-11,2.0,0.007104179893676739,0.021370552900795002,0.2467717110974499,0.0039338902304939,-0.013625498502885774,-0.6738919429525936,0.004204535903071548
2-9-10-11,2.0,0.00710417989367574,0.0213705529007914,0.2467717110974501,0.0039338902304939,-0.013625498502883375,-0.6738919429525547,0.004204535903074567
0-2-3-11,2.0,0.007104179893675857,0.021370552900794,0.2467717110974493,0.0039338902304937,-0.0136254985028826,-0.6738919429525309,0.0042045359030764085
0-2-13-15,2.0,0.0038959409319332637,0.009451309854242099,0.2480174698069245,0.0051787026610051,0.004377435378741625,0.9143339310084229,7.22135811787581e-07
0-2-12-14,2.0,0.003464495902147763,0.0096254154239935,0.2477225665024937,0.0048992784074247,-0.0014725380840463751,0.2207361556080357,0.41134490855167183
0-11-14-15,2.0,0.007104179893675795,0.0213705529007958,0.2467717110974484,0.0039338902304937,-0.013625498502883525,-0.6738919429525414,0.004204535903075599
2-4-6-10,2.0,0.007104179893676807,0.0213705529007968,0.2467717110974509,0.0039338902304947,-0.013625498502886024,-0.6738919429525496,0.004204535903074965
2-4-5-9,2.0,0.007104179893676606,0.0213705529007955,0.2467717110974496,0.0039338902304938,-0.013625498502885849,-0.6738919429525897,0.004204535903071859
3-10-12-15,2.0,0.007104179893675518,0.021370552900790298,0.2467717110974486,0.0039338902304936,-0.01362549850288325,-0.6738919429525678,0.0042045359030735505
0-8-9-11,2.0,0.007104179893676079,0.0213705529007946,0.2467717110974495,0.0039338902304938,-0.013625498502884099,-0.6738919429525472,0.004204535903075151
1-2-5-12,2.0,0.007104179893677481,0.021370552900798798,0.2467717110974499,0.0039338902304941,-0.0136254985028872,-0.6738919429525688,0.004204535903073479
1-2-4-7,2.0,0.0034644959021477365,0.0096254154239942,0.2477225665024938,0.0048992784074254,-0.00147253808404265,0.22073615560849214,0.41134490855067996
4-8-10-12,2.0,0.007104179893677064,0.0213705529007944,0.2467717110974503,0.0039338902304942,-0.013625498502887,-0.673891942952604,0.004204535903070741
4-7-9-10,2.0,0.0034644959021478154,0.009625415423994501,0.2477225665024942,0.0048992784074257,-0.001472538084043925,0.22073615560835352,0.41134490855098116
1-2-9-10,2.0,0.0034644959021477273,0.0096254154239938,0.247722566502493,0.0048992784074253,-0.0014725380840446502,0.2207361556082697,0.41134490855116335
2-9-12-13,2.0,0.0071041798936769575,0.021370552900796102,0.2467717110974513,0.0039338902304939,-0.013625498502886225,-0.673891942952574,0.0042045359030730665
3-11-13-15,2.0,0.007104179893675327,0.0213705529007913,0.2467717110974497,0.0039338902304943,-0.013625498502883525,-0.6738919429525487,0.004204535903075028
7-9-10-14,2.0,0.007104179893675796,0.0213705529007953,0.2467717110974497,0.0039338902304937,-0.013625498502883027,-0.6738919429525412,0.004204535903075614
0-2-4-6,2.0,0.0034644959021476853,0.0096254154239939,0.247722566502493,0.004899278407425,-0.001472538084045225,0.22073615560815643,0.4113449085514095
0-2-4-12,2.0,0.0071041798936773625,0.0213705529007956,0.2467717110974498,0.0039338902304941,-0.013625498502888076,-0.6738919429526513,0.00420453590306707
0-2-6-14,2.0,0.00710417989367643,0.0213705529007914,0.2467717110974495,0.0039338902304943,-0.01362549850288625,-0.6738919429526239,0.004204535903069207
0-2-5-7,2.0,0.0038959409319326063,0.0094513098542417,0.2480174698069245,0.0051787026610051,0.0043774353787389,0.9143339310083322,7.221358117927489e-07
0-2-5-13,2.0,0.003895940931933346,0.0125484268608612,0.2511145868135441,0.0082758196676266,0.0043774353787465,0.9143339310086919,7.221358117722292e-07
7-9-11-15,2.0,0.007104179893676649,0.0213705529007947,0.2467717110974501,0.0039338902304944,-0.013625498502886175,-0.6738919429525762,0.004204535903072894
2-9-14-15,2.0,0.007104179893675634,0.021370552900791602,0.2467717110974488,0.0039338902304941,-0.01362549850288295,-0.6738919429525401,0.004204535903075701
1-2-7-14,2.0,0.007104179893676517,0.0213705529007925,0.2467717110974491,0.0039338902304937,-0.013625498502884274,-0.6738919429525806,0.004204535903072553
1-2-6-15,2.0,0.007104179893677253,0.0213705529007973,0.2467717110974502,0.0039338902304941,-0.013625498502886349,-0.6738919429525855,0.00420453590307217
0-8-13-15,2.0,0.0038959409319335946,0.012548426860862598,0.2511145868135455,0.0082758196676273,0.004377435378746725,0.9143339310086884,7.221358117724317e-07
0-8-12-14,2.0,0.007104179893677153,0.0213705529007945,0.2467717110974506,0.0039338902304943,-0.013625498502887474,-0.6738919429526319,0.004204535903068587
5-6-13-14,2.0,0.003464495902147796,0.0096254154239943,0.2477225665024938,0.0048992784074256,-0.0014725380840435501,0.22073615560841056,0.41134490855085715
3-4-11-12,2.0,0.0038959409319337243,0.0094513098542413,0.2480174698069248,0.0051787026610051,0.00437743537874445,0.9143339310085403,7.221358117808802e-07
2-3-7-12,2.0,0.007104179893676288,0.0213705529007929,0.2467717110974485,0.0039338902304937,-0.013625498502884251,-0.6738919429525706,0.004204535903073343
2-3-6-13,2.0,0.007104179893676797,0.0213705529007959,0.2467717110974498,0.0039338902304939,-0.0136254985028854,-0.6738919429525737,0.004204535903073098
3-11-12-14,2.0,0.0038959409319333635,0.0125484268608634,0.2511145868135473,0.0082758196676279,0.0043774353787451245,0.9143339310086291,7.221358117758141e-07
3-10-13-14,2.0,0.007104179893676205,0.0213705529007936,0.2467717110974494,0.0039338902304937,-0.01362549850288415,-0.673891942952562,0.004204535903073995
2-3-4-15,2.0,0.007104179893676842,0.0213705529007942,0.246771711097449,0.0039338902304938,-0.01362549850288505,-0.6738919429525794,0.004204535903072652
2-3-12-13,2.0,0.0034644959021478783,0.0096254154239947,0.247722566502494,0.0048992784074255,-0.001472538084044,0.2207361556083431,0.41134490855100336
0-2-7-15,2.0,0.003895940931933261,0.0125484268608619,0.2511145868135451,0.0082758196676272,0.004377435378745675,0.9143339310086609,7.221358117740023e-07
7-8-9-12,2.0,0.0071041798936767285,0.0213705529007953,0.2467717110974497,0.0039338902304938,-0.013625498502885226,-0.6738919429525522,0.004204535903074753
7-8-11-14,2.0,0.007104179893675774,0.0213705529007913,0.2467717110974502,0.0039338902304938,-0.013625498502884026,-0.6738919429525712,0.0042045359030732895
1-3-13-15,2.0,0.003464495902147729,0.0096254154239937,0.2477225665024918,0.0048992784074251,-0.0014725380840451999,0.2207361556081739,0.4113449085513716
1-3-12-14,2.0,0.003895940931933438,0.009451309854242,0.2480174698069246,0.0051787026610051,0.004377435378742325,0.9143339310084452,7.221358117863149e-07
4-8-11-13,2.0,0.00710417989367639,0.0213705529007959,0.2467717110974495,0.0039338902304937,-0.013625498502884126,-0.6738919429525261,0.004204535903076788
0-7-8-15,2.0,0.003895940931933938,0.0094513098542411,0.2480174698069237,0.0051787026610049,0.0043774353787455,0.9143339310085777,7.221358117787399e-07
5-6-8-11,2.0,0.003464495902147823,0.009625415423994,0.247722566502492,0.0048992784074254,-0.0014725380840451,0.2207361556082125,0.4113449085512874
7-12-14-15,2.0,0.007104179893675583,0.0213705529007929,0.2467717110974507,0.0039338902304935,-0.013625498502882326,-0.6738919429525367,0.004204535903075962
2-3-10-11,2.0,0.0034644959021477425,0.0096254154239941,0.2477225665024941,0.0048992784074255,-0.0014725380840441748,0.22073615560833548,0.41134490855102024
2-11-13-14,2.0,0.007104179893676198,0.021370552900793097,0.24677171109745,0.0039338902304942,-0.0136254985028842,-0.6738919429525575,0.004204535903074342
2-11-12-15,2.0,0.007104179893675719,0.0213705529007948,0.2467717110974504,0.0039338902304938,-0.013625498502883675,-0.6738919429525703,0.00420453590307336
2-3-5-14,2.0,0.007104179893676779,0.0213705529007934,0.2467717110974499,0.0039338902304937,-0.013625498502886225,-0.6738919429526107,0.004204535903070226
2-3-4-5,2.0,0.0034644959021477386,0.009625415423994699,0.247722566502494,0.0048992784074257,-0.0014725380840425752,0.22073615560849952,0.41134490855066386
2-10-12-14,2.0,0.007104179893674956,0.0213705529007896,0.2467717110974484,0.0039338902304942,-0.013625498502882197,-0.6738919429525506,0.004204535903074893
3-4-7-10,2.0,0.007104179893676308,0.0213705529007943,0.2467717110974499,0.0039338902304938,-0.013625498502884975,-0.6738919429525854,0.004204535903072185
3-4-6-11,2.0,0.003895940931933125,0.0125484268608622,0.2511145868135461,0.0082758196676272,0.004377435378744875,0.914333931008629,7.221358117758267e-07
3-4-5-8,2.0,0.007104179893676202,0.0213705529007912,0.2467717110974488,0.0039338902304936,-0.013625498502885,-0.6738919429526063,0.00420453590307055
7-8-10-15,2.0,0.003895940931933566,0.0125484268608619,0.2511145868135451,0.0082758196676271,0.0043774353787468245,0.9143339310086991,7.221358117718239e-07
1-3-4-6,2.0,0.003895940931933074,0.009451309854241599,0.2480174698069248,0.0051787026610051,0.0043774353787409005,0.9143339310084063,7.221358117885179e-07
1-3-4-12,2.0,0.0038959409319334498,0.012548426860861899,0.2511145868135453,0.0082758196676273,0.004377435378746524,0.9143339310086918,7.221358117722422e-07
4-7-12-15,2.0,0.003464495902147802,0.009625415423994501,0.2477225665024936,0.0048992784074257,-0.001472538084043,0.2207361556084706,0.4113449085507267
5-6-7-14,2.0,0.00710417989367626,0.0213705529007923,0.2467717110974489,0.0039338902304936,-0.01362549850288365,-0.6738919429525725,0.00420453590307319
0-7-11-12,2.0,0.003464495902147856,0.009625415423994001,0.2477225665024942,0.0048992784074252,-0.0014725380840458749,0.22073615560811558,0.4113449085514982
0-3-6-15,2.0,0.0071041798936770885,0.0213705529007965,0.2467717110974494,0.0039338902304939,-0.013625498502885976,-0.6738919429525744,0.004204535903073032
0-3-5-6,2.0,0.0034644959021476788,0.0096254154239943,0.2477225665024943,0.0048992784074255,-0.00147253808404225,0.22073615560854434,0.41134490855056643
0-3-5-12,2.0,0.007104179893676749,0.021370552900793798,0.2467717110974487,0.0039338902304937,-0.013625498502885426,-0.6738919429526002,0.0042045359030710334
0-3-4-13,2.0,0.007104179893676741,0.0213705529007941,0.2467717110974496,0.0039338902304939,-0.013625498502884723,-0.673891942952584,0.0042045359030722885
0-3-13-14,2.0,0.0034644959021477837,0.0096254154239943,0.2477225665024955,0.0048992784074254,-0.001472538084042925,0.220736155608456,0.41134490855075867
2-10-13-15,2.0,0.003895940931932859,0.0125484268608629,0.2511145868135473,0.0082758196676278,0.00437743537874315,0.9143339310085637,7.221358117795502e-07
1-9-12-14,2.0,0.003895940931933486,0.0125484268608627,0.2511145868135455,0.0082758196676275,0.0043774353787462,0.9143339310086694,7.221358117735211e-07
0-3-8-11,2.0,0.003464495902147733,0.0096254154239938,0.2477225665024926,0.0048992784074253,-0.0014725380840445,0.22073615560828544,0.41134490855112926
0-3-7-14,2.0,0.007104179893676561,0.021370552900796,0.2467717110974501,0.003933890230494,-0.013625498502885226,-0.6738919429525682,0.004204535903073514
7-10-11-12,2.0,0.0071041798936763555,0.0213705529007941,0.2467717110974511,0.0039338902304937,-0.013625498502884775,-0.6738919429525723,0.004204535903073204
4-6-9-11,2.0,0.0038959409319334125,0.0094513098542418,0.248017469806925,0.0051787026610052,0.004377435378742424,0.9143339310084493,7.221358117860735e-07
1-3-6-14,2.0,0.003895940931933542,0.012548426860862,0.2511145868135455,0.0082758196676273,0.0043774353787469755,0.9143339310087102,7.221358117711908e-07
1-3-5-7,2.0,0.003464495902147761,0.0096254154239939,0.2477225665024937,0.0048992784074249,-0.001472538084046075,0.22073615560806187,0.4113449085516152
1-3-5-13,2.0,0.007104179893676996,0.0213705529007945,0.2467717110974495,0.0039338902304943,-0.01362549850288705,-0.6738919429526303,0.00420453590306869
4-6-8-10,2.0,0.003464495902147813,0.0096254154239932,0.2477225665024914,0.0048992784074246,-0.00147253808404805,0.2207361556078507,0.41134490855207384
4-6-7-15,2.0,0.007104179893675949,0.0213705529007904,0.2467717110974492,0.0039338902304934,-0.013625498502883525,-0.6738919429526011,0.004204535903070964
3-4-8-15,2.0,0.003464495902148046,0.0096254154239941,0.2477225665024923,0.0048992784074253,-0.0014725380840474498,0.2207361556079384,0.4113449085518832
6-9-11-14,2.0,0.003895940931933631,0.0125484268608619,0.2511145868135452,0.0082758196676272,0.0043774353787471255,0.9143339310087103,7.221358117711908e-07
6-9-10-15,2.0,0.0071041798936773,0.0213705529007972,0.2467717110974499,0.003933890230494,-0.0136254985028865,-0.6738919429525698,0.0042045359030733935
6-8-9-13,2.0,0.007104179893676469,0.0213705529007934,0.246771711097449,0.0039338902304937,-0.0136254985028853,-0.6738919429525903,0.004204535903071811
10-11-12-13,2.0,0.003464495902147804,0.0096254154239941,0.2477225665024926,0.0048992784074253,-0.0014725380840439001,0.2207361556083563,0.41134490855097494
1-9-13-15,2.0,0.007104179893678079,0.021370552900798902,0.2467717110974508,0.0039338902304944,-0.01362549850288935,-0.6738919429526232,0.0042045359030692415
3-5-6-10,2.0,0.00710417989367748,0.021370552900798402,0.2467717110974499,0.003933890230494,-0.013625498502887076,-0.6738919429525791,0.004204535903072671
1-8-9-10,2.0,0.007104179893676122,0.0213705529007948,0.2467717110974491,0.003933890230494,-0.013625498502883875,-0.6738919429525461,0.004204535903075237
1-8-13-14,2.0,0.007104179893676026,0.0213705529007925,0.2467717110974494,0.0039338902304938,-0.01362549850288405,-0.6738919429525612,0.004204535903074067
1-8-12-15,2.0,0.0071041798936768855,0.021370552900795,0.2467717110974487,0.0039338902304938,-0.013625498502886049,-0.6738919429525879,0.004204535903071998
1-3-7-15,2.0,0.007104179893676446,0.0213705529007924,0.2467717110974497,0.0039338902304944,-0.013625498502886826,-0.6738919429526496,0.004204535903067211
5-7-9-11,2.0,0.003464495902147783,0.0096254154239933,0.2477225665024923,0.0048992784074248,-0.0014725380840468001,0.22073615560799242,0.41134490855176586
5-7-8-10,2.0,0.003895940931933749,0.0094513098542422,0.2480174698069256,0.0051787026610053,0.004377435378743575,0.914333931008487,7.221358117839202e-07
4-5-7-12,2.0,0.007104179893676462,0.021370552900794,0.2467717110974498,0.0039338902304936,-0.01362549850288365,-0.6738919429525403,0.004204535903075686
0-4-5-11,2.0,0.007104179893676227,0.0213705529007954,0.2467717110974498,0.0039338902304937,-0.0136254985028846,-0.6738919429525727,0.00420453590307317
0-4-11-15,2.0,0.0034644959021479854,0.009625415423994501,0.247722566502494,0.0048992784074257,-0.001472538084046925,0.22073615560799842,0.4113449085517527
6-8-11-15,2.0,0.007104179893676581,0.0213705529007941,0.2467717110974492,0.0039338902304937,-0.013625498502885799,-0.6738919429525859,0.004204535903072134
6-8-10-14,2.0,0.007104179893676309,0.021370552900797403,0.2467717110974514,0.0039338902304946,-0.013625498502885827,-0.673891942952553,0.004204535903074702
3-5-7-11,2.0,0.007104179893676688,0.0213705529007968,0.2467717110974512,0.0039338902304948,-0.013625498502886375,-0.6738919429525599,0.004204535903074167
3-7-10-14,2.0,0.0034644959021479047,0.0096254154239945,0.2477225665024944,0.0048992784074258,-0.001472538084046775,0.22073615560801696,0.4113449085517126
1-6-9-14,2.0,0.003895940931933812,0.0094513098542414,0.2480174698069244,0.0051787026610052,0.004377435378744925,0.9143339310085586,7.221358117798293e-07
3-7-8-12,2.0,0.003464495902147854,0.0096254154239942,0.2477225665024931,0.0048992784074254,-0.0014725380840464749,0.22073615560804288,0.4113449085516562
3-6-11-14,2.0,0.003895940931933962,0.0094513098542414,0.2480174698069258,0.0051787026610051,0.00437743537874525,0.9143339310085705,7.221358117791577e-07
3-6-10-15,2.0,0.003464495902147908,0.009625415423994,0.2477225665024932,0.0048992784074253,-0.001472538084046725,0.22073615560802343,0.4113449085516986
3-6-7-8,2.0,0.007104179893676617,0.021370552900797198,0.2467717110974501,0.0039338902304937,-0.0136254985028854,-0.673891942952543,0.004204535903075481
1-6-7-10,2.0,0.00710417989367628,0.0213705529007906,0.2467717110974492,0.0039338902304937,-0.013625498502884826,-0.6738919429526071,0.0042045359030705
3-8-14-15,2.0,0.007104179893675411,0.0213705529007954,0.2467717110974491,0.0039338902304937,-0.013625498502882801,-0.6738919429525472,0.004204535903075151
3-8-12-13,2.0,0.0071041798936769054,0.021370552900797,0.2467717110974492,0.0039338902304938,-0.013625498502885726,-0.6738919429525503,0.00420453590307491
0-4-6-8,2.0,0.007104179893676726,0.021370552900797597,0.2467717110974504,0.0039338902304946,-0.0136254985028859,-0.6738919429525596,0.004204535903074187
5-8-11-12,2.0,0.007104179893677346,0.0213705529007977,0.2467717110974502,0.003933890230494,-0.013625498502886475,-0.6738919429525514,0.004204535903074825
5-8-10-13,2.0,0.0038959409319324757,0.0125484268608616,0.2511145868135452,0.008275819667627,0.00437743537874205,0.9143339310085313,7.221358117813991e-07
0-6-7-11,2.0,0.007104179893676543,0.0213705529007934,0.2467717110974501,0.0039338902304939,-0.013625498502885698,-0.6738919429525894,0.004204535903071879
5-9-11-13,2.0,0.007104179893676789,0.0213705529007957,0.246771711097451,0.0039338902304943,-0.013625498502886,-0.6738919429525548,0.004204535903074548
3-8-10-11,2.0,0.007104179893675664,0.0213705529007911,0.2467717110974492,0.0039338902304938,-0.01362549850288335,-0.6738919429525609,0.004204535903074083
1-6-10-13,2.0,0.003464495902148074,0.009625415423994501,0.2477225665024948,0.0048992784074256,-0.0014725380840480001,0.22073615560788387,0.41134490855200156
0-4-7-9,2.0,0.0071041798936756035,0.0213705529007931,0.246771711097449,0.0039338902304939,-0.013625498502883025,-0.6738919429525553,0.004204535903074514
6-7-8-9,2.0,0.0034644959021478045,0.0096254154239939,0.2477225665024932,0.0048992784074252,-0.0014725380840449,0.22073615560823082,0.41134490855124817
6-7-14-15,2.0,0.0034644959021476263,0.0096254154239938,0.2477225665024941,0.0048992784074252,-0.0014725380840429252,0.2207361556084772,0.41134490855071243
4-10-11-15,2.0,0.007104179893676649,0.021370552900794402,0.2467717110974501,0.0039338902304939,-0.013625498502885126,-0.6738919429525587,0.004204535903074254
6-13-14-15,2.0,0.007104179893675801,0.021370552900791602,0.2467717110974499,0.0039338902304934,-0.01362549850288345,-0.6738919429525755,0.004204535903072963
0-4-9-13,2.0,0.003464495902147952,0.0096254154239944,0.2477225665024941,0.0048992784074256,-0.0014725380840463998,0.2207361556080652,0.4113449085516079
4-5-10-11,2.0,0.00346449590214767,0.0096254154239942,0.2477225665024935,0.0048992784074255,-0.001472538084043325,0.22073615560841373,0.41134490855085015
4-12-13-15,2.0,0.00710417989367675,0.0213705529007963,0.2467717110974504,0.0039338902304936,-0.013625498502884874,-0.6738919429525458,0.004204535903075255
1-5-8-12,2.0,0.003464495902147856,0.009625415423994501,0.2477225665024935,0.0048992784074257,-0.0014725380840463998,0.2207361556080572,0.4113449085516252
1-5-7-9,2.0,0.007104179893676492,0.0213705529007951,0.2467717110974496,0.0039338902304946,-0.0136254985028856,-0.6738919429525676,0.004204535903073566
1-5-6-8,2.0,0.007104179893676384,0.021370552900794898,0.2467717110974497,0.0039338902304937,-0.013625498502885075,-0.6738919429526027,0.004204535903070843
5-9-10-12,2.0,0.007104179893676247,0.021370552900793,0.24677171109745,0.0039338902304938,-0.013625498502884349,-0.6738919429525694,0.004204535903073429
1-4-5-10,2.0,0.007104179893677009,0.0213705529007951,0.2467717110974507,0.0039338902304939,-0.013625498502886475,-0.6738919429525994,0.004204535903071102
5-8-9-14,2.0,0.007104179893676605,0.0213705529007926,0.2467717110974499,0.003933890230494,-0.0136254985028854,-0.6738919429526042,0.004204535903070723
0-5-9-12,2.0,0.0034644959021481216,0.0096254154239941,0.2477225665024943,0.0048992784074253,-0.00147253808404795,0.22073615560789195,0.41134490855198413
0-5-8-13,2.0,0.0038959409319340543,0.009451309854241401,0.2480174698069242,0.005178702661005,0.00437743537874585,0.9143339310085867,7.22135811778233e-07
4-5-6-13,2.0,0.007104179893676569,0.021370552900794197,0.2467717110974498,0.0039338902304935,-0.0136254985028841,-0.6738919429525624,0.00420453590307396
6-10-11-13,2.0,0.007104179893676412,0.0213705529007961,0.2467717110974494,0.0039338902304938,-0.01362549850288425,-0.6738919429525334,0.004204535903076218
0-5-7-8,2.0,0.0038959409319332867,0.0125484268608627,0.2511145868135468,0.0082758196676277,0.004377435378745275,0.914333931008642,7.221358117750792e-07
0-5-6-9,2.0,0.0071041798936757735,0.0213705529007885,0.2467717110974491,0.0039338902304938,-0.01362549850288405,-0.6738919429526112,0.00420453590307017
4-5-12-13,2.0,0.0034644959021477625,0.0096254154239943,0.2477225665024933,0.0048992784074256,-0.00147253808404295,0.22073615560846957,0.41134490855072925
1-4-7-8,2.0,0.007104179893677077,0.021370552900795897,0.2467717110974491,0.0039338902304936,-0.01362549850288725,-0.6738919429526165,0.004204535903069772
1-4-6-9,2.0,0.0038959409319328096,0.0125484268608629,0.2511145868135466,0.0082758196676277,0.0043774353787431495,0.9143339310085681,7.221358117792971e-07
1-5-10-14,2.0,0.0034644959021479936,0.009625415423994699,0.2477225665024946,0.004899278407426,-0.0014725380840471,0.22073615560798412,0.4113449085517842
1-4-9-12,2.0,0.0038959409319337117,0.0094513098542413,0.2480174698069245,0.005178702661005,0.004377435378744525,0.9143339310085432,7.221358117807153e-07
1-4-8-13,2.0,0.003464495902148068,0.0096254154239942,0.2477225665024939,0.0048992784074254,-0.0014725380840474001,0.22073615560795562,0.4113449085518459
9-11-12-14,2.0,0.003895940931933947,0.009451309854242,0.2480174698069243,0.0051787026610051,0.0043774353787444,0.9143339310085148,7.221358117823367e-07
9-10-12-15,2.0,0.003464495902147778,0.0096254154239941,0.2477225665024927,0.0048992784074253,-0.0014725380840441998,0.22073615560832435,0.41134490855104466
8-9-14-15,2.0,0.003464495902147789,0.009625415423994,0.2477225665024928,0.0048992784074253,-0.0014725380840438249,0.2207361556083628,0.4113449085509612
0-1-2-9,2.0,0.0071041798936757605,0.0213705529007912,0.246771711097449,0.0039338902304937,-0.013625498502882652,-0.6738919429525522,0.004204535903074753
1-2-12-15,2.0,0.003464495902147889,0.0096254154239947,0.2477225665024935,0.0048992784074255,-0.0014725380840441,0.22073615560833212,0.4113449085510277
1-10-14-15,2.0,0.007104179893675504,0.0213705529007927,0.2467717110974494,0.0039338902304937,-0.013625498502883276,-0.6738919429525809,0.004204535903072532
4-9-10-13,2.0,0.0071041798936768,0.021370552900794,0.24677171109745,0.0039338902304939,-0.013625498502885825,-0.6738919429525865,0.004204535903072101
0-1-5-14,2.0,0.007104179893676289,0.021370552900793,0.2467717110974491,0.0039338902304938,-0.013625498502883976,-0.6738919429525604,0.004204535903074136
0-1-4-15,2.0,0.007104179893676967,0.0213705529007972,0.2467717110974502,0.003933890230494,-0.013625498502885748,-0.6738919429525729,0.004204535903073153
0-1-14-15,2.0,0.003464495902147828,0.0096254154239943,0.2477225665024935,0.0048992784074253,-0.0014725380840434749,0.22073615560839424,0.41134490855089256
2-6-11-15,2.0,0.0034644959021478926,0.0096254154239938,0.2477225665024922,0.0048992784074251,-0.00147253808404705,0.22073615560798257,0.41134490855178707
0-1-3-8,2.0,0.007104179893675351,0.0213705529007896,0.2467717110974477,0.0039338902304933,-0.013625498502882074,-0.6738919429525525,0.004204535903074737
9-11-13-15,2.0,0.003464495902147893,0.0096254154239933,0.2477225665024917,0.0048992784074248,-0.00147253808404795,0.22073615560787405,0.4113449085520233
0-1-10-13,2.1666666666666665,0.007018259120990178,0.0227047119774671,0.2466428059246678,0.0038006466415365,-0.012962979133201725,-0.6811372523255177,0.003671780067715156
0-1-11-12,2.1666666666666665,0.007018259120989839,0.0227047119774655,0.2466428059246682,0.0038006466415363,-0.012962979133201049,-0.6811372523255071,0.003671780067715884
2-6-12-14,2.1666666666666665,0.007018259120989291,0.022704711977460497,0.2466428059246674,0.0038006466415359,-0.012962979133199576,-0.6811372523255048,0.003671780067716052
0-1-2-10,2.1666666666666665,0.007018259120990353,0.0227047119774699,0.246642805924667,0.0038006466415361,-0.012962979133202275,-0.6811372523255232,0.0036717800677147695
0-1-3-9,2.1666666666666665,0.007018259120989866,0.0227047119774678,0.2466428059246669,0.003800646641536,-0.0129629791332016,-0.6811372523255188,0.003671780067715081
0-1-4-11,2.1666666666666665,0.007018259120990301,0.022704711977467,0.2466428059246677,0.0038006466415364,-0.012962979133201727,-0.6811372523255173,0.003671780067715188
0-1-4-14,2.1666666666666665,0.007018259120990056,0.022704711977465698,0.2466428059246678,0.003800646641536,-0.012962979133202325,-0.6811372523255423,0.003671780067713441
0-1-5-10,2.1666666666666665,0.007018259120989763,0.0227047119774655,0.2466428059246681,0.0038006466415364,-0.0129629791332001,-0.6811372523254776,0.0036717800677179514
0-1-5-15,2.1666666666666665,0.007018259120990072,0.022704711977467,0.2466428059246677,0.0038006466415361,-0.0129629791332021,-0.6811372523255259,0.003671780067714585
0-1-6-12,2.1666666666666665,0.007018259120989654,0.0227047119774642,0.2466428059246681,0.003800646641536,-0.01296297913320195,-0.681137252325557,0.003671780067712422
4-9-10-14,2.1666666666666665,0.007018259120988862,0.0227047119774611,0.2466428059246678,0.0038006466415364,-0.012962979133199801,-0.6811372523255185,0.003671780067715111
1-11-12-13,2.1666666666666665,0.0070182591209902315,0.022704711977465798,0.2466428059246687,0.0038006466415361,-0.0129629791332025,-0.6811372523255459,0.0036717800677131948
1-11-12-15,2.1666666666666665,0.007018259120988764,0.0227047119774601,0.2466428059246669,0.0038006466415362,-0.012962979133200051,-0.6811372523255341,0.0036717800677140105
1-11-13-14,2.1666666666666665,0.007018259120989994,0.022704711977467297,0.2466428059246684,0.0038006466415364,-0.012962979133201751,-0.6811372523255175,0.0036717800677151732
1-11-14-15,2.1666666666666665,0.00701825912098951,0.0227047119774635,0.2466428059246681,0.0038006466415363,-0.01296297913320095,-0.6811372523255287,0.0036717800677144017
1-2-10-15,2.1666666666666665,0.0036054094158802174,0.0138645875044291,0.2501406541391707,0.0073016643376249,-4.089815798417499e-05,0.39419597936462153,0.13082944251500067
1-2-11-14,2.1666666666666665,0.00701825912098987,0.0227047119774657,0.2466428059246684,0.0038006466415363,-0.012962979133201002,-0.6811372523255111,0.0036717800677156034
0-1-2-8,2.1666666666666665,0.007018259120989974,0.022704711977467297,0.2466428059246669,0.0038006466415359,-0.012962979133201723,-0.681137252325532,0.0036717800677141523
0-1-3-11,2.1666666666666665,0.007018259120990056,0.022704711977466797,0.2466428059246668,0.0038006466415359,-0.012962979133201475,-0.6811372523255259,0.003671780067714585
1-4-9-10,2.1666666666666665,0.0036054094158799272,0.0138645875044293,0.2501406541391717,0.0073016643376255,-4.089815798347499e-05,0.39419597936464706,0.13082944251497353
4-11-14-15,2.1666666666666665,0.00701825912099077,0.0227047119774684,0.2466428059246681,0.0038006466415366,-0.01296297913320295,-0.6811372523255452,0.0036717800677132403
1-4-6-10,2.1666666666666665,0.003605409415880063,0.0138645875044297,0.2501406541391722,0.0073016643376261,-4.089815798289997e-05,0.39419597936469436,0.13082944251492323
1-4-6-13,2.1666666666666665,0.003605409415880035,0.013864587504429801,0.2501406541391723,0.0073016643376258,-4.089815798374993e-05,0.3941959793646133,0.13082944251500955
1-4-6-8,2.1666666666666665,0.0036054094158801207,0.0138645875044299,0.2501406541391717,0.007301664337626,-4.0898157982999973e-05,0.3941959793646883,0.1308294425149296
1-4-7-11,2.1666666666666665,0.007018259120989914,0.0227047119774655,0.2466428059246681,0.0038006466415362,-0.012962979133201848,-0.6811372523255367,0.003671780067713842
1-4-7-12,2.1666666666666665,0.0036054094158800222,0.0138645875044291,0.2501406541391718,0.0073016643376255,-4.0898157983749984e-05,0.3941959793646289,0.13082944251499284
1-4-7-9,2.1666666666666665,0.003605409415880154,0.0138645875044291,0.2501406541391723,0.0073016643376254,-4.089815798337507e-05,0.39419597936465617,0.13082944251496387
1-4-8-11,2.1666666666666665,0.007018259120989975,0.0227047119774644,0.2466428059246679,0.0038006466415361,-0.012962979133200825,-0.6811372523255131,0.0036717800677154803
6-10-13-15,2.1666666666666665,0.003605409415879874,0.0138645875044301,0.2501406541391727,0.0073016643376259,-4.089815798302503e-05,0.39419597936467543,0.13082944251494333
1-5-6-12,2.1666666666666665,0.007018259120989975,0.0227047119774675,0.2466428059246692,0.0038006466415367,-0.0129629791332019,-0.6811372523255207,0.0036717800677149564
3-9-12-15,2.1666666666666665,0.007018259120989912,0.0227047119774661,0.2466428059246689,0.0038006466415362,-0.012962979133201748,-0.6811372523255164,0.00367178006771525
0-5-6-13,2.1666666666666665,0.0036054094158797984,0.013864587504429,0.2501406541391706,0.0073016643376252,-4.0898157983850056e-05,0.3941959793646044,0.13082944251501888
0-5-6-8,2.1666666666666665,0.0036054094158800222,0.0138645875044285,0.2501406541391708,0.0073016643376252,-4.089815798350002e-05,0.3941959793646385,0.13082944251498246
0-5-7-11,2.1666666666666665,0.0036054094158800096,0.013864587504429801,0.2501406541391723,0.007301664337626,-4.089815798250001e-05,0.3941959793647411,0.13082944251487327
0-5-7-12,2.1666666666666665,0.003605409415880022,0.0138645875044297,0.250140654139172,0.0073016643376258,-4.089815798242497e-05,0.39419597936474604,0.13082944251486808
0-5-7-9,2.1666666666666665,0.003605409415879874,0.013864587504429801,0.2501406541391726,0.007301664337626,-4.089815798217502e-05,0.39419597936475986,0.13082944251485343
5-9-13-15,2.1666666666666665,0.007018259120989458,0.0227047119774636,0.2466428059246669,0.003800646641536,-0.012962979133200452,-0.6811372523255026,0.0036717800677162076
6-10-11-12,2.1666666666666665,0.0070182591209905195,0.022704711977469802,0.246642805924668,0.0038006466415364,-0.012962979133203026,-0.6811372523255228,0.003671780067714801
6-10-12-14,2.1666666666666665,0.00701825912099004,0.0227047119774654,0.2466428059246681,0.0038006466415359,-0.01296297913320105,-0.681137252325502,0.003671780067716253
4-5-6-12,2.1666666666666665,0.00701825912098971,0.0227047119774665,0.2466428059246671,0.003800646641536,-0.012962979133201626,-0.6811372523255292,0.003671780067714355
4-5-6-14,2.1666666666666665,0.007018259120989932,0.0227047119774677,0.2466428059246674,0.003800646641536,-0.012962979133201899,-0.6811372523255214,0.003671780067714892
6-11-12-15,2.1666666666666665,0.007018259120990052,0.0227047119774651,0.2466428059246674,0.0038006466415362,-0.012962979133201727,-0.681137252325539,0.0036717800677136736
6-11-13-14,2.1666666666666665,0.003605409415879995,0.0138645875044285,0.2501406541391702,0.0073016643376252,-4.0898157982775015e-05,0.39419597936473083,0.13082944251488413
0-5-8-11,2.1666666666666665,0.0036054094158800283,0.013864587504429399,0.2501406541391719,0.0073016643376256,-4.08981579831999e-05,0.394195979364677,0.13082944251494164
0-5-9-10,2.1666666666666665,0.007018259120989561,0.0227047119774638,0.2466428059246677,0.0038006466415366,-0.012962979133200374,-0.6811372523255065,0.0036717800677159456
5-8-9-15,2.1666666666666665,0.007018259120991986,0.0227047119774723,0.2466428059246667,0.0038006466415364,-0.01296297913320655,-0.6811372523256073,0.0036717800677089282
4-5-7-13,2.1666666666666665,0.007018259120989896,0.0227047119774672,0.2466428059246679,0.0038006466415359,-0.01296297913320165,-0.6811372523255178,0.0036717800677151394
4-5-7-15,2.1666666666666665,0.007018259120989752,0.022704711977465597,0.2466428059246671,0.0038006466415359,-0.012962979133201975,-0.6811372523255486,0.003671780067713008
4-5-8-15,2.1666666666666665,0.0070182591209901005,0.0227047119774671,0.2466428059246679,0.0038006466415366,-0.012962979133201075,-0.6811372523255043,0.0036717800677160987
1-4-13-14,2.1666666666666665,0.007018259120990439,0.0227047119774685,0.2466428059246678,0.0038006466415362,-0.012962979133202249,-0.6811372523255257,0.0036717800677146008
1-4-5-11,2.1666666666666665,0.00701825912098927,0.022704711977463703,0.2466428059246678,0.0038006466415363,-0.012962979133200575,-0.6811372523255137,0.0036717800677154343
1-4-5-14,2.1666666666666665,0.007018259120991561,0.022704711977472102,0.2466428059246689,0.0038006466415368,-0.012962979133204974,-0.6811372523255748,0.003671780067711185
1-5-7-10,2.1666666666666665,0.003605409415879946,0.0138645875044297,0.2501406541391719,0.007301664337626,-4.0898157982174963e-05,0.39419597936476397,0.1308294425148489
1-5-7-13,2.1666666666666665,0.007018259120989284,0.0227047119774579,0.2466428059246672,0.003800646641536,-0.0129629791332002,-0.6811372523255457,0.0036717800677132087
1-5-7-8,2.1666666666666665,0.0036054094158798184,0.0138645875044297,0.2501406541391711,0.007301664337626,-4.0898157983649966e-05,0.39419597936460976,0.13082944251501324
1-5-8-10,2.1666666666666665,0.0036054094158798275,0.0138645875044299,0.2501406541391715,0.0073016643376259,-4.0898157982625016e-05,0.3941959793647145,0.13082944251490167
4-12-13-14,2.1666666666666665,0.0070182591209901135,0.0227047119774669,0.2466428059246674,0.0038006466415363,-0.0129629791332021,-0.6811372523255392,0.003671780067713659
4-12-14-15,2.1666666666666665,0.007018259120990035,0.022704711977466,0.2466428059246668,0.0038006466415362,-0.012962979133202025,-0.6811372523255441,0.0036717800677133184
4-5-10-13,2.1666666666666665,0.003605409415879988,0.0138645875044287,0.2501406541391704,0.0073016643376251,-4.089815798337507e-05,0.39419597936467005,0.130829442514949
4-5-11-12,2.1666666666666665,0.003605409415879999,0.013864587504428798,0.2501406541391713,0.0073016643376252,-4.089815798422503e-05,0.3941959793645819,0.13082944251504278
1-5-12-14,2.1666666666666665,0.0036054094158798934,0.0138645875044296,0.2501406541391713,0.0073016643376257,-4.089815798489994e-05,0.3941959793644939,0.13082944251513667
1-5-13-15,2.1666666666666665,0.007018259120988954,0.022704711977458998,0.2466428059246671,0.003800646641536,-0.012962979133199149,-0.6811372523255071,0.003671780067715884
1-5-6-11,2.1666666666666665,0.00701825912099032,0.0227047119774683,0.2466428059246686,0.0038006466415362,-0.012962979133202475,-0.681137252325525,0.0036717800677146476
0-4-9-11,2.1666666666666665,0.003605409415879812,0.013864587504429801,0.2501406541391716,0.007301664337626,-4.089815798250006e-05,0.39419597936472534,0.13082944251489004
0-5-12-15,2.1666666666666665,0.007018259120989205,0.0227047119774616,0.2466428059246675,0.0038006466415363,-0.01296297913319975,-0.6811372523255081,0.0036717800677158203
0-5-13-14,2.1666666666666665,0.0036054094158799264,0.0138645875044284,0.2501406541391699,0.0073016643376248,-4.089815798265002e-05,0.3941959793647389,0.1308294425148757
0-5-6-10,2.1666666666666665,0.00701825912098884,0.022704711977461402,0.2466428059246677,0.0038006466415363,-0.012962979133199874,-0.6811372523255184,0.003671780067715111
6-12-13-14,2.1666666666666665,0.007018259120989796,0.0227047119774639,0.2466428059246682,0.003800646641536,-0.012962979133201451,-0.6811372523255439,0.0036717800677133366
6-12-14-15,2.1666666666666665,0.007018259120990823,0.0227047119774717,0.246642805924669,0.0038006466415363,-0.012962979133203599,-0.6811372523255326,0.003671780067714121
6-7-10-13,2.1666666666666665,0.007018259120990552,0.0227047119774696,0.2466428059246681,0.0038006466415366,-0.012962979133202225,-0.681137252325513,0.0036717800677154803
6-7-11-12,2.1666666666666665,0.007018259120990777,0.022704711977475298,0.2466428059246734,0.0038006466415422,-0.012962979133202449,-0.6811372523254623,0.0036717800677190018
3-9-13-14,2.1666666666666665,0.00701825912099045,0.022704711977469,0.2466428059246696,0.0038006466415367,-0.012962979133202825,-0.6811372523255264,0.003671780067714556
3-9-14-15,2.1666666666666665,0.0070182591209899834,0.0227047119774687,0.2466428059246677,0.0038006466415364,-0.012962979133202799,-0.6811372523255323,0.003671780067714137
4-10-11-12,2.1666666666666665,0.003605409415879995,0.0138645875044287,0.2501406541391713,0.0073016643376251,-4.089815798387494e-05,0.3941959793646176,0.13082944251500478
4-10-11-14,2.1666666666666665,0.007018259120988585,0.0227047119774588,0.2466428059246669,0.0038006466415361,-0.012962979133199423,-0.6811372523255266,0.003671780067714537
4-11-12-13,2.1666666666666665,0.003605409415879918,0.0138645875044284,0.2501406541391705,0.0073016643376251,-4.089815798364995e-05,0.394195979364639,0.13082944251498196
1-6-7-9,2.1666666666666665,0.003605409415880069,0.013864587504428798,0.2501406541391713,0.0073016643376252,-4.089815798304997e-05,0.3941959793646977,0.13082944251491968
6-7-8-15,2.1666666666666665,0.0036054094158800864,0.0138645875044287,0.2501406541391704,0.0073016643376251,-4.089815798387499e-05,0.39419597936462925,0.13082944251499243
0-4-8-10,2.1666666666666665,0.00701825912098936,0.0227047119774622,0.2466428059246674,0.003800646641536,-0.0129629791331999,-0.6811372523255015,0.003671780067716284
3-8-9-11,2.1666666666666665,0.007018259120989768,0.0227047119774636,0.2466428059246679,0.003800646641536,-0.012962979133201349,-0.681137252325544,0.0036717800677133184
3-8-9-12,2.1666666666666665,0.0070182591209899435,0.022704711977464,0.2466428059246674,0.0038006466415361,-0.012962979133200776,-0.6811372523255224,0.0036717800677148332
3-9-10-11,2.1666666666666665,0.007018259120989842,0.0227047119774641,0.2466428059246682,0.0038006466415362,-0.012962979133201226,-0.6811372523255356,0.003671780067713905
3-9-10-14,2.1666666666666665,0.0070182591209897345,0.0227047119774637,0.2466428059246684,0.0038006466415366,-0.012962979133200374,-0.6811372523255144,0.0036717800677153883
3-9-11-15,2.1666666666666665,0.007018259120988399,0.0227047119774653,0.2466428059246724,0.0038006466415418,-0.012962979133198,-0.6811372523254267,0.0036717800677214907
3-9-12-13,2.1666666666666665,0.007018259120990196,0.022704711977462,0.246642805924668,0.0038006466415359,-0.012962979133202724,-0.6811372523255956,0.003671780067709732
1-5-9-11,2.1666666666666665,0.007018259120989647,0.022704711977463,0.2466428059246672,0.003800646641536,-0.012962979133200925,-0.68113725232552,0.0036717800677149855
1-6-10-11,2.1666666666666665,0.007018259120989896,0.022704711977465403,0.2466428059246681,0.0038006466415363,-0.012962979133200575,-0.681137252325495,0.0036717800677167297
5-9-10-15,2.1666666666666665,0.007018259120989457,0.022704711977465597,0.2466428059246676,0.0038006466415364,-0.012962979133200825,-0.6811372523255005,0.0036717800677163455
5-9-11-12,2.1666666666666665,0.0036054094158798123,0.0138645875044293,0.2501406541391714,0.0073016643376257,-4.0898157982075e-05,0.39419597936477563,0.13082944251483666
5-9-11-14,2.1666666666666665,0.0036054094158799017,0.0138645875044296,0.2501406541391722,0.0073016643376259,-4.089815798235001e-05,0.3941959793647445,0.13082944251486978
5-9-12-14,2.1666666666666665,0.003605409415879884,0.0138645875044303,0.2501406541391728,0.0073016643376261,-4.089815798287503e-05,0.3941959793646881,0.13082944251492973
0-6-7-10,2.1666666666666665,0.007018259120989619,0.0227047119774658,0.2466428059246675,0.0038006466415362,-0.012962979133201324,-0.6811372523255228,0.003671780067714801
5-8-10-14,2.1666666666666665,0.0036054094158800036,0.0138645875044295,0.2501406541391716,0.0073016643376257,-4.0898157982999946e-05,0.3941959793646916,0.13082944251492606
5-8-11-13,2.1666666666666665,0.0036054094158799576,0.0138645875044287,0.2501406541391713,0.0073016643376252,-4.089815798272498e-05,0.3941959793647252,0.1308294425148903
4-6-8-12,2.1666666666666665,0.0070182591209891135,0.0227047119774597,0.2466428059246683,0.0038006466415359,-0.012962979133199201,-0.6811372523254996,0.0036717800677164084
4-5-9-14,2.1666666666666665,0.007018259120990474,0.022704711977469,0.2466428059246673,0.0038006466415365,-0.012962979133202325,-0.6811372523255212,0.0036717800677149087
4-6-10-14,2.1666666666666665,0.007018259120990114,0.022704711977466898,0.246642805924669,0.003800646641536,-0.012962979133200823,-0.6811372523254953,0.003671780067716717
4-6-11-15,2.1666666666666665,0.0036054094158797837,0.013864587504429999,0.2501406541391723,0.0073016643376259,-4.0898157982299985e-05,0.3941959793647304,0.1308294425148847
1-3-9-13,2.1666666666666665,0.007018259120988478,0.0227047119774559,0.2466428059246673,0.0038006466415358,-0.012962979133197725,-0.6811372523254899,0.003671780067717086
0-4-6-12,2.1666666666666665,0.007018259120989376,0.0227047119774599,0.2466428059246679,0.0038006466415362,-0.012962979133200249,-0.6811372523255249,0.0036717800677146476
0-4-6-9,2.1666666666666665,0.00360540941587991,0.0138645875044298,0.2501406541391717,0.0073016643376259,-4.089815798212498e-05,0.39419597936476497,0.13082944251484813
0-4-7-10,2.1666666666666665,0.007018259120989837,0.022704711977465698,0.2466428059246683,0.0038006466415365,-0.012962979133202001,-0.6811372523255315,0.003671780067714199
0-4-7-13,2.1666666666666665,0.0070182591209901534,0.022704711977467998,0.2466428059246684,0.0038006466415366,-0.01296297913320125,-0.6811372523255,0.003671780067716379
3-8-10-15,2.1666666666666665,0.003605409415879857,0.0138645875044296,0.2501406541391716,0.0073016643376258,-4.089815798247491e-05,0.39419597936472217,0.1308294425148936
3-8-11-14,2.1666666666666665,0.003605409415880036,0.0138645875044294,0.2501406541391727,0.0073016643376257,-4.089815798242498e-05,0.3941959793647535,0.13082944251486
3-8-12-14,2.1666666666666665,0.003605409415879966,0.0138645875044301,0.2501406541391736,0.0073016643376261,-4.0898157982675e-05,0.39419597936471706,0.13082944251489875
3-8-13-15,2.1666666666666665,0.0036054094158797442,0.0138645875044296,0.2501406541391722,0.007301664337626,-4.0898157982374944e-05,0.3941959793647314,0.13082944251488368
1-6-12-13,2.1666666666666665,0.007018259120990084,0.0227047119774711,0.2466428059246742,0.0038006466415428,-0.012962979133201474,-0.6811372523254782,0.0036717800677179067
1-6-14-15,2.1666666666666665,0.0036054094158799064,0.0138645875044286,0.25014065413917,0.0073016643376249,-4.08981579825749e-05,0.39419597936474643,0.13082944251486767
1-6-7-11,2.1666666666666665,0.007018259120990087,0.022704711977468598,0.2466428059246684,0.0038006466415365,-0.01296297913320175,-0.681137252325504,0.0036717800677160987
1-6-7-14,2.1666666666666665,0.0036054094158798674,0.0138645875044293,0.2501406541391714,0.0073016643376257,-4.089815798425007e-05,0.39419597936457007,0.1308294425150553
3-6-7-12,2.1666666666666665,0.0070182591209902966,0.0227047119774715,0.2466428059246682,0.0038006466415366,-0.01296297913320175,-0.681137252325483,0.003671780067717581
3-6-7-9,2.1666666666666665,0.007018259120989852,0.022704711977468803,0.2466428059246675,0.0038006466415364,-0.012962979133201425,-0.6811372523254917,0.0036717800677169635
3-6-8-11,2.1666666666666665,0.003605409415880146,0.0138645875044295,0.250140654139173,0.0073016643376259,-4.089815798405004e-05,0.3941959793645954,0.13082944251502834
3-6-9-10,2.1666666666666665,0.007018259120990173,0.0227047119774673,0.2466428059246686,0.0038006466415362,-0.012962979133201026,-0.681137252325496,0.003671780067716653
3-7-13-15,2.1666666666666665,0.007018259120989158,0.0227047119774591,0.2466428059246665,0.0038006466415359,-0.012962979133199425,-0.681137252325516,0.003671780067715266
3-7-8-10,2.1666666666666665,0.00360540941587984,0.0138645875044297,0.2501406541391712,0.0073016643376259,-4.089815798342505e-05,0.39419597936463857,0.13082944251498246
3-7-9-11,2.1666666666666665,0.007018259120989615,0.022704711977463998,0.2466428059246672,0.003800646641536,-0.012962979133201125,-0.6811372523255209,0.0036717800677149234
1-6-8-9,2.1666666666666665,0.003605409415879964,0.013864587504429,0.2501406541391713,0.0073016643376254,-4.089815798345004e-05,0.39419597936464734,0.13082944251497303
0-4-5-15,2.1666666666666665,0.007018259120990914,0.0227047119774719,0.2466428059246692,0.0038006466415367,-0.012962979133203024,-0.6811372523255104,0.003671780067715666
0-4-6-11,2.1666666666666665,0.003605409415879999,0.0138645875044297,0.250140654139172,0.007301664337626,-4.0898157982100045e-05,0.3941959793647698,0.13082944251484277
3-5-6-9,2.1666666666666665,0.0070182591209895185,0.0227047119774646,0.2466428059246684,0.0038006466415363,-0.012962979133200301,-0.6811372523254992,0.0036717800677164387
3-5-7-10,2.1666666666666665,0.0036054094158797876,0.0138645875044295,0.2501406541391718,0.0073016643376259,-4.089815798199997e-05,0.39419597936476597,0.1308294425148468
6-7-9-14,2.1666666666666665,0.0036054094158799108,0.0138645875044286,0.2501406541391708,0.0073016643376251,-4.089815798427501e-05,0.39419597936457795,0.13082944251504702
6-8-10-13,2.1666666666666665,0.0036054094158799563,0.0138645875044301,0.2501406541391738,0.0073016643376263,-4.089815798287498e-05,0.39419597936469686,0.13082944251492049
6-8-10-15,2.1666666666666665,0.0036054094158799494,0.0138645875044295,0.2501406541391714,0.0073016643376256,-4.089815798202502e-05,0.39419597936477724,0.13082944251483505
6-8-11-12,2.1666666666666665,0.00701825912098952,0.0227047119774637,0.2466428059246689,0.0038006466415362,-0.012962979133200726,-0.6811372523255219,0.003671780067714865
6-8-11-14,2.1666666666666665,0.0036054094158799637,0.0138645875044278,0.2501406541391705,0.0073016643376249,-4.0898157983149986e-05,0.39419597936468664,0.13082944251493145
0-4-12-14,2.1666666666666665,0.007018259120989093,0.0227047119774592,0.2466428059246676,0.0038006466415361,-0.012962979133199149,-0.6811372523255036,0.0036717800677161295
0-4-13-15,2.1666666666666665,0.003605409415880034,0.013864587504429801,0.2501406541391717,0.0073016643376258,-4.089815798299999e-05,0.3941959793646911,0.13082944251492662
0-4-5-10,2.1666666666666665,0.007018259120990059,0.0227047119774693,0.2466428059246689,0.0038006466415365,-0.0129629791332019,-0.6811372523254989,0.0036717800677164704
3-7-12-14,2.1666666666666665,0.0036054094158801103,0.0138645875044298,0.2501406541391726,0.0073016643376259,-4.0898157983200077e-05,0.39419597936466877,0.13082944251495038
1-4-12-15,2.1666666666666665,0.0036054094158800057,0.013864587504428299,0.2501406541391714,0.0073016643376247,-4.089815798320002e-05,0.39419597936469386,0.13082944251492362
5-8-11-15,2.1666666666666665,0.007018259120989467,0.0227047119774623,0.2466428059246687,0.0038006466415362,-0.012962979133201026,-0.6811372523255428,0.0036717800677134134
5-8-12-15,2.1666666666666665,0.007018259120988874,0.0227047119774581,0.2466428059246683,0.0038006466415366,-0.012962979133199423,-0.6811372523255271,0.0036717800677144932
5-8-13-14,2.1666666666666665,0.0036054094158799433,0.0138645875044286,0.2501406541391713,0.0073016643376253,-4.089815798315004e-05,0.39419597936468714,0.13082944251493073
0-6-7-15,2.1666666666666665,0.003605409415879756,0.013864587504428798,0.2501406541391709,0.0073016643376252,-4.089815798299993e-05,0.3941959793646906,0.13082944251492717
0-6-7-8,2.1666666666666665,0.0036054094158801497,0.0138645875044285,0.250140654139171,0.0073016643376251,-4.089815798337507e-05,0.3941959793646699,0.13082944251494918
5-7-8-12,2.1666666666666665,0.00360540941587993,0.013864587504430901,0.2501406541391741,0.0073016643376266,-4.089815798232506e-05,0.39419597936472944,0.13082944251488585
5-7-9-13,2.1666666666666665,0.007018259120989656,0.0227047119774623,0.2466428059246674,0.0038006466415361,-0.012962979133200651,-0.6811372523255236,0.0036717800677147396
4-7-10-15,2.1666666666666665,0.0036054094158799676,0.013864587504428701,0.2501406541391704,0.007301664337625,-4.089815798387494e-05,0.3941959793646193,0.13082944251500306
1-3-7-11,2.1666666666666665,0.007018259120989314,0.0227047119774605,0.2466428059246675,0.0038006466415358,-0.01296297913319975,-0.6811372523255174,0.0036717800677151732
1-3-7-12,2.1666666666666665,0.003605409415879986,0.0138645875044299,0.2501406541391722,0.007301664337626,-4.089815798264995e-05,0.39419597936472,0.1308294425148957
1-3-7-14,2.1666666666666665,0.003605409415879931,0.0138645875044296,0.2501406541391717,0.0073016643376259,-4.089815798254999e-05,0.3941959793647283,0.13082944251488698
3-4-8-9,2.1666666666666665,0.007018259120990448,0.022704711977468,0.2466428059246677,0.0038006466415363,-0.012962979133201873,-0.6811372523255087,0.0036717800677157904
1-8-12-14,2.1666666666666665,0.003605409415879964,0.0138645875044301,0.2501406541391728,0.007301664337626,-4.089815798149999e-05,0.39419597936483475,0.13082944251477358
1-8-13-15,2.1666666666666665,0.0036054094158797277,0.013864587504429801,0.2501406541391727,0.0073016643376261,-4.089815798232507e-05,0.39419597936472883,0.13082944251488648
1-8-9-11,2.1666666666666665,0.007018259120989643,0.0227047119774626,0.2466428059246676,0.0038006466415359,-0.012962979133201375,-0.6811372523255521,0.003671780067712763
3-6-12-15,2.1666666666666665,0.007018259120989687,0.022704711977463897,0.2466428059246674,0.0038006466415359,-0.012962979133201175,-0.6811372523255299,0.003671780067714306
3-6-13-14,2.1666666666666665,0.003605409415879855,0.0138645875044284,0.2501406541391701,0.0073016643376247,-4.089815798239999e-05,0.39419597936475903,0.13082944251485434
1-8-10-13,2.1666666666666665,0.003605409415879714,0.0138645875044295,0.2501406541391708,0.0073016643376258,-4.089815798314993e-05,0.39419597936465894,0.13082944251496076
1-8-11-12,2.1666666666666665,0.007018259120989251,0.022704711977459498,0.2466428059246675,0.003800646641536,-0.0129629791331999,-0.6811372523255389,0.0036717800677136866
3-5-7-15,2.1666666666666665,0.007018259120988891,0.022704711977459,0.2466428059246675,0.0038006466415362,-0.0129629791331991,-0.6811372523255058,0.0036717800677159747
3-5-7-8,2.1666666666666665,0.0036054094158798917,0.0138645875044295,0.2501406541391708,0.0073016643376258,-4.0898157982625016e-05,0.39419597936472467,0.1308294425148908
3-5-6-11,2.1666666666666665,0.0036054094158801623,0.013864587504428899,0.2501406541391711,0.0073016643376254,-4.089815798297494e-05,0.39419597936469974,0.13082944251491732
3-5-6-14,2.1666666666666665,0.0036054094158797755,0.0138645875044286,0.2501406541391698,0.0073016643376251,-4.089815798392503e-05,0.3941959793645962,0.13082944251502765
1-9-14-15,2.1666666666666665,0.0036054094158802096,0.013864587504429201,0.2501406541391719,0.0073016643376258,-4.089815798209995e-05,0.3941959793647969,0.1308294425148141
0-3-8-13,2.1666666666666665,0.003605409415880059,0.0138645875044291,0.2501406541391722,0.0073016643376256,-4.0898157983299986e-05,0.394195979364678,0.13082944251494036
6-8-9-12,2.1666666666666665,0.007018259120989603,0.022704711977464202,0.2466428059246682,0.0038006466415364,-0.012962979133201775,-0.6811372523255457,0.0036717800677132087
6-8-9-14,2.1666666666666665,0.003605409415880198,0.0138645875044286,0.2501406541391716,0.0073016643376252,-4.0898157983250004e-05,0.3941959793646822,0.13082944251493617
6-9-10-12,2.1666666666666665,0.007018259120991503,0.0227047119774733,0.2466428059246687,0.0038006466415365,-0.012962979133204525,-0.6811372523255458,0.0036717800677131948
6-9-11-13,2.1666666666666665,0.0036054094158799806,0.0138645875044296,0.2501406541391712,0.0073016643376258,-4.089815798299993e-05,0.3941959793646894,0.13082944251492828
6-9-11-15,2.1666666666666665,0.0036054094158798036,0.0138645875044295,0.2501406541391719,0.0073016643376258,-4.089815798367496e-05,0.39419597936461376,0.130829442515009
0-3-9-12,2.1666666666666665,0.007018259120990383,0.0227047119774672,0.2466428059246675,0.0038006466415364,-0.012962979133201975,-0.6811372523255285,0.0036717800677144017
3-4-7-14,2.1666666666666665,0.007018259120989676,0.022704711977466402,0.2466428059246671,0.0038006466415363,-0.012962979133200525,-0.681137252325493,0.003671780067716871
3-4-7-9,2.1666666666666665,0.007018259120988691,0.0227047119774614,0.2466428059246666,0.0038006466415359,-0.0129629791331996,-0.6811372523255033,0.0036717800677161616
1-3-8-12,2.1666666666666665,0.0036054094158799593,0.0138645875044295,0.2501406541391711,0.0073016643376255,-4.0898157982775015e-05,0.3941959793647062,0.13082944251491063
4-6-7-12,2.1666666666666665,0.007018259120990149,0.0227047119774672,0.246642805924668,0.0038006466415359,-0.01296297913320215,-0.68113725232553,0.003671780067714306
4-6-7-14,2.1666666666666665,0.007018259120990098,0.022704711977469202,0.246642805924667,0.0038006466415358,-0.0129629791332027,-0.68113725232553,0.003671780067714306
1-3-5-12,2.1666666666666665,0.0036054094158799437,0.0138645875044297,0.2501406541391714,0.0073016643376259,-4.0898157982125036e-05,0.3941959793647664,0.1308294425148464
1-3-5-14,2.1666666666666665,0.0036054094158799043,0.0138645875044297,0.2501406541391712,0.0073016643376258,-4.089815798247491e-05,0.3941959793647325,0.13082944251488246
1-3-5-9,2.1666666666666665,0.00701825912098918,0.0227047119774591,0.2466428059246678,0.0038006466415359,-0.012962979133199052,-0.6811372523255084,0.003671780067715807
1-3-6-10,2.1666666666666665,0.0036054094158800005,0.0138645875044297,0.2501406541391713,0.0073016643376261,-4.0898157982499994e-05,0.39419597936473816,0.13082944251487663
1-3-6-13,2.1666666666666665,0.0036054094158799914,0.0138645875044299,0.2501406541391725,0.0073016643376262,-4.0898157981774974e-05,0.3941959793648059,0.13082944251480425
1-3-6-15,2.1666666666666665,0.0036054094158800907,0.0138645875044295,0.2501406541391716,0.0073016643376259,-4.089815798207504e-05,0.39419597936478534,0.1308294425148263
4-6-9-13,2.1666666666666665,0.0036054094158798574,0.0138645875044302,0.2501406541391719,0.0073016643376261,-4.0898157983000014e-05,0.3941959793646681,0.13082944251495104
6-9-12-13,2.1666666666666665,0.007018259120990658,0.0227047119774675,0.2466428059246684,0.0038006466415363,-0.0129629791332033,-0.6811372523255683,0.003671780067711634
6-9-14-15,2.1666666666666665,0.003605409415879995,0.013864587504428701,0.2501406541391704,0.0073016643376254,-4.0898157982424994e-05,0.3941959793647574,0.130829442514856
7-10-11-13,2.1666666666666665,0.0070182591209898715,0.0227047119774673,0.2466428059246689,0.0038006466415363,-0.01296297913320145,-0.6811372523255055,0.003671780067716007
7-10-12-15,2.1666666666666665,0.003605409415880061,0.0138645875044284,0.2501406541391703,0.0073016643376251,-4.0898157983075014e-05,0.394195979364702,0.13082944251491485
7-10-13-14,2.1666666666666665,0.007018259120990218,0.0227047119774667,0.2466428059246665,0.0038006466415365,-0.012962979133201576,-0.6811372523255226,0.003671780067714816
0-3-7-10,2.1666666666666665,0.007018259120990206,0.022704711977466797,0.2466428059246681,0.0038006466415364,-0.0129629791332013,-0.681137252325503,0.0036717800677161746
0-3-7-13,2.1666666666666665,0.007018259120989264,0.0227047119774631,0.2466428059246672,0.003800646641536,-0.01296297913319985,-0.6811372523254976,0.0036717800677165627
1-8-9-14,2.1666666666666665,0.0036054094158800235,0.0138645875044291,0.2501406541391713,0.0073016643376255,-4.089815798309995e-05,0.39419597936469214,0.1308294425149255
1-9-10-11,2.1666666666666665,0.007018259120989717,0.0227047119774641,0.2466428059246674,0.0038006466415357,-0.012962979133201649,-0.6811372523255428,0.0036717800677134134
1-9-10-12,2.1666666666666665,0.0036054094158801224,0.013864587504429,0.2501406541391717,0.0073016643376255,-4.089815798314993e-05,0.3941959793646966,0.1308294425149208
1-9-11-13,2.1666666666666665,0.007018259120986933,0.022704711977455903,0.2466428059246664,0.0038006466415353,-0.012962979133194927,-0.6811372523254038,0.0036717800677230827
1-9-12-15,2.1666666666666665,0.0036054094158803245,0.0138645875044292,0.2501406541391729,0.0073016643376256,-4.089815798300011e-05,0.3941959793647153,0.1308294425149007
0-3-11-14,2.1666666666666665,0.003605409415880145,0.0138645875044292,0.2501406541391733,0.0073016643376256,-4.0898157982650007e-05,0.39419597936475104,0.1308294425148629
0-3-4-14,2.1666666666666665,0.0070182591209899375,0.0227047119774651,0.2466428059246671,0.003800646641536,-0.0129629791332015,-0.6811372523255281,0.003671780067714429
2-10-11-13,2.1666666666666665,0.003605409415879931,0.013864587504429,0.2501406541391718,0.0073016643376256,-4.089815798284999e-05,0.39419597936471373,0.13082944251490258
0-3-4-9,2.1666666666666665,0.007018259120990695,0.0227047119774694,0.246642805924667,0.0038006466415364,-0.012962979133202652,-0.6811372523255282,0.003671780067714429
0-3-5-13,2.1666666666666665,0.0036054094158798726,0.0138645875044287,0.2501406541391698,0.0073016643376252,-4.089815798220001e-05,0.39419597936477135,0.1308294425148412
0-3-5-15,2.1666666666666665,0.0070182591209899834,0.0227047119774667,0.2466428059246673,0.0038006466415358,-0.012962979133202575,-0.6811372523255519,0.0036717800677127754
0-3-5-8,2.1666666666666665,0.003605409415879799,0.013864587504428899,0.2501406541391705,0.007301664337625,-4.089815798312494e-05,0.39419597936468054,0.13082944251493778
0-3-6-11,2.1666666666666665,0.003605409415880112,0.0138645875044291,0.2501406541391717,0.0073016643376253,-4.0898157982625016e-05,0.39419597936474404,0.13082944251487016
0-3-6-12,2.1666666666666665,0.007018259120990005,0.022704711977466298,0.2466428059246672,0.0038006466415359,-0.012962979133201925,-0.6811372523255411,0.0036717800677135335
0-3-6-14,2.1666666666666665,0.003605409415880244,0.013864587504429,0.250140654139172,0.0073016643376256,-4.089815798284999e-05,0.3941959793647116,0.1308294425149048
5-8-10-12,2.1666666666666665,0.003605409415879977,0.0138645875044298,0.2501406541391726,0.0073016643376259,-4.0898157983550016e-05,0.39419597936463346,0.130829442514988
0-7-10-11,2.1666666666666665,0.007018259120989473,0.0227047119774639,0.2466428059246673,0.0038006466415362,-0.012962979133200901,-0.6811372523255237,0.0036717800677147396
0-7-12-13,2.1666666666666665,0.007018259120989324,0.0227047119774604,0.2466428059246681,0.0038006466415362,-0.012962979133199902,-0.6811372523255179,0.0036717800677151394
0-7-14-15,2.1666666666666665,0.0036054094158798665,0.013864587504428899,0.2501406541391708,0.0073016643376251,-4.089815798257509e-05,0.39419597936473594,0.13082944251487888
5-7-10-14,2.1666666666666665,0.003605409415879841,0.0138645875044298,0.2501406541391712,0.0073016643376259,-4.0898157983674916e-05,0.39419597936460576,0.13082944251501744
5-7-11-15,2.1666666666666665,0.0070182591209896885,0.022704711977463,0.2466428059246676,0.0038006466415359,-0.01296297913320035,-0.6811372523255063,0.0036717800677159456
5-6-7-13,2.1666666666666665,0.007018259120990071,0.0227047119774672,0.2466428059246675,0.0038006466415358,-0.01296297913320205,-0.6811372523255319,0.0036717800677141662
5-6-7-15,2.1666666666666665,0.007018259120990078,0.022704711977468598,0.2466428059246668,0.0038006466415359,-0.012962979133202176,-0.6811372523255248,0.0036717800677146624
4-7-8-13,2.1666666666666665,0.007018259120990188,0.0227047119774666,0.246642805924668,0.0038006466415366,-0.012962979133201201,-0.6811372523255098,0.003671780067715699
1-3-4-13,2.1666666666666665,0.0036054094158800287,0.0138645875044299,0.2501406541391728,0.0073016643376261,-4.0898157982250004e-05,0.39419597936477063,0.1308294425148419
1-3-4-15,2.1666666666666665,0.003605409415880093,0.0138645875044299,0.2501406541391727,0.007301664337626,-4.0898157981925055e-05,0.3941959793648049,0.13082944251480544
7-13-14-15,2.1666666666666665,0.007018259120989902,0.0227047119774662,0.2466428059246675,0.0038006466415361,-0.012962979133201727,-0.6811372523255306,0.0036717800677142603
7-8-10-12,2.1666666666666665,0.0036054094158798635,0.0138645875044296,0.2501406541391716,0.0073016643376259,-4.089815798300003e-05,0.3941959793646844,0.13082944251493384
7-8-10-14,2.1666666666666665,0.003605409415880028,0.0138645875044298,0.2501406541391717,0.0073016643376259,-4.0898157983199995e-05,0.394195979364675,0.13082944251494372
0-2-9-13,2.1666666666666665,0.0036054094158799667,0.0138645875044296,0.2501406541391711,0.0073016643376257,-4.089815798287509e-05,0.3941959793647044,0.13082944251491258
0-3-10-15,2.1666666666666665,0.0070182591209903816,0.0227047119774685,0.2466428059246688,0.0038006466415366,-0.012962979133202551,-0.6811372523255299,0.003671780067714306
2-10-12-13,2.1666666666666665,0.0036054094158801953,0.013864587504429,0.250140654139173,0.0073016643376256,-4.089815798357505e-05,0.3941959793646529,0.13082944251496736
3-4-5-9,2.1666666666666665,0.007018259120989217,0.0227047119774614,0.2466428059246683,0.0038006466415361,-0.0129629791332002,-0.6811372523255231,0.0036717800677147695
3-4-6-10,2.1666666666666665,0.003605409415880051,0.013864587504429999,0.2501406541391734,0.0073016643376262,-4.0898157982325003e-05,0.3941959793647507,0.13082944251486323
3-4-6-15,2.1666666666666665,0.0036054094158800274,0.0138645875044299,0.2501406541391724,0.0073016643376259,-4.089815798432499e-05,0.3941959793645601,0.1308294425150662
3-4-6-8,2.1666666666666665,0.0036054094158799632,0.0138645875044296,0.2501406541391723,0.007301664337626,-4.089815798280005e-05,0.3941959793647019,0.13082944251491507
2-10-12-15,2.1666666666666665,0.003605409415880113,0.013864587504428798,0.2501406541391717,0.0073016643376256,-4.089815798292507e-05,0.39419597936471595,0.1308294425149003
2-3-5-10,2.1666666666666665,0.003605409415880168,0.013864587504429,0.2501406541391708,0.007301664337625,-4.089815798435009e-05,0.39419597936457956,0.1308294425150453
2-3-5-13,2.1666666666666665,0.003605409415879906,0.0138645875044284,0.2501406541391703,0.007301664337625,-4.089815798284999e-05,0.3941959793647051,0.13082944251491152
2-11-12-14,2.1666666666666665,0.003605409415879817,0.0138645875044295,0.250140654139172,0.0073016643376256,-4.089815798187502e-05,0.39419597936479184,0.1308294425148194
2-11-13-15,2.1666666666666665,0.0036054094158799255,0.0138645875044301,0.2501406541391721,0.0073016643376261,-4.089815798287487e-05,0.3941959793646911,0.13082944251492662
2-3-10-13,2.1666666666666665,0.0036054094158801024,0.013864587504429201,0.2501406541391729,0.0073016643376257,-4.0898157982775015e-05,0.3941959793647286,0.13082944251488648
2-3-11-12,2.1666666666666665,0.0036054094158801627,0.013864587504429,0.2501406541391721,0.0073016643376256,-4.089815798397501e-05,0.39419597936461614,0.13082944251500636
0-2-8-12,2.1666666666666665,0.0070182591209894144,0.0227047119774622,0.2466428059246672,0.0038006466415358,-0.012962979133200225,-0.6811372523255051,0.003671780067716037
7-11-12-14,2.1666666666666665,0.0036054094158800877,0.0138645875044303,0.2501406541391736,0.007301664337626,-4.089815798337501e-05,0.39419597936465195,0.13082944251496834
7-11-13-15,2.1666666666666665,0.007018259120989452,0.0227047119774616,0.2466428059246675,0.0038006466415359,-0.0129629791332002,-0.6811372523255141,0.003671780067715403
7-12-13-15,2.1666666666666665,0.00701825912099032,0.0227047119774669,0.2466428059246674,0.0038006466415362,-0.0129629791332027,-0.6811372523255537,0.0036717800677126544
1-3-4-8,2.1666666666666665,0.003605409415879857,0.0138645875044293,0.2501406541391718,0.0073016643376257,-4.0898157982399976e-05,0.39419597936474676,0.1308294425148674
5-6-8-13,2.1666666666666665,0.003605409415880018,0.0138645875044291,0.2501406541391722,0.0073016643376253,-4.089815798402499e-05,0.39419597936461104,0.13082944251501183
5-6-9-12,2.1666666666666665,0.007018259120989786,0.0227047119774671,0.2466428059246688,0.0038006466415367,-0.012962979133201276,-0.6811372523255093,0.0036717800677157427
0-7-8-9,2.1666666666666665,0.00360540941587993,0.013864587504428899,0.2501406541391709,0.0073016643376251,-4.089815798305012e-05,0.39419597936469936,0.13082944251491768
0-8-10-11,2.1666666666666665,0.007018259120989931,0.022704711977467398,0.2466428059246683,0.003800646641536,-0.012962979133201075,-0.6811372523254988,0.0036717800677164704
0-8-10-12,2.1666666666666665,0.007018259120989523,0.022704711977461798,0.2466428059246663,0.0038006466415355,-0.012962979133200426,-0.6811372523255151,0.003671780067715329
4-8-10-13,2.1666666666666665,0.0036054094158798466,0.013864587504429399,0.2501406541391713,0.0073016643376256,-4.0898157981925055e-05,0.39419597936479034,0.13082944251482076
4-8-10-15,2.1666666666666665,0.0036054094158798713,0.013864587504429201,0.2501406541391705,0.0073016643376255,-4.0898157982950005e-05,0.3941959793646867,0.13082944251493112
4-8-11-14,2.1666666666666665,0.007018259120990408,0.0227047119774697,0.2466428059246683,0.0038006466415363,-0.012962979133202476,-0.6811372523255161,0.003671780067715266
1-3-10-14,2.1666666666666665,0.003605409415880156,0.0138645875044295,0.2501406541391698,0.0073016643376249,-4.089815798285004e-05,0.3941959793647385,0.1308294425148761
1-3-11-15,2.1666666666666665,0.007018259120988381,0.0227047119774559,0.2466428059246665,0.0038006466415357,-0.012962979133198323,-0.6811372523255101,0.0036717800677156798
7-8-11-13,2.1666666666666665,0.007018259120989689,0.0227047119774652,0.2466428059246677,0.0038006466415361,-0.012962979133200752,-0.6811372523255036,0.0036717800677161295
7-8-12-13,2.1666666666666665,0.007018259120990237,0.022704711977466,0.2466428059246682,0.0038006466415366,-0.012962979133201677,-0.6811372523255217,0.0036717800677148783
7-8-14-15,2.1666666666666665,0.0036054094158799697,0.0138645875044286,0.2501406541391717,0.0073016643376253,-4.0898157982475016e-05,0.3941959793647588,0.13082944251485434
7-8-9-13,2.1666666666666665,0.007018259120988967,0.0227047119774609,0.2466428059246667,0.0038006466415363,-0.012962979133199824,-0.6811372523255157,0.0036717800677152947
7-8-9-15,2.1666666666666665,0.0036054094158800678,0.0138645875044286,0.2501406541391716,0.0073016643376251,-4.089815798285004e-05,0.3941959793647207,0.13082944251489503
0-2-7-11,2.1666666666666665,0.0036054094158800335,0.0138645875044297,0.2501406541391712,0.007301664337626,-4.089815798315004e-05,0.3941959793646787,0.1308294425149397
0-2-7-12,2.1666666666666665,0.00360540941588006,0.013864587504429801,0.2501406541391722,0.0073016643376261,-4.089815798137505e-05,0.394195979364856,0.13082944251475095
0-2-7-14,2.1666666666666665,0.003605409415879982,0.013864587504429999,0.2501406541391725,0.0073016643376261,-4.089815798149999e-05,0.3941959793648338,0.13082944251477469
2-3-4-11,2.1666666666666665,0.0036054094158800196,0.013864587504428899,0.2501406541391709,0.0073016643376252,-4.089815798337501e-05,0.3941959793646593,0.13082944251496048
2-3-4-12,2.1666666666666665,0.0036054094158802143,0.013864587504429201,0.2501406541391716,0.0073016643376255,-4.089815798232502e-05,0.3941959793647636,0.1308294425148494
2-3-4-14,2.1666666666666665,0.007018259120990038,0.022704711977467398,0.246642805924668,0.003800646641536,-0.012962979133201625,-0.6811372523255177,0.003671780067715156
3-4-5-11,2.1666666666666665,0.0036054094158801246,0.0138645875044285,0.2501406541391705,0.0073016643376249,-4.089815798254999e-05,0.3941959793647409,0.13082944251487355
3-4-5-12,2.1666666666666665,0.0036054094158798223,0.0138645875044288,0.2501406541391712,0.0073016643376251,-4.089815798387499e-05,0.3941959793646023,0.130829442515021
2-3-7-8,2.1666666666666665,0.007018259120989971,0.022704711977465,0.2466428059246681,0.0038006466415363,-0.0129629791332006,-0.6811372523254995,0.003671780067716422
2-3-8-15,2.1666666666666665,0.007018259120990519,0.0227047119774664,0.2466428059246687,0.0038006466415365,-0.012962979133202674,-0.6811372523255486,0.003671780067713008
2-3-9-14,2.1666666666666665,0.007018259120990264,0.022704711977465,0.246642805924668,0.0038006466415363,-0.012962979133201625,-0.6811372523255331,0.003671780067714088
3-10-13-15,2.1666666666666665,0.003605409415879859,0.0138645875044298,0.2501406541391718,0.0073016643376259,-4.0898157982775124e-05,0.39419597936469963,0.13082944251491746
3-11-12-13,2.1666666666666665,0.003605409415880207,0.013864587504428899,0.2501406541391724,0.0073016643376254,-4.0898157982549975e-05,0.3941959793647537,0.13082944251486
2-3-5-15,2.1666666666666665,0.007018259120989495,0.022704711977464303,0.2466428059246675,0.0038006466415358,-0.012962979133201425,-0.6811372523255357,0.003671780067713905
2-3-6-12,2.1666666666666665,0.007018259120989481,0.0227047119774635,0.2466428059246681,0.0038006466415362,-0.012962979133200474,-0.6811372523255099,0.003671780067715699
2-3-6-9,2.1666666666666665,0.007018259120990307,0.0227047119774685,0.2466428059246671,0.0038006466415362,-0.01296297913320215,-0.6811372523255209,0.0036717800677149234
2-3-7-13,2.1666666666666665,0.0070182591209894144,0.0227047119774635,0.2466428059246671,0.0038006466415362,-0.012962979133200724,-0.6811372523255187,0.003671780067715081
4-7-11-14,2.1666666666666665,0.007018259120990156,0.022704711977467998,0.2466428059246684,0.0038006466415366,-0.01296297913320175,-0.6811372523255124,0.0036717800677155267
5-6-10-15,2.1666666666666665,0.007018259120989713,0.0227047119774655,0.2466428059246675,0.0038006466415365,-0.012962979133200676,-0.6811372523255079,0.003671780067715835
5-6-11-14,2.1666666666666665,0.003605409415880068,0.013864587504429,0.2501406541391708,0.0073016643376252,-4.089815798455002e-05,0.39419597936456047,0.1308294425150657
0-8-11-13,2.1666666666666665,0.0036054094158800834,0.013864587504429201,0.2501406541391722,0.0073016643376255,-4.089815798277496e-05,0.3941959793647301,0.13082944251488499
0-8-13-14,2.1666666666666665,0.0036054094158800335,0.0138645875044287,0.2501406541391716,0.0073016643376255,-4.0898157982349994e-05,0.3941959793647609,0.13082944251485226
0-8-14-15,2.1666666666666665,0.0036054094158802573,0.013864587504429399,0.2501406541391729,0.0073016643376259,-4.089815798332492e-05,0.3941959793646775,0.13082944251494116
0-8-9-10,2.1666666666666665,0.00701825912098951,0.022704711977464598,0.246642805924667,0.0038006466415359,-0.012962979133200849,-0.6811372523255157,0.0036717800677152947
1-2-7-10,2.1666666666666665,0.0036054094158801857,0.013864587504428798,0.2501406541391711,0.0073016643376249,-4.0898157984e-05,0.39419597936461365,0.130829442515009
1-2-7-13,2.1666666666666665,0.007018259120990035,0.0227047119774667,0.2466428059246672,0.0038006466415361,-0.0129629791332013,-0.681137252325509,0.003671780067715757
1-2-7-15,2.1666666666666665,0.0036054094158801064,0.0138645875044287,0.2501406541391713,0.0073016643376252,-4.089815798272503e-05,0.39419597936472534,0.13082944251489004
1-2-8-13,2.1666666666666665,0.007018259120990271,0.022704711977466,0.246642805924668,0.0038006466415362,-0.012962979133201848,-0.6811372523255277,0.0036717800677144603
3-10-11-12,2.1666666666666665,0.003605409415880064,0.013864587504429201,0.2501406541391712,0.0073016643376254,-4.089815798437508e-05,0.3941959793645772,0.1308294425150478
7-9-11-12,2.1666666666666665,0.003605409415879722,0.0138645875044294,0.2501406541391708,0.0073016643376257,-4.0898157982950005e-05,0.3941959793646731,0.13082944251494563
7-9-11-14,2.1666666666666665,0.0036054094158798925,0.0138645875044297,0.2501406541391722,0.0073016643376259,-4.0898157981924946e-05,0.3941959793647896,0.13082944251482181
0-2-5-12,2.1666666666666665,0.0036054094158800474,0.0138645875044299,0.2501406541391716,0.0073016643376261,-4.089815798210003e-05,0.39419597936478096,0.130829442514831
0-2-5-14,2.1666666666666665,0.00360540941588008,0.0138645875044297,0.2501406541391728,0.0073016643376259,-4.0898157980925e-05,0.3941959793649044,0.13082944251469952
0-2-5-9,2.1666666666666665,0.003605409415879941,0.0138645875044297,0.2501406541391713,0.0073016643376259,-4.0898157982850015e-05,0.39419597936469974,0.13082944251491732
0-2-6-10,2.1666666666666665,0.007018259120989585,0.022704711977461798,0.2466428059246678,0.003800646641536,-0.012962979133200499,-0.6811372523255227,0.003671780067714801
0-2-6-13,2.1666666666666665,0.003605409415880049,0.013864587504429801,0.2501406541391715,0.0073016643376258,-4.0898157981725074e-05,0.39419597936481654,0.1308294425147929
0-2-6-15,2.1666666666666665,0.003605409415879936,0.0138645875044298,0.2501406541391712,0.0073016643376259,-4.089815798334997e-05,0.3941959793646374,0.1308294425149836
3-4-12-13,2.1666666666666665,0.00360540941587986,0.0138645875044284,0.2501406541391711,0.0073016643376248,-4.089815798215003e-05,0.3941959793647896,0.13082944251482181
3-4-14-15,2.1666666666666665,0.007018259120990375,0.0227047119774679,0.2466428059246668,0.0038006466415361,-0.0129629791332025,-0.6811372523255292,0.003671780067714355
0-2-3-8,2.1666666666666665,0.007018259120989033,0.022704711977467297,0.2466428059246665,0.0038006466415359,-0.0129629791331999,-0.6811372523254742,0.003671780067718184
0-2-4-13,2.1666666666666665,0.0036054094158800174,0.013864587504429801,0.2501406541391719,0.0073016643376257,-4.0898157981450066e-05,0.39419597936484246,0.1308294425147655
0-2-4-15,2.1666666666666665,0.0036054094158798925,0.0138645875044297,0.2501406541391706,0.0073016643376257,-4.089815798272503e-05,0.3941959793647004,0.1308294425149168
0-2-4-8,2.1666666666666665,0.007018259120989914,0.0227047119774645,0.2466428059246674,0.0038006466415358,-0.01296297913320035,-0.6811372523254963,0.003671780067716653
7-9-10-13,2.1666666666666665,0.007018259120989832,0.0227047119774655,0.2466428059246673,0.0038006466415364,-0.0129629791332019,-0.6811372523255348,0.0036717800677139685
7-9-10-15,2.1666666666666665,0.0036054094158799728,0.013864587504428101,0.2501406541391703,0.0073016643376248,-4.089815798249995e-05,0.394195979364764,0.1308294425148489
3-11-13-14,2.1666666666666665,0.0036054094158800586,0.0138645875044284,0.2501406541391703,0.0073016643376252,-4.089815798275008e-05,0.39419597936474143,0.13082944251487308
3-4-10-11,2.1666666666666665,0.003605409415879803,0.013864587504428299,0.2501406541391712,0.0073016643376248,-4.0898157982475016e-05,0.3941959793647501,0.13082944251486378
2-9-11-14,2.1666666666666665,0.003605409415879916,0.0138645875044297,0.2501406541391713,0.0073016643376259,-4.089815798187491e-05,0.3941959793647899,0.13082944251482131
2-9-12-14,2.1666666666666665,0.003605409415879817,0.0138645875044295,0.250140654139171,0.0073016643376256,-4.0898157982125036e-05,0.39419597936476763,0.13082944251484513
2-9-13-15,2.1666666666666665,0.0036054094158799927,0.0138645875044297,0.2501406541391722,0.0073016643376259,-4.089815798244992e-05,0.39419597936474554,0.13082944251486858
1-2-9-12,2.1666666666666665,0.0036054094158800634,0.013864587504429201,0.2501406541391723,0.0073016643376257,-4.0898157983400003e-05,0.39419597936465883,0.13082944251496093
4-7-9-12,2.1666666666666665,0.0036054094158799416,0.013864587504428899,0.2501406541391708,0.0073016643376251,-4.0898157983700056e-05,0.394195979364639,0.13082944251498196
1-2-4-9,2.1666666666666665,0.003605409415879918,0.013864587504428899,0.2501406541391705,0.0073016643376251,-4.089815798382501e-05,0.3941959793646152,0.13082944251500733
1-2-5-15,2.1666666666666665,0.0070182591209895645,0.0227047119774652,0.2466428059246676,0.0038006466415361,-0.01296297913320135,-0.68113725232552,0.0036717800677149855
1-2-5-8,2.1666666666666665,0.0070182591209904865,0.0227047119774695,0.2466428059246675,0.0038006466415363,-0.012962979133202174,-0.6811372523255073,0.003671780067715884
1-2-6-11,2.1666666666666665,0.007018259120990121,0.022704711977465,0.2466428059246676,0.0038006466415363,-0.012962979133201099,-0.6811372523255187,0.003671780067715081
1-2-6-12,2.1666666666666665,0.007018259120990021,0.0227047119774662,0.2466428059246681,0.0038006466415361,-0.012962979133201826,-0.6811372523255272,0.0036717800677144932
0-8-9-15,2.1666666666666665,0.003605409415880057,0.0138645875044292,0.2501406541391725,0.0073016643376256,-4.089815798334997e-05,0.3941959793646667,0.13082944251495252
0-9-10-13,2.1666666666666665,0.007018259120990422,0.022704711977465798,0.2466428059246673,0.0038006466415366,-0.0129629791332021,-0.6811372523255385,0.003671780067713722
0-9-11-12,2.1666666666666665,0.003605409415879841,0.0138645875044295,0.2501406541391717,0.0073016643376258,-4.089815798115012e-05,0.3941959793648543,0.13082944251475265
2-8-10-11,2.1666666666666665,0.00701825912099014,0.022704711977467,0.2466428059246681,0.0038006466415365,-0.012962979133201826,-0.6811372523255159,0.00367178006771528
2-8-10-14,2.1666666666666665,0.007018259120990028,0.0227047119774668,0.2466428059246675,0.0038006466415358,-0.012962979133201475,-0.6811372523255049,0.003671780067716037
2-8-11-15,2.1666666666666665,0.007018259120990034,0.0227047119774652,0.2466428059246676,0.0038006466415363,-0.012962979133201425,-0.6811372523255266,0.003671780067714537
2-8-12-13,2.1666666666666665,0.007018259120989634,0.022704711977465302,0.2466428059246668,0.0038006466415363,-0.01296297913320205,-0.6811372523255393,0.003671780067713659
3-10-12-14,2.1666666666666665,0.0036054094158797585,0.0138645875044298,0.2501406541391719,0.0073016643376259,-4.0898157982950005e-05,0.394195979364683,0.13082944251493522
2-4-5-10,2.1666666666666665,0.0036054094158800704,0.013864587504429201,0.2501406541391727,0.0073016643376254,-4.0898157983949965e-05,0.39419597936460166,0.13082944251502182
2-4-5-13,2.1666666666666665,0.0036054094158799216,0.013864587504428899,0.250140654139171,0.0073016643376252,-4.089815798320002e-05,0.3941959793646803,0.130829442514938
2-4-5-8,2.1666666666666665,0.00701825912098956,0.022704711977465,0.2466428059246677,0.0038006466415362,-0.012962979133200825,-0.6811372523255101,0.0036717800677156798
2-4-6-11,2.1666666666666665,0.003605409415879919,0.0138645875044294,0.2501406541391712,0.0073016643376257,-4.089815798320002e-05,0.3941959793646689,0.13082944251495038
2-4-6-14,2.1666666666666665,0.007018259120989007,0.0227047119774592,0.2466428059246683,0.0038006466415364,-0.012962979133199225,-0.6811372523255064,0.0036717800677159456
2-8-12-15,2.1666666666666665,0.0070182591209904145,0.0227047119774679,0.2466428059246688,0.0038006466415363,-0.012962979133202875,-0.6811372523255417,0.0036717800677134914
2-8-13-14,2.1666666666666665,0.007018259120989998,0.022704711977467998,0.2466428059246689,0.0038006466415364,-0.012962979133201973,-0.681137252325513,0.0036717800677154803
2-8-14-15,2.1666666666666665,0.007018259120989498,0.022704711977464702,0.2466428059246677,0.0038006466415363,-0.01296297913320155,-0.6811372523255355,0.00367178006771392
0-2-10-14,2.1666666666666665,0.00701825912098974,0.022704711977464098,0.2466428059246677,0.0038006466415361,-0.0129629791332007,-0.6811372523255007,0.0036717800677163455
0-2-11-15,2.1666666666666665,0.0036054094158798605,0.0138645875044295,0.2501406541391717,0.0073016643376254,-4.0898157983424994e-05,0.39419597936464196,0.1308294425149789
0-2-3-10,2.1666666666666665,0.00701825912098894,0.0227047119774664,0.2466428059246668,0.003800646641536,-0.012962979133199624,-0.6811372523254681,0.0036717800677186023
2-8-9-10,2.1666666666666665,0.007018259120989674,0.0227047119774655,0.246642805924667,0.0038006466415359,-0.012962979133201276,-0.6811372523255166,0.003671780067715235
2-8-9-13,2.1666666666666665,0.007018259120990194,0.0227047119774655,0.246642805924667,0.0038006466415362,-0.0129629791332016,-0.6811372523255308,0.0036717800677142465
2-9-10-15,2.1666666666666665,0.003605409415880093,0.0138645875044292,0.2501406541391722,0.0073016643376256,-4.0898157982900024e-05,0.39419597936471745,0.1308294425148986
2-4-6-9,2.1666666666666665,0.0036054094158799728,0.013864587504429999,0.2501406541391726,0.0073016643376264,-4.089815798255004e-05,0.39419597936472134,0.13082944251489426
2-4-7-10,2.1666666666666665,0.0036054094158802195,0.0138645875044285,0.2501406541391709,0.0073016643376251,-4.089815798322501e-05,0.39419597936467965,0.1308294425149388
2-4-7-15,2.1666666666666665,0.0036054094158799264,0.013864587504428798,0.250140654139171,0.0073016643376252,-4.0898157983474976e-05,0.3941959793646502,0.1308294425149702
2-4-7-8,2.1666666666666665,0.007018259120989169,0.0227047119774633,0.2466428059246673,0.0038006466415363,-0.012962979133200625,-0.6811372523255228,0.003671780067714801
0-9-12-14,2.1666666666666665,0.0036054094158799303,0.0138645875044302,0.2501406541391737,0.0073016643376262,-4.089815798175001e-05,0.3941959793648066,0.13082944251480352
0-9-13-15,2.1666666666666665,0.0036054094158799706,0.013864587504429999,0.2501406541391732,0.0073016643376261,-4.0898157982825e-05,0.39419597936470063,0.13082944251491627
5-10-14-15,2.1666666666666665,0.00701825912099035,0.0227047119774659,0.2466428059246676,0.0038006466415365,-0.01296297913320265,-0.6811372523255576,0.0036717800677123907
5-12-13-15,2.1666666666666665,0.007018259120990491,0.0227047119774678,0.2466428059246678,0.0038006466415361,-0.012962979133203476,-0.681137252325562,0.0036717800677120824
5-13-14-15,2.1666666666666665,0.007018259120990529,0.0227047119774679,0.2466428059246687,0.003800646641536,-0.01296297913320275,-0.6811372523255448,0.0036717800677132715
1-2-3-11,2.1666666666666665,0.007018259120989978,0.0227047119774662,0.246642805924667,0.0038006466415358,-0.012962979133201625,-0.6811372523255286,0.0036717800677144017
1-2-3-9,2.1666666666666665,0.007018259120990162,0.0227047119774692,0.2466428059246673,0.003800646641536,-0.012962979133202249,-0.6811372523255221,0.0036717800677148467
1-2-4-12,2.1666666666666665,0.0036054094158801658,0.013864587504429201,0.2501406541391714,0.0073016643376255,-4.089815798272503e-05,0.39419597936472284,0.13082944251489262
1-2-4-14,2.1666666666666665,0.007018259120989024,0.0227047119774609,0.2466428059246677,0.0038006466415357,-0.012962979133199975,-0.6811372523255277,0.0036717800677144603
4-9-11-13,2.1666666666666665,0.0036054094158798947,0.013864587504429801,0.2501406541391721,0.0073016643376261,-4.089815798247491e-05,0.3941959793647398,0.13082944251487472
2-6-8-10,2.1666666666666665,0.007018259120989666,0.022704711977463703,0.246642805924667,0.0038006466415358,-0.012962979133200976,-0.6811372523255168,0.003671780067715218
2-5-12-13,2.1666666666666665,0.0036054094158798657,0.0138645875044286,0.2501406541391699,0.007301664337625,-4.089815798279995e-05,0.394195979364718,0.1308294425148979
2-5-14-15,2.1666666666666665,0.007018259120990222,0.0227047119774659,0.2466428059246673,0.0038006466415362,-0.0129629791332017,-0.6811372523255318,0.0036717800677141836
2-7-12-15,2.1666666666666665,0.00360540941587992,0.013864587504429,0.2501406541391714,0.0073016643376253,-4.0898157981849974e-05,0.39419597936481177,0.13082944251479817
2-7-13-14,2.1666666666666665,0.007018259120990315,0.0227047119774687,0.2466428059246692,0.0038006466415365,-0.012962979133201474,-0.6811372523254945,0.0036717800677167805
2-7-8-11,2.1666666666666665,0.007018259120989237,0.0227047119774631,0.2466428059246673,0.003800646641536,-0.012962979133199751,-0.6811372523254912,0.003671780067716996
2-7-9-10,2.1666666666666665,0.0036054094158798847,0.013864587504428701,0.25014065413917,0.007301664337625,-4.089815798344993e-05,0.3941959793646438,0.1308294425149768
2-5-10-11,2.1666666666666665,0.003605409415879902,0.013864587504428299,0.250140654139171,0.0073016643376248,-4.089815798259996e-05,0.39419597936473694,0.13082944251487771
2-6-9-11,2.1666666666666665,0.003605409415879945,0.0138645875044297,0.2501406541391706,0.0073016643376259,-4.089815798302503e-05,0.3941959793646934,0.13082944251492412
0-11-13-15,2.1666666666666665,0.003605409415879846,0.0138645875044297,0.2501406541391709,0.0073016643376259,-4.089815798262507e-05,0.3941959793647176,0.13082944251489834
0-1-8-15,2.1666666666666665,0.0036054094158798687,0.0138645875044292,0.2501406541391714,0.0073016643376256,-4.0898157982699934e-05,0.3941959793647284,0.13082944251488698
0-1-9-14,2.1666666666666665,0.0036054094158798978,0.013864587504429,0.2501406541391716,0.0073016643376255,-4.0898157981925055e-05,0.39419597936480444,0.13082944251480594
0-10-11-15,2.1666666666666665,0.007018259120990412,0.022704711977466298,0.2466428059246678,0.0038006466415364,-0.012962979133202374,-0.6811372523255459,0.0036717800677131948
0-10-12-13,2.1666666666666665,0.007018259120989291,0.022704711977463998,0.246642805924667,0.003800646641536,-0.0129629791332009,-0.6811372523255221,0.0036717800677148467
0-10-12-15,2.1666666666666665,0.007018259120989577,0.0227047119774649,0.2466428059246672,0.0038006466415362,-0.012962979133201076,-0.6811372523255237,0.0036717800677147396
0-10-13-14,2.1666666666666665,0.007018259120989173,0.0227047119774629,0.2466428059246675,0.0038006466415361,-0.012962979133200325,-0.6811372523255071,0.003671780067715884
0-10-14-15,2.1666666666666665,0.0070182591209897215,0.0227047119774649,0.2466428059246677,0.0038006466415363,-0.012962979133201848,-0.6811372523255393,0.003671780067713659
0-11-12-14,2.1666666666666665,0.0036054094158799277,0.0138645875044301,0.2501406541391732,0.0073016643376261,-4.0898157982374944e-05,0.394195979364742,0.1308294425148724
2-6-13-15,2.1666666666666665,0.003605409415879878,0.013864587504429999,0.2501406541391716,0.0073016643376261,-4.0898157983500075e-05,0.3941959793646223,0.13082944251499973
2-6-7-13,2.1666666666666665,0.007018259120989949,0.0227047119774683,0.2466428059246682,0.0038006466415366,-0.01296297913320135,-0.6811372523255,0.003671780067716379
2-6-7-8,2.1666666666666665,0.007018259120989188,0.022704711977463703,0.2466428059246674,0.0038006466415363,-0.01296297913320025,-0.6811372523255014,0.003671780067716284
0-1-6-14,2.1666666666666665,0.003605409415880145,0.013864587504428701,0.2501406541391712,0.0073016643376253,-4.0898157983149986e-05,0.39419597936467987,0.1308294425149386
0-1-6-9,2.1666666666666665,0.0036054094158799337,0.013864587504428899,0.2501406541391704,0.0073016643376251,-4.089815798402499e-05,0.3941959793645956,0.13082944251502834
0-1-7-13,2.1666666666666665,0.007018259120990045,0.022704711977465902,0.2466428059246675,0.0038006466415358,-0.0129629791332016,-0.6811372523255329,0.003671780067714088
0-1-7-15,2.1666666666666665,0.003605409415880056,0.013864587504429,0.2501406541391715,0.0073016643376254,-4.0898157982199954e-05,0.3941959793647708,0.13082944251484172
0-1-7-8,2.1666666666666665,0.0036054094158798483,0.013864587504428701,0.2501406541391701,0.007301664337625,-4.089815798305002e-05,0.3941959793646902,0.1308294425149277
2-5-6-15,2.1666666666666665,0.00701825912098881,0.0227047119774655,0.2466428059246695,0.0038006466415366,-0.012962979133198623,-0.681137252325438,0.003671780067720704
2-5-6-8,2.1666666666666665,0.007018259120988911,0.0227047119774646,0.2466428059246685,0.0038006466415363,-0.012962979133200174,-0.681137252325493,0.003671780067716871
2-5-7-11,2.1666666666666665,0.003605409415880168,0.01386458750443,0.2501406541391736,0.0073016643376263,-4.089815798269999e-05,0.39419597936471423,0.1308294425149018
2-5-7-14,2.1666666666666665,0.0036054094158800448,0.013864587504429999,0.2501406541391734,0.0073016643376258,-4.0898157983500035e-05,0.39419597936465517,0.13082944251496476
2-5-7-9,2.1666666666666665,0.003605409415880048,0.0138645875044297,0.2501406541391714,0.0073016643376259,-4.0898157983349954e-05,0.3941959793646515,0.1308294425149688
2-5-8-9,2.1666666666666665,0.007018259120989483,0.0227047119774629,0.2466428059246675,0.0038006466415363,-0.012962979133200176,-0.6811372523255115,0.0036717800677155887
4-9-11-15,2.1666666666666665,0.003605409415880005,0.0138645875044298,0.2501406541391714,0.0073016643376259,-4.089815798307492e-05,0.39419597936467826,0.13082944251494022
4-9-12-15,2.1666666666666665,0.003605409415879868,0.0138645875044286,0.2501406541391708,0.0073016643376253,-4.089815798262496e-05,0.3941959793647382,0.13082944251487638
4-9-13-14,2.1666666666666665,0.007018259120990449,0.0227047119774667,0.246642805924667,0.0038006466415364,-0.012962979133202199,-0.6811372523255359,0.0036717800677138917
5-10-11-13,2.1666666666666665,0.003605409415880086,0.013864587504428701,0.2501406541391725,0.007301664337625,-4.089815798329993e-05,0.39419597936467804,0.13082944251494036
5-10-11-15,2.1666666666666665,0.007018259120989907,0.0227047119774658,0.2466428059246683,0.0038006466415363,-0.012962979133201977,-0.6811372523255383,0.003671780067713722
5-10-12-13,2.1666666666666665,0.003605409415879916,0.013864587504428299,0.2501406541391714,0.0073016643376251,-4.0898157982900024e-05,0.3941959793647133,0.13082944251490308
1-10-11-14,2.1666666666666665,0.0070182591209895905,0.0227047119774608,0.246642805924668,0.0038006466415362,-0.01296297913319985,-0.6811372523255174,0.0036717800677151732
1-10-12-14,2.1666666666666665,0.0036054094158799455,0.0138645875044299,0.2501406541391708,0.0073016643376259,-4.0898157981900064e-05,0.394195979364795,0.130829442514816
1-10-13-15,2.1666666666666665,0.0036054094158797377,0.0138645875044295,0.2501406541391718,0.0073016643376258,-4.089815798270004e-05,0.39419597936470435,0.13082944251491258
4-8-12-14,2.1666666666666665,0.007018259120989696,0.0227047119774632,0.2466428059246683,0.0038006466415359,-0.0129629791332009,-0.6811372523255096,0.0036717800677157288
4-8-13-15,2.1666666666666665,0.0036054094158799797,0.01386458750443,0.2501406541391714,0.007301664337626,-4.089815798410002e-05,0.3941959793645749,0.13082944251505035
4-8-9-14,2.1666666666666665,0.007018259120990243,0.0227047119774687,0.2466428059246687,0.0038006466415364,-0.01296297913320255,-0.681137252325527,0.003671780067714507
4-9-10-12,2.1666666666666665,0.0036054094158801,0.0138645875044286,0.2501406541391717,0.0073016643376253,-4.089815798302503e-05,0.39419597936470013,0.13082944251491704
0-1-10-14,2.333333333333333,0.002671348836551876,0.0070545635941860006,0.2457560422302375,0.0029253282020432,-0.0003787608146810087,0.29130342319541613,0.27366830544570275
0-1-11-13,2.333333333333333,0.007108691706480536,0.0218793740703937,0.2464292423965079,0.0035809600134315,-0.013862413525901226,-0.8518118164633547,2.8175652955342993e-05
0-1-3-10,2.333333333333333,0.00710869170648068,0.021879374070392102,0.2464292423965057,0.0035809600134305,-0.013862413525901425,-0.851811816463373,2.8175652955320205e-05
0-1-4-10,2.333333333333333,0.00710869170648053,0.021879374070393,0.2464292423965072,0.0035809600134315,-0.013862413525901776,-0.8518118164633812,2.817565295530991e-05
0-1-5-11,2.333333333333333,0.007108691706480171,0.021879374070391297,0.2464292423965076,0.0035809600134318,-0.013862413525900176,-0.8518118164633564,2.8175652955341042e-05
0-1-6-10,2.333333333333333,0.0026713488365518864,0.0070545635941862,0.2457560422302378,0.0029253282020435,-0.0003787608146803993,0.29130342319548924,0.2736683054455771
0-1-6-15,2.333333333333333,0.003306136708884712,0.0102054639252902,0.2481998980564542,0.0053535994709857,-0.0018061078476608252,0.1582389412873296,0.5583328472359688
0-1-6-8,2.333333333333333,0.0033061367088845247,0.0102054639252901,0.2481998980564533,0.0053535994709857,-0.001806107847661,0.15823894128727942,0.5583328472360958
0-1-7-11,2.333333333333333,0.00267134883655187,0.0070545635941862,0.2457560422302373,0.0029253282020435,-0.00037876081467892183,0.2913034231957523,0.27366830544512366
0-1-7-14,2.333333333333333,0.0033061367088845204,0.0102054639252895,0.248199898056454,0.0053535994709858,-0.001806107847659975,0.1582389412874153,0.5583328472357529
0-1-7-9,2.333333333333333,0.0033061367088843916,0.0102054639252892,0.2481998980564543,0.0053535994709858,-0.0018061078476608748,0.15823894128728988,0.5583328472360694
0-1-8-11,2.333333333333333,0.002671348836552224,0.0070545635941873,0.2457560422302378,0.0029253282020441,-0.00037876081467952654,0.29130342319567415,0.2736683054452583
2-5-7-15,2.333333333333333,0.003766068165647782,0.012546239963333601,0.2463583736213995,0.0035025914073165,0.001532591243970375,0.5150356875699058,0.041193432362485446
2-5-7-8,2.333333333333333,0.0037660681656474285,0.012546239963332399,0.246358373621398,0.0035025914073157,0.0015325912439675248,0.5150356875697055,0.041193432362577845
2-5-8-10,2.333333333333333,0.0037660681656476527,0.0125462399633335,0.2463583736213993,0.0035025914073164,0.0015325912439684499,0.5150356875697529,0.04119343236255604
2-5-8-13,2.333333333333333,0.0037660681656474424,0.0125462399633326,0.2463583736213983,0.0035025914073163,0.0015325912439680249,0.5150356875697272,0.04119343236256792
0-10-13-15,2.333333333333333,0.0037660681656477854,0.0125462399633326,0.2463583736213986,0.0035025914073157,0.0015325912439694248,0.5150356875698625,0.04119343236250542
0-11-13-14,2.333333333333333,0.0033061367088848127,0.0102054639252914,0.2481998980564538,0.0053535994709857,-0.0018061078476618996,0.15823894128720303,0.5583328472362878
0-2-10-13,2.333333333333333,0.003766068165647885,0.012546239963333301,0.2463583736213981,0.0035025914073161,0.001532591243971275,0.51503568757,0.04119343236244201
0-2-10-15,2.333333333333333,0.003766068165647813,0.0125462399633335,0.2463583736213986,0.0035025914073163,0.001532591243970875,0.5150356875699469,0.0411934323624665
0-2-11-12,2.333333333333333,0.003306136708884942,0.0102054639252924,0.2481998980564554,0.005353599470986,-0.00180610784766135,0.15823894128727706,0.5583328472361007
2-7-10-13,2.333333333333333,0.003766068165647791,0.0125462399633334,0.2463583736213992,0.0035025914073166,0.0015325912439698999,0.5150356875698835,0.0411934323624958
2-7-11-12,2.333333333333333,0.00330613670888508,0.010205463925292601,0.2481998980564552,0.0053535994709859,-0.001806107847661825,0.15823894128722313,0.5583328472362371
2-6-12-15,2.333333333333333,0.002671348836552042,0.0070545635941874005,0.2457560422302387,0.0029253282020443,-0.0003787608146797815,0.29130342319563846,0.27366830544532006
2-6-7-12,2.333333333333333,0.00710869170648064,0.0218793740703934,0.2464292423965065,0.0035809600134314,-0.013862413525901575,-0.8518118164633819,2.817565295530907e-05
2-6-8-11,2.333333333333333,0.0026713488365519514,0.0070545635941863995,0.2457560422302375,0.0029253282020438,-0.00037876081467889413,0.29130342319576996,0.27366830544509335
2-5-12-14,2.333333333333333,0.003306136708885132,0.010205463925293,0.2481998980564546,0.005353599470986,-0.001806107847661275,0.15823894128729743,0.5583328472360503
2-5-13-15,2.333333333333333,0.00376606816564777,0.012546239963333001,0.246358373621398,0.0035025914073164,0.00153259124397075,0.5150356875699433,0.04119343236246812
2-5-6-12,2.333333333333333,0.0071086917064814015,0.0218793740703961,0.2464292423965078,0.0035809600134314,-0.0138624135259031,-0.8518118164633645,2.817565295533075e-05
2-5-7-13,2.333333333333333,0.003766068165647657,0.0125462399633334,0.2463583736213994,0.0035025914073164,0.001532591243969725,0.5150356875698521,0.04119343236251023
0-1-11-15,2.333333333333333,0.002671348836551873,0.0070545635941859,0.2457560422302373,0.0029253282020433,-0.00037876081467929756,0.2913034231957057,0.2736683054452041
0-1-2-11,2.333333333333333,0.007108691706481158,0.0218793740703927,0.2464292423965069,0.0035809600134309,-0.013862413525902624,-0.8518118164633903,2.8175652955298494e-05
2-8-11-14,2.333333333333333,0.0026713488365518625,0.0070545635941857004,0.2457560422302379,0.0029253282020433,-0.00037876081467979553,0.2913034231956282,0.27366830544533766
2-8-12-14,2.333333333333333,0.0026713488365517823,0.007054563594185201,0.2457560422302368,0.0029253282020428,-0.00037876081468047283,0.2913034231955589,0.2736683054454572
2-7-12-14,2.333333333333333,0.0033061367088849203,0.0102054639252914,0.2481998980564548,0.0053535994709861,-0.0018061078476612,0.1582389412872872,0.558332847236076
2-7-13-15,2.333333333333333,0.003766068165647776,0.012546239963333199,0.2463583736213992,0.0035025914073165,0.0015325912439702002,0.5150356875698964,0.04119343236248984
2-7-8-10,2.333333333333333,0.0037660681656478236,0.0125462399633335,0.2463583736213994,0.0035025914073165,0.00153259124396935,0.5150356875698336,0.04119343236251874
2-7-8-15,2.333333333333333,0.0037660681656473734,0.0125462399633329,0.246358373621399,0.0035025914073164,0.0015325912439674,0.5150356875696717,0.041193432362593506
2-4-8-9,2.333333333333333,0.007108691706480362,0.021879374070392702,0.2464292423965066,0.003580960013431,-0.01386241352590075,-0.8518118164633497,2.8175652955349373e-05
0-2-11-14,2.333333333333333,0.003306136708884946,0.010205463925292299,0.2481998980564549,0.0053535994709859,-0.001806107847661875,0.1582389412872106,0.5583328472362683
0-2-3-9,2.333333333333333,0.007108691706480062,0.0218793740703913,0.2464292423965064,0.0035809600134306,-0.013862413525900601,-0.8518118164633639,2.8175652955331572e-05
0-2-4-11,2.333333333333333,0.003306136708885244,0.010205463925292601,0.2481998980564542,0.005353599470986,-0.001806107847661375,0.15823894128729638,0.5583328472360518
0-2-4-14,2.333333333333333,0.002671348836551846,0.0070545635941856,0.2457560422302374,0.0029253282020429,-0.0003787608146796379,0.29130342319569114,0.27366830544522935
0-2-4-9,2.333333333333333,0.003306136708885357,0.0102054639252953,0.2481998980564546,0.0053535994709858,-0.001806107847662775,0.15823894128713611,0.5583328472364565
0-2-5-10,2.333333333333333,0.003766068165647753,0.0125462399633335,0.2463583736213988,0.0035025914073166,0.0015325912439699751,0.5150356875698757,0.04119343236249928
7-9-10-12,2.333333333333333,0.003306136708884876,0.0102054639252918,0.2481998980564539,0.0053535994709858,-0.0018061078476611,0.15823894128732197,0.558332847235988
7-9-11-13,2.333333333333333,0.002671348836551719,0.0070545635941846995,0.2457560422302369,0.0029253282020429,-0.0003787608146829569,0.2913034231951427,0.2736683054461742
7-9-12-13,2.333333333333333,0.0071086917064800935,0.0218793740703908,0.2464292423965058,0.003580960013431,-0.013862413525900352,-0.85181181646338,2.817565295531131e-05
7-8-13-15,2.333333333333333,0.003766068165647779,0.0125462399633336,0.2463583736213997,0.0035025914073166,0.001532591243970425,0.5150356875699028,0.04119343236248677
7-8-9-14,2.333333333333333,0.0033061367088846358,0.0102054639252907,0.2481998980564545,0.0053535994709856,-0.0018061078476613998,0.15823894128726868,0.5583328472361222
0-2-6-9,2.333333333333333,0.003306136708885363,0.0102054639252929,0.2481998980564548,0.0053535994709861,-0.00180610784766135,0.15823894128731206,0.5583328472360132
0-2-7-10,2.333333333333333,0.003766068165647738,0.0125462399633333,0.2463583736213982,0.0035025914073163,0.0015325912439691249,0.5150356875698114,0.04119343236252897
0-2-7-13,2.333333333333333,0.003766068165647359,0.012546239963331499,0.2463583736213966,0.0035025914073151,0.0015325912439690997,0.5150356875698414,0.041193432362515145
0-2-7-8,2.333333333333333,0.003766068165647762,0.0125462399633334,0.2463583736213992,0.0035025914073165,0.00153259124397,0.5150356875698794,0.041193432362497645
2-4-7-12,2.333333333333333,0.003306136708884774,0.010205463925293201,0.2481998980564542,0.0053535994709862,-0.00180610784766155,0.15823894128724364,0.5583328472361855
2-4-7-14,2.333333333333333,0.002671348836552004,0.0070545635941868,0.2457560422302377,0.002925328202044,-0.0003787608146802963,0.2913034231955569,0.2736683054454603
2-4-7-9,2.333333333333333,0.0033061367088845924,0.0102054639252904,0.2481998980564533,0.0053535994709857,-0.0018061078476612749,0.15823894128726396,0.5583328472361342
2-4-8-11,2.333333333333333,0.0071086917064807666,0.0218793740703937,0.2464292423965071,0.003580960013431,-0.013862413525901673,-0.8518118164633549,2.8175652955342993e-05
2-4-8-12,2.333333333333333,0.007108691706479471,0.0218793740703924,0.2464292423965078,0.0035809600134317,-0.01386241352589945,-0.8518118164633529,2.8175652955345223e-05
2-7-9-11,2.333333333333333,0.003306136708884831,0.0102054639252941,0.2481998980564546,0.0053535994709857,-0.001806107847663775,0.15823894128695365,0.5583328472369158
2-7-9-14,2.333333333333333,0.0033061367088845894,0.01020546392529,0.2481998980564541,0.0053535994709858,-0.0018061078476602002,0.15823894128738822,0.5583328472358214
2-8-10-13,2.333333333333333,0.003766068165647892,0.0125462399633334,0.2463583736213999,0.0035025914073162,0.0015325912439699,0.5150356875698736,0.041193432362500296
2-8-10-15,2.333333333333333,0.0037660681656478383,0.0125462399633334,0.246358373621399,0.0035025914073165,0.0015325912439694252,0.51503568756983,0.04119343236252037
2-8-11-12,2.333333333333333,0.007108691706479849,0.0218793740703929,0.2464292423965066,0.0035809600134313,-0.013862413525900275,-0.8518118164633657,2.8175652955329387e-05
2-4-5-11,2.333333333333333,0.0033061367088846965,0.0102054639252916,0.2481998980564551,0.0053535994709857,-0.0018061078476619748,0.15823894128717303,0.558332847236364
2-4-5-12,2.333333333333333,0.0033061367088847745,0.0102054639252915,0.2481998980564542,0.0053535994709857,-0.0018061078476620997,0.15823894128717322,0.5583328472363627
2-4-5-14,2.333333333333333,0.0026713488365521397,0.0070545635941870995,0.2457560422302399,0.0029253282020441,-0.0003787608146797309,0.2913034231956514,0.2736683054452973
2-4-6-13,2.333333333333333,0.0033061367088848986,0.0102054639252906,0.2481998980564541,0.0053535994709858,-0.0018061078476601252,0.158238941287419,0.5583328472357436
2-4-6-15,2.333333333333333,0.003306136708884781,0.0102054639252913,0.2481998980564545,0.0053535994709859,-0.0018061078476609748,0.1582389412872894,0.5583328472360698
2-8-13-15,2.333333333333333,0.0037660681656474593,0.0125462399633326,0.246358373621399,0.0035025914073157,0.00153259124396745,0.515035687569685,0.041193432362587386
2-8-9-11,2.333333333333333,0.007108691706480576,0.0218793740703919,0.2464292423965064,0.0035809600134304,-0.013862413525901673,-0.8518118164633814,2.8175652955309634e-05
2-8-9-12,2.333333333333333,0.007108691706480708,0.0218793740703953,0.246429242396508,0.0035809600134315,-0.0138624135259014,-0.8518118164633479,2.8175652955351613e-05
2-8-9-14,2.333333333333333,0.0026713488365519527,0.0070545635941857004,0.2457560422302384,0.0029253282020433,-0.00037876081467944734,0.2913034231957071,0.27366830544520193
2-9-10-12,2.333333333333333,0.0033061367088847373,0.010205463925291501,0.2481998980564555,0.0053535994709858,-0.001806107847662175,0.15823894128716992,0.5583328472363711
2-4-6-8,2.333333333333333,0.002671348836551882,0.0070545635941855,0.2457560422302376,0.0029253282020433,-0.0003787608146818205,0.29130342319530245,0.27366830544589893
0-2-5-15,2.333333333333333,0.003766068165647372,0.0125462399633319,0.2463583736213978,0.0035025914073152,0.0015325912439683501,0.5150356875697771,0.04119343236254478
0-2-5-8,2.333333333333333,0.0037660681656478154,0.0125462399633334,0.2463583736213985,0.0035025914073165,0.001532591243970275,0.5150356875699033,0.0411934323624866
0-2-6-11,2.333333333333333,0.003306136708885156,0.010205463925293,0.2481998980564536,0.005353599470986,-0.00180610784766205,0.15823894128720517,0.5583328472362821
0-2-6-12,2.333333333333333,0.0026713488365518183,0.0070545635941854,0.2457560422302377,0.0029253282020429,-0.00037876081467991474,0.29130342319565683,0.2736683054452882
7-8-12-14,2.333333333333333,0.0033061367088848036,0.010205463925291,0.2481998980564551,0.005353599470986,-0.001806107847660475,0.15823894128737653,0.5583328472358504
2-4-14-15,2.333333333333333,0.007108691706480306,0.0218793740703924,0.2464292423965058,0.0035809600134313,-0.0138624135259009,-0.8518118164633627,2.817565295533298e-05
2-9-11-13,2.333333333333333,0.0033061367088849138,0.010205463925292299,0.2481998980564548,0.0053535994709857,-0.0018061078476617998,0.1582389412872247,0.558332847236233
2-9-11-15,2.333333333333333,0.003306136708885077,0.010205463925294301,0.2481998980564537,0.0053535994709859,-0.0018061078476627249,0.15823894128711602,0.5583328472365068
2-9-12-15,2.333333333333333,0.003306136708884862,0.010205463925292601,0.248199898056455,0.0053535994709857,-0.001806107847662775,0.15823894128711852,0.5583328472365007
3-10-11-13,2.333333333333333,0.0033061367088847477,0.010205463925291501,0.2481998980564545,0.0053535994709859,-0.001806107847661825,0.15823894128720986,0.558332847236271
0-2-8-13,2.333333333333333,0.0037660681656476436,0.0125462399633332,0.2463583736213976,0.0035025914073161,0.001532591243969525,0.5150356875698466,0.04119343236251278
0-2-8-15,2.333333333333333,0.0037660681656477976,0.0125462399633335,0.2463583736213988,0.0035025914073162,0.0015325912439695748,0.5150356875698411,0.041193432362515256
7-11-12-13,2.333333333333333,0.002671348836552009,0.0070545635941863995,0.2457560422302378,0.0029253282020437,-0.0003787608146795142,0.29130342319565095,0.2736683054452981
7-11-13-14,2.333333333333333,0.0026713488365519393,0.0070545635941868,0.2457560422302372,0.002925328202044,-0.0003787608146800694,0.2913034231955534,0.2736683054454664
7-12-13-14,2.333333333333333,0.007108691706479926,0.0218793740703879,0.2464292423965053,0.0035809600134302,-0.013862413525900825,-0.8518118164633982,2.8175652955288485e-05
7-8-10-13,2.333333333333333,0.0037660681656475317,0.0125462399633321,0.2463583736213983,0.0035025914073153,0.0015325912439684,0.5150356875697847,0.041193432362541284
0-2-9-12,2.333333333333333,0.00330613670888517,0.0102054639252927,0.2481998980564551,0.0053535994709859,-0.0018061078476620997,0.15823894128719881,0.5583328472362985
0-2-9-14,2.333333333333333,0.0033061367088851054,0.0102054639252921,0.2481998980564542,0.0053535994709861,-0.0018061078476604997,0.15823894128738758,0.5583328472358231
0-3-10-11,2.333333333333333,0.0026713488365521848,0.0070545635941872,0.2457560422302374,0.002925328202044,-0.0003787608146800251,0.29130342319559743,0.2736683054453909
0-3-10-12,2.333333333333333,0.007108691706480239,0.0218793740703912,0.2464292423965071,0.0035809600134314,-0.013862413525900927,-0.851811816463378,2.8175652955314062e-05
3-10-12-13,2.333333333333333,0.0033061367088850404,0.010205463925294402,0.2481998980564543,0.0053535994709858,-0.00180610784766265,0.1582389412871456,0.5583328472364321
6-9-13-15,2.333333333333333,0.0033061367088847065,0.010205463925292,0.2481998980564536,0.0053535994709863,-0.0018061078476635751,0.1582389412869647,0.558332847236888
7-10-12-14,2.333333333333333,0.003306136708884837,0.010205463925291501,0.2481998980564545,0.005353599470986,-0.00180610784766145,0.15823894128724242,0.5583328472361884
7-10-13-15,2.333333333333333,0.0037660681656477724,0.0125462399633332,0.2463583736213989,0.0035025914073164,0.001532591243970225,0.5150356875698994,0.041193432362488396
0-3-6-8,2.333333333333333,0.003306136708884463,0.01020546392529,0.2481998980564539,0.0053535994709859,-0.00180610784766085,0.1582389412872954,0.5583328472360554
2-3-8-11,2.333333333333333,0.00267134883655224,0.0070545635941873,0.2457560422302381,0.0029253282020441,-0.00037876081467971823,0.29130342319565083,0.27366830544529863
2-3-8-12,2.333333333333333,0.002671348836551906,0.007054563594185799,0.2457560422302383,0.0029253282020432,-0.0003787608146795355,0.2913034231956756,0.2736683054452561
2-3-8-14,2.333333333333333,0.007108691706479834,0.0218793740703905,0.246429242396507,0.0035809600134313,-0.0138624135258998,-0.8518118164633754,2.817565295531713e-05
2-3-9-10,2.333333333333333,0.002671348836552165,0.0070545635941872,0.2457560422302377,0.002925328202044,-0.0003787608146796188,0.2913034231956491,0.27366830544530174
2-3-9-13,2.333333333333333,0.0026713488365518465,0.0070545635941858,0.2457560422302372,0.0029253282020433,-0.0003787608146794499,0.2913034231956982,0.2736683054452171
2-3-9-15,2.333333333333333,0.007108691706480126,0.021879374070391602,0.2464292423965072,0.0035809600134316,-0.013862413525900102,-0.8518118164633546,2.8175652955343268e-05
2-4-10-11,2.333333333333333,0.0033061367088844953,0.0102054639252905,0.2481998980564546,0.0053535994709857,-0.0018061078476636504,0.15823894128694652,0.5583328472369338
2-4-10-14,2.333333333333333,0.007108691706479598,0.0218793740703906,0.2464292423965063,0.0035809600134314,-0.013862413525900074,-0.8518118164633657,2.8175652955329387e-05
2-4-11-15,2.333333333333333,0.0033061367088846054,0.0102054639252913,0.2481998980564559,0.0053535994709861,-0.00180610784766095,0.15823894128730082,0.558332847236041
2-4-12-13,2.333333333333333,0.003306136708884454,0.0102054639252905,0.2481998980564546,0.0053535994709859,-0.0018061078476636749,0.15823894128694482,0.558332847236938
2-4-12-15,2.333333333333333,0.003306136708884519,0.0102054639252895,0.2481998980564542,0.0053535994709858,-0.0018061078476612003,0.15823894128726457,0.5583328472361327
2-4-13-14,2.333333333333333,0.0071086917064800735,0.0218793740703929,0.2464292423965049,0.0035809600134309,-0.013862413525899925,-0.851811816463351,2.817565295534771e-05
3-4-10-15,2.333333333333333,0.0033061367088847997,0.0102054639252922,0.2481998980564549,0.0053535994709858,-0.0018061078476606252,0.15823894128735688,0.5583328472359004
3-4-11-14,2.333333333333333,0.003766068165647715,0.0125462399633334,0.2463583736214008,0.0035025914073166,0.0015325912439696748,0.5150356875698646,0.04119343236250441
3-4-12-14,2.333333333333333,0.0037660681656478084,0.0125462399633332,0.2463583736213981,0.0035025914073164,0.00153259124397015,0.5150356875698913,0.04119343236249211
3-4-13-15,2.333333333333333,0.003306136708885125,0.0102054639252929,0.2481998980564554,0.0053535994709859,-0.0018061078476616997,0.15823894128724758,0.5583328472361755
3-4-5-10,2.333333333333333,0.0033061367088849086,0.0102054639252918,0.2481998980564546,0.0053535994709857,-0.00180610784766195,0.1582389412872064,0.5583328472362797
3-4-5-13,2.333333333333333,0.003306136708884831,0.0102054639252918,0.2481998980564547,0.0053535994709859,-0.00180610784766175,0.1582389412872255,0.5583328472362312
2-3-7-9,2.333333333333333,0.007108691706480217,0.0218793740703911,0.2464292423965079,0.0035809600134316,-0.013862413525900974,-0.8518118164633788,2.8175652955312937e-05
0-3-10-14,2.333333333333333,0.002671348836551904,0.0070545635941859,0.2457560422302375,0.0029253282020433,-0.000378760814679703,0.29130342319564645,0.2736683054453063
0-3-11-13,2.333333333333333,0.0033061367088843847,0.0102054639252899,0.2481998980564541,0.005353599470986,-0.0018061078476606,0.15823894128731336,0.5583328472360101
0-3-4-10,2.333333333333333,0.007108691706480127,0.0218793740703907,0.2464292423965072,0.0035809600134317,-0.0138624135259011,-0.851811816463391,2.8175652955297653e-05
0-3-5-11,2.333333333333333,0.003306136708884569,0.010205463925290401,0.2481998980564538,0.0053535994709859,-0.0018061078476615,0.15823894128721794,0.5583328472362503
0-3-5-14,2.333333333333333,0.003306136708884986,0.0102054639252924,0.2481998980564543,0.0053535994709858,-0.001806107847661025,0.15823894128732374,0.5583328472359836
0-3-5-9,2.333333333333333,0.0026713488365519085,0.0070545635941860994,0.2457560422302372,0.0029253282020435,-0.0003787608146792816,0.2913034231957021,0.2736683054452102
0-3-6-10,2.333333333333333,0.0026713488365519267,0.0070545635941862,0.2457560422302382,0.0029253282020435,-0.00037876081467932564,0.2913034231957021,0.2736683054452102
0-3-6-13,2.333333333333333,0.0033061367088846718,0.0102054639252922,0.2481998980564539,0.0053535994709856,-0.0018061078476598001,0.15823894128745158,0.5583328472356615
6-9-12-14,2.333333333333333,0.003766068165647776,0.0125462399633334,0.2463583736213991,0.0035025914073164,0.001532591243969475,0.5150356875698328,0.04119343236251914
1-9-11-14,2.333333333333333,0.0037660681656477494,0.0125462399633336,0.2463583736213992,0.0035025914073166,0.001532591243969675,0.5150356875698483,0.041193432362511995
2-10-11-12,2.333333333333333,0.003306136708884368,0.0102054639252902,0.2481998980564544,0.0053535994709858,-0.001806107847663575,0.1582389412869522,0.5583328472369188
3-4-5-15,2.333333333333333,0.002671348836551961,0.0070545635941865,0.2457560422302375,0.0029253282020436,-0.00037876081467996006,0.29130342319559893,0.273668305445388
3-4-6-12,2.333333333333333,0.003766068165647736,0.0125462399633334,0.2463583736213987,0.0035025914073165,0.00153259124397025,0.5150356875698974,0.04119343236248932
3-4-6-14,2.333333333333333,0.0037660681656477638,0.0125462399633338,0.2463583736213997,0.0035025914073166,0.001532591243969525,0.5150356875698352,0.041193432362518045
3-4-6-9,2.333333333333333,0.0037660681656474407,0.0125462399633322,0.2463583736213985,0.0035025914073155,0.0015325912439677,0.5150356875697217,0.04119343236257039
2-11-12-13,2.333333333333333,0.0033061367088847104,0.0102054639252918,0.2481998980564543,0.0053535994709857,-0.0018061078476622249,0.15823894128715515,0.5583328472364084
2-3-10-12,2.333333333333333,0.003306136708884759,0.0102054639252903,0.2481998980564539,0.005353599470986,-0.001806107847661225,0.15823894128727445,0.5583328472361079
2-3-11-13,2.333333333333333,0.0033061367088847446,0.0102054639252915,0.2481998980564539,0.0053535994709861,-0.001806107847662175,0.15823894128716542,0.5583328472363822
2-3-4-10,2.333333333333333,0.0033061367088843777,0.0102054639252885,0.2481998980564535,0.0053535994709858,-0.001806107847660475,0.15823894128732913,0.5583328472359704
2-3-4-13,2.333333333333333,0.003306136708884629,0.0102054639252897,0.2481998980564536,0.005353599470986,-0.001806107847660475,0.15823894128735713,0.5583328472358995
2-3-4-8,2.333333333333333,0.0026713488365519874,0.0070545635941865,0.2457560422302377,0.0029253282020437,-0.0003787608146801288,0.29130342319557057,0.27366830544543663
2-3-5-11,2.333333333333333,0.0033061367088847286,0.0102054639252907,0.2481998980564538,0.0053535994709859,-0.0018061078476615251,0.1582389412872322,0.5583328472362143
2-3-5-12,2.333333333333333,0.0033061367088847273,0.010205463925289801,0.2481998980564533,0.0053535994709857,-0.001806107847660025,0.1582389412874185,0.5583328472357448
2-3-5-9,2.333333333333333,0.0026713488365518595,0.0070545635941859,0.245756042230237,0.0029253282020434,-0.0003787608146805975,0.2913034231955104,0.2736683054455406
2-3-6-8,2.333333333333333,0.007108691706479904,0.021879374070389698,0.2464292423965069,0.0035809600134313,-0.013862413525901125,-0.8518118164633919,2.817565295529655e-05
3-4-9-11,2.333333333333333,0.0037660681656477187,0.0125462399633335,0.2463583736214003,0.0035025914073165,0.001532591243968425,0.5150356875697497,0.04119343236255747
1-8-11-15,2.333333333333333,0.007108691706479882,0.021879374070390898,0.2464292423965083,0.0035809600134314,-0.013862413525899876,-0.8518118164633621,2.8175652955333808e-05
1-8-14-15,2.333333333333333,0.0033061367088849845,0.010205463925294301,0.2481998980564547,0.0053535994709857,-0.00180610784766335,0.15823894128705104,0.5583328472366704
1-8-9-15,2.333333333333333,0.0033061367088841782,0.0102054639252901,0.2481998980564545,0.005353599470986,-0.001806107847662925,0.1582389412870144,0.5583328472367628
1-9-10-15,2.333333333333333,0.0033061367088848066,0.0102054639252914,0.2481998980564551,0.0053535994709859,-0.0018061078476619753,0.15823894128718982,0.5583328472363209
0-3-7-9,2.333333333333333,0.007108691706479889,0.0218793740703894,0.2464292423965075,0.0035809600134314,-0.013862413525900275,-0.8518118164633789,2.8175652955312937e-05
0-3-8-14,2.333333333333333,0.003306136708885003,0.0102054639252931,0.2481998980564541,0.005353599470986,-0.00180610784766235,0.1582389412871558,0.5583328472364066
6-8-14-15,2.333333333333333,0.003306136708885005,0.0102054639252927,0.2481998980564547,0.0053535994709861,-0.0018061078476621748,0.1582389412871919,0.5583328472363155
6-8-9-15,2.333333333333333,0.0033061367088845664,0.010205463925292799,0.2481998980564541,0.0053535994709857,-0.0018061078476627748,0.15823894128708776,0.5583328472365783
6-9-11-12,2.333333333333333,0.003766068165647435,0.012546239963332,0.2463583736213979,0.0035025914073152,0.0015325912439680999,0.5150356875697609,0.04119343236255235
0-3-8-9,2.333333333333333,0.0026713488365521986,0.0070545635941871,0.2457560422302369,0.0029253282020439,-0.0003787608146802333,0.2913034231955607,0.27366830544545406
0-3-9-13,2.333333333333333,0.002671348836551874,0.007054563594186,0.2457560422302378,0.0029253282020434,-0.000378760814679304,0.2913034231957101,0.27366830544519655
0-3-9-15,2.333333333333333,0.007108691706479744,0.0218793740703899,0.2464292423965069,0.0035809600134314,-0.013862413525899526,-0.8518118164633702,2.8175652955323525e-05
0-4-10-11,2.333333333333333,0.0026713488365519857,0.0070545635941865,0.2457560422302376,0.0029253282020439,-0.0003787608146794869,0.29130342319567726,0.27366830544525317
0-4-10-12,2.333333333333333,0.007108691706479118,0.021879374070388598,0.2464292423965073,0.0035809600134314,-0.013862413525898901,-0.8518118164633627,2.817565295533298e-05
1-9-11-12,2.333333333333333,0.0037660681656478618,0.0125462399633332,0.2463583736213983,0.0035025914073164,0.0015325912439701252,0.5150356875698987,0.0411934323624887
0-4-14-15,2.333333333333333,0.002671348836551844,0.007054563594186,0.2457560422302366,0.0029253282020433,-0.00037876081467957945,0.2913034231956557,0.2736683054452904
0-4-5-14,2.333333333333333,0.007108691706480369,0.0218793740703926,0.2464292423965071,0.0035809600134315,-0.013862413525901177,-0.8518118164633668,2.8175652955327987e-05
0-4-6-10,2.333333333333333,0.0026713488365519237,0.0070545635941858,0.2457560422302379,0.0029253282020436,-0.0003787608146801157,0.29130342319559566,0.27366830544539394
3-5-6-13,2.333333333333333,0.003306136708884813,0.0102054639252935,0.248199898056454,0.0053535994709859,-0.0018061078476608503,0.15823894128733484,0.5583328472359556
3-5-6-15,2.333333333333333,0.0026713488365519215,0.0070545635941865,0.2457560422302376,0.0029253282020438,-0.0003787608146814759,0.2913034231953556,0.27366830544580684
3-5-6-8,2.333333333333333,0.0033061367088846614,0.010205463925291699,0.2481998980564544,0.0053535994709859,-0.001806107847662,0.15823894128716842,0.5583328472363748
3-5-7-12,2.333333333333333,0.003306136708885425,0.010205463925295099,0.2481998980564553,0.0053535994709859,-0.0018061078476625748,0.15823894128715574,0.5583328472364069
3-4-9-12,2.333333333333333,0.0037660681656477074,0.012546239963333001,0.2463583736213987,0.0035025914073165,0.001532591243969975,0.5150356875698928,0.04119343236249149
3-5-10-11,2.333333333333333,0.003306136708884496,0.010205463925289999,0.2481998980564539,0.005353599470986,-0.0018061078476613252,0.15823894128723037,0.5583328472362188
3-5-10-14,2.333333333333333,0.003306136708884622,0.0102054639252905,0.2481998980564548,0.0053535994709858,-0.0018061078476614748,0.15823894128723792,0.5583328472361996
3-5-11-15,2.333333333333333,0.007108691706478422,0.0218793740703869,0.2464292423965071,0.0035809600134315,-0.013862413525897226,-0.8518118164633431,2.8175652955357433e-05
3-5-12-13,2.333333333333333,0.0033061367088846566,0.010205463925291699,0.2481998980564547,0.0053535994709857,-0.0018061078476630248,0.1582389412870444,0.5583328472366872
3-5-12-15,2.333333333333333,0.007108691706479625,0.0218793740703887,0.2464292423965061,0.0035809600134314,-0.013862413525899949,-0.8518118164633849,2.8175652955305175e-05
3-4-7-13,2.333333333333333,0.007108691706480512,0.0218793740703936,0.2464292423965063,0.0035809600134311,-0.01386241352590105,-0.8518118164633478,2.8175652955351887e-05
3-4-8-10,2.333333333333333,0.003306136708885101,0.0102054639252941,0.2481998980564534,0.0053535994709861,-0.001806107847662425,0.15823894128715338,0.5583328472364126
3-4-8-13,2.333333333333333,0.0033061367088845777,0.010205463925289801,0.2481998980564538,0.0053535994709858,-0.0018061078476609002,0.15823894128730143,0.5583328472360398
3-5-7-9,2.333333333333333,0.002671348836551906,0.0070545635941857004,0.2457560422302373,0.0029253282020435,-0.0003787608146809353,0.2913034231954612,0.27366830544562537
3-5-8-11,2.333333333333333,0.003306136708884819,0.010205463925291,0.2481998980564531,0.0053535994709857,-0.001806107847662425,0.15823894128712146,0.5583328472364932
3-5-8-12,2.333333333333333,0.0033061367088848843,0.0102054639252927,0.2481998980564552,0.0053535994709857,-0.0018061078476615754,0.1582389412872482,0.5583328472361736
3-5-8-9,2.333333333333333,0.007108691706480753,0.0218793740703918,0.2464292423965066,0.003580960013431,-0.0138624135259016,-0.851811816463373,2.8175652955320205e-05
3-5-9-10,2.333333333333333,0.007108691706479766,0.021879374070389198,0.2464292423965057,0.0035809600134308,-0.013862413525899776,-0.851811816463369,2.81756529553252e-05
3-5-9-13,2.333333333333333,0.0071086917064803875,0.0218793740703947,0.2464292423965078,0.0035809600134314,-0.013862413525900626,-0.8518118164633488,2.817565295535049e-05
3-5-13-14,2.333333333333333,0.003306136708884622,0.0102054639252906,0.2481998980564539,0.0053535994709858,-0.0018061078476617246,0.1582389412872049,0.558332847236283
3-5-14-15,2.333333333333333,0.00710869170647974,0.0218793740703906,0.2464292423965061,0.0035809600134311,-0.013862413525900225,-0.85181181646337,2.8175652955324084e-05
0-4-11-13,2.333333333333333,0.0033061367088847403,0.0102054639252928,0.2481998980564543,0.0053535994709859,-0.0018061078476628752,0.15823894128707497,0.55833284723661
6-7-9-15,2.333333333333333,0.0033061367088846366,0.0102054639252919,0.2481998980564533,0.0053535994709859,-0.001806107847661975,0.1582389412871824,0.5583328472363396
6-8-10-12,2.333333333333333,0.0026713488365517624,0.0070545635941852,0.2457560422302376,0.002925328202043,-0.0003787608146826112,0.29130342319519853,0.27366830544607745
6-8-11-13,2.333333333333333,0.0033061367088847347,0.010205463925293201,0.2481998980564541,0.0053535994709855,-0.0018061078476611747,0.15823894128730845,0.5583328472360226
6-8-12-13,2.333333333333333,0.007108691706480416,0.021879374070392702,0.2464292423965072,0.0035809600134311,-0.01386241352590115,-0.8518118164633699,2.8175652955324084e-05
6-8-12-15,2.333333333333333,0.007108691706479814,0.021879374070392997,0.2464292423965071,0.0035809600134312,-0.01386241352589975,-0.8518118164633579,2.8175652955339077e-05
6-8-13-14,2.333333333333333,0.0033061367088850196,0.010205463925293,0.2481998980564551,0.0053535994709859,-0.0018061078476627997,0.15823894128711946,0.5583328472364981
0-4-13-14,2.333333333333333,0.0026713488365519527,0.007054563594187,0.2457560422302385,0.0029253282020441,-0.0003787608146791958,0.29130342319570846,0.27366830544519966
1-7-9-13,2.333333333333333,0.007108691706478282,0.0218793740703888,0.2464292423965057,0.0035809600134313,-0.01386241352589735,-0.8518118164633459,2.8175652955354117e-05
1-8-10-11,2.333333333333333,0.007108691706480731,0.021879374070392,0.2464292423965071,0.0035809600134304,-0.0138624135259021,-0.8518118164633833,2.8175652955307384e-05
1-8-10-12,2.333333333333333,0.003306136708885145,0.0102054639252936,0.2481998980564542,0.0053535994709859,-0.001806107847662575,0.15823894128714094,0.5583328472364439
1-8-10-14,2.333333333333333,0.0033061367088849047,0.0102054639252928,0.2481998980564549,0.0053535994709859,-0.0018061078476634502,0.15823894128700758,0.5583328472367801
1-8-11-13,2.333333333333333,0.0026713488365518604,0.007054563594185799,0.245756042230237,0.0029253282020435,-0.00037876081467894086,0.29130342319575886,0.2736683054451121
3-5-7-14,2.333333333333333,0.003306136708885335,0.0102054639252937,0.2481998980564546,0.005353599470986,-0.00180610784766215,0.15823894128719823,0.5583328472362998
0-4-6-13,2.333333333333333,0.003306136708884787,0.0102054639252907,0.2481998980564539,0.005353599470986,-0.001806107847661225,0.15823894128726468,0.5583328472361321
0-4-6-15,2.333333333333333,0.0033061367088852195,0.010205463925293801,0.2481998980564547,0.0053535994709858,-0.00180610784766175,0.1582389412872404,0.5583328472361936
0-4-7-14,2.333333333333333,0.00710869170648006,0.0218793740703913,0.2464292423965073,0.0035809600134314,-0.013862413525900098,-0.8518118164633632,2.8175652955332422e-05
6-7-12-15,2.333333333333333,0.002671348836552242,0.0070545635941876,0.2457560422302388,0.0029253282020444,-0.0003787608146822722,0.291303423195235,0.27366830544601506
6-7-13-14,2.333333333333333,0.0026713488365522143,0.0070545635941873,0.2457560422302379,0.002925328202044,-0.0003787608146825765,0.2913034231951884,0.2736683054460955
6-7-8-12,2.333333333333333,0.0026713488365519593,0.0070545635941862,0.2457560422302371,0.0029253282020436,-0.0003787608146790405,0.2913034231957301,0.2736683054451619
6-7-8-14,2.333333333333333,0.003306136708884032,0.0102054639252899,0.2481998980564532,0.0053535994709855,-0.0018061078476625,0.15823894128716615,0.5583328472363805
6-7-9-13,2.333333333333333,0.0026713488365519046,0.0070545635941860994,0.2457560422302371,0.0029253282020435,-0.0003787608146787187,0.2913034231957753,0.273668305445084
0-4-8-14,2.333333333333333,0.007108691706478824,0.0218793740703897,0.2464292423965071,0.0035809600134316,-0.013862413525897751,-0.8518118164633365,2.8175652955365775e-05
0-4-9-10,2.333333333333333,0.002671348836551941,0.0070545635941867,0.2457560422302382,0.002925328202044,-0.00037876081467955283,0.29130342319564684,0.27366830544530557
0-5-10-13,2.333333333333333,0.003766068165647535,0.012546239963332699,0.2463583736213984,0.0035025914073163,0.0015325912439679,0.5150356875697268,0.04119343236256799
0-5-11-12,2.333333333333333,0.003306136708884853,0.0102054639252921,0.2481998980564544,0.005353599470986,-0.001806107847660575,0.15823894128736907,0.5583328472358693
0-5-12-14,2.333333333333333,0.0033061367088853075,0.0102054639252938,0.2481998980564546,0.0053535994709861,-0.001806107847661325,0.15823894128731142,0.5583328472360145
0-5-13-15,2.333333333333333,0.003766068165647774,0.012546239963333,0.2463583736213983,0.0035025914073163,0.001532591243970225,0.5150356875699053,0.041193432362485745
0-5-6-11,2.333333333333333,0.003306136708884774,0.0102054639252905,0.2481998980564536,0.0053535994709858,-0.0018061078476605751,0.15823894128735586,0.5583328472359024
6-11-13-15,2.333333333333333,0.0033061367088845347,0.010205463925289801,0.2481998980564537,0.005353599470986,-0.0018061078476610747,0.15823894128727192,0.558332847236114
6-12-13-15,2.333333333333333,0.007108691706479969,0.021879374070388202,0.2464292423965046,0.0035809600134301,-0.013862413525900827,-0.8518118164633939,2.8175652955294052e-05
3-6-7-13,2.333333333333333,0.00710869170648026,0.0218793740703919,0.2464292423965067,0.0035809600134315,-0.013862413525900803,-0.8518118164633632,2.8175652955332422e-05
3-6-8-10,2.333333333333333,0.0033061367088846566,0.0102054639252942,0.2481998980564543,0.0053535994709859,-0.0018061078476630252,0.15823894128702998,0.5583328472367234
3-6-8-15,2.333333333333333,0.0033061367088847646,0.010205463925292,0.2481998980564544,0.0053535994709858,-0.0018061078476609997,0.15823894128730698,0.5583328472360254
3-6-10-13,2.333333333333333,0.003306136708884771,0.0102054639252907,0.2481998980564546,0.0053535994709857,-0.0018061078476612248,0.15823894128727345,0.5583328472361104
3-6-11-12,2.333333333333333,0.0037660681656478605,0.012546239963333,0.246358373621399,0.0035025914073163,0.0015325912439709752,0.5150356875699833,0.04119343236244968
3-6-12-14,2.333333333333333,0.0037660681656477603,0.0125462399633332,0.2463583736213977,0.0035025914073164,0.00153259124397065,0.5150356875699347,0.04119343236247211
3-6-13-15,2.333333333333333,0.003306136708885135,0.0102054639252925,0.248199898056455,0.005353599470986,-0.00180610784766185,0.15823894128722832,0.5583328472362239
1-7-8-9,2.333333333333333,0.003306136708884402,0.0102054639252907,0.2481998980564536,0.0053535994709858,-0.0018061078476610997,0.15823894128725813,0.5583328472361488
1-7-9-10,2.333333333333333,0.003306136708884589,0.010205463925289999,0.2481998980564535,0.0053535994709856,-0.00180610784766195,0.15823894128716576,0.5583328472363811
1-7-14-15,2.333333333333333,0.0033061367088845018,0.0102054639252913,0.2481998980564546,0.0053535994709858,-0.0018061078476634253,0.15823894128698324,0.5583328472368407
1-7-8-11,2.333333333333333,0.007108691706480816,0.0218793740703914,0.2464292423965076,0.003580960013431,-0.01386241352590195,-0.8518118164633869,2.817565295530295e-05
1-7-8-12,2.333333333333333,0.0033061367088847425,0.010205463925293,0.2481998980564544,0.0053535994709858,-0.001806107847661575,0.158238941287233,0.5583328472362119
6-7-10-12,2.333333333333333,0.007108691706479025,0.02187937407039,0.2464292423965065,0.0035809600134312,-0.0138624135258984,-0.8518118164633555,2.8175652955342156e-05
6-7-11-13,2.333333333333333,0.007108691706480421,0.0218793740703934,0.2464292423965067,0.0035809600134314,-0.013862413525900525,-0.8518118164633482,2.8175652955351325e-05
0-5-6-12,2.333333333333333,0.00267134883655206,0.0070545635941866,0.2457560422302396,0.0029253282020437,-0.0003787608146787872,0.2913034231957917,0.2736683054450557
0-5-6-14,2.333333333333333,0.0033061367088848257,0.0102054639252913,0.2481998980564549,0.0053535994709857,-0.001806107847661925,0.15823894128720162,0.558332847236291
0-5-7-10,2.333333333333333,0.003766068165647514,0.0125462399633322,0.2463583736213977,0.0035025914073155,0.00153259124396795,0.5150356875697523,0.04119343236255624
0-5-7-13,2.333333333333333,0.0037660681656477655,0.012546239963333301,0.2463583736213989,0.0035025914073164,0.0015325912439707998,0.5150356875699461,0.0411934323624669
0-5-7-15,2.333333333333333,0.0037660681656477087,0.0125462399633333,0.2463583736213989,0.0035025914073163,0.0015325912439704,0.5150356875699152,0.04119343236248105
0-5-8-10,2.333333333333333,0.003766068165647787,0.0125462399633337,0.2463583736213995,0.0035025914073166,0.0015325912439691503,0.5150356875698099,0.0411934323625297
5-9-14-15,2.333333333333333,0.0026713488365518864,0.0070545635941863995,0.2457560422302376,0.0029253282020438,-0.00037876081468127845,0.29130342319534985,0.2736683054458169
6-10-12-13,2.333333333333333,0.0026713488365519554,0.0070545635941862,0.2457560422302366,0.0029253282020436,-0.00037876081467888535,0.2913034231957581,0.2736683054451139
6-10-12-15,2.333333333333333,0.0026713488365519107,0.0070545635941862,0.2457560422302374,0.0029253282020436,-0.00037876081467974534,0.291303423195602,0.27366830544538284
6-11-12-14,2.333333333333333,0.0037660681656475526,0.0125462399633339,0.2463583736214001,0.0035025914073166,0.0015325912439678,0.5150356875696738,0.0411934323625925
0-4-9-15,2.333333333333333,0.003306136708885028,0.010205463925293999,0.2481998980564548,0.0053535994709858,-0.0018061078476635998,0.15823894128700017,0.5583328472367983
5-9-11-15,2.333333333333333,0.002671348836551797,0.0070545635941849,0.2457560422302366,0.002925328202043,-0.00037876081468361594,0.29130342319505764,0.27366830544632037
5-9-12-15,2.333333333333333,0.0026713488365519055,0.0070545635941862,0.2457560422302379,0.0029253282020438,-0.00037876081467965773,0.29130342319563096,0.27366830544533255
0-6-11-15,2.333333333333333,0.003306136708884712,0.010205463925290599,0.2481998980564544,0.0053535994709859,-0.0018061078476610747,0.15823894128729485,0.558332847236056
1-6-9-11,2.333333333333333,0.003766068165647791,0.0125462399633329,0.2463583736213976,0.0035025914073161,0.00153259124397005,0.5150356875699029,0.04119343236248677
1-6-9-12,2.333333333333333,0.0037660681656479446,0.0125462399633332,0.2463583736213988,0.0035025914073164,0.0015325912439718,0.5150356875700406,0.04119343236242326
1-7-10-11,2.333333333333333,0.007108691706480744,0.0218793740703936,0.2464292423965063,0.0035809600134308,-0.013862413525901524,-0.8518118164633567,2.8175652955340764e-05
1-7-10-14,2.333333333333333,0.0033061367088845356,0.0102054639252913,0.2481998980564546,0.0053535994709859,-0.0018061078476612749,0.15823894128724914,0.5583328472361717
3-6-9-11,2.333333333333333,0.0037660681656477837,0.0125462399633332,0.2463583736213987,0.0035025914073163,0.001532591243969325,0.5150356875698304,0.04119343236252018
3-6-9-14,2.333333333333333,0.0037660681656478323,0.0125462399633333,0.2463583736213987,0.0035025914073166,0.001532591243970525,0.5150356875699422,0.041193432362468654
3-7-10-12,2.333333333333333,0.0033061367088847303,0.010205463925292,0.2481998980564545,0.0053535994709858,-0.0018061078476636252,0.15823894128698024,0.5583328472368487
3-7-11-13,2.333333333333333,0.007108691706479715,0.0218793740703941,0.2464292423965066,0.0035809600134314,-0.013862413525899675,-0.8518118164633419,2.817565295535912e-05
3-7-12-13,2.333333333333333,0.002671348836551902,0.0070545635941863,0.2457560422302382,0.0029253282020436,-0.00037876081467967383,0.29130342319564767,0.2736683054453041
1-7-11-15,2.333333333333333,0.007108691706479659,0.0218793740703922,0.2464292423965075,0.0035809600134315,-0.0138624135258992,-0.8518118164633451,2.8175652955355248e-05
1-7-12-13,2.333333333333333,0.007108691706479827,0.0218793740703897,0.2464292423965065,0.0035809600134312,-0.013862413525899675,-0.8518118164633689,2.81756529553252e-05
1-7-12-15,2.333333333333333,0.0033061367088849567,0.0102054639252935,0.2481998980564542,0.0053535994709858,-0.0018061078476622502,0.15823894128717553,0.5583328472363567
1-7-13-14,2.333333333333333,0.007108691706480523,0.021879374070393802,0.2464292423965069,0.0035809600134312,-0.013862413525901649,-0.8518118164633789,2.8175652955312937e-05
5-8-13-15,2.333333333333333,0.0037660681656478297,0.0125462399633334,0.246358373621399,0.0035025914073166,0.001532591243970225,0.5150356875699049,0.04119343236248584
0-6-7-9,2.333333333333333,0.0033061367088847984,0.010205463925290901,0.248199898056453,0.0053535994709857,-0.0018061078476608252,0.15823894128732977,0.5583328472359683
1-6-7-13,2.333333333333333,0.002671348836552006,0.0070545635941867,0.2457560422302389,0.0029253282020439,-0.00037876081467923413,0.2913034231957231,0.2736683054451743
1-6-7-15,2.333333333333333,0.0033061367088848192,0.0102054639252924,0.2481998980564551,0.0053535994709859,-0.0018061078476612502,0.1582389412872813,0.5583328472360902
1-6-7-8,2.333333333333333,0.0033061367088845217,0.0102054639252908,0.2481998980564557,0.0053535994709857,-0.0018061078476603251,0.15823894128736848,0.5583328472358715
1-6-8-10,2.333333333333333,0.003306136708884957,0.010205463925293801,0.2481998980564542,0.0053535994709858,-0.0018061078476614002,0.1582389412872725,0.5583328472361128
3-7-13-14,2.333333333333333,0.0026713488365519406,0.0070545635941860994,0.2457560422302377,0.0029253282020435,-0.00037876081467988785,0.2913034231956328,0.2736683054453298
3-7-8-14,2.333333333333333,0.0033061367088848435,0.0102054639252927,0.2481998980564543,0.0053535994709857,-0.00180610784766225,0.15823894128716387,0.5583328472363864
3-7-8-9,2.333333333333333,0.002671348836551998,0.007054563594186599,0.2457560422302379,0.0029253282020439,-0.000378760814679118,0.2913034231957339,0.2736683054451557
3-7-9-10,2.333333333333333,0.002671348836551985,0.0070545635941863995,0.2457560422302377,0.0029253282020438,-0.00037876081467984026,0.2913034231956283,0.2736683054453371
1-6-8-13,2.333333333333333,0.0033061367088848275,0.010205463925293201,0.2481998980564536,0.0053535994709859,-0.001806107847662025,0.1582389412871847,0.5583328472363336
0-5-8-15,2.333333333333333,0.0037660681656479238,0.0125462399633329,0.2463583736213977,0.0035025914073162,0.0015325912439712749,0.5150356875700128,0.04119343236243607
0-5-9-11,2.333333333333333,0.0033061367088847715,0.0102054639252936,0.2481998980564539,0.0053535994709857,-0.00180610784766145,0.15823894128724786,0.5583328472361747
0-5-9-14,2.333333333333333,0.003306136708884795,0.010205463925291501,0.2481998980564539,0.005353599470986,-0.001806107847662175,0.15823894128716537,0.5583328472363822
0-6-10-11,2.333333333333333,0.007108691706480502,0.021879374070391498,0.2464292423965055,0.0035809600134308,-0.013862413525901552,-0.8518118164633794,2.817565295531214e-05
0-6-10-14,2.333333333333333,0.007108691706479692,0.0218793740703921,0.2464292423965072,0.0035809600134314,-0.013862413525899949,-0.8518118164633568,2.8175652955340462e-05
3-7-9-15,2.333333333333333,0.007108691706479195,0.0218793740703892,0.2464292423965077,0.0035809600134316,-0.013862413525898776,-0.8518118164633472,2.8175652955352436e-05
3-8-10-12,2.333333333333333,0.0033061367088852915,0.0102054639252937,0.2481998980564537,0.0053535994709859,-0.001806107847662725,0.15823894128714186,0.5583328472364413
3-8-10-14,2.333333333333333,0.0033061367088854017,0.0102054639252947,0.2481998980564548,0.0053535994709858,-0.0018061078476631501,0.1582389412870916,0.5583328472365681
3-8-11-13,2.333333333333333,0.003306136708884426,0.010205463925292601,0.2481998980564544,0.005353599470986,-0.0018061078476640752,0.1582389412868931,0.5583328472370678
3-8-13-14,2.333333333333333,0.0033061367088849177,0.0102054639252934,0.248199898056454,0.0053535994709858,-0.0018061078476628,0.1582389412871129,0.5583328472365146
1-6-12-14,2.333333333333333,0.003766068165647856,0.0125462399633331,0.2463583736213969,0.0035025914073164,0.0015325912439709002,0.5150356875699559,0.041193432362462395
1-6-13-15,2.333333333333333,0.0033061367088851965,0.010205463925293898,0.2481998980564557,0.0053535994709861,-0.0018061078476623998,0.1582389412871745,0.5583328472363596
0-6-12-13,2.333333333333333,0.007108691706479712,0.02187937407039,0.246429242396506,0.0035809600134311,-0.013862413525900223,-0.8518118164633772,2.81756529553149e-05
0-6-12-15,2.333333333333333,0.0071086917064797734,0.021879374070389,0.2464292423965058,0.0035809600134311,-0.013862413525900275,-0.8518118164633919,2.817565295529655e-05
0-6-13-14,2.333333333333333,0.0033061367088845672,0.0102054639252929,0.2481998980564541,0.0053535994709861,-0.0018061078476630248,0.15823894128704105,0.558332847236696
0-6-14-15,2.333333333333333,0.003306136708884692,0.0102054639252907,0.2481998980564537,0.0053535994709859,-0.0018061078476614748,0.15823894128724594,0.5583328472361795
0-6-7-12,2.333333333333333,0.0026713488365520065,0.007054563594186301,0.2457560422302385,0.0029253282020435,-0.00037876081468101136,0.29130342319543684,0.27366830544566745
0-6-7-14,2.333333333333333,0.003306136708884877,0.010205463925291699,0.2481998980564547,0.0053535994709861,-0.00180610784766245,0.15823894128714155,0.5583328472364428
5-8-10-15,2.333333333333333,0.0037660681656475794,0.0125462399633323,0.2463583736213981,0.0035025914073155,0.0015325912439691002,0.5150356875698374,0.041193432362517005
5-8-11-14,2.333333333333333,0.0033061367088847173,0.0102054639252919,0.2481998980564548,0.0053535994709857,-0.0018061078476611751,0.15823894128729693,0.5583328472360516
5-8-12-14,2.333333333333333,0.003306136708884622,0.010205463925290901,0.2481998980564552,0.0053535994709862,-0.001806107847660675,0.15823894128733818,0.558332847235947
5-7-8-13,2.333333333333333,0.00376606816564782,0.012546239963333601,0.2463583736213993,0.0035025914073164,0.0015325912439698248,0.515035687569863,0.04119343236250522
5-7-8-15,2.333333333333333,0.0037660681656477577,0.0125462399633333,0.2463583736213991,0.0035025914073165,0.0015325912439707252,0.5150356875699382,0.041193432362470486
1-5-7-12,2.333333333333333,0.0033061367088847607,0.010205463925292,0.2481998980564537,0.0053535994709862,-0.001806107847661725,0.15823894128720417,0.558332847236285
1-5-7-14,2.333333333333333,0.00330613670888503,0.0102054639252925,0.2481998980564552,0.0053535994709859,-0.00180610784766205,0.15823894128718707,0.5583328472363277
1-5-8-11,2.333333333333333,0.002671348836551955,0.0070545635941863995,0.2457560422302379,0.0029253282020438,-0.0003787608146787887,0.2913034231957697,0.27366830544509385
1-5-8-14,2.333333333333333,0.0033061367088849393,0.0102054639252937,0.2481998980564539,0.0053535994709858,-0.001806107847662675,0.1582389412871315,0.5583328472364677
3-8-9-10,2.333333333333333,0.007108691706481136,0.0218793740703935,0.246429242396505,0.0035809600134305,-0.01386241352590215,-0.8518118164633659,2.8175652955329105e-05
3-8-9-13,2.333333333333333,0.007108691706479865,0.0218793740703912,0.2464292423965067,0.0035809600134311,-0.013862413525899675,-0.8518118164633568,2.8175652955340462e-05
3-8-9-15,2.333333333333333,0.002671348836551927,0.0070545635941859,0.2457560422302373,0.0029253282020435,-0.0003787608146798274,0.2913034231956398,0.273668305445318
3-9-10-13,2.333333333333333,0.007108691706480295,0.0218793740703917,0.2464292423965056,0.0035809600134311,-0.01386241352590075,-0.8518118164633866,2.8175652955303234e-05
3-9-10-15,2.333333333333333,0.002671348836551877,0.007054563594185799,0.2457560422302376,0.0029253282020432,-0.0003787608146794807,0.291303423195682,0.273668305445245
3-9-11-12,2.333333333333333,0.0037660681656476788,0.0125462399633339,0.2463583736214005,0.0035025914073165,0.0015325912439680999,0.5150356875697063,0.04119343236257754
3-9-11-14,2.333333333333333,0.0037660681656475083,0.0125462399633334,0.246358373621399,0.0035025914073163,0.001532591243968125,0.5150356875697191,0.04119343236257161
1-5-9-15,2.333333333333333,0.007108691706478949,0.0218793740703898,0.2464292423965069,0.0035809600134315,-0.013862413525898001,-0.8518118164633448,2.817565295535552e-05
1-6-10-15,2.333333333333333,0.0033061367088846536,0.0102054639252903,0.2481998980564542,0.0053535994709858,-0.001806107847660675,0.15823894128734428,0.5583328472359312
1-6-11-14,2.333333333333333,0.0037660681656477954,0.0125462399633333,0.246358373621399,0.0035025914073165,0.001532591243970125,0.5150356875699096,0.0411934323624837
1-5-12-15,2.333333333333333,0.0026713488365519866,0.0070545635941864,0.245756042230238,0.0029253282020436,-0.0003787608146794479,0.2913034231956845,0.27366830544524096
1-5-14-15,2.333333333333333,0.0026713488365520087,0.0070545635941864,0.2457560422302384,0.0029253282020436,-0.00037876081468111425,0.29130342319542996,0.2736683054456793
1-5-6-15,2.333333333333333,0.007108691706480608,0.0218793740703942,0.2464292423965071,0.0035809600134316,-0.013862413525901724,-0.8518118164633616,2.8175652955334652e-05
3-9-12-14,2.333333333333333,0.003766068165647709,0.0125462399633326,0.2463583736213983,0.0035025914073158,0.00153259124396925,0.5150356875698495,0.04119343236251136
3-9-13-15,2.333333333333333,0.0026713488365517667,0.0070545635941849,0.2457560422302356,0.0029253282020427,-0.0003787608146818899,0.29130342319534264,0.2736683054458296
4-10-11-13,2.333333333333333,0.0033061367088845933,0.010205463925289999,0.2481998980564544,0.0053535994709856,-0.0018061078476601,0.1582389412874285,0.5583328472357196
4-10-12-13,2.333333333333333,0.0033061367088845933,0.010205463925290599,0.2481998980564537,0.0053535994709862,-0.0018061078476620752,0.15823894128715613,0.5583328472364054
4-10-12-15,2.333333333333333,0.0033061367088847997,0.0102054639252918,0.2481998980564542,0.0053535994709862,-0.0018061078476624753,0.15823894128713073,0.5583328472364695
4-10-13-14,2.333333333333333,0.007108691706480175,0.0218793740703907,0.2464292423965052,0.0035809600134307,-0.013862413525900525,-0.8518118164633761,2.8175652955316288e-05
4-10-14-15,2.333333333333333,0.007108691706480278,0.0218793740703907,0.2464292423965056,0.003580960013431,-0.013862413525900974,-0.8518118164633793,2.8175652955312375e-05
1-5-7-11,2.333333333333333,0.0026713488365518764,0.0070545635941854,0.245756042230237,0.0029253282020432,-0.00037876081468238233,0.2913034231952186,0.2736683054460432
0-6-8-11,2.333333333333333,0.003306136708884666,0.0102054639252912,0.2481998980564543,0.0053535994709858,-0.001806107847663075,0.158238941287032,0.5583328472367188
0-6-8-12,2.333333333333333,0.007108691706481682,0.0218793740703986,0.2464292423965088,0.0035809600134317,-0.013862413525903824,-0.8518118164633647,2.817565295533075e-05
0-6-8-9,2.333333333333333,0.003306136708884884,0.010205463925292799,0.248199898056454,0.0053535994709857,-0.0018061078476624749,0.15823894128712457,0.5583328472364855
0-6-9-10,2.333333333333333,0.007108691706481057,0.0218793740703943,0.2464292423965063,0.0035809600134309,-0.013862413525902227,-0.851811816463355,2.8175652955342705e-05
0-6-9-13,2.333333333333333,0.0033061367088845495,0.0102054639252908,0.2481998980564539,0.0053535994709859,-0.00180610784766175,0.15823894128719204,0.5583328472363154
4-11-12-14,2.333333333333333,0.003766068165647821,0.0125462399633334,0.2463583736213983,0.0035025914073165,0.0015325912439699,0.515035687569869,0.04119343236250243
4-11-13-15,2.333333333333333,0.0033061367088847954,0.010205463925290901,0.248199898056454,0.0053535994709861,-0.001806107847661775,0.15823894128720725,0.5583328472362771
4-13-14-15,2.333333333333333,0.007108691706480525,0.0218793740703927,0.2464292423965052,0.0035809600134303,-0.013862413525901899,-0.8518118164633652,2.8175652955329912e-05
4-5-10-12,2.333333333333333,0.0033061367088847832,0.0102054639252916,0.2481998980564539,0.0053535994709859,-0.001806107847661775,0.1582389412872142,0.558332847236259
4-5-10-14,2.333333333333333,0.0026713488365519076,0.0070545635941859,0.2457560422302364,0.0029253282020435,-0.00037876081468156734,0.291303423195339,0.27366830544583604
4-5-11-13,2.333333333333333,0.0033061367088844866,0.0102054639252923,0.2481998980564544,0.0053535994709858,-0.001806107847662925,0.1582389412870531,0.5583328472366653
5-7-9-12,2.333333333333333,0.003306136708884932,0.010205463925292601,0.2481998980564541,0.0053535994709857,-0.001806107847661225,0.15823894128728855,0.5583328472360725
5-7-9-14,2.333333333333333,0.0033061367088849276,0.0102054639252927,0.2481998980564531,0.0053535994709857,-0.00180610784766175,0.15823894128722027,0.5583328472362439
0-7-10-15,2.333333333333333,0.003766068165647633,0.0125462399633332,0.2463583736214001,0.0035025914073166,0.0015325912439683,0.515035687569766,0.041193432362549895
0-7-11-14,2.333333333333333,0.003306136708884891,0.0102054639252919,0.248199898056454,0.0053535994709858,-0.0018061078476618,0.15823894128721477,0.5583328472362584
0-7-12-14,2.333333333333333,0.0033061367088851033,0.010205463925292,0.2481998980564554,0.0053535994709861,-0.001806107847660575,0.15823894128738245,0.558332847235836
0-7-13-15,2.333333333333333,0.0037660681656478015,0.0125462399633333,0.2463583736213982,0.0035025914073163,0.0015325912439706,0.51503568756994,0.04119343236246967
0-7-8-10,2.333333333333333,0.003766068165647559,0.0125462399633331,0.2463583736213988,0.0035025914073164,0.0015325912439683252,0.515035687569751,0.04119343236255686
5-6-9-15,2.333333333333333,0.007108691706478662,0.021879374070388,0.2464292423965068,0.0035809600134311,-0.013862413525897925,-0.8518118164633723,2.8175652955321008e-05
5-7-10-13,2.333333333333333,0.0037660681656478514,0.0125462399633334,0.2463583736213991,0.0035025914073165,0.001532591243970175,0.5150356875698907,0.04119343236249242
1-5-11-13,2.333333333333333,0.007108691706479135,0.021879374070389302,0.2464292423965082,0.0035809600134316,-0.013862413525898601,-0.8518118164633407,2.817565295536079e-05
0-7-8-13,2.333333333333333,0.003766068165647804,0.012546239963333,0.2463583736213985,0.0035025914073163,0.0015325912439709752,0.5150356875699716,0.04119343236245504
0-7-9-11,2.333333333333333,0.003306136708884856,0.010205463925292799,0.2481998980564538,0.005353599470986,-0.0018061078476618495,0.15823894128720012,0.5583328472362952
1-4-6-14,2.333333333333333,0.0037660681656476883,0.0125462399633337,0.2463583736213997,0.0035025914073166,0.0015325912439695499,0.5150356875698285,0.04119343236252108
1-4-7-10,2.333333333333333,0.003306136708885113,0.010205463925293399,0.2481998980564539,0.0053535994709856,-0.0018061078476615,0.1582389412872724,0.5583328472361128
1-4-7-13,2.333333333333333,0.00267134883655191,0.0070545635941864,0.2457560422302379,0.0029253282020436,-0.00037876081467878565,0.29130342319577984,0.2736683054450764
1-4-7-15,2.333333333333333,0.003306136708884948,0.010205463925291501,0.2481998980564542,0.0053535994709859,-0.0018061078476612502,0.15823894128729374,0.5583328472360594
1-4-8-10,2.333333333333333,0.0033061367088851865,0.0102054639252946,0.2481998980564534,0.0053535994709861,-0.001806107847662525,0.15823894128714724,0.558332847236428
4-5-11-15,2.333333333333333,0.0026713488365518656,0.0070545635941860994,0.2457560422302372,0.0029253282020435,-0.0003787608146813726,0.29130342319534763,0.27366830544582055
4-5-12-15,2.333333333333333,0.0026713488365521674,0.0070545635941872,0.2457560422302387,0.0029253282020441,-0.0003787608146823033,0.2913034231952166,0.2736683054460463
4-5-13-14,2.333333333333333,0.002671348836552269,0.0070545635941876,0.2457560422302384,0.0029253282020444,-0.00037876081468081284,0.29130342319548524,0.2736683054455842
4-5-6-15,2.333333333333333,0.0071086917064811,0.021879374070393903,0.2464292423965059,0.0035809600134306,-0.013862413525903226,-0.8518118164633879,2.817565295530156e-05
1-4-8-15,2.333333333333333,0.003306136708884661,0.0102054639252907,0.2481998980564534,0.005353599470986,-0.001806107847661475,0.15823894128724042,0.5583328472361936
1-4-9-11,2.333333333333333,0.0037660681656478253,0.0125462399633334,0.2463583736213989,0.0035025914073165,0.001532591243969875,0.5150356875698798,0.04119343236249743
1-4-9-14,2.333333333333333,0.0037660681656479676,0.0125462399633333,0.2463583736213996,0.0035025914073166,0.0015325912439706998,0.5150356875699587,0.04119343236246107
1-5-10-11,2.333333333333333,0.002671348836551965,0.0070545635941867,0.2457560422302385,0.0029253282020439,-0.0003787608146801181,0.29130342319558167,0.27366830544541765
1-5-10-12,2.333333333333333,0.003306136708884715,0.0102054639252916,0.2481998980564536,0.0053535994709861,-0.0018061078476628502,0.15823894128707483,0.5583328472366105
5-6-7-12,2.333333333333333,0.007108691706481614,0.0218793740703951,0.2464292423965067,0.0035809600134307,-0.0138624135259044,-0.8518118164633934,2.817565295529461e-05
0-8-10-15,2.333333333333333,0.00376606816564787,0.0125462399633334,0.2463583736213988,0.0035025914073164,0.0015325912439701,0.5150356875698916,0.04119343236249201
1-4-10-13,2.333333333333333,0.0033061367088845967,0.010205463925291,0.2481998980564546,0.0053535994709859,-0.0018061078476612,0.15823894128726523,0.5583328472361306
1-4-11-12,2.333333333333333,0.0037660681656474654,0.012546239963333101,0.2463583736213987,0.0035025914073165,0.0015325912439679498,0.515035687569711,0.04119343236257528
1-4-12-14,2.333333333333333,0.0037660681656478943,0.0125462399633333,0.2463583736213986,0.0035025914073165,0.0015325912439706252,0.5150356875699367,0.04119343236247123
4-5-7-14,2.333333333333333,0.007108691706481135,0.021879374070393903,0.2464292423965062,0.0035809600134306,-0.01386241352590325,-0.8518118164633788,2.8175652955312937e-05
4-5-8-14,2.333333333333333,0.00710869170647953,0.021879374070389902,0.2464292423965068,0.0035809600134312,-0.0138624135258996,-0.8518118164633758,2.817565295531684e-05
1-4-13-15,2.333333333333333,0.003306136708884857,0.0102054639252918,0.2481998980564542,0.0053535994709861,-0.001806107847662225,0.15823894128715815,0.5583328472364006
1-4-5-15,2.333333333333333,0.007108691706480258,0.0218793740703923,0.2464292423965074,0.0035809600134315,-0.013862413525900999,-0.8518118164633642,2.8175652955331314e-05
1-4-6-11,2.333333333333333,0.0037660681656476154,0.012546239963332598,0.2463583736213987,0.0035025914073156,0.0015325912439695499,0.5150356875698597,0.04119343236250664
1-4-6-12,2.333333333333333,0.0037660681656477373,0.0125462399633334,0.2463583736213987,0.0035025914073165,0.001532591243970525,0.5150356875699149,0.04119343236248124
5-7-10-15,2.333333333333333,0.003766068165647814,0.0125462399633332,0.2463583736213992,0.0035025914073164,0.00153259124396985,0.5150356875698703,0.04119343236250186
5-7-11-12,2.333333333333333,0.0033061367088851133,0.010205463925292601,0.2481998980564543,0.0053535994709858,-0.0018061078476616,0.1582389412872507,0.5583328472361677
5-7-11-14,2.333333333333333,0.003306136708884986,0.010205463925292799,0.2481998980564536,0.0053535994709857,-0.0018061078476623,0.15823894128715676,0.5583328472364041
5-6-8-12,2.333333333333333,0.0026713488365519102,0.0070545635941861,0.2457560422302381,0.0029253282020436,-0.00037876081467910175,0.29130342319570635,0.27366830544520304
5-6-8-14,2.333333333333333,0.0033061367088846596,0.0102054639252912,0.2481998980564538,0.0053535994709858,-0.00180610784766135,0.15823894128726096,0.5583328472361417
5-11-12-15,2.333333333333333,0.007108691706479984,0.021879374070390402,0.246429242396506,0.0035809600134311,-0.013862413525900676,-0.8518118164633921,2.817565295529627e-05
5-11-13-14,2.333333333333333,0.0033061367088846683,0.0102054639252918,0.2481998980564542,0.0053535994709861,-0.0018061078476623998,0.15823894128711713,0.5583328472365039
4-6-7-13,2.333333333333333,0.007108691706480217,0.021879374070389,0.2464292423965057,0.0035809600134304,-0.013862413525901625,-0.8518118164634033,2.817565295528237e-05
4-5-9-15,2.333333333333333,0.00710869170647956,0.021879374070389597,0.2464292423965069,0.0035809600134312,-0.013862413525899625,-0.8518118164633706,2.8175652955323237e-05
4-6-10-13,2.333333333333333,0.0033061367088849988,0.0102054639252933,0.2481998980564545,0.0053535994709861,-0.001806107847662575,0.1582389412871278,0.5583328472364772
4-6-10-15,2.333333333333333,0.00330613670888496,0.010205463925292,0.2481998980564543,0.005353599470986,-0.00180610784766155,0.15823894128724986,0.5583328472361702
4-6-11-12,2.333333333333333,0.003766068165647742,0.0125462399633332,0.2463583736213983,0.0035025914073164,0.001532591243970725,0.5150356875699269,0.041193432362475704
4-6-11-14,2.333333333333333,0.0037660681656474797,0.012546239963333199,0.2463583736213982,0.0035025914073165,0.0015325912439689499,0.5150356875697825,0.041193432362542304
1-3-9-12,2.333333333333333,0.0037660681656478553,0.0125462399633336,0.2463583736213982,0.0035025914073163,0.0015325912439713252,0.5150356875699944,0.04119343236244457
1-3-9-14,2.333333333333333,0.0037660681656479416,0.0125462399633332,0.2463583736213977,0.0035025914073161,0.00153259124397095,0.5150356875699705,0.04119343236245563
0-7-9-12,2.333333333333333,0.0033061367088848214,0.0102054639252912,0.2481998980564547,0.0053535994709858,-0.0018061078476615,0.15823894128725519,0.5583328472361564
0-8-10-13,2.333333333333333,0.0037660681656478557,0.0125462399633333,0.2463583736213984,0.0035025914073163,0.0015325912439703,0.5150356875699091,0.04119343236248393
5-6-11-13,2.333333333333333,0.0033061367088847264,0.0102054639252927,0.2481998980564541,0.0053535994709859,-0.0018061078476615,0.15823894128723992,0.5583328472361945
5-6-11-15,2.333333333333333,0.002671348836551864,0.0070545635941860994,0.2457560422302377,0.0029253282020435,-0.00037876081468111295,0.2913034231953807,0.27366830544576426
5-6-12-13,2.333333333333333,0.00267134883655222,0.0070545635941875,0.245756042230239,0.0029253282020443,-0.0003787608146826137,0.29130342319517083,0.27366830544612564
5-6-14-15,2.333333333333333,0.0026713488365521405,0.0070545635941872,0.2457560422302376,0.0029253282020441,-0.0003787608146804771,0.29130342319552394,0.2736683054455171
4-7-10-12,2.333333333333333,0.0033061367088846006,0.0102054639252928,0.2481998980564536,0.0053535994709859,-0.001806107847661925,0.15823894128718385,0.5583328472363362
4-7-10-14,2.333333333333333,0.0026713488365518842,0.0070545635941861,0.2457560422302376,0.0029253282020436,-0.00037876081468123324,0.2913034231953715,0.2736683054457799
1-3-7-13,2.333333333333333,0.002671348836551863,0.007054563594185501,0.2457560422302383,0.0029253282020431,-0.00037876081468017934,0.29130342319561997,0.27366830544535176
1-3-7-8,2.333333333333333,0.0033061367088853223,0.010205463925293999,0.2481998980564542,0.005353599470986,-0.0018061078476623751,0.1582389412871781,0.5583328472363502
1-3-8-13,2.333333333333333,0.0033061367088851826,0.010205463925293,0.2481998980564546,0.0053535994709863,-0.001806107847661775,0.15823894128724195,0.5583328472361895
1-3-8-15,2.333333333333333,0.003306136708885099,0.0102054639252935,0.2481998980564544,0.005353599470986,-0.001806107847661825,0.15823894128722923,0.5583328472362218
0-8-11-14,2.333333333333333,0.0033061367088845343,0.0102054639252908,0.2481998980564549,0.0053535994709859,-0.001806107847663475,0.15823894128697963,0.5583328472368502
0-8-9-14,2.333333333333333,0.003306136708884689,0.010205463925292,0.2481998980564545,0.0053535994709858,-0.001806107847663525,0.15823894128698707,0.5583328472368316
0-9-10-11,2.333333333333333,0.00710869170648041,0.021879374070389,0.2464292423965055,0.0035809600134304,-0.0138624135259021,-0.8518118164634212,2.8175652955259876e-05
0-9-10-12,2.333333333333333,0.0026713488365519445,0.0070545635941858,0.2457560422302375,0.0029253282020433,-0.00037876081467906207,0.2913034231957463,0.27366830544513426
0-9-10-14,2.333333333333333,0.007108691706479231,0.021879374070388702,0.2464292423965062,0.0035809600134311,-0.013862413525899026,-0.8518118164633759,2.8175652955316583e-05
0-9-11-13,2.333333333333333,0.0033061367088849493,0.0102054639252917,0.2481998980564541,0.0053535994709858,-0.001806107847661475,0.1582389412872662,0.5583328472361277
0-9-11-15,2.333333333333333,0.0033061367088849515,0.010205463925292601,0.2481998980564541,0.0053535994709858,-0.0018061078476618749,0.1582389412872129,0.5583328472362628
0-9-14-15,2.333333333333333,0.0033061367088849224,0.0102054639252927,0.2481998980564543,0.0053535994709857,-0.0018061078476623248,0.1582389412871668,0.5583328472363791
5-10-13-15,2.333333333333333,0.0037660681656473366,0.0125462399633335,0.2463583736213993,0.0035025914073166,0.00153259124396655,0.515035687569586,0.04119343236263309
5-11-12-13,2.333333333333333,0.0033061367088849185,0.0102054639252931,0.2481998980564548,0.0053535994709859,-0.0018061078476619254,0.15823894128721208,0.5583328472362648
4-6-8-15,2.333333333333333,0.0033061367088846835,0.0102054639252905,0.2481998980564539,0.0053535994709858,-0.0018061078476615,0.1582389412872292,0.5583328472362218
4-6-9-12,2.333333333333333,0.003766068165647826,0.012546239963333301,0.246358373621399,0.0035025914073164,0.001532591243970625,0.5150356875699309,0.04119343236247387
4-6-9-14,2.333333333333333,0.0037660681656478344,0.0125462399633332,0.2463583736213985,0.0035025914073164,0.0015325912439709,0.5150356875699555,0.04119343236246249
5-11-14-15,2.333333333333333,0.007108691706479375,0.0218793740703907,0.2464292423965065,0.003580960013431,-0.013862413525899026,-0.8518118164633608,2.81756529553355e-05
5-12-14-15,2.333333333333333,0.007108691706479231,0.0218793740703905,0.2464292423965058,0.0035809600134304,-0.01386241352589965,-0.8518118164633828,2.817565295530795e-05
5-6-10-12,2.333333333333333,0.007108691706478767,0.0218793740703889,0.2464292423965065,0.0035809600134313,-0.013862413525898199,-0.8518118164633646,2.817565295533075e-05
4-9-11-14,2.333333333333333,0.003766068165647537,0.012546239963332,0.2463583736213982,0.0035025914073152,0.001532591243967875,0.5150356875697519,0.041193432362556445
4-9-12-14,2.333333333333333,0.003766068165647857,0.0125462399633334,0.2463583736213986,0.0035025914073165,0.001532591243970325,0.5150356875699054,0.041193432362485655
4-9-13-15,2.333333333333333,0.003306136708884738,0.0102054639252904,0.2481998980564534,0.0053535994709861,-0.001806107847661325,0.15823894128725044,0.5583328472361677
5-10-11-12,2.333333333333333,0.003306136708884425,0.0102054639252916,0.2481998980564547,0.0053535994709855,-0.001806107847662975,0.15823894128704957,0.5583328472366746
5-10-12-14,2.333333333333333,0.003306136708884837,0.0102054639252912,0.2481998980564541,0.005353599470986,-0.0018061078476609,0.15823894128731658,0.5583328472360015
1-10-11-13,2.333333333333333,0.002671348836551924,0.0070545635941860006,0.2457560422302365,0.0029253282020435,-0.0003787608146793221,0.2913034231957082,0.27366830544520016
1-10-11-15,2.333333333333333,0.007108691706480381,0.0218793740703945,0.2464292423965062,0.0035809600134313,-0.013862413525900851,-0.8518118164633464,2.8175652955353568e-05
1-10-12-15,2.333333333333333,0.003306136708885075,0.0102054639252939,0.248199898056455,0.0053535994709858,-0.0018061078476626499,0.1582389412871506,0.5583328472364202
1-11-12-14,2.333333333333333,0.0037660681656477794,0.012546239963332699,0.2463583736213988,0.0035025914073157,0.0015325912439696251,0.5150356875698708,0.04119343236250152
1-11-13-15,2.333333333333333,0.0026713488365517827,0.007054563594185499,0.2457560422302363,0.0029253282020429,-0.00037876081468065964,0.29130342319552227,0.2736683054455199
1-3-11-14,2.333333333333333,0.0037660681656479524,0.0125462399633334,0.2463583736213979,0.0035025914073162,0.001532591243971675,0.5150356875700305,0.041193432362427965
4-7-11-13,2.333333333333333,0.00710869170648,0.0218793740703907,0.2464292423965071,0.0035809600134313,-0.013862413525900076,-0.8518118164633591,2.8175652955337433e-05
4-7-12-13,2.333333333333333,0.0026713488365522195,0.007054563594187199,0.2457560422302388,0.0029253282020442,-0.00037876081468256464,0.29130342319519065,0.2736683054460912
4-7-14-15,2.333333333333333,0.002671348836552192,0.0070545635941873,0.2457560422302391,0.0029253282020443,-0.0003787608146821443,0.2913034231952554,0.27366830544598
4-7-8-14,2.333333333333333,0.007108691706479056,0.021879374070389798,0.2464292423965069,0.0035809600134314,-0.013862413525898225,-0.8518118164633599,2.817565295533659e-05
1-3-4-11,2.333333333333333,0.0037660681656476683,0.0125462399633336,0.2463583736214001,0.0035025914073166,0.0015325912439693,0.5150356875698165,0.04119343236252662
1-3-4-14,2.333333333333333,0.0037660681656473878,0.012546239963332201,0.2463583736213985,0.0035025914073153,0.001532591243967875,0.515035687569738,0.04119343236256281
1-3-4-9,2.333333333333333,0.003766068165647707,0.0125462399633335,0.2463583736213997,0.0035025914073166,0.0015325912439694,0.5150356875698323,0.04119343236251938
1-3-5-10,2.333333333333333,0.003306136708885255,0.0102054639252947,0.2481998980564559,0.0053535994709859,-0.001806107847661925,0.15823894128723176,0.5583328472362148
1-3-5-15,2.333333333333333,0.0026713488365518313,0.007054563594185499,0.2457560422302368,0.0029253282020429,-0.00037876081467926026,0.29130342319574487,0.273668305445137
1-3-5-8,2.333333333333333,0.0033061367088851705,0.0102054639252933,0.2481998980564543,0.005353599470986,-0.00180610784766185,0.15823894128722882,0.5583328472362223
1-3-6-11,2.333333333333333,0.003766068165647737,0.0125462399633331,0.2463583736213981,0.0035025914073163,0.001532591243970225,0.5150356875699009,0.04119343236248771
1-3-6-12,2.333333333333333,0.0037660681656473474,0.0125462399633319,0.2463583736213978,0.0035025914073152,0.0015325912439676,0.5150356875697198,0.04119343236257118
1-3-6-9,2.333333333333333,0.0037660681656474146,0.0125462399633331,0.2463583736213982,0.0035025914073164,0.0015325912439678,0.5150356875696933,0.04119343236258348
1-3-7-10,2.333333333333333,0.0033061367088851046,0.010205463925292702,0.2481998980564537,0.0053535994709858,-0.001806107847661875,0.15823894128721988,0.5583328472362452
4-6-8-13,2.333333333333333,0.003306136708884895,0.010205463925292,0.2481998980564541,0.0053535994709861,-0.0018061078476614002,0.15823894128726532,0.5583328472361306
1-2-4-8,2.333333333333333,0.002671348836551963,0.007054563594186301,0.2457560422302377,0.0029253282020435,-0.00037876081467922145,0.2913034231957152,0.2736683054451876
1-2-5-11,2.333333333333333,0.00710869170648029,0.0218793740703912,0.2464292423965073,0.0035809600134316,-0.013862413525900875,-0.8518118164633723,2.8175652955321008e-05
1-2-6-8,2.333333333333333,0.007108691706480178,0.0218793740703924,0.246429242396507,0.0035809600134314,-0.013862413525901401,-0.8518118164633797,2.817565295531186e-05
1-2-7-11,2.333333333333333,0.002671348836551845,0.0070545635941860006,0.2457560422302374,0.0029253282020435,-0.000378760814678926,0.2913034231957453,0.2736683054451361
1-2-7-12,2.333333333333333,0.003306136708884616,0.0102054639252894,0.2481998980564537,0.0053535994709858,-0.001806107847660025,0.1582389412874195,0.5583328472357423
1-2-7-9,2.333333333333333,0.0033061367088845915,0.0102054639252904,0.2481998980564543,0.005353599470986,-0.0018061078476607501,0.15823894128731628,0.5583328472360025
1-2-8-12,2.333333333333333,0.002671348836551941,0.0070545635941859,0.2457560422302386,0.0029253282020433,-0.0003787608146814834,0.2913034231953686,0.2736683054457848
1-2-8-14,2.333333333333333,0.0071086917064803355,0.021879374070393698,0.2464292423965071,0.0035809600134314,-0.013862413525900475,-0.8518118164633517,2.8175652955346896e-05
1-2-8-9,2.333333333333333,0.0026713488365521366,0.007054563594187199,0.2457560422302372,0.0029253282020439,-0.00037876081468033633,0.2913034231955114,0.2736683054455389
4-7-9-13,2.333333333333333,0.0026713488365519462,0.0070545635941862,0.2457560422302377,0.0029253282020436,-0.0003787608146790081,0.291303423195734,0.27366830544515514
4-7-9-15,2.333333333333333,0.0033061367088845555,0.0102054639252924,0.248199898056454,0.0053535994709859,-0.0018061078476617253,0.1582389412872068,0.5583328472362785
4-8-10-14,2.333333333333333,0.0026713488365517624,0.007054563594185,0.2457560422302364,0.002925328202043,-0.0003787608146828285,0.29130342319518293,0.2736683054461045
1-2-9-15,2.333333333333333,0.003306136708884742,0.010205463925291099,0.2481998980564541,0.005353599470986,-0.001806107847661575,0.1582389412872299,0.5583328472362203
1-3-10-13,2.333333333333333,0.0033061367088851328,0.0102054639252929,0.2481998980564546,0.0053535994709861,-0.0018061078476618502,0.1582389412872281,0.558332847236225
1-3-10-15,2.333333333333333,0.00330613670888507,0.010205463925292601,0.2481998980564538,0.005353599470986,-0.0018061078476619998,0.1582389412871947,0.5583328472363087
1-3-11-12,2.333333333333333,0.0037660681656478136,0.0125462399633335,0.2463583736213981,0.0035025914073163,0.0015325912439716253,0.5150356875700158,0.04119343236243473
2-5-9-11,2.333333333333333,0.003306136708884682,0.0102054639252937,0.2481998980564537,0.005353599470986,-0.00180610784766305,0.15823894128703203,0.5583328472367188
2-5-9-12,2.333333333333333,0.0033061367088846423,0.0102054639252905,0.248199898056456,0.0053535994709859,-0.00180610784766165,0.15823894128720112,0.5583328472362923
2-6-10-12,2.333333333333333,0.007108691706479276,0.0218793740703915,0.2464292423965065,0.0035809600134315,-0.013862413525899177,-0.8518118164633511,2.817565295534743e-05
2-6-11-13,2.333333333333333,0.003306136708884545,0.0102054639252896,0.2481998980564536,0.0053535994709859,-0.0018061078476613748,0.1582389412872344,0.5583328472362086
2-6-12-13,2.333333333333333,0.002671348836552048,0.0070545635941869,0.2457560422302385,0.002925328202044,-0.00037876081467963323,0.2913034231956795,0.2736683054452491
0-1-10-12,2.333333333333333,0.007108691706479872,0.0218793740703953,0.2464292423965077,0.0035809600134316,-0.013862413525899975,-0.8518118164633531,2.8175652955345223e-05
1-2-10-11,2.333333333333333,0.00267134883655221,0.007054563594187,0.2457560422302371,0.0029253282020439,-0.00037876081468049923,0.29130342319553093,0.27366830544550524
1-2-10-12,2.333333333333333,0.0033061367088847967,0.010205463925291099,0.2481998980564541,0.005353599470986,-0.00180610784766095,0.15823894128731186,0.5583328472360132
1-2-11-13,2.333333333333333,0.007108691706480336,0.021879374070393,0.2464292423965069,0.0035809600134314,-0.01386241352590015,-0.8518118164633508,2.8175652955347977e-05
1-2-11-15,2.333333333333333,0.0026713488365518864,0.0070545635941859,0.2457560422302379,0.0029253282020432,-0.0003787608146792896,0.29130342319569724,0.27366830544521836
4-8-13-14,2.333333333333333,0.002671348836551899,0.007054563594186,0.2457560422302374,0.0029253282020437,-0.00037876081467974127,0.2913034231956242,0.2736683054453445
4-8-14-15,2.333333333333333,0.0026713488365519085,0.0070545635941860006,0.2457560422302361,0.0029253282020436,-0.000378760814679065,0.2913034231957204,0.27366830544517906
4-9-10-15,2.333333333333333,0.0033061367088847615,0.0102054639252914,0.2481998980564536,0.0053535994709857,-0.0018061078476611,0.15823894128732136,0.5583328472359892
1-2-3-8,2.333333333333333,0.007108691706481131,0.0218793740703942,0.2464292423965068,0.0035809600134311,-0.013862413525902551,-0.8518118164633715,2.817565295532213e-05
1-2-4-10,2.333333333333333,0.003306136708884491,0.0102054639252891,0.248199898056454,0.0053535994709858,-0.001806107847660625,0.15823894128731653,0.5583328472360016
1-2-4-15,2.333333333333333,0.00330613670888486,0.0102054639252919,0.2481998980564544,0.0053535994709861,-0.001806107847660925,0.1582389412873284,0.558332847235972
7-9-12-15,2.333333333333333,0.0033061367088846254,0.0102054639252918,0.2481998980564542,0.0053535994709861,-0.0018061078476621002,0.15823894128715946,0.5583328472363974
7-9-13-14,2.333333333333333,0.007108691706479116,0.0218793740703905,0.2464292423965062,0.003580960013431,-0.01386241352589835,-0.8518118164633675,2.817565295532713e-05
7-9-14-15,2.333333333333333,0.0033061367088847164,0.0102054639252915,0.2481998980564541,0.0053535994709861,-0.0018061078476622997,0.15823894128713625,0.5583328472364554
2-4-9-10,2.333333333333333,0.003306136708884729,0.010205463925290401,0.2481998980564545,0.0053535994709855,-0.001806107847661675,0.15823894128721458,0.5583328472362588
2-4-9-13,2.333333333333333,0.0033061367088846132,0.010205463925290599,0.2481998980564551,0.005353599470986,-0.0018061078476609748,0.1582389412873021,0.5583328472360378
2-5-10-15,2.333333333333333,0.0037660681656476163,0.0125462399633331,0.2463583736213995,0.0035025914073164,0.0015325912439689247,0.5150356875698022,0.0411934323625333
2-5-11-14,2.333333333333333,0.0033061367088846184,0.010205463925292601,0.248199898056454,0.0053535994709859,-0.0018061078476616,0.1582389412872146,0.5583328472362584
2-6-8-14,2.333333333333333,0.0071086917064783805,0.0218793740703857,0.2464292423965068,0.0035809600134314,-0.013862413525898325,-0.851811816463389,2.8175652955300164e-05
2-6-8-9,2.333333333333333,0.002671348836551937,0.0070545635941867,0.245756042230238,0.0029253282020439,-0.0003787608146789886,0.2913034231957426,0.27366830544514054
2-6-9-15,2.333333333333333,0.0033061367088846843,0.0102054639252916,0.2481998980564538,0.0053535994709859,-0.001806107847662275,0.15823894128714866,0.558332847236425
0-1-8-14,2.333333333333333,0.0033061367088845417,0.010205463925289801,0.2481998980564539,0.0053535994709859,-0.00180610784766075,0.15823894128731533,0.5583328472360045
0-1-9-10,2.333333333333333,0.0026713488365522307,0.0070545635941871,0.2457560422302381,0.0029253282020439,-0.0003787608146819636,0.29130342319528946,0.27366830544592075
0-1-9-15,2.333333333333333,0.003306136708884825,0.010205463925291699,0.2481998980564545,0.0053535994709859,-0.0018061078476627498,0.15823894128709184,0.5583328472365676
0-10-11-12,2.333333333333333,0.002671348836551979,0.0070545635941858,0.2457560422302377,0.0029253282020433,-0.0003787608146801861,0.29130342319558084,0.27366830544541915
0-10-11-14,2.333333333333333,0.0071086917064797665,0.02187937407039,0.2464292423965053,0.003580960013431,-0.013862413525900372,-0.8518118164633959,2.817565295529155e-05
0-10-12-14,2.333333333333333,0.0026713488365518374,0.0070545635941854,0.2457560422302365,0.0029253282020428,-0.00037876081468048444,0.2913034231955679,0.2736683054454412
1-2-9-11,2.5,0.0024306526483440735,0.0102030199052445,0.2460937087671638,0.0032436558910665,-0.0009224943741501001,0.11601313706543717,0.6687534737432563
4-7-9-14,2.5,0.0024306526483442933,0.0102030199052438,0.2460937087671635,0.0032436558910659,-0.00092249437415265,0.1160131370650602,0.6687534737442759
1-3-10-11,2.5,0.00243065264834423,0.010203019905244,0.2460937087671635,0.0032436558910662,-0.0009224943741521501,0.11601313706509583,0.6687534737441798
1-3-10-12,2.5,0.0027551919686849696,0.0124698317167894,0.2497992402995176,0.0069371657823827,-0.0020611939131025504,-0.06355654265089164,0.8151096979032579
2-6-8-15,2.5,0.002430652648344325,0.0102030199052437,0.2460937087671641,0.003243655891066,-0.0009224943741523251,0.11601313706509872,0.6687534737441716
2-6-9-12,2.5,0.0024306526483441884,0.0102030199052434,0.2460937087671641,0.0032436558910659,-0.0009224943741509,0.11601313706536023,0.6687534737434644
0-1-9-11,2.5,0.00243065264834411,0.010203019905244,0.2460937087671636,0.0032436558910663,-0.000922494374151025,0.11601313706529365,0.6687534737436442
0-10-11-13,2.5,0.0024306526483440084,0.0102030199052436,0.2460937087671627,0.0032436558910659,-0.0009224943741519,0.11601313706514275,0.6687534737440529
0-2-10-11,2.5,0.002430652648344202,0.0102030199052443,0.2460937087671642,0.0032436558910662,-0.0009224943741515501,0.11601313706519441,0.6687534737439127
0-2-10-12,2.5,0.0024306526483441177,0.010203019905242899,0.2460937087671635,0.0032436558910655,-0.0009224943741514749,0.1160131370652232,0.6687534737438349
0-2-11-13,2.5,0.0027551919686847923,0.012469831716788199,0.2497992402995175,0.0069371657823826,-0.0020611939131015247,-0.06355654265076681,0.8151096979036161
2-7-10-12,2.5,0.0027551919686843876,0.0124698317167843,0.2497992402995174,0.0069371657823829,-0.002061193913100475,-0.06355654265070092,0.8151096979038033
2-7-11-13,2.5,0.002430652648344369,0.010203019905243901,0.2460937087671628,0.0032436558910661,-0.00092249437415245,0.1160131370650857,0.6687534737442068
2-6-8-13,2.5,0.0024306526483441377,0.0102030199052438,0.2460937087671636,0.0032436558910661,-0.0009224943741534251,0.1160131370648581,0.6687534737448224
2-5-7-12,2.5,0.0027551919686847897,0.0124698317167882,0.2497992402995182,0.0069371657823835,-0.002061193913102225,-0.06355654265088165,0.8151096979032864
4-7-10-13,2.5,0.002430652648344097,0.010203019905243,0.2460937087671644,0.0032436558910658,-0.000922494374152425,0.11601313706509056,0.6687534737441939
1-3-7-9,2.5,0.0024306526483443055,0.010203019905243,0.2460937087671629,0.0032436558910653,-0.00092249437415325,0.11601313706495381,0.6687534737445634
1-3-8-11,2.5,0.00243065264834409,0.0102030199052439,0.2460937087671637,0.0032436558910659,-0.0009224943741516501,0.11601313706514312,0.6687534737440519
2-7-8-12,2.5,0.0024306526483442023,0.0102030199052439,0.2460937087671642,0.0032436558910662,-0.0009224943741510999,0.11601313706531644,0.6687534737435834
2-7-8-14,2.5,0.0024306526483441333,0.010203019905243499,0.2460937087671632,0.0032436558910658,-0.0009224943741503,0.11601313706543456,0.6687534737432642
2-7-8-9,2.5,0.002430652648344116,0.010203019905243499,0.2460937087671625,0.0032436558910655,-0.000922494374151225,0.1160131370652567,0.6687534737437448
2-4-8-15,2.5,0.0024306526483441416,0.010203019905243901,0.2460937087671636,0.0032436558910664,-0.0009224943741515,0.11601313706525195,0.668753473743757
0-2-4-10,2.5,0.0024306526483441377,0.0102030199052431,0.2460937087671628,0.0032436558910652,-0.0009224943741524249,0.11601313706505112,0.668753473744301
0-2-5-11,2.5,0.0027551919686845715,0.012469831716786901,0.2497992402995179,0.0069371657823829,-0.00206119391310135,-0.06355654265076804,0.8151096979036114
7-9-12-14,2.5,0.002755191968685116,0.01246983171679,0.2497992402995179,0.0069371657823833,-0.002061193913103225,-0.06355654265097249,0.8151096979030266
7-9-13-15,2.5,0.0024306526483442383,0.0102030199052434,0.2460937087671618,0.0032436558910656,-0.0009224943741544501,0.11601313706471669,0.6687534737452048
2-4-9-11,2.5,0.0027551919686848937,0.0124698317167889,0.2497992402995177,0.0069371657823827,-0.0020611939131024,-0.06355654265087281,0.8151096979033117
2-4-9-12,2.5,0.0027551919686847237,0.0124698317167872,0.2497992402995189,0.006937165782383,-0.002061193913102525,-0.06355654265094945,0.8151096979030925
2-4-9-14,2.5,0.002430652648344289,0.0102030199052438,0.2460937087671632,0.0032436558910661,-0.000922494374151,0.11601313706534132,0.6687534737435165
2-5-12-15,2.5,0.0024306526483441893,0.0102030199052435,0.2460937087671637,0.0032436558910656,-0.0009224943741520499,0.11601313706514921,0.6687534737440353
0-1-6-11,2.5,0.002430652648344061,0.0102030199052442,0.2460937087671635,0.003243655891066,-0.0009224943741511251,0.11601313706525719,0.6687534737437428
0-1-7-10,2.5,0.0024306526483441576,0.0102030199052437,0.2460937087671632,0.0032436558910656,-0.0009224943741509,0.11601313706532168,0.6687534737435692
0-1-8-10,2.5,0.0024306526483440904,0.0102030199052443,0.2460937087671633,0.0032436558910665,-0.0009224943741504,0.11601313706539115,0.6687534737433805
1-3-8-14,2.5,0.0027551919686849232,0.0124698317167893,0.2497992402995168,0.0069371657823826,-0.0020611939131021002,-0.0635565426508232,0.815109697903454
1-3-8-9,2.5,0.0024306526483440865,0.0102030199052438,0.246093708767163,0.0032436558910658,-0.00092249437415195,0.11601313706509339,0.6687534737441865
1-3-9-10,2.5,0.002430652648344219,0.0102030199052443,0.2460937087671638,0.0032436558910663,-0.000922494374151275,0.11601313706524712,0.6687534737437707
4-6-12-15,2.5,0.002430652648343926,0.010203019905243499,0.2460937087671629,0.0032436558910661,-0.0009224943741508499,0.11601313706531848,0.668753473743577
0-9-10-15,2.5,0.002430652648343983,0.0102030199052429,0.2460937087671636,0.0032436558910656,-0.000922494374151775,0.11601313706514318,0.6687534737440519
0-9-11-14,2.5,0.0027551919686848395,0.012469831716788601,0.2497992402995179,0.0069371657823828,-0.002061193913101625,-0.06355654265077602,0.8151096979035887
5-10-12-15,2.5,0.0024306526483439447,0.0102030199052424,0.2460937087671649,0.0032436558910656,-0.0009224943741518999,0.11601313706515147,0.6687534737440293
5-11-12-14,2.5,0.0027551919686850212,0.0124698317167892,0.2497992402995176,0.0069371657823831,-0.002061193913103025,-0.06355654265095254,0.8151096979030835
4-6-13-14,2.5,0.0024306526483438987,0.0102030199052438,0.2460937087671653,0.0032436558910662,-0.0009224943741519751,0.11601313706505804,0.6687534737442815
4-6-14-15,2.5,0.002430652648344029,0.0102030199052439,0.2460937087671633,0.0032436558910662,-0.0009224943741505001,0.11601313706537769,0.6687534737434179
4-6-10-12,2.5,0.00243065264834433,0.0102030199052436,0.2460937087671636,0.0032436558910659,-0.000922494374152575,0.11601313706509031,0.6687534737441942
4-6-11-13,2.5,0.0027551919686846014,0.0124698317167861,0.249799240299518,0.006937165782383,-0.0020611939131023,-0.06355654265091618,0.8151096979031878
4-6-12-13,2.5,0.0024306526483439104,0.0102030199052435,0.246093708767163,0.003243655891066,-0.0009224943741505,0.11601313706539935,0.6687534737433585
1-3-9-15,2.5,0.0024306526483441264,0.0102030199052431,0.2460937087671632,0.0032436558910656,-0.00092249437415175,0.11601313706517055,0.6687534737439779
1-4-10-11,2.5,0.002430652648344153,0.0102030199052438,0.2460937087671634,0.0032436558910657,-0.000922494374151875,0.11601313706513919,0.6687534737440619
0-7-9-13,2.5,0.002430652648344248,0.010203019905243901,0.2460937087671645,0.0032436558910661,-0.000922494374150625,0.1160131370653712,0.6687534737434346
0-7-9-15,2.5,0.0027551919686842194,0.0124698317167833,0.2497992402995183,0.0069371657823828,-0.002061193913100625,-0.06355654265075233,0.815109697903657
0-8-10-14,2.5,0.002430652648344033,0.0102030199052426,0.2460937087671625,0.0032436558910653,-0.0009224943741538,0.11601313706479319,0.6687534737449976
5-6-11-12,2.5,0.002430652648344017,0.0102030199052432,0.2460937087671626,0.0032436558910654,-0.0009224943741515999,0.11601313706517022,0.6687534737439782
5-6-12-14,2.5,0.002430652648344141,0.010203019905244401,0.2460937087671633,0.0032436558910666,-0.00092249437415115,0.11601313706526267,0.6687534737437284
5-6-13-15,2.5,0.0024306526483442665,0.0102030199052447,0.2460937087671637,0.0032436558910666,-0.000922494374152175,0.1160131370650955,0.6687534737441811
1-4-10-12,2.5,0.002755191968684131,0.0124698317167825,0.2497992402995172,0.0069371657823829,-0.0020611939131003,-0.06355654265073449,0.8151096979037078
1-4-10-14,2.5,0.0024306526483442222,0.0102030199052438,0.2460937087671635,0.0032436558910663,-0.000922494374150975,0.1160131370653479,0.6687534737434984
1-4-11-13,2.5,0.0024306526483440435,0.0102030199052436,0.2460937087671632,0.0032436558910659,-0.000922494374150375,0.11601313706538474,0.6687534737433987
1-4-11-15,2.5,0.0024306526483442578,0.010203019905243901,0.2460937087671641,0.0032436558910661,-0.000922494374150925,0.11601313706536168,0.6687534737434608
1-4-14-15,2.5,0.002430652648344198,0.0102030199052431,0.2460937087671628,0.0032436558910654,-0.0009224943741533249,0.11601313706490424,0.6687534737446971
5-7-11-13,2.5,0.002430652648344131,0.010203019905243301,0.2460937087671635,0.0032436558910658,-0.0009224943741525,0.11601313706507596,0.6687534737442338
5-7-12-13,2.5,0.0024306526483440162,0.0102030199052434,0.2460937087671639,0.0032436558910659,-0.0009224943741505,0.11601313706537734,0.668753473743418
5-7-12-15,2.5,0.0024306526483440292,0.010203019905244099,0.2460937087671649,0.0032436558910662,-0.000922494374150225,0.1160131370653954,0.6687534737433699
5-7-13-14,2.5,0.0024306526483439425,0.010203019905243499,0.2460937087671633,0.0032436558910658,-0.0009224943741507999,0.11601313706530277,0.6687534737436195
5-6-8-15,2.5,0.0024306526483441663,0.0102030199052435,0.2460937087671625,0.0032436558910657,-0.00092249437415295,0.116013137064957,0.6687534737445546
0-7-8-14,2.5,0.0027551919686846435,0.0124698317167861,0.2497992402995166,0.0069371657823829,-0.002061193913102,-0.06355654265089411,0.815109697903251
0-7-9-10,2.5,0.0024306526483441246,0.0102030199052437,0.2460937087671626,0.0032436558910656,-0.0009224943741515501,0.11601313706517924,0.6687534737439536
1-4-6-15,2.5,0.0027551919686843907,0.012469831716785,0.2497992402995184,0.0069371657823828,-0.002061193913101125,-0.06355654265077407,0.8151096979035943
1-4-7-14,2.5,0.0024306526483441355,0.010203019905244099,0.2460937087671643,0.0032436558910661,-0.0009224943741519,0.1160131370651616,0.6687534737440014
4-5-11-14,2.5,0.0024306526483441615,0.0102030199052436,0.2460937087671635,0.0032436558910657,-0.000922494374152775,0.11601313706502947,0.668753473744359
4-5-12-14,2.5,0.002430652648344271,0.0102030199052448,0.2460937087671646,0.0032436558910667,-0.000922494374152275,0.11601313706507796,0.6687534737442279
4-5-13-15,2.5,0.002430652648344208,0.0102030199052447,0.2460937087671638,0.0032436558910666,-0.000922494374151625,0.1160131370651859,0.6687534737439353
1-4-8-14,2.5,0.0024306526483441554,0.0102030199052436,0.2460937087671634,0.003243655891066,-0.0009224943741515501,0.11601313706521399,0.6687534737438601
1-4-9-15,2.5,0.002755191968684707,0.012469831716787099,0.2497992402995175,0.006937165782383,-0.002061193913101625,-0.06355654265080457,0.8151096979035076
1-5-10-15,2.5,0.00243065264834407,0.0102030199052433,0.2460937087671636,0.003243655891066,-0.00092249437415015,0.11601313706550832,0.6687534737430638
4-11-13-14,2.5,0.0024306526483442127,0.0102030199052439,0.2460937087671628,0.0032436558910659,-0.0009224943741536501,0.11601313706485247,0.6687534737448374
4-5-10-15,2.5,0.0024306526483440253,0.0102030199052434,0.2460937087671628,0.0032436558910658,-0.000922494374151675,0.11601313706518576,0.6687534737439367
1-5-11-12,2.5,0.0024306526483442127,0.010203019905244,0.2460937087671636,0.0032436558910662,-0.000922494374151325,0.1160131370652477,0.6687534737437686
5-7-9-15,2.5,0.002430652648344296,0.0102030199052436,0.2460937087671633,0.0032436558910658,-0.0009224943741531751,0.11601313706497819,0.6687534737444978
0-7-10-12,2.5,0.002430652648344046,0.010203019905243499,0.2460937087671627,0.0032436558910658,-0.0009224943741504999,0.1160131370653747,0.6687534737434258
0-7-10-14,2.5,0.002430652648344087,0.0102030199052439,0.2460937087671633,0.0032436558910662,-0.0009224943741508251,0.11601313706535124,0.6687534737434895
0-7-11-13,2.5,0.0024306526483441324,0.0102030199052438,0.2460937087671632,0.003243655891066,-0.000922494374153725,0.11601313706478245,0.6687534737450271
0-7-13-14,2.5,0.0024306526483441108,0.0102030199052434,0.246093708767163,0.0032436558910655,-0.00092249437415245,0.11601313706504279,0.6687534737443228
5-7-10-12,2.5,0.0027551919686847337,0.0124698317167878,0.2497992402995174,0.0069371657823828,-0.00206119391310235,-0.06355654265089206,0.8151096979032567
1-5-11-14,2.5,0.0024306526483441632,0.0102030199052437,0.2460937087671642,0.0032436558910661,-0.0009224943741519499,0.11601313706512599,0.6687534737440979
4-10-12-14,2.5,0.0024306526483441893,0.0102030199052433,0.246093708767162,0.0032436558910656,-0.0009224943741540999,0.11601313706479041,0.6687534737450054
4-10-13-15,2.5,0.0027551919686851466,0.0124698317167903,0.2497992402995179,0.006937165782383,-0.002061193913103,-0.06355654265093058,0.8151096979031462
0-6-8-13,2.5,0.0027551919686844995,0.0124698317167855,0.2497992402995171,0.0069371657823826,-0.0020611939131010997,-0.06355654265075433,0.815109697903651
0-6-8-15,2.5,0.0027551919686845177,0.0124698317167858,0.2497992402995175,0.0069371657823826,-0.002061193913101125,-0.06355654265075392,0.8151096979036525
0-6-9-11,2.5,0.002755191968684761,0.0124698317167877,0.2497992402995175,0.0069371657823828,-0.0020611939131017997,-0.06355654265080957,0.8151096979034929
0-6-9-12,2.5,0.00243065264834434,0.0102030199052443,0.2460937087671645,0.0032436558910666,-0.000922494374150975,0.116013137065389,0.6687534737433869
0-6-9-14,2.5,0.002755191968684488,0.0124698317167856,0.249799240299518,0.0069371657823827,-0.0020611939131024,-0.06355654265097142,0.8151096979030292
5-7-14-15,2.5,0.002430652648344103,0.0102030199052435,0.2460937087671631,0.003243655891066,-0.00092249437415205,0.11601313706512864,0.6687534737440907
5-7-8-14,2.5,0.0027551919686846335,0.012469831716786499,0.2497992402995172,0.0069371657823831,-0.002061193913101475,-0.06355654265079039,0.8151096979035475
1-5-7-15,2.5,0.002430652648344285,0.0102030199052436,0.2460937087671633,0.0032436558910659,-0.000922494374151875,0.11601313706521407,0.6687534737438601
3-8-9-14,2.5,0.002430652648344,0.0102030199052432,0.2460937087671637,0.0032436558910656,-0.00092249437415365,0.11601313706478264,0.6687534737450266
3-9-10-12,2.5,0.0024306526483441906,0.010203019905243301,0.2460937087671633,0.0032436558910657,-0.0009224943741521501,0.1160131370651135,0.6687534737441325
3-9-11-13,2.5,0.0024306526483439204,0.0102030199052422,0.2460937087671624,0.0032436558910651,-0.00092249437415335,0.11601313706488467,0.6687534737447507
1-5-8-15,2.5,0.00243065264834423,0.0102030199052435,0.2460937087671621,0.0032436558910659,-0.0009224943741505251,0.1160131370654317,0.6687534737432721
1-6-10-12,2.5,0.002430652648344343,0.010203019905243901,0.2460937087671635,0.0032436558910661,-0.000922494374151825,0.1160131370651928,0.6687534737439172
2-9-11-12,2.5,0.0027551919686851587,0.0124698317167912,0.2497992402995179,0.006937165782383,-0.002061193913102525,-0.06355654265085778,0.8151096979033551
0-2-6-8,2.5,0.0024306526483442413,0.010203019905243301,0.2460937087671629,0.0032436558910654,-0.000922494374152425,0.11601313706510517,0.6687534737441541
7-8-13-14,2.5,0.002430652648344056,0.0102030199052431,0.2460937087671628,0.0032436558910657,-0.00092249437415215,0.11601313706510512,0.6687534737441541
0-2-7-9,2.5,0.0027551919686845685,0.012469831716786901,0.2497992402995172,0.0069371657823828,-0.00206119391310215,-0.06355654265088959,0.8151096979032637
0-2-8-11,2.5,0.002430652648344199,0.0102030199052443,0.2460937087671638,0.0032436558910662,-0.000922494374151475,0.11601313706521842,0.6687534737438483
2-4-7-13,2.5,0.00243065264834411,0.0102030199052438,0.2460937087671631,0.0032436558910657,-0.0009224943741522999,0.1160131370650137,0.6687534737444016
2-4-8-10,2.5,0.00243065264834404,0.010203019905242399,0.2460937087671632,0.0032436558910655,-0.00092249437415235,0.11601313706510732,0.668753473744148
2-4-8-13,2.5,0.002430652648344101,0.0102030199052436,0.2460937087671644,0.0032436558910662,-0.000922494374151475,0.1160131370652423,0.668753473743783
2-7-9-13,2.5,0.0024306526483442096,0.0102030199052437,0.246093708767163,0.0032436558910661,-0.000922494374151675,0.11601313706520278,0.6687534737438903
2-7-9-15,2.5,0.0027551919686841326,0.0124698317167823,0.2497992402995176,0.0069371657823829,-0.002061193913100425,-0.06355654265075333,0.8151096979036534
2-8-10-12,2.5,0.002430652648343862,0.010203019905242,0.2460937087671636,0.0032436558910652,-0.0009224943741532749,0.11601313706487948,0.6687534737447642
2-8-11-13,2.5,0.002430652648344075,0.0102030199052435,0.2460937087671647,0.0032436558910659,-0.0009224943741516249,0.11601313706521235,0.668753473743864
2-7-12-13,2.5,0.002430652648344252,0.0102030199052442,0.2460937087671645,0.0032436558910661,-0.0009224943741520749,0.11601313706511446,0.6687534737441286
1-6-11-13,2.5,0.00243065264834417,0.0102030199052434,0.2460937087671621,0.0032436558910656,-0.000922494374150825,0.11601313706533166,0.6687534737435421
3-8-10-13,2.5,0.0027551919686849167,0.0124698317167889,0.249799240299518,0.0069371657823829,-0.00206119391310205,-0.06355654265082299,0.8151096979034547
1-6-11-15,2.5,0.0024306526483441485,0.0102030199052442,0.2460937087671647,0.0032436558910665,-0.000922494374150425,0.11601313706539688,0.6687534737433652
1-6-12-15,2.5,0.002430652648344233,0.0102030199052438,0.2460937087671635,0.0032436558910659,-0.0009224943741521249,0.11601313706512618,0.668753473744097
0-6-12-14,2.5,0.002430652648344068,0.0102030199052423,0.2460937087671632,0.0032436558910652,-0.0009224943741515999,0.11601313706524187,0.6687534737437841
0-6-13-15,2.5,0.0027551919686845893,0.012469831716786,0.2497992402995178,0.0069371657823832,-0.00206119391310185,-0.06355654265085132,0.8151096979033735
0-6-7-13,2.5,0.00243065264834416,0.010203019905244,0.2460937087671627,0.0032436558910659,-0.000922494374152,0.11601313706509574,0.6687534737441796
5-8-14-15,2.5,0.0024306526483442105,0.0102030199052437,0.246093708767163,0.0032436558910659,-0.000922494374152325,0.11601313706509095,0.6687534737441929
0-6-8-10,2.5,0.0024306526483442227,0.0102030199052424,0.2460937087671626,0.0032436558910652,-0.0009224943741532249,0.11601313706497042,0.6687534737445187
1-6-7-12,2.5,0.0024306526483441,0.0102030199052435,0.2460937087671634,0.0032436558910656,-0.0009224943741523749,0.11601313706506904,0.6687534737442524
3-7-8-13,2.5,0.002430652648344157,0.0102030199052434,0.2460937087671637,0.003243655891066,-0.000922494374150325,0.11601313706547292,0.6687534737431601
3-7-9-12,2.5,0.002430652648344229,0.0102030199052438,0.246093708767164,0.0032436558910661,-0.00092249437415065,0.11601313706539847,0.668753473743361
3-7-9-14,2.5,0.0024306526483443064,0.010203019905244099,0.2460937087671635,0.0032436558910662,-0.0009224943741518,0.11601313706518782,0.6687534737439311
1-6-8-11,2.5,0.0024306526483440813,0.0102030199052437,0.2460937087671633,0.0032436558910657,-0.0009224943741516499,0.11601313706516331,0.6687534737439972
1-6-8-12,2.5,0.0024306526483443146,0.0102030199052437,0.2460937087671637,0.0032436558910661,-0.0009224943741516501,0.11601313706526353,0.668753473743726
0-5-8-14,2.5,0.0027551919686845433,0.0124698317167853,0.2497992402995168,0.0069371657823829,-0.00206119391310175,-0.06355654265086876,0.8151096979033234
0-5-9-15,2.5,0.002430652648344355,0.010203019905243901,0.2460937087671628,0.0032436558910661,-0.0009224943741523001,0.11601313706511299,0.6687534737441339
0-6-10-13,2.5,0.0024306526483441446,0.0102030199052441,0.2460937087671653,0.0032436558910666,-0.000922494374150075,0.11601313706549037,0.6687534737431127
0-6-10-15,2.5,0.00243065264834404,0.010203019905243901,0.246093708767164,0.0032436558910664,-0.00092249437415055,0.11601313706540152,0.6687534737433529
0-6-11-12,2.5,0.0024306526483443185,0.0102030199052439,0.2460937087671636,0.0032436558910662,-0.0009224943741509,0.11601313706539952,0.6687534737433583
0-6-11-14,2.5,0.002755191968684365,0.0124698317167843,0.2497992402995172,0.0069371657823829,-0.00206119391310185,-0.06355654265090221,0.815109697903228
1-6-8-14,2.5,0.002755191968684219,0.0124698317167836,0.2497992402995175,0.0069371657823829,-0.00206119391310005,-0.06355654265067512,0.8151096979038771
1-6-9-15,2.5,0.002755191968684628,0.0124698317167862,0.2497992402995174,0.0069371657823829,-0.0020611939131014003,-0.06355654265079479,0.8151096979035357
1-7-10-13,2.5,0.0024306526483442643,0.0102030199052441,0.2460937087671649,0.0032436558910666,-0.0009224943741515251,0.11601313706524351,0.6687534737437799
3-6-9-13,2.5,0.002430652648344111,0.0102030199052435,0.246093708767164,0.0032436558910659,-0.000922494374150425,0.11601313706540024,0.6687534737433565
3-6-9-15,2.5,0.0024306526483442053,0.0102030199052436,0.2460937087671632,0.0032436558910657,-0.000922494374150325,0.11601313706545338,0.6687534737432128
3-7-10-13,2.5,0.0024306526483441546,0.0102030199052431,0.2460937087671636,0.0032436558910661,-0.000922494374150875,0.11601313706538915,0.6687534737433865
1-7-10-15,2.5,0.0027551919686841855,0.0124698317167828,0.2497992402995178,0.0069371657823828,-0.002061193913101625,-0.06355654265091057,0.8151096979032035
1-7-11-12,2.5,0.002430652648344141,0.0102030199052438,0.2460937087671643,0.0032436558910664,-0.0009224943741508501,0.11601313706535768,0.6687534737434715
1-7-11-14,2.5,0.0024306526483441004,0.0102030199052436,0.2460937087671643,0.0032436558910663,-0.0009224943741507999,0.11601313706534708,0.6687534737435005
1-7-12-14,2.5,0.0027551919686844752,0.012469831716785,0.249799240299518,0.0069371657823829,-0.002061193913101375,-0.06355654265079032,0.8151096979035481
1-7-13-15,2.5,0.002430652648344279,0.0102030199052426,0.2460937087671637,0.0032436558910655,-0.0009224943741532249,0.11601313706499208,0.6687534737444598
1-7-8-10,2.5,0.0027551919686847506,0.012469831716787401,0.2497992402995179,0.0069371657823829,-0.002061193913101825,-0.06355654265081571,0.8151096979034749
0-5-6-15,2.5,0.002430652648344174,0.010203019905244,0.246093708767164,0.003243655891066,-0.0009224943741517251,0.11601313706515731,0.668753473744013
0-5-7-14,2.5,0.002755191968684576,0.012469831716785899,0.2497992402995162,0.0069371657823831,-0.002061193913103025,-0.0635565426510519,0.8151096979027996
6-11-12-13,2.5,0.0024306526483441723,0.010203019905243,0.2460937087671642,0.0032436558910656,-0.0009224943741522251,0.11601313706513058,0.6687534737440856
0-5-10-11,2.5,0.0024306526483441828,0.0102030199052437,0.2460937087671632,0.0032436558910656,-0.0009224943741522251,0.11601313706508565,0.6687534737442068
0-5-10-12,2.5,0.002430652648344112,0.0102030199052434,0.246093708767163,0.0032436558910658,-0.0009224943741503749,0.11601313706540431,0.6687534737433454
0-5-10-14,2.5,0.0024306526483441385,0.0102030199052441,0.2460937087671641,0.0032436558910663,-0.0009224943741511749,0.11601313706526954,0.66875347374371
0-5-11-13,2.5,0.0027551919686840056,0.012469831716781201,0.2497992402995174,0.0069371657823829,-0.00206119391310045,-0.06355654265076421,0.8151096979036226
0-5-11-15,2.5,0.0024306526483442326,0.0102030199052439,0.2460937087671634,0.0032436558910662,-0.0009224943741517251,0.11601313706518859,0.6687534737439285
0-5-14-15,2.5,0.0024306526483440717,0.010203019905243499,0.246093708767162,0.0032436558910655,-0.000922494374151225,0.11601313706524563,0.6687534737437744
1-7-8-13,2.5,0.0024306526483442938,0.010203019905244099,0.246093708767164,0.0032436558910665,-0.0009224943741507251,0.1160131370653813,0.6687534737434078
3-6-8-12,2.5,0.0024306526483441103,0.010203019905244,0.2460937087671647,0.0032436558910663,-0.0009224943741506998,0.11601313706535715,0.6687534737434728
3-6-8-14,2.5,0.002755191968684219,0.012469831716783,0.2497992402995168,0.0069371657823827,-0.002061193913101375,-0.06355654265086169,0.8151096979033433
3-6-8-9,2.5,0.002430652648344092,0.0102030199052438,0.2460937087671633,0.0032436558910657,-0.0009224943741515,0.11601313706517667,0.6687534737439609
3-6-10-12,2.5,0.0024306526483442127,0.0102030199052437,0.2460937087671644,0.0032436558910659,-0.0009224943741517749,0.11601313706516438,0.6687534737439935
3-6-11-13,2.5,0.0027551919686844583,0.0124698317167853,0.2497992402995182,0.006937165782383,-0.0020611939131006,-0.0635565426507212,0.8151096979037462
3-6-12-13,2.5,0.0024306526483442027,0.0102030199052436,0.2460937087671634,0.0032436558910657,-0.00092249437415275,0.11601313706500305,0.6687534737444307
1-7-8-15,2.5,0.0027551919686844123,0.0124698317167846,0.249799240299519,0.0069371657823831,-0.002061193913101375,-0.06355654265082739,0.8151096979034422
2-4-10-13,2.5,0.0027551919686844275,0.0124698317167847,0.2497992402995183,0.0069371657823829,-0.0020611939131014497,-0.06355654265083191,0.8151096979034285
2-4-10-15,2.5,0.002755191968684358,0.012469831716784001,0.2497992402995177,0.0069371657823828,-0.002061193913100475,-0.06355654265068435,0.815109697903851
2-4-11-12,2.5,0.0027551919686844557,0.0124698317167855,0.2497992402995174,0.0069371657823827,-0.002061193913101675,-0.0635565426508542,0.8151096979033654
2-4-11-14,2.5,0.0024306526483442157,0.0102030199052439,0.2460937087671645,0.0032436558910663,-0.0009224943741508,0.11601313706538548,0.6687534737433963
2-4-12-14,2.5,0.0024306526483441806,0.0102030199052426,0.2460937087671633,0.0032436558910654,-0.0009224943741522499,0.11601313706517492,0.6687534737439655
2-4-13-15,2.5,0.0027551919686846513,0.0124698317167865,0.249799240299518,0.0069371657823832,-0.0020611939131014254,-0.06355654265077547,0.8151096979035913
0-2-8-14,2.5,0.0024306526483440227,0.010203019905242701,0.246093708767164,0.0032436558910655,-0.000922494374151175,0.11601313706528023,0.6687534737436813
0-2-8-9,2.5,0.0024306526483441936,0.010203019905244099,0.2460937087671633,0.0032436558910661,-0.0009224943741519749,0.11601313706513681,0.6687534737440686
0-2-9-10,2.5,0.00243065264834408,0.010203019905244,0.2460937087671634,0.003243655891066,-0.0009224943741515,0.11601313706518566,0.6687534737439365
0-2-9-15,2.5,0.0027551919686850516,0.012469831716789701,0.2497992402995181,0.0069371657823828,-0.0020611939131034,-0.06355654265101376,0.8151096979029083
0-3-10-13,2.5,0.002430652648344134,0.010203019905243301,0.2460937087671624,0.0032436558910657,-0.0009224943741521999,0.11601313706511844,0.6687534737441181
2-4-5-15,2.5,0.0024306526483442543,0.0102030199052441,0.2460937087671653,0.0032436558910659,-0.00092249437415245,0.11601313706504164,0.668753473744326
2-4-6-12,2.5,0.002430652648344161,0.0102030199052428,0.246093708767163,0.0032436558910652,-0.000922494374152025,0.1160131370651872,0.6687534737439327
2-8-9-15,2.5,0.0024306526483440787,0.010203019905242899,0.2460937087671643,0.0032436558910655,-0.00092249437415185,0.1160131370651763,0.668753473743962
1-7-9-11,2.5,0.002430652648344085,0.010203019905242399,0.2460937087671625,0.0032436558910653,-0.0009224943741525751,0.11601313706505416,0.6687534737442924
1-7-9-12,2.5,0.002755191968684256,0.0124698317167838,0.2497992402995166,0.0069371657823826,-0.002061193913101175,-0.06355654265081223,0.8151096979034854
1-7-9-14,2.5,0.0027551919686843083,0.012469831716784799,0.2497992402995184,0.0069371657823826,-0.0020611939131005997,-0.0635565426507255,0.8151096979037334
1-8-10-15,2.5,0.0027551919686850048,0.0124698317167898,0.2497992402995182,0.0069371657823828,-0.00206119391310215,-0.0635565426508139,0.8151096979034809
1-8-11-14,2.5,0.002430652648343959,0.010203019905243301,0.2460937087671627,0.0032436558910657,-0.0009224943741515,0.11601313706518168,0.6687534737439476
0-4-6-14,2.5,0.002430652648344135,0.010203019905243,0.2460937087671626,0.0032436558910653,-0.00092249437415095,0.11601313706534755,0.6687534737434988
6-7-12-14,2.5,0.0024306526483442283,0.0102030199052446,0.2460937087671639,0.0032436558910666,-0.0009224943741515249,0.11601313706522616,0.6687534737438268
6-7-13-15,2.5,0.0024306526483443393,0.0102030199052445,0.2460937087671648,0.0032436558910666,-0.00092249437415265,0.11601313706503162,0.6687534737443532
6-7-8-13,2.5,0.002430652648344149,0.0102030199052438,0.2460937087671643,0.0032436558910659,-0.0009224943741523,0.11601313706507074,0.6687534737442469
6-7-9-12,2.5,0.002430652648344173,0.0102030199052436,0.2460937087671623,0.0032436558910656,-0.00092249437415225,0.11601313706509911,0.6687534737441705
0-4-9-14,2.5,0.0024306526483441884,0.0102030199052433,0.2460937087671634,0.003243655891066,-0.00092249437414975,0.11601313706560172,0.668753473742812
3-5-8-10,2.5,0.002755191968684656,0.012469831716786499,0.2497992402995173,0.006937165782383,-0.002061193913102175,-0.06355654265088853,0.8151096979032659
3-5-8-13,2.5,0.0027551919686842614,0.0124698317167834,0.2497992402995181,0.006937165782383,-0.002061193913101,-0.06355654265079377,0.8151096979035383
3-5-8-15,2.5,0.002430652648344098,0.0102030199052443,0.246093708767165,0.0032436558910666,-0.0009224943741508749,0.11601313706533929,0.6687534737435212
3-5-9-11,2.5,0.002430652648344074,0.0102030199052429,0.2460937087671625,0.0032436558910654,-0.000922494374151825,0.11601313706519288,0.6687534737439172
3-5-9-12,2.5,0.0024306526483441164,0.0102030199052443,0.2460937087671658,0.0032436558910669,-0.000922494374150875,0.11601313706532691,0.6687534737435548
3-5-9-14,2.5,0.0024306526483440223,0.010203019905243301,0.2460937087671636,0.0032436558910661,-0.0009224943741518751,0.11601313706514914,0.6687534737440353
3-5-13-15,2.5,0.0024306526483441776,0.010203019905243,0.2460937087671642,0.0032436558910659,-0.000922494374154375,0.1160131370647649,0.6687534737450737
0-4-10-15,2.5,0.002430652648344232,0.0102030199052438,0.2460937087671642,0.0032436558910661,-0.0009224943741511,0.11601313706530567,0.668753473743612
0-4-11-14,2.5,0.0024306526483441017,0.0102030199052434,0.2460937087671636,0.003243655891066,-0.000922494374149625,0.11601313706560187,0.6687534737428109
6-8-12-14,2.5,0.002430652648344288,0.010203019905243,0.2460937087671632,0.0032436558910654,-0.000922494374152525,0.11601313706511932,0.6687534737441156
6-8-13-15,2.5,0.0027551919686851535,0.0124698317167904,0.2497992402995185,0.006937165782383,-0.0020611939131026003,-0.06355654265087475,0.8151096979033059
3-5-6-12,2.5,0.0024306526483441632,0.0102030199052438,0.2460937087671632,0.0032436558910658,-0.0009224943741519499,0.11601313706513983,0.668753473744061
3-5-7-13,2.5,0.002430652648344286,0.0102030199052431,0.2460937087671629,0.0032436558910654,-0.0009224943741525499,0.11601313706509336,0.6687534737441865
3-4-9-13,2.5,0.0024306526483442096,0.0102030199052439,0.2460937087671641,0.0032436558910663,-0.000922494374151,0.11601313706534061,0.6687534737435179
3-4-9-15,2.5,0.0024306526483441468,0.0102030199052435,0.2460937087671633,0.0032436558910659,-0.000922494374150675,0.11601313706535338,0.668753473743483
3-5-10-13,2.5,0.0027551919686842497,0.0124698317167832,0.2497992402995172,0.0069371657823829,-0.002061193913101575,-0.06355654265088378,0.815109697903281
3-5-10-15,2.5,0.0024306526483441728,0.0102030199052441,0.2460937087671645,0.0032436558910666,-0.0009224943741507501,0.11601313706538503,0.6687534737433977
3-5-11-12,2.5,0.0027551919686845242,0.0124698317167862,0.2497992402995168,0.0069371657823828,-0.00206119391310125,-0.06355654265077806,0.8151096979035832
3-5-11-14,2.5,0.0027551919686844366,0.0124698317167849,0.2497992402995193,0.0069371657823828,-0.002061193913101325,-0.06355654265081588,0.8151096979034749
3-5-12-14,2.5,0.002755191968684644,0.012469831716786301,0.2497992402995177,0.0069371657823832,-0.00206119391310145,-0.06355654265078053,0.8151096979035759
3-4-8-14,2.5,0.0024306526483442166,0.0102030199052437,0.2460937087671635,0.003243655891066,-0.000922494374151275,0.11601313706529805,0.6687534737436328
3-4-9-10,2.5,0.0024306526483441927,0.0102030199052438,0.2460937087671632,0.0032436558910657,-0.00092249437415275,0.11601313706499161,0.6687534737444616
0-3-6-9,2.5,0.002430652648344213,0.0102030199052442,0.2460937087671637,0.0032436558910661,-0.0009224943741515999,0.11601313706521535,0.6687534737438564
0-3-8-10,2.5,0.002430652648344175,0.0102030199052443,0.2460937087671632,0.0032436558910664,-0.0009224943741509999,0.1160131370653063,0.6687534737436103
0-3-9-11,2.5,0.0024306526483440782,0.0102030199052441,0.2460937087671634,0.0032436558910663,-0.00092249437415115,0.11601313706524072,0.6687534737437879
0-3-9-14,2.5,0.0024306526483442357,0.0102030199052437,0.2460937087671635,0.0032436558910661,-0.0009224943741526499,0.11601313706503893,0.668753473744333
0-4-10-13,2.5,0.0024306526483442396,0.010203019905244099,0.2460937087671639,0.0032436558910664,-0.000922494374151475,0.1160131370652409,0.6687534737437875
1-9-11-15,2.5,0.0024306526483440175,0.0102030199052422,0.2460937087671629,0.0032436558910653,-0.000922494374151925,0.11601313706514182,0.6687534737440552
3-4-5-14,2.5,0.0024306526483441554,0.0102030199052438,0.2460937087671641,0.0032436558910659,-0.0009224943741523251,0.11601313706506576,0.6687534737442611
3-4-6-13,2.5,0.002755191968684395,0.0124698317167844,0.2497992402995172,0.0069371657823831,-0.0020611939131015503,-0.06355654265085343,0.8151096979033668
2-3-4-9,2.5,0.002430652648344138,0.0102030199052438,0.2460937087671629,0.0032436558910657,-0.0009224943741509999,0.11601313706529999,0.6687534737436273
2-3-5-8,2.5,0.0024306526483440795,0.010203019905244099,0.2460937087671638,0.003243655891066,-0.000922494374152,0.11601313706510008,0.668753473744168
3-4-10-14,2.5,0.0024306526483442036,0.0102030199052441,0.2460937087671647,0.0032436558910663,-0.00092249437415125,0.1160131370652932,0.6687534737436458
3-4-11-13,2.5,0.0027551919686843803,0.0124698317167843,0.2497992402995178,0.0069371657823831,-0.002061193913101075,-0.06355654265079015,0.8151096979035481
3-4-13-14,2.5,0.0024306526483442283,0.0102030199052438,0.2460937087671633,0.0032436558910657,-0.0009224943741523499,0.11601313706507597,0.6687534737442338
0-3-5-10,2.5,0.002430652648343993,0.0102030199052436,0.246093708767163,0.0032436558910656,-0.000922494374150675,0.11601313706534089,0.6687534737435165
6-9-12-15,2.5,0.002430652648344242,0.0102030199052432,0.2460937087671634,0.0032436558910658,-0.000922494374152175,0.11601313706515526,0.6687534737440184
7-10-12-13,2.5,0.0024306526483441307,0.0102030199052431,0.2460937087671634,0.0032436558910657,-0.0009224943741518502,0.11601313706517999,0.6687534737439519
2-3-8-10,2.5,0.0024306526483441207,0.010203019905244099,0.246093708767164,0.0032436558910664,-0.0009224943741509,0.11601313706533342,0.6687534737435372
2-3-8-13,2.5,0.002430652648344268,0.0102030199052435,0.2460937087671636,0.0032436558910659,-0.000922494374152175,0.11601313706515219,0.6687534737440272
2-3-9-11,2.5,0.0024306526483440422,0.0102030199052445,0.246093708767163,0.0032436558910663,-0.0009224943741505749,0.11601313706532392,0.6687534737435623
2-3-9-12,2.5,0.0024306526483442834,0.0102030199052435,0.246093708767163,0.0032436558910659,-0.0009224943741521501,0.11601313706514718,0.6687534737440409
3-4-10-12,2.5,0.002755191968684298,0.0124698317167839,0.2497992402995178,0.0069371657823827,-0.002061193913100775,-0.06355654265075475,0.8151096979036498
1-3-11-13,2.5,0.00243065264834431,0.010203019905243,0.2460937087671632,0.0032436558910654,-0.0009224943741527,0.11601313706503087,0.6687534737443552
4-7-12-14,2.5,0.002430652648344287,0.0102030199052449,0.2460937087671643,0.0032436558910667,-0.0009224943741515,0.11601313706522598,0.6687534737438274
4-7-13-15,2.5,0.0024306526483444195,0.010203019905245001,0.2460937087671653,0.0032436558910668,-0.0009224943741523,0.11601313706509453,0.6687534737441827
1-3-4-10,2.5,0.002755191968684303,0.0124698317167845,0.2497992402995172,0.0069371657823827,-0.0020611939131011,-0.06355654265078436,0.815109697903565
1-3-5-11,2.5,0.0024306526483441893,0.0102030199052429,0.2460937087671628,0.0032436558910651,-0.0009224943741526,0.11601313706503853,0.6687534737443344
1-3-6-8,2.5,0.0027551919686847506,0.012469831716788001,0.2497992402995176,0.0069371657823832,-0.0020611939131026753,-0.06355654265096317,0.8151096979030531
4-6-8-14,2.5,0.002430652648344197,0.0102030199052436,0.2460937087671632,0.0032436558910658,-0.00092249437415235,0.11601313706509388,0.6687534737441851
4-6-9-15,2.5,0.002755191968684742,0.012469831716787599,0.2497992402995184,0.006937165782383,-0.0020611939131025747,-0.06355654265094313,0.8151096979031112
5-11-13-15,2.5,0.0024306526483443354,0.010203019905243,0.2460937087671634,0.0032436558910655,-0.000922494374152825,0.11601313706508742,0.668753473744202
4-9-14-15,2.5,0.0024306526483441285,0.010203019905242899,0.246093708767163,0.0032436558910655,-0.000922494374151775,0.1160131370651883,0.66875347374393
1-10-11-12,2.5,0.002430652648344049,0.0102030199052432,0.2460937087671627,0.0032436558910658,-0.0009224943741525751,0.11601313706503959,0.668753473744331
2-5-10-12,2.5,0.0027551919686845355,0.0124698317167855,0.2497992402995179,0.006937165782383,-0.0020611939131011,-0.0635565426507633,0.8151096979036249
2-5-11-13,2.5,0.0027551919686840593,0.012469831716782,0.2497992402995175,0.0069371657823828,-0.0020611939130997,-0.06355654265064944,0.815109697903951
2-5-8-11,2.5,0.0024306526483441316,0.0102030199052436,0.2460937087671631,0.0032436558910657,-0.0009224943741522999,0.116013137065066,0.6687534737442598
2-5-8-12,2.5,0.0024306526483441533,0.010203019905243301,0.2460937087671644,0.0032436558910657,-0.000922494374151275,0.11601313706525648,0.6687534737437449
2-5-8-14,2.5,0.002430652648343886,0.0102030199052434,0.2460937087671633,0.0032436558910658,-0.0009224943741516249,0.11601313706513225,0.6687534737440807
2-5-9-15,2.5,0.0024306526483442023,0.010203019905243901,0.2460937087671633,0.0032436558910661,-0.000922494374151775,0.1160131370651649,0.6687534737439922
2-6-11-12,2.5,0.002430652648344125,0.0102030199052431,0.2460937087671633,0.0032436558910659,-0.000922494374149825,0.11601313706556562,0.668753473742909
1-2-11-12,2.5,0.002430652648344215,0.010203019905243499,0.2460937087671638,0.0032436558910658,-0.000922494374152125,0.11601313706512957,0.6687534737440879
1-2-4-11,2.5,0.002430652648344022,0.010203019905244,0.2460937087671636,0.003243655891066,-0.0009224943741514,0.1160131370652002,0.6687534737438969
1-2-7-8,2.5,0.002430652648344122,0.0102030199052439,0.246093708767163,0.0032436558910659,-0.000922494374151875,0.1160131370651247,0.6687534737441013
1-2-8-10,2.5,0.002430652648344241,0.0102030199052447,0.2460937087671639,0.0032436558910667,-0.000922494374150525,0.11601313706540752,0.6687534737433365
1-2-8-15,2.5,0.002430652648344326,0.0102030199052436,0.2460937087671637,0.0032436558910659,-0.000922494374153325,0.11601313706493732,0.6687534737446084
0-1-11-14,2.5,0.0024306526483441823,0.0102030199052434,0.2460937087671646,0.0032436558910658,-0.000922494374152875,0.11601313706498195,0.6687534737444877
0-1-10-15,2.5,0.002430652648344285,0.0102030199052437,0.246093708767164,0.0032436558910659,-0.0009224943741528,0.1160131370650153,0.6687534737443973
2-5-11-15,2.5,0.0024306526483441815,0.0102030199052437,0.2460937087671637,0.0032436558910662,-0.00092249437415125,0.11601313706531333,0.6687534737435915
0-1-10-11,2.6666666666666665,7.917687520444184e-05,0.00018285116085279903,0.243019614679407,0.0001813399942338,0.000181339994232925,1.0,0.0
1-2-8-11,2.6666666666666665,7.91768752044753e-05,0.00018285116085274637,0.2430196146794062,0.0001813399942339,0.00018133999423300003,0.9999999999999999,0.0
2-5-8-15,2.6666666666666665,0.0018184838937464615,0.0044412792370178995,0.2443459214918817,0.0014777687222624,0.00031892280923432497,0.41953111912792623,0.10573471737883075
2-5-11-12,2.6666666666666665,0.0021508549288569356,0.0048721303185963,0.2440694713595307,0.0012019946069911,-0.003670135711602075,-0.9017986146035409,1.8152782358324817e-06
2-4-9-15,2.6666666666666665,0.002150854928856783,0.0048721303185933,0.2440694713595305,0.0012019946069915,-0.00367013571160145,-0.9017986146034915,1.8152782358386166e-06
4-7-13-14,2.6666666666666665,7.917687520455897e-05,0.00018285116085302465,0.2430196146794067,0.0001813399942335,0.00018133999423319998,0.9999999999999999,0.0
2-4-10-12,2.6666666666666665,0.0021508549288586105,0.0048721303186016005,0.2440694713595302,0.0012019946069912,-0.00367013571160695,-0.9017986146038064,1.8152782357994387e-06
3-4-10-13,2.6666666666666665,0.0021508549288571112,0.0048721303185943,0.2440694713595311,0.0012019946069911,-0.003670135711602675,-0.9017986146035767,1.815278235828008e-06
2-3-8-9,2.6666666666666665,7.917687520351311e-05,0.00018285116085166902,0.2430196146794047,0.0001813399942325,0.0001813399942308,1.0,0.0
0-3-9-10,2.6666666666666665,7.917687520404768e-05,0.00018285116085157524,0.2430196146794058,0.0001813399942328,0.000181339994232025,1.0,0.0
3-5-11-13,2.6666666666666665,0.0021508549288584396,0.0048721303185997,0.2440694713595299,0.0012019946069913,-0.0036701357116063005,-0.901798614603758,1.815278235805461e-06
3-5-10-12,2.6666666666666665,0.0021508549288570726,0.0048721303185948,0.2440694713595309,0.0012019946069916,-0.00367013571160215,-0.9017986146035202,1.8152782358350522e-06
3-4-9-14,2.6666666666666665,0.0018184838937464805,0.0044412792370178995,0.2443459214918815,0.0014777687222624,0.000318922809234125,0.4195311191278839,0.10573471737886972
0-4-10-14,2.6666666666666665,7.917687520314324e-05,0.0001828511608506436,0.2430196146794042,0.0001813399942314,0.00018133999422995003,1.0,0.0
3-5-8-14,2.6666666666666665,0.0021508549288568437,0.0048721303185942,0.244069471359531,0.0012019946069915,-0.0036701357116016003,-0.9017986146034995,1.8152782358376217e-06
1-7-9-15,2.6666666666666665,0.0021508549288581976,0.0048721303185988996,0.2440694713595307,0.0012019946069913,-0.0036701357116055,-0.9017986146037088,1.8152782358115958e-06
0-2-9-11,2.6666666666666665,0.0021508549288570193,0.0048721303185955,0.2440694713595307,0.0012019946069913,-0.0036701357116016497,-0.901798614603468,1.8152782358415458e-06
2-4-11-13,2.6666666666666665,0.0021508549288568055,0.0048721303185937995,0.2440694713595308,0.0012019946069914,-0.0036701357116015,-0.9017986146034942,1.8152782358382866e-06
3-5-9-15,2.6666666666666665,7.917687520311526e-05,0.00018285116085072997,0.243019614679404,0.0001813399942309,0.0001813399942299,1.0,0.0
3-6-8-13,2.6666666666666665,0.002150854928856895,0.0048721303185941,0.2440694713595323,0.0012019946069915,-0.0036701357116020496,-0.9017986146035447,1.8152782358319862e-06
1-7-8-14,2.6666666666666665,0.002150854928857072,0.0048721303185946,0.2440694713595313,0.0012019946069913,-0.0036701357116022248,-0.9017986146035311,1.8152782358337004e-06
0-5-11-14,2.6666666666666665,0.0021508549288567725,0.0048721303185943,0.2440694713595307,0.0012019946069912,-0.003670135711601575,-0.9017986146035103,1.8152782358362967e-06
0-5-10-15,2.6666666666666665,0.001818483893746509,0.0044412792370178995,0.2443459214918807,0.0014777687222624,0.000318922809234975,0.41953111912806706,0.10573471737870152
6-7-12-13,2.6666666666666665,7.917687520450948e-05,0.00018285116085300546,0.2430196146794078,0.0001813399942338,0.000181339994233075,1.0,0.0
1-7-11-13,2.6666666666666665,7.917687520295858e-05,0.00018285116085043393,0.2430196146794034,0.0001813399942308,0.000181339994229525,1.0,0.0
3-6-9-12,2.6666666666666665,0.0018184838937465092,0.0044412792370181,0.2443459214918814,0.0014777687222626,0.00031892280923455,0.4195311191279695,0.10573471737879128
1-7-10-12,2.6666666666666665,0.0021508549288572804,0.0048721303185959,0.2440694713595312,0.0012019946069914,-0.00367013571160265,-0.9017986146035397,1.8152782358326219e-06
1-6-8-15,2.6666666666666665,0.0021508549288570995,0.0048721303185947995,0.2440694713595312,0.0012019946069913,-0.003670135711602475,-0.9017986146035553,1.8152782358306875e-06
0-6-11-13,2.6666666666666665,0.0021508549288566017,0.0048721303185964,0.2440694713595303,0.0012019946069913,-0.00367013571160085,-0.9017986146034562,1.8152782358430116e-06
0-6-10-12,2.6666666666666665,7.917687520328758e-05,0.0001828511608510519,0.243019614679404,0.0001813399942313,0.000181339994230275,0.9999999999999998,7.135409263138652e-109
3-7-9-13,2.6666666666666665,7.917687520320937e-05,0.00018285116085013035,0.2430196146794045,0.0001813399942308,0.0001813399942301,1.0,0.0
1-6-11-12,2.6666666666666665,0.0018184838937465554,0.004441279237018,0.2443459214918807,0.0014777687222624,0.000318922809235,0.41953111912807073,0.10573471737869826
2-7-9-12,2.6666666666666665,0.002150854928856774,0.0048721303185959,0.2440694713595302,0.0012019946069912,-0.0036701357116017,-0.9017986146035285,1.8152782358340303e-06
2-4-8-14,2.6666666666666665,7.917687520315199e-05,0.0001828511608512523,0.2430196146794047,0.000181339994232,0.000181339994229975,1.0,0.0
0-2-8-10,2.6666666666666665,0.0018184838937468368,0.0044412792370187,0.2443459214918813,0.0014777687222627,0.000318922809235975,0.41953111912826946,0.10573471737851561
0-6-9-15,2.6666666666666665,0.0021508549288570896,0.0048721303185948,0.2440694713595309,0.0012019946069915,-0.0036701357116023002,-0.9017986146035357,1.8152782358331197e-06
0-6-8-14,2.6666666666666665,0.0021508549288582683,0.0048721303185995,0.2440694713595314,0.0012019946069914,-0.0036701357116058,-0.9017986146037309,1.8152782358088315e-06
1-5-11-15,2.6666666666666665,7.917687520337086e-05,0.00018285116085089455,0.2430196146794044,0.0001813399942315,0.000181339994230475,0.9999999999999999,0.0
0-7-10-13,2.6666666666666665,0.0018184838937466107,0.0044412792370183,0.2443459214918813,0.0014777687222626,0.00031892280923467495,0.41953111912799634,0.10573471737876633
4-5-14-15,2.6666666666666665,7.917687520439577e-05,0.00018285116085378118,0.2430196146794077,0.0001813399942346,0.000181339994232825,1.0,0.0
5-7-13-15,2.6666666666666665,0.001818483893746912,0.0044412792370189,0.2443459214918816,0.001477768722263,0.0003189228092373,0.4195311191285592,0.10573471737824992
5-7-12-14,2.6666666666666665,0.002150854928857075,0.0048721303185945,0.2440694713595302,0.0012019946069913,-0.003670135711602475,-0.9017986146035619,1.8152782358298587e-06
1-4-11-14,2.6666666666666665,0.0018184838937465812,0.0044412792370182,0.2443459214918805,0.0014777687222625,0.000318922809235175,0.4195311191281059,0.10573471737866587
1-4-10-15,2.6666666666666665,0.002150854928856936,0.0048721303185952,0.2440694713595308,0.0012019946069911,-0.0036701357116020253,-0.9017986146035355,1.8152782358331466e-06
5-6-12-15,2.6666666666666665,7.917687520419467e-05,0.00018285116085315565,0.2430196146794081,0.0001813399942342,0.00018133999423235002,1.0,0.0
0-7-9-14,2.6666666666666665,0.0021508549288567296,0.0048721303185951,0.2440694713595304,0.0012019946069911,-0.0036701357116015,-0.9017986146035122,1.8152782358360475e-06
4-6-13-15,2.6666666666666665,0.002150854928857151,0.0048721303185962,0.2440694713595304,0.0012019946069911,-0.003670135711602775,-0.9017986146035839,1.8152782358271225e-06
4-6-12-14,2.6666666666666665,0.0018184838937467139,0.0044412792370186,0.244345921491882,0.0014777687222628,0.00031892280923652503,0.41953111912840063,0.10573471737839535
1-3-9-11,2.6666666666666665,0.001818483893746792,0.0044412792370185,0.2443459214918813,0.0014777687222627,0.00031892280923522497,0.41953111912811036,0.10573471737866179
2-7-8-13,2.6666666666666665,0.0018184838937464302,0.0044412792370178995,0.2443459214918821,0.0014777687222624,0.000318922809233375,0.41953111912772145,0.10573471737901866
1-3-8-10,2.6666666666666665,0.0021508549288571485,0.0048721303185951005,0.2440694713595314,0.0012019946069915,-0.0036701357116019745,-0.9017986146034802,1.8152782358400273e-06
2-6-8-12,2.6666666666666665,7.917687520338352e-05,0.00018285116085022045,0.2430196146794054,0.0001813399942311,0.00018133999423050002,1.0,0.0
