non_inertial,cluster_index,bus,row,col,is_gen,is_noninertial,converter_density,dist_to_nearest_ni,local_excess,abs_rocof,worst_window,peak_instant,t_peak
0-10-13-15,3.333333333333333,0,0,0,True,True,1.5428571428571427,0.0,-0.021732611641325405,1.0378851183450966,1.415389587125795,9.106893857041284,0.32593333333333335
0-10-13-15,3.333333333333333,1,0,1,False,False,1.1666666666666667,1.0,0.008486854585674964,1.0680699378689043,1.5054665429217318,10.851912893842396,0.2725
0-10-13-15,3.333333333333333,2,0,2,True,False,1.0666666666666669,2.0,-0.02390184803472071,1.0353976453641025,1.230471676512368,3.328866248311482,0.2925333333333333
0-10-13-15,3.333333333333333,3,0,3,False,False,0.9166666666666666,3.0,-0.02201164803882869,1.0375714352444003,1.4318789859812977,7.476731861202074,0.3493125
0-10-13-15,3.333333333333333,4,1,0,False,False,1.1666666666666667,1.0,0.0019640092988922175,1.0615470925821213,1.4968494921909066,11.468656400335554,0.248
0-10-13-15,3.333333333333333,5,1,1,True,False,1.2,2.0,-0.032686259699810954,1.0266898351771057,1.2015087495119758,3.2599268603273552,0.2736
0-10-13-15,3.333333333333333,6,1,2,False,False,1.25,1.0,-0.026293401919710108,1.0332896813635188,1.321078543675108,9.410882393958758,0.22362500000000002
0-10-13-15,3.333333333333333,7,1,3,True,False,1.0666666666666669,2.0,-0.008282356740841471,1.051128538964837,1.23283502494777,3.5717633521991914,0.2922666666666667
0-10-13-15,3.333333333333333,8,2,0,True,False,1.2,2.0,-0.020938031206896857,1.0383507839553097,1.1982636267975333,3.6659528224756324,0.26713333333333333
0-10-13-15,3.333333333333333,9,2,1,False,False,1.5,1.0,0.025872060670183415,1.0854551439534126,1.46495416880544,11.853923029080596,0.2379375
0-10-13-15,3.333333333333333,10,2,2,True,True,1.8666666666666665,0.0,0.07324971727816929,1.1329873358167057,1.4163438520046918,11.88574957159708,0.1372
0-10-13-15,3.333333333333333,11,2,3,False,False,1.4166666666666663,1.0,0.12728845645059292,1.1868715397338219,1.4949807997684075,13.557612225595378,0.2183125
0-10-13-15,3.333333333333333,12,3,0,False,False,1.25,1.0,0.07405117093187114,1.1336342542151003,1.557886283095694,12.813567883422254,0.2986875
0-10-13-15,3.333333333333333,13,3,1,True,True,1.8666666666666665,0.0,0.09446565574421434,1.1542437477212917,1.4526359632621144,12.79081010211697,0.22766666666666666
0-10-13-15,3.333333333333333,14,3,2,False,False,1.6666666666666663,1.0,0.18463739767690773,1.244220480960137,1.6434660844144937,14.70357022302792,0.182125
0-10-13-15,3.333333333333333,15,3,3,True,True,1.809523809523809,0.0,0.1281134822923057,1.188017825010389,1.525551207375633,13.555582829499816,0.17633333333333334
0-2-10-13,3.0,0,0,0,True,True,1.7333333333333332,0.0,-0.028859092274499773,1.0326024116578685,1.4164953017736617,11.591106891650188,0.22986666666666666
0-2-10-13,3.0,1,0,1,False,False,1.5,1.0,-0.039137733271219215,1.0221711577910657,1.474699897494685,13.411193047737783,0.244375
0-2-10-13,3.0,2,0,2,True,True,1.8666666666666665,0.0,-0.05728080304053731,1.0040658848533217,1.2889049119490292,11.950688394180046,0.17700000000000002
0-2-10-13,3.0,3,0,3,False,False,1.1666666666666667,1.0,-0.08722395866133255,0.9740849324009525,1.4687192127609086,12.657089634908594,0.3331875
0-2-10-13,3.0,4,1,0,False,False,1.25,1.0,0.011468363243598678,1.0727772543058836,1.4487975373477051,12.858849742016028,0.26
0-2-10-13,3.0,5,1,1,True,False,1.3333333333333333,2.0,0.011592031351665314,1.0728847085161723,1.2073007331642915,3.6763700135374298,0.25053333333333333
0-2-10-13,3.0,6,1,2,False,False,1.5,1.0,-0.0587046201173094,1.0026042709449756,1.456213414291034,12.495002769386835,0.19075
0-2-10-13,3.0,7,1,3,True,False,1.0666666666666669,2.0,0.018067682192912823,1.0792728259987443,1.1835163360488727,3.538632365894672,0.312
0-2-10-13,3.0,8,2,0,True,False,1.2,2.0,-0.013379282077568107,1.04780042067458,1.175631307143043,3.5710128227283895,0.3562
0-2-10-13,3.0,9,2,1,False,False,1.5,1.0,-0.08765559234599647,0.9736532987162886,1.413236933077707,11.574252159943383,0.18825
0-2-10-13,3.0,10,2,2,True,True,1.8666666666666665,0.0,-0.04847650568952956,1.0129057386749507,1.3758235389340048,11.907906245724604,0.11553333333333334
0-2-10-13,3.0,11,2,3,False,False,1.1666666666666663,1.0,0.007983191053941553,1.0692920821162266,1.3915472163252047,11.249205952902642,0.238125
0-2-10-13,3.0,12,3,0,False,False,1.1666666666666663,1.0,-0.050779156125474026,1.010529734936811,1.5035266669406815,13.051273800156883,0.3205
0-2-10-13,3.0,13,3,1,True,True,1.7333333333333334,0.0,-0.05208988606989143,1.0092534896927892,1.2936158565862272,11.16353886097469,0.19499999999999998
0-2-10-13,3.0,14,3,2,False,False,1.4166666666666663,1.0,-0.09272262889673688,0.9685862621655481,1.5411336563217386,14.220573292979159,0.246625
0-2-10-13,3.0,15,3,3,True,False,1.0095238095238095,2.0,0.03307397678373702,1.0943349008442234,1.152641234812265,3.1604866526145368,0.2739333333333333
0-2-10-15,3.333333333333333,0,0,0,True,True,1.676190476190476,0.0,-0.06382099797445931,0.9974846267871423,1.4146431075631551,11.264573202096605,0.31379999999999997
0-2-10-15,3.333333333333333,1,0,1,False,False,1.4166666666666667,1.0,-0.04541458896862881,1.0157709984403331,1.499085385059795,13.710682593811514,0.370625
0-2-10-15,3.333333333333333,2,0,2,True,True,1.8666666666666665,0.0,-0.0487995231172935,1.0124044980575158,1.2836897187607685,11.732620175209208,0.18793333333333334
0-2-10-15,3.333333333333333,3,0,3,False,False,1.25,1.0,-0.08904876032353423,0.9721368270854277,1.4597682763919206,12.939060431723446,0.2919375
0-2-10-15,3.333333333333333,4,1,0,False,False,1.1666666666666667,1.0,-0.005359728791953996,1.055825858617008,1.4460994688642046,12.744339435524303,0.3753125
0-2-10-15,3.333333333333333,5,1,1,True,False,1.2,2.0,0.011961670704246852,1.0731433296420119,1.2236473989490841,3.621685734155099,0.265
0-2-10-15,3.333333333333333,6,1,2,False,False,1.5,1.0,-0.04077630427577893,1.020409283133183,1.4413165292475874,12.492028048997748,0.2609375
0-2-10-15,3.333333333333333,7,1,3,True,False,1.2,2.0,0.01737956912136111,1.0784142848941376,1.1681656622706091,3.640646030048923,0.2548666666666667
0-2-10-15,3.333333333333333,8,2,0,True,False,1.0666666666666669,2.0,-0.0003130590339180802,1.0607268179156906,1.2065318932196794,3.210597189845763,0.3738666666666666
0-2-10-15,3.333333333333333,9,2,1,False,False,1.25,1.0,-0.04793429545281496,1.0132512919561472,1.3298176576164003,9.914799912578578,0.2249375
0-2-10-15,3.333333333333333,10,2,2,True,True,1.8666666666666665,0.0,-0.0779532091569464,0.9832891273098648,1.3232910288583042,10.976838660862446,0.20666666666666667
0-2-10-15,3.333333333333333,11,2,3,False,False,1.4166666666666663,1.0,-0.10491320748657905,0.9562723799223829,1.4457975604405835,12.59774753699239,0.2234375
0-2-10-15,3.333333333333333,12,3,0,False,False,0.9166666666666666,3.0,0.030739624385658963,1.0919252117946208,1.4071536494956582,7.425939490839594,0.303375
0-2-10-15,3.333333333333333,13,3,1,True,False,1.0666666666666669,2.0,-0.005780446332524813,1.055349685826863,1.2370388538635,3.320529601058912,0.3758666666666667
0-2-10-15,3.333333333333333,14,3,2,False,False,1.4166666666666663,1.0,-0.10972330890323963,0.9514622785057223,1.463522315526532,12.587960152505577,0.2764375
0-2-10-15,3.333333333333333,15,3,3,True,True,1.6761904761904762,0.0,-0.09166496804680696,0.9696131914469996,1.373787388945167,11.048167538933729,0.2306
0-2-13-15,3.6666666666666665,0,0,0,True,True,1.676190476190476,0.0,-0.008836113017175276,1.0526674471780586,1.447912714952971,12.06176740657489,0.389
0-2-13-15,3.6666666666666665,1,0,1,False,False,1.4166666666666667,1.0,0.0057618516064009435,1.0671276297036627,1.503765409377134,13.908992178794378,0.408125
0-2-13-15,3.6666666666666665,2,0,2,True,True,1.7333333333333332,0.0,-0.044049424322552974,1.017333320636445,1.2973330148672262,10.786904161774837,0.3942
0-2-13-15,3.6666666666666665,3,0,3,False,False,1.1666666666666663,1.0,-0.08325993837307115,0.9781058397241905,1.4831577866029009,13.565829918200699,0.4584375
0-2-13-15,3.6666666666666665,4,1,0,False,False,1.1666666666666667,1.0,0.01732847434706465,1.0786942524443264,1.4599540797204247,12.726450454172394,0.2849375
0-2-13-15,3.6666666666666665,5,1,1,True,False,1.2,2.0,-0.0015526641385590048,1.059790583425771,1.2651594769051324,3.565828137116982,0.3105333333333334
0-2-13-15,3.6666666666666665,6,1,2,False,False,1.25,1.0,-0.06567594873825607,0.9956898293590056,1.3219624139409611,10.224971821506987,0.2923125
0-2-13-15,3.6666666666666665,7,1,3,True,False,1.0666666666666669,2.0,0.0009884022877644607,1.0622495218912162,1.1745878889992256,3.517855689793338,0.277
0-2-13-15,3.6666666666666665,8,2,0,True,False,1.0666666666666669,2.0,0.000988402288061894,1.0622495218913455,1.174587889001845,3.5178556897755655,0.277
0-2-13-15,3.6666666666666665,9,2,1,False,False,1.25,1.0,-0.06567594881941995,0.9956898292778418,1.3219624140971615,10.224971820967923,0.2923125
0-2-13-15,3.6666666666666665,10,2,2,True,False,1.2,2.0,-0.0015526641341264875,1.0597905834302024,1.2651594768840018,3.565828137727221,0.3105333333333334
0-2-13-15,3.6666666666666665,11,2,3,False,False,1.1666666666666663,1.0,0.01732847428217008,1.0786942523794316,1.459954079648702,12.726450454042372,0.2849375
0-2-13-15,3.6666666666666665,12,3,0,False,False,1.1666666666666663,1.0,-0.083259938388103,0.9781058397091587,1.4831577865834384,13.5658299169115,0.4584375
0-2-13-15,3.6666666666666665,13,3,1,True,True,1.7333333333333332,0.0,-0.04404942431297155,1.0173333206460262,1.2973330146144018,10.786904161980127,0.3942
0-2-13-15,3.6666666666666665,14,3,2,False,False,1.4166666666666663,1.0,0.005761851623426767,1.0671276297206886,1.5037654092106458,13.90899218314734,0.408125
0-2-13-15,3.6666666666666665,15,3,3,True,True,1.6761904761904762,0.0,-0.008836113027337647,1.0526674471678965,1.4479127149573923,12.06176740954879,0.389
0-2-5-10,2.333333333333333,0,0,0,True,True,1.8666666666666665,0.0,0.1891036622858379,1.2494062249555304,1.574802463276743,14.637150375009549,0.1862
0-2-5-10,2.333333333333333,1,0,1,False,False,1.75,1.0,0.22175597914409084,1.2817809446223156,1.6514497184520274,15.379796095886917,0.1911875
0-2-5-10,2.333333333333333,2,0,2,True,True,2.0,0.0,0.1235732008003366,1.1837778171954285,1.4130213641997675,13.759809733739843,0.17226666666666668
0-2-5-10,2.333333333333333,3,0,3,False,False,1.25,1.0,0.11178446812885662,1.1718094336070815,1.4557514723005105,12.254688940747762,0.2019375
0-2-5-10,2.333333333333333,4,1,0,False,False,1.5,1.0,0.1864942008665996,1.2465191663448243,1.5281431266484464,14.505110889109764,0.29493749999999996
0-2-5-10,2.333333333333333,5,1,1,True,True,2.0,0.0,0.10594801897601434,1.1661381619679134,1.4249577389756203,15.407532672019755,0.16193333333333335
0-2-5-10,2.333333333333333,6,1,2,False,False,1.75,1.0,0.0475347673454414,1.107559732823666,1.562593399036658,14.842135194830941,0.2141875
0-2-5-10,2.333333333333333,7,1,3,True,False,1.2,2.0,-0.012463216051290239,1.047280457531357,1.2034239882514746,3.704595794168215,0.21159999999999998
0-2-5-10,2.333333333333333,8,2,0,True,False,1.2,2.0,-0.03205459159618949,1.0277640539229567,1.2222876423389257,3.4207874727250505,0.20686666666666664
0-2-5-10,2.333333333333333,9,2,1,False,False,1.5,1.0,-0.019615646303378857,1.040409319174846,1.4497084614959057,12.696487688602742,0.2645
0-2-5-10,2.333333333333333,10,2,2,True,True,1.8666666666666667,0.0,-0.017869881946867776,1.042182595344457,1.388527838378906,12.210462705190539,0.17073333333333332
0-2-5-10,2.333333333333333,11,2,3,False,False,1.1666666666666663,1.0,-0.07422132216939184,0.9858036433088329,1.453647370986455,12.08837525985967,0.28
0-2-5-10,2.333333333333333,12,3,0,False,False,0.9166666666666666,3.0,-0.05148056648284341,1.0085443989953813,1.4614985518458792,8.138965415288029,0.479375
0-2-5-10,2.333333333333333,13,3,1,True,False,1.0666666666666669,2.0,-0.03305630650402598,1.0267424042505657,1.1882553728798828,3.1395046680853107,0.303
0-2-5-10,2.333333333333333,14,3,2,False,False,1.1666666666666663,1.0,-0.07485911629997409,0.9851658491782506,1.4641548982373698,12.02872499296129,0.248625
0-2-5-10,2.333333333333333,15,3,3,True,False,0.8761904761904762,2.0,-0.004801882829392518,1.0550941264133413,1.1316065120310745,3.1603409600617707,0.3536
0-2-5-13,2.6666666666666665,0,0,0,True,True,1.8666666666666665,0.0,0.10102537756199678,1.1616516627723579,1.5362474756176596,13.62280427309265,0.16313333333333332
0-2-5-13,2.6666666666666665,1,0,1,False,False,1.75,1.0,0.16325045866618493,1.2235612456474683,1.651659479658864,14.68955935421279,0.1854375
0-2-5-13,2.6666666666666665,2,0,2,True,True,1.8666666666666665,0.0,0.08605874912200752,1.1465872027308417,1.4432719605325153,12.768461212978593,0.1678
0-2-5-13,2.6666666666666665,3,0,3,False,False,1.1666666666666667,1.0,0.08033547695916896,1.1406462639404524,1.496727192648458,11.952625458665334,0.2010625
0-2-5-13,2.6666666666666665,4,1,0,False,False,1.5,1.0,0.08651862408098525,1.1468294110622685,1.4949086355248324,13.692989637601482,0.25
0-2-5-13,2.6666666666666665,5,1,1,True,True,2.0,0.0,0.0717041582455982,1.1321900838437258,1.4448053870579018,13.272506721880253,0.1236
0-2-5-13,2.6666666666666665,6,1,2,False,False,1.5,1.0,0.028246609089317514,1.088557396070601,1.4803885952677704,12.228556336637821,0.32325
0-2-5-13,2.6666666666666665,7,1,3,True,False,1.0666666666666669,2.0,-0.014700561412120979,1.0453802688053229,1.202947983500316,3.465006836531755,0.2643333333333333
0-2-5-13,2.6666666666666665,8,2,0,True,False,1.2,2.0,-0.04363634518590674,1.0164170687303453,1.1546099130606033,3.6988470579449664,0.21313333333333334
0-2-5-13,2.6666666666666665,9,2,1,False,False,1.5,1.0,0.0045873592591721265,1.0648981462404556,1.4374066907982037,12.124596268498031,0.255875
0-2-5-13,2.6666666666666665,10,2,2,True,False,1.2,2.0,-0.011871889342844172,1.0483098618001483,1.196833877626811,2.959598930455047,0.11273333333333332
0-2-5-13,2.6666666666666665,11,2,3,False,False,0.9166666666666666,3.0,0.060271671775863636,1.1205824587571471,1.3012709167153464,7.704824218085801,0.2745
0-2-5-13,2.6666666666666665,12,3,0,False,False,1.1666666666666663,1.0,-0.05909818303820225,1.001212603943081,1.229832292365219,10.707535169811957,0.2535
0-2-5-13,2.6666666666666665,13,3,1,True,True,1.7333333333333334,0.0,-0.005745440786449638,1.054480940316588,1.1985229560238673,9.71974795293898,0.2414666666666667
0-2-5-13,2.6666666666666665,14,3,2,False,False,1.1666666666666663,1.0,0.009852992988520087,1.0701637799698034,1.272840122427027,10.833551763861646,0.305
0-2-5-13,2.6666666666666665,15,3,3,True,False,0.8761904761904762,2.0,0.00269003153342008,1.0628811665410483,1.1609767458441025,2.987955933994009,0.2782666666666667
0-2-5-15,3.333333333333333,0,0,0,True,True,1.809523809523809,0.0,0.12811348230063935,1.1880178250186728,1.52555120742631,13.55558282953776,0.17633333333333334
0-2-5-15,3.333333333333333,1,0,1,False,False,1.6666666666666667,1.0,0.18463739769231985,1.244220480975502,1.6434660844201223,14.70357022307068,0.182125
0-2-5-15,3.333333333333333,2,0,2,True,True,1.8666666666666665,0.0,0.09446565574992093,1.154243747726948,1.4526359633027464,12.790810101805466,0.22766666666666666
0-2-5-15,3.333333333333333,3,0,3,False,False,1.25,1.0,0.07405117093490607,1.1336342542180884,1.557886283103081,12.813567883498171,0.2986875
0-2-5-15,3.333333333333333,4,1,0,False,False,1.4166666666666667,1.0,0.1272884564434143,1.1868715397265965,1.4949807997890645,13.5576122256008,0.2183125
0-2-5-15,3.333333333333333,5,1,1,True,True,1.8666666666666665,0.0,0.07324971727024024,1.1329873358087268,1.4163438520887763,11.885749571925178,0.1372
0-2-5-15,3.333333333333333,6,1,2,False,False,1.5,1.0,0.025872060647454582,1.0854551439306368,1.4649541685401923,11.853923029161379,0.2379375
0-2-5-15,3.333333333333333,7,1,3,True,False,1.2,2.0,-0.020938031207750375,1.0383507839544182,1.1982636268367024,3.665952822441361,0.26713333333333333
0-2-5-15,3.333333333333333,8,2,0,True,False,1.0666666666666669,2.0,-0.008282356741576277,1.0511285389640428,1.2328350249574886,3.5717633521525367,0.2922666666666667
0-2-5-15,3.333333333333333,9,2,1,False,False,1.25,1.0,-0.026293401913075613,1.0332896813701067,1.3210785437875703,9.410882394173914,0.223625
0-2-5-15,3.333333333333333,10,2,2,True,False,1.2,2.0,-0.03268625970013568,1.026689835176803,1.201508749508743,3.259926860327218,0.2736
0-2-5-15,3.333333333333333,11,2,3,False,False,1.1666666666666663,1.0,0.0019640093216031183,1.0615470926047854,1.4968494922467541,11.468656400462663,0.248
0-2-5-15,3.333333333333333,12,3,0,False,False,0.9166666666666666,3.0,-0.02201164803535781,1.0375714352478245,1.4318789860679966,7.476731861209271,0.3493125
0-2-5-15,3.333333333333333,13,3,1,True,False,1.0666666666666669,2.0,-0.023901848035599547,1.0353976453631397,1.2304716765090336,3.3288662482896982,0.2925333333333333
0-2-5-15,3.333333333333333,14,3,2,False,False,1.1666666666666663,1.0,0.008486854579581711,1.068069937862764,1.5054665430489003,10.851912893894433,0.2725
0-2-5-15,3.333333333333333,15,3,3,True,True,1.542857142857143,0.0,-0.021732611639555168,1.037885118346817,1.4153895872121578,9.106893850292655,0.32593333333333335
0-2-5-7,2.333333333333333,0,0,0,True,True,1.8666666666666665,0.0,0.05159390628164205,1.112212037158295,1.3469872518046613,14.368485124817816,0.24293333333333333
0-2-5-7,2.333333333333333,1,0,1,False,False,1.75,1.0,0.05805019772261982,1.1185445738431246,1.4136115452802784,15.59001860608331,0.241875
0-2-5-7,2.333333333333333,2,0,2,True,True,2.0,0.0,0.08785435328070082,1.1485530510497663,1.3562827187170763,16.53931829999235,0.1434
0-2-5-7,2.333333333333333,3,0,3,False,False,1.5,1.0,0.11451822786688379,1.1750126039873887,1.4482657252923148,15.529091182784517,0.2229375
0-2-5-7,2.333333333333333,4,1,0,False,False,1.5,1.0,0.019420755655911386,1.0799151317764164,1.3234370592880706,13.878046379847989,0.235
0-2-5-7,2.333333333333333,5,1,1,True,True,2.0,0.0,0.03386075303132545,1.0944606026197012,1.3044215327177597,13.742780686386855,0.17046666666666666
0-2-5-7,2.333333333333333,6,1,2,False,False,1.75,1.0,0.08967342418582737,1.1501678003063323,1.491401823546511,13.880061294162468,0.2839375
0-2-5-7,2.333333333333333,7,1,3,True,True,1.8666666666666667,0.0,0.10189392351499506,1.1625545893138391,1.3720688735007571,15.002478944840666,0.23093333333333332
0-2-5-7,2.333333333333333,8,2,0,True,False,1.0666666666666669,2.0,-0.004377040945462394,1.0559319056103402,1.1839835781805184,3.4563953303981862,0.22673333333333334
0-2-5-7,2.333333333333333,9,2,1,False,False,1.25,1.0,-0.04647527246828641,1.0140191036522186,1.2995480148256828,9.485289311832455,0.19287500000000002
0-2-5-7,2.333333333333333,10,2,2,True,False,1.2,2.0,0.05085295951606276,1.1114934483752659,1.2635173051981132,4.033079883778121,0.2832
0-2-5-7,2.333333333333333,11,2,3,False,False,1.1666666666666663,1.0,0.059758181963409374,1.1202525580839142,1.3028439829193965,11.302074602445675,0.28918750000000004
0-2-5-7,2.333333333333333,12,3,0,False,False,0.8333333333333333,3.0,-0.021207638270813935,1.0392867378496908,1.420508867610376,7.007002484235133,0.211875
0-2-5-7,2.333333333333333,13,3,1,True,False,0.9333333333333332,2.0,-0.11260881138540954,0.9474645449239845,1.2826657793404053,3.1372617209344122,0.2722
0-2-5-7,2.333333333333333,14,3,2,False,False,0.9166666666666666,3.0,0.049131075895558235,1.109625452016063,1.2959889998209042,7.557372775788025,0.3443125
0-2-5-7,2.333333333333333,15,3,3,True,False,0.8761904761904762,2.0,-0.01886052849217631,1.0413433429417993,1.2014714164712446,2.866682959676491,0.2764
0-2-5-8,2.333333333333333,0,0,0,True,True,2.0,0.0,0.07031597024344201,1.1321902353621034,1.3460508733562182,15.544928281878846,0.18033333333333335
0-2-5-8,2.333333333333333,1,0,1,False,False,1.75,1.0,0.0936472473268063,1.1554734878263555,1.3213862602719466,15.853341394818626,0.2493125
0-2-5-8,2.333333333333333,2,0,2,True,True,1.8666666666666665,0.0,0.06908422773655674,1.1309683003602065,1.2728233620391542,13.900191612720146,0.2246
0-2-5-8,2.333333333333333,3,0,3,False,False,1.1666666666666667,1.0,0.07720657477951469,1.1390328152790639,1.3834993771809148,12.932719425237158,0.29181250000000003
0-2-5-8,2.333333333333333,4,1,0,False,False,1.75,1.0,0.09364724732933823,1.1554734878288873,1.321386260180046,15.85334139907964,0.2493125
0-2-5-8,2.333333333333333,5,1,1,True,True,2.0,0.0,0.05113767534194676,1.1130221465440162,1.312807739590997,14.489177297557323,0.1812
0-2-5-8,2.333333333333333,6,1,2,False,False,1.5,1.0,0.003548992556214761,1.065375233055764,1.433728917660208,12.439321549218842,0.3229375
0-2-5-8,2.333333333333333,7,1,3,True,False,1.0666666666666669,2.0,-0.0022086911031114257,1.0594969203215037,1.158814259273479,3.5931132107979185,0.23113333333333333
0-2-5-8,2.333333333333333,8,2,0,True,True,1.8666666666666667,0.0,0.06908422773612585,1.130968300359776,1.2728233620294096,13.900191610588026,0.22460000000000002
0-2-5-8,2.333333333333333,9,2,1,False,False,1.5,1.0,0.003548992542591913,1.065375233042141,1.4337289177459276,12.439321564004546,0.3229375
0-2-5-8,2.333333333333333,10,2,2,True,False,1.2,2.0,-0.007337421240881185,1.0544932897679264,1.1512805078635961,3.023104673865901,0.2442
0-2-5-8,2.333333333333333,11,2,3,False,False,0.9166666666666666,3.0,0.015186471979437066,1.0770127124789861,1.2923534659963782,7.796070324567673,0.4175
0-2-5-8,2.333333333333333,12,3,0,False,False,1.1666666666666663,1.0,0.07720657478556554,1.1390328152851148,1.3834993771783664,12.932719424933998,0.29181250000000003
0-2-5-8,2.333333333333333,13,3,1,True,False,1.0666666666666669,2.0,-0.0022086911083524455,1.0594969203162636,1.15881425924019,3.5931132108053663,0.23113333333333333
0-2-5-8,2.333333333333333,14,3,2,False,False,0.9166666666666666,3.0,0.015186472092642539,1.0770127125921918,1.292353466050063,7.796070316471644,0.41750000000000004
0-2-5-8,2.333333333333333,15,3,3,True,False,0.7428571428571429,4.0,-0.07228808782541227,0.9894866583846347,1.1091762392554014,3.062476147872038,0.21046666666666666
0-2-7-10,2.6666666666666665,0,0,0,True,True,1.7333333333333332,0.0,0.033695906308925716,1.0939846900080952,1.4214697773460225,11.749923730869662,0.3154666666666667
0-2-7-10,2.6666666666666665,1,0,1,False,False,1.5,1.0,0.1311556226688939,1.1913240243456018,1.5133557449085977,14.181206387531242,0.2950625
0-2-7-10,2.6666666666666665,2,0,2,True,True,2.0,0.0,0.17862543108085605,1.238997337256771,1.4509119611980617,15.800000895102377,0.2046
0-2-7-10,2.6666666666666665,3,0,3,False,False,1.5,1.0,0.36561595930539964,1.4257843609821075,1.6764448014205173,14.834520348343286,0.2148125
0-2-7-10,2.6666666666666665,4,1,0,False,False,1.25,1.0,0.035182022462206336,1.095350424138914,1.4487711401045544,13.116259255265158,0.310875
0-2-7-10,2.6666666666666665,5,1,1,True,False,1.3333333333333333,2.0,0.0024202823288930714,1.0624942602076122,1.2346523146894002,4.139085233380282,0.30619999999999997
0-2-7-10,2.6666666666666665,6,1,2,False,False,1.75,1.0,0.08597578954216771,1.1461441912188755,1.532757705097399,13.971901363937588,0.2650625
0-2-7-10,2.6666666666666665,7,1,3,True,True,1.8666666666666665,0.0,0.13751059472738272,1.1978686503524,1.4135823798030083,15.576973326081097,0.21513333333333332
0-2-7-10,2.6666666666666665,8,2,0,True,False,1.0666666666666669,2.0,-0.041743861855113897,1.0181054118934967,1.2135560034201438,3.1333078385491078,0.2643333333333333
0-2-7-10,2.6666666666666665,9,2,1,False,False,1.25,1.0,-0.07765588312144428,0.9825125185552637,1.2965186960128017,9.401887281848394,0.2204375
0-2-7-10,2.6666666666666665,10,2,2,True,True,1.8666666666666667,0.0,-0.0031178900955067925,1.0571226254127908,1.3576844747535375,12.539109443871261,0.24806666666666669
0-2-7-10,2.6666666666666665,11,2,3,False,False,1.4166666666666663,1.0,0.0037190846491883256,1.0638874863258962,1.5653852219725093,15.14353932006238,0.2615625
0-2-7-10,2.6666666666666665,12,3,0,False,False,0.8333333333333333,3.0,-0.07075805325591254,0.9894103484207952,1.4662534288654192,7.802313482619176,0.4406875
0-2-7-10,2.6666666666666665,13,3,1,True,False,0.9333333333333332,2.0,-0.08517581903488522,0.9748271850707222,1.22477701047877,3.214075758995928,0.3312666666666667
0-2-7-10,2.6666666666666665,14,3,2,False,False,1.1666666666666663,1.0,-0.020872519683402535,1.0392958819933054,1.4114160873624937,11.543491431977493,0.335
0-2-7-10,2.6666666666666665,15,3,3,True,False,1.0095238095238095,2.0,0.015434156522708863,1.0753878911945562,1.178755131550759,3.1811486854603013,0.18986666666666666
0-2-7-13,3.333333333333333,0,0,0,True,True,1.7333333333333332,0.0,0.0782437690627021,1.1388075443608232,1.4367995808925549,11.64403312624862,0.272
0-2-7-13,3.333333333333333,1,0,1,False,False,1.5,1.0,0.16218572019260183,1.2225645357944217,1.5688517570223584,13.77287013597928,0.3078125
0-2-7-13,3.333333333333333,2,0,2,True,True,1.8666666666666665,0.0,0.11396580284973594,1.174631445067854,1.4820364832997286,14.242055258895679,0.21973333333333336
0-2-7-13,3.333333333333333,3,0,3,False,False,1.4166666666666667,1.0,0.18146679362290982,1.2418456092247296,1.7009916278986887,13.95725857554898,0.26425
0-2-7-13,3.333333333333333,4,1,0,False,False,1.25,1.0,0.045519897313946574,1.1058987129157662,1.408150186698561,12.528649439693883,0.3014375
0-2-7-13,3.333333333333333,5,1,1,True,False,1.3333333333333333,2.0,-0.020329462672742684,1.039927072374674,1.2600522267647674,3.8658689878780845,0.2636
0-2-7-13,3.333333333333333,6,1,2,False,False,1.5,1.0,0.04286575016161272,1.1032445657634324,1.435479527505349,11.761086667959805,0.350625
0-2-7-13,3.333333333333333,7,1,3,True,True,1.7333333333333332,0.0,0.09315746431011503,1.1537390134935066,1.438224935860486,13.731175917983887,0.3256
0-2-7-13,3.333333333333333,8,2,0,True,False,1.0666666666666669,2.0,-0.07394586005957257,0.9861689134997346,1.2409954931026437,3.514403617361977,0.2800666666666667
0-2-7-13,3.333333333333333,9,2,1,False,False,1.25,1.0,-0.07646995655843351,0.9839088590433862,1.304011274224403,9.658539010095211,0.221875
0-2-7-13,3.333333333333333,10,2,2,True,False,1.2,2.0,0.0080289406151523,1.0682986674462813,1.222540166322531,3.367756283115065,0.27040000000000003
0-2-7-13,3.333333333333333,11,2,3,False,False,1.1666666666666663,1.0,0.08511017041836139,1.1454889860201811,1.3189882715590728,11.654789852084635,0.343125
0-2-7-13,3.333333333333333,12,3,0,False,False,1.0833333333333333,1.0,-0.053824654273663244,1.0065541613281566,1.3122306737873468,11.047848988642505,0.421
0-2-7-13,3.333333333333333,13,3,1,True,True,1.6,0.0,-0.022962738222428912,1.037287701275926,1.2320580160980583,8.465041710429686,0.4256
0-2-7-13,3.333333333333333,14,3,2,False,False,1.1666666666666663,1.0,0.05662010045235503,1.116998916054175,1.2904798771778578,11.162773135429383,0.3938125
0-2-7-13,3.333333333333333,15,3,3,True,False,1.0095238095238095,2.0,0.010119308321627928,1.070325605404038,1.1743915583128632,3.0097280531663637,0.3380666666666666
0-2-7-15,3.333333333333333,0,0,0,True,True,1.676190476190476,0.0,0.04645646470048859,1.1064764746335183,1.4535637496353466,12.065545471184604,0.28833333333333333
0-2-7-15,3.333333333333333,1,0,1,False,False,1.4166666666666667,1.0,0.13746441768138576,1.1973435181317063,1.5649582679384357,14.182767675861719,0.3281875
0-2-7-15,3.333333333333333,2,0,2,True,True,1.8666666666666665,0.0,0.1326100532049695,1.1926932793399427,1.473798166075133,15.148592046907263,0.21546666666666667
0-2-7-15,3.333333333333333,3,0,3,False,False,1.5,1.0,0.24229795412613242,1.302177054576453,1.7494641160285807,14.499744285408214,0.2204375
0-2-7-15,3.333333333333333,4,1,0,False,False,1.1666666666666667,1.0,0.0403889659595059,1.1002680664098263,1.4369083627677741,12.551431890173811,0.3303125
0-2-7-15,3.333333333333333,5,1,1,True,False,1.2,2.0,-0.00844397496513124,1.051230832684409,1.251542382450943,3.6616697381880603,0.15886666666666666
0-2-7-15,3.333333333333333,6,1,2,False,False,1.5,1.0,0.06740219387805925,1.1272812943283799,1.4527476346550106,11.938507279451573,0.2176875
0-2-7-15,3.333333333333333,7,1,3,True,True,1.8666666666666665,0.0,0.13261005337914022,1.1926932795141136,1.473798166117855,15.148592044357857,0.21546666666666667
0-2-7-15,3.333333333333333,8,2,0,True,False,0.9333333333333332,2.0,-0.07372251416729131,0.9859232281147725,1.261635269587625,3.3394511172051,0.3131333333333333
0-2-7-15,3.333333333333333,9,2,1,False,False,1.0,3.0,-0.05198752928625247,1.007891571164068,1.200030938512551,6.526769535976226,0.20875
0-2-7-15,3.333333333333333,10,2,2,True,False,1.2,2.0,-0.008443974963421894,1.0512308326865694,1.2515423824666023,3.6616697383660584,0.15886666666666666
0-2-7-15,3.333333333333333,11,2,3,False,False,1.4166666666666663,1.0,0.13746441798237113,1.1973435184326915,1.5649582679735374,14.182767677062502,0.3281875
0-2-7-15,3.333333333333333,12,3,0,False,False,0.8333333333333333,3.0,-0.06971226560100398,0.9901668348493164,1.453588720594258,7.444821209303456,0.3153125
0-2-7-15,3.333333333333333,13,3,1,True,False,0.9333333333333332,2.0,-0.07372251421704773,0.9859232280650244,1.2616352696348947,3.339451117143111,0.3131333333333333
0-2-7-15,3.333333333333333,14,3,2,False,False,1.1666666666666663,1.0,0.04038896617479751,1.1002680666251181,1.4369083627767216,12.551431890271697,0.3303125
0-2-7-15,3.333333333333333,15,3,3,True,True,1.6761904761904762,0.0,0.04645646490590227,1.1064764748389317,1.4535637497536316,12.065545472659677,0.28833333333333333
0-2-7-8,3.0,0,0,0,True,True,1.8666666666666665,0.0,-0.01966826773020452,1.0411402326703831,1.438618372896503,13.570447807870163,0.20233333333333334
0-2-7-8,3.0,1,0,1,False,False,1.5,1.0,0.0705323769205224,1.1312509503775847,1.4969910905695798,14.971000483799283,0.217
0-2-7-8,3.0,2,0,2,True,True,1.8666666666666665,0.0,0.10415347567103911,1.16511104770924,1.4564025407309968,14.510239070242475,0.20653333333333332
0-2-7-8,3.0,3,0,3,False,False,1.4166666666666667,1.0,0.2230221019891558,1.283740675446218,1.676720986480072,13.490984160245844,0.20625
0-2-7-8,3.0,4,1,0,False,False,1.5,1.0,-0.047703246911043815,1.0130153265460182,1.4092318240417758,14.113731074652504,0.2688125
0-2-7-8,3.0,5,1,1,True,False,1.3333333333333333,2.0,0.01153514580969977,1.072078198900152,1.2207032130007618,3.994518829510382,0.3303333333333333
0-2-7-8,3.0,6,1,2,False,False,1.5,1.0,0.04985883245102952,1.1105774059080915,1.4266895576509269,11.56580311848369,0.2796875
0-2-7-8,3.0,7,1,3,True,True,1.7333333333333332,0.0,0.11259501341843753,1.1735258262067487,1.4552283254028522,13.473414162669863,0.22146666666666667
0-2-7-8,3.0,8,2,0,True,True,1.7333333333333334,0.0,-0.09883887065288112,0.9618041704361738,1.2738403284880857,10.439394615493471,0.2018
0-2-7-8,3.0,9,2,1,False,False,1.25,1.0,-0.11425813572481108,0.946460437732251,1.3248172863781318,9.84441310403275,0.2409375
0-2-7-8,3.0,10,2,2,True,False,1.2,2.0,-0.004304795916687586,1.0562529466587751,1.2332104559679589,3.056003745577146,0.23393333333333333
0-2-7-8,3.0,11,2,3,False,False,1.1666666666666663,1.0,0.07321418276437956,1.1339327562214419,1.3047980970293986,11.039062059410648,0.333125
0-2-7-8,3.0,12,3,0,False,False,1.0833333333333333,1.0,-0.14158482006120962,0.9191337533958525,1.4829437887708905,12.799044761345902,0.29793749999999997
0-2-7-8,3.0,13,3,1,True,False,0.9333333333333332,2.0,-0.06838471336293507,0.9921330573587082,1.2348788984477634,3.526367287201938,0.3028666666666667
0-2-7-8,3.0,14,3,2,False,False,0.9166666666666666,3.0,0.048476930750007585,1.1091955042070696,1.292497843316728,7.2766140283420775,0.34175
0-2-7-8,3.0,15,3,3,True,False,0.8761904761904762,2.0,0.0026400682291740805,1.0632974313099461,1.1252652638684644,2.8733671662980678,0.3287333333333333
0-2-8-10,2.6666666666666665,0,0,0,True,True,1.8666666666666665,0.0,-0.12149581326296878,0.9398816459267916,1.4629652991275122,13.34559486973115,0.25379999999999997
0-2-8-10,2.6666666666666665,1,0,1,False,False,1.5,1.0,-0.08998658320891778,0.9712724000606983,1.4435623611959363,14.21057676138756,0.2025
0-2-8-10,2.6666666666666665,2,0,2,True,True,1.8666666666666665,0.0,-0.09288076009936412,0.968430402094018,1.3041825038733028,12.34614159618139,0.23720000000000002
0-2-8-10,2.6666666666666665,3,0,3,False,False,1.1666666666666663,1.0,-0.12262220199090627,0.9386367812787098,1.451656361484815,13.213219077922474,0.3041875
0-2-8-10,2.6666666666666665,4,1,0,False,False,1.5,1.0,-0.08998658320899172,0.9712724000606243,1.4435623611940853,14.210576761388351,0.2025
0-2-8-10,2.6666666666666665,5,1,1,True,False,1.3333333333333333,2.0,0.050904135430337796,1.1120978944916757,1.1948386098446795,3.970687736577574,0.24406666666666668
0-2-8-10,2.6666666666666665,6,1,2,False,False,1.5,1.0,-0.07669770505356804,0.984561278216048,1.4539204487381479,13.178193571161422,0.245
0-2-8-10,2.6666666666666665,7,1,3,True,False,1.0666666666666669,2.0,-0.0014892843979688343,1.0596201711417337,1.1873369065887343,3.5042369241664812,0.2607333333333333
0-2-8-10,2.6666666666666665,8,2,0,True,True,1.8666666666666665,0.0,-0.09288076009943262,0.9684304020939495,1.3041825038721429,12.346141596180804,0.23720000000000002
0-2-8-10,2.6666666666666665,9,2,1,False,False,1.5,1.0,-0.07669770505375707,0.984561278215859,1.453920448739031,13.1781935711611,0.245
0-2-8-10,2.6666666666666665,10,2,2,True,True,1.8666666666666667,0.0,-0.07490946142240706,0.9864127355718773,1.2980680397589233,9.815013369393936,0.06739999999999999
0-2-8-10,2.6666666666666665,11,2,3,False,False,1.1666666666666663,1.0,-0.07874315567163187,0.9825158275979842,1.414793352326365,11.329123905577418,0.228375
0-2-8-10,2.6666666666666665,12,3,0,False,False,1.1666666666666663,1.0,-0.1226222019909434,0.9386367812786727,1.4516563614890416,13.213219077875896,0.3041875
0-2-8-10,2.6666666666666665,13,3,1,True,False,1.0666666666666669,2.0,-0.0014892843979696462,1.0596201711417317,1.1873369065878845,3.5042369241678615,0.2607333333333333
0-2-8-10,2.6666666666666665,14,3,2,False,False,1.1666666666666663,1.0,-0.07874315567149551,0.9825158275981205,1.4147933523266298,11.329123905578804,0.228375
0-2-8-10,2.6666666666666665,15,3,3,True,False,0.8761904761904762,2.0,0.01986653740884937,1.081134428726574,1.132083814206603,3.01970374793888,0.31473333333333336
0-2-8-13,3.0,0,0,0,True,True,1.8666666666666665,0.0,-0.019668267737322817,1.0411402326633024,1.4386183728905138,13.57044780518734,0.20233333333333334
0-2-8-13,3.0,1,0,1,False,False,1.5,1.0,-0.047703246911430665,1.0130153265456667,1.4092318240206707,14.113731072678753,0.2688125
0-2-8-13,3.0,2,0,2,True,True,1.7333333333333332,0.0,-0.09883887065390581,0.9618041704351867,1.2738403284849134,10.439394615497156,0.2018
0-2-8-13,3.0,3,0,3,False,False,1.0833333333333333,1.0,-0.14158482005666811,0.9191337534004294,1.4829437887690515,12.79904476134122,0.2979375
0-2-8-13,3.0,4,1,0,False,False,1.5,1.0,0.07053237690461749,1.131250950361715,1.4969910905224726,14.971000482200745,0.217
0-2-8-13,3.0,5,1,1,True,False,1.3333333333333333,2.0,0.011535145815541646,1.0720781989060317,1.2207032130015978,3.9945188296118608,0.3303333333333333
0-2-8-13,3.0,6,1,2,False,False,1.25,1.0,-0.1142581357682497,0.9464604376888477,1.3248172863995542,9.844413104005056,0.2409375
0-2-8-13,3.0,7,1,3,True,False,0.9333333333333332,2.0,-0.06838471336319993,0.9921330573584408,1.2348788984471055,3.526367287200915,0.3028666666666667
0-2-8-13,3.0,8,2,0,True,True,1.8666666666666665,0.0,0.10415347566523797,1.1651110477034767,1.4564025407223755,14.510239070630185,0.20653333333333332
0-2-8-13,3.0,9,2,1,False,False,1.5,1.0,0.049858832450624696,1.1105774059077222,1.4266895576566285,11.565803118591909,0.27968750000000003
0-2-8-13,3.0,10,2,2,True,False,1.2,2.0,-0.0043047959169113265,1.0562529466585882,1.233210455964529,3.056003745544881,0.23393333333333335
0-2-8-13,3.0,11,2,3,False,False,0.9166666666666666,3.0,0.04847693078405899,1.1091955042411565,1.292497843343559,7.276614028302807,0.34175
0-2-8-13,3.0,12,3,0,False,False,1.4166666666666663,1.0,0.22302210199290562,1.283740675450003,1.6767209864824115,13.490984160281716,0.20625
0-2-8-13,3.0,13,3,1,True,True,1.7333333333333334,0.0,0.11259501342202737,1.1735258262103765,1.4552283254186866,13.473414162496892,0.22146666666666667
0-2-8-13,3.0,14,3,2,False,False,1.1666666666666663,1.0,0.0732141827705907,1.1339327562276882,1.304798097093285,11.039062059404172,0.333125
0-2-8-13,3.0,15,3,3,True,False,0.8761904761904762,2.0,0.0026400682275759006,1.0632974313083858,1.1252652638759018,2.8733671663202633,0.3287333333333333
0-2-8-15,3.6666666666666665,0,0,0,True,True,1.809523809523809,0.0,-0.06702992082330773,0.9938147071927185,1.4876566195049359,13.75666332387909,0.25893333333333335
0-2-8-15,3.6666666666666665,1,0,1,False,False,1.4166666666666667,1.0,-0.03612318284168108,1.0245614799020983,1.4706991926882638,14.565092169381,0.28425
0-2-8-15,3.6666666666666665,2,0,2,True,True,1.7333333333333332,0.0,-0.0804824349513904,0.9802557089770598,1.2770964072813378,10.689190304217336,0.20066666666666666
0-2-8-15,3.6666666666666665,3,0,3,False,False,1.1666666666666663,1.0,-0.12991389134404582,0.9307707713997336,1.4633649208124297,13.418647919410478,0.2979375
0-2-8-15,3.6666666666666665,4,1,0,False,False,1.4166666666666667,1.0,-0.03612318276102316,1.0245614799827563,1.470699192659914,14.56509217204276,0.28425
0-2-8-15,3.6666666666666665,5,1,1,True,False,1.2,2.0,0.05660410260540017,1.1172593805232636,1.2725563986182826,3.735614880174274,0.14273333333333332
0-2-8-15,3.6666666666666665,6,1,2,False,False,1.25,1.0,-0.07394594195598668,0.9867387207877929,1.3008921272559995,9.754431373396416,0.1804375
0-2-8-15,3.6666666666666665,7,1,3,True,False,1.0666666666666669,2.0,-0.015651700789582793,1.0448742779057505,1.1913885013510255,3.45367759032904,0.3287333333333333
0-2-8-15,3.6666666666666665,8,2,0,True,True,1.7333333333333332,0.0,-0.08048243491911511,0.9802557090093351,1.2770964072637723,10.689190302847434,0.20066666666666666
0-2-8-15,3.6666666666666665,9,2,1,False,False,1.25,1.0,-0.0739459422060347,0.9867387205377447,1.3008921272032783,9.75443137377167,0.1804375
0-2-8-15,3.6666666666666665,10,2,2,True,False,1.2,2.0,-0.01796395546526464,1.0425524562542245,1.2261449643513613,3.0757489071506847,0.23086666666666666
0-2-8-15,3.6666666666666665,11,2,3,False,False,1.1666666666666663,1.0,0.05701689370635955,1.1177015564501391,1.5173043245638023,11.314086600182105,0.2931875
0-2-8-15,3.6666666666666665,12,3,0,False,False,1.1666666666666663,1.0,-0.12991389129357095,0.9307707714502085,1.4633649206599315,13.418647920484352,0.2979375
0-2-8-15,3.6666666666666665,13,3,1,True,False,1.0666666666666669,2.0,-0.01565170079957652,1.0448742778957982,1.191388501335306,3.4536775908873856,0.3287333333333333
0-2-8-15,3.6666666666666665,14,3,2,False,False,1.1666666666666663,1.0,0.05701689395710763,1.117701556700887,1.5173043248407052,11.31408659892316,0.2931875
0-2-8-15,3.6666666666666665,15,3,3,True,True,1.542857142857143,0.0,0.04544513298898312,1.1062671576202838,1.4367863771611211,9.239661980717667,0.2346
0-5-10-13,2.6666666666666665,0,0,0,True,True,1.7333333333333332,0.0,-0.12729164000465085,0.9335480680674305,1.438213266807991,12.219816841163665,0.22333333333333333
0-5-10-13,2.6666666666666665,1,0,1,False,False,1.5,1.0,-0.13425695494856804,0.9264124378840479,1.501486668473426,13.579098783643586,0.2435
0-5-10-13,2.6666666666666665,2,0,2,True,False,1.2,2.0,0.022216488002756073,1.0827625897674855,1.1830374085138091,3.1924468785378024,0.2574666666666667
0-5-10-13,2.6666666666666665,3,0,3,False,False,0.9166666666666666,3.0,0.05131796538661546,1.1119873582192314,1.4002261306189683,7.977648162651091,0.324125
0-5-10-13,2.6666666666666665,4,1,0,False,False,1.5,1.0,-0.12917289532863271,0.9314964975039832,1.4722714957958172,13.378765300862996,0.2255625
0-5-10-13,2.6666666666666665,5,1,1,True,True,2.0,0.0,-0.12235329005206026,0.9384177218255786,1.4132831480674253,13.642587039047886,0.13266666666666665
0-5-10-13,2.6666666666666665,6,1,2,False,False,1.5,1.0,-0.0871514411491106,0.9735179516835053,1.479603142820946,12.64057559758611,0.1733125
0-5-10-13,2.6666666666666665,7,1,3,True,False,1.0666666666666669,2.0,-0.0035371640384074263,1.0569882014946292,1.1878231774606087,3.014206229704653,0.25053333333333333
0-5-10-13,2.6666666666666665,8,2,0,True,False,1.3333333333333333,2.0,0.03977495148066132,1.1002432553478083,1.1469841972698978,3.6889301422961993,0.1914
0-5-10-13,2.6666666666666665,9,2,1,False,False,1.75,1.0,-0.1221795509544084,0.9384898418782076,1.5732318973197021,14.326254069686394,0.182125
0-5-10-13,2.6666666666666665,10,2,2,True,True,1.8666666666666665,0.0,-0.09277147929712574,0.9679627379629775,1.4504884179220334,14.278008567918375,0.19833333333333333
0-5-10-13,2.6666666666666665,11,2,3,False,False,1.1666666666666663,1.0,-0.027897434845977183,1.0327719579866388,1.410250302477753,11.536932479103982,0.249875
0-5-10-13,2.6666666666666665,12,3,0,False,False,1.25,1.0,-0.0874801482345713,0.9731892445980446,1.491018713057592,13.457836817395632,0.3123125
0-5-10-13,2.6666666666666665,13,3,1,True,True,1.8666666666666667,0.0,-0.09742476775233373,0.9633046348113368,1.32680963161044,11.920083893826519,0.2803333333333333
0-5-10-13,2.6666666666666665,14,3,2,False,False,1.4166666666666663,1.0,-0.15606120585183286,0.904608186980783,1.6193627631264813,14.857297824474857,0.20325000000000001
0-5-10-13,2.6666666666666665,15,3,3,True,False,1.0095238095238095,2.0,0.05391140595094573,1.1144789867652598,1.1514916374925037,3.2069237100206394,0.2305333333333333
0-5-10-15,3.333333333333333,0,0,0,True,True,1.676190476190476,0.0,-0.13970307301781232,0.9204786278977523,1.4510924739468851,12.548844605328656,0.311
0-5-10-15,3.333333333333333,1,0,1,False,False,1.4166666666666667,1.0,-0.1392897108811531,0.9207107840036097,1.500521957831028,13.787398644102566,0.2604375
0-5-10-15,3.333333333333333,2,0,2,True,False,1.2,2.0,0.012319171485926012,1.0721238713282069,1.2202323505875563,3.3228707226217806,0.3182
0-5-10-15,3.333333333333333,3,0,3,False,False,1.0,3.0,0.05769457018348407,1.1176950650682471,1.4190473149438592,7.785104723260705,0.176375
0-5-10-15,3.333333333333333,4,1,0,False,False,1.4166666666666667,1.0,-0.13928971088800188,0.920710783996761,1.5005219579820481,13.787398644090663,0.2604375
0-5-10-15,3.333333333333333,5,1,1,True,True,1.8666666666666665,0.0,-0.0873552191673257,0.9727339747193823,1.4179090963954237,13.137566366766357,0.22546666666666668
0-5-10-15,3.333333333333333,6,1,2,False,False,1.5,1.0,-0.02992436582922284,1.03007612905554,1.4463369826166361,12.58256110248261,0.1563125
0-5-10-15,3.333333333333333,7,1,3,True,False,1.2,2.0,0.012319171486060591,1.072123871328341,1.2202323505880641,3.3228707226162038,0.3182
0-5-10-15,3.333333333333333,8,2,0,True,False,1.2,2.0,0.012319171487586659,1.0721238713298673,1.2202323506117183,3.322870722618356,0.31820000000000004
0-5-10-15,3.333333333333333,9,2,1,False,False,1.5,1.0,-0.0299243658227079,1.030076129062055,1.4463369826308232,12.582561102454191,0.1563125
0-5-10-15,3.333333333333333,10,2,2,True,True,1.8666666666666665,0.0,-0.08735521920146816,0.9727339746852918,1.4179090964596477,13.137566366965725,0.22546666666666668
0-5-10-15,3.333333333333333,11,2,3,False,False,1.4166666666666663,1.0,-0.13928971088863296,0.9207107839961299,1.5005219578308762,13.787398646105625,0.2604375
0-5-10-15,3.333333333333333,12,3,0,False,False,1.0,3.0,0.05769457016709949,1.1176950650518624,1.419047315417913,7.785104723255256,0.176375
0-5-10-15,3.333333333333333,13,3,1,True,False,1.2,2.0,0.012319171487655878,1.0721238713299368,1.2202323506124833,3.3228707226188114,0.31820000000000004
0-5-10-15,3.333333333333333,14,3,2,False,False,1.4166666666666663,1.0,-0.1392897108949597,0.9207107839898031,1.5005219579816502,13.787398646109342,0.2604375
0-5-10-15,3.333333333333333,15,3,3,True,True,1.6761904761904762,0.0,-0.1397030730170884,0.920478627898476,1.4510924739418873,12.548844605443445,0.311
0-5-13-15,3.333333333333333,0,0,0,True,True,1.676190476190476,0.0,-0.09166496799068215,0.9696131915020694,1.3737873889050782,11.048167540228736,0.2306
0-5-13-15,3.333333333333333,1,0,1,False,False,1.4166666666666667,1.0,-0.10972330866826292,0.9514622787397098,1.4635223153320485,12.587960153273622,0.2764375
0-5-13-15,3.333333333333333,2,0,2,True,False,1.0666666666666669,2.0,-0.0057804463368899385,1.0553496858214335,1.2370388538907997,3.320529600930801,0.3758666666666667
0-5-13-15,3.333333333333333,3,0,3,False,False,0.9166666666666666,3.0,0.030739624383946215,1.091925211791919,1.407153648320152,7.425939490945127,0.303375
0-5-13-15,3.333333333333333,4,1,0,False,False,1.4166666666666667,1.0,-0.10491320765056322,0.9562723797574094,1.445797560248319,12.597747553008375,0.2234375
0-5-13-15,3.333333333333333,5,1,1,True,True,1.8666666666666665,0.0,-0.0779532092194085,0.9832891272463475,1.3232910289662285,10.976838662995096,0.20666666666666667
0-5-13-15,3.333333333333333,6,1,2,False,False,1.25,1.0,-0.04793429578925939,1.0132512916187135,1.3298176579401475,9.914799910290085,0.2249375
0-5-13-15,3.333333333333333,7,1,3,True,False,1.0666666666666669,2.0,-0.000313059021380598,1.0607268179272926,1.2065318932452878,3.2105971904584547,0.3738666666666666
0-5-13-15,3.333333333333333,8,2,0,True,False,1.2,2.0,0.01737956911887051,1.078414284890856,1.1681656622583538,3.6406460299794,0.2548666666666667
0-5-13-15,3.333333333333333,9,2,1,False,False,1.5,1.0,-0.04077630412671583,1.0204092832812568,1.4413165285402398,12.492028021433674,0.2609375
0-5-13-15,3.333333333333333,10,2,2,True,False,1.2,2.0,0.01196167071448853,1.0731433296511985,1.223647398951368,3.6216857343263795,0.265
0-5-13-15,3.333333333333333,11,2,3,False,False,1.1666666666666663,1.0,-0.005359728752463757,1.055825858655509,1.4460994689471471,12.744339435825266,0.3753125
0-5-13-15,3.333333333333333,12,3,0,False,False,1.25,1.0,-0.08904876026623049,0.9721368271417422,1.4597682763238564,12.939060436986674,0.2919375
0-5-13-15,3.333333333333333,13,3,1,True,True,1.8666666666666665,0.0,-0.04879952313162923,1.0124044980421247,1.283689718781991,11.732620179933281,0.18793333333333334
0-5-13-15,3.333333333333333,14,3,2,False,False,1.4166666666666663,1.0,-0.045414589038446404,1.0157709983695264,1.4990853853968322,13.71068259546641,0.370625
0-5-13-15,3.333333333333333,15,3,3,True,True,1.6761904761904762,0.0,-0.06382099804343194,0.9974846267171141,1.4146431075398676,11.264573204040103,0.31379999999999997
0-5-7-10,2.6666666666666665,0,0,0,True,True,1.7333333333333332,0.0,-0.1272916401290671,0.9335480679424905,1.4382132667053356,12.219816840978952,0.22333333333333333
0-5-7-10,2.6666666666666665,1,0,1,False,False,1.5,1.0,-0.1291728955586041,0.9314964972735207,1.4722714958784624,13.378765299086465,0.2255625
0-5-7-10,2.6666666666666665,2,0,2,True,False,1.3333333333333333,2.0,0.03977495149754257,1.1002432553641515,1.1469841972519603,3.68893014229518,0.1914
0-5-7-10,2.6666666666666665,3,0,3,False,False,1.25,1.0,-0.0874801481930309,0.9731892446390938,1.4910187131552162,13.457836823142113,0.3123125
0-5-7-10,2.6666666666666665,4,1,0,False,False,1.5,1.0,-0.13425695483368952,0.9264124379984352,1.501486668356566,13.579098779677464,0.2435
0-5-7-10,2.6666666666666665,5,1,1,True,True,2.0,0.0,-0.12235329017817949,0.9384177216989354,1.4132831483388817,13.642587030471644,0.13266666666666665
0-5-7-10,2.6666666666666665,6,1,2,False,False,1.75,1.0,-0.12217955083307891,0.9384898419990457,1.573231897138998,14.326254070371888,0.182125
0-5-7-10,2.6666666666666665,7,1,3,True,True,1.8666666666666665,0.0,-0.09742476771019354,0.9633046348529529,1.3268096315811848,11.920083893343087,0.2803333333333333
0-5-7-10,2.6666666666666665,8,2,0,True,False,1.2,2.0,0.022216488001435327,1.0827625897658533,1.1830374085176283,3.192446879313872,0.2574666666666667
0-5-7-10,2.6666666666666665,9,2,1,False,False,1.5,1.0,-0.0871514414265589,0.9735179514055659,1.4796031427294163,12.640575597623396,0.1733125
0-5-7-10,2.6666666666666665,10,2,2,True,True,1.8666666666666667,0.0,-0.09277147944722167,0.9679627378124246,1.4504884178926787,14.278008566735492,0.19833333333333333
0-5-7-10,2.6666666666666665,11,2,3,False,False,1.4166666666666663,1.0,-0.1560612060436785,0.9046081867884463,1.6193627628958782,14.857297824790074,0.20325000000000001
0-5-7-10,2.6666666666666665,12,3,0,False,False,0.9166666666666666,3.0,0.05131796534791866,1.1119873581800435,1.4002261316444609,7.97764816235926,0.324125
0-5-7-10,2.6666666666666665,13,3,1,True,False,1.0666666666666669,2.0,-0.00353716400807766,1.0569882015244407,1.1878231774674355,3.0142062291931135,0.25053333333333333
0-5-7-10,2.6666666666666665,14,3,2,False,False,1.1666666666666663,1.0,-0.02789743483548636,1.0327719579966383,1.4102503025507032,11.536932481724218,0.249875
0-5-7-10,2.6666666666666665,15,3,3,True,False,1.0095238095238095,2.0,0.05391140595889867,1.114478986772689,1.1514916375011919,3.206923709760568,0.23053333333333334
0-5-7-13,3.0,0,0,0,True,True,1.7333333333333332,0.0,-0.10272380784305053,0.9590120000330887,1.3595948903117212,10.950492627428334,0.14720000000000003
0-5-7-13,3.0,1,0,1,False,False,1.5,1.0,-0.10514524789664419,0.9564765795292173,1.447236998314982,12.605952996928673,0.2025
0-5-7-13,3.0,2,0,2,True,False,1.2,2.0,-0.005614745908995287,1.055918930193307,1.1330079662124775,3.4863777775895675,0.21839999999999998
0-5-7-13,3.0,3,0,3,False,False,1.1666666666666667,1.0,0.03275721700072685,1.0943790444265884,1.2403291631201998,11.271843550906143,0.38775
0-5-7-13,3.0,4,1,0,False,False,1.5,1.0,-0.10514524791098775,0.9564765795148737,1.447236998300876,12.60595299693632,0.2025
0-5-7-13,3.0,5,1,1,True,True,2.0,0.0,-0.058402399452286015,1.0032941038565848,1.335857359153926,11.974710496564274,0.0944
0-5-7-13,3.0,6,1,2,False,False,1.5,1.0,-0.004017829326581417,1.05760399809928,1.44113906841244,12.713860079794056,0.2669375
0-5-7-13,3.0,7,1,3,True,True,1.7333333333333332,0.0,0.0443490083854187,1.1059978199422489,1.2162023679215948,10.045155160761464,0.24326666666666666
0-5-7-13,3.0,8,2,0,True,False,1.2,2.0,-0.005614745908665367,1.0559189301936571,1.1330079662140735,3.4863777776589466,0.21839999999999998
0-5-7-13,3.0,9,2,1,False,False,1.5,1.0,-0.0040178293118056894,1.0576039981140557,1.4411390684155518,12.713860079679193,0.2669375
0-5-7-13,3.0,10,2,2,True,False,1.2,2.0,-0.00132689285311438,1.0603136848824652,1.1720599433250172,3.0995747082217493,0.13799999999999998
0-5-7-13,3.0,11,2,3,False,False,1.1666666666666663,1.0,0.05885031988547476,1.1204721473113362,1.2906675863871628,11.694636411077768,0.4035625
0-5-7-13,3.0,12,3,0,False,False,1.1666666666666663,1.0,0.03275721699861359,1.094379044424475,1.2403291630944222,11.27184355076461,0.38775
0-5-7-13,3.0,13,3,1,True,True,1.7333333333333334,0.0,0.04434900838236883,1.105997819939199,1.2162023679433875,10.045155160774843,0.24326666666666666
0-5-7-13,3.0,14,3,2,False,False,1.1666666666666663,1.0,0.05885031988052513,1.1204721473063866,1.2906675863776498,11.694636410976841,0.4035625
0-5-7-13,3.0,15,3,3,True,False,1.0095238095238095,2.0,0.03173951190874933,1.0933201269541308,1.1575067771307381,2.935700689372275,0.219
0-5-7-15,3.333333333333333,0,0,0,True,True,1.676190476190476,0.0,-0.09166496798927382,0.9696131915029371,1.3737873890028784,11.048167539174534,0.2306
0-5-7-15,3.333333333333333,1,0,1,False,False,1.4166666666666667,1.0,-0.1049132074850143,0.9562723799224517,1.445797560416667,12.597747542208367,0.2234375
0-5-7-15,3.333333333333333,2,0,2,True,False,1.2,2.0,0.017379569110263882,1.0784142848813674,1.1681656622593903,3.640646029820655,0.2548666666666667
0-5-7-15,3.333333333333333,3,0,3,False,False,1.25,1.0,-0.08904876021892195,0.9721368271885441,1.4597682763832496,12.939060430492646,0.2919375
0-5-7-15,3.333333333333333,4,1,0,False,False,1.4166666666666667,1.0,-0.10972330881449761,0.9514622785929685,1.463522315495109,12.587960152626746,0.2764375
0-5-7-15,3.333333333333333,5,1,1,True,True,1.8666666666666665,0.0,-0.07795320918109437,0.9832891272841214,1.3232910291001294,10.976838662778297,0.20666666666666667
0-5-7-15,3.333333333333333,6,1,2,False,False,1.5,1.0,-0.040776304258234745,1.0204092831492313,1.4413165289427432,12.49202803312968,0.2609375
0-5-7-15,3.333333333333333,7,1,3,True,True,1.8666666666666665,0.0,-0.048799523097824676,1.012404498075389,1.2836897187456668,11.732620179039868,0.18793333333333334
0-5-7-15,3.333333333333333,8,2,0,True,False,1.0666666666666669,2.0,-0.005780446347669035,1.0553496858100995,1.2370388538605765,3.320529600779781,0.3758666666666667
0-5-7-15,3.333333333333333,9,2,1,False,False,1.25,1.0,-0.0479342955702383,1.0132512918372276,1.329817657879501,9.914799912680742,0.2249375
0-5-7-15,3.333333333333333,10,2,2,True,False,1.2,2.0,0.01196167072763954,1.0731433296638093,1.223647398918278,3.6216857337843824,0.265
0-5-7-15,3.333333333333333,11,2,3,False,False,1.4166666666666663,1.0,-0.04541458908932693,1.015770998318139,1.499085385015052,13.710682596380513,0.370625
0-5-7-15,3.333333333333333,12,3,0,False,False,0.9166666666666666,3.0,0.03073962450150076,1.0919252119089669,1.4071536462862098,7.4259394908187835,0.303375
0-5-7-15,3.333333333333333,13,3,1,True,False,1.0666666666666669,2.0,-0.00031305903340266006,1.0607268179146345,1.2065318932182092,3.210597189945424,0.3738666666666666
0-5-7-15,3.333333333333333,14,3,2,False,False,1.1666666666666663,1.0,-0.005359728857039739,1.0558258585504263,1.446099468995929,12.744339436160907,0.3753125
0-5-7-15,3.333333333333333,15,3,3,True,True,1.6761904761904762,0.0,-0.06382099810085179,0.9974846266591538,1.4146431076919053,11.264573209963329,0.31379999999999997
0-5-7-8,2.6666666666666665,0,0,0,True,True,1.8666666666666665,0.0,0.10102537766846718,1.161651662878859,1.536247475631513,13.622804273168734,0.16313333333333332
0-5-7-8,2.6666666666666665,1,0,1,False,False,1.5,1.0,0.08651862441216782,1.1468294113934796,1.4949086355003824,13.692989633763627,0.25
0-5-7-8,2.6666666666666665,2,0,2,True,False,1.2,2.0,-0.04363634518676756,1.01641706872948,1.1546099130586809,3.6988470579460215,0.21313333333333334
0-5-7-8,2.6666666666666665,3,0,3,False,False,1.1666666666666667,1.0,-0.05909818292439697,1.001212604056915,1.229832292189517,10.70753516498796,0.2535
0-5-7-8,2.6666666666666665,4,1,0,False,False,1.75,1.0,0.16325045860412096,1.2235612455854328,1.651659479713084,14.689559348666677,0.1854375
0-5-7-8,2.6666666666666665,5,1,1,True,True,2.0,0.0,0.0717041582190919,1.13219008381725,1.444805387164618,13.272506726930311,0.1236
0-5-7-8,2.6666666666666665,6,1,2,False,False,1.5,1.0,0.004587359114214784,1.0648981460955267,1.4374066908828278,12.124596268508839,0.255875
0-5-7-8,2.6666666666666665,7,1,3,True,True,1.7333333333333332,0.0,-0.0057454407044112326,1.0544809403986568,1.198522955785416,9.719747953718317,0.24146666666666666
0-5-7-8,2.6666666666666665,8,2,0,True,True,1.8666666666666667,0.0,0.08605874907661046,1.1465872026854753,1.4432719605136481,12.768461213036195,0.1678
0-5-7-8,2.6666666666666665,9,2,1,False,False,1.5,1.0,0.028246609160102555,1.0885573961414146,1.4803885953965552,12.228556354423883,0.32325
0-5-7-8,2.6666666666666665,10,2,2,True,False,1.2,2.0,-0.011871889355698181,1.0483098617873248,1.1968338775605196,2.959598930492976,0.11273333333333332
0-5-7-8,2.6666666666666665,11,2,3,False,False,1.1666666666666663,1.0,0.009852993053015499,1.0701637800343273,1.2728401225499053,10.83355172310687,0.305
0-5-7-8,2.6666666666666665,12,3,0,False,False,1.1666666666666663,1.0,0.08033547688199848,1.1406462638633104,1.4967271925504781,11.952625458821263,0.2010625
0-5-7-8,2.6666666666666665,13,3,1,True,False,1.0666666666666669,2.0,-0.014700561409615433,1.0453802688078553,1.2029479835284527,3.465006837133033,0.2643333333333333
0-5-7-8,2.6666666666666665,14,3,2,False,False,0.9166666666666666,3.0,0.06027167181440886,1.1205824587957207,1.3012709174881965,7.704824219080704,0.2745
0-5-7-8,2.6666666666666665,15,3,3,True,False,0.8761904761904762,2.0,0.002690031525083211,1.0628811665327436,1.1609767458323597,2.987955933948407,0.2782666666666667
0-5-8-10,2.333333333333333,0,0,0,True,True,1.8666666666666665,0.0,0.18910366217965488,1.249406224849239,1.5748024631556412,14.637150375402177,0.1862
0-5-8-10,2.333333333333333,1,0,1,False,False,1.5,1.0,0.18649420073941667,1.2465191662175399,1.5281431265263556,14.505110889216628,0.2949375
0-5-8-10,2.333333333333333,2,0,2,True,False,1.2,2.0,-0.03205459159141284,1.0277640539276223,1.2222876423439222,3.420787472725767,0.20686666666666667
0-5-8-10,2.333333333333333,3,0,3,False,False,0.9166666666666666,3.0,-0.051480566422362456,1.0085443990557605,1.461498551929235,8.138965412717845,0.479375
0-5-8-10,2.333333333333333,4,1,0,False,False,1.75,1.0,0.22175597911932898,1.2817809445974522,1.6514497181814873,15.379796096018932,0.1911875
0-5-8-10,2.333333333333333,5,1,1,True,True,2.0,0.0,0.10594801901430485,1.1661381620060955,1.4249577390169754,15.407532671796979,0.16193333333333332
0-5-8-10,2.333333333333333,6,1,2,False,False,1.5,1.0,-0.019615646217212422,1.0404093192609105,1.4497084614669724,12.696487688580355,0.2645
0-5-8-10,2.333333333333333,7,1,3,True,False,1.0666666666666669,2.0,-0.03305630652613963,1.0267424042283435,1.1882553728938545,3.13950466809905,0.303
0-5-8-10,2.333333333333333,8,2,0,True,True,2.0,0.0,0.12357320086296504,1.1837778172579483,1.4130213642304974,13.759809733669936,0.17226666666666668
0-5-8-10,2.333333333333333,9,2,1,False,False,1.75,1.0,0.0475347674936907,1.1075597329718136,1.562593399122277,14.842135195683591,0.2141875
0-5-8-10,2.333333333333333,10,2,2,True,True,1.8666666666666667,0.0,-0.017869881741614153,1.042182595549602,1.388527838372217,12.210462705229048,0.17073333333333332
0-5-8-10,2.333333333333333,11,2,3,False,False,1.1666666666666663,1.0,-0.07485911618892292,0.9851658492892003,1.4641548982974846,12.02872499295969,0.248625
0-5-8-10,2.333333333333333,12,3,0,False,False,1.25,1.0,0.1117844681176693,1.1718094335957923,1.455751472336662,12.254688940630135,0.20193750000000002
0-5-8-10,2.333333333333333,13,3,1,True,False,1.2,2.0,-0.012463216075685894,1.047280457506853,1.2034239882747741,3.7045957944855843,0.21160000000000004
0-5-8-10,2.333333333333333,14,3,2,False,False,1.1666666666666663,1.0,-0.0742213220556153,0.9858036434225077,1.453647370888908,12.088375259872548,0.28
0-5-8-10,2.333333333333333,15,3,3,True,False,0.8761904761904762,2.0,-0.004801882829352811,1.0550941264133842,1.1316065120311214,3.1603409600962786,0.3536
0-5-8-13,2.333333333333333,0,0,0,True,True,1.8666666666666665,0.0,0.051593906264338366,1.112212037140999,1.346987251788011,14.368485124816251,0.24293333333333333
0-5-8-13,2.333333333333333,1,0,1,False,False,1.5,1.0,0.01942075572167555,1.0799151318421871,1.3234370593368572,13.878046379837167,0.235
0-5-8-13,2.333333333333333,2,0,2,True,False,1.0666666666666669,2.0,-0.0043770409453695374,1.055931905610435,1.183983578180537,3.4563953304006296,0.22673333333333331
0-5-8-13,2.333333333333333,3,0,3,False,False,0.8333333333333333,3.0,-0.02120763830334898,1.0392867378171629,1.4205088676034758,7.007002484261675,0.211875
0-5-8-13,2.333333333333333,4,1,0,False,False,1.75,1.0,0.05805019765668348,1.1185445737771953,1.4136115452247553,15.590018606097885,0.241875
0-5-8-13,2.333333333333333,5,1,1,True,True,2.0,0.0,0.033860752947127,1.0944606025355101,1.3044215326811028,13.742780686373191,0.17046666666666666
0-5-8-13,2.333333333333333,6,1,2,False,False,1.25,1.0,-0.04647527259019967,1.014019103530312,1.299548014810403,9.485289311883038,0.192875
0-5-8-13,2.333333333333333,7,1,3,True,False,0.9333333333333332,2.0,-0.11260881137139905,0.9474645449380023,1.2826657793382885,3.1372617206902587,0.2722
0-5-8-13,2.333333333333333,8,2,0,True,True,2.0,0.0,0.08785435327367049,1.148553051042743,1.3562827186288549,16.539318299967167,0.1434
0-5-8-13,2.333333333333333,9,2,1,False,False,1.75,1.0,0.08967342421869848,1.1501678003392102,1.491401823571129,13.880061295645088,0.2839375
0-5-8-13,2.333333333333333,10,2,2,True,False,1.2,2.0,0.050852959524785905,1.111493448383999,1.263517305201407,4.033079883817823,0.2832
0-5-8-13,2.333333333333333,11,2,3,False,False,0.9166666666666666,3.0,0.04913107585998085,1.1096254519804924,1.2959889997316685,7.557372775649281,0.3443125
0-5-8-13,2.333333333333333,12,3,0,False,False,1.5,1.0,0.11451822790753417,1.175012604028046,1.4482657253501616,15.529091183003944,0.2229375
0-5-8-13,2.333333333333333,13,3,1,True,True,1.8666666666666667,0.0,0.10189392352584468,1.1625545893246962,1.3720688734902116,15.002478944739854,0.23093333333333332
0-5-8-13,2.333333333333333,14,3,2,False,False,1.1666666666666663,1.0,0.0597581819363046,1.1202525580568163,1.3028439828953915,11.302074602819387,0.2891875
0-5-8-13,2.333333333333333,15,3,3,True,False,0.8761904761904762,2.0,-0.018860528494564884,1.0413433429394163,1.201471416468838,2.866682959686537,0.2764
0-5-8-15,3.333333333333333,0,0,0,True,True,1.809523809523809,0.0,0.12811348226230726,1.1880178249791495,1.5255512074041369,13.555582827123732,0.17633333333333334
0-5-8-15,3.333333333333333,1,0,1,False,False,1.4166666666666667,1.0,0.1272884564554674,1.186871539737533,1.494980799750474,13.55761222560745,0.2183125
0-5-8-15,3.333333333333333,2,0,2,True,False,1.0666666666666669,2.0,-0.008282356746410376,1.0511285389580463,1.232835024950433,3.5717633521861702,0.2922666666666667
0-5-8-15,3.333333333333333,3,0,3,False,False,0.9166666666666666,3.0,-0.022011647886521143,1.0375714353955443,1.431878984677249,7.47673186121046,0.3493125
0-5-8-15,3.333333333333333,4,1,0,False,False,1.6666666666666667,1.0,0.18463739762404835,1.244220480906114,1.6434660843823619,14.703570220329315,0.18212499999999998
0-5-8-15,3.333333333333333,5,1,1,True,True,1.8666666666666665,0.0,0.07324971720172972,1.132987335739025,1.416343852020131,11.885749571919094,0.1372
0-5-8-15,3.333333333333333,6,1,2,False,False,1.25,1.0,-0.026293402043487332,1.0332896812385783,1.3210785437328199,9.410882394040273,0.223625
0-5-8-15,3.333333333333333,7,1,3,True,False,1.0666666666666669,2.0,-0.023901848034988633,1.0353976453625782,1.2304716765235875,3.328866248267676,0.2925333333333333
0-5-8-15,3.333333333333333,8,2,0,True,True,1.8666666666666665,0.0,0.09446565577166909,1.1542437477475054,1.4526359632689758,12.790810101619291,0.22766666666666666
0-5-8-15,3.333333333333333,9,2,1,False,False,1.5,1.0,0.025872060678876953,1.0854551439609426,1.464954168644921,11.853923029097452,0.2379375
0-5-8-15,3.333333333333333,10,2,2,True,False,1.2,2.0,-0.03268625966655868,1.0266898352091636,1.20150874950821,3.2599268603226643,0.2736
0-5-8-15,3.333333333333333,11,2,3,False,False,1.1666666666666663,1.0,0.008486854485913367,1.068069937767979,1.5054665430148,10.851912893783556,0.2725
0-5-8-15,3.333333333333333,12,3,0,False,False,1.25,1.0,0.07405117101945922,1.1336342543015248,1.557886283087509,12.813567882383152,0.2986875
0-5-8-15,3.333333333333333,13,3,1,True,False,1.2,2.0,-0.020938031200626536,1.0383507839603394,1.198263626788138,3.6659528224540936,0.26713333333333333
0-5-8-15,3.333333333333333,14,3,2,False,False,1.1666666666666663,1.0,0.0019640091233132997,1.061547092405379,1.496849491949693,11.468656401298835,0.248
0-5-8-15,3.333333333333333,15,3,3,True,True,1.542857142857143,0.0,-0.021732611826657065,1.0378851181585238,1.4153895871385125,9.106893855118045,0.32593333333333335
0-7-10-13,3.333333333333333,0,0,0,True,True,1.6,0.0,0.08675600124884197,1.1473315687419992,1.3899839370988551,9.585330596624285,0.261
0-7-10-13,3.333333333333333,1,0,1,False,False,1.25,1.0,0.0799452875907562,1.1403522272246351,1.4957937652764468,11.556291943924121,0.241375
0-7-10-13,3.333333333333333,2,0,2,True,False,1.2,2.0,0.011295802381114882,1.0715342320765118,1.18069646874333,3.51606629677491,0.2966666666666667
0-7-10-13,3.333333333333333,3,0,3,False,False,1.1666666666666667,1.0,-0.0905806576210729,0.9698262820128062,1.5223587412287471,14.035428347094328,0.3173125
0-7-10-13,3.333333333333333,4,1,0,False,False,1.25,1.0,0.07994528759167813,1.1403522272255573,1.4957937652749378,11.556291943926794,0.241375
0-7-10-13,3.333333333333333,5,1,1,True,False,1.3333333333333333,2.0,0.0037170093021343604,1.0639896435970488,1.2224880485722334,3.0971736240691126,0.11793333333333335
0-7-10-13,3.333333333333333,6,1,2,False,False,1.5,1.0,-0.10870717233868459,0.9516997672951946,1.4369823489280054,11.546082126805914,0.1878125
0-7-10-13,3.333333333333333,7,1,3,True,True,1.7333333333333332,0.0,-0.07645923757975061,0.9840212575266841,1.355854349573623,12.031872942829702,0.2604
0-7-10-13,3.333333333333333,8,2,0,True,False,1.2,2.0,0.011295802381072759,1.07153423207647,1.1806964687433168,3.5160662967751763,0.2966666666666667
0-7-10-13,3.333333333333333,9,2,1,False,False,1.5,1.0,-0.10870717233863855,0.9516997672952405,1.436982348927899,11.546082126806834,0.1878125
0-7-10-13,3.333333333333333,10,2,2,True,True,1.8666666666666665,0.0,-0.08945131962040972,0.9710255940838131,1.4653922245283015,13.195923196716569,0.16573333333333334
0-7-10-13,3.333333333333333,11,2,3,False,False,1.4166666666666663,1.0,-0.09230563629334113,0.968101303340538,1.5329395710059963,14.720665902547163,0.2645
0-7-10-13,3.333333333333333,12,3,0,False,False,1.1666666666666663,1.0,-0.09058065762104303,0.969826282012836,1.5223587412273478,14.035428347104844,0.3173125
0-7-10-13,3.333333333333333,13,3,1,True,True,1.7333333333333334,0.0,-0.07645923757982877,0.9840212575266059,1.3558543495736046,12.031872942840529,0.2604
0-7-10-13,3.333333333333333,14,3,2,False,False,1.4166666666666663,1.0,-0.09230563629339225,0.9681013033404868,1.5329395710061449,14.720665902547788,0.2645
0-7-10-13,3.333333333333333,15,3,3,True,False,1.1428571428571428,2.0,0.058847723974091444,1.119109540866838,1.1480003453942051,3.2019885923239175,0.16633333333333333
0-7-10-15,3.333333333333333,0,0,0,True,True,1.5428571428571427,0.0,-0.021732611822133284,1.0378851181631696,1.415389587163426,9.106893844018346,0.32593333333333335
0-7-10-15,3.333333333333333,1,0,1,False,False,1.1666666666666667,1.0,0.001964008920143582,1.0615470922023236,1.496849492254579,11.468656398656533,0.248
0-7-10-15,3.333333333333333,2,0,2,True,False,1.2,2.0,-0.0209380311755018,1.0383507839855883,1.1982636268073674,3.6659528224205014,0.26713333333333333
0-7-10-15,3.333333333333333,3,0,3,False,False,1.25,1.0,0.07405117091806089,1.1336342542002409,1.5578862831616689,12.8135678836595,0.2986875
0-7-10-15,3.333333333333333,4,1,0,False,False,1.1666666666666667,1.0,0.008486854976426797,1.0680699382586067,1.5054665429131409,10.851912894049434,0.2725
0-7-10-15,3.333333333333333,5,1,1,True,False,1.2,2.0,-0.03268625970643467,1.0266898351693772,1.201508749507639,3.2599268604270506,0.2736
0-7-10-15,3.333333333333333,6,1,2,False,False,1.5,1.0,0.025872060799356698,1.0854551440815368,1.4649541687243113,11.853923029249916,0.2379375
0-7-10-15,3.333333333333333,7,1,3,True,True,1.8666666666666665,0.0,0.09446565577410994,1.1542437477500684,1.452635963707873,12.79081010205923,0.22766666666666666
0-7-10-15,3.333333333333333,8,2,0,True,False,1.0666666666666669,2.0,-0.02390184803656103,1.0353976453622566,1.230471676509691,3.328866248334114,0.2925333333333333
0-7-10-15,3.333333333333333,9,2,1,False,False,1.25,1.0,-0.026293402602162248,1.0332896806800178,1.3210785436217147,9.410882387124369,0.223625
0-7-10-15,3.333333333333333,10,2,2,True,True,1.8666666666666665,0.0,0.07324971698910422,1.1329873355265216,1.4163438520389602,11.885749574446226,0.13720000000000002
0-7-10-15,3.333333333333333,11,2,3,False,False,1.6666666666666663,1.0,0.18463739770464654,1.2442204809868267,1.6434660843992028,14.703570223873218,0.18212499999999998
0-7-10-15,3.333333333333333,12,3,0,False,False,0.9166666666666666,3.0,-0.02201164827527248,1.0375714350069076,1.4318789863851444,7.4767318608232785,0.3493125
0-7-10-15,3.333333333333333,13,3,1,True,False,1.0666666666666669,2.0,-0.00828235666372962,1.0511285390408096,1.2328350249304127,3.5717633521125722,0.2922666666666667
0-7-10-15,3.333333333333333,14,3,2,False,False,1.4166666666666663,1.0,0.1272884565168986,1.1868715397990788,1.4949807997949733,13.557612225766956,0.2183125
0-7-10-15,3.333333333333333,15,3,3,True,True,1.809523809523809,0.0,0.1281134823620956,1.1880178250790598,1.5255512074052364,13.555582829581363,0.17633333333333334
0-7-13-15,3.6666666666666665,0,0,0,True,True,1.5428571428571427,0.0,0.04544513297788861,1.1062671576093213,1.4367863772336495,9.23966198048502,0.2346
0-7-13-15,3.6666666666666665,1,0,1,False,False,1.1666666666666667,1.0,0.057016893795772114,1.1177015565396755,1.5173043249307563,11.314086600203447,0.2931875
0-7-13-15,3.6666666666666665,2,0,2,True,False,1.0666666666666669,2.0,-0.015651700789968567,1.044874277905533,1.1913885013547612,3.45367759033163,0.3287333333333333
0-7-13-15,3.6666666666666665,3,0,3,False,False,1.1666666666666663,1.0,-0.12991389134058529,0.930770771403318,1.4633649208318438,13.418647919478765,0.2979375
0-7-13-15,3.6666666666666665,4,1,0,False,False,1.1666666666666667,1.0,0.05701689384147224,1.1177015565853754,1.517304324859815,11.314086600278143,0.2931875
0-7-13-15,3.6666666666666665,5,1,1,True,False,1.2,2.0,-0.017963955463489025,1.0425524562559616,1.226144964311689,3.0757489071908064,0.23086666666666666
0-7-13-15,3.6666666666666665,6,1,2,False,False,1.25,1.0,-0.07394594203876667,0.9867387207051366,1.3008921271638387,9.754431373474132,0.1804375
0-7-13-15,3.6666666666666665,7,1,3,True,True,1.7333333333333332,0.0,-0.08048243493974948,0.9802557089888329,1.2770964072495103,10.689190303758293,0.20066666666666666
0-7-13-15,3.6666666666666665,8,2,0,True,False,1.0666666666666669,2.0,-0.01565170079157302,1.044874277903938,1.191388501347975,3.4536775901086947,0.3287333333333333
0-7-13-15,3.6666666666666665,9,2,1,False,False,1.25,1.0,-0.07394594208489558,0.9867387206590077,1.300892127148766,9.75443137347141,0.1804375
0-7-13-15,3.6666666666666665,10,2,2,True,False,1.2,2.0,0.05660410262199568,1.117259380539991,1.272556398613891,3.735614879930749,0.14273333333333332
0-7-13-15,3.6666666666666665,11,2,3,False,False,1.4166666666666663,1.0,-0.03612318285047442,1.0245614798934288,1.470699192653726,14.565092170644728,0.28425
0-7-13-15,3.6666666666666665,12,3,0,False,False,1.1666666666666663,1.0,-0.1299138913330894,0.930770771410814,1.4633649207051591,13.418647919887206,0.2979375
0-7-13-15,3.6666666666666665,13,3,1,True,True,1.7333333333333332,0.0,-0.08048243493117403,0.9802557089974082,1.2770964071567688,10.689190303266441,0.20066666666666666
0-7-13-15,3.6666666666666665,14,3,2,False,False,1.4166666666666663,1.0,-0.03612318283619029,1.024561479907713,1.4706991926831126,14.565092171331282,0.28425
0-7-13-15,3.6666666666666665,15,3,3,True,True,1.809523809523809,0.0,-0.06702992087445463,0.9938147071417037,1.487656619473204,13.75666332262894,0.25893333333333335
0-7-8-10,3.0,0,0,0,True,True,1.7333333333333332,0.0,-0.028859092253784097,1.0326024116783323,1.416495301889339,11.591106893562191,0.22986666666666666
0-7-8-10,3.0,1,0,1,False,False,1.25,1.0,0.011468363167675641,1.0727772542297247,1.4487975374213213,12.85884974078514,0.26
0-7-8-10,3.0,2,0,2,True,False,1.2,2.0,-0.01337928208719739,1.0478004206650502,1.1756313071521614,3.5710128225996494,0.3562
0-7-8-10,3.0,3,0,3,False,False,1.1666666666666663,1.0,-0.05077915600991212,1.010529735052137,1.5035266667674176,13.051273799597627,0.3205
0-7-8-10,3.0,4,1,0,False,False,1.5,1.0,-0.03913773324804316,1.022171157814006,1.4746998974644405,13.411193044577072,0.244375
0-7-8-10,3.0,5,1,1,True,False,1.3333333333333333,2.0,0.011592031330216085,1.0728847084944713,1.2073007331479566,3.6763700128313075,0.25053333333333333
0-7-8-10,3.0,6,1,2,False,False,1.5,1.0,-0.08765559193496869,0.9736532991270803,1.4132369334800987,11.574252160088497,0.18825
0-7-8-10,3.0,7,1,3,True,True,1.7333333333333332,0.0,-0.05208988593861418,1.0092534898238146,1.293615857078302,11.163538861447302,0.19499999999999998
0-7-8-10,3.0,8,2,0,True,True,1.8666666666666665,0.0,-0.05728080304932378,1.0040658848442834,1.2889049118828375,11.950688394937162,0.177
0-7-8-10,3.0,9,2,1,False,False,1.5,1.0,-0.05870462005862153,1.0026042710034275,1.4562134146421104,12.495002768036448,0.19075
0-7-8-10,3.0,10,2,2,True,True,1.8666666666666667,0.0,-0.048476505990303724,1.0129057383739246,1.3758235388917837,11.907906261895716,0.11553333333333334
0-7-8-10,3.0,11,2,3,False,False,1.4166666666666663,1.0,-0.09272262927328352,0.9685862617887654,1.541133656168354,14.220573289829783,0.246625
0-7-8-10,3.0,12,3,0,False,False,1.1666666666666663,1.0,-0.08722395864088824,0.9740849324211607,1.468719212640493,12.65708963167063,0.3331875
0-7-8-10,3.0,13,3,1,True,False,1.0666666666666669,2.0,0.01806768220869061,1.0792728260142885,1.1835163360533165,3.538632365334098,0.312
0-7-8-10,3.0,14,3,2,False,False,1.1666666666666663,1.0,0.007983190841579845,1.0692920819036287,1.391547216153695,11.249205955375292,0.238125
0-7-8-10,3.0,15,3,3,True,False,1.0095238095238095,2.0,0.03307397679749598,1.0943349008576144,1.1526412347892085,3.160486652108118,0.2739333333333333
0-7-8-13,3.333333333333333,0,0,0,True,True,1.7333333333333332,0.0,0.07824376906478372,1.1388075443630428,1.4367995809744976,11.644033126344222,0.272
0-7-8-13,3.333333333333333,1,0,1,False,False,1.25,1.0,0.045519897305874635,1.1058987129078242,1.408150186693303,12.528649441461823,0.3014375
0-7-8-13,3.333333333333333,2,0,2,True,False,1.0666666666666669,2.0,-0.07394586005999511,0.986168913499453,1.240995493103968,3.514403617416409,0.2800666666666667
0-7-8-13,3.333333333333333,3,0,3,False,False,1.0833333333333333,1.0,-0.05382465431196787,1.0065541612899815,1.312230673495272,11.047848995846719,0.421
0-7-8-13,3.333333333333333,4,1,0,False,False,1.5,1.0,0.16218572019533528,1.2225645357972847,1.5688517570048948,13.772870136208937,0.3078125
0-7-8-13,3.333333333333333,5,1,1,True,False,1.3333333333333333,2.0,-0.020329462676686543,1.0399270723708685,1.2600522267544825,3.8658689879017922,0.2636
0-7-8-13,3.333333333333333,6,1,2,False,False,1.25,1.0,-0.07646995651988842,0.9839088590820609,1.3040112743075514,9.658539010211895,0.221875
0-7-8-13,3.333333333333333,7,1,3,True,True,1.6,0.0,-0.022962737924604574,1.0372877015738353,1.2320580162990944,8.465041771361147,0.42560000000000003
0-7-8-13,3.333333333333333,8,2,0,True,True,1.8666666666666665,0.0,0.11396580285322576,1.174631445071482,1.4820364832923567,14.24205525883204,0.21973333333333336
0-7-8-13,3.333333333333333,9,2,1,False,False,1.5,1.0,0.042865750165078334,1.1032445657670278,1.4354795275055827,11.761086667022287,0.350625
0-7-8-13,3.333333333333333,10,2,2,True,False,1.2,2.0,0.008028940615307569,1.068298667446575,1.2225401662738924,3.3677562833036507,0.27040000000000003
0-7-8-13,3.333333333333333,11,2,3,False,False,1.1666666666666663,1.0,0.0566201003927129,1.1169989159946623,1.290479877123963,11.162773133650024,0.3938125
0-7-8-13,3.333333333333333,12,3,0,False,False,1.4166666666666663,1.0,0.18146679362601914,1.2418456092279684,1.7009916278955974,13.957258576871634,0.26425
0-7-8-13,3.333333333333333,13,3,1,True,True,1.7333333333333334,0.0,0.09315746430122163,1.1537390134847514,1.4382249357385326,13.73117591845468,0.3256
0-7-8-13,3.333333333333333,14,3,2,False,False,1.1666666666666663,1.0,0.08511017039100974,1.1454889859929591,1.3189882716520436,11.65478983985074,0.343125
0-7-8-13,3.333333333333333,15,3,3,True,False,1.0095238095238095,2.0,0.010119308325932712,1.0703256054084804,1.1743915583171758,3.009728052724185,0.3380666666666666
0-7-8-15,3.6666666666666665,0,0,0,True,True,1.676190476190476,0.0,-0.008836113019585392,1.0526674471743231,1.4479127148230226,12.06176740678075,0.389
0-7-8-15,3.6666666666666665,1,0,1,False,False,1.1666666666666667,1.0,0.017328474215520154,1.0786942523115395,1.4599540799227995,12.726450454758474,0.2849375
0-7-8-15,3.6666666666666665,2,0,2,True,False,1.0666666666666669,2.0,0.0009884022881146116,1.0622495218907833,1.1745878890261237,3.5178556896391027,0.277
0-7-8-15,3.6666666666666665,3,0,3,False,False,1.1666666666666663,1.0,-0.08325993845063433,0.978105839645385,1.4831577867088808,13.565829917499181,0.4584375
0-7-8-15,3.6666666666666665,4,1,0,False,False,1.4166666666666667,1.0,0.005761851677321374,1.0671276297733407,1.5037654096128992,13.908992180523741,0.408125
0-7-8-15,3.6666666666666665,5,1,1,True,False,1.2,2.0,-0.0015526641822169811,1.0597905833807866,1.2651594768701118,3.565828136678246,0.3105333333333334
0-7-8-15,3.6666666666666665,6,1,2,False,False,1.25,1.0,-0.06567594834710624,0.9956898297489132,1.3219624141753092,10.224971821891739,0.2923125
0-7-8-15,3.6666666666666665,7,1,3,True,True,1.7333333333333332,0.0,-0.04404942427638509,1.0173333206812878,1.2973330146123894,10.786904162822196,0.3942
0-7-8-15,3.6666666666666665,8,2,0,True,True,1.7333333333333332,0.0,-0.04404942428604357,1.017333320671629,1.2973330148880318,10.786904159150748,0.3942
0-7-8-15,3.6666666666666665,9,2,1,False,False,1.25,1.0,-0.06567594833355231,0.995689829762467,1.3219624140956987,10.224971820199311,0.2923125
0-7-8-15,3.6666666666666665,10,2,2,True,False,1.2,2.0,-0.0015526641799358753,1.0597905833831063,1.2651594768734669,3.5658281371539573,0.3105333333333334
0-7-8-15,3.6666666666666665,11,2,3,False,False,1.4166666666666663,1.0,0.005761851697154775,1.0671276297931742,1.5037654090792378,13.908992186143672,0.408125
0-7-8-15,3.6666666666666665,12,3,0,False,False,1.1666666666666663,1.0,-0.08325993846202574,0.9781058396339937,1.4831577866028105,13.56582991866871,0.4584375
0-7-8-15,3.6666666666666665,13,3,1,True,False,1.0666666666666669,2.0,0.0009884022893955938,1.0622495218921,1.1745878889866792,3.517855689410987,0.277
0-7-8-15,3.6666666666666665,14,3,2,False,False,1.1666666666666663,1.0,0.01732847420385801,1.0786942522998775,1.459954080174769,12.72645045484991,0.2849375
0-7-8-15,3.6666666666666665,15,3,3,True,True,1.6761904761904762,0.0,-0.008836112997143883,1.0526674471967654,1.447912714456804,12.061767408182645,0.389
0-8-10-13,2.6666666666666665,0,0,0,True,True,1.7333333333333332,0.0,0.03369590630961275,1.0939846900087615,1.4214697773943548,11.749923730876663,0.3154666666666667
0-8-10-13,2.6666666666666665,1,0,1,False,False,1.25,1.0,0.035182022534063134,1.0953504242107515,1.4487711397592586,13.116259255257507,0.310875
0-8-10-13,2.6666666666666665,2,0,2,True,False,1.0666666666666669,2.0,-0.041743861855112765,1.018105411893593,1.213556003418024,3.1333078385488995,0.2643333333333333
0-8-10-13,2.6666666666666665,3,0,3,False,False,0.8333333333333333,3.0,-0.07075805330256099,0.9894103483741272,1.466253428454791,7.802313482607225,0.4406875
0-8-10-13,2.6666666666666665,4,1,0,False,False,1.5,1.0,0.131155622636761,1.1913240243134493,1.5133557449448007,14.181206387319413,0.2950625
0-8-10-13,2.6666666666666665,5,1,1,True,False,1.3333333333333333,2.0,0.0024202823388866255,1.0624942602175846,1.2346523146900563,4.139085233471092,0.30619999999999997
0-8-10-13,2.6666666666666665,6,1,2,False,False,1.25,1.0,-0.0776558832883138,0.9825125183883745,1.296518696244656,9.401887281846543,0.2204375
0-8-10-13,2.6666666666666665,7,1,3,True,False,0.9333333333333332,2.0,-0.0851758190229348,0.9748271850826519,1.2247770104887785,3.214075758995917,0.3312666666666667
0-8-10-13,2.6666666666666665,8,2,0,True,True,2.0,0.0,0.1786254311097446,1.2389973372856387,1.4509119611964814,15.80000089525358,0.2046
0-8-10-13,2.6666666666666665,9,2,1,False,False,1.75,1.0,0.08597578951979006,1.1461441911964783,1.5327577051905141,13.971901363940207,0.26506250000000003
0-8-10-13,2.6666666666666665,10,2,2,True,True,1.8666666666666665,0.0,-0.0031178901019136267,1.0571226254063633,1.3576844746903936,12.53910944355608,0.24806666666666669
0-8-10-13,2.6666666666666665,11,2,3,False,False,1.1666666666666663,1.0,-0.02087251965814528,1.039295882018543,1.4114160874041464,11.543491425750123,0.335
0-8-10-13,2.6666666666666665,12,3,0,False,False,1.5,1.0,0.36561595935506813,1.4257843610317564,1.6764448014766447,14.834520348363258,0.2148125
0-8-10-13,2.6666666666666665,13,3,1,True,True,1.8666666666666667,0.0,0.13751059471735724,1.1978686503422615,1.4135823797694351,15.57697332605238,0.21513333333333334
0-8-10-13,2.6666666666666665,14,3,2,False,False,1.4166666666666663,1.0,0.003719084624044843,1.0638874863007333,1.5653852220128592,15.143539320048538,0.26156250000000003
0-8-10-13,2.6666666666666665,15,3,3,True,False,1.0095238095238095,2.0,0.015434156522513266,1.0753878911943402,1.178755131550308,3.181148685474008,0.18986666666666666
0-8-10-15,3.333333333333333,0,0,0,True,True,1.676190476190476,0.0,-0.06382099804882903,0.9974846267106926,1.4146431074348835,11.264573206624222,0.31379999999999997
0-8-10-15,3.333333333333333,1,0,1,False,False,1.1666666666666667,1.0,-0.005359728763775112,1.055825858643237,1.4460994691793254,12.744339435275817,0.3753125
0-8-10-15,3.333333333333333,2,0,2,True,False,1.0666666666666669,2.0,-0.00031305902281172774,1.0607268179247666,1.206531893239368,3.210597190156493,0.3738666666666666
0-8-10-15,3.333333333333333,3,0,3,False,False,0.9166666666666666,3.0,0.030739624445249775,1.0919252118522618,1.4071536480959332,7.425939491224795,0.303375
0-8-10-15,3.333333333333333,4,1,0,False,False,1.4166666666666667,1.0,-0.045414589036012365,1.0157709983709997,1.4990853853400459,13.710682596335214,0.370625
0-8-10-15,3.333333333333333,5,1,1,True,False,1.2,2.0,0.011961670700847206,1.0731433296365327,1.2236473989430408,3.6216857337927038,0.265
0-8-10-15,3.333333333333333,6,1,2,False,False,1.25,1.0,-0.047934295818948564,1.0132512915880634,1.3298176579513603,9.914799913098223,0.22493749999999998
0-8-10-15,3.333333333333333,7,1,3,True,False,1.0666666666666669,2.0,-0.0057804463548792205,1.0553496858024116,1.2370388538416996,3.320529600722802,0.3758666666666667
0-8-10-15,3.333333333333333,8,2,0,True,True,1.8666666666666665,0.0,-0.048799523154468,1.0124044980182614,1.2836897187011,11.732620178324828,0.18793333333333334
0-8-10-15,3.333333333333333,9,2,1,False,False,1.5,1.0,-0.04077630401909258,1.0204092833879195,1.4413165286841103,12.492028035128333,0.2609375
0-8-10-15,3.333333333333333,10,2,2,True,True,1.8666666666666665,0.0,-0.07795320903388395,0.9832891274308473,1.3232910290659055,10.976838662746017,0.20666666666666667
0-8-10-15,3.333333333333333,11,2,3,False,False,1.4166666666666663,1.0,-0.10972330846933756,0.9514622789376744,1.4635223152065098,12.5879601538574,0.2764375
0-8-10-15,3.333333333333333,12,3,0,False,False,1.25,1.0,-0.08904876024122071,0.9721368271657913,1.459768276300779,12.939060435797927,0.2919375
0-8-10-15,3.333333333333333,13,3,1,True,False,1.2,2.0,0.017379569112746362,1.078414284884126,1.1681656622614762,3.6406460294344423,0.2548666666666667
0-8-10-15,3.333333333333333,14,3,2,False,False,1.4166666666666663,1.0,-0.10491320772540919,0.9562723796816028,1.4457975603173652,12.59774754111602,0.2234375
0-8-10-15,3.333333333333333,15,3,3,True,True,1.6761904761904762,0.0,-0.09166496786036307,0.9696131916313635,1.3737873889122585,11.048167538651676,0.2306
0-8-13-15,3.333333333333333,0,0,0,True,True,1.676190476190476,0.0,0.04645646481640986,1.1064764747482256,1.4535637496828053,12.065545472596007,0.28833333333333333
0-8-13-15,3.333333333333333,1,0,1,False,False,1.1666666666666667,1.0,0.040388966240200753,1.1002680666893832,1.4369083624290568,12.551431888122357,0.3303125
0-8-13-15,3.333333333333333,2,0,2,True,False,0.9333333333333332,2.0,-0.07372251419103745,0.9859232280897949,1.2616352695870694,3.33945111717636,0.3131333333333333
0-8-13-15,3.333333333333333,3,0,3,False,False,0.8333333333333333,3.0,-0.06971226563224492,0.9901668348169375,1.4535887220536532,7.444821208992171,0.3153125
0-8-13-15,3.333333333333333,4,1,0,False,False,1.4166666666666667,1.0,0.13746441786080918,1.1973435183099916,1.5649582679601806,14.182767675345735,0.3281875
0-8-13-15,3.333333333333333,5,1,1,True,False,1.2,2.0,-0.008443974968154699,1.0512308326806235,1.2515423824394454,3.661669738298992,0.15886666666666666
0-8-13-15,3.333333333333333,6,1,2,False,False,1.0,3.0,-0.05198752944845998,1.0078915710007226,1.2000309383402563,6.526769530442753,0.20875
0-8-13-15,3.333333333333333,7,1,3,True,False,0.9333333333333332,2.0,-0.07372251416570337,0.985923228115165,1.261635269567872,3.33945111719495,0.3131333333333333
0-8-13-15,3.333333333333333,8,2,0,True,True,1.8666666666666665,0.0,0.13261005330360232,1.1926932794373615,1.473798166070879,15.14859204476057,0.21546666666666667
0-8-13-15,3.333333333333333,9,2,1,False,False,1.5,1.0,0.0674021936805511,1.1272812941297334,1.4527476345395673,11.938507279355123,0.2176875
0-8-13-15,3.333333333333333,10,2,2,True,False,1.2,2.0,-0.008443974913364698,1.0512308327353055,1.2515423823822687,3.6616697379878134,0.15886666666666666
0-8-13-15,3.333333333333333,11,2,3,False,False,1.1666666666666663,1.0,0.04038896591647387,1.1002680663656563,1.43690836259981,12.551431889106947,0.3303125
0-8-13-15,3.333333333333333,12,3,0,False,False,1.5,1.0,0.24229795429809092,1.3021770547472733,1.7494641160121847,14.49974428746222,0.2204375
0-8-13-15,3.333333333333333,13,3,1,True,True,1.8666666666666665,0.0,0.13261005327281336,1.1926932794065725,1.4737981660389206,15.14859204666671,0.21546666666666667
0-8-13-15,3.333333333333333,14,3,2,False,False,1.4166666666666663,1.0,0.13746441782771845,1.197343518276901,1.5649582679601362,14.182767672317656,0.3281875
0-8-13-15,3.333333333333333,15,3,3,True,True,1.6761904761904762,0.0,0.04645646468538748,1.106476474617203,1.4535637496607052,12.065545474845752,0.28833333333333333
2-10-13-15,2.6666666666666665,0,0,0,True,False,0.8761904761904762,2.0,0.0026900315285971962,1.062881166536284,1.1609767458341838,2.9879559339496953,0.2782666666666667
2-10-13-15,2.6666666666666665,1,0,1,False,False,1.1666666666666667,1.0,0.009852993040936087,1.070163780022273,1.2728401224193269,10.833551762244644,0.305
2-10-13-15,2.6666666666666665,2,0,2,True,True,1.7333333333333332,0.0,-0.005745440708445135,1.0544809403946498,1.198522956002729,9.719747952336151,0.2414666666666667
2-10-13-15,2.6666666666666665,3,0,3,False,False,1.1666666666666663,1.0,-0.05909818291528823,1.0012126040660487,1.2298322921786942,10.707535169923673,0.2535
2-10-13-15,2.6666666666666665,4,1,0,False,False,0.9166666666666666,3.0,0.06027167174725476,1.1205824587285917,1.301270916824165,7.704824219079914,0.2745
2-10-13-15,2.6666666666666665,5,1,1,True,False,1.2,2.0,-0.01187188935289286,1.0483098617901558,1.1968338775946654,2.9595989304912558,0.11273333333333332
2-10-13-15,2.6666666666666665,6,1,2,False,False,1.5,1.0,0.0045873591078385454,1.0648981460891758,1.437406690834146,12.124596268564352,0.255875
2-10-13-15,2.6666666666666665,7,1,3,True,False,1.2,2.0,-0.0436363451869811,1.0164170687292922,1.1546099130577339,3.6988470579432575,0.21313333333333334
2-10-13-15,2.6666666666666665,8,2,0,True,False,1.0666666666666669,2.0,-0.014700561406777685,1.0453802688107232,1.2029479835123644,3.4650068371466825,0.2643333333333333
2-10-13-15,2.6666666666666665,9,2,1,False,False,1.5,1.0,0.028246609178896098,1.0885573961602333,1.4803885953978806,12.2285563449154,0.32325
2-10-13-15,2.6666666666666665,10,2,2,True,True,2.0,0.0,0.07170415822212692,1.1321900838203118,1.4448053871779356,13.27250672689069,0.1236
2-10-13-15,2.6666666666666665,11,2,3,False,False,1.5,1.0,0.08651862442763739,1.1468294114089743,1.4949086354491357,13.692989636692245,0.25
2-10-13-15,2.6666666666666665,12,3,0,False,False,1.1666666666666663,1.0,0.08033547687709564,1.1406462638584327,1.4967271925467953,11.952625458913339,0.2010625
2-10-13-15,2.6666666666666665,13,3,1,True,True,1.8666666666666665,0.0,0.08605874907928272,1.146587202688174,1.4432719605028883,12.768461213021492,0.1678
2-10-13-15,2.6666666666666665,14,3,2,False,False,1.75,1.0,0.16325045859471982,1.223561245576057,1.6516594797004966,14.689559348654608,0.1854375
2-10-13-15,2.6666666666666665,15,3,3,True,True,1.8666666666666667,0.0,0.10102537766902299,1.1616516628794418,1.536247475658115,13.62280427327612,0.16313333333333332
2-5-10-13,2.333333333333333,0,0,0,True,False,1.0666666666666669,2.0,0.0031315811878106356,1.063359885430865,1.186145432898626,3.309249823109469,0.31193333333333334
2-5-10-13,2.333333333333333,1,0,1,False,False,1.5,1.0,-0.143521054710994,0.9168804033016781,1.600903730214153,15.486579407120766,0.268625
2-5-10-13,2.333333333333333,2,0,2,True,True,1.8666666666666665,0.0,-0.11485989218260567,0.9456536735187097,1.3764086626660956,12.79174242429607,0.24473333333333336
2-5-10-13,2.333333333333333,3,0,3,False,False,1.1666666666666667,1.0,-0.14755390293267823,0.9128475550799939,1.5570704849359567,14.710804176070381,0.3138125
2-5-10-13,2.333333333333333,4,1,0,False,False,1.25,1.0,0.002554497889016594,1.0629559559016886,1.3887596629547578,11.509328499215057,0.242875
2-5-10-13,2.333333333333333,5,1,1,True,True,2.0,0.0,-0.077703091297139,0.9827920738454303,1.4857742298273497,15.384305717956327,0.153
2-5-10-13,2.333333333333333,6,1,2,False,False,1.75,1.0,-0.10071114029494556,0.9596903177177265,1.6051175537468554,14.527052360739894,0.259125
2-5-10-13,2.333333333333333,7,1,3,True,False,1.2,2.0,0.053182560310647976,1.1134287035773027,1.1859608492884741,3.4003623436096957,0.3221333333333333
2-5-10-13,2.333333333333333,8,2,0,True,False,1.2,2.0,0.05318256031064096,1.1134287035772956,1.1859608492884637,3.400362343609546,0.3221333333333333
2-5-10-13,2.333333333333333,9,2,1,False,False,1.75,1.0,-0.10071114029498979,0.9596903177176823,1.6051175537470392,14.527052360740349,0.259125
2-5-10-13,2.333333333333333,10,2,2,True,True,2.0,0.0,-0.07770309129712592,0.9827920738454435,1.4857742298273067,15.38430571800452,0.153
2-5-10-13,2.333333333333333,11,2,3,False,False,1.25,1.0,0.0025544978889485287,1.0629559559016206,1.3887596629548589,11.509328499229875,0.242875
2-5-10-13,2.333333333333333,12,3,0,False,False,1.1666666666666663,1.0,-0.14755390293264142,0.9128475550800306,1.557070484936108,14.71080417607033,0.3138125
2-5-10-13,2.333333333333333,13,3,1,True,True,1.8666666666666667,0.0,-0.1148598921828416,0.9456536735184737,1.376408662666076,12.791742424296578,0.24473333333333333
2-5-10-13,2.333333333333333,14,3,2,False,False,1.5,1.0,-0.14352105471095938,0.9168804033017127,1.6009037302142461,15.486579407088941,0.268625
2-5-10-13,2.333333333333333,15,3,3,True,False,1.0666666666666669,2.0,0.003131581187811505,1.0633598854308661,1.1861454328986236,3.3092498231093033,0.31193333333333334
2-5-10-15,2.6666666666666665,0,0,0,True,False,1.0095238095238095,2.0,0.05391140595533159,1.114478986769256,1.151491637497987,3.206923710017789,0.2305333333333333
2-5-10-15,2.6666666666666665,1,0,1,False,False,1.4166666666666667,1.0,-0.1560612059048661,0.9046081869273774,1.6193627629992369,14.857297825054752,0.20325000000000001
2-5-10-15,2.6666666666666665,2,0,2,True,True,1.8666666666666665,0.0,-0.09742476771320348,0.9633046348500698,1.3268096316358433,11.920083893461197,0.2803333333333333
2-5-10-15,2.6666666666666665,3,0,3,False,False,1.25,1.0,-0.08748014820328041,0.9731892446289631,1.4910187131174406,13.45783682586847,0.3123125
2-5-10-15,2.6666666666666665,4,1,0,False,False,1.1666666666666667,1.0,-0.027897434860797432,1.032771957971446,1.410250302497734,11.536932481886112,0.249875
2-5-10-15,2.6666666666666665,5,1,1,True,True,1.8666666666666665,0.0,-0.0927714793308727,0.9679627379289025,1.450488417912575,14.278008565646003,0.19833333333333333
2-5-10-15,2.6666666666666665,6,1,2,False,False,1.75,1.0,-0.12217955097274039,0.9384898418595032,1.573231897383804,14.326254070268918,0.182125
2-5-10-15,2.6666666666666665,7,1,3,True,False,1.3333333333333333,2.0,0.039774951474145226,1.1002432553408812,1.146984197271102,3.688930142302037,0.1914
2-5-10-15,2.6666666666666665,8,2,0,True,False,1.0666666666666669,2.0,-0.0035371640394509358,1.0569882014931895,1.1878231774613768,3.014206229718091,0.25053333333333333
2-5-10-15,2.6666666666666665,9,2,1,False,False,1.5,1.0,-0.08715144117921987,0.9735179516530237,1.4796031428180345,12.640575597459021,0.1733125
2-5-10-15,2.6666666666666665,10,2,2,True,True,2.0,0.0,-0.12235329001436972,0.9384177218628721,1.413283148204084,13.642587038403713,0.13266666666666665
2-5-10-15,2.6666666666666665,11,2,3,False,False,1.5,1.0,-0.12917289526181186,0.9314964975704317,1.4722714954957397,13.37876530071964,0.2255625
2-5-10-15,2.6666666666666665,12,3,0,False,False,0.9166666666666666,3.0,0.0513179654171997,1.111987358249443,1.4002261317050049,7.97764816235904,0.324125
2-5-10-15,2.6666666666666665,13,3,1,True,False,1.2,2.0,0.02221648799891015,1.0827625897632465,1.1830374085134112,3.1924468792538763,0.2574666666666667
2-5-10-15,2.6666666666666665,14,3,2,False,False,1.5,1.0,-0.13425695488240408,0.9264124379498395,1.5014866683414823,13.579098781135068,0.2435
2-5-10-15,2.6666666666666665,15,3,3,True,True,1.7333333333333334,0.0,-0.12729163999021603,0.9335480680815407,1.4382132667632788,12.219816840807312,0.22333333333333333
2-5-13-15,3.0,0,0,0,True,False,1.0095238095238095,2.0,0.03307397679045352,1.094334900850932,1.1526412348114894,3.160486652645853,0.2739333333333333
2-5-13-15,3.0,1,0,1,False,False,1.4166666666666667,1.0,-0.09272262893058444,0.9685862621316943,1.5411336562337232,14.220573293024225,0.246625
2-5-13-15,3.0,2,0,2,True,True,1.7333333333333332,0.0,-0.052089885902307995,1.0092534898603658,1.293615856730896,11.163538860603728,0.19499999999999998
2-5-13-15,3.0,3,0,3,False,False,1.1666666666666663,1.0,-0.050779156132987315,1.0105297349292914,1.5035266666637366,13.051273800801372,0.3205
2-5-13-15,3.0,4,1,0,False,False,1.1666666666666667,1.0,0.007983190977594304,1.069292082039873,1.3915472162667102,11.249205952579839,0.238125
2-5-13-15,3.0,5,1,1,True,True,1.8666666666666665,0.0,-0.04847650600770351,1.0129057383567703,1.3758235388084268,11.907906252836682,0.11553333333333334
2-5-13-15,3.0,6,1,2,False,False,1.5,1.0,-0.08765559227498987,0.9736532987872888,1.4132369332050754,11.574252159808402,0.18825
2-5-13-15,3.0,7,1,3,True,False,1.2,2.0,-0.013379282080013629,1.0478004206721327,1.1756313071458628,3.5710128226335276,0.3562
2-5-13-15,3.0,8,2,0,True,False,1.0666666666666669,2.0,0.018067682198158238,1.079272826003972,1.1835163360526226,3.5386323658960985,0.312
2-5-13-15,3.0,9,2,1,False,False,1.5,1.0,-0.05870462010704654,1.0026042709552323,1.4562134142279104,12.495002769265696,0.19075
2-5-13-15,3.0,10,2,2,True,False,1.3333333333333333,2.0,0.011592031349779586,1.0728847085142799,1.207300733134461,3.676370013603969,0.25053333333333333
2-5-13-15,3.0,11,2,3,False,False,1.25,1.0,0.01146836325454225,1.072777254316821,1.4487975373507236,12.858849742033083,0.26
2-5-13-15,3.0,12,3,0,False,False,1.1666666666666663,1.0,-0.08722395865630987,0.9740849324059688,1.4687192127398434,12.657089634295346,0.3331875
2-5-13-15,3.0,13,3,1,True,True,1.8666666666666665,0.0,-0.05728080307368391,1.0040658848201685,1.2889049119903282,11.950688395044901,0.177
2-5-13-15,3.0,14,3,2,False,False,1.5,1.0,-0.039137733273025485,1.0221711577892534,1.474699897565879,13.411193048281623,0.244375
2-5-13-15,3.0,15,3,3,True,True,1.7333333333333334,0.0,-0.02885909227097848,1.0326024116613828,1.4164953018125253,11.591106891904024,0.22986666666666666
2-5-7-10,2.0,0,0,0,True,False,1.0666666666666669,2.0,0.03594566748940427,1.0972664109776307,1.170664522134486,3.3767299156246966,0.2727333333333333
2-5-7-10,2.0,1,0,1,False,False,1.5,1.0,-0.04082702306850597,1.0205989865292966,1.5913572540952952,14.684572202824008,0.265
2-5-7-10,2.0,2,0,2,True,True,2.0,0.0,-0.04014090812904857,1.0213194412515731,1.3696809129167669,15.857168224013895,0.1334
2-5-7-10,2.0,3,0,3,False,False,1.5,1.0,-0.08234966383372118,0.9790763457640815,1.592573752706019,15.849873701753308,0.16075
2-5-7-10,2.0,4,1,0,False,False,1.25,1.0,0.022423285266574312,1.083849294864377,1.418150893505999,11.257483822165035,0.2828125
2-5-7-10,2.0,5,1,1,True,True,2.0,0.0,-0.013854187544037304,1.047660178931489,1.4241992649747954,15.183513734824157,0.18653333333333333
2-5-7-10,2.0,6,1,2,False,False,2.0,1.0,-0.040963447890532065,1.0204625617072707,1.535095368481945,15.487282445757366,0.200125
2-5-7-10,2.0,7,1,3,True,True,2.0,0.0,-0.04014090812901194,1.02131944125161,1.3696809129167546,15.857168224015593,0.1334
2-5-7-10,2.0,8,2,0,True,False,1.0666666666666669,2.0,-0.008335715705688047,1.0530047391833957,1.1608900817719507,2.9099003705174775,0.19973333333333335
2-5-7-10,2.0,9,2,1,False,False,1.5,1.0,-0.02971362357481072,1.031712386022992,1.4386178148871605,12.13499459055217,0.18031250000000001
2-5-7-10,2.0,10,2,2,True,True,2.0,0.0,-0.013854187543938747,1.0476601789315874,1.4241992649747632,15.183513734824286,0.18653333333333333
2-5-7-10,2.0,11,2,3,False,False,1.5,1.0,-0.04082702306843073,1.020598986529372,1.5913572540954801,14.684572202824617,0.265
2-5-7-10,2.0,12,3,0,False,False,0.8333333333333333,3.0,-0.02995641801276798,1.0314695915850347,1.433107186094819,8.342766293255478,0.468375
2-5-7-10,2.0,13,3,1,True,False,1.0666666666666669,2.0,-0.008335715705684527,1.0530047391833992,1.160890081771962,2.9099003705174855,0.19973333333333335
2-5-7-10,2.0,14,3,2,False,False,1.25,1.0,0.022423285266477105,1.0838492948642797,1.4181508935059381,11.257483822162165,0.2828125
2-5-7-10,2.0,15,3,3,True,False,1.0666666666666669,2.0,0.035945667489404975,1.0972664109776316,1.170664522134484,3.376729915624694,0.2727333333333333
2-5-7-13,2.6666666666666665,0,0,0,True,False,1.0666666666666669,2.0,-0.023287880080664753,1.0368646750919348,1.2258711634341704,3.2656334672836635,0.31093333333333334
2-5-7-13,2.6666666666666665,1,0,1,False,False,1.5,1.0,0.0390654233641811,1.099421473092494,1.6427818228414084,14.720379688035033,0.252875
2-5-7-13,2.6666666666666665,2,0,2,True,True,1.8666666666666665,0.0,0.12355690496809872,1.184174210527711,1.4495655789919837,15.071128918838404,0.22426666666666667
2-5-7-13,2.6666666666666665,3,0,3,False,False,1.4166666666666667,1.0,0.27035087330585417,1.3307069230341673,1.6705601130043628,14.494048184989783,0.3189375
2-5-7-13,2.6666666666666665,4,1,0,False,False,1.25,1.0,-0.0022820923325493746,1.0580739573957636,1.4554053473263893,11.66137898099896,0.298875
2-5-7-13,2.6666666666666665,5,1,1,True,True,2.0,0.0,0.0421115745831029,1.1025907575303544,1.3994584269244312,13.149307315918138,0.18373333333333333
2-5-7-13,2.6666666666666665,6,1,2,False,False,1.75,1.0,0.09309955256237683,1.1534556022906899,1.5181706615529884,13.668151340507544,0.2813125
2-5-7-13,2.6666666666666665,7,1,3,True,True,1.8666666666666665,0.0,0.14492245808118512,1.2054719405621792,1.437132204028555,13.983279942026538,0.25853333333333334
2-5-7-13,2.6666666666666665,8,2,0,True,False,1.0666666666666669,2.0,-0.019410786189100245,1.0407076134914555,1.2019905602458818,3.324173817163641,0.21553333333333333
2-5-7-13,2.6666666666666665,9,2,1,False,False,1.5,1.0,-0.009344957338241849,1.051011092390071,1.450926173021778,12.092830913306853,0.2653125
2-5-7-13,2.6666666666666665,10,2,2,True,False,1.3333333333333333,2.0,-0.013078787897322053,1.0473196670181473,1.2625751150763156,3.735044420532374,0.24633333333333332
2-5-7-13,2.6666666666666665,11,2,3,False,False,1.25,1.0,0.08520024160539683,1.1455562913337098,1.3704007308302355,11.764637990264779,0.38625
2-5-7-13,2.6666666666666665,12,3,0,False,False,1.0833333333333333,1.0,-0.019545593947002997,1.04081045578131,1.2762994589123977,10.601286361924114,0.371375
2-5-7-13,2.6666666666666665,13,3,1,True,True,1.7333333333333334,0.0,0.0014355540418320434,1.0617290828454853,1.2089637327492018,9.919628061197852,0.21726666666666666
2-5-7-13,2.6666666666666665,14,3,2,False,False,1.25,1.0,0.02084120345710258,1.0811972531854155,1.2905923215605237,11.4484551351019,0.35925
2-5-7-13,2.6666666666666665,15,3,3,True,False,1.0666666666666669,2.0,-0.01825566546847888,1.0418036628289362,1.2404090286274991,2.9484626639648543,0.4254
2-5-7-15,2.6666666666666665,0,0,0,True,False,1.0095238095238095,2.0,0.015434156522371623,1.0753878911942132,1.1787551315504348,3.1811486854744806,0.18986666666666666
2-5-7-15,2.6666666666666665,1,0,1,False,False,1.4166666666666667,1.0,0.003719084650805192,1.0638874863275158,1.565385221976094,15.143539320102063,0.26156250000000003
2-5-7-15,2.6666666666666665,2,0,2,True,True,1.8666666666666665,0.0,0.1375105947240673,1.1978686503490874,1.4135823797899796,15.57697332605674,0.21513333333333332
2-5-7-15,2.6666666666666665,3,0,3,False,False,1.5,1.0,0.36561595930939506,1.4257843609861056,1.6764448014117224,14.834520348444027,0.21481250000000002
2-5-7-15,2.6666666666666665,4,1,0,False,False,1.1666666666666667,1.0,-0.020872519671589016,1.0392958820051215,1.4114160873664914,11.543491429686803,0.335
2-5-7-15,2.6666666666666665,5,1,1,True,True,1.8666666666666665,0.0,-0.003117890117812938,1.0571226253904877,1.3576844747324008,12.53910944354623,0.24806666666666669
2-5-7-15,2.6666666666666665,6,1,2,False,False,1.75,1.0,0.08597578953127265,1.1461441912079833,1.5327577051263235,13.971901363891568,0.26506250000000003
2-5-7-15,2.6666666666666665,7,1,3,True,True,2.0,0.0,0.17862543107756293,1.2389973372534808,1.450911961197705,15.800000895111241,0.2046
2-5-7-15,2.6666666666666665,8,2,0,True,False,0.9333333333333332,2.0,-0.08517581903095123,0.9748271850746594,1.224777010482217,3.214075758979676,0.3312666666666667
2-5-7-15,2.6666666666666665,9,2,1,False,False,1.25,1.0,-0.07765588318044686,0.9825125184962638,1.296518696024698,9.401887281899683,0.2204375
2-5-7-15,2.6666666666666665,10,2,2,True,False,1.3333333333333333,2.0,0.002420282331962023,1.062494260210684,1.234652314689417,4.139085233443295,0.30619999999999997
2-5-7-15,2.6666666666666665,11,2,3,False,False,1.5,1.0,0.13115562266688818,1.1913240243435987,1.5133557449283914,14.181206387502273,0.2950625
2-5-7-15,2.6666666666666665,12,3,0,False,False,0.8333333333333333,3.0,-0.07075805327180705,0.9894103484049036,1.4662534286220341,7.8023134826205816,0.4406875
2-5-7-15,2.6666666666666665,13,3,1,True,False,1.0666666666666669,2.0,-0.041743861855140826,1.018105411893489,1.2135560034156265,3.1333078385517634,0.26433333333333336
2-5-7-15,2.6666666666666665,14,3,2,False,False,1.25,1.0,0.03518202248986409,1.0953504241665746,1.4487711400275847,13.116259255271489,0.310875
2-5-7-15,2.6666666666666665,15,3,3,True,True,1.7333333333333334,0.0,0.03369590631426204,1.0939846900134347,1.4214697773569378,11.74992373088467,0.3154666666666667
2-5-7-8,2.6666666666666665,0,0,0,True,False,1.2,2.0,-0.03654379102634887,1.0234325421558146,1.2164079272887702,3.334521218214804,0.214
2-5-7-8,2.6666666666666665,1,0,1,False,False,1.5,1.0,0.06685282063181631,1.1270484430181136,1.5617925920554414,14.503786203095467,0.27918750000000003
2-5-7-8,2.6666666666666665,2,0,2,True,True,1.8666666666666665,0.0,0.15104950766199518,1.2115034313000221,1.4536562586335349,15.26428196650883,0.21053333333333332
2-5-7-8,2.6666666666666665,3,0,3,False,False,1.4166666666666667,1.0,0.2935057317085969,1.353701354094894,1.6616628809160083,15.05265517494431,0.23425
2-5-7-8,2.6666666666666665,4,1,0,False,False,1.5,1.0,-0.041619274796525725,1.0185763475897713,1.4988782564883492,14.33647851021088,0.24862499999999998
2-5-7-8,2.6666666666666665,5,1,1,True,True,2.0,0.0,0.03033750867606207,1.0906434282714075,1.4102149180176722,14.293812773643715,0.15933333333333335
2-5-7-8,2.6666666666666665,6,1,2,False,False,1.75,1.0,0.10021791635190366,1.1604135387382009,1.5116654282877455,13.478157577553226,0.2215
2-5-7-8,2.6666666666666665,7,1,3,True,True,1.8666666666666665,0.0,0.1553082001398785,1.215723431352249,1.4413560795708955,14.370620943526749,0.2368
2-5-7-8,2.6666666666666665,8,2,0,True,True,1.7333333333333334,0.0,-0.03227702784022533,1.027885870492587,1.2740400922445332,11.501251850230323,0.1734
2-5-7-8,2.6666666666666665,9,2,1,False,False,1.5,1.0,-0.05951102694340066,1.0006845954428965,1.4148954358381063,11.497847181257537,0.2295625
2-5-7-8,2.6666666666666665,10,2,2,True,False,1.3333333333333333,2.0,-0.018554858838213565,1.04166085678407,1.2816192886185525,3.5930381273715994,0.2707333333333333
2-5-7-8,2.6666666666666665,11,2,3,False,False,1.25,1.0,0.08529092439335895,1.1454865467796562,1.3328772447566046,11.26201674327414,0.3795
2-5-7-8,2.6666666666666665,12,3,0,False,False,1.0833333333333333,1.0,-0.054025304243556095,1.006170318142741,1.4982031403375833,12.94532376404252,0.29512499999999997
2-5-7-8,2.6666666666666665,13,3,1,True,False,1.0666666666666669,2.0,-0.0019153437033277423,1.0580068489451582,1.2228985917223214,3.204175510570863,0.2354
2-5-7-8,2.6666666666666665,14,3,2,False,False,1.0,3.0,0.06971603715323613,1.1299116595395333,1.3104096086643866,7.381316778978707,0.2709375
2-5-7-8,2.6666666666666665,15,3,3,True,False,0.9333333333333332,2.0,-0.01158019094018231,1.048304456839536,1.250135001855584,2.884854970046277,0.41486666666666666
2-5-8-10,2.333333333333333,0,0,0,True,False,1.2,2.0,0.012434595083507194,1.0724488770831262,1.1964672489618429,3.4397463782925133,0.21473333333333333
2-5-8-10,2.333333333333333,1,0,1,False,False,1.5,1.0,-0.1196906935302683,0.9405143330702305,1.540573216579211,15.677620249543423,0.21125
2-5-8-10,2.333333333333333,2,0,2,True,True,1.8666666666666665,0.0,-0.10548445649229539,0.9548512887483251,1.3810428720284098,13.053236604086528,0.1962
2-5-8-10,2.333333333333333,3,0,3,False,False,1.1666666666666663,1.0,-0.15214364839274508,0.9080613782077536,1.5456645955724746,14.44370493397686,0.332375
2-5-8-10,2.333333333333333,4,1,0,False,False,1.5,1.0,-0.11969069354091849,0.9405143330595802,1.5405732166227801,15.677620249543553,0.21125
2-5-8-10,2.333333333333333,5,1,1,True,True,2.0,0.0,-0.09435406755870421,0.9659938499146734,1.5256928449560538,16.41762037446067,0.14533333333333334
2-5-8-10,2.333333333333333,6,1,2,False,False,1.75,1.0,-0.0953280488567042,0.9648769777437943,1.5938269068014448,14.542309779091514,0.170125
2-5-8-10,2.333333333333333,7,1,3,True,False,1.2,2.0,0.06062913207915145,1.1206611346115425,1.1843373947806877,3.5499624504622203,0.3164
2-5-8-10,2.333333333333333,8,2,0,True,True,1.8666666666666665,0.0,-0.10548445653807964,0.9548512887025408,1.3810428720336332,13.053236604086692,0.1962
2-5-8-10,2.333333333333333,9,2,1,False,False,1.75,1.0,-0.09532804880587181,0.9648769777946269,1.593826906849464,14.542309779852323,0.170125
2-5-8-10,2.333333333333333,10,2,2,True,True,2.0,0.0,-0.05875653655862898,1.0015001905706062,1.4441978555857724,14.106024349693147,0.14173333333333332
2-5-8-10,2.333333333333333,11,2,3,False,False,1.25,1.0,-0.030771013204530528,1.029434013395968,1.4041834903082346,11.799284957828597,0.2385
2-5-8-10,2.333333333333333,12,3,0,False,False,1.1666666666666663,1.0,-0.15214364839465308,0.9080613782058455,1.5456645958553707,14.443704933986568,0.332375
2-5-8-10,2.333333333333333,13,3,1,True,False,1.2,2.0,0.06062913207732665,1.120661134609718,1.1843373947770652,3.5499624504616194,0.3164
2-5-8-10,2.333333333333333,14,3,2,False,False,1.25,1.0,-0.030771013200341653,1.0294340134001572,1.4041834903462544,11.799284957826986,0.2385
2-5-8-10,2.333333333333333,15,3,3,True,False,0.9333333333333332,2.0,-0.01677803044662266,1.04322452352391,1.1778927390742064,3.101671860577017,0.2922
2-5-8-13,2.6666666666666665,0,0,0,True,False,1.2,2.0,-0.03654379102639956,1.0234325421557604,1.2164079272889987,3.3345212182147965,0.214
2-5-8-13,2.6666666666666665,1,0,1,False,False,1.5,1.0,-0.04161927479608778,1.0185763475902059,1.4988782564905825,14.336478510211832,0.24862499999999998
2-5-8-13,2.6666666666666665,2,0,2,True,True,1.7333333333333332,0.0,-0.03227702784049521,1.027885870492313,1.2740400922455677,11.501251850229233,0.1734
2-5-8-13,2.6666666666666665,3,0,3,False,False,1.0833333333333333,1.0,-0.054025304243605396,1.0061703181426882,1.4982031403374065,12.945323764042136,0.29512499999999997
2-5-8-13,2.6666666666666665,4,1,0,False,False,1.5,1.0,0.06685282063328214,1.1270484430195757,1.5617925920533968,14.503786203095144,0.27918750000000003
2-5-8-13,2.6666666666666665,5,1,1,True,True,2.0,0.0,0.030337508667645414,1.0906434282629873,1.4102149180114365,14.293812773644254,0.15933333333333335
2-5-8-13,2.6666666666666665,6,1,2,False,False,1.5,1.0,-0.05951102694225961,1.0006845954440342,1.4148954358395336,11.49784718127117,0.2295625
2-5-8-13,2.6666666666666665,7,1,3,True,False,1.0666666666666669,2.0,-0.0019153437033482305,1.058006848945134,1.2228985917223316,3.2041755105709138,0.2354
2-5-8-13,2.6666666666666665,8,2,0,True,True,1.8666666666666665,0.0,0.15104950766237757,1.2115034313004007,1.453656258633602,15.264281966510602,0.21053333333333332
2-5-8-13,2.6666666666666665,9,2,1,False,False,1.75,1.0,0.1002179163495277,1.1604135387358214,1.5116654282895075,13.478157577552714,0.2215
2-5-8-13,2.6666666666666665,10,2,2,True,False,1.3333333333333333,2.0,-0.018554858838195125,1.0416608567840844,1.2816192886178277,3.593038127371543,0.2707333333333333
2-5-8-13,2.6666666666666665,11,2,3,False,False,1.0,3.0,0.06971603715317579,1.1299116595394694,1.3104096086654158,7.381316778979061,0.2709375
2-5-8-13,2.6666666666666665,12,3,0,False,False,1.4166666666666663,1.0,0.29350573170899086,1.3537013540952845,1.6616628809136706,15.052655174944205,0.23425
2-5-8-13,2.6666666666666665,13,3,1,True,True,1.8666666666666667,0.0,0.15530820014118743,1.2157234313535552,1.441356079572926,14.37062094352666,0.2368
2-5-8-13,2.6666666666666665,14,3,2,False,False,1.25,1.0,0.08529092439421523,1.1454865467805089,1.3328772447520547,11.262016743273618,0.3795
2-5-8-13,2.6666666666666665,15,3,3,True,False,0.9333333333333332,2.0,-0.011580190940225213,1.0483044568394895,1.2501350018556627,2.8848549700455277,0.41486666666666666
2-5-8-15,3.333333333333333,0,0,0,True,False,1.1428571428571428,2.0,0.05884772397531135,1.1191095408679295,1.148000345395293,3.2019885923243465,0.16633333333333333
2-5-8-15,3.333333333333333,1,0,1,False,False,1.4166666666666667,1.0,-0.09230563618224394,0.9681013034515336,1.5329395708661984,14.720665902556277,0.2645
2-5-8-15,3.333333333333333,2,0,2,True,True,1.7333333333333332,0.0,-0.07645923756397431,0.9840212575423518,1.3558543496344553,12.03187294287132,0.2604
2-5-8-15,3.333333333333333,3,0,3,False,False,1.1666666666666663,1.0,-0.09058065762266194,0.9698262820111154,1.5223587412852853,14.035428347011809,0.3173125
2-5-8-15,3.333333333333333,4,1,0,False,False,1.4166666666666667,1.0,-0.09230563623736272,0.9681013033964148,1.532939570869386,14.720665902567855,0.2645
2-5-8-15,3.333333333333333,5,1,1,True,True,1.8666666666666665,0.0,-0.08945131964030305,0.9710255940638113,1.46539222451131,13.195923196796162,0.16573333333333334
2-5-8-15,3.333333333333333,6,1,2,False,False,1.5,1.0,-0.1087071725297699,0.9516997671040076,1.4369823490252982,11.546082126802952,0.1878125
2-5-8-15,3.333333333333333,7,1,3,True,False,1.2,2.0,0.011295802380126728,1.0715342320755452,1.1806964687426285,3.5160662967722045,0.2966666666666667
2-5-8-15,3.333333333333333,8,2,0,True,True,1.7333333333333332,0.0,-0.07645923760076702,0.9840212575055589,1.3558543495381452,12.031872942909034,0.2604
2-5-8-15,3.333333333333333,9,2,1,False,False,1.5,1.0,-0.10870717236027445,0.951699767273503,1.4369823489120066,11.546082126791372,0.1878125
2-5-8-15,3.333333333333333,10,2,2,True,False,1.3333333333333333,2.0,0.003717009305681926,1.0639896436004879,1.222488048567674,3.0971736240748715,0.11793333333333335
2-5-8-15,3.333333333333333,11,2,3,False,False,1.25,1.0,0.07994528769542059,1.1403522273291982,1.4957937653068278,11.556291943957284,0.241375
2-5-8-15,3.333333333333333,12,3,0,False,False,1.1666666666666663,1.0,-0.09058065764823958,0.9698262819855379,1.5223587411197614,14.035428339595507,0.3173125
2-5-8-15,3.333333333333333,13,3,1,True,False,1.2,2.0,0.011295802389347314,1.0715342320846348,1.1806964687742167,3.516066296603017,0.2966666666666667
2-5-8-15,3.333333333333333,14,3,2,False,False,1.25,1.0,0.07994528752997335,1.140352227163751,1.495793765274235,11.556291943979708,0.241375
2-5-8-15,3.333333333333333,15,3,3,True,True,1.6,0.0,0.08675600123936586,1.1473315687324146,1.3899839370887657,9.585330595281599,0.261
2-7-10-13,2.6666666666666665,0,0,0,True,False,0.9333333333333332,2.0,-0.01158019094020277,1.0483044568395137,1.250135001855631,2.8848549700459083,0.41486666666666666
2-7-10-13,2.6666666666666665,1,0,1,False,False,1.25,1.0,0.08529092439378698,1.145486546780082,1.3328772447541504,11.262016743272953,0.3795
2-7-10-13,2.6666666666666665,2,0,2,True,True,1.8666666666666665,0.0,0.15530820014057828,1.2157234313529472,1.4413560795720093,14.370620943527115,0.2368
2-7-10-13,2.6666666666666665,3,0,3,False,False,1.4166666666666667,1.0,0.29350573170875616,1.3537013540950513,1.6616628809147578,15.05265517494438,0.23425
2-7-10-13,2.6666666666666665,4,1,0,False,False,1.0,3.0,0.06971603715326422,1.1299116595395593,1.31040960866457,7.381316778979118,0.2709375
2-7-10-13,2.6666666666666665,5,1,1,True,False,1.3333333333333333,2.0,-0.018554858838204173,1.0416608567840766,1.2816192886181754,3.593038127371588,0.2707333333333333
2-7-10-13,2.6666666666666665,6,1,2,False,False,1.75,1.0,0.10021791635066178,1.160413538736957,1.5116654282886184,13.478157577553638,0.2215
2-7-10-13,2.6666666666666665,7,1,3,True,True,1.8666666666666665,0.0,0.151049507662001,1.211503431300026,1.4536562586335837,15.264281966510781,0.21053333333333332
2-7-10-13,2.6666666666666665,8,2,0,True,False,1.0666666666666669,2.0,-0.001915343703338481,1.058006848945145,1.2228985917223345,3.2041755105708347,0.2354
2-7-10-13,2.6666666666666665,9,2,1,False,False,1.5,1.0,-0.059511026942826575,1.0006845954434684,1.4148954358387862,11.497847181264564,0.2295625
2-7-10-13,2.6666666666666665,10,2,2,True,True,2.0,0.0,0.030337508671446325,1.0906434282667896,1.4102149180145414,14.293812773644195,0.15933333333333335
2-7-10-13,2.6666666666666665,11,2,3,False,False,1.5,1.0,0.06685282063260456,1.1270484430188996,1.5617925920543738,14.503786203095578,0.27918750000000003
2-7-10-13,2.6666666666666665,12,3,0,False,False,1.0833333333333333,1.0,-0.05402530424358466,1.0061703181427104,1.4982031403374974,12.945323764043042,0.29512499999999997
2-7-10-13,2.6666666666666665,13,3,1,True,True,1.7333333333333334,0.0,-0.03227702784020176,1.0278858704926082,1.2740400922450494,11.50125185022884,0.1734
2-7-10-13,2.6666666666666665,14,3,2,False,False,1.5,1.0,-0.041619274796283384,1.0185763475900118,1.4988782564897498,14.336478510211588,0.248625
2-7-10-13,2.6666666666666665,15,3,3,True,False,1.2,2.0,-0.03654379102637702,1.0234325421557842,1.2164079272888868,3.334521218214812,0.214
2-7-10-15,2.333333333333333,0,0,0,True,False,0.8761904761904762,2.0,-0.01886052849555257,1.0413433429384047,1.2014714164606586,2.8666829596865195,0.2764
2-7-10-15,2.333333333333333,1,0,1,False,False,1.1666666666666667,1.0,0.05975818194467607,1.1202525580651606,1.3028439829897656,11.302074602909508,0.2891875
2-7-10-15,2.333333333333333,2,0,2,True,True,1.8666666666666665,0.0,0.10189392353493337,1.1625545893337557,1.372068873495482,15.002478945039098,0.23093333333333332
2-7-10-15,2.333333333333333,3,0,3,False,False,1.5,1.0,0.11451822790914366,1.1750126040296283,1.4482657252807618,15.529091183187408,0.2229375
2-7-10-15,2.333333333333333,4,1,0,False,False,0.9166666666666666,3.0,0.049131075902971645,1.109625452023456,1.29598899956442,7.557372776487983,0.3443125
2-7-10-15,2.333333333333333,5,1,1,True,False,1.2,2.0,0.050852959524945604,1.1114934483841337,1.2635173052054198,4.033079883670068,0.2832
2-7-10-15,2.333333333333333,6,1,2,False,False,1.75,1.0,0.08967342423063476,1.1501678003511193,1.4914018233785795,13.880061302500646,0.2839375
2-7-10-15,2.333333333333333,7,1,3,True,True,2.0,0.0,0.0878543532746577,1.1485530510437014,1.3562827187496993,16.53931830009414,0.1434
2-7-10-15,2.333333333333333,8,2,0,True,False,0.9333333333333332,2.0,-0.11260881137081519,0.9474645449385878,1.2826657793167846,3.1372617205752933,0.2722
2-7-10-15,2.333333333333333,9,2,1,False,False,1.25,1.0,-0.04647527263343377,1.0140191034870507,1.2995480147541973,9.485289311666634,0.192875
2-7-10-15,2.333333333333333,10,2,2,True,True,2.0,0.0,0.03386075292138272,1.094460602509737,1.3044215325978905,13.742780686027716,0.17046666666666666
2-7-10-15,2.333333333333333,11,2,3,False,False,1.75,1.0,0.058050197651917296,1.118544573772402,1.413611545241922,15.590018606024094,0.241875
2-7-10-15,2.333333333333333,12,3,0,False,False,0.8333333333333333,3.0,-0.021207638313110046,1.0392867378073747,1.4205088682838878,7.007002484150359,0.211875
2-7-10-15,2.333333333333333,13,3,1,True,False,1.0666666666666669,2.0,-0.0043770409442096736,1.055931905611568,1.1839835782309995,3.4563953303364996,0.22673333333333334
2-7-10-15,2.333333333333333,14,3,2,False,False,1.5,1.0,0.019420755735156135,1.0799151318556406,1.32343705935907,13.878046379770522,0.235
2-7-10-15,2.333333333333333,15,3,3,True,True,1.8666666666666667,0.0,0.0515939062634067,1.1122120371400384,1.3469872517817716,14.36848512500892,0.24293333333333333
2-7-13-15,3.0,0,0,0,True,False,0.8761904761904762,2.0,0.0026400682277400267,1.0632974313085444,1.125265263874488,2.8733671663210334,0.3287333333333333
2-7-13-15,3.0,1,0,1,False,False,1.1666666666666667,1.0,0.0732141827698249,1.1339327562269168,1.3047980970919066,11.039062059404957,0.333125
2-7-13-15,3.0,2,0,2,True,True,1.7333333333333332,0.0,0.11259501342158157,1.1735258262099248,1.4552283254164249,13.473414162496846,0.22146666666666667
2-7-13-15,3.0,3,0,3,False,False,1.4166666666666667,1.0,0.22302210199224648,1.2837406754493386,1.6767209864826047,13.490984160277451,0.20625
2-7-13-15,3.0,4,1,0,False,False,0.9166666666666666,3.0,0.04847693078053226,1.1091955042376243,1.2924978433400525,7.276614028305204,0.34175
2-7-13-15,3.0,5,1,1,True,False,1.2,2.0,-0.004304795916956454,1.0562529466585375,1.2332104559649546,3.0560037455487006,0.23393333333333333
2-7-13-15,3.0,6,1,2,False,False,1.5,1.0,0.0498588324507818,1.110577405907874,1.426689557653713,11.565803118575005,0.2796875
2-7-13-15,3.0,7,1,3,True,True,1.8666666666666665,0.0,0.10415347566605235,1.1651110477042854,1.4564025407238241,14.51023907058381,0.20653333333333332
2-7-13-15,3.0,8,2,0,True,False,0.9333333333333332,2.0,-0.0683847133632342,0.9921330573584065,1.234878898447192,3.52636728720099,0.3028666666666667
2-7-13-15,3.0,9,2,1,False,False,1.25,1.0,-0.1142581357619366,0.9464604376951554,1.3248172863993959,9.84441310400868,0.2409375
2-7-13-15,3.0,10,2,2,True,False,1.3333333333333333,2.0,0.011535145814691167,1.0720781989051755,1.2207032130012117,3.994518829609922,0.3303333333333333
2-7-13-15,3.0,11,2,3,False,False,1.5,1.0,0.07053237690689843,1.1312509503639905,1.4969910905269723,14.971000482562184,0.217
2-7-13-15,3.0,12,3,0,False,False,1.0833333333333333,1.0,-0.14158482005728062,0.9191337533998114,1.4829437887686185,12.799044761344351,0.2979375
2-7-13-15,3.0,13,3,1,True,True,1.7333333333333332,0.0,-0.09883887065378148,0.9618041704353053,1.2738403284850774,10.439394615494212,0.2018
2-7-13-15,3.0,14,3,2,False,False,1.5,1.0,-0.04770324691126398,1.0130153265458282,1.4092318240186739,14.113731072975657,0.2688125
2-7-13-15,3.0,15,3,3,True,True,1.8666666666666667,0.0,-0.019668267736242362,1.0411402326643768,1.4386183729061857,13.570447805642896,0.2023333333333333
2-7-8-10,2.6666666666666665,0,0,0,True,False,1.0666666666666669,2.0,-0.018255665468470135,1.0418036628289449,1.240409028627468,2.9484626639647473,0.4254
2-7-8-10,2.6666666666666665,1,0,1,False,False,1.25,1.0,0.08520024160529756,1.1455562913336104,1.3704007308302482,11.764637990259338,0.38625
2-7-8-10,2.6666666666666665,2,0,2,True,True,1.8666666666666665,0.0,0.14492245808106594,1.2054719405620598,1.437132204028362,13.98327994202508,0.25853333333333334
2-7-8-10,2.6666666666666665,3,0,3,False,False,1.4166666666666667,1.0,0.27035087330582425,1.330706923034137,1.6705601130044208,14.494048184991145,0.3189375
2-7-8-10,2.6666666666666665,4,1,0,False,False,1.25,1.0,0.020841203456981552,1.0811972531852945,1.2905923215607518,11.448455135102993,0.35924999999999996
2-7-8-10,2.6666666666666665,5,1,1,True,False,1.3333333333333333,2.0,-0.013078787897322686,1.0473196670181466,1.262575115076308,3.7350444205323243,0.24633333333333332
2-7-8-10,2.6666666666666665,6,1,2,False,False,1.75,1.0,0.09309955256238901,1.1534556022907019,1.5181706615528605,13.66815134050415,0.2813125
2-7-8-10,2.6666666666666665,7,1,3,True,True,1.8666666666666665,0.0,0.12355690496805813,1.1841742105276702,1.4495655789919655,15.07112891883792,0.22426666666666667
2-7-8-10,2.6666666666666665,8,2,0,True,True,1.7333333333333332,0.0,0.0014355540417689584,1.0617290828454218,1.2089637327491074,9.91962806119423,0.21726666666666666
2-7-8-10,2.6666666666666665,9,2,1,False,False,1.5,1.0,-0.00934495733817667,1.0510110923901361,1.4509261730218115,12.092830913305981,0.2653125
2-7-8-10,2.6666666666666665,10,2,2,True,True,2.0,0.0,0.04211157458323358,1.1025907575304854,1.3994584269242096,13.149307315917826,0.18373333333333333
2-7-8-10,2.6666666666666665,11,2,3,False,False,1.5,1.0,0.039065423364152335,1.0994214730924652,1.642781822841145,14.720379688037019,0.252875
2-7-8-10,2.6666666666666665,12,3,0,False,False,1.0833333333333333,1.0,-0.01954559394698014,1.0408104557813327,1.2762994589125227,10.601286361917685,0.371375
2-7-8-10,2.6666666666666665,13,3,1,True,False,1.0666666666666669,2.0,-0.01941078618910563,1.04070761349145,1.2019905602457863,3.3241738171636266,0.21553333333333333
2-7-8-10,2.6666666666666665,14,3,2,False,False,1.25,1.0,-0.0022820923325552606,1.0580739573957576,1.4554053473262543,11.661378980997481,0.298875
2-7-8-10,2.6666666666666665,15,3,3,True,False,1.0666666666666669,2.0,-0.023287880080662755,1.0368646750919366,1.225871163434174,3.2656334672841725,0.31093333333333334
2-7-8-13,3.333333333333333,0,0,0,True,False,1.0666666666666669,2.0,-0.04596757411209889,1.013000069736331,1.2043312368494739,2.8646374212931796,0.2922666666666667
2-7-8-13,3.333333333333333,1,0,1,False,False,1.25,1.0,0.06705470954681121,1.1263607970481886,1.3533914008854722,11.744972904980292,0.38325
2-7-8-13,3.333333333333333,2,0,2,True,True,1.7333333333333332,0.0,0.041721367801969236,1.101189750095429,1.471041302279265,13.597053767437606,0.3924
2-7-8-13,3.333333333333333,3,0,3,False,False,1.3333333333333337,1.0,0.04763472111144698,1.1069408086128243,1.7546153972455434,14.712720488941587,0.3523125
2-7-8-13,3.333333333333333,4,1,0,False,False,1.25,1.0,0.06705470954679954,1.126360797048177,1.3533914008854846,11.74497290497889,0.38325
2-7-8-13,3.333333333333333,5,1,1,True,False,1.3333333333333333,2.0,0.033130141075339174,1.0922324409391941,1.24789768352282,3.3610653469862957,0.27873333333333333
2-7-8-13,3.333333333333333,6,1,2,False,False,1.5,1.0,0.02345840448415485,1.0827644919855324,1.4255452674880633,11.665348988346327,0.31975000000000003
2-7-8-13,3.333333333333333,7,1,3,True,True,1.7333333333333332,0.0,0.04172136780197486,1.1011897500954348,1.4710413022792346,13.597053767437187,0.3924
2-7-8-13,3.333333333333333,8,2,0,True,True,1.7333333333333332,0.0,0.04172136780207451,1.1011897500955343,1.4710413022792679,13.597053767436185,0.3924
2-7-8-13,3.333333333333333,9,2,1,False,False,1.5,1.0,0.023458404484188292,1.0827644919855657,1.4255452674881504,11.665348988347226,0.31975000000000003
2-7-8-13,3.333333333333333,10,2,2,True,False,1.3333333333333333,2.0,0.03313014107534116,1.0922324409391964,1.247897683522822,3.361065346985909,0.27873333333333333
2-7-8-13,3.333333333333333,11,2,3,False,False,1.25,1.0,0.06705470954687892,1.1263607970482563,1.3533914008856454,11.744972904980317,0.38325
2-7-8-13,3.333333333333333,12,3,0,False,False,1.3333333333333333,1.0,0.047634721111443026,1.1069408086128203,1.7546153972458283,14.71272048894139,0.35231250000000003
2-7-8-13,3.333333333333333,13,3,1,True,True,1.7333333333333334,0.0,0.04172136780209827,1.101189750095558,1.471041302279238,13.597053767435481,0.3924
2-7-8-13,3.333333333333333,14,3,2,False,False,1.25,1.0,0.06705470954685727,1.1263607970482346,1.3533914008856451,11.744972904978788,0.38325
2-7-8-13,3.333333333333333,15,3,3,True,False,1.0666666666666669,2.0,-0.0459675741121018,1.0130000697363282,1.2043312368494776,2.864637421293189,0.2922666666666667
2-7-8-15,3.333333333333333,0,0,0,True,False,1.0095238095238095,2.0,0.010119308322276135,1.0703256054046748,1.1743915583135023,3.0097280533950195,0.3380666666666666
2-7-8-15,3.333333333333333,1,0,1,False,False,1.1666666666666667,1.0,0.08511017041590269,1.1454889860176984,1.3189882715313006,11.654789852059935,0.343125
2-7-8-15,3.333333333333333,2,0,2,True,True,1.7333333333333332,0.0,0.09315746430973576,1.1537390134931016,1.4382249358948167,13.73117591763492,0.3256
2-7-8-15,3.333333333333333,3,0,3,False,False,1.4166666666666667,1.0,0.18146679362341273,1.2418456092252084,1.7009916279332131,13.957258575807117,0.26425
2-7-8-15,3.333333333333333,4,1,0,False,False,1.1666666666666667,1.0,0.0566201004398262,1.1169989160416218,1.2904798771787325,11.162773137233197,0.3938125
2-7-8-15,3.333333333333333,5,1,1,True,False,1.2,2.0,0.008028940614651722,1.0682986674457549,1.2225401663149316,3.3677562833452384,0.27040000000000003
2-7-8-15,3.333333333333333,6,1,2,False,False,1.5,1.0,0.04286575016414449,1.10324456576594,1.4354795274834662,11.761086670986444,0.350625
2-7-8-15,3.333333333333333,7,1,3,True,True,1.8666666666666665,0.0,0.11396580285181553,1.1746314450699082,1.482036483297061,14.242055259230535,0.21973333333333336
2-7-8-15,3.333333333333333,8,2,0,True,True,1.6,0.0,-0.022962738234786353,1.0372877012635429,1.2320580160960766,8.465041710461888,0.42560000000000003
2-7-8-15,3.333333333333333,9,2,1,False,False,1.25,1.0,-0.07646995654169529,0.9839088590601004,1.304011274229502,9.658539010106313,0.22187500000000002
2-7-8-15,3.333333333333333,10,2,2,True,False,1.3333333333333333,2.0,-0.02032946267352499,1.039927072373866,1.2600522266787813,3.865868988085723,0.2636
2-7-8-15,3.333333333333333,11,2,3,False,False,1.5,1.0,0.1621857201924098,1.2225645357942054,1.5688517570654579,13.772870136290098,0.3078125
2-7-8-15,3.333333333333333,12,3,0,False,False,1.0833333333333333,1.0,-0.05382465427594633,1.006554161325849,1.3122306739213552,11.04784898864328,0.421
2-7-8-15,3.333333333333333,13,3,1,True,False,1.0666666666666669,2.0,-0.07394586005921758,0.9861689135000744,1.2409954930983917,3.514403617339608,0.2800666666666667
2-7-8-15,3.333333333333333,14,3,2,False,False,1.25,1.0,0.04551989730303403,1.1058987129048297,1.4081501867289858,12.528649439738414,0.3014375
2-7-8-15,3.333333333333333,15,3,3,True,True,1.7333333333333334,0.0,0.07824376905777583,1.1388075443558725,1.4367995808715108,11.644033126150752,0.272
2-8-10-13,2.6666666666666665,0,0,0,True,False,1.0666666666666669,2.0,-0.018255665468469077,1.0418036628289458,1.2404090286274774,2.948462663964715,0.4254
2-8-10-13,2.6666666666666665,1,0,1,False,False,1.25,1.0,0.020841203456942528,1.0811972531852552,1.290592321560447,11.448455135103455,0.35925
2-8-10-13,2.6666666666666665,2,0,2,True,True,1.7333333333333332,0.0,0.0014355540417545266,1.0617290828454073,1.2089637327488445,9.919628061191725,0.21726666666666666
2-8-10-13,2.6666666666666665,3,0,3,False,False,1.0833333333333333,1.0,-0.01954559394696171,1.0408104557813511,1.276299458912405,10.601286361919643,0.371375
2-8-10-13,2.6666666666666665,4,1,0,False,False,1.25,1.0,0.08520024160526588,1.1455562913335786,1.3704007308303083,11.764637990260207,0.38625
2-8-10-13,2.6666666666666665,5,1,1,True,False,1.3333333333333333,2.0,-0.013078787897319921,1.0473196670181493,1.2625751150763207,3.7350444205323843,0.24633333333333332
2-8-10-13,2.6666666666666665,6,1,2,False,False,1.5,1.0,-0.009344957338187215,1.0510110923901255,1.4509261730218048,12.092830913305141,0.2653125
2-8-10-13,2.6666666666666665,7,1,3,True,False,1.0666666666666669,2.0,-0.019410786189107694,1.0407076134914477,1.2019905602458727,3.324173817163639,0.21553333333333333
2-8-10-13,2.6666666666666665,8,2,0,True,True,1.8666666666666665,0.0,0.1449224580810656,1.205471940562059,1.4371322040284624,13.983279942023417,0.25853333333333334
2-8-10-13,2.6666666666666665,9,2,1,False,False,1.75,1.0,0.09309955256237902,1.1534556022906917,1.518170661552932,13.668151340505752,0.2813125
2-8-10-13,2.6666666666666665,10,2,2,True,True,2.0,0.0,0.04211157458320537,1.102590757530457,1.3994584269242785,13.14930731591719,0.18373333333333333
2-8-10-13,2.6666666666666665,11,2,3,False,False,1.25,1.0,-0.002282092332524438,1.0580739573957882,1.4554053473262514,11.661378980995963,0.298875
2-8-10-13,2.6666666666666665,12,3,0,False,False,1.4166666666666663,1.0,0.270350873305834,1.3307069230341468,1.6705601130044505,14.494048184992435,0.3189375
2-8-10-13,2.6666666666666665,13,3,1,True,True,1.8666666666666667,0.0,0.12355690496808514,1.1841742105276973,1.4495655789920279,15.071128918838602,0.22426666666666667
2-8-10-13,2.6666666666666665,14,3,2,False,False,1.5,1.0,0.03906542336415254,1.0994214730924654,1.6427818228411006,14.720379688035212,0.252875
2-8-10-13,2.6666666666666665,15,3,3,True,False,1.0666666666666669,2.0,-0.0232878800806633,1.036864675091936,1.225871163434176,3.2656334672832488,0.3109333333333334
2-8-10-15,3.0,0,0,0,True,False,1.0095238095238095,2.0,0.03173951191075309,1.0933201269559132,1.1575067771325176,2.935700689219651,0.219
2-8-10-15,3.0,1,0,1,False,False,1.1666666666666667,1.0,0.05885031992544888,1.120472147351097,1.2906675864563355,11.694636410791153,0.4035625
2-8-10-15,3.0,2,0,2,True,True,1.7333333333333332,0.0,0.04434900838104504,1.105997819937648,1.2162023680842993,10.045155160183645,0.24326666666666666
2-8-10-15,3.0,3,0,3,False,False,1.1666666666666663,1.0,0.03275721698766308,1.0943790444133112,1.2403291632064763,11.27184354775265,0.38775
2-8-10-15,3.0,4,1,0,False,False,1.1666666666666667,1.0,0.05885031983038263,1.1204721472560306,1.290667586479266,11.694636411182625,0.4035625
2-8-10-15,3.0,5,1,1,True,False,1.2,2.0,-0.0013268928517928935,1.0603136848835584,1.1720599433099206,3.099574708519221,0.13799999999999998
2-8-10-15,3.0,6,1,2,False,False,1.5,1.0,-0.004017829452569382,1.0576039979730787,1.4411390684425271,12.713860077282305,0.2669375
2-8-10-15,3.0,7,1,3,True,False,1.2,2.0,-0.005614745913598286,1.0559189301883907,1.1330079662147106,3.4863777772077045,0.21839999999999998
2-8-10-15,3.0,8,2,0,True,True,1.7333333333333332,0.0,0.04434900832666337,1.105997819883266,1.2162023680196232,10.045155160795897,0.24326666666666666
2-8-10-15,3.0,9,2,1,False,False,1.5,1.0,-0.004017829175029625,1.0576039982506185,1.4411390686464274,12.713860078986317,0.2669375
2-8-10-15,3.0,10,2,2,True,True,2.0,0.0,-0.05840239940088184,1.0032941039077614,1.3358573592329888,11.974710492588418,0.0944
2-8-10-15,3.0,11,2,3,False,False,1.5,1.0,-0.10514524774758352,0.9564765796780648,1.4472369980831798,12.605952994495762,0.2025
2-8-10-15,3.0,12,3,0,False,False,1.1666666666666663,1.0,0.03275721693733528,1.0943790443629835,1.2403291629112587,11.271843546938806,0.38775
2-8-10-15,3.0,13,3,1,True,False,1.2,2.0,-0.005614745907278052,1.055918930195125,1.1330079662150345,3.486377777497216,0.21839999999999998
2-8-10-15,3.0,14,3,2,False,False,1.5,1.0,-0.10514524801903168,0.9564765794066166,1.4472369983100937,12.605952995175327,0.2025
2-8-10-15,3.0,15,3,3,True,True,1.7333333333333334,0.0,-0.10272380779396514,0.9590120000819465,1.359594890203525,10.950492627463257,0.14720000000000003
2-8-13-15,3.333333333333333,0,0,0,True,False,1.0095238095238095,2.0,0.010119308322377318,1.0703256054047785,1.1743915583136009,3.0097280532413966,0.3380666666666666
2-8-13-15,3.333333333333333,1,0,1,False,False,1.1666666666666667,1.0,0.05662010044555904,1.1169989160473712,1.2904798771814794,11.162773137230353,0.3938125
2-8-13-15,3.333333333333333,2,0,2,True,True,1.6,0.0,-0.022962738229218627,1.0372877012691228,1.2320580160903025,8.46504171041993,0.42560000000000003
2-8-13-15,3.333333333333333,3,0,3,False,False,1.0833333333333333,1.0,-0.05382465428013345,1.0065541613216786,1.3122306738781768,11.047848993143349,0.421
2-8-13-15,3.333333333333333,4,1,0,False,False,1.1666666666666667,1.0,0.08511017042297937,1.1454889860247914,1.3189882715488965,11.654789852014721,0.343125
2-8-13-15,3.333333333333333,5,1,1,True,False,1.2,2.0,0.008028940613278466,1.0682986674443995,1.2225401663152098,3.3677562832023753,0.27040000000000003
2-8-13-15,3.333333333333333,6,1,2,False,False,1.25,1.0,-0.07646995653432864,0.9839088590674834,1.3040112742091268,9.658539010091822,0.221875
2-8-13-15,3.333333333333333,7,1,3,True,False,1.0666666666666669,2.0,-0.07394586005960309,0.9861689134997087,1.2409954930980285,3.514403617362055,0.2800666666666667
2-8-13-15,3.333333333333333,8,2,0,True,True,1.7333333333333332,0.0,0.0931574643142498,1.1537390134976335,1.4382249358875752,13.73117591767822,0.3256
2-8-13-15,3.333333333333333,9,2,1,False,False,1.5,1.0,0.042865750168522745,1.1032445657703347,1.4354795274902512,11.761086670908115,0.350625
2-8-13-15,3.333333333333333,10,2,2,True,False,1.3333333333333333,2.0,-0.020329462673846273,1.0399270723735623,1.2600522267380465,3.8658689880853716,0.2636
2-8-13-15,3.333333333333333,11,2,3,False,False,1.25,1.0,0.045519897301323616,1.1058987129031357,1.4081501867295376,12.528649439721445,0.3014375
2-8-13-15,3.333333333333333,12,3,0,False,False,1.4166666666666663,1.0,0.18146679362094426,1.2418456092227563,1.700991627936824,13.957258575811164,0.26425
2-8-13-15,3.333333333333333,13,3,1,True,True,1.8666666666666665,0.0,0.11396580285272237,1.1746314450708322,1.4820364833015658,14.242055259016484,0.21973333333333336
2-8-13-15,3.333333333333333,14,3,2,False,False,1.5,1.0,0.16218572019266558,1.2225645357944774,1.5688517571971905,13.772870136329255,0.3078125
2-8-13-15,3.333333333333333,15,3,3,True,True,1.7333333333333334,0.0,0.07824376905717048,1.1388075443552848,1.4367995808621934,11.644033126083798,0.272
5-10-13-15,2.333333333333333,0,0,0,True,False,0.8761904761904762,2.0,-0.004801882840596216,1.055094126402397,1.1316065120185894,3.1603409602634995,0.3536
5-10-13-15,2.333333333333333,1,0,1,False,False,1.1666666666666667,1.0,-0.07485911613568169,0.9851658493426809,1.464154898296631,12.028724992571647,0.248625
5-10-13-15,2.333333333333333,2,0,2,True,False,1.0666666666666669,2.0,-0.03305630652870761,1.0267424042260223,1.1882553728620162,3.1395046681139887,0.303
5-10-13-15,2.333333333333333,3,0,3,False,False,0.9166666666666666,3.0,-0.051480566480219515,1.008544398998143,1.4614985525454987,8.138965412762643,0.479375
5-10-13-15,2.333333333333333,4,1,0,False,False,1.1666666666666667,1.0,-0.07422132195714293,0.9858036435212195,1.4536473708731164,12.088375261148082,0.28
5-10-13-15,2.333333333333333,5,1,1,True,True,1.8666666666666665,0.0,-0.01786988165624986,1.0421825956352218,1.3885278383797028,12.210462705143076,0.17073333333333332
5-10-13-15,2.333333333333333,6,1,2,False,False,1.5,1.0,-0.019615646132557108,1.0404093193458055,1.4497084614793547,12.696487687039044,0.2645
5-10-13-15,2.333333333333333,7,1,3,True,False,1.2,2.0,-0.032054591590714956,1.0277640539285933,1.2222876423562294,3.4207874727789433,0.20686666666666667
5-10-13-15,2.333333333333333,8,2,0,True,False,1.2,2.0,-0.012463216082040747,1.0472804575007528,1.2034239882692168,3.7045957944973784,0.21159999999999998
5-10-13-15,2.333333333333333,9,2,1,False,False,1.75,1.0,0.047534767519516824,1.1075597329978795,1.5625933989273852,14.842135188988022,0.2141875
5-10-13-15,2.333333333333333,10,2,2,True,True,2.0,0.0,0.10594801904562699,1.1661381620376727,1.4249577389192851,15.407532671738485,0.16193333333333335
5-10-13-15,2.333333333333333,11,2,3,False,False,1.5,1.0,0.1864942007051493,1.246519166183512,1.5281431265314356,14.505110892912793,0.2949375
5-10-13-15,2.333333333333333,12,3,0,False,False,1.25,1.0,0.1117844680673807,1.1718094335457432,1.4557514723208604,12.254688946039451,0.2019375
5-10-13-15,2.333333333333333,13,3,1,True,True,2.0,0.0,0.12357320085741641,1.1837778172526547,1.4130213642578033,13.759809733968252,0.17226666666666668
5-10-13-15,2.333333333333333,14,3,2,False,False,1.75,1.0,0.22175597913257783,1.2817809446109405,1.6514497180982248,15.37979609505981,0.1911875
5-10-13-15,2.333333333333333,15,3,3,True,True,1.8666666666666667,0.0,0.18910366216210617,1.2494062248319453,1.5748024633627191,14.637150372326202,0.1862
5-7-10-13,2.333333333333333,0,0,0,True,False,0.9333333333333332,2.0,-0.016778030446788095,1.0432245235237583,1.1778927390748302,3.1016718605769507,0.2922
5-7-10-13,2.333333333333333,1,0,1,False,False,1.25,1.0,-0.030771013198819485,1.029434013401692,1.4041834903028587,11.799284957837758,0.23850000000000002
5-7-10-13,2.333333333333333,2,0,2,True,False,1.2,2.0,0.060629132078466826,1.1206611346108715,1.1843373947801519,3.5499624504616043,0.3164
5-7-10-13,2.333333333333333,3,0,3,False,False,1.1666666666666667,1.0,-0.15214364839684058,0.9080613782036708,1.545664595785934,14.443704933978495,0.332375
5-7-10-13,2.333333333333333,4,1,0,False,False,1.25,1.0,-0.030771013199379395,1.029434013401132,1.4041834902949824,11.799284957838044,0.23850000000000002
5-7-10-13,2.333333333333333,5,1,1,True,True,2.0,0.0,-0.05875653659478739,1.0015001905344618,1.4441978555545854,14.10602434968863,0.14173333333333332
5-7-10-13,2.333333333333333,6,1,2,False,False,1.75,1.0,-0.09532804882783022,0.9648769777726813,1.5938269068333633,14.542309779874278,0.170125
5-7-10-13,2.333333333333333,7,1,3,True,True,1.8666666666666665,0.0,-0.1054844565094435,0.9548512887311909,1.3810428720263077,13.05323660408625,0.1962
5-7-10-13,2.333333333333333,8,2,0,True,False,1.2,2.0,0.06062913207871199,1.1206611346111168,1.1843373947802645,3.5499624504616376,0.3164
5-7-10-13,2.333333333333333,9,2,1,False,False,1.75,1.0,-0.09532804883469245,0.964876977765819,1.5938269068216626,14.542309779633593,0.170125
5-7-10-13,2.333333333333333,10,2,2,True,True,2.0,0.0,-0.09435406759845111,0.9659938498749404,1.5256928449131328,16.417620374463716,0.14533333333333334
5-7-10-13,2.333333333333333,11,2,3,False,False,1.5,1.0,-0.11969069353286313,0.9405143330676484,1.5405732166036508,15.677620249543585,0.21125
5-7-10-13,2.333333333333333,12,3,0,False,False,1.1666666666666663,1.0,-0.15214364839658595,0.9080613782039255,1.5456645956131192,14.443704933975855,0.33237500000000003
5-7-10-13,2.333333333333333,13,3,1,True,True,1.8666666666666667,0.0,-0.1054844565032819,0.9548512887373524,1.3810428720221537,13.053236604086642,0.1962
5-7-10-13,2.333333333333333,14,3,2,False,False,1.5,1.0,-0.11969069353142393,0.9405143330690875,1.5405732165931223,15.677620249543615,0.21125000000000002
5-7-10-13,2.333333333333333,15,3,3,True,False,1.2,2.0,0.01243459508341568,1.0724488770830483,1.1964672489614847,3.4397463782925124,0.21473333333333333
5-7-10-15,2.333333333333333,0,0,0,True,False,0.8761904761904762,2.0,-0.004801882830685785,1.0550941264120592,1.1316065120282217,3.1603409600346364,0.3536
5-7-10-15,2.333333333333333,1,0,1,False,False,1.1666666666666667,1.0,-0.07422132214707355,0.9858036433311573,1.4536473709369995,12.088375259970295,0.28
5-7-10-15,2.333333333333333,2,0,2,True,False,1.2,2.0,-0.012463216053185245,1.0472804575294679,1.203423988256151,3.7045957942475836,0.21159999999999998
5-7-10-15,2.333333333333333,3,0,3,False,False,1.25,1.0,0.11178446812760881,1.1718094336058398,1.4557514723103775,12.254688940748222,0.2019375
5-7-10-15,2.333333333333333,4,1,0,False,False,1.1666666666666667,1.0,-0.07485911629490041,0.9851658491833305,1.464154898248746,12.028724992967154,0.24862499999999998
5-7-10-15,2.333333333333333,5,1,1,True,True,1.8666666666666665,0.0,-0.01786988192261308,1.0421825953687183,1.3885278383745694,12.210462705137594,0.17073333333333332
5-7-10-15,2.333333333333333,6,1,2,False,False,1.75,1.0,0.047534767347733604,1.1075597328259645,1.5625933990245153,14.842135194489515,0.2141875
5-7-10-15,2.333333333333333,7,1,3,True,True,2.0,0.0,0.12357320080276019,1.1837778171978584,1.4130213642067866,13.759809733727282,0.17226666666666668
5-7-10-15,2.333333333333333,8,2,0,True,False,1.0666666666666669,2.0,-0.0330563065054069,1.0267424042491822,1.1882553728821692,3.1395046682464494,0.303
5-7-10-15,2.333333333333333,9,2,1,False,False,1.5,1.0,-0.019615646281719235,1.0404093191965116,1.4497084615026234,12.696487688628096,0.2645
5-7-10-15,2.333333333333333,10,2,2,True,True,2.0,0.0,0.10594801898419773,1.166138161976103,1.4249577389725436,15.40753267190277,0.16193333333333332
5-7-10-15,2.333333333333333,11,2,3,False,False,1.75,1.0,0.22175597914394865,1.2817809446221795,1.6514497183971448,15.379796095918962,0.1911875
5-7-10-15,2.333333333333333,12,3,0,False,False,0.9166666666666666,3.0,-0.051480566472511854,1.008544399005719,1.461498551799636,8.138965413124511,0.479375
5-7-10-15,2.333333333333333,13,3,1,True,False,1.2,2.0,-0.03205459159746297,1.0277640539216883,1.2222876423397462,3.4207874727554026,0.20686666666666667
5-7-10-15,2.333333333333333,14,3,2,False,False,1.5,1.0,0.18649420085024876,1.2465191663284796,1.5281431266452465,14.505110890130618,0.2949375
5-7-10-15,2.333333333333333,15,3,3,True,True,1.8666666666666667,0.0,0.18910366227547776,1.249406224945177,1.574802463255984,14.637150374953528,0.1862
5-7-13-15,2.6666666666666665,0,0,0,True,False,0.8761904761904762,2.0,0.019866537408986473,1.0811344287267133,1.132083814206553,3.0197037479391438,0.31473333333333336
5-7-13-15,2.6666666666666665,1,0,1,False,False,1.1666666666666667,1.0,-0.07874315567270498,0.9825158275969131,1.4147933523262957,11.329123905522016,0.228375
5-7-13-15,2.6666666666666665,2,0,2,True,False,1.0666666666666669,2.0,-0.0014892843978972805,1.0596201711418058,1.1873369065910986,3.5042369241686746,0.2607333333333333
5-7-13-15,2.6666666666666665,3,0,3,False,False,1.1666666666666663,1.0,-0.12262220199091733,0.9386367812787009,1.451656361478019,13.213219078070539,0.3041875
5-7-13-15,2.6666666666666665,4,1,0,False,False,1.1666666666666667,1.0,-0.07874315567252745,0.9825158275970909,1.4147933523265361,11.329123905530864,0.228375
5-7-13-15,2.6666666666666665,5,1,1,True,True,1.8666666666666665,0.0,-0.07490946142432754,0.986412735569959,1.2980680397593243,9.815013369394453,0.0674
5-7-13-15,2.6666666666666665,6,1,2,False,False,1.5,1.0,-0.07669770505414032,0.984561278215478,1.4539204487446495,13.178193571149594,0.245
5-7-13-15,2.6666666666666665,7,1,3,True,True,1.8666666666666665,0.0,-0.09288076009944052,0.9684304020939438,1.3041825038763653,12.346141596179288,0.23720000000000002
5-7-13-15,2.6666666666666665,8,2,0,True,False,1.0666666666666669,2.0,-0.0014892843979062394,1.059620171141797,1.187336906590703,3.5042369241683837,0.2607333333333333
5-7-13-15,2.6666666666666665,9,2,1,False,False,1.5,1.0,-0.07669770505432212,0.9845612782152963,1.4539204487453836,13.178193571152402,0.245
5-7-13-15,2.6666666666666665,10,2,2,True,False,1.3333333333333333,2.0,0.050904135430560014,1.1120978944919004,1.1948386098445822,3.9706877365426014,0.24406666666666668
5-7-13-15,2.6666666666666665,11,2,3,False,False,1.5,1.0,-0.08998658320920706,0.9712724000604112,1.443562361199941,14.210576761403473,0.2025
5-7-13-15,2.6666666666666665,12,3,0,False,False,1.1666666666666663,1.0,-0.12262220199089197,0.9386367812787263,1.4516563614795412,13.213219078046068,0.3041875
5-7-13-15,2.6666666666666665,13,3,1,True,True,1.8666666666666665,0.0,-0.09288076009940903,0.9684304020939755,1.304182503876021,12.346141596179102,0.23720000000000002
5-7-13-15,2.6666666666666665,14,3,2,False,False,1.5,1.0,-0.08998658320915245,0.9712724000604658,1.4435623611987212,14.210576761402208,0.2025
5-7-13-15,2.6666666666666665,15,3,3,True,True,1.8666666666666667,0.0,-0.12149581326314449,0.9398816459266185,1.462965299123166,13.345594869675773,0.25379999999999997
5-7-8-10,2.333333333333333,0,0,0,True,False,1.0666666666666669,2.0,0.0031315811878066574,1.063359885430861,1.1861454328986283,3.3092498231089724,0.31193333333333334
5-7-8-10,2.333333333333333,1,0,1,False,False,1.25,1.0,0.0025544978890073306,1.0629559559016792,1.388759662954814,11.509328499202109,0.242875
5-7-8-10,2.333333333333333,2,0,2,True,False,1.2,2.0,0.05318256031064128,1.1134287035772958,1.1859608492884706,3.4003623436095887,0.3221333333333333
5-7-8-10,2.333333333333333,3,0,3,False,False,1.1666666666666663,1.0,-0.14755390293263515,0.9128475550800369,1.5570704849358346,14.710804176070521,0.3138125
5-7-8-10,2.333333333333333,4,1,0,False,False,1.5,1.0,-0.1435210547109539,0.9168804033017182,1.6009037302142692,15.486579407131321,0.268625
5-7-8-10,2.333333333333333,5,1,1,True,True,2.0,0.0,-0.07770309129709256,0.9827920738454767,1.4857742298273116,15.384305717939535,0.153
5-7-8-10,2.333333333333333,6,1,2,False,False,1.75,1.0,-0.1007111402949873,0.9596903177176846,1.6051175537469973,14.527052360740807,0.259125
5-7-8-10,2.333333333333333,7,1,3,True,True,1.8666666666666665,0.0,-0.11485989218286838,0.9456536735184469,1.376408662666084,12.791742424296313,0.24473333333333333
5-7-8-10,2.333333333333333,8,2,0,True,True,1.8666666666666665,0.0,-0.11485989218269863,0.9456536735186166,1.376408662666085,12.791742424296901,0.24473333333333333
5-7-8-10,2.333333333333333,9,2,1,False,False,1.75,1.0,-0.10071114029491138,0.9596903177177607,1.6051175537469196,14.527052360741404,0.259125
5-7-8-10,2.333333333333333,10,2,2,True,True,2.0,0.0,-0.07770309129709836,0.9827920738454708,1.4857742298273828,15.384305717983363,0.153
5-7-8-10,2.333333333333333,11,2,3,False,False,1.5,1.0,-0.1435210547109571,0.9168804033017148,1.600903730214287,15.486579407101404,0.268625
5-7-8-10,2.333333333333333,12,3,0,False,False,1.1666666666666663,1.0,-0.14755390293270335,0.9128475550799688,1.5570704849361925,14.710804176070539,0.3138125
5-7-8-10,2.333333333333333,13,3,1,True,False,1.2,2.0,0.0531825603106458,1.1134287035773007,1.1859608492884797,3.4003623436096237,0.3221333333333333
5-7-8-10,2.333333333333333,14,3,2,False,False,1.25,1.0,0.0025544978889540867,1.0629559559016262,1.3887596629548533,11.50932849921849,0.242875
5-7-8-10,2.333333333333333,15,3,3,True,False,1.0666666666666669,2.0,0.003131581187809862,1.0633598854308641,1.186145432898623,3.30924982310958,0.31193333333333334
5-7-8-13,2.6666666666666665,0,0,0,True,False,1.0666666666666669,2.0,-0.023287880080665832,1.0368646750919337,1.2258711634341728,3.2656334672834904,0.31093333333333334
5-7-8-13,2.6666666666666665,1,0,1,False,False,1.25,1.0,-0.0022820923325457283,1.0580739573957674,1.455405347326295,11.66137898099514,0.298875
5-7-8-13,2.6666666666666665,2,0,2,True,False,1.0666666666666669,2.0,-0.019410786189098875,1.0407076134914568,1.2019905602458558,3.3241738171636386,0.21553333333333333
5-7-8-13,2.6666666666666665,3,0,3,False,False,1.0833333333333333,1.0,-0.019545593947008215,1.040810455781305,1.2762994589124221,10.601286361923231,0.371375
5-7-8-13,2.6666666666666665,4,1,0,False,False,1.5,1.0,0.03906542336419687,1.09942147309251,1.6427818228417703,14.720379688035697,0.252875
5-7-8-13,2.6666666666666665,5,1,1,True,True,2.0,0.0,0.042111574583081776,1.1025907575303338,1.399458426924317,13.149307315917302,0.18373333333333336
5-7-8-13,2.6666666666666665,6,1,2,False,False,1.5,1.0,-0.00934495733825692,1.0510110923900562,1.4509261730217478,12.092830913306162,0.2653125
5-7-8-13,2.6666666666666665,7,1,3,True,True,1.7333333333333332,0.0,0.001435554041881314,1.0617290828455346,1.2089637327493774,9.919628061201186,0.21726666666666666
5-7-8-13,2.6666666666666665,8,2,0,True,True,1.8666666666666665,0.0,0.1235569049680989,1.1841742105277118,1.449565578991969,15.071128918836452,0.22426666666666667
5-7-8-13,2.6666666666666665,9,2,1,False,False,1.75,1.0,0.09309955256234592,1.1534556022906592,1.518170661553102,13.668151340505212,0.2813125
5-7-8-13,2.6666666666666665,10,2,2,True,False,1.3333333333333333,2.0,-0.013078787897320301,1.0473196670181486,1.262575115076318,3.73504442053235,0.24633333333333332
5-7-8-13,2.6666666666666665,11,2,3,False,False,1.25,1.0,0.020841203457150334,1.0811972531854637,1.2905923215606327,11.448455135103538,0.35925
5-7-8-13,2.6666666666666665,12,3,0,False,False,1.4166666666666663,1.0,0.27035087330587776,1.330706923034191,1.6705601130044503,14.494048184991057,0.3189375
5-7-8-13,2.6666666666666665,13,3,1,True,True,1.8666666666666667,0.0,0.14492245808117518,1.2054719405621692,1.4371322040286019,13.983279942027249,0.25853333333333334
5-7-8-13,2.6666666666666665,14,3,2,False,False,1.25,1.0,0.08520024160547401,1.1455562913337871,1.3704007308302573,11.764637990261072,0.38625
5-7-8-13,2.6666666666666665,15,3,3,True,False,1.0666666666666669,2.0,-0.018255665468482007,1.041803662828933,1.2404090286275204,2.9484626639649454,0.4254
5-7-8-15,3.0,0,0,0,True,False,1.0095238095238095,2.0,0.033073976787245905,1.0943349008476908,1.1526412348135315,3.160486652605934,0.2739333333333333
5-7-8-15,3.0,1,0,1,False,False,1.1666666666666667,1.0,0.007983191008977566,1.0692920820712237,1.391547216300098,11.249205954237496,0.238125
5-7-8-15,3.0,2,0,2,True,False,1.0666666666666669,2.0,0.018067682195565475,1.0792728260013569,1.1835163360474847,3.5386323659320635,0.312
5-7-8-15,3.0,3,0,3,False,False,1.1666666666666663,1.0,-0.08722395866019225,0.974084932402054,1.468719212822274,12.657089633738394,0.3331875
5-7-8-15,3.0,4,1,0,False,False,1.4166666666666667,1.0,-0.09272262891356262,0.9685862621486834,1.5411336563378935,14.220573292848904,0.246625
5-7-8-15,3.0,5,1,1,True,True,1.8666666666666665,0.0,-0.048476505841023546,1.0129057385234153,1.3758235387031392,11.907906235399507,0.11553333333333334
5-7-8-15,3.0,6,1,2,False,False,1.5,1.0,-0.05870462010831802,1.0026042709539282,1.4562134144927092,12.49500276898175,0.19075
5-7-8-15,3.0,7,1,3,True,True,1.8666666666666665,0.0,-0.05728080305576809,1.0040658848380495,1.2889049119586415,11.95068839372435,0.17700000000000002
5-7-8-15,3.0,8,2,0,True,True,1.7333333333333332,0.0,-0.05208988599606444,1.0092534897665746,1.2936158568498377,11.163538860003472,0.19499999999999998
5-7-8-15,3.0,9,2,1,False,False,1.5,1.0,-0.0876555922950321,0.973653298767214,1.4132369334193282,11.574252159165274,0.18825
5-7-8-15,3.0,10,2,2,True,False,1.3333333333333333,2.0,0.011592031349822389,1.0728847085142879,1.2073007331311376,3.676370013410954,0.25053333333333333
5-7-8-15,3.0,11,2,3,False,False,1.5,1.0,-0.039137733267521055,1.022171157794725,1.474699897609679,13.411193047398976,0.244375
5-7-8-15,3.0,12,3,0,False,False,1.1666666666666663,1.0,-0.05077915612077437,1.0105297349414717,1.5035266667159979,13.051273800406392,0.3205
5-7-8-15,3.0,13,3,1,True,False,1.2,2.0,-0.013379282078776637,1.047800420673357,1.1756313071478408,3.571012822285348,0.3562
5-7-8-15,3.0,14,3,2,False,False,1.25,1.0,0.0114683632351253,1.0727772542973715,1.4487975373519362,12.85884974191105,0.26
5-7-8-15,3.0,15,3,3,True,True,1.7333333333333334,0.0,-0.028859092273462495,1.0326024116588643,1.4164953018156556,11.591106891805733,0.22986666666666666
5-8-10-13,2.0,0,0,0,True,False,1.0666666666666669,2.0,0.03594566748940318,1.0972664109776296,1.1706645221344791,3.3767299156247086,0.2727333333333333
5-8-10-13,2.0,1,0,1,False,False,1.25,1.0,0.02242328526660426,1.083849294864407,1.4181508935059548,11.257483822163918,0.2828125
5-8-10-13,2.0,2,0,2,True,False,1.0666666666666669,2.0,-0.00833571570568364,1.0530047391833999,1.1608900817719314,2.9099003705174527,0.19973333333333335
5-8-10-13,2.0,3,0,3,False,False,0.8333333333333333,3.0,-0.029956418012809974,1.0314695915849925,1.4331071860950204,8.342766293255485,0.46837500000000004
5-8-10-13,2.0,4,1,0,False,False,1.5,1.0,-0.040827023068510174,1.0205989865292926,1.591357254095333,14.684572202823835,0.265
5-8-10-13,2.0,5,1,1,True,True,2.0,0.0,-0.01385418754406382,1.0476601789314621,1.424199264974734,15.183513734824752,0.18653333333333333
5-8-10-13,2.0,6,1,2,False,False,1.5,1.0,-0.029713623574848535,1.031712386022954,1.4386178148871342,12.134994590552173,0.1803125
5-8-10-13,2.0,7,1,3,True,False,1.0666666666666669,2.0,-0.008335715705687747,1.053004739183396,1.1608900817719505,2.909900370517475,0.19973333333333335
5-8-10-13,2.0,8,2,0,True,True,2.0,0.0,-0.040140908129058565,1.0213194412515632,1.3696809129167835,15.857168224013765,0.1334
5-8-10-13,2.0,9,2,1,False,False,2.0,1.0,-0.04096344789049069,1.020462561707312,1.5350953684820234,15.487282445758302,0.200125
5-8-10-13,2.0,10,2,2,True,True,2.0,0.0,-0.013854187544053438,1.0476601789314726,1.424199264974778,15.183513734824187,0.18653333333333333
5-8-10-13,2.0,11,2,3,False,False,1.25,1.0,0.022423285266619505,1.083849294864422,1.418150893505942,11.25748382216457,0.2828125
5-8-10-13,2.0,12,3,0,False,False,1.5,1.0,-0.08234966383370257,0.9790763457641,1.592573752705886,15.849873701753511,0.16075
5-8-10-13,2.0,13,3,1,True,True,2.0,0.0,-0.04014090812905917,1.0213194412515627,1.3696809129167768,15.857168224013796,0.1334
5-8-10-13,2.0,14,3,2,False,False,1.5,1.0,-0.04082702306852605,1.0205989865292766,1.5913572540952892,14.68457220282391,0.265
5-8-10-13,2.0,15,3,3,True,False,1.0666666666666669,2.0,0.03594566748940477,1.0972664109776313,1.1706645221344811,3.3767299156247073,0.2727333333333333
5-8-10-15,2.6666666666666665,0,0,0,True,False,1.0095238095238095,2.0,0.05391140595482045,1.114478986768615,1.151491637495941,3.2069237100201815,0.23053333333333334
5-8-10-15,2.6666666666666665,1,0,1,False,False,1.1666666666666667,1.0,-0.027897434891513202,1.032771957940609,1.4102503025788171,11.536932482459939,0.249875
5-8-10-15,2.6666666666666665,2,0,2,True,False,1.0666666666666669,2.0,-0.0035371640369282185,1.0569882014955871,1.1878231774633163,3.0142062297115557,0.25053333333333333
5-8-10-15,2.6666666666666665,3,0,3,False,False,0.9166666666666666,3.0,0.0513179653927827,1.111987358224905,1.4002261316967417,7.97764816345772,0.324125
5-8-10-15,2.6666666666666665,4,1,0,False,False,1.4166666666666667,1.0,-0.15606120587650493,0.9046081869556171,1.6193627633203225,14.857297825053205,0.20325000000000001
5-8-10-15,2.6666666666666665,5,1,1,True,True,1.8666666666666665,0.0,-0.09277147927480679,0.967962737984839,1.4504884179192095,14.278008566016108,0.19833333333333333
5-8-10-15,2.6666666666666665,6,1,2,False,False,1.5,1.0,-0.08715144118126758,0.9735179516508545,1.479603142892409,12.640575597431235,0.1733125
5-8-10-15,2.6666666666666665,7,1,3,True,False,1.2,2.0,0.022216487999449468,1.082762589763655,1.1830374085278514,3.192446879310002,0.2574666666666667
5-8-10-15,2.6666666666666665,8,2,0,True,True,1.8666666666666665,0.0,-0.09742476797739111,0.9633046345857524,1.3268096315923712,11.920083893470602,0.2803333333333333
5-8-10-15,2.6666666666666665,9,2,1,False,False,1.75,1.0,-0.12217955096031856,0.9384898418718035,1.5732318974295,14.326254071205463,0.182125
5-8-10-15,2.6666666666666665,10,2,2,True,True,2.0,0.0,-0.12235328997883954,0.9384177218982724,1.4132831482039316,13.642587038426049,0.13266666666666665
5-8-10-15,2.6666666666666665,11,2,3,False,False,1.5,1.0,-0.13425695486179662,0.9264124379703255,1.501486668304686,13.579098781902701,0.2435
5-8-10-15,2.6666666666666665,12,3,0,False,False,1.25,1.0,-0.08748014813242118,0.9731892446997008,1.4910187131517105,13.45783682579197,0.3123125
5-8-10-15,2.6666666666666665,13,3,1,True,False,1.3333333333333333,2.0,0.03977495146922083,1.1002432553358352,1.1469841972689223,3.688930142298307,0.1914
5-8-10-15,2.6666666666666665,14,3,2,False,False,1.5,1.0,-0.12917289527342704,0.931496497558695,1.4722714955179113,13.37876530123615,0.2255625
5-8-10-15,2.6666666666666665,15,3,3,True,True,1.7333333333333334,0.0,-0.1272916399759882,0.933548068095639,1.4382132668540015,12.219816841774847,0.22333333333333333
5-8-13-15,2.6666666666666665,0,0,0,True,False,1.0095238095238095,2.0,0.01543415653354386,1.0753878912052588,1.1787551315611111,3.1811486854792284,0.18986666666666666
5-8-13-15,2.6666666666666665,1,0,1,False,False,1.1666666666666667,1.0,-0.020872519872865543,1.039295881803718,1.4114160874329797,11.543491427800175,0.335
5-8-13-15,2.6666666666666665,2,0,2,True,False,0.9333333333333332,2.0,-0.08517581902690852,0.9748271850785666,1.2247770104553095,3.2140757590390003,0.3312666666666667
5-8-13-15,2.6666666666666665,3,0,3,False,False,0.8333333333333333,3.0,-0.07075805329239532,0.9894103483841881,1.4662534292234242,7.8023134833622985,0.4406875
5-8-13-15,2.6666666666666665,4,1,0,False,False,1.4166666666666667,1.0,0.003719084660654858,1.0638874863372383,1.5653852218438518,15.143539320024763,0.26156250000000003
5-8-13-15,2.6666666666666665,5,1,1,True,True,1.8666666666666665,0.0,-0.0031178907070937754,1.0571226248010712,1.3576844747888666,12.539109443132595,0.24806666666666669
5-8-13-15,2.6666666666666665,6,1,2,False,False,1.25,1.0,-0.07765588299518936,0.9825125186813941,1.296518696006184,9.401887281891417,0.2204375
5-8-13-15,2.6666666666666665,7,1,3,True,False,1.0666666666666669,2.0,-0.041743861848651524,1.0181054118997779,1.2135560034192239,3.133307838522337,0.26433333333333336
5-8-13-15,2.6666666666666665,8,2,0,True,True,1.8666666666666665,0.0,0.13751059484386646,1.1978686504686589,1.4135823798285911,15.576973326123737,0.21513333333333332
5-8-13-15,2.6666666666666665,9,2,1,False,False,1.75,1.0,0.08597578966295408,1.1461441913395376,1.532757704686769,13.971901363728618,0.2650625
5-8-13-15,2.6666666666666665,10,2,2,True,False,1.3333333333333333,2.0,0.002420282329403562,1.0624942602079899,1.2346523146911668,4.139085233169231,0.30619999999999997
5-8-13-15,2.6666666666666665,11,2,3,False,False,1.25,1.0,0.03518202241049428,1.0953504240870777,1.448771140045692,13.116259255834283,0.310875
5-8-13-15,2.6666666666666665,12,3,0,False,False,1.5,1.0,0.3656159593409065,1.4257843610174898,1.6764448015033977,14.8345203487223,0.2148125
5-8-13-15,2.6666666666666665,13,3,1,True,True,2.0,0.0,0.17862543107088066,1.2389973372466627,1.4509119611856218,15.80000089703226,0.2046
5-8-13-15,2.6666666666666665,14,3,2,False,False,1.5,1.0,0.13115562259751004,1.1913240242740935,1.5133557448503931,14.18120638529928,0.2950625
5-8-13-15,2.6666666666666665,15,3,3,True,True,1.7333333333333334,0.0,0.03369590622060082,1.0939846899196375,1.4214697775331042,11.749923731029764,0.3154666666666667
7-10-13-15,2.333333333333333,0,0,0,True,False,0.7428571428571429,4.0,-0.07228808782271452,0.9894866583874008,1.1091762392532485,3.062476147870081,0.21046666666666666
7-10-13-15,2.333333333333333,1,0,1,False,False,0.9166666666666666,3.0,0.015186471979910538,1.077012712479526,1.2923534659869542,7.796070316437165,0.4175
7-10-13-15,2.333333333333333,2,0,2,True,False,1.0666666666666669,2.0,-0.0022086911051425453,1.0594969203195024,1.1588142592448796,3.593113210798611,0.23113333333333333
7-10-13-15,2.333333333333333,3,0,3,False,False,1.1666666666666663,1.0,0.07720657476518625,1.1390328152648015,1.3834993771733561,12.932719424940359,0.29181250000000003
7-10-13-15,2.333333333333333,4,1,0,False,False,0.9166666666666666,3.0,0.015186472009654492,1.0770127125092697,1.2923534659776035,7.796070316491225,0.4175
7-10-13-15,2.333333333333333,5,1,1,True,False,1.2,2.0,-0.007337421237750454,1.054493289771146,1.151280507855213,3.023104673870002,0.2442
7-10-13-15,2.333333333333333,6,1,2,False,False,1.5,1.0,0.003548992578170919,1.0653752330777861,1.4337289178049863,12.43932155282843,0.3229375
7-10-13-15,2.333333333333333,7,1,3,True,True,1.8666666666666665,0.0,0.0690842277307082,1.1309683003544289,1.2728233620290381,13.900191610607381,0.22460000000000002
7-10-13-15,2.333333333333333,8,2,0,True,False,1.0666666666666669,2.0,-0.0022086911049504342,1.0594969203197357,1.1588142592442447,3.593113210793973,0.23113333333333333
7-10-13-15,2.333333333333333,9,2,1,False,False,1.5,1.0,0.003548992548073839,1.065375233047689,1.4337289177847024,12.439321552856372,0.3229375
7-10-13-15,2.333333333333333,10,2,2,True,True,2.0,0.0,0.051137675346854546,1.1130221465489945,1.3128077395890236,14.489177292987248,0.1812
7-10-13-15,2.333333333333333,11,2,3,False,False,1.75,1.0,0.09364724732281937,1.1554734878224346,1.3213862602075819,15.853341396997092,0.2493125
7-10-13-15,2.333333333333333,12,3,0,False,False,1.1666666666666663,1.0,0.07720657477278378,1.1390328152723992,1.3834993771570792,12.932719424477765,0.29181250000000003
7-10-13-15,2.333333333333333,13,3,1,True,True,1.8666666666666665,0.0,0.06908422773770896,1.1309683003614297,1.2728233620244551,13.900191610620945,0.22460000000000002
7-10-13-15,2.333333333333333,14,3,2,False,False,1.75,1.0,0.09364724733310892,1.1554734878327242,1.3213862602040725,15.853341397012818,0.2493125
7-10-13-15,2.333333333333333,15,3,3,True,True,2.0,0.0,0.07031597024161608,1.1321902353603481,1.3460508731865266,15.54492828347697,0.18033333333333335
7-8-10-13,2.6666666666666665,0,0,0,True,False,0.9333333333333332,2.0,-0.011580190940175447,1.0483044568395428,1.2501350018555872,2.884854970046619,0.41486666666666666
7-8-10-13,2.6666666666666665,1,0,1,False,False,1.0,3.0,0.0697160371532316,1.1299116595395282,1.3104096086640982,7.381316778978934,0.2709375
7-8-10-13,2.6666666666666665,2,0,2,True,False,1.0666666666666669,2.0,-0.0019153437033246046,1.0580068489451608,1.222898591722317,3.2041755105708623,0.2354
7-8-10-13,2.6666666666666665,3,0,3,False,False,1.0833333333333333,1.0,-0.05402530424357846,1.0061703181427184,1.4982031403375968,12.945323764043467,0.29512499999999997
7-8-10-13,2.6666666666666665,4,1,0,False,False,1.25,1.0,0.08529092439321347,1.1454865467795101,1.3328772447569484,11.262016743272378,0.3795
7-8-10-13,2.6666666666666665,5,1,1,True,False,1.3333333333333333,2.0,-0.01855485883820667,1.041660856784076,1.2816192886186246,3.593038127371595,0.2707333333333333
7-8-10-13,2.6666666666666665,6,1,2,False,False,1.5,1.0,-0.05951102694350703,1.0006845954427896,1.414895435837924,11.497847181256864,0.2295625
7-8-10-13,2.6666666666666665,7,1,3,True,True,1.7333333333333332,0.0,-0.0322770278398622,1.0278858704929497,1.2740400922444293,11.50125185022882,0.1734
7-8-10-13,2.6666666666666665,8,2,0,True,True,1.8666666666666665,0.0,0.1553082001397758,1.2157234313521466,1.4413560795707283,14.370620943526841,0.2368
7-8-10-13,2.6666666666666665,9,2,1,False,False,1.75,1.0,0.10021791635203266,1.1604135387383292,1.5116654282874746,13.478157577553139,0.2215
7-8-10-13,2.6666666666666665,10,2,2,True,True,2.0,0.0,0.030337508676176107,1.090643428271521,1.4102149180182963,14.293812773644511,0.15933333333333335
7-8-10-13,2.6666666666666665,11,2,3,False,False,1.5,1.0,-0.04161927479653256,1.018576347589764,1.4988782564886498,14.336478510211899,0.24862499999999998
7-8-10-13,2.6666666666666665,12,3,0,False,False,1.4166666666666663,1.0,0.29350573170850885,1.3537013540948055,1.6616628809161682,15.052655174944327,0.23424999999999999
7-8-10-13,2.6666666666666665,13,3,1,True,True,1.8666666666666667,0.0,0.15104950766157021,1.2115034312995967,1.4536562586335384,15.26428196651046,0.21053333333333332
7-8-10-13,2.6666666666666665,14,3,2,False,False,1.5,1.0,0.06685282063175588,1.1270484430180527,1.5617925920555975,14.503786203095366,0.27918750000000003
7-8-10-13,2.6666666666666665,15,3,3,True,False,1.2,2.0,-0.036543791026344294,1.0234325421558188,1.2164079272887605,3.3345212182148,0.214
7-8-10-15,2.6666666666666665,0,0,0,True,False,0.8761904761904762,2.0,0.002690031528510725,1.0628811665361997,1.1609767458347207,2.987955933950139,0.2782666666666667
7-8-10-15,2.6666666666666665,1,0,1,False,False,0.9166666666666666,3.0,0.060271671753562885,1.1205824587349045,1.3012709168015737,7.70482421907794,0.2745
7-8-10-15,2.6666666666666665,2,0,2,True,False,1.0666666666666669,2.0,-0.014700561406845435,1.0453802688106593,1.2029479835101138,3.465006837161116,0.2643333333333333
7-8-10-15,2.6666666666666665,3,0,3,False,False,1.1666666666666663,1.0,0.08033547687661374,1.1406462638579553,1.496727192545561,11.952625458910237,0.2010625
7-8-10-15,2.6666666666666665,4,1,0,False,False,1.1666666666666667,1.0,0.009852993043351927,1.0701637800246937,1.2728401224168837,10.833551762375938,0.305
7-8-10-15,2.6666666666666665,5,1,1,True,False,1.2,2.0,-0.011871889353255246,1.0483098617897992,1.1968338775943528,2.9595989304917154,0.11273333333333334
7-8-10-15,2.6666666666666665,6,1,2,False,False,1.5,1.0,0.02824660917603081,1.0885573961573725,1.4803885953938363,12.228556344983092,0.32325
7-8-10-15,2.6666666666666665,7,1,3,True,True,1.8666666666666665,0.0,0.08605874907912142,1.1465872026880177,1.4432719605051472,12.768461213025178,0.1678
7-8-10-15,2.6666666666666665,8,2,0,True,True,1.7333333333333332,0.0,-0.0057454407084728525,1.0544809403946271,1.198522956002962,9.719747952378277,0.24146666666666666
7-8-10-15,2.6666666666666665,9,2,1,False,False,1.5,1.0,0.0045873591097351386,1.064898146091077,1.4374066908251781,12.124596268467247,0.255875
7-8-10-15,2.6666666666666665,10,2,2,True,True,2.0,0.0,0.07170415822572498,1.1321900838239147,1.4448053871794864,13.272506726888793,0.1236
7-8-10-15,2.6666666666666665,11,2,3,False,False,1.75,1.0,0.16325045859592638,1.223561245577268,1.6516594796952693,14.689559348644279,0.1854375
7-8-10-15,2.6666666666666665,12,3,0,False,False,1.1666666666666663,1.0,-0.05909818291608558,1.001212604065256,1.229832292176728,10.707535169856197,0.2535
7-8-10-15,2.6666666666666665,13,3,1,True,False,1.2,2.0,-0.04363634518708316,1.0164170687291951,1.1546099130580842,3.6988470579462516,0.21313333333333334
7-8-10-15,2.6666666666666665,14,3,2,False,False,1.5,1.0,0.08651862442682756,1.1468294114081692,1.4949086354485288,13.692989636660844,0.25
7-8-10-15,2.6666666666666665,15,3,3,True,True,1.8666666666666667,0.0,0.10102537766890553,1.1616516628793292,1.5362474756565552,13.622804273280796,0.16313333333333332
7-8-13-15,3.0,0,0,0,True,False,0.8761904761904762,2.0,0.0026400682278631534,1.0632974313086767,1.1252652638763179,2.8733671662998157,0.3287333333333333
7-8-13-15,3.0,1,0,1,False,False,0.9166666666666666,3.0,0.048476930777940255,1.1091955042350412,1.2924978433456316,7.276614028305011,0.34175
7-8-13-15,3.0,2,0,2,True,False,0.9333333333333332,2.0,-0.06838471336285944,0.9921330573587833,1.2348788984471748,3.5263672872010177,0.3028666666666667
7-8-13-15,3.0,3,0,3,False,False,1.0833333333333333,1.0,-0.14158482005644427,0.9191337534006566,1.4829437887690184,12.799044761341035,0.2979375
7-8-13-15,3.0,4,1,0,False,False,1.1666666666666667,1.0,0.0732141827702328,1.1339327562273338,1.3047980970926407,11.039062059410998,0.333125
7-8-13-15,3.0,5,1,1,True,False,1.2,2.0,-0.004304795916517068,1.056252946658987,1.2332104559645851,3.056003745548088,0.23393333333333333
7-8-13-15,3.0,6,1,2,False,False,1.25,1.0,-0.11425813576993803,0.9464604376871628,1.3248172864003789,9.844413103999003,0.2409375
7-8-13-15,3.0,7,1,3,True,True,1.7333333333333332,0.0,-0.09883887065388412,0.9618041704352123,1.273840328484997,10.43939461549372,0.2018
7-8-13-15,3.0,8,2,0,True,True,1.7333333333333332,0.0,0.11259501342205702,1.1735258262104096,1.4552283254195117,13.473414162607444,0.22146666666666667
7-8-13-15,3.0,9,2,1,False,False,1.5,1.0,0.04985883245014548,1.1105774059072464,1.4266895576566971,11.565803118577412,0.2796875
7-8-13-15,3.0,10,2,2,True,False,1.3333333333333333,2.0,0.011535145815724327,1.072078198906218,1.2207032130017512,3.994518829603403,0.3303333333333333
7-8-13-15,3.0,11,2,3,False,False,1.5,1.0,-0.04770324691199355,1.0130153265451072,1.4092318240215682,14.113731072603612,0.2688125
7-8-13-15,3.0,12,3,0,False,False,1.4166666666666663,1.0,0.2230221019936452,1.283740675450746,1.6767209864798314,13.490984160273511,0.20625
7-8-13-15,3.0,13,3,1,True,True,1.8666666666666665,0.0,0.10415347566510084,1.1651110477033433,1.4564025407222372,14.510239070588419,0.20653333333333332
7-8-13-15,3.0,14,3,2,False,False,1.5,1.0,0.07053237690427386,1.1312509503613748,1.4969910905208832,14.971000482093823,0.217
7-8-13-15,3.0,15,3,3,True,True,1.8666666666666667,0.0,-0.019668267737725557,1.0411402326629033,1.4386183728849318,13.570447805067154,0.20233333333333334
8-10-13-15,2.333333333333333,0,0,0,True,False,0.8761904761904762,2.0,-0.018860528494742644,1.0413433429392402,1.2014714164686389,2.866682959682061,0.2764
8-10-13-15,2.333333333333333,1,0,1,False,False,0.9166666666666666,3.0,0.049131075875646975,1.1096254519961577,1.29598899989481,7.5573727758093066,0.3443125
8-10-13-15,2.333333333333333,2,0,2,True,False,0.9333333333333332,2.0,-0.11260881137067903,0.9474645449387211,1.2826657793185186,3.13726172054831,0.2722
8-10-13-15,2.333333333333333,3,0,3,False,False,0.8333333333333333,3.0,-0.021207638306038914,1.039286737814472,1.4205088677992364,7.007002484207654,0.211875
8-10-13-15,2.333333333333333,4,1,0,False,False,1.1666666666666667,1.0,0.05975818194000948,1.1202525580605203,1.3028439828799974,11.302074603044579,0.2891875
8-10-13-15,2.333333333333333,5,1,1,True,False,1.2,2.0,0.050852959525162805,1.1114934483843724,1.2635173052029411,4.0330798837348105,0.2832
8-10-13-15,2.333333333333333,6,1,2,False,False,1.25,1.0,-0.04647527260828454,1.0140191035122261,1.299548014741141,9.485289311780276,0.192875
8-10-13-15,2.333333333333333,7,1,3,True,False,1.0666666666666669,2.0,-0.004377040945602606,1.0559319056102032,1.1839835781802621,3.456395330395661,0.22673333333333334
8-10-13-15,2.333333333333333,8,2,0,True,True,1.8666666666666665,0.0,0.1018939235307803,1.1625545893296307,1.3720688734853945,15.002478944844158,0.23093333333333332
8-10-13-15,2.333333333333333,9,2,1,False,False,1.75,1.0,0.08967342422345605,1.1501678003439668,1.4914018235835098,13.880061303197326,0.2839375
8-10-13-15,2.333333333333333,10,2,2,True,True,2.0,0.0,0.0338607529391315,1.0944606025275134,1.304421532604112,13.742780686385519,0.17046666666666666
8-10-13-15,2.333333333333333,11,2,3,False,False,1.5,1.0,0.01942075572717617,1.079915131847687,1.3234370593763205,13.878046379907444,0.235
8-10-13-15,2.333333333333333,12,3,0,False,False,1.5,1.0,0.11451822790820673,1.1750126040287174,1.4482657252439781,15.529091183194385,0.2229375
8-10-13-15,2.333333333333333,13,3,1,True,True,2.0,0.0,0.08785435327421466,1.148553051043286,1.3562827187514814,16.539318300044688,0.1434
8-10-13-15,2.333333333333333,14,3,2,False,False,1.75,1.0,0.05805019765341193,1.1185445737739226,1.413611545242161,15.590018606082804,0.241875
8-10-13-15,2.333333333333333,15,3,3,True,True,1.8666666666666667,0.0,0.051593906265503565,1.112212037142163,1.3469872517852726,14.368485124826663,0.24293333333333333
