non_inertial,cluster_index,field_std,field_range,worst_bus_rocof,worst_bus_excess,mean_excess_at_ni,r_density_excess,p_density_excess
1-2-5-6,1.3333333333333333,0.010330164288462526,0.0350579869592487,0.2593959984158741,0.0166712703185461,-0.00425821899919975,-0.4146902238889173,0.11024420409376623
5-6-9-10,1.3333333333333333,0.01056752490282333,0.024615183657413,0.2432255077734651,0.0004199723292432,-0.024195211328168452,-0.9364442211130322,9.484759236727005e-08
9-10-13-14,1.3333333333333333,0.01033016428846263,0.0350579869592486,0.2593959984158739,0.0166712703185462,-0.004258218999201875,-0.4146902238890005,0.11024420409368774
8-9-12-13,1.3333333333333333,0.01724360971586552,0.0653095838615347,0.2632930615743156,0.0206218622760649,-0.028657010830987626,-0.7180112020867995,0.0017336840625161254
10-11-14-15,1.3333333333333333,0.017243609715865832,0.06530958386153571,0.2632930615743157,0.0206218622760648,-0.028657010830988726,-0.7180112020868119,0.001733684062515654
6-7-10-11,1.3333333333333333,0.010330164288462666,0.035057986959247694,0.2593959984158723,0.0166712703185447,-0.004258218999202749,-0.41469022388903176,0.1102442040936582
2-3-6-7,1.3333333333333333,0.01724360971586556,0.0653095838615373,0.2632930615743165,0.020621862276065,-0.02865701083098742,-0.7180112020867909,0.0017336840625164457
4-5-8-9,1.3333333333333333,0.010330164288462665,0.035057986959248,0.2593959984158717,0.0166712703185447,-0.004258218999202525,-0.4146902238890241,0.11024420409366556
0-1-4-5,1.3333333333333333,0.017243609715866984,0.065309583861539,0.2632930615743165,0.020621862276065,-0.02865701083099225,-0.718011202086842,0.0017336840625145102
2-5-6-10,1.5,0.013455651140502446,0.0521378606048394,0.2556214454202131,0.0128303621308036,-0.024225883381721075,-0.788723053561297,0.0002822730643555156
9-12-13-14,1.5,0.016979190709273537,0.0689128570635275,0.2685356505006851,0.0258168877835931,-0.0275723001129044,-0.8176161306937944,0.00010948340192911473
3-6-7-11,1.5,0.016979190709273895,0.0689128570635267,0.2685356505006847,0.025816887783593,-0.027572300112906553,-0.8176161306938121,0.00010948340192904549
5-8-9-10,1.5,0.013455651140499951,0.0521378606048285,0.2556214454202109,0.0128303621308019,-0.02422588338171555,-0.7887230535612959,0.0002822730643555249
5-6-7-10,1.5,0.013455651140500471,0.052137860604830104,0.2556214454202112,0.0128303621308017,-0.0242258833817174,-0.7887230535613142,0.0002822730643553696
1-2-3-6,1.5,0.016979190709274505,0.06891285706353201,0.2685356505006849,0.0258168877835928,-0.027572300112907025,-0.8176161306938128,0.00010948340192904293
2-6-7-10,1.5,0.009848013291898137,0.0356207463151023,0.2568171839804467,0.0140619810524612,-0.0026107390515272247,-0.35084028840607007,0.18274604749172346
4-8-9-12,1.5,0.016979190709274363,0.0689128570635264,0.2685356505006843,0.0258168877835929,-0.027572300112907372,-0.8176161306938073,0.00010948340192906363
6-10-11-14,1.5,0.00984801329189818,0.0356207463151018,0.2568171839804468,0.0140619810524609,-0.002610739051528325,-0.35084028840611425,0.18274604749166412
10-13-14-15,1.5,0.016979190709274377,0.0689128570635296,0.2685356505006844,0.0258168877835931,-0.027572300112907053,-0.8176161306938136,0.00010948340192903957
0-4-5-8,1.5,0.016979190709274457,0.0689128570635275,0.2685356505006848,0.025816887783593,-0.027572300112908472,-0.817616130693827,0.00010948340192898763
0-1-2-5,1.5,0.0169791907092742,0.0689128570635289,0.2685356505006848,0.025816887783593,-0.027572300112906154,-0.8176161306938029,0.00010948340192908106
6-9-10-14,1.5,0.013455651140501098,0.0521378606048366,0.255621445420214,0.0128303621308039,-0.0242258833817176,-0.7887230535612667,0.0002822730643557754
6-9-10-11,1.5,0.013455651140501434,0.052137860604834795,0.2556214454202113,0.0128303621308018,-0.02422588338171875,-0.7887230535613016,0.0002822730643554759
1-5-6-9,1.5,0.013455651140499996,0.052137860604832796,0.2556214454202134,0.0128303621308037,-0.024225883381715475,-0.7887230535612605,0.00028227306435582865
7-10-11-15,1.5,0.016979190709274818,0.0689128570635277,0.2685356505006839,0.0258168877835928,-0.0275723001129086,-0.817616130693814,0.00010948340192903776
2-5-6-7,1.5,0.009848013291897861,0.0356207463151009,0.2568171839804466,0.0140619810524601,-0.00261073905152705,-0.35084028840606385,0.18274604749173168
1-4-5-9,1.5,0.009848013291898048,0.0356207463151022,0.2568171839804467,0.014061981052461,-0.0026107390515265746,-0.3508402884060522,0.18274604749174708
1-4-5-6,1.5,0.009848013291897864,0.0356207463151008,0.2568171839804465,0.0140619810524601,-0.0026107390515257498,-0.35084028840600695,0.18274604749180762
4-5-6-9,1.5,0.013455651140500598,0.05213786060483,0.2556214454202108,0.0128303621308014,-0.02422588338171755,-0.7887230535613156,0.00028227306435535843
5-8-9-13,1.5,0.009848013291898267,0.0356207463151025,0.2568171839804464,0.0140619810524613,-0.002610739051528475,-0.3508402884061309,0.18274604749164228
5-9-10-13,1.5,0.013455651140499653,0.0521378606048328,0.2556214454202128,0.0128303621308039,-0.024225883381714303,-0.7887230535612427,0.00028227306435598055
8-9-10-13,1.5,0.009848013291898047,0.0356207463151011,0.2568171839804465,0.0140619810524604,-0.00261073905152785,-0.3508402884060966,0.18274604749168794
9-10-11-14,1.5,0.009848013291897944,0.0356207463151011,0.256817183980446,0.0140619810524605,-0.00261073905152765,-0.35084028840609593,0.18274604749168877
8-12-13-14,1.6666666666666667,0.016473878526907695,0.0599200113496971,0.2815522811113599,0.0388563251830712,0.027192025344496374,0.529203445150419,0.035036998707863413
2-6-9-10,1.6666666666666667,0.0045949744331330745,0.0174015232773947,0.2503694198010839,0.0075503109055687,9.779576871222495e-05,0.009715907966309056,0.97151233996536
2-6-10-11,1.6666666666666667,0.013268335063214546,0.0365783818719004,0.2531814066074713,0.0104111863072359,-0.022519744114237877,-0.8681038777248933,1.3045994739311151e-05
5-9-10-11,1.6666666666666667,0.0045949744331321716,0.0174015232773911,0.2503694198010814,0.0075503109055668,9.779576871280003e-05,0.009715907966354131,0.971512339965229
2-6-10-14,1.6666666666666667,0.010745446060539116,0.0304431314570697,0.2499231393583054,0.0071351496008665,-0.019167984799996953,-0.813252374858821,0.0001276025639059794
2-5-6-9,1.6666666666666667,0.005703140100614663,0.0206245018236184,0.2539971787386789,0.0111908469951776,-0.00044532683584087526,-0.17265996555748764,0.522531888928597
5-6-10-14,1.6666666666666667,0.004594974433133148,0.0174015232773956,0.250369419801084,0.0075503109055691,9.77957687123251e-05,0.009715907966344667,0.9715123399652561
1-4-5-8,1.6666666666666667,0.011663475449020088,0.04685787353134099,0.2636643957092509,0.0208935457263429,-0.0030599159852161503,-0.45090345961740524,0.07961618998463343
4-5-6-8,1.6666666666666667,0.010298583458262426,0.0380987282700323,0.2641159384743083,0.0213340424576727,0.012179595428932849,0.30101635273720145,0.25724727925110535
4-5-8-12,1.6666666666666667,0.014779730768498298,0.0559638962668801,0.2613820183018236,0.0186276934503058,-0.0209223972067615,-0.7654700954673619,0.0005482868281842186
6-10-14-15,1.6666666666666667,0.013579079312850822,0.0502789630220557,0.2734729986245152,0.0307036708593411,0.01413467938990675,0.29236668759294165,0.2718404343324169
6-10-13-14,1.6666666666666667,0.010298583458263327,0.0380987282700353,0.2641159384743122,0.0213340424576767,0.012179595428935824,0.3010163527372893,0.25724727925095964
2-4-5-6,1.6666666666666667,0.013268335063215453,0.0365783818719063,0.2531814066074724,0.0104111863072375,-0.022519744114239824,-0.8681038777249066,1.3045994739302407e-05
5-9-12-13,1.6666666666666667,0.0135790793128535,0.0502789630220685,0.2734729986245288,0.0307036708593537,0.014134679389913276,0.2923666875930703,0.27184043433219596
9-13-14-15,1.6666666666666667,0.014779730768498435,0.0559638962668791,0.2613820183018228,0.018627693450305,-0.02092239720676195,-0.7654700954673728,0.0005482868281840575
3-7-10-11,1.6666666666666667,0.014779730768498641,0.0559638962668805,0.2613820183018238,0.0186276934503058,-0.020922397206764,-0.7654700954674112,0.00054828682818349
3-7-11-15,1.6666666666666667,0.012607602373115022,0.0328991321436196,0.2561295003700548,0.01344500597459,-0.01945412616902745,-0.8870156909976783,4.652110635772792e-06
5-6-8-9,1.6666666666666667,0.005703140100613979,0.020624501823614798,0.2539971787386758,0.0111908469951747,-0.0004453268358412249,-0.1726599655575209,0.5225318889285158
1-2-4-5,1.6666666666666667,0.01166347544901948,0.0468578735313397,0.2636643957092501,0.0208935457263432,-0.0030599159852182254,-0.45090345961751427,0.07961618998455164
1-2-6-7,1.6666666666666667,0.011663475449019488,0.0468578735313397,0.2636643957092508,0.0208935457263433,-0.0030599159852151,-0.45090345961740963,0.07961618998463008
1-2-6-10,1.6666666666666667,0.01029858345826144,0.038098728270023,0.2641159384742994,0.0213340424576645,0.012179595428929574,0.3010163527370935,0.25724727925128443
1-2-5-9,1.6666666666666667,0.010298583458261089,0.0380987282700226,0.2641159384743002,0.0213340424576646,0.01217959542892825,0.30101635273705957,0.2572472792513407
5-6-7-11,1.6666666666666667,0.010298583458262072,0.0380987282700289,0.2641159384743041,0.0213340424576689,0.0121795954289317,0.30101635273716826,0.2572472792511603
8-9-10-11,1.6666666666666667,0.010745446060537595,0.030443131457064898,0.2499231393583058,0.0071351496008654,-0.0191679847999928,-0.8132523748588062,0.0001276025639060453
1-2-3-5,1.6666666666666667,0.014779730768498733,0.055963896266881794,0.2613820183018227,0.0186276934503055,-0.020922397206762103,-0.7654700954673631,0.0005482868281842022
3-6-7-10,1.6666666666666667,0.013780378583011742,0.0469679322444847,0.2734418962984907,0.0306846472838901,0.012497695300998575,0.20007901337888173,0.45750654549215786
1-2-3-7,1.6666666666666667,0.01647387852690886,0.0599200113497035,0.2815522811113664,0.0388563251830774,0.02719202534449965,0.5292034451504666,0.03503699870784402
0-1-5-6,1.6666666666666667,0.01378037858301224,0.046967932244490196,0.2734418962984949,0.0306846472838939,0.012497695301000575,0.20007901337894307,0.45750654549201725
0-1-5-9,1.6666666666666667,0.01357907931285282,0.0502789630220662,0.2734729986245263,0.0307036708593515,0.0141346793899105,0.2923666875930058,0.27184043433230687
0-1-2-4,1.6666666666666667,0.016473878526907914,0.0599200113496967,0.2815522811113594,0.0388563251830708,0.0271920253444975,0.529203445150442,0.03503699870785399
9-10-14-15,1.6666666666666667,0.013780378583011574,0.046967932244488295,0.2734418962984928,0.0306846472838921,0.012497695300998824,0.20007901337889925,0.4575065454921172
7-11-14-15,1.6666666666666667,0.01647387852690755,0.0599200113496968,0.2815522811113603,0.0388563251830709,0.027192025344495625,0.5292034451504121,0.035036998707866314
6-10-11-15,1.6666666666666667,0.013780378583010589,0.0469679322444792,0.2734418962984845,0.0306846472838846,0.012497695300995374,0.20007901337881248,0.45750654549231645
4-8-12-13,1.6666666666666667,0.016473878526910304,0.059920011349706696,0.2815522811113698,0.0388563251830808,0.027192025344503698,0.5292034451505122,0.035036998707825326
4-5-9-10,1.6666666666666667,0.0057031401006139,0.0206245018236147,0.2539971787386764,0.0111908469951747,-0.000445326835840125,-0.17265996555744614,0.5225318889286987
2-3-7-11,1.6666666666666667,0.0164738785269059,0.0599200113496897,0.2815522811113529,0.0388563251830637,0.027192025344490625,0.5292034451503409,0.03503699870789536
2-3-5-6,1.6666666666666667,0.013780378583012363,0.046967932244490404,0.2734418962984954,0.0306846472838943,0.01249769530100095,0.20007901337895598,0.4575065454919869
4-8-9-13,1.6666666666666667,0.011663475449019932,0.0468578735313417,0.2636643957092502,0.0208935457263434,-0.0030599159852201,-0.45090345961754924,0.07961618998452548
4-5-9-13,1.6666666666666667,0.013268335063214858,0.0365783818719015,0.253181406607471,0.010411186307236,-0.02251974411423845,-0.8681038777248969,1.3045994739308825e-05
4-8-9-10,1.6666666666666667,0.010298583458261507,0.0380987282700265,0.2641159384743023,0.021334042457667,0.012179595428929376,0.30101635273709804,0.25724727925127694
5-9-13-14,1.6666666666666667,0.010298583458262815,0.0380987282700319,0.2641159384743081,0.0213340424576732,0.01217959542893395,0.301016352737232,0.2572472792510546
1-5-6-10,1.6666666666666667,0.005703140100614594,0.020624501823618302,0.2539971787386784,0.0111908469951774,-0.0004453268358416251,-0.17265996555754337,0.5225318889284606
8-9-13-14,1.6666666666666667,0.01166347544901918,0.046857873531338204,0.2636643957092495,0.0208935457263422,-0.0030599159852166997,-0.4509034596174703,0.07961618998458465
1-5-8-9,1.6666666666666667,0.013268335063214865,0.036578381871902904,0.2531814066074713,0.0104111863072361,-0.022519744114238373,-0.8681038777248982,1.3045994739307938e-05
8-9-10-14,1.6666666666666667,0.013268335063214782,0.036578381871901,0.2531814066074732,0.0104111863072374,-0.0225197441142383,-0.8681038777248951,1.3045994739309986e-05
0-4-5-6,1.6666666666666667,0.013579079312851426,0.0502789630220613,0.2734729986245202,0.0307036708593458,0.014134679389907399,0.29236668759295614,0.2718404343323916
0-4-5-9,1.6666666666666667,0.01378037858301068,0.046967932244478205,0.2734418962984846,0.0306846472838838,0.012497695300996101,0.20007901337883693,0.4575065454922603
0-1-2-3,1.6666666666666667,0.012607602373114011,0.0328991321436152,0.2561295003700545,0.0134450059745899,-0.019454126169024123,-0.8870156909976401,4.652110635783316e-06
9-10-11-13,1.6666666666666667,0.013268335063215134,0.0365783818719068,0.2531814066074739,0.0104111863072373,-0.022519744114238772,-0.8681038777248985,1.3045994739307646e-05
9-10-11-15,1.6666666666666667,0.013579079312852082,0.0502789630220649,0.2734729986245241,0.0307036708593493,0.014134679389910625,0.29236668759303586,0.271840434332255
9-10-12-13,1.6666666666666667,0.013780378583013906,0.046967932244498994,0.2734418962985034,0.0306846472839028,0.012497695301004724,0.20007901337902562,0.4575065454918273
7-10-11-14,1.6666666666666667,0.011663475449019994,0.0468578735313414,0.2636643957092506,0.0208935457263434,-0.0030599159852194,-0.45090345961753253,0.07961618998453802
1-5-6-7,1.6666666666666667,0.013268335063214377,0.0365783818719026,0.2531814066074731,0.0104111863072376,-0.02251974411423675,-0.8681038777248804,1.30459947393196e-05
10-11-13-14,1.6666666666666667,0.011663475449019484,0.046857873531338495,0.2636643957092497,0.0208935457263425,-0.0030599159852189002,-0.4509034596175332,0.07961618998453744
6-7-9-10,1.6666666666666667,0.0057031401006138885,0.020624501823614798,0.2539971787386766,0.0111908469951748,-0.00044532683583985,-0.17265996555742616,0.5225318889287474
8-9-10-12,1.6666666666666667,0.013579079312852184,0.050278963022065,0.2734729986245234,0.0307036708593494,0.014134679389910325,0.29236668759302104,0.27184043433228033
0-1-2-6,1.6666666666666667,0.014779730768498874,0.0559638962668821,0.2613820183018225,0.0186276934503055,-0.0209223972067635,-0.7654700954673913,0.0005482868281837821
3-5-6-7,1.6666666666666667,0.01357907931285087,0.050278963022058296,0.2734729986245173,0.030703670859343,0.014134679389906049,0.2923666875929305,0.2718404343324357
0-4-8-9,1.6666666666666667,0.014779730768497893,0.055963896266877894,0.2613820183018237,0.0186276934503057,-0.02092239720676175,-0.7654700954673874,0.0005482868281838412
0-4-8-12,1.6666666666666667,0.012607602373115178,0.0328991321436192,0.2561295003700548,0.01344500597459,-0.019454126169028176,-0.887015690997686,4.652110635770655e-06
6-7-11-15,1.6666666666666667,0.014779730768498638,0.055963896266881,0.2613820183018239,0.0186276934503058,-0.020922397206763498,-0.7654700954674001,0.0005482868281836543
1-5-9-10,1.6666666666666667,0.00459497443313285,0.0174015232773944,0.2503694198010853,0.0075503109055685,9.779576871285002e-05,0.009715907966385107,0.9715123399651375
6-9-10-13,1.6666666666666667,0.005703140100614188,0.020624501823618,0.2539971787386795,0.0111908469951774,-0.0004453268358407999,-0.1726599655575146,0.5225318889285314
5-6-7-9,1.6666666666666667,0.004594974433132421,0.0174015232773923,0.2503694198010839,0.0075503109055675,9.779576871275005e-05,0.00971590796636207,0.9715123399652051
5-6-9-13,1.6666666666666667,0.004594974433132894,0.017401523277395102,0.2503694198010852,0.0075503109055689,9.779576871352488e-05,0.009715907966469706,0.9715123399648895
0-1-4-8,1.6666666666666667,0.016473878526908833,0.059920011349700694,0.2815522811113626,0.0388563251830745,0.027192025344499576,0.5292034451504545,0.03503699870784892
7-9-10-11,1.6666666666666667,0.010298583458261307,0.038098728270023904,0.2641159384742995,0.0213340424576644,0.012179595428928824,0.30101635273707283,0.2572472792513185
2-6-7-11,1.6666666666666667,0.011663475449019899,0.0468578735313412,0.2636643957092503,0.020893545726343,-0.003059915985218575,-0.4509034596175032,0.07961618998456
5-9-10-14,1.6666666666666667,0.005703140100614371,0.020624501823618198,0.253997178738679,0.0111908469951778,-0.00044532683584057493,-0.1726599655574789,0.5225318889286181
5-8-9-12,1.6666666666666667,0.013780378583011068,0.0469679322444833,0.2734418962984878,0.0306846472838885,0.012497695300996675,0.20007901337883283,0.45750654549226993
6-7-10-14,1.6666666666666667,0.01326833506321555,0.0365783818719049,0.2531814066074713,0.0104111863072359,-0.02251974411424045,-0.8681038777249168,1.30459947392957e-05
10-12-13-14,1.6666666666666667,0.014779730768498691,0.0559638962668815,0.2613820183018226,0.0186276934503052,-0.020922397206762675,-0.7654700954673798,0.0005482868281839527
6-8-9-10,1.6666666666666667,0.004594974433132263,0.0174015232773913,0.250369419801082,0.0075503109055669,9.779576871289994e-05,0.009715907966369952,0.9715123399651822
12-13-14-15,1.6666666666666667,0.012607602373114821,0.0328991321436176,0.2561295003700539,0.0134450059745897,-0.019454126169026874,-0.8870156909976704,4.652110635774941e-06
1-5-9-13,1.6666666666666667,0.010745446060538982,0.0304431314570704,0.2499231393583061,0.0071351496008666,-0.019167984799996474,-0.813252374858817,0.00012760256390599708
11-13-14-15,1.6666666666666667,0.016473878526907477,0.0599200113496966,0.2815522811113595,0.0388563251830707,0.02719202534449585,0.5292034451504131,0.03503699870786586
2-3-6-10,1.6666666666666667,0.013579079312850625,0.0502789630220561,0.2734729986245157,0.0307036708593416,0.014134679389906549,0.2923666875929377,0.2718404343324235
4-5-6-7,1.6666666666666667,0.010745446060538498,0.030443131457067802,0.2499231393583044,0.0071351496008656,-0.019167984799995173,-0.8132523748588263,0.00012760256390595585
4-5-6-10,1.6666666666666667,0.004594974433132259,0.0174015232773913,0.2503694198010821,0.0075503109055669,9.7795768714825e-05,0.009715907966572124,0.9715123399645896
5-6-10-11,1.6666666666666667,0.005703140100613997,0.020624501823615297,0.253997178738676,0.0111908469951752,-0.0004453268358415001,-0.17265996555755675,0.5225318889284283
4-5-8-10,1.8333333333333333,0.010103029520608249,0.0370043575420244,0.2641588485170376,0.0213723572887534,0.00940859217139835,0.225961927318697,0.4000713647551749
0-5-8-9,1.8333333333333333,0.011648334965202166,0.040617652383358696,0.2612137776470006,0.01842710805212,0.007109682155590075,-0.0954445485701298,0.7251282249424204
4-9-12-13,1.8333333333333333,0.015113013843498928,0.05398245890887231,0.2749631044562037,0.0321952252653025,0.012371862711323501,0.14680367362672594,0.5874498098942014
5-10-13-14,1.8333333333333333,0.01010302952060823,0.0370043575420254,0.2641588485170386,0.0213723572887551,0.009408592171399652,0.22596192731873277,0.4000713647550987
4-5-8-13,1.8333333333333333,0.012438464179456214,0.0418936463989505,0.2601665570969875,0.0174030434969579,0.004131494647297625,-0.20047598944653522,0.4565959079332622
0-2-5-6,1.8333333333333333,0.011648334965202345,0.040617652383363706,0.261213777647003,0.0184271080521229,0.007109682155587925,-0.09544454857019945,0.7251282249422268
1-3-5-6,1.8333333333333333,0.011648334965202543,0.040617652383363095,0.2612137776470027,0.0184271080521227,0.007109682155589725,-0.09544454857013242,0.7251282249424129
1-2-5-7,1.8333333333333333,0.012438464179456168,0.0418936463989473,0.2601665570969862,0.0174030434969566,0.004131494647297725,-0.20047598944653588,0.45659590793326105
1-2-6-9,1.8333333333333333,0.010103029520608247,0.037004357542026,0.2641588485170392,0.0213723572887557,0.009408592171397974,0.22596192731867093,0.40007136475523103
2-7-10-11,1.8333333333333333,0.012438464179456135,0.0418936463989516,0.2601665570969884,0.0174030434969592,0.004131494647298,-0.20047598944653094,0.4565959079332727
0-1-5-8,1.8333333333333333,0.015113013843500079,0.0539824589088781,0.2749631044562098,0.0321952252653084,0.012371862711327326,0.1468036736268173,0.5874498098939669
5-7-9-10,1.8333333333333333,0.007107250591405869,0.0258696588249492,0.2503717685900178,0.0075539255013377,-0.011973522116258399,-0.6674271806799652,0.004730703834556955
5-7-10-11,1.8333333333333333,0.010103029520609817,0.0370043575420332,0.264158848517046,0.0213723572887621,0.0094085921714037,0.22596192731887932,0.4000713647547852
5-6-9-14,1.8333333333333333,0.007107250591407019,0.025869658824956898,0.2503717685900212,0.0075539255013408,-0.0119735221162575,-0.6674271806798018,0.004730703834570894
3-6-10-11,1.8333333333333333,0.011648334965202478,0.040617652383358904,0.2612137776470001,0.0184271080521202,0.007109682155590925,-0.09544454857009652,0.7251282249425128
2-3-5-7,1.8333333333333333,0.011301326234330446,0.0465087180843604,0.2684661351195316,0.0257515164010054,-0.0056616519864215245,-0.2942995756088691,0.26853664142175593
1-4-8-9,1.8333333333333333,0.012438464179455395,0.0418936463989448,0.2601665570969816,0.017403043496952,0.004131494647294676,-0.2004759894466565,0.456595907932984
6-7-10-15,1.8333333333333333,0.01164833496520198,0.0406176523833592,0.2612137776470006,0.0184271080521201,0.007109682155587875,-0.09544454857019971,0.7251282249422257
2-3-6-11,1.8333333333333333,0.015113013843499258,0.0539824589088734,0.274963104456205,0.0321952252653039,0.012371862711324698,0.14680367362675922,0.5874498098941161
4-6-9-10,1.8333333333333333,0.0071072505914057385,0.0258696588249486,0.2503717685900179,0.0075539255013378,-0.011973522116259225,-0.667427180679997,0.00473070383455425
8-9-12-14,1.8333333333333333,0.01511301384349947,0.0539824589088759,0.2749631044562052,0.0321952252653053,0.012371862711326525,0.14680367362680427,0.5874498098940003
6-7-9-11,1.8333333333333333,0.010103029520607956,0.0370043575420234,0.2641588485170362,0.0213723572887527,0.009408592171398226,0.22596192731868547,0.4000713647551996
1-6-9-10,1.8333333333333333,0.007107250591405212,0.025869658824948603,0.2503717685900204,0.0075539255013407,-0.011973522116253826,-0.6674271806798036,0.004730703834570742
9-10-13-15,1.8333333333333333,0.01164833496520261,0.0406176523833629,0.2612137776470032,0.0184271080521223,0.00710968215558935,-0.09544454857013226,0.7251282249424134
9-10-12-14,1.8333333333333333,0.011648334965203162,0.040617652383362804,0.261213777647003,0.0184271080521223,0.007109682155590874,-0.09544454857007055,0.7251282249425846
0-1-4-6,1.8333333333333333,0.011301326234330552,0.0465087180843603,0.2684661351195322,0.0257515164010055,-0.005661651986423049,-0.2942995756089094,0.2685366414216872
4-6-8-9,1.8333333333333333,0.010103029520608688,0.0370043575420272,0.2641588485170409,0.0213723572887566,0.00940859217140005,0.2259619273187562,0.40007136475504845
1-2-5-10,1.8333333333333333,0.01010302952060862,0.0370043575420274,0.2641588485170409,0.021372357288757,0.009408592171399225,0.22596192731871417,0.4000713647551386
0-1-4-9,1.8333333333333333,0.011301326234330215,0.0465087180843596,0.2684661351195324,0.0257515164010063,-0.005661651986420625,-0.29429957560884723,0.2685366414217927
9-11-13-14,1.8333333333333333,0.0124384641794559,0.0418936463989463,0.2601665570969846,0.0174030434969555,0.0041314946472973246,-0.2004759894465564,0.4565959079332138
9-11-14-15,1.8333333333333333,0.01130132623433047,0.0465087180843606,0.2684661351195319,0.0257515164010058,-0.005661651986422074,-0.29429957560888365,0.268536641421731
1-3-6-7,1.8333333333333333,0.015113013843500852,0.0539824589088842,0.2749631044562142,0.0321952252653134,0.012371862711329475,0.1468036736268683,0.5874498098938354
5-6-10-13,1.8333333333333333,0.007107250591406148,0.0258696588249528,0.2503717685900216,0.0075539255013405,-0.01197352211625555,-0.6674271806797865,0.004730703834572205
2-5-9-10,1.8333333333333333,0.007107250591405635,0.025869658824951902,0.2503717685900214,0.0075539255013406,-0.011973522116255401,-0.6674271806798133,0.004730703834569912
8-10-13-14,1.8333333333333333,0.012438464179455893,0.041893646398947895,0.2601665570969855,0.017403043496957,0.0041314946472976,-0.20047598944655115,0.456595907933226
8-10-12-13,1.8333333333333333,0.011301326234330392,0.046508718084360495,0.2684661351195317,0.0257515164010058,-0.005661651986421125,-0.29429957560885583,0.2685366414217786
5-6-9-11,1.8333333333333333,0.0071072505914068895,0.025869658824953,0.2503717685900186,0.0075539255013382,-0.011973522116259225,-0.6674271806799319,0.004730703834559797
1-2-4-6,1.8333333333333333,0.012438464179456278,0.0418936463989487,0.2601665570969868,0.0174030434969578,0.004131494647297376,-0.2004759894465512,0.4565959079332253
5-8-12-13,1.8333333333333333,0.01130132623433027,0.0465087180843599,0.2684661351195327,0.0257515164010065,-0.005661651986419476,-0.29429957560881137,0.2685366414218542
0-2-4-5,1.8333333333333333,0.015113013843500701,0.0539824589088842,0.2749631044562146,0.0321952252653133,0.012371862711329775,0.14680367362687488,0.5874498098938181
6-9-13-14,1.8333333333333333,0.010103029520608002,0.037004357542022706,0.2641588485170353,0.0213723572887523,0.0094085921713983,0.22596192731868076,0.4000713647552101
2-3-7-10,1.8333333333333333,0.011301326234329966,0.0465087180843593,0.2684661351195324,0.0257515164010061,-0.0056616519864186,-0.2942995756087798,0.2685366414219078
7-10-14-15,1.8333333333333333,0.015113013843499983,0.0539824589088774,0.274963104456209,0.0321952252653078,0.012371862711327074,0.14680367362680788,0.5874498098939906
4-5-9-12,1.8333333333333333,0.011648334965202909,0.0406176523833588,0.2612137776470003,0.01842710805212,0.007109682155592575,-0.09544454857002282,0.7251282249427169
6-7-11-14,1.8333333333333333,0.012438464179455704,0.041893646398946,0.2601665570969825,0.017403043496953,0.004131494647294624,-0.20047598944665063,0.45659590793299787
10-11-13-15,1.8333333333333333,0.015113013843499565,0.0539824589088784,0.2749631044562087,0.0321952252653079,0.01237186271132815,0.14680367362684013,0.5874498098939078
6-11-14-15,1.8333333333333333,0.011301326234330321,0.0465087180843596,0.2684661351195332,0.0257515164010065,-0.005661651986420775,-0.29429957560885056,0.26853664142178757
5-6-8-10,1.8333333333333333,0.007107250591406115,0.0258696588249506,0.2503717685900175,0.0075539255013377,-0.0119735221162581,-0.6674271806799348,0.004730703834559548
0-8-9-12,2.0,0.013664447043358258,0.043952680283133705,0.2683599963970255,0.0256040617271636,0.006790801988994674,-0.11481645306210639,0.6719915794431812
5-7-9-11,2.0,0.008687745572973676,0.030092938154808603,0.2531914706917645,0.0103816780573404,-0.008812003570980425,-0.448730052956561,0.08125799353626091
5-6-7-14,2.0,0.008592970366548611,0.0295886414210339,0.2600270666513741,0.0172124979648169,0.010255224761526252,0.43226460651196297,0.09449590265884397
0-1-3-5,2.0,0.013664447043358278,0.043952680283136,0.2683599963970272,0.0256040617271637,0.0067908019889955495,-0.11481645306209882,0.671991579443202
0-1-8-9,2.0,0.01076964140194912,0.0452538440461357,0.2679673543399286,0.0252098401430056,-0.005756469719407675,-0.5963155373523188,0.014765179356040367
3-6-7-15,2.0,0.013664447043358426,0.043952680283133705,0.2683599963970268,0.0256040617271636,0.006790801988993551,-0.11481645306211685,0.6719915794431529
5-8-9-11,2.0,0.00799957752085348,0.026961555429553398,0.2602993830665789,0.0174856533652556,0.012003828634542624,0.598627992482895,0.01428576156282383
3-5-7-11,2.0,0.009867908917618686,0.0340130796162838,0.2636352503909183,0.0208522980459045,-0.005390087692715875,-0.4917471721777138,0.05303181138472406
9-12-13-15,2.0,0.013664447043358268,0.0439526802831368,0.2683599963970266,0.025604061727164,0.006790801988989049,-0.11481645306225437,0.6719915794427802
9-11-13-15,2.0,0.010769641401949475,0.0452538440461358,0.2679673543399277,0.0252098401430052,-0.005756469719408601,-0.5963155373523465,0.014765179356034549
1-2-3-10,2.0,0.009867908917618611,0.0340130796162847,0.2636352503909181,0.0208522980459049,-0.005390087692715325,-0.4917471721776871,0.05303181138473893
0-2-4-6,2.0,0.010769641401949423,0.0452538440461363,0.2679673543399281,0.0252098401430057,-0.0057564697194073255,-0.5963155373523115,0.014765179356041897
5-8-9-14,2.0,0.009625567397980213,0.0333909428771289,0.2576847488033402,0.0148972870893139,0.0074517822530969745,0.09602623254413295,0.723514053184121
5-9-10-12,2.0,0.010043431412325984,0.0306573393703459,0.2549187218722213,0.0121074478081109,-0.014319396853374576,-0.7275460403473789,0.0014015476516863999
5-12-13-14,2.0,0.00986790891761886,0.0340130796162838,0.2636352503909173,0.0208522980459045,-0.0053900876927158,-0.4917471721776875,0.0530318113847388
1-3-5-7,2.0,0.010769641401949392,0.045253844046136,0.2679673543399282,0.0252098401430054,-0.005756469719408774,-0.5963155373523549,0.01476517935603281
2-5-7-10,2.0,0.009282226117708691,0.0328455109183378,0.2545478238048034,0.0117440074981749,-0.00733898761684275,-0.4891461439162099,0.05449547470683899
7-9-11-15,2.0,0.009867908917618328,0.0340130796162837,0.2636352503909185,0.0208522980459046,-0.00539008769271565,-0.49174717217771885,0.05303181138472124
5-9-11-13,2.0,0.008592970366548242,0.029588641421030598,0.2600270666513719,0.0172124979648146,0.010255224761526748,0.4322646065119842,0.09449590265882588
5-10-11-14,2.0,0.013650827884082003,0.0438135754698545,0.2550722522398898,0.0122632528177046,-0.022114101942873,-0.7390068146177056,0.0010729230192916773
2-6-7-14,2.0,0.015129687992684136,0.0476121893208756,0.2554460238332204,0.0126609301779554,-0.0242725895491658,-0.850467539246944,2.990184491837545e-05
2-6-7-9,2.0,0.013650827884080043,0.04381357546985171,0.2550722522398907,0.012263252817705,-0.0221141019428681,-0.7390068146176411,0.0010729230192933277
7-9-10-14,2.0,0.009625567397980466,0.0333909428771319,0.2576847488033434,0.0148972870893163,0.007451782253098,0.0960262325441884,0.7235140531839666
2-9-10-14,2.0,0.007999577520853889,0.026961555429554,0.2602993830665797,0.0174856533652569,0.012003828634543075,0.5986279924829271,0.0142857615628173
2-9-10-11,2.0,0.008592970366548073,0.0295886414210274,0.2600270666513687,0.0172124979648109,0.010255224761525801,0.43226460651195675,0.0944959026588492
3-10-11-15,2.0,0.013664447043358294,0.043952680283133705,0.2683599963970262,0.0256040617271636,0.0067908019889926004,-0.11481645306214697,0.6719915794430715
8-10-12-14,2.0,0.010769641401949434,0.0452538440461358,0.2679673543399278,0.0252098401430052,-0.005756469719408275,-0.5963155373523397,0.014765179356035983
1-2-9-10,2.0,0.00868774557297423,0.0300929381548104,0.2531914706917657,0.0103816780573415,-0.008812003570981376,-0.44873005295656965,0.08125799353625428
5-6-13-14,2.0,0.008687745572974123,0.0300929381548109,0.2531914706917649,0.010381678057341,-0.008812003570982926,-0.4487300529566311,0.08125799353620745
8-10-11-14,2.0,0.015129687992683324,0.0476121893208791,0.2554460238332218,0.0126609301779569,-0.024272589549164576,-0.8504675392469435,2.990184491837602e-05
5-8-10-13,2.0,0.009282226117708228,0.032845510918337,0.2545478238048044,0.0117440074981748,-0.007338987616841951,-0.48914614391620204,0.05449547470684351
4-5-7-9,2.0,0.007999577520853856,0.026961555429554203,0.26029938306658,0.0174856533652568,0.012003828634543901,0.598627992482932,0.014285761562816284
2-4-6-10,2.0,0.00859297036654778,0.0295886414210278,0.2600270666513697,0.0172124979648121,0.0102552247615267,0.4322646065119832,0.09449590265882662
2-4-5-9,2.0,0.009625567397979616,0.033390942877126496,0.2576847488033368,0.0148972870893115,0.00745178225309415,0.09602623254402198,0.7235140531844282
1-4-5-13,2.0,0.015129687992684528,0.047612189320879,0.2554460238332217,0.0126609301779553,-0.024272589549166924,-0.8504675392469341,2.9901844918388598e-05
1-4-5-7,2.0,0.015129687992682253,0.0476121893208776,0.2554460238332235,0.0126609301779575,-0.024272589549161398,-0.8504675392469102,2.990184491841986e-05
4-5-12-13,2.0,0.010769641401949026,0.0452538440461354,0.2679673543399284,0.0252098401430054,-0.0057564697194074,-0.5963155373523157,0.014765179356041007
2-4-6-7,2.0,0.015129687992682002,0.0476121893208748,0.2554460238332226,0.0126609301779575,-0.024272589549160575,-0.8504675392469117,2.9901844918418105e-05
1-4-5-10,2.0,0.013650827884081122,0.0438135754698556,0.2550722522398911,0.0122632528177051,-0.022114101942869877,-0.7390068146176426,0.0010729230192932935
0-2-3-6,2.0,0.01366444704335845,0.0439526802831364,0.2683599963970264,0.0256040617271638,0.0067908019889934505,-0.11481645306214554,0.6719915794430753
2-5-6-14,2.0,0.007999577520855245,0.0269615554295607,0.260299383066587,0.0174856533652635,0.0120038286345461,0.5986279924830047,0.01428576156280139
4-5-6-13,2.0,0.008592970366549772,0.0295886414210399,0.2600270666513804,0.0172124979648229,0.010255224761529949,0.4322646065121023,0.09449590265872573
2-5-6-11,2.0,0.009625567397980676,0.0333909428771333,0.2576847488033441,0.0148972870893176,0.007451782253099625,0.09602623254424167,0.7235140531838197
0-5-6-9,2.0,0.010043431412326538,0.030657339370353198,0.2549187218722208,0.0121074478081106,-0.014319396853376125,-0.7275460403473695,0.0014015476516867048
4-9-10-13,2.0,0.009625567397980114,0.03339094287713,0.2576847488033403,0.014897287089314,0.007451782253096875,0.0960262325441368,0.7235140531841098
4-6-7-10,2.0,0.00799957752085261,0.0269615554295485,0.2602993830665734,0.0174856533652507,0.0120038286345403,0.598627992482828,0.014285761562837562
4-6-8-10,2.0,0.008687745572973036,0.030092938154805897,0.2531914706917637,0.0103816780573404,-0.008812003570979825,-0.44873005295657165,0.08125799353625275
6-9-10-15,2.0,0.010043431412326562,0.0306573393703505,0.254918721872221,0.0121074478081106,-0.014319396853376848,-0.7275460403474134,0.001401547651685303
6-13-14-15,2.0,0.00986790891761838,0.034013079616284,0.2636352503909186,0.0208522980459045,-0.005390087692715125,-0.49174717217767516,0.053031811384745636
1-5-6-13,2.0,0.007999577520853477,0.0269615554295538,0.2602993830665788,0.0174856533652565,0.012003828634541473,0.5986279924828745,0.014285761562828011
6-8-9-13,2.0,0.013650827884080853,0.0438135754698531,0.2550722522398911,0.0122632528177049,-0.022114101942869027,-0.7390068146176451,0.0010729230192932243
2-10-11-14,2.0,0.015129687992682564,0.0476121893208743,0.2554460238332203,0.012660930177955,-0.0242725895491623,-0.8504675392469179,2.990184491840991e-05
0-4-6-8,2.0,0.009867908917618608,0.034013079616284,0.2636352503909182,0.0208522980459045,-0.005390087692716425,-0.4917471721777462,0.05303181138470604
2-3-10-11,2.0,0.010769641401949134,0.045253844046135,0.2679673543399282,0.0252098401430053,-0.00575646971940885,-0.596315537352352,0.01476517935603337
10-12-14-15,2.0,0.013664447043358292,0.0439526802831363,0.2683599963970262,0.0256040617271638,0.0067908019889944,-0.11481645306212962,0.6719915794431182
1-5-6-8,2.0,0.009625567397979541,0.0333909428771266,0.2576847488033369,0.0148972870893109,0.007451782253094699,0.09602623254404324,0.7235140531843691
1-5-7-9,2.0,0.008592970366548373,0.0295886414210325,0.2600270666513742,0.0172124979648163,0.010255224761528774,0.432264606512056,0.09449590265876491
6-10-11-13,2.0,0.00962556739797952,0.0333909428771261,0.2576847488033367,0.0148972870893117,0.007451782253094674,0.096026232544046,0.7235140531843619
1-4-6-9,2.0,0.009282226117708714,0.0328455109183377,0.2545478238048045,0.0117440074981751,-0.007338987616843224,-0.48914614391622235,0.05449547470683189
1-9-10-13,2.0,0.007999577520853339,0.0269615554295522,0.2602993830665788,0.0174856533652552,0.012003828634541676,0.5986279924828934,0.01428576156282415
6-8-10-14,2.0,0.008592970366548927,0.0295886414210379,0.2600270666513792,0.0172124979648216,0.0102552247615284,0.43226460651205323,0.09449590265876731
1-6-7-10,2.0,0.00962556739797937,0.0333909428771248,0.2576847488033361,0.01489728708931,0.007451782253093225,0.09602623254399671,0.7235140531844988
6-9-11-14,2.0,0.009282226117707898,0.032845510918337,0.254547823804804,0.0117440074981749,-0.0073389876168404745,-0.48914614391616207,0.05449547470686625
3-5-6-10,2.0,0.010043431412326777,0.0306573393703539,0.2549187218722207,0.0121074478081104,-0.01431939685337595,-0.7275460403473547,0.0014015476516871783
1-8-9-10,2.0,0.008592970366547638,0.029588641421029897,0.2600270666513723,0.0172124979648134,0.01025522476152385,0.43226460651191245,0.09449590265888669
6-7-14-15,2.0,0.010769641401949194,0.0452538440461351,0.2679673543399279,0.0252098401430053,-0.005756469719408474,-0.5963155373523474,0.01476517935603435
0-1-2-9,2.0,0.009867908917618873,0.0340130796162843,0.2636352503909184,0.0208522980459048,-0.00539008769271685,-0.49174717217773645,0.053031811384711414
4-8-10-12,2.0,0.009867908917618384,0.0340130796162839,0.2636352503909182,0.0208522980459046,-0.005390087692714249,-0.49174717217767033,0.053031811384748315
6-8-10-11,2.0,0.00799957752085236,0.026961555429548104,0.2602993830665736,0.0174856533652507,0.01200382863453975,0.5986279924828237,0.014285761562838423
0-4-5-12,2.0,0.013664447043359115,0.043952680283133996,0.2683599963970264,0.0256040617271639,0.0067908019889931495,-0.11481645306211194,0.6719915794431668
1-8-9-13,2.0,0.015129687992682956,0.0476121893208733,0.2554460238332207,0.0126609301779553,-0.02427258954916308,-0.8504675392469296,2.9901844918394446e-05
8-9-11-13,2.0,0.015129687992682916,0.0476121893208781,0.255446023833223,0.0126609301779572,-0.024272589549163025,-0.8504675392469271,2.9901844918397637e-05
9-10-11-12,2.1666666666666665,0.00954687985384095,0.035303368870551896,0.2584931270053342,0.0157039262224164,0.008443513460159827,0.09804386206775088,0.7179236340348871
8-9-13-15,2.1666666666666665,0.017480389830569484,0.0577825220514208,0.262268842890688,0.0195001900462245,-0.02770273482982707,-0.9412644246024016,5.532010546154985e-08
8-9-11-12,2.1666666666666665,0.013147534041708927,0.0526831062867921,0.2734531981576822,0.030687028499182,0.014000818486734925,0.32271815917550284,0.2228017617421782
8-9-10-15,2.1666666666666665,0.009546879853841098,0.0353033688705535,0.2584931270053359,0.0157039262224178,0.0084435134601586,0.09804386206772896,0.7179236340349484
3-5-6-9,2.1666666666666665,0.0083205311094722,0.0294129908418672,0.2522402173951366,0.0094182288535592,-0.0121674585625369,-0.7071377444855123,0.0021877902876106755
3-5-6-11,2.1666666666666665,0.009883696257617864,0.033585404300847,0.2629351285820815,0.0201389841137182,-0.006909816388936001,-0.6016928028637103,0.013669209588566033
0-1-4-12,2.1666666666666665,0.01305292447602881,0.051067342048657705,0.2754629552102183,0.0327557045960068,-0.014641246127984125,-0.762488916795726,0.0005938237034264075
8-9-11-14,2.1666666666666665,0.010315203984052508,0.0293683324840373,0.2541305930202743,0.0113516788366692,-0.007978843343033875,-0.628500732858956,0.009118345295149937
0-1-2-8,2.1666666666666665,0.011216773144287361,0.0417975183025377,0.2720983402907652,0.0293275334519597,-0.00678255767303025,-0.5984652020642898,0.014319107806465522
0-1-2-7,2.1666666666666665,0.012709690882951461,0.043565299675713806,0.2590264693427487,0.0162665877478508,-0.011050283391301825,-0.7557283762441723,0.0007086959266626464
1-6-8-9,2.1666666666666665,0.006809509176706353,0.0278143510933567,0.2531301123120777,0.0103288173347294,-0.00220548143240945,-0.2673390346596064,0.3168330262104667
4-8-10-13,2.1666666666666665,0.012489830956839943,0.0423648478295344,0.2599553484559148,0.0171680134918605,-0.016352404593060726,-0.8081088238271587,0.00015209571656007808
6-7-8-10,2.1666666666666665,0.007839519874691916,0.0289246952302595,0.262618952270379,0.0197981660829434,0.0133555228898646,0.7577454707971094,0.0006726625622885825
4-6-9-13,2.1666666666666665,0.006953996651136903,0.0246183017497391,0.2513296930541466,0.0085253865954356,-0.0027556244448925,-0.31880685352149357,0.2287811392071776
4-6-8-12,2.1666666666666665,0.008803448319019797,0.031898498330899305,0.2583954004730792,0.0156048594367389,-0.00372664028604145,-0.42808508681205154,0.09808654523514523
1-9-10-11,2.1666666666666665,0.007264658380177181,0.027548865510067896,0.2625085192744809,0.0196761650570256,0.012618064068681024,0.8213962947096813,9.556964027067043e-05
1-8-9-12,2.1666666666666665,0.01324940533167984,0.0534207910092934,0.27219263895836,0.0294324070497574,0.011420473367057076,0.1403574734737712,0.6041327105279743
10-11-12-14,2.1666666666666665,0.017480389830570223,0.0577825220514222,0.2622688428906877,0.0195001900462246,-0.027702734829826346,-0.9412644246023802,5.532010546168723e-08
1-9-13-14,2.1666666666666665,0.009714928809942935,0.0363079940069169,0.2678456043656624,0.0250541867037988,0.014508760545292699,0.5321686218718042,0.033841879273557585
1-9-12-13,2.1666666666666665,0.013147534041710079,0.0526831062867973,0.2734531981576873,0.0306870284991862,0.014000818486738825,0.3227181591755953,0.2228017617420376
1-5-8-13,2.1666666666666665,0.01031520398405313,0.0293683324840361,0.2541305930202743,0.0113516788366685,-0.0079788433430372,-0.628500732859018,0.009118345295141026
0-4-5-7,2.1666666666666665,0.013147534041709303,0.052683106286794,0.2734531981576845,0.0306870284991835,0.014000818486735124,0.32271815917550395,0.22280176174217659
0-4-5-13,2.1666666666666665,0.013249405331680309,0.0534207910092981,0.2721926389583645,0.0294324070497618,0.01142047336705885,0.14035747347380997,0.6041327105278729
0-4-5-10,2.1666666666666665,0.012985870817341079,0.0488207115125266,0.2763709880729686,0.0335812678010134,0.01765311774986705,0.5426422480328608,0.029866408432926282
1-6-7-9,2.1666666666666665,0.006953996651136791,0.024618301749739502,0.2513296930541477,0.0085253865954365,-0.0027556244448924748,-0.31880685352148147,0.22878113920719628
1-6-7-11,2.1666666666666665,0.010998548668427173,0.0409138428357291,0.2614570508409941,0.0186928787103933,0.00830954387273285,-0.0026009254791245218,0.9923725844329466
1-6-9-13,2.1666666666666665,0.0049836692735933585,0.015994540426217202,0.2507360449759369,0.0079233332301183,0.0005271694821190253,0.13576294000764966,0.6161372649916818
1-9-10-14,2.1666666666666665,0.007839519874692297,0.028924695230261498,0.2626189522703815,0.0197981660829453,0.0133555228898651,0.7577454707971503,0.0006726625622878687
6-8-10-13,2.1666666666666665,0.00779800900303369,0.026469451421035,0.2536911799383549,0.0108804291625968,-0.006923700804752575,-0.4588550043560277,0.07381318731834696
6-7-9-14,2.1666666666666665,0.006809509176706453,0.0278143510933557,0.2531301123120771,0.0103288173347288,-0.002205481432406525,-0.26733903465943565,0.31683302621078807
6-9-11-13,2.1666666666666665,0.006809509176706705,0.0278143510933579,0.2531301123120799,0.0103288173347309,-0.00220548143240965,-0.2673390346595737,0.31683302621052856
6-9-10-12,2.1666666666666665,0.008320531109471957,0.029412990841866403,0.2522402173951349,0.0094182288535591,-0.012167458562540598,-0.7071377444856226,0.0021877902876056197
6-8-9-14,2.1666666666666665,0.00695399665113671,0.0246183017497396,0.2513296930541474,0.0085253865954365,-0.002755624444890325,-0.3188068535213916,0.2287811392073347
6-8-9-12,2.1666666666666665,0.01298587081734056,0.048820711512524,0.2763709880729662,0.0335812678010108,0.017653117749866172,0.5426422480328593,0.029866408432926775
1-5-6-14,2.1666666666666665,0.007839519874692318,0.028924695230261803,0.2626189522703816,0.0197981660829461,0.013355522889865001,0.7577454707971469,0.0006726625622879265
6-12-13-14,2.1666666666666665,0.008803448319020078,0.0318984983308994,0.2583954004730788,0.0156048594367389,-0.0037266402860396,-0.4280850868119658,0.09808654523521981
6-11-13-14,2.1666666666666665,0.012489830956839898,0.042364847829531094,0.2599553484559158,0.0171680134918603,-0.016352404593061975,-0.8081088238271803,0.00015209571655996773
0-4-6-9,2.1666666666666665,0.00822150706520088,0.0274670800904575,0.2591957552826876,0.0164100454516905,-0.0024489756845361833,-0.33312141881633717,0.20738518627980357
1-6-10-14,2.1666666666666665,0.007920799099995946,0.0279282612492873,0.2627472378335984,0.0199304187153437,0.01348381346890995,0.7933626747681426,0.00024486947154168205
1-6-10-11,2.1666666666666665,0.008068041588269174,0.030459618247314198,0.261926569091388,0.0191268451430524,0.009666561538101675,0.34012058740274664,0.1974099049003482
1-5-9-14,2.1666666666666665,0.007920799099996517,0.0279282612492893,0.2627472378336007,0.0199304187153458,0.013483813468911175,0.7933626747681579,0.0002448694715415659
1-5-9-12,2.1666666666666665,0.009546879853841806,0.0353033688705593,0.2584931270053413,0.0157039262224233,0.008443513460162973,0.09804386206788299,0.7179236340345218
1-5-9-11,2.1666666666666665,0.007264658380179011,0.0275488655100756,0.262508519274488,0.0196761650570324,0.012618064068683899,0.8213962947096651,9.556964027072665e-05
6-8-9-11,2.1666666666666665,0.004983669273592495,0.0159945404262166,0.2507360449759371,0.0079233332301192,0.0005271694821182246,0.13576294000752154,0.6161372649920178
2-10-11-15,2.1666666666666665,0.013249405331678253,0.0534207910092864,0.2721926389583511,0.02943240704975,0.011420473367053225,0.140357473473662,0.6041327105282587
11-12-14-15,2.1666666666666665,0.01305292447602841,0.0510673420486536,0.2754629552102184,0.0327557045960065,-0.014641246127983,-0.7624889167957021,0.0005938237034267822
11-12-13-14,2.1666666666666665,0.01270969088295147,0.0435652996757138,0.259026469342748,0.0162665877478507,-0.01105028339130315,-0.755728376244207,0.0007086959266620144
10-12-13-15,2.1666666666666665,0.012962461852242224,0.0367364890198602,0.2612801569311577,0.0185180972536309,-0.0127391341554887,-0.8168689992803247,0.0001124236710026211
1-4-9-13,2.1666666666666665,0.01031520398405293,0.0293683324840358,0.2541305930202739,0.0113516788366682,-0.007978843343038574,-0.6285007328590878,0.009118345295130973
0-4-8-13,2.1666666666666665,0.012709690882951994,0.043565299675715,0.2590264693427468,0.0162665877478499,-0.011050283391305175,-0.7557283762442695,0.0007086959266608717
0-4-8-10,2.1666666666666665,0.00880344831901999,0.0318984983308993,0.2583954004730795,0.0156048594367388,-0.0037266402860444007,-0.4280850868121831,0.09808654523503088
6-7-10-13,2.1666666666666665,0.00806804158827051,0.030459618247320297,0.2619265690913939,0.0191268451430585,0.0096665615381054,0.34012058740288215,0.19740990490015828
1-5-8-10,2.1666666666666665,0.006953996651136943,0.0246183017497389,0.2513296930541475,0.0085253865954357,-0.0027556244448897755,-0.31880685352135574,0.2287811392073901
1-5-7-10,2.1666666666666665,0.006809509176707015,0.027814351093358697,0.2531301123120799,0.0103288173347312,-0.002205481432407925,-0.2673390346594967,0.3168330262106729
2-10-14-15,2.1666666666666665,0.013147534041709685,0.0526831062867953,0.2734531981576851,0.0306870284991838,0.0140008184867377,0.32271815917557795,0.22280176174206423
2-10-13-14,2.1666666666666665,0.009714928809942996,0.0363079940069163,0.2678456043656624,0.0250541867037983,0.014508760545293299,0.5321686218718189,0.03384187927355175
4-6-7-9,2.1666666666666665,0.004983669273593519,0.0159945404262262,0.250736044975947,0.0079233332301286,0.0005271694821202498,0.13576294000765285,0.616137264991673
4-6-7-11,2.1666666666666665,0.009714928809942383,0.0363079940069137,0.2678456043656592,0.0250541867037954,0.014508760545292224,0.5321686218717925,0.033841879273562255
7-10-13-14,2.1666666666666665,0.010998548668427553,0.040913842835726896,0.2614570508409931,0.0186928787103922,0.008309543872730824,-0.002600925479167418,0.9923725844328213
2-3-5-10,2.1666666666666665,0.008221507065201507,0.027467080090461997,0.2591957552826891,0.0164100454516933,-0.0024489756845334555,-0.3331214188161742,0.20738518628003963
2-3-4-6,2.1666666666666665,0.013249405331679988,0.0534207910092952,0.27219263895836,0.0294324070497584,0.0114204733670566,0.1403574734737355,0.6041327105280668
7-10-11-13,2.1666666666666665,0.010998548668426563,0.040913842835723704,0.2614570508409894,0.0186928787103883,0.008309543872730625,-0.002600925479205235,0.9923725844327101
1-4-6-7,2.1666666666666665,0.010315203984052512,0.0293683324840378,0.254130593020275,0.011351678836669,-0.007978843343033474,-0.6285007328589374,0.009118345295152618
0-5-6-10,2.1666666666666665,0.008320531109472206,0.029412990841868797,0.2522402173951354,0.0094182288535595,-0.01216745856253905,-0.7071377444855659,0.0021877902876082135
0-4-9-12,2.1666666666666665,0.01296246185224215,0.0367364890198567,0.2612801569311589,0.0185180972536305,-0.012739134155488527,-0.8168689992803331,0.0001124236710025875
1-4-9-10,2.1666666666666665,0.007798009003033661,0.026469451421034802,0.2536911799383543,0.0108804291625956,-0.0069237008047532255,-0.4588550043560526,0.07381318731832934
1-4-8-12,2.1666666666666665,0.012709690882951574,0.0435652996757152,0.2590264693427486,0.01626658774785,-0.01105028339130265,-0.7557283762442102,0.0007086959266619531
4-9-10-14,2.1666666666666665,0.008068041588270498,0.0304596182473182,0.261926569091394,0.0191268451430586,0.0096665615381042,0.34012058740284185,0.1974099049002147
4-9-10-12,2.1666666666666665,0.009883696257617602,0.0335854043008474,0.262935128582083,0.0201389841137181,-0.006909816388934726,-0.601692802863668,0.01366920958857441
4-9-10-11,2.1666666666666665,0.007920799099994798,0.0279282612492841,0.2627472378335959,0.0199304187153415,0.0134838134689062,0.7933626747680669,0.0002448694715422572
4-8-9-14,2.1666666666666665,0.010998548668427137,0.0409138428357283,0.2614570508409919,0.0186928787103928,0.008309543872731924,-0.002600925479150251,0.9923725844328712
1-5-6-11,2.1666666666666665,0.00806804158826983,0.030459618247315502,0.2619265690913895,0.0191268451430553,0.009666561538101675,0.34012058740272116,0.19740990490038404
1-5-10-13,2.1666666666666665,0.004983669273593639,0.0159945404262214,0.2507360449759411,0.0079233332301223,0.0005271694821212251,0.13576294000780179,0.6161372649912829
6-9-14-15,2.1666666666666665,0.00822150706520132,0.0274670800904607,0.2591957552826892,0.0164100454516929,-0.002448975684532987,-0.33312141881615565,0.20738518628006636
6-9-12-13,2.1666666666666665,0.01298587081734118,0.0488207115125286,0.27637098807297,0.0335812678010137,0.01765311774986875,0.5426422480328958,0.02986640843291361
6-9-11-15,2.1666666666666665,0.008221507065200872,0.027467080090457098,0.2591957552826866,0.0164100454516904,-0.00244897568453483,-0.3331214188162697,0.20738518627990124
4-6-10-11,2.1666666666666665,0.007839519874690915,0.0289246952302562,0.2626189522703746,0.0197981660829399,0.013355522889862774,0.7577454707970852,0.0006726625622890058
4-5-9-14,2.1666666666666665,0.008068041588271317,0.030459618247324398,0.2619265690913982,0.0191268451430629,0.009666561538107675,0.3401205874029702,0.19740990490003466
4-5-9-11,2.1666666666666665,0.007839519874693017,0.0289246952302639,0.2626189522703833,0.0197981660829478,0.0133555228898674,0.7577454707971452,0.0006726625622879575
2-3-6-9,2.1666666666666665,0.012985870817341592,0.0488207115125311,0.2763709880729726,0.0335812678010166,0.017653117749867525,0.5426422480328521,0.02986640843292944
2-3-6-14,2.1666666666666665,0.01314753404170908,0.052683106286790904,0.2734531981576807,0.0306870284991799,0.014000818486734673,0.3227181591755093,0.22280176174216837
5-10-11-15,2.1666666666666665,0.01298587081733754,0.048820711512510696,0.2763709880729527,0.0335812678009977,0.017653117749859774,0.5426422480327915,0.029866408432951352
6-10-12-14,2.1666666666666665,0.00949029028272049,0.032978601709896097,0.2599317527645855,0.0171273091244374,0.010587278306964574,0.1987808044942797,0.460490863782074
5-9-13-15,2.1666666666666665,0.009490290282720387,0.0329786017098949,0.2599317527645847,0.0171273091244367,0.0105872783069626,0.19878080449424274,0.4604908637821593
0-5-6-8,2.1666666666666665,0.009883696257617747,0.0335854043008472,0.262935128582082,0.0201389841137181,-0.00690981638893595,-0.6016928028637147,0.013669209588565155
0-5-6-7,2.1666666666666665,0.00954687985384059,0.0353033688705515,0.2584931270053329,0.0157039262224159,0.00844351346015965,0.0980438620677189,0.7179236340349759
4-8-9-11,2.1666666666666665,0.009714928809942706,0.036307994006917,0.2678456043656624,0.0250541867037982,0.014508760545293176,0.5321686218718159,0.03384187927355299
4-8-12-14,2.1666666666666665,0.011216773144287444,0.0417975183025383,0.2720983402907654,0.0293275334519603,-0.0067825576730286006,-0.5984652020642389,0.014319107806475946
1-4-6-8,2.1666666666666665,0.012489830956840219,0.0423648478295362,0.2599553484559151,0.0171680134918602,-0.0163524045930625,-0.8081088238271831,0.0001520957165599531
2-3-7-15,2.1666666666666665,0.013052924476028316,0.051067342048655096,0.2754629552102188,0.0327557045960065,-0.0146412461279826,-0.7624889167956901,0.0005938237034269715
4-6-10-14,2.1666666666666665,0.007264658380178122,0.027548865510067203,0.2625085192744775,0.0196761650570243,0.012618064068682924,0.8213962947096741,9.556964027069584e-05
7-8-10-11,2.1666666666666665,0.009714928809943403,0.0363079940069196,0.2678456043656648,0.025054186703801,0.014508760545295051,0.5321686218718656,0.03384187927353319
7-13-14-15,2.1666666666666665,0.011216773144288265,0.0417975183025377,0.2720983402907661,0.02932753345196,-0.0067825576730346,-0.5984652020644003,0.014319107806442839
7-11-13-15,2.1666666666666665,0.011216773144287566,0.0417975183025381,0.2720983402907658,0.0293275334519602,-0.006782557673029975,-0.59846520206428,0.014319107806467505
4-5-7-8,2.1666666666666665,0.009714928809943974,0.0363079940069213,0.2678456043656663,0.0250541867038026,0.014508760545296024,0.5321686218718684,0.033841879273532056
4-5-7-10,2.1666666666666665,0.0049836692735929,0.015994540426220102,0.2507360449759401,0.007923333230122,0.0005271694821197753,0.13576294000763725,0.6161372649917143
0-5-9-10,2.1666666666666665,0.008320531109472933,0.0294129908418683,0.2522402173951361,0.0094182288535586,-0.012167458562541577,-0.7071377444856446,0.002187790287604615
0-5-8-12,2.1666666666666665,0.012962461852241832,0.036736489019856294,0.2612801569311589,0.0185180972536304,-0.012739134155487376,-0.8168689992803229,0.00011242367100262806
6-10-13-15,2.1666666666666665,0.009883696257617886,0.0335854043008502,0.2629351285820829,0.0201389841137194,-0.006909816388934525,-0.6016928028636446,0.013669209588579038
1-4-6-10,2.1666666666666665,0.007798009003033952,0.0264694514210342,0.2536911799383552,0.0108804291625963,-0.006923700804753825,-0.4588550043560595,0.07381318731832445
1-4-5-12,2.1666666666666665,0.017480389830569196,0.057782522051418206,0.2622688428906882,0.019500190046225,-0.0277027348298253,-0.9412644246023837,5.5320105461664335e-08
5-10-12-13,2.1666666666666665,0.008221507065201358,0.027467080090460498,0.2591957552826887,0.0164100454516929,-0.002448975684534288,-0.3331214188162175,0.207385186279977
2-4-5-8,2.1666666666666665,0.010998548668426573,0.0409138428357246,0.2614570508409901,0.0186928787103892,0.008309543872730099,-0.0026009254792212777,0.9923725844326636
2-4-5-7,2.1666666666666665,0.010315203984052765,0.0293683324840382,0.2541305930202747,0.0113516788366692,-0.0079788433430337,-0.6285007328589385,0.009118345295152454
2-4-5-10,2.1666666666666665,0.006953996651136604,0.024618301749739196,0.2513296930541471,0.0085253865954364,-0.002755624444891575,-0.3188068535214334,0.22878113920727036
2-4-6-9,2.1666666666666665,0.006809509176707123,0.0278143510933585,0.2531301123120804,0.0103288173347314,-0.0022054814324093,-0.26733903465956466,0.3168330262105451
0-2-6-7,2.1666666666666665,0.017480389830569855,0.05778252205142009,0.2622688428906874,0.019500190046225,-0.0277027348298245,-0.9412644246023716,5.532010546174304e-08
0-2-6-10,2.1666666666666665,0.009490290282720281,0.032978601709898595,0.2599317527645876,0.0171273091244399,0.010587278306963575,0.19878080449422758,0.4604908637821937
0-2-5-9,2.1666666666666665,0.00988369625761786,0.0335854043008499,0.2629351285820828,0.0201389841137193,-0.006909816388933875,-0.6016928028636362,0.013669209588580644
4-5-6-12,2.1666666666666665,0.009490290282720087,0.032978601709897595,0.2599317527645882,0.01712730912444,0.010587278306962374,0.19878080449423635,0.4604908637821741
4-5-6-11,2.1666666666666665,0.007920799099994855,0.0279282612492829,0.2627472378335951,0.0199304187153403,0.0134838134689074,0.7933626747681151,0.00024486947154189114
2-5-10-14,2.1666666666666665,0.004983669273593826,0.0159945404262228,0.2507360449759419,0.0079233332301237,0.0005271694821208251,0.13576294000776332,0.6161372649913837
2-5-10-11,2.1666666666666665,0.006809509176706509,0.0278143510933567,0.2531301123120771,0.0103288173347292,-0.0022054814324073005,-0.26733903465947584,0.3168330262107121
0-2-4-8,2.1666666666666665,0.011216773144287255,0.0417975183025382,0.2720983402907653,0.0293275334519599,-0.006782557673027776,-0.5984652020642081,0.014319107806482264
0-2-3-7,2.1666666666666665,0.01305292447602809,0.0510673420486513,0.2754629552102188,0.0327557045960067,-0.01464124612798165,-0.7624889167956914,0.0005938237034269505
2-5-6-13,2.1666666666666665,0.007839519874693437,0.028924695230264502,0.2626189522703852,0.0197981660829489,0.013355522889868202,0.7577454707971961,0.0006726625622870642
4-5-6-14,2.1666666666666665,0.007264658380179201,0.027548865510073,0.2625085192744846,0.0196761650570303,0.012618064068685876,0.8213962947097408,9.556964027046362e-05
2-5-8-9,2.1666666666666665,0.00806804158827088,0.030459618247321803,0.2619265690913941,0.0191268451430593,0.009666561538106026,0.3401205874028803,0.1974099049001608
5-13-14-15,2.1666666666666665,0.00880344831901962,0.031898498330899305,0.2583954004730791,0.0156048594367389,-0.00372664028604065,-0.4280850868120126,0.09808654523517933
5-9-10-15,2.1666666666666665,0.008320531109471238,0.029412990841860998,0.2522402173951349,0.0094182288535585,-0.012167458562538074,-0.707137744485591,0.0021877902876070764
0-5-9-13,2.1666666666666665,0.009546879853840952,0.0353033688705533,0.2584931270053341,0.0157039262224169,0.00844351346016025,0.09804386206775179,0.7179236340348849
1-3-7-11,2.1666666666666665,0.011216773144287503,0.0417975183025384,0.2720983402907661,0.0293275334519601,-0.0067825576730292745,-0.5984652020642522,0.01431910780647322
5-10-11-13,2.1666666666666665,0.006953996651136719,0.0246183017497393,0.2513296930541471,0.0085253865954365,-0.0027556244448916248,-0.3188068535214522,0.2287811392072416
4-9-13-14,2.1666666666666665,0.010998548668427411,0.0409138428357246,0.2614570508409894,0.01869287871039,0.008309543872730099,-0.002600925479202515,0.9923725844327181
5-6-11-14,2.1666666666666665,0.007798009003033665,0.0264694514210344,0.2536911799383539,0.0108804291625952,-0.006923700804753275,-0.45885500435604937,0.07381318731833167
5-6-10-15,2.1666666666666665,0.008320531109473306,0.0294129908418702,0.2522402173951357,0.0094182288535584,-0.01216745856254445,-0.7071377444857048,0.0021877902876018583
5-10-14-15,2.1666666666666665,0.012985870817341195,0.0488207115125304,0.2763709880729706,0.0335812678010158,0.017653117749868073,0.5426422480328751,0.02986640843292115
1-3-4-5,2.1666666666666665,0.017480389830570427,0.057782522051425395,0.262268842890688,0.0195001900462248,-0.0277027348298267,-0.941264424602382,5.532010546167576e-08
5-9-12-14,2.1666666666666665,0.00988369625761795,0.0335854043008505,0.2629351285820829,0.0201389841137196,-0.006909816388934325,-0.6016928028636366,0.013669209588580604
5-9-11-14,2.1666666666666665,0.00779800900303371,0.026469451421034698,0.2536911799383548,0.0108804291625964,-0.0069237008047531995,-0.458855004356054,0.07381318731832837
1-3-6-10,2.1666666666666665,0.00988369625761772,0.0335854043008497,0.2629351285820833,0.0201389841137192,-0.006909816388933299,-0.6016928028636269,0.0136692095885825
1-3-5-9,2.1666666666666665,0.009490290282721388,0.032978601709901204,0.259931752764591,0.0171273091244422,0.01058727830696725,0.19878080449438879,0.4604908637818232
2-5-7-9,2.1666666666666665,0.0077980090030341205,0.0264694514210343,0.2536911799383555,0.0108804291625962,-0.006923700804754251,-0.45885500435606513,0.07381318731832054
2-5-7-11,2.1666666666666665,0.012489830956839875,0.042364847829534494,0.259955348455915,0.0171680134918598,-0.016352404593061375,-0.8081088238271668,0.00015209571656003712
2-5-6-8,2.1666666666666665,0.008068041588269535,0.0304596182473156,0.2619265690913911,0.0191268451430559,0.0096665615381013,0.3401205874027277,0.19740990490037477
7-8-9-10,2.1666666666666665,0.007920799099996026,0.0279282612492891,0.2627472378336014,0.0199304187153465,0.013483813468908925,0.7933626747680983,0.0002448694715420177
0-2-3-5,2.1666666666666665,0.01296246185224197,0.0367364890198593,0.2612801569311588,0.0185180972536306,-0.012739134155487799,-0.8168689992803272,0.00011242367100261041
2-6-11-14,2.1666666666666665,0.01031520398405316,0.029368332484036003,0.2541305930202738,0.0113516788366684,-0.00797884334303715,-0.6285007328590133,0.009118345295141697
2-6-10-15,2.1666666666666665,0.009546879853841865,0.0353033688705581,0.2584931270053399,0.0157039262224218,0.00844351346016,0.09804386206778445,0.7179236340347951
2-6-10-13,2.1666666666666665,0.007920799099994807,0.0279282612492825,0.2627472378335935,0.0199304187153387,0.013483813468907074,0.7933626747681028,0.0002448694715419839
2-5-9-13,2.1666666666666665,0.007920799099995863,0.0279282612492872,0.2627472378335979,0.0199304187153435,0.013483813468909825,0.7933626747681477,0.0002448694715416433
7-9-11-14,2.1666666666666665,0.012489830956839745,0.0423648478295344,0.2599553484559153,0.0171680134918599,-0.016352404593061025,-0.808108823827167,0.00015209571656003585
7-9-10-15,2.1666666666666665,0.009883696257617852,0.0335854043008477,0.2629351285820827,0.0201389841137183,-0.0069098163889361,-0.6016928028637006,0.013669209588567911
7-9-10-13,2.1666666666666665,0.008068041588271048,0.0304596182473203,0.2619265690913971,0.0191268451430604,0.009666561538105176,0.3401205874028738,0.1974099049001697
2-6-9-11,2.1666666666666665,0.006953996651136796,0.0246183017497384,0.2513296930541471,0.0085253865954355,-0.0027556244448913,-0.3188068535214502,0.22878113920724413
2-6-8-10,2.1666666666666665,0.007264658380178122,0.027548865510069402,0.2625085192744798,0.019676165057026,0.01261806406868155,0.8213962947096288,9.556964027085331e-05
2-6-7-15,2.1666666666666665,0.01748038983056953,0.057782522051417595,0.2622688428906874,0.019500190046225,-0.02770273482982585,-0.9412644246023905,5.53201054616214e-08
4-12-13-14,2.1666666666666665,0.011216773144286962,0.0417975183025377,0.2720983402907663,0.0293275334519601,-0.006782557673027051,-0.5984652020641874,0.01431910780648651
2-7-10-14,2.1666666666666665,0.010315203984053221,0.0293683324840363,0.2541305930202727,0.0113516788366683,-0.007978843343036598,-0.6285007328590017,0.009118345295143354
2-6-9-14,2.1666666666666665,0.004983669273593767,0.0159945404262226,0.2507360449759428,0.0079233332301237,0.0005271694821207253,0.13576294000776995,0.6161372649913659
5-8-10-12,2.1666666666666665,0.00822150706520087,0.0274670800904575,0.2591957552826869,0.0164100454516905,-0.002448975684534547,-0.3331214188162615,0.20738518627991315
1-2-7-10,2.1666666666666665,0.012489830956840075,0.0423648478295336,0.2599553484559143,0.0171680134918604,-0.0163524045930614,-0.808108823827167,0.00015209571656003585
1-2-6-14,2.1666666666666665,0.009714928809943032,0.0363079940069188,0.2678456043656649,0.0250541867038011,0.014508760545293074,0.5321686218718262,0.033841879273548814
1-2-6-11,2.1666666666666665,0.010998548668427454,0.0409138428357262,0.2614570508409915,0.0186928787103914,0.0083095438727308,-0.002600925479168764,0.992372584432817
1-2-5-8,2.1666666666666665,0.010998548668427012,0.0409138428357223,0.2614570508409878,0.0186928787103878,0.0083095438727291,-0.002600925479226218,0.992372584432649
2-7-9-10,2.1666666666666665,0.0077980090030336955,0.0264694514210344,0.253691179938354,0.0108804291625954,-0.006923700804753125,-0.45885500435603066,0.07381318731834496
2-7-11-15,2.1666666666666665,0.012709690882952117,0.0435652996757151,0.2590264693427471,0.0162665877478497,-0.011050283391305976,-0.7557283762442951,0.0007086959266604015
4-5-10-13,2.1666666666666665,0.006809509176706271,0.0278143510933564,0.253130112312078,0.0103288173347291,-0.0022054814324073,-0.26733903465948994,0.31683302621068593
8-10-14-15,2.1666666666666665,0.013249405331681027,0.0534207910093001,0.2721926389583657,0.0294324070497638,0.011420473367058877,0.14035747347380156,0.6041327105278953
8-10-11-15,2.1666666666666665,0.013147534041706963,0.052683106286783105,0.2734531981576719,0.0306870284991726,0.014000818486730276,0.3227181591754071,0.22280176174232316
8-10-11-13,2.1666666666666665,0.010315203984052794,0.0293683324840374,0.2541305930202739,0.0113516788366693,-0.0079788433430354,-0.6285007328589918,0.009118345295144797
2-9-10-13,2.1666666666666665,0.0078395198746923,0.028924695230261498,0.2626189522703817,0.0197981660829454,0.01335552288986475,0.7577454707971399,0.0006726625622880507
2-8-9-10,2.1666666666666665,0.007264658380177296,0.0275488655100694,0.2625085192744816,0.0196761650570269,0.012618064068681423,0.821396294709686,9.556964027065422e-05
3-9-10-11,2.1666666666666665,0.009490290282719633,0.0329786017098969,0.2599317527645868,0.0171273091244395,0.010587278306961299,0.1987808044941756,0.46049086378231363
5-6-9-12,2.1666666666666665,0.008320531109473632,0.029412990841872,0.2522402173951354,0.0094182288535581,-0.01216745856254355,-0.7071377444856571,0.0021877902876040445
5-7-8-9,2.1666666666666665,0.007839519874691881,0.0289246952302593,0.2626189522703779,0.0197981660829429,0.013355522889864925,0.7577454707971085,0.0006726625622885978
1-2-5-13,2.1666666666666665,0.009714928809943582,0.0363079940069202,0.2678456043656668,0.0250541867038024,0.0145087605452945,0.5321686218718569,0.03384187927353664
1-2-4-9,2.1666666666666665,0.012489830956839958,0.042364847829532495,0.2599553484559149,0.0171680134918603,-0.01635240459306155,-0.8081088238271694,0.0001520957165600234
1-2-3-9,2.1666666666666665,0.008803448319019932,0.0318984983308999,0.2583954004730787,0.0156048594367391,-0.003726640286040025,-0.4280850868119781,0.09808654523520922
5-8-13-14,2.1666666666666665,0.012489830956839868,0.0423648478295326,0.2599553484559141,0.0171680134918604,-0.0163524045930619,-0.8081088238271816,0.00015209571655996096
5-8-10-14,2.1666666666666665,0.006809509176706917,0.027814351093357698,0.2531301123120799,0.0103288173347307,-0.0022054814324085,-0.2673390346595109,0.316833026210646
3-10-11-14,2.1666666666666665,0.01748038983057056,0.0577825220514229,0.2622688428906875,0.0195001900462248,-0.027702734829827776,-0.9412644246023879,5.5320105461638553e-08
3-11-14-15,2.1666666666666665,0.013052924476028759,0.0510673420486582,0.2754629552102188,0.0327557045960065,-0.0146412461279843,-0.7624889167957221,0.0005938237034264668
3-4-5-6,2.1666666666666665,0.009546879853841325,0.03530336887055539,0.2584931270053374,0.0157039262224199,0.008443513460161924,0.09804386206783111,0.7179236340346655
3-7-11-14,2.1666666666666665,0.012709690882952256,0.0435652996757151,0.259026469342749,0.01626658774785,-0.011050283391305774,-0.7557283762442726,0.000708695926660815
3-7-10-15,2.1666666666666665,0.012962461852242264,0.0367364890198571,0.2612801569311577,0.0185180972536306,-0.012739134155489275,-0.8168689992803464,0.00011242367100253444
3-6-9-10,2.1666666666666665,0.008320531109471972,0.029412990841865,0.2522402173951345,0.0094182288535587,-0.01216745856253885,-0.7071377444855991,0.0021877902876067
3-7-9-11,2.1666666666666665,0.00880344831901971,0.0318984983308988,0.2583954004730789,0.0156048594367387,-0.003726640286042275,-0.42808508681207735,0.09808654523512289
0-1-6-9,2.1666666666666665,0.008221507065201522,0.027467080090461296,0.2591957552826889,0.0164100454516932,-0.0024489756845337655,-0.33312141881619173,0.20738518628001412
3-6-7-9,2.1666666666666665,0.012985870817341783,0.0488207115125307,0.2763709880729737,0.0335812678010174,0.01765311774986835,0.5426422480328753,0.02986640843292099
3-6-7-14,2.1666666666666665,0.013249405331681209,0.053420791009301805,0.2721926389583682,0.0294324070497653,0.011420473367060998,0.14035747347386987,0.604132710527717
5-6-7-13,2.1666666666666665,0.007264658380177114,0.0275488655100648,0.2625085192744758,0.0196761650570221,0.012618064068681527,0.821396294709703,9.556964027059551e-05
0-8-9-13,2.1666666666666665,0.017480389830570563,0.057782522051422106,0.2622688428906879,0.0195001900462252,-0.027702734829826874,-0.9412644246023775,5.532010546170439e-08
0-8-9-10,2.1666666666666665,0.00949029028271926,0.0329786017098959,0.2599317527645871,0.0171273091244383,0.010587278306963275,0.19878080449420737,0.4604908637822406
0-8-12-13,2.1666666666666665,0.013052924476028674,0.0510673420486588,0.2754629552102189,0.0327557045960067,-0.01464124612798345,-0.762488916795713,0.0005938237034266103
5-8-10-11,2.1666666666666665,0.004983669273592723,0.015994540426217403,0.2507360449759385,0.00792333323012,0.00052716948211805,0.13576294000751368,0.6161372649920376
5-7-9-13,2.1666666666666665,0.00726465838017752,0.027548865510069596,0.2625085192744805,0.0196761650570262,0.0126180640686818,0.8213962947096592,9.556964027074685e-05
1-2-3-4,2.1666666666666665,0.01270969088295162,0.0435652996757137,0.2590264693427485,0.0162665877478507,-0.011050283391303374,-0.7557283762442155,0.0007086959266618562
1-2-3-11,2.1666666666666665,0.011216773144287841,0.0417975183025378,0.2720983402907647,0.0293275334519599,-0.006782557673032,-0.5984652020643337,0.014319107806456505
8-13-14-15,2.1666666666666665,0.01270969088295221,0.0435652996757138,0.2590264693427475,0.0162665877478504,-0.011050283391306651,-0.7557283762442895,0.0007086959266605068
8-12-13-15,2.1666666666666665,0.01305292447602851,0.0510673420486542,0.2754629552102185,0.0327557045960066,-0.014641246127983799,-0.7624889167957073,0.0005938237034267013
0-1-3-6,2.1666666666666665,0.012962461852241838,0.0367364890198593,0.2612801569311591,0.0185180972536306,-0.012739134155486925,-0.8168689992803135,0.00011242367100266527
0-1-3-4,2.1666666666666665,0.013052924476028434,0.051067342048652195,0.2754629552102188,0.0327557045960067,-0.014641246127983424,-0.7624889167957108,0.0005938237034266453
5-7-11-15,2.1666666666666665,0.008803448319019429,0.031898498330899,0.2583954004730787,0.0156048594367388,-0.0037266402860427752,-0.42808508681211954,0.09808654523508609
5-7-10-14,2.1666666666666665,0.006953996651137061,0.0246183017497388,0.2513296930541471,0.0085253865954357,-0.002755624444891025,-0.318806853521411,0.2287811392073048
5-6-8-13,2.1666666666666665,0.007798009003033922,0.026469451421035,0.253691179938354,0.0108804291625954,-0.0069237008047538,-0.4588550043560485,0.07381318731833236
5-6-7-8,2.1666666666666665,0.00792079909999457,0.0279282612492827,0.2627472378335959,0.0199304187153404,0.013483813468906375,0.7933626747680952,0.0002448694715420413
5-6-7-15,2.1666666666666665,0.009490290282719388,0.0329786017098964,0.2599317527645867,0.0171273091244387,0.010587278306961299,0.19878080449416008,0.46049086378234966
3-4-6-7,2.1666666666666665,0.013147534041711161,0.052683106286804504,0.2734531981576945,0.0306870284991938,0.014000818486738276,0.32271815917555774,0.22280176174209482
0-1-5-7,2.1666666666666665,0.013249405331680104,0.0534207910092957,0.2721926389583616,0.0294324070497593,0.011420473367057501,0.14035747347376618,0.6041327105279873
0-1-5-13,2.1666666666666665,0.013147534041710002,0.0526831062867945,0.2734531981576845,0.0306870284991835,0.01400081848673695,0.3227181591755532,0.2228017617421017
0-1-5-10,2.1666666666666665,0.01298587081734263,0.048820711512535,0.2763709880729761,0.0335812678010206,0.017653117749870478,0.542642248032893,0.02986640843291464
3-6-11-15,2.1666666666666665,0.012962461852242365,0.0367364890198562,0.261280156931158,0.0185180972536304,-0.012739134155490274,-0.8168689992803655,0.00011242367100245849
3-6-10-14,2.1666666666666665,0.009546879853841304,0.0353033688705557,0.2584931270053375,0.0157039262224194,0.008443513460161076,0.09804386206780549,0.7179236340347366
0-1-2-10,2.1666666666666665,0.008803448319019703,0.0318984983308992,0.2583954004730795,0.0156048594367389,-0.0037266402860393994,-0.4280850868119594,0.0980865452352255
3-5-7-10,2.1666666666666665,0.00822150706520096,0.0274670800904574,0.2591957552826865,0.0164100454516905,-0.002448975684535351,-0.3331214188162982,0.20738518627985997
9-11-12-13,2.1666666666666665,0.013249405331679405,0.0534207910092922,0.2721926389583577,0.0294324070497559,0.01142047336705455,0.14035747347368033,0.6041327105282108
9-12-14-15,2.1666666666666665,0.012962461852242122,0.0367364890198595,0.2612801569311587,0.0185180972536306,-0.012739134155488125,-0.8168689992803138,0.00011242367100266435
5-6-8-11,2.333333333333333,0.0024941321990061796,0.006652649461062201,0.2462688100205964,0.0034546728728588,-0.0018738842880868,0.12519076475260946,0.644104932445556
5-6-8-12,2.333333333333333,0.006657085759614224,0.0254459815424047,0.2564599015821963,0.0136832484962393,0.0005927929803641139,-0.17667769727718774,0.5127483498756491
5-6-8-14,2.333333333333333,0.004698264028808486,0.0185024272103648,0.2493231647554683,0.0065034974124505,-0.003082872392672475,-0.24305384312525122,0.3643748680884855
9-10-12-15,2.333333333333333,0.012033494625796342,0.035808559675872,0.257444518282627,0.0146700098938912,-0.010939840776195024,-0.8508824856457812,2.9359810738327412e-05
0-9-12-13,2.333333333333333,0.013776261632731112,0.042537291483716294,0.2682971563426884,0.0255499532030666,0.008723752691147574,-0.044397625062734786,0.8703105389502015
8-9-11-15,2.333333333333333,0.008223320765162719,0.034262786583323296,0.2583036724563912,0.0155457484811448,-0.0006512433207867001,-0.32074066307561666,0.22581230169814492
8-9-12-15,2.333333333333333,0.013776261632731478,0.042537291483716,0.2682971563426876,0.0255499532030659,0.008723752691144875,-0.04439762506278194,0.8703105389500645
4-10-12-13,2.333333333333333,0.009884367351389239,0.035752719797263896,0.2681460171591889,0.0253696798640361,-0.006593887349586625,-0.6468126442137405,0.006769982492433568
5-7-11-14,2.333333333333333,0.011076803803212935,0.0388916352452746,0.2573020261902514,0.0144938352835383,-0.0139246269277058,-0.7806482269777937,0.00035861271342461324
0-1-3-7,2.333333333333333,0.01274850821578163,0.0440094940139888,0.2668906691765345,0.024166716307729,-0.01245801792222415,-0.8039804290441191,0.00017447281235074243
8-12-14-15,2.333333333333333,0.01274850821578182,0.0440094940139882,0.2668906691765335,0.0241667163077287,-0.012458017922225376,-0.8039804290441442,0.0001744728123505973
8-9-14-15,2.333333333333333,0.010272782763808974,0.039085989738361804,0.256628461329166,0.0138868818172427,-0.0054623650278801,-0.6366967426537246,0.007998607466769767
3-5-7-9,2.333333333333333,0.005976146551602845,0.0227479315413687,0.2562626329504779,0.0134717424943144,0.0017211544354493007,-0.022312211600593684,0.9346319259628949
1-2-4-7,2.333333333333333,0.014515283066306771,0.0427698780468176,0.257444518282628,0.0146700098938936,-0.01888685584493395,-0.9248819122674189,2.9620620606954165e-07
1-2-4-8,2.333333333333333,0.01507156303352793,0.050194235347110094,0.2655881592440471,0.0228192252578277,-0.02455136856832335,-0.9543193466234967,9.860574956535843e-09
1-2-5-11,2.333333333333333,0.01007095749511619,0.041911992461644204,0.2654108929321914,0.0226279355816115,0.010537470409836337,0.1827081178918386,0.49822488789018315
1-2-5-14,2.333333333333333,0.009228964074600733,0.033951262671305396,0.2689395994021619,0.0261429011560496,0.0148232420496801,0.6259805171236708,0.009486463831553082
3-5-9-10,2.333333333333333,0.007678560547138866,0.0261835136853922,0.2501752122418206,0.0073449981333769,-0.010318845749970726,-0.723361448062746,0.001540256046365229
3-6-10-15,2.333333333333333,0.012033494625796377,0.0358085596758733,0.2574445182826259,0.0146700098938907,-0.01093984077619355,-0.8508824856457609,2.935981073835392e-05
1-7-10-11,2.333333333333333,0.010070957495115825,0.0419119924616444,0.2654108929321888,0.0226279355816088,0.010537470409836667,0.18270811789181401,0.49822488789024205
4-7-8-9,2.333333333333333,0.009228964074599326,0.0339512626713024,0.2689395994021581,0.0261429011560454,0.014823242049676699,0.6259805171235828,0.009486463831566117
1-6-8-10,2.333333333333333,0.004698264028808242,0.018502427210365,0.249323164755469,0.0065034974124519,-0.00308287239267305,-0.2430538431252952,0.3643748680883959
6-7-8-9,2.333333333333333,0.0041780475348540775,0.0118643158016717,0.2506505314584571,0.0078397689921271,0.003456004275307375,0.5619276573257408,0.02348793667436927
0-4-12-13,2.333333333333333,0.012748508215781553,0.0440094940139873,0.2668906691765336,0.0241667163077285,-0.0124580179222255,-0.8039804290441538,0.00017447281235054366
0-4-6-10,2.333333333333333,0.005976146551602699,0.0227479315413687,0.2562626329504781,0.0134717424943144,0.0017211544354494245,-0.022312211600587717,0.9346319259629121
1-6-10-13,2.333333333333333,0.0024941321990070028,0.006652649461065901,0.2462688100205984,0.0034546728728607,-0.0018738842880858498,0.12519076475291496,0.644104932444742
2-5-10-13,2.333333333333333,0.0038602145894739465,0.0122028750411434,0.2493752785179596,0.0065444798383866,0.00024912942154202503,0.3645315280753322,0.16508564858199104
2-4-6-8,2.333333333333333,0.009822236225149689,0.0330458762623018,0.2545214561388463,0.0117347958600162,-0.009917612811280225,-0.6353386570130435,0.008176188266622725
2-4-8-9,2.333333333333333,0.010070957495115674,0.041911992461643996,0.2654108929321886,0.0226279355816087,0.010537470409835525,0.1827081178917881,0.4982248878903044
2-4-9-10,2.333333333333333,0.004698264028808446,0.0185024272103646,0.249323164755469,0.0065034974124508,-0.00308287239267305,-0.24305384312528336,0.36437486808842
9-11-12-14,2.333333333333333,0.013223113831334803,0.0441700929330191,0.2599537775119179,0.0171701198911604,-0.015053647789853401,-0.8780935959604508,7.72744425419105e-06
5-7-8-10,2.333333333333333,0.0038602145894728397,0.0122028750411389,0.249375278517957,0.0065444798383835,0.00024912942154279997,0.3645315280753188,0.16508564858200794
0-2-4-9,2.333333333333333,0.009884367351389095,0.0357527197972623,0.2681460171591894,0.025369679864037,-0.006593887349586649,-0.6468126442137659,0.006769982492430666
0-2-5-10,2.333333333333333,0.00844606356559585,0.0314366902262287,0.2578018820594839,0.0149802239184241,-0.0049604856775643,-0.5264271370756681,0.0361846932029338
7-11-13-14,2.333333333333333,0.015071563033527831,0.050194235347107805,0.2655881592440467,0.0228192252578274,-0.024551368568323254,-0.9543193466234994,9.860574956531884e-09
4-6-10-13,2.333333333333333,0.004698264028808076,0.0185024272103643,0.2493231647554683,0.0065034974124513,-0.0030828723926735503,-0.2430538431253546,0.3643748680882749
4-5-8-14,2.333333333333333,0.010070957495117175,0.0419119924616535,0.265410892932198,0.0226279355816182,0.010537470409838939,0.18270811789192223,0.4982248878899832
8-11-13-14,2.333333333333333,0.014515283066306141,0.0427698780468155,0.2574445182826287,0.0146700098938941,-0.018886855844931202,-0.924881912267396,2.9620620607016046e-07
8-11-14-15,2.333333333333333,0.010787681348636419,0.0477831555109343,0.2666198300077275,0.0239053506182883,-0.0102901015452299,-0.6033197051097634,0.013350495491730554
0-4-6-7,2.333333333333333,0.00822332076516276,0.034262786583322796,0.2583036724563923,0.0155457484811444,-0.0006512433207858,-0.3207406630755842,0.22581230169819438
4-8-10-14,2.333333333333333,0.009822236225150223,0.0330458762623049,0.2545214561388452,0.011734795860016,-0.009917612811281274,-0.6353386570130526,0.008176188266621512
1-7-9-10,2.333333333333333,0.004698264028808605,0.018502427210365,0.2493231647554694,0.0065034974124507,-0.003082872392673075,-0.2430538431252464,0.36437486808849456
1-6-9-11,2.333333333333333,0.004435699163112517,0.0133431201264357,0.2499179050767433,0.0070911263446428,-0.0025603789748505,-0.23802683647839862,0.37468480952747696
1-6-9-14,2.333333333333333,0.0038602145894739075,0.0122028750411432,0.2493752785179591,0.0065444798383865,0.00024912942154215004,0.3645315280753646,0.16508564858195057
4-5-7-11,2.333333333333333,0.007875383251359325,0.0298777494402222,0.2541100682021113,0.0113084392238064,-0.006364813776922625,-0.36503490014357654,0.16445895051853957
4-5-8-11,2.333333333333333,0.009228964074600679,0.0339512626713072,0.2689395994021632,0.0261429011560503,0.014823242049679376,0.6259805171236432,0.00948646383155716
1-2-7-11,2.333333333333333,0.015071563033527814,0.0501942353471093,0.2655881592440468,0.0228192252578275,-0.0245513685683231,-0.9543193466234969,9.860574956535502e-09
5-8-12-14,2.333333333333333,0.009884367351389294,0.035752719797262494,0.268146017159189,0.0253696798640372,-0.006593887349586824,-0.6468126442137485,0.006769982492432658
1-2-4-10,2.333333333333333,0.011076803803212742,0.0388916352452756,0.2573020261902512,0.0144938352835384,-0.013924626927705675,-0.7806482269778087,0.0003586127134244564
2-3-6-15,2.333333333333333,0.013776261632732724,0.0425372914837163,0.2682971563426887,0.0255499532030664,0.008723752691152,-0.0443976250625861,0.8703105389506323
7-9-14-15,2.333333333333333,0.009884367351389228,0.035752719797263896,0.2681460171591884,0.0253696798640362,-0.00659388734958625,-0.6468126442137274,0.0067699824924350544
8-10-11-12,2.333333333333333,0.008223320765162934,0.0342627865833232,0.2583036724563923,0.0155457484811449,-0.0006512433207854749,-0.3207406630755627,0.22581230169822733
0-1-5-12,2.333333333333333,0.013776261632733162,0.0425372914837168,0.2682971563426884,0.0255499532030665,0.0087237526911511,-0.04439762506259404,0.8703105389506085
0-1-6-10,2.333333333333333,0.006657085759614845,0.0254459815424069,0.2564599015821978,0.0136832484962412,0.000592792980366219,-0.17667769727706534,0.512748349875946
6-8-13-14,2.333333333333333,0.011076803803212408,0.038891635245273504,0.2573020261902515,0.0144938352835387,-0.013924626927705575,-0.7806482269778211,0.0003586127134243267
6-7-13-14,2.333333333333333,0.009822236225149501,0.0330458762623028,0.2545214561388461,0.0117347958600159,-0.009917612811280676,-0.6353386570130657,0.008176188266619786
6-7-8-11,2.333333333333333,0.009228964074599472,0.0339512626713021,0.2689395994021586,0.0261429011560453,0.014823242049676775,0.6259805171235931,0.009486463831564602
1-5-7-11,2.333333333333333,0.00982223622514998,0.0330458762623041,0.2545214561388461,0.0117347958600161,-0.009917612811282124,-0.6353386570130862,0.00817618826661709
8-10-13-15,2.333333333333333,0.013223113831335023,0.0441700929330192,0.2599537775119169,0.0171701198911604,-0.015053647789854751,-0.8780935959604645,7.727444254185228e-06
8-11-12-13,2.333333333333333,0.010787681348636637,0.0477831555109345,0.2666198300077291,0.0239053506182887,-0.01029010154523045,-0.6033197051097864,0.013350495491726077
2-7-9-11,2.333333333333333,0.01107680380321333,0.0388916352452747,0.2573020261902513,0.0144938352835388,-0.013924626927706525,-0.7806482269778046,0.0003586127134245001
2-6-9-13,2.333333333333333,0.004178047534855023,0.0118643158016699,0.2506505314584552,0.0078397689921245,0.0034560042753081998,0.5619276573257657,0.023487936674361783
2-7-10-15,2.333333333333333,0.013223113831334685,0.044170092933019905,0.2599537775119188,0.0171701198911611,-0.015053647789853125,-0.8780935959604546,7.727444254189456e-06
1-8-12-13,2.333333333333333,0.010787681348636231,0.0477831555109329,0.2666198300077279,0.0239053506182874,-0.010290101545228851,-0.6033197051097392,0.01335049549173526
3-4-5-7,2.333333333333333,0.008223320765162816,0.0342627865833234,0.2583036724563917,0.0155457484811445,-0.000651243320787325,-0.3207406630756421,0.22581230169810582
1-2-6-13,2.333333333333333,0.009228964074600384,0.0339512626713041,0.2689395994021608,0.026142901156048,0.014823242049679474,0.6259805171236482,0.009486463831556435
1-2-6-8,2.333333333333333,0.01007095749511658,0.0419119924616458,0.2654108929321927,0.0226279355816131,0.010537470409837699,0.18270811789187663,0.49822488789009234
2-5-8-10,2.333333333333333,0.004435699163112396,0.0133431201264358,0.2499179050767436,0.0070911263446428,-0.002560378974850825,-0.23802683647843167,0.37468480952740846
5-6-10-12,2.333333333333333,0.007678560547137796,0.0261835136853815,0.2501752122418113,0.0073449981333667,-0.010318845749972626,-0.7233614480628466,0.0015402560463617736
5-6-11-13,2.333333333333333,0.004698264028808362,0.0185024272103643,0.2493231647554682,0.0065034974124503,-0.0030828723926726,-0.24305384312527017,0.3643748680884465
5-6-11-15,2.333333333333333,0.006657085759614222,0.0254459815424044,0.2564599015821953,0.013683248496239,0.0005927929803632133,-0.17667769727724092,0.5127483498755203
5-6-12-13,2.333333333333333,0.005976146551603102,0.022747931541368602,0.2562626329504774,0.0134717424943134,0.0017211544354505553,-0.02231221160050302,0.93463192596316
5-6-14-15,2.333333333333333,0.005976146551603275,0.0227479315413692,0.2562626329504774,0.0134717424943135,0.0017211544354502196,-0.02231221160053168,0.9346319259630758
1-2-7-9,2.333333333333333,0.01107680380321222,0.0388916352452734,0.2573020261902513,0.0144938352835385,-0.01392462692770495,-0.7806482269778132,0.0003586127134244098
1-2-8-9,2.333333333333333,0.009822236225149482,0.0330458762623037,0.2545214561388454,0.011734795860016,-0.009917612811281524,-0.6353386570131031,0.008176188266614867
1-2-9-13,2.333333333333333,0.00787538325135965,0.0298777494402248,0.2541100682021129,0.011308439223808,-0.006364813776919274,-0.36503490014339623,0.16445895051876366
3-6-11-14,2.333333333333333,0.013223113831335198,0.0441700929330195,0.2599537775119194,0.0171701198911609,-0.015053647789855374,-0.8780935959604762,7.72744425418026e-06
2-3-7-14,2.333333333333333,0.010787681348636186,0.047783155510933,0.266619830007727,0.0239053506182874,-0.010290101545227774,-0.6033197051097173,0.013350495491739531
2-3-7-9,2.333333333333333,0.008695131353724194,0.0372023956156009,0.2635304940443696,0.0207833543629233,-0.0044857038211245995,-0.20919591883258204,0.436823180479231
2-3-9-10,2.333333333333333,0.005976146551603164,0.022747931541368498,0.2562626329504765,0.0134717424943135,0.0017211544354515343,-0.022312211600446566,0.9346319259633243
0-1-6-7,2.333333333333333,0.010272782763808977,0.0390859897383617,0.2566284613291673,0.0138868818172428,-0.0054623650278805,-0.636696742653732,0.007998607466768792
0-1-6-8,2.333333333333333,0.009884367351389336,0.035752719797264,0.268146017159189,0.0253696798640363,-0.0065938873495873,-0.6468126442137471,0.006769982492432832
0-1-8-12,2.333333333333333,0.012748508215781485,0.0440094940139875,0.2668906691765342,0.0241667163077286,-0.012458017922224075,-0.8039804290441217,0.0001744728123507269
0-1-9-10,2.333333333333333,0.005976146551603268,0.0227479315413687,0.2562626329504774,0.0134717424943136,0.0017211544354511455,-0.02231221160046118,0.9346319259632816
1-4-8-13,2.333333333333333,0.014515283066306443,0.0427698780468142,0.2574445182826276,0.014670009893893,-0.01888685584493255,-0.9248819122674019,2.962062060699997e-07
1-4-9-12,2.333333333333333,0.01322311383133469,0.0441700929330196,0.259953777511919,0.0171701198911611,-0.01505364778985335,-0.8780935959604583,7.727444254187854e-06
0-4-9-10,2.333333333333333,0.0066570857596142145,0.0254459815424043,0.2564599015821964,0.0136832484962392,0.0005927929803655664,-0.17667769727710936,0.5127483498758394
0-4-9-13,2.333333333333333,0.010272782763809298,0.039085989738361096,0.2566284613291668,0.013886881817242,-0.005462365027883125,-0.6366967426538055,0.007998607466759268
2-6-14-15,2.333333333333333,0.008223320765162622,0.0342627865833232,0.2583036724563918,0.0155457484811442,-0.0006512433207853751,-0.32074066307555593,0.22581230169823754
6-11-13-15,2.333333333333333,0.0098843673513892,0.0357527197972623,0.2681460171591898,0.025369679864037,-0.006593887349586926,-0.6468126442137596,0.0067699824924313985
4-6-9-12,2.333333333333333,0.008446063565595407,0.0314366902262255,0.2578018820594804,0.0149802239184218,-0.0049604856775657,-0.5264271370757752,0.036184693202889015
4-6-9-14,2.333333333333333,0.004435699163112504,0.013343120126435501,0.2499179050767433,0.0070911263446427,-0.00256037897485035,-0.23802683647837683,0.37468480952752187
4-7-10-11,2.333333333333333,0.009228964074599824,0.0339512626713044,0.2689395994021604,0.0261429011560477,0.0148232420496776,0.6259805171235986,0.009486463831563778
6-8-12-13,2.333333333333333,0.008695131353724187,0.037202395615600695,0.2635304940443697,0.0207833543629232,-0.004485703821124299,-0.20919591883257804,0.4368231804792396
0-1-9-13,2.333333333333333,0.008223320765163019,0.034262786583323004,0.2583036724563912,0.0155457484811438,-0.00065124332078205,-0.32074066307539617,0.2258123016984821
1-3-5-10,2.333333333333333,0.008262278357499528,0.028231533983355497,0.2580709755602619,0.0152690165355963,-0.0025065791297736,-0.4949919706436586,0.0512469634820258
5-10-12-14,2.333333333333333,0.008262278357499406,0.028231533983355997,0.2580709755602621,0.0152690165355971,-0.00250657912977605,-0.49499197064376127,0.05124696348196994
5-10-13-15,2.333333333333333,0.008446063565595779,0.0314366902262282,0.257801882059483,0.0149802239184239,-0.0049604856775653,-0.5264271370757068,0.03618469320291762
5-11-13-14,2.333333333333333,0.011076803803212323,0.0388916352452727,0.2573020261902506,0.0144938352835385,-0.013924626927705925,-0.7806482269778336,0.00035861271342419707
0-2-3-4,2.333333333333333,0.012748508215781685,0.044009494013988404,0.2668906691765341,0.0241667163077289,-0.012458017922224401,-0.8039804290441253,0.0001744728123507067
7-8-9-11,2.333333333333333,0.007875383251359289,0.029877749440222298,0.2541100682021114,0.0113084392238065,-0.00636481377692045,-0.36503490014348483,0.1644589505186539
6-9-12-14,2.333333333333333,0.008446063565595718,0.0314366902262283,0.2578018820594834,0.0149802239184241,-0.00496048567756425,-0.5264271370756686,0.03618469320293362
6-9-13-15,2.333333333333333,0.008262278357499594,0.0282315339833565,0.2580709755602632,0.0152690165355974,-0.00250657912977525,-0.49499197064373435,0.051246963481984514
2-3-4-5,2.333333333333333,0.010272782763809309,0.0390859897383627,0.2566284613291668,0.0138868818172431,-0.005462365027881125,-0.6366967426537467,0.00799860746676689
2-3-4-7,2.333333333333333,0.010787681348636216,0.0477831555109338,0.2666198300077277,0.0239053506182885,-0.0102901015452287,-0.6033197051097414,0.01335049549173483
1-3-6-11,2.333333333333333,0.011778936276403404,0.0404303608828282,0.2681006881030712,0.0253050527836775,-0.01094789213847445,-0.8220600341458767,9.328584756756797e-05
5-9-11-15,2.333333333333333,0.005976146551602586,0.0227479315413689,0.2562626329504772,0.0134717424943145,0.0017211544354478242,-0.022312211600676396,0.9346319259626517
0-6-8-9,2.333333333333333,0.008262278357499231,0.0282315339833521,0.2580709755602599,0.0152690165355938,-0.0025065791297738003,-0.4949919706437124,0.05124696348199649
0-6-9-10,2.333333333333333,0.007678560547138815,0.026183513685393203,0.2501752122418205,0.0073449981333768,-0.010318845749970025,-0.7233614480627049,0.0015402560463666512
1-3-4-6,2.333333333333333,0.013223113831335084,0.0441700929330186,0.2599537775119189,0.0171701198911604,-0.015053647789853526,-0.8780935959604452,7.727444254193388e-06
3-6-9-11,2.333333333333333,0.008446063565595413,0.0314366902262255,0.2578018820594814,0.0149802239184218,-0.004960485677565375,-0.5264271370757697,0.03618469320289123
2-3-5-11,2.333333333333333,0.009884367351389462,0.0357527197972647,0.2681460171591887,0.0253696798640365,-0.0065938873495875,-0.6468126442137511,0.006769982492432383
2-3-5-9,2.333333333333333,0.00665708575961483,0.025445981542407098,0.256459901582199,0.0136832484962413,0.0005927929803670642,-0.1766776972770205,0.5127483498760546
7-10-13-15,2.333333333333333,0.011778936276403744,0.0404303608828287,0.2681006881030713,0.0253050527836773,-0.01094789213847645,-0.8220600341459189,9.328584756742426e-05
0-3-4-5,2.333333333333333,0.01377626163273238,0.0425372914837158,0.2682971563426882,0.0255499532030657,0.008723752691146574,-0.044397625062715496,0.8703105389502575
0-3-5-6,2.333333333333333,0.012033494625796283,0.0358085596758726,0.2574445182826275,0.0146700098938916,-0.010939840776194,-0.850882485645768,2.93598107383447e-05
0-3-6-7,2.333333333333333,0.013776261632732836,0.0425372914837151,0.2682971563426884,0.0255499532030655,0.008723752691149576,-0.0443976250626309,0.8703105389505024
6-7-9-13,2.333333333333333,0.004088745512706133,0.0150590377275726,0.2480098720603961,0.0052010112454344,0.0016057173857282002,0.18362048552014631,0.49604465079514437
6-7-9-15,2.333333333333333,0.008262278357499167,0.028231533983351598,0.2580709755602588,0.0152690165355937,-0.0025065791297764,-0.49499197064381256,0.05124696348194207
6-8-10-12,2.333333333333333,0.005976146551602861,0.0227479315413691,0.256262632950478,0.0134717424943144,0.00172115443544975,-0.022312211600563736,0.9346319259629826
4-5-10-11,2.333333333333333,0.004178047534853941,0.011864315801669901,0.2506505314584558,0.0078397689921255,0.003456004275307325,0.5619276573257623,0.023487936674362782
4-5-10-12,2.333333333333333,0.008262278357499129,0.0282315339833518,0.25807097556026,0.0152690165355938,-0.002506579129775675,-0.4949919706437866,0.05124696348195614
1-5-8-12,2.333333333333333,0.010272782763809343,0.039085989738361304,0.256628461329167,0.0138868818172421,-0.005462365027881024,-0.6366967426537486,0.007998607466766632
6-7-11-13,2.333333333333333,0.010070957495115924,0.0419119924616466,0.2654108929321918,0.0226279355816112,0.010537470409835391,0.18270811789178082,0.49822488789032127
1-5-10-11,2.333333333333333,0.0040887455127068175,0.0150590377275732,0.2480098720603966,0.0052010112454344,0.00160571738573035,0.18362048552026408,0.49604465079486265
1-5-10-14,2.333333333333333,0.004178047534856477,0.011864315801675698,0.250650531458461,0.0078397689921299,0.003456004275311025,0.5619276573258081,0.023487936674348998
1-5-12-13,2.333333333333333,0.008223320765162639,0.0342627865833233,0.2583036724563913,0.0155457484811442,-0.0006512433207846498,-0.3207406630755224,0.22581230169828914
1-5-13-14,2.333333333333333,0.007875383251360144,0.029877749440224803,0.2541100682021137,0.0113084392238084,-0.006364813776920299,-0.36503490014341133,0.164458950518745
7-9-11-13,2.333333333333333,0.009822236225149614,0.0330458762623031,0.2545214561388446,0.0117347958600158,-0.00991761281128035,-0.6353386570130602,0.008176188266620489
3-7-10-14,2.333333333333333,0.010272782763809121,0.0390859897383617,0.2566284613291664,0.0138868818172422,-0.005462365027879725,-0.6366967426537099,0.007998607466771668
3-10-14-15,2.333333333333333,0.013776261632732422,0.042537291483715906,0.2682971563426882,0.0255499532030664,0.008723752691149625,-0.04439762506264122,0.8703105389504732
5-11-14-15,2.333333333333333,0.008695131353723965,0.0372023956156001,0.2635304940443691,0.0207833543629229,-0.004485703821124425,-0.20919591883256844,0.43682318047926083
2-5-9-11,2.333333333333333,0.00469826402880826,0.0185024272103651,0.2493231647554696,0.0065034974124518,-0.0030828723926741254,-0.24305384312538086,0.3643748680882217
2-5-9-14,2.333333333333333,0.002494132199006983,0.0066526494610655,0.2462688100205985,0.0034546728728607,-0.0018738842880858001,0.12519076475291147,0.6441049324447504
2-6-11-15,2.333333333333333,0.010272782763809338,0.0390859897383613,0.2566284613291674,0.0138868818172423,-0.005462365027881349,-0.636696742653758,0.007998607466765426
2-6-13-14,2.333333333333333,0.007875383251358906,0.0298777494402237,0.2541100682021144,0.0113084392238084,-0.006364813776922076,-0.3650349001435445,0.16445895051857956
4-6-7-8,2.333333333333333,0.007875383251359227,0.0298777494402209,0.2541100682021115,0.0113084392238064,-0.00636481377692295,-0.36503490014359513,0.16445895051851664
4-9-12-14,2.333333333333333,0.011778936276403857,0.0404303608828289,0.2681006881030718,0.0253050527836775,-0.010947892138477026,-0.8220600341459244,9.328584756740607e-05
1-3-6-9,2.333333333333333,0.008446063565595791,0.0314366902262286,0.2578018820594833,0.0149802239184241,-0.0049604856775629,-0.5264271370756306,0.036184693202949494
1-3-7-10,2.333333333333333,0.009884367351388966,0.0357527197972614,0.2681460171591895,0.0253696798640367,-0.006593887349586,-0.6468126442137353,0.006769982492434146
3-7-9-10,2.333333333333333,0.006657085759614277,0.0254459815424044,0.2564599015821957,0.0136832484962394,0.0005927929803642421,-0.17667769727719473,0.5127483498756319
2-11-14-15,2.333333333333333,0.010787681348636138,0.047783155510933095,0.2666198300077271,0.0239053506182875,-0.010290101545227848,-0.6033197051097092,0.013350495491741082
2-3-10-14,2.333333333333333,0.008223320765162979,0.0342627865833234,0.2583036724563912,0.0155457484811439,-0.0006512433207826,-0.32074066307542615,0.2258123016984361
2-3-11-15,2.333333333333333,0.012748508215781515,0.0440094940139875,0.2668906691765343,0.0241667163077286,-0.012458017922223999,-0.8039804290441186,0.00017447281235074478
10-11-12-15,2.333333333333333,0.013776261632729742,0.0425372914837159,0.2682971563426873,0.0255499532030657,0.008723752691141274,-0.04439762506290801,0.870310538949699
11-12-13-15,2.333333333333333,0.012748508215781782,0.0440094940139883,0.2668906691765333,0.0241667163077287,-0.0124580179222252,-0.8039804290441401,0.00017447281235062132
5-9-14-15,2.333333333333333,0.006657085759614753,0.0254459815424068,0.2564599015821978,0.0136832484962411,0.0005927929803661281,-0.17667769727706242,0.5127483498759529
6-10-12-13,2.333333333333333,0.006657085759614883,0.025445981542406702,0.256459901582197,0.0136832484962411,0.0005927929803660089,-0.17667769727707625,0.5127483498759193
2-6-8-9,2.333333333333333,0.004088745512706556,0.0150590377275723,0.2480098720603966,0.0052010112454341,0.0016057173857296748,0.18362048552023252,0.49604465079493787
10-11-12-13,2.333333333333333,0.010272782763809074,0.0390859897383619,0.2566284613291664,0.0138868818172426,-0.005462365027880976,-0.6366967426537458,0.007998607466767005
4-6-8-13,2.333333333333333,0.011076803803213036,0.0388916352452739,0.2573020261902514,0.0144938352835388,-0.013924626927706124,-0.7806482269778039,0.00035861271342450704
4-6-9-11,2.333333333333333,0.0038602145894726875,0.0122028750411386,0.2493752785179561,0.0065444798383833,0.000249129421541825,0.36453152807522404,0.1650856485821262
3-7-14-15,2.333333333333333,0.01274850821578176,0.0440094940139876,0.2668906691765342,0.0241667163077284,-0.012458017922225551,-0.8039804290441475,0.00017447281235057928
2-9-13-14,2.333333333333333,0.009228964074599303,0.0339512626713015,0.2689395994021579,0.0261429011560459,0.014823242049676751,0.6259805171235902,0.009486463831565034
0-5-8-10,2.333333333333333,0.008446063565595385,0.0314366902262259,0.2578018820594817,0.0149802239184219,-0.004960485677564974,-0.5264271370757585,0.03618469320289599
0-5-8-13,2.333333333333333,0.013223113831334416,0.0441700929330196,0.2599537775119184,0.0171701198911609,-0.01505364778985205,-0.8780935959604463,7.72744425419292e-06
0-5-9-12,2.333333333333333,0.012033494625796714,0.0358085596758732,0.2574445182826263,0.0146700098938905,-0.010939840776195225,-0.8508824856457781,2.935981073833144e-05
7-9-13-14,2.333333333333333,0.010070957495115782,0.041911992461640804,0.2654108929321883,0.0226279355816081,0.010537470409836134,0.18270811789181807,0.4982248878902328
1-4-8-10,2.333333333333333,0.011076803803213698,0.038891635245276,0.2573020261902515,0.014493835283539,-0.013924626927707025,-0.7806482269778057,0.00035861271342448845
4-8-13-14,2.333333333333333,0.015071563033527555,0.0501942353471077,0.2655881592440473,0.0228192252578276,-0.024551368568322122,-0.9543193466234939,9.860574956540122e-09
0-1-4-10,2.333333333333333,0.008695131353724348,0.037202395615601,0.2635304940443698,0.0207833543629234,-0.0044857038211255995,-0.20919591883263,0.4368231804791233
4-10-13-14,2.333333333333333,0.010070957495116726,0.0419119924616474,0.2654108929321954,0.0226279355816151,0.010537470409838521,0.18270811789192729,0.4982248878899715
4-5-10-14,2.333333333333333,0.004088745512706461,0.0150590377275727,0.2480098720603963,0.0052010112454344,0.0016057173857298252,0.1836204855202662,0.49604465079485777
2-7-11-14,2.333333333333333,0.014515283066306521,0.0427698780468148,0.2574445182826279,0.0146700098938927,-0.018886855844932552,-0.9248819122673966,2.9620620607014267e-07
4-7-9-10,2.333333333333333,0.0024941321990061944,0.0066526494610633004,0.2462688100205983,0.0034546728728593,-0.0018738842880865751,0.12519076475264307,0.6441049324454668
4-8-10-11,2.333333333333333,0.00787538325135946,0.0298777494402212,0.254110068202112,0.0113084392238068,-0.0063648137769206515,-0.36503490014348733,0.16445895051865064
5-7-9-14,2.333333333333333,0.004698264028808029,0.0185024272103641,0.2493231647554678,0.0065034974124512,-0.0030828723926732,-0.24305384312533612,0.3643748680883122
1-2-10-11,2.333333333333333,0.009822236225149846,0.0330458762623047,0.2545214561388447,0.0117347958600162,-0.009917612811282476,-0.6353386570131233,0.008176188266612176
1-2-10-14,2.333333333333333,0.007875383251360104,0.029877749440226198,0.2541100682021134,0.0113084392238082,-0.006364813776920075,-0.3650349001434168,0.1644589505187383
5-6-9-15,2.333333333333333,0.007678560547139062,0.0261835136853903,0.2501752122418148,0.0073449981333713,-0.01031884574997285,-0.7233614480627872,0.0015402560463638154
5-7-10-13,2.333333333333333,0.004435699163112432,0.013343120126436,0.2499179050767439,0.0070911263446429,-0.002560378974850925,-0.2380268364784269,0.37468480952741867
5-7-10-15,2.333333333333333,0.008446063565595165,0.0314366902262254,0.2578018820594812,0.0149802239184219,-0.0049604856775646005,-0.5264271370757422,0.03618469320290276
4-5-13-14,2.333333333333333,0.009822236225149451,0.0330458762623036,0.2545214561388459,0.011734795860016,-0.009917612811280825,-0.635338657013067,0.008176188266619613
0-2-5-7,2.333333333333333,0.01322311383133532,0.0441700929330189,0.2599537775119183,0.0171701198911605,-0.01505364778985515,-0.8780935959604655,7.727444254184759e-06
0-2-5-8,2.333333333333333,0.011778936276403777,0.0404303608828292,0.2681006881030713,0.0253050527836776,-0.010947892138476426,-0.8220600341459131,9.328584756744383e-05
0-2-6-9,2.333333333333333,0.008262278357499616,0.0282315339833554,0.258070975560262,0.0152690165355964,-0.0025065791297745246,-0.4949919706437038,0.05124696348200114
3-5-10-11,2.333333333333333,0.008262278357499242,0.0282315339833518,0.2580709755602599,0.0152690165355937,-0.002506579129776125,-0.494991970643797,0.05124696348195057
1-10-13-14,2.333333333333333,0.009228964074600188,0.0339512626713045,0.2689395994021612,0.0261429011560487,0.014823242049678925,0.6259805171236306,0.009486463831559048
0-1-4-7,2.333333333333333,0.010787681348636285,0.0477831555109335,0.2666198300077284,0.0239053506182884,-0.01029010154522925,-0.603319705109765,0.01335049549173026
0-1-4-13,2.333333333333333,0.0107876813486364,0.0477831555109329,0.2666198300077271,0.0239053506182874,-0.010290101545228851,-0.6033197051097436,0.013350495491734391
3-5-6-14,2.5,0.006448442819557613,0.022828299564586,0.2544235605580277,0.011613183143344,-0.003342464228020098,-0.43993240367261044,0.08815323281978041
5-7-13-14,2.5,0.008321624216536346,0.0297942343228259,0.2518588174115592,0.0090377129947863,-0.010787879909189925,-0.7112964902089758,0.0020039320553677208
1-10-11-14,2.5,0.012721944858689974,0.0405315156841641,0.2522307745405993,0.0094157218602473,-0.0200877491590599,-0.7988654044884425,0.00020592429796137312
3-5-7-15,2.5,0.009808222032437367,0.0353071468168906,0.2649710796515803,0.022198452308183,-0.006220543093349974,-0.6484487974098004,0.0065862300642260795
1-2-3-14,2.5,0.0077314051454467955,0.0277768309512135,0.2614849847229871,0.0187057062053021,-0.0010791981678975751,-0.3131885633912117,0.23754582817434222
2-4-6-14,2.5,0.004165570819537307,0.0162755837625733,0.2509013732720718,0.0080784287860798,0.000796288458424925,-0.02861308875470843,0.9162259932713797
0-2-6-8,2.5,0.009233374911545614,0.0357609043271202,0.2633089433968648,0.0205218970680361,-0.004222572818118475,-0.6735480115326374,0.004231288581834551
4-5-12-14,2.5,0.009233374911545179,0.0357609043271216,0.2633089433968644,0.0205218970680367,-0.004222572818118249,-0.6735480115326542,0.004231288581833235
1-2-10-13,2.5,0.0065176504929148355,0.026319187417530598,0.251248835800786,0.0084292908538442,-0.008101470848415851,-0.4669457535052357,0.06822986184642543
5-7-9-15,2.5,0.0054412609399399825,0.01771097744229,0.2535535637873159,0.010732276189429,-0.0009242873306929,-0.3566535234563,0.1751021026757888
1-6-13-14,2.5,0.00651765049291503,0.0263191874175309,0.2512488358007865,0.0084292908538444,-0.0081014708484145,-0.4669457535051479,0.06822986184648419
4-7-9-11,2.5,0.00651765049291508,0.0263191874175299,0.2512488358007836,0.0084292908538416,-0.008101470848416026,-0.4669457535052746,0.06822986184639931
1-4-7-9,2.5,0.00788341314967885,0.0260419313268532,0.2542617054117079,0.0114463221177943,-0.006997147501717121,-0.6365767495109516,0.00801417327433867
0-5-6-13,2.5,0.00644844281955772,0.0228282995645857,0.2544235605580275,0.0116131831433437,-0.003342464228020362,-0.4399324036725873,0.08815323281979906
0-5-12-13,2.5,0.011788894253017832,0.0389188686227461,0.2603116617862634,0.0175555136755171,-0.0102510634584104,-0.7885804613192039,0.00028349345272631624
2-9-11-14,2.5,0.007883413149678485,0.0260419313268513,0.254261705411706,0.0114463221177919,-0.006997147501714964,-0.6365767495108628,0.008014173274350177
2-9-10-15,2.5,0.0064484428195579375,0.0228282995645858,0.2544235605580272,0.011613183143344,-0.0033424642280212363,-0.43993240367258246,0.088153232819803
2-8-9-13,2.5,0.01272194485869056,0.0405315156841645,0.2522307745405989,0.0094157218602471,-0.020087749159060826,-0.7988654044884544,0.00020592429796129427
1-4-12-13,2.5,0.01227027700965071,0.0448632961634218,0.2652277701525617,0.0224742858049385,-0.010431356321184202,-0.7479516550249267,0.0008627848808691356
2-10-11-13,2.5,0.006929804549743787,0.0267840811385184,0.2544665865654399,0.0116685243897045,-0.0017022320907788499,-0.40140067578953986,0.1233131843838073
4-6-8-14,2.5,0.008321624216537525,0.0297942343228303,0.2518588174115597,0.0090377129947864,-0.010787879909191599,-0.7112964902089616,0.002003932055368327
1-9-10-12,2.5,0.006448442819557849,0.0228282995645855,0.2544235605580284,0.011613183143344,-0.0033424642280201573,-0.4399324036725573,0.08815323281982324
1-8-9-14,2.5,0.006929804549743893,0.0267840811385188,0.2544665865654406,0.0116685243897048,-0.00170223209078085,-0.40140067578965466,0.12331318438369002
2-6-7-8,2.5,0.012721944858689957,0.040531515684165596,0.2522307745405999,0.0094157218602488,-0.020087749159059577,-0.798865404488449,0.00020592429796132935
4-6-8-11,2.5,0.006517650492915058,0.0263191874175306,0.2512488358007838,0.0084292908538418,-0.0081014708484159,-0.4669457535052741,0.06822986184639969
1-4-6-13,2.5,0.007883413149678456,0.0260419313268517,0.2542617054117061,0.0114463221177922,-0.006997147501714689,-0.6365767495108612,0.008014173274350403
1-4-5-14,2.5,0.012721944858689223,0.0405315156841635,0.2522307745405984,0.0094157218602472,-0.020087749159057675,-0.7988654044884118,0.00020592429796157486
1-4-5-11,2.5,0.012721944858689655,0.0405315156841653,0.2522307745406,0.0094157218602488,-0.020087749159058775,-0.7988654044884366,0.00020592429796141115
6-10-11-12,2.5,0.008349589332004527,0.0284010807263452,0.2584103257910257,0.0156082933055314,0.010512435853606224,0.29253785737269933,0.2715468695212764
0-5-7-9,2.5,0.00644844281955724,0.022828299564582,0.2544235605580273,0.0116131831433438,-0.003342464228019356,-0.4399324036726165,0.08815323281977559
2-3-11-14,2.5,0.012270277009650662,0.0448632961634221,0.265227770152562,0.0224742858049386,-0.010431356321184226,-0.7479516550249292,0.0008627848808690841
2-3-10-15,2.5,0.01178889425301779,0.038918868622746,0.2603116617862637,0.0175555136755173,-0.010251063458409876,-0.7885804613191928,0.0002834934527264114
2-13-14-15,2.5,0.007731405145446698,0.0277768309512131,0.2614849847229876,0.0187057062053015,-0.0010791981678976248,-0.31318856339121404,0.23754582817433884
1-3-9-10,2.5,0.005441260939940594,0.0177109774422888,0.2535535637873157,0.0107322761894279,-0.0009242873306916999,-0.35665352345622925,0.1751021026758807
1-3-7-9,2.5,0.007732237107295645,0.032957816625912004,0.2640351506677206,0.0212425842808667,-0.0033334426301944997,-0.5138819916632593,0.04172830318439341
4-9-11-13,2.5,0.006929804549743784,0.0267840811385172,0.2544665865654387,0.0116685243897037,-0.0017022320907805252,-0.4014006757896256,0.1233131843837197
4-6-7-14,2.5,0.004165570819536802,0.016275583762574,0.2509013732720725,0.0080784287860803,0.0007962884584250501,-0.028613088754742194,0.9162259932712821
4-6-13-14,2.5,0.008321624216536391,0.029794234322827004,0.2518588174115602,0.0090377129947864,-0.010787879909189675,-0.7112964902089554,0.002003932055368592
4-6-12-13,2.5,0.0077322371072956475,0.0329578166259114,0.2640351506677212,0.0212425842808669,-0.0033334426301964747,-0.5138819916633341,0.04172830318435855
7-9-13-15,2.5,0.009233374911545926,0.035760904327120396,0.2633089433968637,0.0205218970680359,-0.004222572818122225,-0.6735480115327594,0.004231288581825024
0-2-3-10,2.5,0.009808222032437391,0.0353071468168916,0.2649710796515805,0.0221984523081837,-0.00622054309334835,-0.6484487974097713,0.006586230064229328
5-12-13-15,2.5,0.009808222032437695,0.0353071468168916,0.26497107965158,0.022198452308184,-0.006220543093350624,-0.6484487974098085,0.006586230064225191
5-8-9-15,2.5,0.008349589332004853,0.0284010807263455,0.2584103257910268,0.0156082933055316,0.0105124358536076,0.292537857372738,0.27154686952121
0-6-7-10,2.5,0.008349589332004623,0.0284010807263467,0.2584103257910281,0.0156082933055329,0.010512435853608126,0.2925378573727432,0.2715468695212007
1-5-6-12,2.5,0.008349589332006009,0.0284010807263513,0.2584103257910301,0.0156082933055358,0.010512435853609975,0.2925378573728487,0.27154686952102014
0-4-7-8,2.5,0.0077314051454470374,0.027776830951213104,0.2614849847229872,0.0187057062053033,-0.001079198167901225,-0.31318856339141893,0.2375458281740152
1-9-11-13,2.5,0.004165570819537394,0.0162755837625743,0.2509013732720724,0.0080784287860805,0.000796288458426125,-0.02861308875459096,0.9162259932717232
6-8-10-15,2.5,0.006448442819557205,0.0228282995645832,0.2544235605580267,0.0116131831433438,-0.0033424642280205164,-0.43993240367270214,0.08815323281970647
0-3-5-7,2.5,0.011788894253017641,0.038918868622747,0.2603116617862641,0.0175555136755174,-0.010251063458409024,-0.7885804613191785,0.00028349345272653313
0-3-4-6,2.5,0.011788894253017731,0.0389188686227465,0.2603116617862641,0.0175555136755172,-0.0102510634584093,-0.7885804613191774,0.00028349345272654273
0-6-8-10,2.5,0.0054412609399402,0.0177109774422894,0.2535535637873161,0.0107322761894288,-0.000924287330689875,-0.35665352345614815,0.17510210267598564
5-9-11-12,2.5,0.006448442819557419,0.022828299564583,0.2544235605580269,0.0116131831433438,-0.003342464228019924,-0.43993240367261216,0.08815323281977896
0-2-9-10,2.5,0.005441260939940746,0.0177109774422891,0.2535535637873152,0.0107322761894281,-0.0009242873306905499,-0.3566535234561554,0.1751021026759763
2-5-7-14,2.5,0.007883413149678548,0.0260419313268518,0.2542617054117057,0.0114463221177923,-0.006997147501714974,-0.6365767495108632,0.008014173274350143
7-8-11-15,2.5,0.007731405145446606,0.027776830951213097,0.2614849847229881,0.018705706205303,-0.0010791981678999502,-0.3131885633913392,0.2375458281741411
5-11-13-15,2.5,0.007732237107295589,0.032957816625911504,0.2640351506677206,0.0212425842808664,-0.0033334426301961,-0.5138819916633297,0.041728303184360625
1-3-5-11,2.5,0.009233374911545614,0.0357609043271202,0.2633089433968639,0.0205218970680361,-0.0042225728181184,-0.6735480115326304,0.00423128858183509
1-3-4-7,2.5,0.012270277009650681,0.0448632961634223,0.2652277701525645,0.0224742858049394,-0.0104313563211846,-0.7479516550249293,0.0008627848808690779
6-8-12-14,2.5,0.007732237107295752,0.032957816625912004,0.2640351506677202,0.0212425842808668,-0.0033334426301953497,-0.5138819916632987,0.04172830318437512
6-8-11-14,2.5,0.007883413149678524,0.0260419313268532,0.2542617054117079,0.0114463221177938,-0.006997147501716107,-0.6365767495109241,0.008014173274342217
6-12-14-15,2.5,0.009808222032437693,0.035307146816891996,0.2649710796515808,0.0221984523081841,-0.0062205430933496494,-0.6484487974098082,0.006586230064225237
2-6-7-13,2.5,0.012721944858689938,0.0405315156841637,0.2522307745405978,0.0094157218602474,-0.020087749159059698,-0.7988654044884478,0.00020592429796133802
3-9-11-15,2.5,0.009808222032437097,0.0353071468168909,0.264971079651579,0.0221984523081832,-0.006220543093347325,-0.6484487974097216,0.006586230064234854
3-9-10-14,2.5,0.008349589332005532,0.028401080726351502,0.2584103257910313,0.0156082933055361,0.010512435853609076,0.2925378573728367,0.2715468695210406
0-1-9-12,2.5,0.011788894253017474,0.038918868622746405,0.2603116617862641,0.0175555136755175,-0.01025106345840855,-0.7885804613191996,0.0002834934527263525
0-1-8-13,2.5,0.012270277009650948,0.044863296163421704,0.2652277701525617,0.0224742858049384,-0.010431356321185975,-0.7479516550249541,0.0008627848808685499
0-1-8-10,2.5,0.0077322371072956475,0.0329578166259118,0.2640351506677203,0.0212425842808669,-0.003333442630196325,-0.5138819916633363,0.041728303184357524
3-6-14-15,2.5,0.01178889425301808,0.0389188686227461,0.2603116617862639,0.017555513675517,-0.010251063458411626,-0.7885804613192215,0.0002834934527261637
1-2-9-11,2.5,0.008321624216536247,0.029794234322823403,0.2518588174115593,0.0090377129947862,-0.010787879909188326,-0.7112964902089274,0.002003932055369785
1-2-8-10,2.5,0.00832162421653646,0.029794234322824097,0.2518588174115592,0.0090377129947863,-0.0107878799091885,-0.7112964902089183,0.0020039320553701732
5-6-13-15,2.5,0.00544126093994052,0.0177109774422891,0.2535535637873149,0.0107322761894283,-0.0009242873306923999,-0.35665352345625634,0.17510210267584556
5-6-12-14,2.5,0.005441260939940319,0.0177109774422884,0.2535535637873159,0.0107322761894281,-0.0009242873306920749,-0.35665352345625095,0.1751021026758524
1-3-10-11,2.5,0.009233374911545312,0.0357609043271215,0.2633089433968648,0.0205218970680364,-0.004222572818119525,-0.673548011532688,0.004231288581830603
1-2-9-14,2.5,0.006517650492914726,0.0263191874175298,0.2512488358007857,0.0084292908538444,-0.008101470848415549,-0.4669457535052237,0.06822986184643343
3-4-6-10,2.5,0.006448442819557329,0.0228282995645831,0.254423560558027,0.0116131831433439,-0.0033424642280197644,-0.4399324036726157,0.08815323281977615
3-4-5-9,2.5,0.008349589332005766,0.0284010807263527,0.2584103257910344,0.0156082933055391,0.010512435853611675,0.2925378573729035,0.2715468695209259
4-7-8-10,2.5,0.006517650492915007,0.026319187417530202,0.2512488358007846,0.0084292908538422,-0.008101470848416375,-0.46694575350529727,0.06822986184638422
2-7-14-15,2.5,0.012270277009650672,0.044863296163421496,0.2652277701525616,0.0224742858049383,-0.0104313563211845,-0.7479516550249382,0.0008627848808688886
1-5-7-8,2.5,0.00692980454974383,0.0267840811385179,0.25446658656544,0.0116685243897041,-0.0017022320907803497,-0.40140067578960525,0.12331318438374042
1-5-7-13,2.5,0.004165570819536918,0.016275583762573598,0.2509013732720717,0.0080784287860799,0.000796288458424,-0.02861308875481898,0.9162259932710567
1-8-10-13,2.5,0.007883413149678511,0.026041931326851397,0.2542617054117057,0.0114463221177919,-0.006997147501715441,-0.6365767495108807,0.008014173274347867
6-7-13-15,2.5,0.00923337491154545,0.035760904327121,0.2633089433968645,0.0205218970680364,-0.00422257281812285,-0.6735480115328015,0.004231288581821736
0-2-8-9,2.5,0.009233374911545215,0.0357609043271217,0.263308943396865,0.0205218970680366,-0.00422257281811785,-0.6735480115326415,0.004231288581834222
7-8-10-14,2.5,0.00692980454974385,0.026784081138517303,0.2544665865654388,0.0116685243897036,-0.001702232090780875,-0.4014006757896432,0.12331318438370176
2-3-9-11,2.5,0.007732237107295597,0.032957816625911504,0.2640351506677207,0.0212425842808669,-0.003333442630196825,-0.5138819916633708,0.04172830318434151
5-8-11-13,2.5,0.007883413149678562,0.026041931326853,0.2542617054117073,0.011446322117794,-0.006997147501716962,-0.636576749510948,0.008014173274339134
4-5-7-13,2.5,0.004165570819536601,0.0162755837625738,0.2509013732720717,0.0080784287860802,0.0007962884584236498,-0.028613088754916388,0.9162259932707738
2-4-6-11,2.5,0.0069298045497438125,0.0267840811385176,0.2544665865654399,0.011668524389704,-0.0017022320907817499,-0.4014006757896864,0.12331318438365761
1-7-9-11,2.5,0.0083216242165375,0.0297942343228291,0.2518588174115593,0.0090377129947865,-0.0107878799091909,-0.7112964902089391,0.002003932055369285
4-8-11-12,2.5,0.007731405145447152,0.0277768309512133,0.2614849847229884,0.0187057062053033,-0.001079198167898125,-0.31318856339123247,0.2375458281743092
1-8-9-11,2.5,0.004165570819536662,0.0162755837625735,0.2509013732720714,0.0080784287860798,0.000796288458425,-0.028613088754746135,0.91622599327127
1-6-7-14,2.5,0.006929804549743834,0.0267840811385186,0.2544665865654401,0.0116685243897045,-0.0017022320907795,-0.4014006757895738,0.12331318438377267
0-4-6-12,2.5,0.009808222032437185,0.0353071468168902,0.2649710796515802,0.0221984523081826,-0.006220543093349476,-0.6484487974097974,0.006586230064226423
2-8-10-14,2.5,0.00416557081953734,0.0162755837625738,0.2509013732720718,0.0080784287860801,0.000796288458426075,-0.028613088754591447,0.9162259932717215
2-8-10-11,2.5,0.004165570819536703,0.0162755837625741,0.2509013732720707,0.0080784287860801,0.0007962884584250751,-0.02861308875473051,0.9162259932713157
8-11-13-15,2.5,0.012270277009650698,0.0448632961634224,0.2652277701525614,0.0224742858049392,-0.010431356321185276,-0.7479516550249606,0.0008627848808684113
8-11-12-14,2.5,0.012270277009651028,0.0448632961634227,0.2652277701525619,0.0224742858049393,-0.010431356321185576,-0.7479516550249518,0.0008627848808686026
2-4-5-13,2.5,0.006929804549743795,0.026784081138518302,0.2544665865654397,0.0116685243897044,-0.0017022320907803248,-0.4014006757896047,0.12331318438374099
4-6-10-12,2.5,0.0054412609399400284,0.0177109774422901,0.2535535637873161,0.010732276189429,-0.0009242873306906001,-0.3566535234562084,0.17510210267590776
7-8-9-13,2.5,0.012721944858690725,0.040531515684166505,0.2522307745406009,0.0094157218602487,-0.020087749159060725,-0.7988654044884456,0.00020592429796135274
2-5-6-15,2.5,0.008349589332007058,0.028401080726356602,0.2584103257910364,0.0156082933055411,0.01051243585361455,0.29253785737303234,0.2715468695207054
2-5-13-14,2.5,0.006517650492914977,0.0263191874175305,0.251248835800786,0.0084292908538443,-0.00810147084841455,-0.4669457535051619,0.06822986184647498
0-2-4-7,2.5,0.012270277009651241,0.0448632961634225,0.2652277701525615,0.0224742858049395,-0.010431356321186976,-0.7479516550249817,0.000862784880867955
0-2-4-10,2.5,0.007732237107295607,0.0329578166259121,0.2640351506677205,0.0212425842808668,-0.0033334426301944503,-0.5138819916632618,0.041728303184392294
5-7-8-11,2.5,0.006517650492915711,0.0263191874175324,0.2512488358007834,0.0084292908538417,-0.008101470848417001,-0.4669457535053033,0.06822986184638
5-7-14-15,2.5,0.007732237107295693,0.0329578166259114,0.2640351506677191,0.021242584280867,-0.0033334426301967254,-0.5138819916633596,0.04172830318434676
0-8-10-12,2.5,0.009808222032436968,0.0353071468168912,0.2649710796515805,0.0221984523081834,-0.006220543093346925,-0.6484487974097523,0.006586230064231453
1-12-13-14,2.5,0.007731405145447066,0.0277768309512132,0.2614849847229875,0.0187057062053018,-0.0010791981678974498,-0.31318856339120743,0.23754582817434888
2-4-8-10,2.5,0.008321624216537203,0.0297942343228272,0.2518588174115595,0.0090377129947865,-0.010787879909190149,-0.7112964902089289,0.00200393205536972
2-4-7-10,2.5,0.007883413149678761,0.0260419313268535,0.254261705411708,0.0114463221177942,-0.0069971475017164666,-0.636576749510922,0.008014173274342505
8-10-12-15,2.5,0.011788894253018092,0.0389188686227465,0.2603116617862633,0.0175555136755173,-0.010251063458410675,-0.7885804613191976,0.0002834934527263696
3-4-7-11,2.5,0.007731405145447028,0.027776830951213402,0.2614849847229877,0.0187057062053033,-0.0010791981679009002,-0.31318856339138346,0.23754582817407105
3-5-9-11,2.5,0.005441260939940182,0.0177109774422901,0.2535535637873157,0.0107322761894293,-0.0009242873306911499,-0.3566535234562018,0.17510210267591608
9-11-12-15,2.5,0.011788894253017572,0.0389188686227468,0.2603116617862643,0.0175555136755175,-0.01025106345840855,-0.78858046131918,0.0002834934527265201
0-1-2-13,2.5,0.007731405145446868,0.0277768309512131,0.2614849847229876,0.018705706205302,-0.001079198167898475,-0.31318856339125795,0.23754582817426934
5-7-11-13,2.5,0.008321624216537251,0.0297942343228291,0.2518588174115595,0.0090377129947863,-0.010787879909191027,-0.7112964902089541,0.0020039320553686397
0-1-3-9,2.5,0.009808222032437522,0.035307146816891996,0.2649710796515803,0.0221984523081838,-0.006220543093348975,-0.6484487974097863,0.006586230064227651
4-10-12-14,2.5,0.009233374911545876,0.0357609043271208,0.263308943396864,0.0205218970680361,-0.0042225728181212,-0.6735480115327224,0.0042312885818279215
4-10-11-14,2.5,0.012721944858691329,0.0405315156841667,0.2522307745405999,0.0094157218602488,-0.02008774915906205,-0.7988654044884687,0.00020592429796120068
0-9-10-13,2.5,0.008349589332005901,0.0284010807263518,0.2584103257910312,0.0156082933055365,0.0105124358536121,0.29253785737291715,0.27154686952090296
0-1-3-8,2.6666666666666665,0.010970441070806735,0.044445821125033896,0.2726901478723296,0.0299365894892182,-0.0068923709832693246,-0.6894552026417158,0.0031285756006805923
3-5-9-13,2.6666666666666665,0.007096049524603414,0.023341233173338197,0.2630575684572945,0.0202248887673453,0.014379194831632223,0.930895787033866,1.6787048921321842e-07
3-5-6-13,2.6666666666666665,0.003977892020930648,0.0147515508965328,0.2507806618453876,0.0079527243914629,2.7159450370675014e-05,-0.060058229143093764,0.8251359367631188
3-5-6-15,2.6666666666666665,0.008823523779843342,0.030763284724052802,0.2590138466520337,0.0162207083781766,-0.00463760386774735,-0.6705414171501975,0.004471023476657818
1-10-11-13,2.6666666666666665,0.004835024880891885,0.0173181143887726,0.2481454326728774,0.005330211334986,4.9553521134074944e-05,-0.190987029521559,0.47860844625313004
1-10-11-15,2.6666666666666665,0.012410471687097522,0.048617143367042995,0.2779947247266892,0.035205582974573,0.01870826923583905,0.6160156224031696,0.011058479149982047
1-10-12-13,2.6666666666666665,0.006673668085950754,0.0254686799884365,0.2577927172209534,0.0150097100753073,-0.0011969178254353,-0.2585917022743855,0.3335209549413358
0-1-2-12,2.6666666666666665,0.009897612350265702,0.0364910099361881,0.2664530464284078,0.0236877375543097,-0.005733983337948925,-0.5588117265954671,0.0244401734535273
3-5-10-14,2.6666666666666665,0.005686403232933655,0.0178478730693441,0.2506651170053822,0.0078539235680208,3.870405790715008e-05,-0.2786588335812288,0.2959753097400011
3-5-11-15,2.6666666666666665,0.009247098626510263,0.030084722699077998,0.257748305734536,0.0149739488387167,-0.0053552677664799745,-0.6685976135569252,0.00463172723627549
3-5-7-14,2.6666666666666665,0.007238904724588661,0.027742183247039802,0.257072971542269,0.0142848224613454,-0.00316663423173905,-0.5145877728673632,0.04140047727352378
0-9-10-11,2.6666666666666665,0.007096049524602472,0.0233412331733351,0.2630575684572923,0.0202248887673423,0.0143791948316311,0.9308957870338823,1.678704892129502e-07
0-9-10-12,2.6666666666666665,0.008823523779843693,0.0307632847240533,0.2590138466520335,0.0162207083781765,-0.00463760386774785,-0.6705414171502169,0.004471023476656246
0-9-10-14,2.6666666666666665,0.007561941621924892,0.029142662447256502,0.2630232724373353,0.020205051828363,0.013604052049490827,0.658507545997481,0.005541940168240044
4-10-11-15,2.6666666666666665,0.01254114079083044,0.0481090206009953,0.277925507732233,0.0351396854679985,0.020353918837614803,0.7237824640458443,0.001525814161298444
4-7-9-13,2.6666666666666665,0.004835024880891933,0.0173181143887719,0.2481454326728777,0.0053302113349857,4.955352113070004e-05,-0.19098702952180807,0.4786084462525455
1-6-7-13,2.6666666666666665,0.004835024880891948,0.0173181143887724,0.248145432672878,0.005330211334986,4.955352113350021e-05,-0.19098702952160124,0.47860844625303123
1-6-7-15,2.6666666666666665,0.008766190161217687,0.0327300738730271,0.2562153799261794,0.0134334455229274,-0.00399522577588612,-0.6601224007552648,0.005387383831534935
1-6-7-8,2.6666666666666665,0.006522719111223979,0.0176660741197563,0.2489073268796345,0.0061031434470307,-0.00104654079341145,-0.32219518253976154,0.22359544793535552
4-8-11-13,2.6666666666666665,0.010587773954708947,0.040219090545284095,0.2593948374685747,0.0165990359330573,-0.012310082639716025,-0.815108096740628,0.00011961446048288195
1-7-10-14,2.6666666666666665,0.006522719111224749,0.0176660741197552,0.2489073268796341,0.0061031434470298,-0.0010465407934107248,-0.3221951825396862,0.22359544793546993
1-7-11-15,2.6666666666666665,0.008924876831085862,0.030511483614894502,0.2549078827668472,0.0121310479743212,-0.0025597180927633746,-0.4715795700960215,0.06517438057780578
1-7-8-9,2.6666666666666665,0.0049032172555164375,0.0179811039777946,0.2499211575787117,0.0071039519341527,0.00026322967185364983,-0.12113837324304544,0.6549475120855353
1-7-9-13,2.6666666666666665,0.002927682772490629,0.0113585718053455,0.2505473287901236,0.0077191851409624,0.001306746999201125,0.24370185587973306,0.3630574247099373
1-6-9-12,2.6666666666666665,0.006040465649541934,0.0216665624183882,0.2497634283237962,0.0069412834611351,-0.004092503861807725,-0.4514287005772467,0.07922303620336837
4-10-11-13,2.6666666666666665,0.006522719111224066,0.0176660741197562,0.2489073268796348,0.006103143447031,-0.0010465407934122997,-0.3221951825398353,0.2235954479352435
1-6-8-13,2.6666666666666665,0.006656263508385033,0.0219716150208829,0.2526309410604062,0.009809600233611,-0.005644030707817875,-0.5714914040888286,0.020742582899370438
0-4-5-11,2.6666666666666665,0.012541140790834182,0.0481090206010078,0.277925507732246,0.0351396854680108,0.020353918837622324,0.7237824640458953,0.0015258141612966986
0-4-5-14,2.6666666666666665,0.012410471687102,0.048617143367059704,0.277994724726706,0.0352055829745897,0.018708269235848098,0.616015622403273,0.011058479149964759
1-5-8-14,2.6666666666666665,0.00652271911122469,0.0176660741197559,0.2489073268796338,0.0061031434470299,-0.001046540793411,-0.3221951825396923,0.22359544793546085
1-5-9-15,2.6666666666666665,0.007096049524603896,0.02334123317334,0.2630575684572968,0.0202248887673468,0.0143791948316327,0.9308957870338748,1.6787048921307506e-07
1-6-10-15,2.6666666666666665,0.0052298137811393666,0.0194300904550642,0.2513364027546088,0.0085270632109171,-0.001856473762655075,-0.3275106793077437,0.2156118839153732
2-9-11-15,2.6666666666666665,0.00723890472458877,0.0277421832470403,0.2570729715422687,0.0142848224613456,-0.0031666342317384502,-0.5145877728673426,0.04140047727353325
2-9-12-13,2.6666666666666665,0.012541140790832859,0.0481090206010078,0.2779255077322441,0.0351396854680089,0.020353918837618775,0.723782464045847,0.0015258141612983535
2-7-8-10,2.6666666666666665,0.005487393328339109,0.0178175055759695,0.2491645560907761,0.0063280355042017,-0.003925320972131225,-0.4130622748460321,0.11179053073503614
2-7-9-14,2.6666666666666665,0.006656263508384765,0.021971615020883198,0.2526309410604062,0.0098096002336112,-0.00564403070781675,-0.5714914040887953,0.020742582899379535
2-6-9-15,2.6666666666666665,0.00568640323293352,0.0178478730693446,0.2506651170053832,0.0078539235680211,3.870405790709999e-05,-0.2786588335811856,0.29597530974007913
2-7-10-13,2.6666666666666665,0.006693541406948581,0.0191505737606512,0.2503220453634482,0.0075042337953591,-0.0052772518913736,-0.5466424577817466,0.028445920752565933
4-12-13-15,2.6666666666666665,0.010970441070806991,0.0444458211250342,0.2726901478723293,0.0299365894892185,-0.006892370983270526,-0.6894552026417278,0.0031285756006798598
1-8-10-14,2.6666666666666665,0.004903217255516952,0.0179811039777968,0.2499211575787129,0.0071039519341547,0.00026322967185469994,-0.12113837324298138,0.6549475120857067
4-7-11-15,2.6666666666666665,0.006327490272665104,0.0231560963666657,0.2568698229294833,0.0140791719746269,0.0009265366420775499,-0.16613303607354107,0.5386046638883204
4-7-8-11,2.6666666666666665,0.006702977793929003,0.0156858856225721,0.2432255077734676,0.0004199723292428,-0.015265913293328525,-0.9056314318708983,1.3882134428309918e-06
4-7-8-12,2.6666666666666665,0.0063274902726657995,0.0231560963666665,0.2568698229294842,0.0140791719746272,0.0009265366420784997,-0.16613303607345323,0.5386046638885382
1-8-13-14,2.6666666666666665,0.010587773954709353,0.0402190905452824,0.259394837468573,0.016599035933055,-0.012310082639716374,-0.8151080967406064,0.00011961446048297228
8-11-12-15,2.6666666666666665,0.010330164288463367,0.035057986959251,0.2593959984158787,0.0166712703185489,-0.004258218999203325,-0.5751089473068414,0.01977142482394523
2-8-10-13,2.6666666666666665,0.005487393328338747,0.017817505575968,0.2491645560907747,0.0063280355042004,-0.0039253209721274,-0.4130622748457935,0.1117905307352639
1-6-11-14,2.6666666666666665,0.006693541406948353,0.019150573760651,0.2503220453634482,0.0075042337953588,-0.0052772518913729504,-0.5466424577817183,0.028445920752575855
0-4-6-13,2.6666666666666665,0.0072389047245885185,0.0277421832470395,0.2570729715422692,0.014284822461345,-0.0031666342317393497,-0.5145877728673904,0.04140047727351113
6-12-13-15,2.6666666666666665,0.00924709862651018,0.0300847226990758,0.2577483057345361,0.0149739488387165,-0.00535526776647765,-0.6685976135568162,0.004631727236284633
1-5-6-15,2.6666666666666665,0.007561941621925438,0.029142662447257203,0.2630232724373356,0.0202050518283641,0.01360405204949235,0.6585075459974915,0.005541940168239034
6-8-11-15,2.6666666666666665,0.006673668085949788,0.0254686799884368,0.2577927172209545,0.0150097100753091,-0.00119691782543545,-0.2585917022745179,0.33352095494108003
0-4-10-12,2.6666666666666665,0.009247098626510438,0.0300847226990779,0.2577483057345341,0.0149739488387161,-0.005355267766479351,-0.6685976135568947,0.0046317272362780436
6-7-8-14,2.6666666666666665,0.00490321725551612,0.017981103977794302,0.2499211575787103,0.0071039519341526,0.00026322967185254996,-0.1211383732431516,0.6549475120852499
1-8-10-11,2.6666666666666665,0.0029276827724906114,0.011358571805346,0.250547328790124,0.0077191851409626,0.0013067469992005748,0.243701855879566,0.36305742471027636
1-8-10-12,2.6666666666666665,0.007238904724588724,0.027742183247040197,0.2570729715422694,0.0142848224613456,-0.0031666342317381003,-0.5145877728673286,0.04140047727353982
1-5-7-14,2.6666666666666665,0.004903217255516654,0.0179811039777971,0.2499211575787136,0.0071039519341552,0.0002632296718554501,-0.12113837324291002,0.6549475120858985
1-5-8-11,2.6666666666666665,0.0048350248808920184,0.0173181143887714,0.2481454326728769,0.0053302113349853,4.9553521130500005e-05,-0.1909870295218159,0.4786084462525271
6-7-10-12,2.6666666666666665,0.007561941621923779,0.0291426624472525,0.2630232724373306,0.0202050518283588,0.013604052049488023,0.6585075459974232,0.005541940168245631
0-4-7-9,2.6666666666666665,0.0066736680859498755,0.025468679988436597,0.2577927172209552,0.015009710075309,-0.0011969178254358,-0.2585917022745128,0.3335209549410897
0-4-8-11,2.6666666666666665,0.006327490272665376,0.023156096366666802,0.2568698229294827,0.014079171974627,0.0009265366420777498,-0.1661330360735193,0.5386046638883742
0-4-8-14,2.6666666666666665,0.008924876831084828,0.0305114836148946,0.2549078827668473,0.0121310479743212,-0.002559718092759225,-0.4715795700958687,0.06517438057790488
1-4-9-14,2.6666666666666665,0.006693541406948108,0.0191505737606509,0.2503220453634481,0.0075042337953588,-0.0052772518913723,-0.5466424577816993,0.02844592075258242
1-5-10-12,2.6666666666666665,0.005686403232933517,0.017847873069344503,0.2506651170053827,0.007853923568021,3.8704057906349936e-05,-0.27865883358122034,0.29597530974001607
1-5-11-13,2.6666666666666665,0.002927682772490655,0.0113585718053454,0.250547328790124,0.0077191851409624,0.001306746999200525,0.24370185587968507,0.3630574247100349
4-8-9-15,2.6666666666666665,0.010063278698413372,0.038248997014607794,0.2650058758137987,0.0222273984320584,0.0116102380720049,0.23198477946529106,0.3872856506629774
1-4-9-11,2.6666666666666665,0.005487393328338794,0.0178175055759692,0.2491645560907761,0.0063280355042016,-0.003925320972129625,-0.41306227484595215,0.11179053073511241
3-9-10-13,2.6666666666666665,0.007561941621925331,0.029142662447259098,0.2630232724373365,0.0202050518283656,0.01360405204949065,0.6585075459974916,0.005541940168239018
3-9-10-15,2.6666666666666665,0.008823523779843717,0.0307632847240529,0.2590138466520336,0.0162207083781763,-0.004637603867749075,-0.6705414171502354,0.004471023476654743
3-9-11-14,2.6666666666666665,0.010334732409595204,0.037671900678586,0.2610308490262363,0.0182322881487025,-0.01017750751118335,-0.8264620640991251,7.92608300081243e-05
4-10-14-15,2.6666666666666665,0.012410471687101477,0.048617143367058094,0.2779947247267058,0.0352055829745888,0.018708269235848,0.6160156224032804,0.01105847914996349
2-6-8-11,2.6666666666666665,0.004835024880891976,0.0173181143887713,0.248145432672877,0.0053302113349853,4.9553521130150024e-05,-0.19098702952183905,0.4786084462524731
2-6-8-14,2.6666666666666665,0.002927682772490927,0.0113585718053466,0.2505473287901258,0.0077191851409634,0.0013067469992002999,0.24370185587961188,0.36305742471018354
0-12-13-14,2.6666666666666665,0.009897612350265754,0.0364910099361882,0.2664530464284072,0.0236877375543097,-0.005733983337947701,-0.558811726595465,0.024440173453527933
7-9-10-12,2.6666666666666665,0.005229813781138903,0.0194300904550639,0.2513364027546095,0.0085270632109179,-0.0018564737626549747,-0.32751067930776934,0.2156118839153348
1-9-12-14,2.6666666666666665,0.008257152340174375,0.0304262385265966,0.2595564087651262,0.0167460526227427,-0.004211665304331825,-0.5036068405330587,0.04672473217334589
1-9-13-15,2.6666666666666665,0.006182131486548592,0.021556369974725098,0.253361205149151,0.0105511750955541,0.0007231720972923249,-0.2359839231590792,0.378919906041245
6-8-9-15,2.6666666666666665,0.005686403232933198,0.0178478730693452,0.2506651170053834,0.0078539235680227,3.8704057907574976e-05,-0.27865883358123167,0.2959753097399958
6-9-11-12,2.6666666666666665,0.006040465649541744,0.0216665624183881,0.2497634283237975,0.0069412834611363,-0.0040925038618091995,-0.4514287005773806,0.07922303620326844
0-3-7-11,2.6666666666666665,0.009897612350266266,0.036491009936188104,0.2664530464284066,0.0236877375543101,-0.0057339833379507245,-0.5588117265955431,0.024440173453503668
6-8-11-13,2.6666666666666665,0.006656263508384882,0.0219716150208843,0.252630941060408,0.0098096002336127,-0.005644030707817175,-0.5714914040888465,0.020742582899365564
4-7-10-14,2.6666666666666665,0.004835024880891834,0.0173181143887719,0.2481454326728781,0.0053302113349856,4.9553521131550054e-05,-0.19098702952173296,0.4786084462527222
1-9-10-15,2.6666666666666665,0.00397789202093069,0.014751550896532298,0.2507806618453876,0.0079527243914623,2.7159450369075003e-05,-0.06005822914321919,0.8251359367627584
1-9-11-14,2.6666666666666665,0.005487393328338593,0.0178175055759676,0.2491645560907758,0.0063280355042003,-0.003925320972128225,-0.4130622748458544,0.11179053073520588
4-13-14-15,2.6666666666666665,0.008924876831085782,0.0305114836148941,0.2549078827668496,0.0121310479743223,-0.0025597180927639496,-0.47157957009602147,0.06517438057780578
2-8-9-11,2.6666666666666665,0.002927682772490284,0.0113585718053439,0.2505473287901215,0.0077191851409603,0.001306746999200475,0.24370185587957677,0.3630574247102548
2-8-9-12,2.6666666666666665,0.012410471687100433,0.048617143367054194,0.2779947247267014,0.0352055829745847,0.01870826923584515,0.6160156224032496,0.011058479149968662
2-8-9-14,2.6666666666666665,0.004835024880891992,0.0173181143887726,0.2481454326728775,0.0053302113349859,4.9553521134525e-05,-0.1909870295215121,0.47860844625323995
2-9-10-12,2.6666666666666665,0.003977892020930503,0.0147515508965321,0.2507806618453872,0.0079527243914625,2.7159450369299948e-05,-0.06005822914318866,0.8251359367628468
2-9-11-13,2.6666666666666665,0.004903217255517037,0.0179811039777966,0.2499211575787125,0.0071039519341547,0.0002632296718551002,-0.1211383732429504,0.6549475120857895
0-5-10-13,2.6666666666666665,0.006040465649542004,0.021666562418388,0.2497634283237969,0.006941283461135,-0.0040925038618079,-0.4514287005772256,0.07922303620338428
0-5-6-11,2.6666666666666665,0.005229813781138775,0.019430090455063997,0.2513364027546091,0.008527063210918,-0.001856473762652925,-0.32751067930764793,0.21561188391551517
0-5-6-12,2.6666666666666665,0.008823523779843656,0.0307632847240534,0.2590138466520342,0.0162207083781768,-0.004637603867748325,-0.6705414171502075,0.004471023476656999
0-5-6-14,2.6666666666666665,0.0039778920209307305,0.0147515508965327,0.2507806618453877,0.0079527243914628,2.7159450370899986e-05,-0.060058229143102146,0.8251359367630942
1-4-6-14,2.6666666666666665,0.005487393328338733,0.0178175055759685,0.2491645560907762,0.0063280355042007,-0.00392532097212885,-0.4130622748459266,0.111790530735137
1-4-7-10,2.6666666666666665,0.006656263508384668,0.021971615020882698,0.2526309410604074,0.009809600233612,-0.0056440307078175255,-0.5714914040888754,0.020742582899357608
1-4-7-8,2.6666666666666665,0.01058777395470975,0.040219090545288605,0.2593948374685753,0.016599035933057,-0.012310082639718601,-0.8151080967406603,0.00011961446048274606
4-8-12-15,2.6666666666666665,0.009897612350266385,0.036491009936187604,0.2664530464284084,0.0236877375543101,-0.005733983337950225,-0.5588117265954536,0.024440173453531507
0-5-7-10,2.6666666666666665,0.006040465649541724,0.021666562418388,0.2497634283237976,0.0069412834611361,-0.0040925038618087,-0.45142870057734824,0.07922303620329255
0-5-7-8,2.6666666666666665,0.008257152340174108,0.030426238526596303,0.2595564087651271,0.0167460526227436,-0.004211665304332475,-0.5036068405331477,0.04672473217330077
1-4-6-11,2.6666666666666665,0.006693541406947575,0.019150573760652198,0.2503220453634495,0.0075042337953601,-0.005277251891371649,-0.5466424577817464,0.02844592075256602
1-4-6-12,2.6666666666666665,0.010334732409594845,0.037671900678586195,0.2610308490262373,0.0182322881487023,-0.010177507511181624,-0.826462064099109,7.926083000817251e-05
2-10-12-14,2.6666666666666665,0.006182131486548543,0.021556369974724897,0.2533612051491509,0.0105511750955539,0.0007231720972952252,-0.2359839231589822,0.37891990604144654
2-10-13-15,2.6666666666666665,0.008257152340174202,0.0304262385265969,0.2595564087651262,0.0167460526227426,-0.004211665304330351,-0.5036068405330072,0.046724732173372016
2-11-13-14,2.6666666666666665,0.010587773954709645,0.040219090545283595,0.2593948374685727,0.016599035933055,-0.012310082639717574,-0.8151080967406252,0.00011961446048289317
2-12-13-14,2.6666666666666665,0.006327490272665362,0.023156096366660897,0.2568698229294813,0.0140791719746257,0.000926536642081025,-0.16613303607330548,0.5386046638889042
0-3-6-10,2.6666666666666665,0.008823523779843547,0.0307632847240542,0.2590138466520358,0.0162207083781783,-0.004637603867744825,-0.6705414171501068,0.004471023476665201
6-8-14-15,2.6666666666666665,0.007238904724588988,0.0277421832470422,0.2570729715422714,0.0142848224613478,-0.0031666342317398246,-0.5145877728673951,0.04140047727350898
6-10-12-15,2.6666666666666665,0.008823523779844002,0.030763284724054,0.2590138466520355,0.0162207083781782,-0.004637603867747025,-0.6705414171501496,0.004471023476661728
3-7-9-15,2.6666666666666665,0.009247098626510337,0.0300847226990775,0.2577483057345354,0.0149739488387163,-0.005355267766479824,-0.6685976135569167,0.004631727236276198
3-8-10-11,2.6666666666666665,0.006182131486548293,0.021556369974722198,0.253361205149148,0.0105511750955522,0.000723172097292625,-0.23598392315913744,0.37891990604112386
3-4-5-10,2.6666666666666665,0.005686403232932697,0.0178478730693443,0.2506651170053841,0.0078539235680221,3.870405790495012e-05,-0.2786588335814173,0.2959753097396607
2-9-14-15,2.6666666666666665,0.006673668085950593,0.025468679988436597,0.2577927172209531,0.0150097100753073,-0.001196917825435,-0.2585917022743761,0.3335209549413546
3-10-11-13,2.6666666666666665,0.008766190161217817,0.0327300738730269,0.2562153799261788,0.0134334455229274,-0.003995225775884581,-0.6601224007552082,0.005387383831540294
3-8-9-10,2.6666666666666665,0.007096049524603129,0.0233412331733372,0.2630575684572933,0.0202248887673446,0.014379194831631477,0.9308957870338894,1.6787048921283255e-07
6-11-12-14,2.6666666666666665,0.01033473240959573,0.037671900678586,0.2610308490262375,0.0182322881487026,-0.0101775075111851,-0.8264620640991533,7.926083000804048e-05
0-5-9-11,2.6666666666666665,0.003977892020930544,0.014751550896532,0.2507806618453878,0.007952724391463,2.7159450369975053e-05,-0.06005822914326141,0.8251359367626372
4-9-10-15,2.6666666666666665,0.0052298137811390005,0.0194300904550644,0.2513364027546096,0.008527063210918,-0.0018564737626544001,-0.32751067930773836,0.2156118839153811
2-5-9-12,2.6666666666666665,0.005229813781139248,0.0194300904550638,0.2513364027546084,0.0085270632109169,-0.0018564737626552998,-0.3275106793077587,0.21561188391535074
2-6-10-12,2.6666666666666665,0.00709604952460297,0.0233412331733362,0.2630575684572926,0.0202248887673431,0.014379194831630875,0.9308957870338734,1.678704892130971e-07
2-6-11-13,2.6666666666666665,0.00652271911122483,0.0176660741197557,0.2489073268796341,0.0061031434470298,-0.0010465407934107998,-0.3221951825396765,0.22359544793548475
4-6-12-14,2.6666666666666665,0.0063939034568066926,0.025612974188461302,0.2600037032073268,0.0171791100843197,-0.0033549763582111,-0.6266619036477032,0.009385798839757249
4-6-7-13,2.6666666666666665,0.0029276827724891916,0.0113585718053364,0.250547328790115,0.0077191851409531,0.001306746999198475,0.2437018558793998,0.36305742471061414
4-6-7-15,2.6666666666666665,0.0061821314865483186,0.0215563699747231,0.25336120514915,0.0105511750955531,0.000723172097291675,-0.2359839231591635,0.37891990604107006
4-9-11-12,2.6666666666666665,0.008257152340174564,0.0304262385265959,0.2595564087651273,0.0167460526227432,-0.004211665304334275,-0.5036068405332007,0.046724732173273845
4-9-11-14,2.6666666666666665,0.0066935414069480646,0.0191505737606521,0.2503220453634499,0.0075042337953599,-0.00527725189137415,-0.5466424577818261,0.028445920752538247
4-9-13-15,2.6666666666666665,0.00876619016121817,0.0327300738730271,0.2562153799261793,0.0134334455229278,-0.00399522577588666,-0.6601224007552544,0.005387383831535919
5-10-11-12,2.6666666666666665,0.005686403232933203,0.0178478730693447,0.2506651170053822,0.0078539235680224,3.87040579064499e-05,-0.2786588335812854,0.29597530973989883
1-3-7-15,2.6666666666666665,0.010970441070806473,0.0444458211250337,0.2726901478723304,0.0299365894892182,-0.006892370983267575,-0.6894552026416603,0.003128575600683988
1-3-9-11,2.6666666666666665,0.006393903456806574,0.025612974188461,0.2600037032073268,0.0171791100843197,-0.0033549763582106998,-0.6266619036476864,0.009385798839759733
3-7-8-11,2.6666666666666665,0.006327490272665514,0.0231560963666666,0.2568698229294817,0.0140791719746267,0.000926536642077775,-0.16613303607352709,0.5386046638883546
3-6-9-14,2.6666666666666665,0.00604046564954224,0.0216665624183882,0.2497634283237964,0.006941283461135,-0.004092503861809175,-0.4514287005772652,0.07922303620335464
2-3-5-14,2.6666666666666665,0.006673668085950648,0.0254686799884363,0.257792717220953,0.0150097100753076,-0.0011969178254358748,-0.2585917022744072,0.3335209549412944
7-10-12-14,2.6666666666666665,0.008766190161218155,0.032730073873026996,0.25621537992618,0.0134334455229276,-0.003995225775882249,-0.6601224007551247,0.005387383831548191
0-3-4-7,2.6666666666666665,0.010330164288463476,0.0350579869592506,0.2593959984158793,0.0166712703185488,-0.00425821899920255,-0.575108947306803,0.01977142482395534
0-3-4-8,2.6666666666666665,0.009897612350266191,0.036491009936187604,0.2664530464284078,0.02368773755431,-0.00573398333795155,-0.5588117265955622,0.024440173453497756
0-3-5-9,2.6666666666666665,0.008823523779843887,0.0307632847240544,0.2590138466520358,0.0162207083781785,-0.00463760386774635,-0.6705414171501438,0.004471023476662198
2-3-14-15,2.6666666666666665,0.01033016428846339,0.035057986959249804,0.2593959984158774,0.0166712703185478,-0.00425821899920205,-0.5751089473067823,0.01977142482396079
2-3-4-10,2.6666666666666665,0.00723890472458893,0.0277421832470429,0.2570729715422714,0.014284822461348,-0.0031666342317376497,-0.5145877728673043,0.041400477273551034
7-9-12-13,2.6666666666666665,0.012410471687101042,0.0486171433670553,0.2779947247267025,0.0352055829745861,0.0187082692358466,0.6160156224032456,0.01105847914996934
3-7-11-13,2.6666666666666665,0.008924876831085735,0.030511483614894197,0.2549078827668481,0.0121310479743211,-0.002559718092761625,-0.4715795700959484,0.06517438057785316
3-10-13-14,2.6666666666666665,0.0100632786984122,0.038248997014601,0.2650058758137912,0.022227398432052,0.011610238072002076,0.23198477946518092,0.3872856506632091
3-11-13-15,2.6666666666666665,0.010970441070806691,0.0444458211250335,0.2726901478723293,0.0299365894892183,-0.006892370983269275,-0.6894552026417138,0.003128575600680714
3-13-14-15,2.6666666666666665,0.00989761235026566,0.036491009936188,0.2664530464284079,0.0236877375543095,-0.005733983337949224,-0.55881172659549,0.0244401734535202
1-4-10-13,2.6666666666666665,0.006656263508385037,0.0219716150208835,0.2526309410604057,0.0098096002336112,-0.005644030707817025,-0.5714914040887947,0.020742582899379653
0-5-9-14,2.6666666666666665,0.005229813781139143,0.0194300904550638,0.251336402754608,0.0085270632109168,-0.0018564737626538,-0.3275106793076631,0.21561188391549246
0-6-10-11,2.6666666666666665,0.007561941621924053,0.0291426624472544,0.263023272437333,0.0202050518283608,0.013604052049489425,0.6585075459974405,0.005541940168243958
0-6-10-14,2.6666666666666665,0.007096049524603195,0.023341233173337698,0.2630575684572945,0.0202248887673448,0.01437919483163185,0.9308957870338663,1.678704892132146e-07
0-6-7-11,2.6666666666666665,0.010063278698413274,0.0382489970146061,0.2650058758137977,0.022227398432057,0.01161023807200565,0.23198477946530224,0.38728565066295373
5-12-14-15,2.6666666666666665,0.00924709862651018,0.0300847226990758,0.2577483057345353,0.0149739488387166,-0.00535526776647805,-0.6685976135568252,0.00463172723628387
0-2-3-11,2.6666666666666665,0.010970441070806605,0.0444458211250339,0.27269014787233,0.0299365894892183,-0.0068923709832682,-0.6894552026417033,0.003128575600681357
7-8-11-14,2.6666666666666665,0.01058777395470918,0.040219090545285205,0.2593948374685748,0.0165990359330569,-0.01231008263971725,-0.8151080967406423,0.00011961446048282153
7-8-9-12,2.6666666666666665,0.012541140790833207,0.0481090206010056,0.2779255077322432,0.0351396854680089,0.020353918837620298,0.7237824640458673,0.0015258141612976557
2-5-7-13,2.6666666666666665,0.005487393328338419,0.0178175055759681,0.2491645560907752,0.0063280355042005,-0.00392532097212755,-0.41306227484584485,0.111790530735215
2-5-7-15,2.6666666666666665,0.010334732409594925,0.037671900678585904,0.2610308490262363,0.0182322881487022,-0.010177507511182775,-0.8264620640991281,7.926083000811576e-05
7-10-11-12,2.6666666666666665,0.010063278698414339,0.0382489970146119,0.2650058758138043,0.0222273984320625,0.01161023807200605,0.23198477946536378,0.38728565066282417
1-3-5-13,2.6666666666666665,0.00618213148654854,0.0215563699747253,0.2533612051491505,0.0105511750955538,0.00072317209729355,-0.23598392315903471,0.37891990604133746
1-3-5-8,2.6666666666666665,0.008766190161218103,0.0327300738730269,0.2562153799261795,0.0134334455229275,-0.003995225775883817,-0.6601224007551594,0.0053873838315449145
1-3-6-14,2.6666666666666665,0.00825715234017393,0.0304262385265966,0.2595564087651262,0.0167460526227424,-0.004211665304329949,-0.5036068405330054,0.046724732173372904
5-9-12-15,2.6666666666666665,0.008823523779843889,0.0307632847240538,0.2590138466520355,0.0162207083781782,-0.00463760386774755,-0.6705414171501698,0.004471023476660081
0-6-7-9,2.6666666666666665,0.005686403232933178,0.0178478730693447,0.2506651170053836,0.0078539235680224,3.8704057906100136e-05,-0.2786588335813432,0.2959753097397947
0-6-8-12,2.6666666666666665,0.009247098626510018,0.0300847226990776,0.2577483057345364,0.0149739488387164,-0.005355267766478825,-0.6685976135568836,0.004631727236278973
3-6-7-13,2.6666666666666665,0.012410471687101625,0.048617143367058496,0.277994724726705,0.0352055829745883,0.018708269235847348,0.6160156224032676,0.011058479149965661
3-6-7-8,2.6666666666666665,0.012541140790835084,0.0481090206010128,0.2779255077322512,0.0351396854680157,0.0203539188376241,0.7237824640458936,0.0015258141612967593
0-1-7-9,2.6666666666666665,0.007238904724588943,0.027742183247042702,0.2570729715422707,0.0142848224613482,-0.0031666342317380495,-0.5145877728673192,0.041400477273544144
1-3-4-9,2.6666666666666665,0.010334732409595745,0.0376719006785863,0.2610308490262373,0.0182322881487028,-0.010177507511183952,-0.8264620640991293,7.926083000811176e-05
5-11-12-13,2.6666666666666665,0.007238904724588965,0.0277421832470423,0.2570729715422709,0.0142848224613481,-0.0031666342317393245,-0.5145877728673589,0.04140047727352573
1-2-7-14,2.6666666666666665,0.010587773954709818,0.040219090545285094,0.2593948374685736,0.0165990359330554,-0.012310082639717852,-0.8151080967406255,0.00011961446048289218
4-6-10-15,2.6666666666666665,0.003977892020930513,0.0147515508965321,0.2507806618453869,0.0079527243914625,2.715945036902502e-05,-0.06005822914330423,0.8251359367625146
4-6-11-14,2.6666666666666665,0.005487393328339048,0.017817505575969297,0.2491645560907774,0.0063280355042016,-0.00392532097213045,-0.4130622748460071,0.11179053073506005
2-3-6-13,2.6666666666666665,0.012541140790834104,0.0481090206010113,0.277925507732248,0.0351396854680127,0.020353918837622328,0.7237824640458901,0.0015258141612968805
2-3-6-8,2.6666666666666665,0.012410471687100867,0.048617143367055,0.2779947247267018,0.0352055829745852,0.018708269235846228,0.616015622403251,0.011058479149968405
4-5-9-15,2.6666666666666665,0.007561941621925355,0.0291426624472588,0.2630232724373367,0.0202050518283652,0.0136040520494916,0.6585075459975113,0.005541940168237101
7-8-10-13,2.6666666666666665,0.006693541406948081,0.019150573760652302,0.2503220453634489,0.0075042337953601,-0.0052772518913739,-0.546642457781831,0.028445920752536543
7-8-10-15,2.6666666666666665,0.008257152340174056,0.0304262385265954,0.2595564087651262,0.016746052622743,-0.004211665304332625,-0.5036068405331546,0.04672473217329726
0-1-5-11,2.6666666666666665,0.012410471687101776,0.048617143367059,0.277994724726706,0.0352055829745894,0.018708269235847876,0.6160156224032614,0.011058479149966695
0-1-5-14,2.6666666666666665,0.012541140790834984,0.0481090206010137,0.27792550773225,0.0351396854680151,0.020353918837623976,0.7237824640459012,0.0015258141612965008
0-1-6-13,2.6666666666666665,0.006673668085950533,0.025468679988436202,0.2577927172209531,0.0150097100753075,-0.0011969178254358003,-0.2585917022744057,0.3335209549412973
3-4-5-8,2.6666666666666665,0.010063278698413794,0.038248997014609404,0.2650058758138013,0.0222273984320603,0.011610238072006951,0.23198477946535698,0.38728565066283926
3-4-6-11,2.6666666666666665,0.00825715234017431,0.0304262385265962,0.259556408765127,0.0167460526227435,-0.00421166530433385,-0.5036068405331904,0.04672473217327918
3-4-6-9,2.6666666666666665,0.006040465649541956,0.0216665624183882,0.2497634283237971,0.0069412834611362,-0.0040925038618101,-0.4514287005774048,0.07922303620325025
1-2-6-15,2.6666666666666665,0.010063278698412568,0.0382489970146013,0.2650058758137925,0.0222273984320521,0.01161023807200345,0.23198477946521756,0.38728565066313236
2-5-8-13,2.6666666666666665,0.006693541406948081,0.0191505737606507,0.2503220453634485,0.0075042337953587,-0.00527725189137245,-0.5466424577817133,0.028445920752577566
4-5-6-15,2.6666666666666665,0.00709604952460332,0.023341233173337098,0.2630575684572943,0.0202248887673443,0.014379194831633024,0.9308957870338985,1.6787048921268185e-07
2-5-11-14,2.6666666666666665,0.0066562635083849695,0.021971615020882698,0.2526309410604057,0.009809600233611,-0.0056440307078174995,-0.5714914040888204,0.020742582899372662
2-5-6-12,2.6666666666666665,0.007561941621926934,0.029142662447265398,0.2630232724373441,0.0202050518283722,0.013604052049493876,0.6585075459975855,0.005541940168229923
7-8-9-14,2.6666666666666665,0.006522719111224047,0.017666074119756098,0.248907326879635,0.0061031434470309,-0.0010465407934115497,-0.3221951825397851,0.22359544793531966
0-2-8-10,2.6666666666666665,0.006393903456806655,0.0256129741884613,0.2600037032073273,0.0171791100843199,-0.0033549763582103997,-0.6266619036476695,0.009385798839762217
7-11-12-15,2.6666666666666665,0.009897612350266054,0.036491009936187604,0.2664530464284082,0.02368773755431,-0.00573398333795215,-0.5588117265955768,0.024440173453493273
7-12-13-14,2.6666666666666665,0.008924876831084522,0.030511483614894502,0.2549078827668491,0.0121310479743227,-0.0025597180927560506,-0.4715795700957014,0.06517438057801328
7-12-14-15,2.6666666666666665,0.010970441070807031,0.044445821125034105,0.2726901478723298,0.0299365894892184,-0.006892370983270725,-0.6894552026417564,0.003128575600678106
2-4-9-13,2.6666666666666665,0.006522719111224389,0.0176660741197552,0.2489073268796332,0.0061031434470296,-0.00104654079341085,-0.32219518253969404,0.22359544793545805
2-4-5-11,2.6666666666666665,0.006522719111224047,0.0176660741197564,0.2489073268796347,0.0061031434470308,-0.0010465407934116002,-0.32219518253975743,0.22359544793536193
2-4-5-12,2.6666666666666665,0.008766190161217588,0.0327300738730267,0.2562153799261794,0.0134334455229273,-0.003995225775883798,-0.6601224007551906,0.005387383831541952
2-4-5-14,2.6666666666666665,0.004835024880891851,0.0173181143887721,0.2481454326728782,0.0053302113349859,4.9553521133650046e-05,-0.19098702952157215,0.4786084462530996
2-4-6-13,2.6666666666666665,0.004903217255516627,0.0179811039777967,0.2499211575787131,0.0071039519341551,0.00026322967185379994,-0.1211383732430574,0.6549475120855033
2-4-10-11,2.6666666666666665,0.004903217255515789,0.017981103977795,0.2499211575787106,0.0071039519341529,0.0002632296718513001,-0.12113837324328447,0.6549475120848938
2-4-10-14,2.6666666666666665,0.002927682772490518,0.0113585718053447,0.2505473287901235,0.0077191851409617,0.0013067469992007498,0.2437018558797523,0.363057424709898
4-5-7-12,2.6666666666666665,0.006182131486548425,0.0215563699747233,0.2533612051491496,0.0105511750955531,0.0007231720972942499,-0.2359839231590229,0.37891990604136205
4-5-7-14,2.6666666666666665,0.0029276827724892865,0.0113585718053365,0.2505473287901148,0.0077191851409534,0.0013067469991982997,0.24370185587935103,0.36305742471071334
2-5-7-8,2.6666666666666665,0.006693541406947954,0.0191505737606516,0.2503220453634493,0.0075042337953598,-0.005277251891373026,-0.5466424577817852,0.02844592075255246
0-6-9-13,2.6666666666666665,0.005686403232933848,0.017847873069344,0.2506651170053819,0.0078539235680206,3.8704057907925065e-05,-0.2786588335811846,0.29597530974008074
5-8-10-15,2.6666666666666665,0.006040465649541668,0.0216665624183878,0.2497634283237972,0.0069412834611361,-0.004092503861809175,-0.4514287005773583,0.0792230362032851
5-8-11-12,2.6666666666666665,0.006673668085949961,0.0254686799884367,0.2577927172209551,0.0150097100753094,-0.001196917825435125,-0.25859170227448125,0.3335209549411507
5-8-11-14,2.6666666666666665,0.006656263508384648,0.0219716150208838,0.2526309410604072,0.0098096002336123,-0.005644030707816875,-0.5714914040888398,0.020742582899367396
5-8-13-15,2.6666666666666665,0.010334732409595645,0.0376719006785858,0.2610308490262362,0.0182322881487027,-0.010177507511185799,-0.8264620640991606,7.926083000801934e-05
1-2-4-13,2.6666666666666665,0.010587773954709835,0.0402190905452861,0.259394837468573,0.0165990359330554,-0.0123100826397182,-0.8151080967406357,0.00011961446048284944
1-2-5-12,2.6666666666666665,0.010063278698413305,0.0382489970146059,0.265005875813797,0.0222273984320567,0.011610238072003573,0.2319847794652562,0.3872856506630511
3-5-8-9,2.6666666666666665,0.007561941621925055,0.0291426624472566,0.2630232724373345,0.0202050518283631,0.013604052049491798,0.6585075459974831,0.0055419401682398565
3-6-8-10,2.6666666666666665,0.0039778920209304685,0.014751550896532,0.2507806618453875,0.007952724391463,2.715945036984999e-05,-0.06005822914324882,0.8251359367626738
3-4-7-10,2.6666666666666665,0.006673668085949688,0.0254686799884367,0.2577927172209546,0.0150097100753091,-0.001196917825435675,-0.258591702274545,0.33352095494102746
3-6-10-13,2.6666666666666665,0.005229813781139259,0.0194300904550643,0.2513364027546089,0.0085270632109171,-0.001856473762653225,-0.32751067930764505,0.21561188391551941
0-8-10-13,2.6666666666666665,0.010334732409595197,0.0376719006785865,0.2610308490262374,0.0182322881487027,-0.01017750751118235,-0.8264620640991074,7.926083000817713e-05
5-7-13-15,2.6666666666666665,0.006393903456806612,0.025612974188460702,0.2600037032073268,0.0171791100843194,-0.00335497635821295,-0.6266619036478098,0.009385798839741577
5-7-8-13,2.6666666666666665,0.005487393328339125,0.0178175055759697,0.2491645560907763,0.006328035504202,-0.003925320972130775,-0.41306227484601366,0.11179053073505389
1-2-13-14,2.6666666666666665,0.006702977793928636,0.0156858856225713,0.2432255077734684,0.000419972329243,-0.015265913293327726,-0.9056314318708927,1.3882134428315424e-06
1-2-3-13,2.6666666666666665,0.006327490272665213,0.0231560963666594,0.256869822929482,0.0140791719746255,0.0009265366420808251,-0.16613303607334295,0.5386046638888117
0-2-4-12,2.6666666666666665,0.010970441070806712,0.0444458211250339,0.2726901478723291,0.0299365894892183,-0.0068923709832688,-0.689455202641713,0.0031285756006807688
2-5-10-15,2.6666666666666665,0.006040465649541993,0.0216665624183881,0.2497634283237961,0.006941283461135,-0.004092503861808075,-0.4514287005772258,0.07922303620338411
4-5-11-13,2.6666666666666665,0.004903217255515988,0.017981103977795,0.2499211575787109,0.007103951934153,0.00026322967185182485,-0.12113837324321869,0.6549475120850695
2-4-7-11,2.6666666666666665,0.01058777395470954,0.0402190905452866,0.2593948374685748,0.016599035933057,-0.012310082639717699,-0.8151080967406457,0.0001196144604828075
2-4-7-9,2.6666666666666665,0.006656263508384827,0.0219716150208836,0.2526309410604066,0.0098096002336123,-0.0056440307078179245,-0.5714914040888907,0.02074258289935342
2-4-8-12,2.6666666666666665,0.008924876831084979,0.030511483614894502,0.2549078827668475,0.0121310479743209,-0.00255971809275735,-0.47157957009574797,0.06517438057798317
1-10-14-15,2.6666666666666665,0.012541140790833603,0.0481090206010106,0.2779255077322476,0.0351396854680118,0.020353918837620902,0.7237824640458674,0.0015258141612976557
1-13-14-15,2.6666666666666665,0.006327490272665183,0.0231560963666606,0.2568698229294833,0.014079171974626,0.0009265366420806499,-0.16613303607333763,0.5386046638888244
0-2-5-13,2.6666666666666665,0.00825715234017406,0.0304262385265959,0.259556408765126,0.0167460526227423,-0.00421166530433105,-0.5036068405330294,0.04672473217336076
0-2-6-11,2.6666666666666665,0.008766190161218074,0.032730073873027,0.2562153799261792,0.0134334455229275,-0.003995225775882929,-0.6601224007551405,0.0053873838315467
0-2-6-14,2.6666666666666665,0.006182131486548388,0.021556369974724203,0.2533612051491507,0.0105511750955533,0.0007231720972943001,-0.23598392315902095,0.3789199060413664
0-2-7-10,2.6666666666666665,0.010334732409595718,0.0376719006785863,0.2610308490262373,0.0182322881487028,-0.010177507511183901,-0.8264620640991316,7.926083000810521e-05
0-2-3-9,2.6666666666666665,0.009247098626509851,0.0300847226990758,0.2577483057345366,0.0149739488387168,-0.005355267766476475,-0.6685976135567864,0.004631727236287126
1-2-3-15,2.6666666666666665,0.009897612350265695,0.036491009936188,0.2664530464284073,0.0236877375543097,-0.005733983337949226,-0.5588117265954884,0.024440173453520696
1-2-3-8,2.6666666666666665,0.008924876831084899,0.030511483614894398,0.254907882766849,0.0121310479743223,-0.0025597180927575494,-0.47157957009577056,0.06517438057796845
5-7-9-12,2.6666666666666665,0.003977892020930551,0.0147515508965323,0.2507806618453875,0.0079527243914627,2.715945036907503e-05,-0.060058229143300626,0.8251359367625247
0-8-12-14,2.6666666666666665,0.010970441070806558,0.0444458211250336,0.2726901478723301,0.0299365894892186,-0.006892370983267599,-0.6894552026416831,0.0031285756006825894
0-8-9-11,2.6666666666666665,0.0061821314865482405,0.0215563699747224,0.2533612051491489,0.0105511750955523,0.0007231720972956751,-0.23598392315897337,0.3789199060414651
0-8-9-14,2.6666666666666665,0.008766190161217744,0.0327300738730268,0.2562153799261791,0.0134334455229274,-0.003995225775882253,-0.6601224007551494,0.005387383831545862
5-6-7-12,2.6666666666666665,0.00709604952460156,0.0233412331733305,0.2630575684572871,0.020224888767338,0.014379194831627874,0.9308957870338802,1.6787048921298308e-07
3-5-6-8,2.6666666666666665,0.005229813781139011,0.0194300904550642,0.2513364027546091,0.008527063210918,-0.0018564737626529,-0.3275106793076634,0.21561188391549213
0-1-12-13,2.6666666666666665,0.010330164288463485,0.0350579869592497,0.2593959984158768,0.0166712703185478,-0.0042582189992026506,-0.5751089473067998,0.019771424823956173
0-1-2-11,2.6666666666666665,0.008924876831084692,0.0305114836148939,0.2549078827668486,0.0121310479743223,-0.0025597180927585754,-0.47157957009581736,0.06517438057793812
0-9-13-14,2.6666666666666665,0.010063278698413402,0.0382489970146077,0.2650058758137995,0.0222273984320586,0.011610238072007176,0.23198477946534288,0.3872856506628683
0-1-3-10,2.6666666666666665,0.009247098626510021,0.0300847226990756,0.257748305734536,0.0149739488387166,-0.005355267766477125,-0.6685976135568036,0.0046317272362856755
0-1-2-14,2.6666666666666665,0.00632749027266545,0.0231560963666601,0.2568698229294821,0.0140791719746254,0.0009265366420814251,-0.16613303607328916,0.5386046638889451
0-1-10-13,2.833333333333333,0.00584147281027791,0.0253688570401606,0.2563027149303543,0.0135087946859732,-2.7875226765985777e-05,-0.07820644387787175,0.7734303665757019
0-1-4-11,2.833333333333333,0.007336257290857958,0.0305816939003977,0.2593296041427582,0.016592359668797,-0.0002494607922196501,-0.013212839617739287,0.9612653251533824
0-1-4-14,2.833333333333333,0.007336257290857908,0.0305816939003954,0.2593296041427562,0.0165923596687953,-0.00024946079222114997,-0.013212839617829458,0.9612653251531175
5-7-12-13,2.833333333333333,0.004119687964921453,0.013603375738395,0.25083058532797,0.0080186769137823,0.0015729011427153248,0.11321760180661962,0.6763263506067592
1-10-12-14,2.833333333333333,0.006315056642756577,0.023205766043997,0.2550237835379251,0.0122167831710563,0.0006341629374021499,-0.22475440222969567,0.40266157706682293
1-10-13-15,2.833333333333333,0.0065182438660594194,0.0233791986779849,0.2566302512837182,0.013803722885245,-0.0011147676776289746,-0.27943714169330786,0.2945719594353833
1-11-13-14,2.833333333333333,0.009174041083934568,0.0327529154116606,0.2548012977770388,0.0119854549794209,-0.009770342102632725,-0.7454989362293145,0.0009167155685271101
1-11-14-15,2.833333333333333,0.007336257290857818,0.030581693900395498,0.2593296041427574,0.0165923596687954,-0.00024946079222050004,-0.01321283961778684,0.9612653251532424
0-1-3-11,2.833333333333333,0.009926162349281429,0.0341069491015048,0.2606184215231835,0.017862169501368,-0.0045123385418922,-0.640420673752897,0.007527320350830093
4-5-13-15,2.833333333333333,0.006153306768614786,0.0244360223544983,0.2549150697461199,0.0121095559651239,-5.869250847602501e-05,-0.3597631475389067,0.1711014837438985
0-2-5-11,2.833333333333333,0.007956691643564356,0.0300750164651694,0.2555142305107419,0.0127018790108282,-0.004675624861331125,-0.6500709536277275,0.006407991558839207
0-2-5-12,2.833333333333333,0.010677077433932829,0.038814637250958794,0.2645846683747326,0.0217948597499537,-0.008227822102141026,-0.7757528200248127,0.00041267333619595954
0-2-5-14,2.833333333333333,0.006518243866059391,0.0233791986779847,0.2566302512837176,0.0138037228852448,-0.0011147676776281,-0.2794371416932622,0.29457195943546577
0-2-6-13,2.833333333333333,0.0063150566427561455,0.0232057660439966,0.2550237835379251,0.0122167831710562,0.0006341629374046,-0.22475440222956292,0.4026615770671085
7-8-9-15,2.833333333333333,0.006538658021562581,0.0245844895276269,0.2549157248262592,0.012115026293739,0.0007593147382643499,-0.2447332447400352,0.3609660277289143
0-2-3-8,2.833333333333333,0.009926162349280942,0.0341069491015045,0.2606184215231843,0.0178621695013679,-0.004512338541889676,-0.6404206737528275,0.007527320350838676
0-2-4-13,2.833333333333333,0.008469777292632255,0.0374429371165234,0.266699953808623,0.0239264335497269,-0.002489622067608125,-0.5249952264093976,0.03678761963653496
2-4-9-14,2.833333333333333,0.0034995667214438096,0.0114440273440334,0.2464044022461713,0.003575252741089,-0.0016246169588812751,-0.29335058975071604,0.27015562419930833
2-5-10-12,2.833333333333333,0.0034632354029063652,0.0137062126564776,0.2502928661514861,0.0074538552782548,0.00061365975963645,-0.027675933983484058,0.9189612722366953
2-5-11-13,2.833333333333333,0.00341645684110418,0.0113837981461302,0.2472671096690479,0.0044309689473688,-0.0014538922761541252,-0.17037422829298215,0.5281355770860936
4-5-11-14,2.833333333333333,0.004113696916459032,0.016402555877639502,0.2522794785555631,0.0094511470277673,-0.00025311700940054975,0.06948741737188871,0.7981737217051612
2-4-7-8,2.833333333333333,0.008500948315262461,0.029180734417718,0.2518934353252179,0.009089690488451,-0.011583328407394324,-0.8167787087877427,0.00011278341034997294
2-4-8-13,2.833333333333333,0.010685350313881013,0.0344129930944234,0.2542185754371792,0.0114175321790087,-0.011520653011959002,-0.8295493761933554,7.051255997140515e-05
2-4-9-11,2.833333333333333,0.0034164568411037648,0.0113837981461322,0.2472671096690499,0.0044309689473706,-0.0014538922761544752,-0.1703742282931745,0.5281355770856209
2-4-9-12,2.833333333333333,0.00795669164356422,0.0300750164651706,0.2555142305107434,0.0127018790108293,-0.004675624861333775,-0.6500709536278414,0.006407991558826801
4-5-8-15,2.833333333333333,0.009617109586031262,0.037632618422657096,0.2695204938293076,0.0267225479922201,0.014283038985199774,0.5422810876016579,0.029997268414414774
2-4-6-12,2.833333333333333,0.006153306768614992,0.0244360223544974,0.2549150697461202,0.0121095559651235,-5.869250847507514e-05,-0.35976314753888994,0.1711014837439197
2-4-10-13,2.833333333333333,0.003416456841103921,0.011383798146130199,0.2472671096690483,0.004430968947369,-0.0014538922761535,-0.17037422829293886,0.5281355770862001
4-5-7-15,2.833333333333333,0.004507136811041675,0.0152702615379374,0.2530128431305803,0.0101926478288567,0.0027365195670326,0.1757857150709795,0.5149130571211065
0-2-7-11,2.833333333333333,0.012976587874176257,0.0495260537225548,0.2644685210177466,0.021691741899415,-0.016451005757714576,-0.9229861970004263,3.508595581493433e-07
2-5-8-11,2.833333333333333,0.00349956672144402,0.0114440273440331,0.2464044022461718,0.0035752527410889,-0.0016246169588839251,-0.2933505897510727,0.2701556241986989
2-5-8-12,2.833333333333333,0.0067671732870623665,0.021338773725127,0.2519013679134215,0.009123046552988,-0.0017437713122057752,-0.4001701144148024,0.12457525304652274
2-5-8-14,2.833333333333333,0.0034995667214437567,0.011444027344034,0.2464044022461715,0.0035752527410895,-0.0016246169588810002,-0.29335058975072126,0.27015562419929917
2-5-11-15,2.833333333333333,0.007136382063178002,0.028749447480704,0.254331810508368,0.0115481909689036,-0.00258941314990325,-0.4815107897851103,0.058964727663265715
2-5-12-13,2.833333333333333,0.005588508636635001,0.0208113276599688,0.2541941643813406,0.0114007258184233,0.00227102711870225,0.13452116457719596,0.6193976442524249
2-5-14-15,2.833333333333333,0.005841472810277899,0.0253688570401611,0.2563027149303545,0.0135087946859733,-2.787522676585665e-05,-0.07820644387784831,0.7734303665757687
0-2-7-9,2.833333333333333,0.009009203368834496,0.0274086534650703,0.2550717988891746,0.0122615857166557,-0.0079810162087093,-0.8305357173361209,6.789374207894047e-05
0-2-8-12,2.833333333333333,0.009926162349280893,0.0341069491015042,0.2606184215231835,0.0178621695013678,-0.0045123385418892,-0.6404206737528453,0.007527320350836489
7-11-12-14,2.833333333333333,0.012976587874176129,0.0495260537225531,0.2644685210177463,0.0216917418994147,-0.0164510057577142,-0.9229861970004234,3.508595581494326e-07
7-12-13-15,2.833333333333333,0.009926162349281753,0.0341069491015047,0.2606184215231832,0.0178621695013679,-0.004512338541894275,-0.6404206737529563,0.007527320350822771
7-8-10-12,2.833333333333333,0.005588508636634661,0.0208113276599693,0.2541941643813422,0.0114007258184245,0.002271027118702325,0.13452116457714192,0.6193976442525668
4-6-11-13,2.833333333333333,0.0034164568411040107,0.0113837981461321,0.2472671096690502,0.0044309689473707,-0.001453892276155625,-0.17037422829330345,0.5281355770853038
4-6-11-15,2.833333333333333,0.005276654339115152,0.0196463080418985,0.2531637749604885,0.0103674428008723,0.0015011411711458003,0.07419323910072072,0.7847953582219975
2-3-7-13,2.833333333333333,0.007336257290857811,0.0305816939003957,0.2593296041427568,0.0165923596687954,-0.00024946079221964987,-0.013212839617731842,0.9612653251534039
2-3-7-8,2.833333333333333,0.007336257290857752,0.0305816939003975,0.2593296041427577,0.0165923596687967,-0.0002494607922180754,-0.013212839617632345,0.9612653251536951
2-3-8-10,2.833333333333333,0.0041196879649215284,0.013603375738395,0.2508305853279695,0.0080186769137818,0.00157290114271585,0.11321760180668175,0.6763263506065902
2-3-9-14,2.833333333333333,0.0058414728102779475,0.0253688570401603,0.2563027149303544,0.013508794685973,-2.7875226764928788e-05,-0.07820644387778394,0.7734303665759508
7-8-11-13,2.833333333333333,0.008500948315263183,0.0291807344177194,0.2518934353252171,0.009089690488451,-0.011583328407396775,-0.8167787087877687,0.0001127834103498693
7-8-12-13,2.833333333333333,0.007336257290857934,0.030581693900398096,0.2593296041427581,0.0165923596687971,-0.00024946079221987506,-0.01321283961774073,0.9612653251533779
7-8-13-14,2.833333333333333,0.010685350313880673,0.0344129930944218,0.2542185754371815,0.0114175321790106,-0.011520653011959826,-0.8295493761933923,7.051255997130573e-05
7-8-14-15,2.833333333333333,0.008469777292632487,0.0374429371165244,0.2666999538086231,0.023926433549728,-0.0024896220676101,-0.5249952264094332,0.0367876196365199
0-2-9-13,2.833333333333333,0.00653865802156183,0.0245844895276252,0.2549157248262592,0.0121150262937389,0.000759314738269025,-0.24473324473974195,0.3609660277295085
6-9-12-15,2.833333333333333,0.008202572964477085,0.0252773886798767,0.2543113081969573,0.011498299236923,-0.004939961108507775,-0.739808057921328,0.0010525430635646709
2-3-4-11,2.833333333333333,0.008469777292632555,0.037442937116525,0.266699953808624,0.0239264335497284,-0.0024896220676096,-0.5249952264094285,0.03678761963652175
2-3-4-9,2.833333333333333,0.0071363820631782805,0.0287494474807062,0.2543318105083705,0.0115481909689057,-0.0025894131499037,-0.48151078978510375,0.05896472766326972
2-3-5-13,2.833333333333333,0.005276654339116261,0.0196463080418996,0.2531637749604863,0.0103674428008709,0.001501141171150525,0.07419323910109435,0.7847953582209373
2-3-5-15,2.833333333333333,0.009261058714617444,0.0357394300561972,0.2643134176073631,0.021545376801597,-0.005540592602561975,-0.5867258180197489,0.016888864015887295
2-3-5-8,2.833333333333333,0.006767173287063008,0.0213387737251287,0.2519013679134213,0.0091230465529891,-0.00174377131220655,-0.4001701144148186,0.12457525304650605
7-10-12-13,2.833333333333333,0.006767173287062753,0.021338773725129,0.2519013679134225,0.0091230465529894,-0.0017437713122061245,-0.4001701144148026,0.12457525304652245
7-10-12-15,2.833333333333333,0.010677077433932619,0.0388146372509569,0.2645846683747329,0.0217948597499532,-0.0082278221021413,-0.7757528200248391,0.0004126733361956502
0-3-4-9,2.833333333333333,0.009261058714616783,0.0357394300561968,0.2643134176073636,0.0215453768015966,-0.005540592602563849,-0.5867258180199224,0.016888864015846806
0-3-5-10,2.833333333333333,0.008202572964477002,0.0252773886798768,0.2543113081969587,0.0114982992369231,-0.004939961108507426,-0.739808057921312,0.0010525430635650755
0-3-5-8,2.833333333333333,0.01067707743393263,0.038814637250957,0.2645846683747325,0.0217948597499535,-0.008227822102140925,-0.7757528200248391,0.0004126733361956502
7-9-11-12,2.833333333333333,0.009504759582157737,0.036632384284254,0.2552635610427889,0.0124568651442283,-0.013124188683615201,-0.7720011235547164,0.0004585085158406577
7-9-12-14,2.833333333333333,0.007956691643564663,0.030075016465169198,0.2555142305107422,0.0127018790108281,-0.0046756248613329995,-0.6500709536277882,0.006407991558832595
2-5-9-15,2.833333333333333,0.0026679819361959778,0.0093369203990806,0.2463317766838212,0.0035088692102328,-0.001058326014748325,-0.20369963684146686,0.4492346961570413
2-6-12-14,2.833333333333333,0.004507136811041993,0.0152702615379398,0.2530128431305817,0.0101926478288577,0.00273651956703285,0.17578571507101698,0.5149130571210159
2-6-13-15,2.833333333333333,0.006538658021562199,0.024584489527624598,0.2549157248262593,0.0121150262937383,0.0007593147382649501,-0.24473324473991126,0.3609660277291654
4-6-14-15,2.833333333333333,0.0041196879649215085,0.013603375738395299,0.2508305853279713,0.0080186769137821,0.0015729011427147248,0.11321760180658791,0.6763263506068449
4-6-7-12,2.833333333333333,0.004507136811041616,0.015270261537935498,0.2530128431305791,0.010192647828855,0.002736519567033375,0.17578571507101046,0.5149130571210309
2-10-12-13,2.833333333333333,0.005276654339115829,0.019646308041898902,0.2531637749604863,0.0103674428008704,0.001501141171151025,0.07419323910114413,0.7847953582207963
2-11-13-15,2.833333333333333,0.008469777292632204,0.0374429371165233,0.2666999538086218,0.0239264335497267,-0.0024896220676081,-0.5249952264093948,0.036787619636536095
2-3-10-13,2.833333333333333,0.005588508636635274,0.020811327659968598,0.2541941643813418,0.0114007258184231,0.0022710271187032748,0.134521164577243,0.6193976442523014
0-3-6-11,2.833333333333333,0.010677077433932399,0.038814637250956796,0.2645846683747325,0.0217948597499532,-0.0082278221021405,-0.7757528200248341,0.00041267333619571006
6-8-13-15,2.833333333333333,0.009009203368834725,0.0274086534650705,0.2550717988891742,0.0122615857166558,-0.0079810162087112,-0.8305357173361674,6.789374207881911e-05
0-3-6-9,2.833333333333333,0.0082025729644773,0.025277388679877298,0.2543113081969579,0.0114982992369233,-0.004939961108507875,-0.7398080579213215,0.001052543063564834
0-3-7-10,2.833333333333333,0.009261058714616325,0.0357394300561966,0.2643134176073636,0.0215453768015965,-0.005540592602561675,-0.5867258180198693,0.01688886401585917
6-8-11-12,2.833333333333333,0.005841472810277143,0.0253688570401601,0.2563027149303556,0.0135087946859738,-2.7875226768043918e-05,-0.07820644387806731,0.7734303665751487
4-7-10-13,2.833333333333333,0.003499566721443608,0.0114440273440327,0.2464044022461712,0.0035752527410888,-0.0016246169588835001,-0.29335058975105,0.27015562419873745
4-7-10-15,2.833333333333333,0.006518243866059041,0.0233791986779851,0.25663025128372,0.0138037228852464,-0.0011147676776302247,-0.27943714169345546,0.2945719594351177
4-12-14-15,2.833333333333333,0.009926162349281552,0.034106949101504996,0.2606184215231842,0.0178621695013682,-0.004512338541892275,-0.6404206737529038,0.00752732035082924
2-6-8-13,2.833333333333333,0.004113696916458764,0.016402555877634,0.2522794785555585,0.0094511470277618,-0.0002531170094018998,0.06948741737184658,0.7981737217052807
2-6-9-12,2.833333333333333,0.0038589952871082387,0.017280813506954602,0.251638128798449,0.0088092546706834,0.00176316679249745,0.3163786744997106,0.23254371448809852
0-2-10-11,2.833333333333333,0.006153306768614976,0.024436022354497898,0.2549150697461202,0.0121095559651236,-5.8692508473949957e-05,-0.35976314753884414,0.1711014837439785
0-2-10-14,2.833333333333333,0.004507136811042346,0.015270261537941102,0.2530128431305832,0.0101926478288589,0.0027365195670350753,0.17578571507116342,0.5149130571206598
1-9-11-15,2.833333333333333,0.004119687964921289,0.0136033757383953,0.2508305853279705,0.0080186769137822,0.00157290114271525,0.11321760180666995,0.6763263506066222
1-9-14-15,2.833333333333333,0.005276654339115764,0.019646308041899,0.253163774960486,0.0103674428008706,0.0015011411711505999,0.07419323910110028,0.7847953582209212
4-6-9-15,2.833333333333333,0.003463235402905673,0.0137062126564739,0.2502928661514852,0.0074538552782541,0.0006136597596365001,-0.027675933983588724,0.9189612722363898
0-4-10-13,2.833333333333333,0.007136382063177992,0.0287494474807046,0.2543318105083695,0.011548190968904,-0.002589413149902375,-0.4815107897850698,0.05896472766329008
6-7-12-14,2.833333333333333,0.006153306768615247,0.0244360223544982,0.2549150697461201,0.0121095559651238,-5.869250847317497e-05,-0.359763147538751,0.1711014837440972
6-7-8-13,2.833333333333333,0.0041136969164597284,0.016402555877642302,0.2522794785555667,0.0094511470277704,-0.00025311700940054975,0.06948741737189819,0.7981737217051339
6-7-8-15,2.833333333333333,0.006315056642755709,0.0232057660439965,0.2550237835379261,0.0122167831710577,0.0006341629374008749,-0.22475440222977652,0.4026615770666492
1-7-9-14,2.833333333333333,0.0034164568411039794,0.0113837981461301,0.2472671096690485,0.0044309689473689,-0.001453892276153525,-0.17037422829295246,0.528135577086167
2-7-13-14,2.833333333333333,0.00850094831526305,0.0291807344177175,0.2518934353252171,0.0090896904884506,-0.011583328407397276,-0.8167787087877981,0.00011278341034975238
2-7-8-11,2.833333333333333,0.009174041083934615,0.0327529154116633,0.2548012977770397,0.0119854549794224,-0.009770342102632175,-0.7454989362293039,0.0009167155685273495
2-7-8-9,2.833333333333333,0.0041136969164600416,0.0164025558776444,0.2522794785555681,0.0094511470277722,-0.00025311700940215014,0.06948741737168679,0.7981737217057365
2-7-9-13,2.833333333333333,0.004113696916459474,0.0164025558776402,0.2522794785555644,0.0094511470277684,-0.0002531170093999502,0.06948741737201153,0.7981737217048116
4-11-12-13,2.833333333333333,0.008469777292632404,0.0374429371165245,0.2666999538086236,0.0239264335497282,-0.002489622067608925,-0.5249952264093773,0.03678761963654352
4-11-13-14,2.833333333333333,0.010685350313881492,0.0344129930944254,0.2542185754371798,0.0114175321790102,-0.011520653011961101,-0.8295493761933952,7.051255997129792e-05
4-11-14-15,2.833333333333333,0.00733625729085776,0.030581693900397597,0.2593296041427583,0.0165923596687966,-0.0002494607922192501,-0.01321283961768703,0.9612653251535352
4-7-11-14,2.833333333333333,0.009174041083934784,0.032752915411663294,0.2548012977770403,0.0119854549794222,-0.009770342102633375,-0.745498936229334,0.0009167155685266689
4-7-8-13,2.833333333333333,0.009174041083934388,0.0327529154116619,0.2548012977770406,0.0119854549794227,-0.009770342102632874,-0.7454989362293393,0.0009167155685265492
1-8-12-14,2.833333333333333,0.00846977729263227,0.0374429371165235,0.2666999538086225,0.023926433549727,-0.002489622067607175,-0.5249952264093594,0.03678761963655115
4-8-10-15,2.833333333333333,0.009504759582157601,0.036632384284252,0.2552635610427879,0.0124568651442283,-0.013124188683617274,-0.7720011235547732,0.000458508515839933
4-8-11-14,2.833333333333333,0.008500948315263077,0.0291807344177192,0.2518934353252178,0.0090896904884513,-0.0115833284073968,-0.8167787087877783,0.00011278341034983126
1-7-10-15,2.833333333333333,0.00795669164356396,0.0300750164651703,0.2555142305107429,0.0127018790108293,-0.004675624861331149,-0.6500709536277586,0.006407991558835823
1-7-11-14,2.833333333333333,0.010685350313881814,0.0344129930944276,0.25421857543718,0.0114175321790088,-0.011520653011960875,-0.8295493761933665,7.051255997137522e-05
1-7-8-10,2.833333333333333,0.0034164568411036078,0.011383798146132,0.2472671096690492,0.0044309689473706,-0.001453892276153525,-0.17037422829310106,0.5281355770858014
1-6-9-15,2.833333333333333,0.0034632354029060218,0.0137062126564754,0.2502928661514835,0.0074538552782525,0.0006136597596373,-0.027675933983375395,0.9189612722370124
1-7-10-13,2.833333333333333,0.0034995667214437263,0.011444027344033401,0.2464044022461715,0.0035752527410891,-0.0016246169588808,-0.29335058975068456,0.27015562419936207
2-8-12-13,2.833333333333333,0.007336257290857851,0.030581693900395203,0.2593296041427564,0.0165923596687952,-0.0002494607922213749,-0.013212839617843378,0.9612653251530773
3-9-13-14,2.833333333333333,0.009617109586030457,0.0376326184226517,0.2695204938293029,0.0267225479922156,0.014283038985197425,0.5422810876016027,0.029997268414434848
3-9-14-15,2.833333333333333,0.009261058714617193,0.0357394300561961,0.2643134176073622,0.0215453768015965,-0.005540592602561475,-0.5867258180197678,0.016888864015882844
4-10-11-12,2.833333333333333,0.006538658021562021,0.0245844895276268,0.2549157248262593,0.0121150262937389,0.0007593147382655252,-0.24473324473997127,0.36096602772904374
4-10-13-15,2.833333333333333,0.007956691643564438,0.0300750164651689,0.2555142305107413,0.012701879010828,-0.004675624861333125,-0.6500709536277967,0.006407991558831677
4-5-10-15,2.833333333333333,0.003858995287106995,0.0172808135069484,0.2516381287984433,0.0088092546706782,0.0017631667924943497,0.3163786744994749,0.23254371448846572
4-5-11-12,2.833333333333333,0.006315056642755766,0.023205766043996802,0.2550237835379263,0.0122167831710579,0.00063416293740305,-0.2247544022296516,0.4026615770669174
2-7-11-13,2.833333333333333,0.010685350313881051,0.0344129930944262,0.2542185754371796,0.0114175321790088,-0.0115206530119587,-0.8295493761933458,7.05125599714309e-05
4-7-9-12,2.833333333333333,0.006518243866059317,0.023379198677985498,0.25663025128372,0.0138037228852465,-0.001114767677631775,-0.27943714169352785,0.29457195943498754
4-7-9-14,2.833333333333333,0.003499566721443706,0.0114440273440328,0.2464044022461709,0.0035752527410889,-0.0016246169588837248,-0.2933505897510725,0.270155624198699
1-6-11-15,2.833333333333333,0.006767173287062307,0.0213387737251274,0.2519013679134211,0.0091230465529882,-0.0017437713122067252,-0.40017011441487055,0.12457525304645248
1-6-12-13,2.833333333333333,0.005841472810277872,0.0253688570401609,0.2563027149303543,0.0135087946859733,-2.787522676657721e-05,-0.07820644387788997,0.7734303665756503
1-6-14-15,2.833333333333333,0.005588508636635164,0.020811327659969098,0.2541941643813414,0.0114007258184233,0.0022710271187023,0.13452116457719904,0.6193976442524165
1-6-8-11,2.833333333333333,0.0034995667214437164,0.0114440273440331,0.2464044022461716,0.0035752527410889,-0.0016246169588829498,-0.29335058975098705,0.27015562419884526
1-6-8-12,2.833333333333333,0.00713638206317792,0.0287494474807042,0.254331810508369,0.0115481909689036,-0.0025894131499027747,-0.48151078978508915,0.05896472766327841
1-6-8-14,2.833333333333333,0.0034164568411040605,0.0113837981461298,0.2472671096690476,0.0044309689473685,-0.001453892276154,-0.1703742282929645,0.5281355770861365
6-7-9-12,2.833333333333333,0.0038589952871078774,0.0172808135069532,0.2516381287984481,0.008809254670683,0.0017631667924968247,0.316378674499591,0.23254371448828462
0-4-12-14,2.833333333333333,0.00992616234928102,0.0341069491015032,0.2606184215231827,0.0178621695013674,-0.0045123385418904755,-0.6404206737528628,0.007527320350834313
1-6-10-12,2.833333333333333,0.0026679819361961022,0.0093369203990808,0.2463317766838207,0.0035088692102331,-0.0010583260147492002,-0.20369963684160614,0.44923469615672484
1-6-11-13,2.833333333333333,0.0034995667214436006,0.0114440273440339,0.2464044022461724,0.0035752527410895,-0.0016246169588804002,-0.29335058975064976,0.2701556241994214
0-10-13-14,2.833333333333333,0.009617109586030738,0.037632618422651296,0.2695204938293017,0.0267225479922149,0.0142830389852004,0.5422810876016543,0.02999726841441605
2-7-9-15,2.833333333333333,0.009009203368834942,0.027408653465070702,0.255071798889174,0.0122615857166555,-0.007981016208711575,-0.8305357173361744,6.789374207880118e-05
2-8-10-12,2.833333333333333,0.004119687964921177,0.0136033757383951,0.2508305853279705,0.0080186769137821,0.001572901142715825,0.11321760180672412,0.6763263506064745
0-4-6-11,2.833333333333333,0.005588508636634556,0.0208113276599685,0.2541941643813423,0.0114007258184239,0.002271027118702125,0.13452116457714428,0.6193976442525608
0-4-6-14,2.833333333333333,0.004119687964921662,0.0136033757383953,0.2508305853279711,0.0080186769137819,0.001572901142716575,0.11321760180683609,0.6763263506061716
0-4-7-10,2.833333333333333,0.0058414728102771825,0.025368857040159398,0.2563027149303549,0.0135087946859736,-2.7875226766247503e-05,-0.07820644387793983,0.7734303665755098
1-5-7-15,2.833333333333333,0.006153306768614881,0.024436022354497502,0.2549150697461203,0.0121095559651234,-5.869250847567503e-05,-0.3597631475388852,0.17110148374392598
6-7-11-12,2.833333333333333,0.009617109586030263,0.0376326184226528,0.2695204938293037,0.0267225479922159,0.014283038985197775,0.5422810876016038,0.029997268414434446
1-5-10-15,2.833333333333333,0.0038589952871081815,0.017280813506954998,0.2516381287984492,0.0088092546706836,0.0017631667924956499,0.31637867449960183,0.23254371448826794
1-5-11-14,2.833333333333333,0.004113696916459743,0.0164025558776418,0.2522794785555663,0.0094511470277696,-0.0002531170094014501,0.06948741737182801,0.7981737217053335
1-5-12-14,2.833333333333333,0.00653865802156269,0.0245844895276249,0.2549157248262584,0.0121150262937385,0.0007593147382642248,-0.24473324473996974,0.36096602772904696
1-5-13-15,2.833333333333333,0.004507136811041814,0.0152702615379409,0.2530128431305823,0.0101926478288589,0.0027365195670313505,0.17578571507097226,0.5149130571211242
1-4-8-11,2.833333333333333,0.009174041083935144,0.0327529154116654,0.2548012977770401,0.0119854549794225,-0.0097703421026333,-0.7454989362293196,0.0009167155685269948
1-4-8-14,2.833333333333333,0.01068535031388152,0.0344129930944281,0.2542185754371789,0.0114175321790085,-0.011520653011960475,-0.8295493761933711,7.051255997136263e-05
0-4-9-11,2.833333333333333,0.005276654339115002,0.019646308041898,0.2531637749604881,0.0103674428008718,0.0015011411711457249,0.07419323910071601,0.7847953582220106
0-4-9-14,2.833333333333333,0.006767173287062381,0.0213387737251274,0.2519013679134214,0.0091230465529882,-0.0017437713122066753,-0.40017011441485745,0.12457525304646602
0-5-10-11,2.833333333333333,0.003858995287108091,0.017280813506956698,0.2516381287984505,0.0088092546706861,0.0017631667924979748,0.3163786744997255,0.2325437144880752
3-9-11-13,2.833333333333333,0.006153306768614958,0.0244360223544978,0.2549150697461197,0.0121095559651235,-5.8692508474775034e-05,-0.35976314753884947,0.17110148374397166
2-8-13-14,2.833333333333333,0.009174041083934208,0.0327529154116594,0.2548012977770385,0.0119854549794209,-0.009770342102632775,-0.7454989362293265,0.0009167155685268391
0-5-10-12,2.833333333333333,0.008202572964477616,0.0252773886798781,0.2543113081969554,0.0114982992369206,-0.0049399611085111,-0.7398080579214156,0.0010525430635624567
0-5-10-14,2.833333333333333,0.0038589952871078757,0.0172808135069526,0.2516381287984465,0.0088092546706814,0.001763166792495425,0.3163786744995667,0.23254371448832267
0-5-13-14,2.833333333333333,0.009504759582157744,0.0366323842842532,0.2552635610427883,0.0124568651442292,-0.01312418868361555,-0.7720011235547223,0.000458508515840581
1-4-7-11,2.833333333333333,0.00850094831526282,0.029180734417719296,0.251893435325218,0.0090896904884508,-0.0115833284073958,-0.8167787087877674,0.00011278341034987452
4-8-13-15,2.833333333333333,0.01297658787417561,0.0495260537225508,0.2644685210177461,0.021691741899415,-0.016451005757714347,-0.9229861970004458,3.508595581487387e-07
0-5-7-11,2.833333333333333,0.009504759582158037,0.0366323842842545,0.255263561042788,0.012456865144228,-0.013124188683617099,-0.7720011235547504,0.00045850851584022453
1-4-13-14,2.833333333333333,0.008500948315262918,0.029180734417716903,0.251893435325218,0.0090896904884509,-0.011583328407396875,-0.8167787087877909,0.00011278341034978065
3-4-10-11,2.833333333333333,0.006315056642755982,0.0232057660439972,0.2550237835379261,0.0122167831710584,0.0006341629374007,-0.22475440222983972,0.4026615770665136
3-7-9-14,2.833333333333333,0.007136382063177934,0.0287494474807045,0.2543318105083694,0.0115481909689043,-0.0025894131499026502,-0.4815107897850847,0.058964727663281105
3-4-5-11,2.833333333333333,0.0065386580215613,0.024584489527625902,0.2549157248262594,0.0121150262937386,0.0007593147382647999,-0.24473324474001035,0.3609660277289648
3-7-13-15,2.833333333333333,0.00992616234928149,0.0341069491015036,0.2606184215231832,0.0178621695013675,-0.0045123385418936995,-0.6404206737529492,0.007527320350823645
3-7-8-10,2.833333333333333,0.005276654339114863,0.019646308041897702,0.2531637749604863,0.0103674428008715,0.0015011411711460248,0.07419323910073995,0.7847953582219427
2-9-12-14,2.833333333333333,0.0065182438660592815,0.0233791986779847,0.2566302512837184,0.0138037228852448,-0.0011147676776300747,-0.27943714169336326,0.2945719594352835
2-9-13-15,2.833333333333333,0.006315056642756549,0.0232057660439973,0.2550237835379245,0.0122167831710565,0.0006341629374016248,-0.22475440222968715,0.40266157706684114
3-8-9-11,2.833333333333333,0.0045071368110424165,0.015270261537941799,0.2530128431305847,0.0101926478288613,0.0027365195670346746,0.1757857150711159,0.5149130571207747
6-11-12-13,2.833333333333333,0.0071363820631782145,0.028749447480706,0.2543318105083708,0.0115481909689057,-0.002589413149903575,-0.48151078978511286,0.05896472766326407
6-11-12-15,2.833333333333333,0.009261058714616834,0.0357394300561968,0.2643134176073641,0.0215453768015964,-0.005540592602562049,-0.5867258180198263,0.01688886401586922
0-5-8-11,2.833333333333333,0.006518243866058955,0.0233791986779857,0.2566302512837195,0.0138037228852461,-0.0011147676776296,-0.2794371416934238,0.29457195943517456
0-5-8-14,2.833333333333333,0.007956691643563968,0.030075016465169496,0.2555142305107419,0.0127018790108286,-0.004675624861330075,-0.6500709536277242,0.006407991558839543
1-4-10-14,2.833333333333333,0.004113696916459467,0.016402555877639,0.252279478555563,0.0094511470277669,-0.00025311700940084964,0.06948741737193245,0.7981737217050366
4-9-11-15,2.833333333333333,0.005588508636634477,0.0208113276599688,0.2541941643813425,0.0114007258184241,0.0022710271187012,0.13452116457708171,0.6193976442527257
4-9-12-15,2.833333333333333,0.010677077433932959,0.0388146372509571,0.2645846683747329,0.0217948597499533,-0.008227822102143225,-0.7757528200248824,0.00041267333619514395
4-9-14-15,2.833333333333333,0.006767173287062697,0.0213387737251287,0.2519013679134224,0.0091230465529892,-0.0017437713122064999,-0.4001701144148221,0.12457525304650244
1-3-6-15,2.833333333333333,0.010677077433932687,0.0388146372509586,0.264584668374733,0.0217948597499536,-0.008227822102139801,-0.7757528200247743,0.0004126733361964084
1-3-6-8,2.833333333333333,0.007956691643564504,0.030075016465169302,0.2555142305107423,0.0127018790108282,-0.004675624861329724,-0.6500709536276672,0.006407991558845749
1-3-7-14,2.833333333333333,0.008469777292632145,0.0374429371165231,0.2666999538086237,0.0239264335497269,-0.002489622067607175,-0.5249952264093511,0.03678761963655462
1-3-8-9,2.833333333333333,0.006153306768615212,0.0244360223544981,0.2549150697461206,0.0121095559651238,-5.869250847244996e-05,-0.3597631475387309,0.17110148374412296
1-3-9-13,2.833333333333333,0.004507136811042258,0.0152702615379406,0.2530128431305823,0.0101926478288585,0.002736519567034525,0.17578571507113516,0.5149130571207284
0-10-12-13,2.833333333333333,0.009261058714617023,0.0357394300561962,0.2643134176073639,0.0215453768015966,-0.005540592602560825,-0.5867258180197609,0.016888864015884505
3-6-9-13,2.833333333333333,0.003858995287107938,0.017280813506954,0.2516381287984475,0.0088092546706825,0.001763166792495625,0.3163786744996215,0.23254371448823713
3-6-9-15,2.833333333333333,0.00820257296447767,0.025277388679877902,0.2543113081969551,0.0114982992369205,-0.0049399611085099,-0.7398080579213733,0.001052543063563528
3-7-10-13,2.833333333333333,0.0067671732870623535,0.021338773725127602,0.251901367913422,0.0091230465529882,-0.0017437713122064999,-0.400170114414866,0.12457525304645736
3-10-13-15,2.833333333333333,0.010677077433932874,0.0388146372509584,0.2645846683747324,0.0217948597499535,-0.008227822102141475,-0.7757528200248158,0.00041267333619592316
3-11-13-14,2.833333333333333,0.012976587874176226,0.049526053722553004,0.2644685210177456,0.0216917418994144,-0.016451005757715277,-0.9229861970004418,3.508595581488625e-07
1-4-10-11,2.833333333333333,0.004113696916458881,0.0164025558776362,0.2522794785555594,0.0094511470277636,-0.00025311700940402505,0.06948741737155918,0.7981737217061003
1-4-10-12,2.833333333333333,0.00900920336883492,0.0274086534650709,0.2550717988891742,0.0122615857166555,-0.007981016208711,-0.8305357173361552,6.789374207885104e-05
0-6-10-13,2.833333333333333,0.0026679819361964305,0.0093369203990813,0.2463317766838217,0.0035088692102333,-0.001058326014747675,-0.20369963684145878,0.4492346961570603
1-3-5-14,2.833333333333333,0.006315056642756587,0.0232057660439966,0.2550237835379247,0.0122167831710564,0.0006341629374033001,-0.22475440222963866,0.4026615770669457
1-3-6-13,2.833333333333333,0.0065182438660594125,0.0233791986779847,0.2566302512837188,0.013803722885245,-0.0011147676776270998,-0.27943714169320916,0.29457195943556147
0-6-7-8,2.833333333333333,0.006538658021561675,0.024584489527626402,0.2549157248262589,0.0121150262937389,0.0007593147382675249,-0.2447332447398593,0.36096602772926994
0-6-8-13,2.833333333333333,0.009009203368834833,0.0274086534650705,0.2550717988891749,0.0122615857166554,-0.0079810162087095,-0.8305357173361054,6.789374207898104e-05
0-6-9-11,2.833333333333333,0.003463235402905968,0.0137062126564781,0.25029286615149,0.0074538552782579,0.00061365975963835,-0.027675933983412115,0.9189612722369053
0-6-9-12,2.833333333333333,0.008202572964477364,0.0252773886798777,0.2543113081969552,0.0114982992369203,-0.0049399611085082,-0.7398080579213411,0.0010525430635643408
0-1-7-10,2.833333333333333,0.007136382063178196,0.0287494474807056,0.2543318105083705,0.0115481909689055,-0.002589413149903825,-0.48151078978511164,0.05896472766326492
0-1-7-8,2.833333333333333,0.008469777292632399,0.0374429371165245,0.2666999538086244,0.0239264335497283,-0.0024896220676087,-0.5249952264093913,0.036787619636537594
0-1-9-11,2.833333333333333,0.004119687964921674,0.013603375738394301,0.2508305853279695,0.0080186769137815,0.0015729011427151498,0.1132176018066243,0.6763263506067465
0-1-9-14,2.833333333333333,0.005588508636635321,0.0208113276599685,0.254194164381341,0.0114007258184233,0.0022710271187029504,0.1345211645772221,0.6193976442523561
1-3-4-8,2.833333333333333,0.012976587874176456,0.049526053722556806,0.2644685210177467,0.021691741899415,-0.01645100575771415,-0.922986197000411,3.50859558149817e-07
5-10-12-15,2.833333333333333,0.008202572964477548,0.0252773886798765,0.2543113081969573,0.0114982992369227,-0.0049399611085115,-0.7398080579214145,0.0010525430635624912
5-11-12-14,2.833333333333333,0.009009203368834484,0.027408653465070397,0.2550717988891745,0.0122615857166558,-0.007981016208710374,-0.8305357173361549,6.789374207885165e-05
5-6-11-12,2.833333333333333,0.0026679819361954977,0.0093369203990797,0.2463317766838212,0.0035088692102331,-0.001058326014751025,-0.2036996368419834,0.4492346961558668
1-3-4-10,2.833333333333333,0.009009203368834632,0.0274086534650703,0.2550717988891748,0.0122615857166556,-0.0079810162087098,-0.8305357173361282,6.789374207892187e-05
1-2-7-13,2.833333333333333,0.009174041083933692,0.0327529154116596,0.2548012977770392,0.011985454979421,-0.009770342102633002,-0.7454989362293608,0.0009167155685260689
1-2-7-15,2.833333333333333,0.012976587874176245,0.0495260537225541,0.2644685210177464,0.0216917418994147,-0.0164510057577153,-0.9229861970004386,3.5085955814896524e-07
1-2-7-8,2.833333333333333,0.010685350313881091,0.0344129930944238,0.2542185754371803,0.0114175321790099,-0.011520653011959175,-0.8295493761933628,7.051255997138537e-05
1-2-8-13,2.833333333333333,0.008500948315262508,0.0291807344177177,0.2518934353252174,0.009089690488451,-0.011583328407395175,-0.8167787087877638,0.00011278341034988879
1-2-9-12,2.833333333333333,0.009504759582157431,0.036632384284251404,0.2552635610427881,0.0124568651442287,-0.01312418868361525,-0.7720011235547333,0.0004585085158404423
0-1-6-11,2.833333333333333,0.006767173287062592,0.0213387737251283,0.2519013679134217,0.009123046552989,-0.0017437713122063251,-0.40017011441483585,0.12457525304648817
0-1-6-12,2.833333333333333,0.009261058714617758,0.0357394300561975,0.2643134176073631,0.021545376801597,-0.00554059260256315,-0.5867258180197777,0.01688886401588055
0-1-6-14,2.833333333333333,0.0052766543391158105,0.019646308041899402,0.2531637749604855,0.0103674428008707,0.0015011411711504503,0.07419323910110337,0.784795358220912
3-4-6-8,2.833333333333333,0.009504759582157836,0.0366323842842528,0.2552635610427876,0.0124568651442282,-0.013124188683617,-0.7720011235547577,0.0004585085158401308
1-3-10-14,2.833333333333333,0.006538658021561771,0.0245844895276249,0.2549157248262587,0.0121150262937387,0.0007593147382674997,-0.24473324473982083,0.36096602772934805
1-3-11-15,2.833333333333333,0.009926162349281079,0.034106949101504,0.2606184215231837,0.0178621695013677,-0.004512338541891025,-0.6404206737528957,0.007527320350830258
1-2-5-15,2.833333333333333,0.009617109586031014,0.0376326184226547,0.2695204938293055,0.026722547992218,0.0142830389851986,0.5422810876016199,0.029997268414428645
1-2-6-12,2.833333333333333,0.009617109586030466,0.0376326184226514,0.2695204938293026,0.026722547992215,0.014283038985197874,0.5422810876016056,0.029997268414433783
0-6-9-14,2.833333333333333,0.003463235402906723,0.0137062126564797,0.2502928661514894,0.0074538552782572,0.000613659759637725,-0.027675933983353634,0.9189612722370755
0-7-10-11,2.833333333333333,0.009617109586030246,0.0376326184226536,0.2695204938293044,0.0267225479922167,0.014283038985198601,0.5422810876016108,0.029997268414431878
5-8-11-15,2.833333333333333,0.00584147281027699,0.025368857040159398,0.2563027149303549,0.0135087946859735,-2.7875226768220643e-05,-0.07820644387807045,0.7734303665751404
5-8-12-15,2.833333333333333,0.009261058714616955,0.035739430056197,0.2643134176073632,0.0215453768015968,-0.00554059260256255,-0.5867258180198283,0.016888864015868744
1-2-4-11,2.833333333333333,0.010685350313881311,0.0344129930944259,0.2542185754371801,0.01141753217901,-0.0115206530119607,-0.8295493761933906,7.051255997130994e-05
1-2-4-12,2.833333333333333,0.012976587874176344,0.0495260537225552,0.2644685210177463,0.0216917418994149,-0.016451005757713823,-0.9229861970004113,3.508595581498036e-07
1-2-4-14,2.833333333333333,0.009174041083934117,0.0327529154116611,0.2548012977770384,0.0119854549794211,-0.009770342102632976,-0.7454989362293454,0.0009167155685264142
5-8-14-15,2.833333333333333,0.007136382063178035,0.0287494474807055,0.2543318105083703,0.0115481909689055,-0.0025894131499044747,-0.4815107897851598,0.05896472766323593
3-5-8-10,2.833333333333333,0.0034632354029058236,0.013706212656478,0.25029286615149,0.0074538552782578,0.0006136597596391,-0.027675933983325053,0.9189612722371594
3-6-8-11,2.833333333333333,0.006518243866059034,0.0233791986779853,0.2566302512837197,0.0138037228852458,-0.0011147676776307749,-0.2794371416934778,0.2945719594350774
3-6-8-9,2.833333333333333,0.003858995287107762,0.0172808135069547,0.251638128798449,0.0088092546706844,0.00176316679249665,0.31637867449966794,0.23254371448816497
3-4-7-9,2.833333333333333,0.0058414728102770055,0.0253688570401597,0.2563027149303549,0.0135087946859736,-2.7875226766985953e-05,-0.07820644387801685,0.7734303665752922
3-4-8-9,2.833333333333333,0.009617109586030181,0.0376326184226529,0.2695204938293021,0.0267225479922158,0.01428303898519695,0.5422810876015778,0.02999726841444388
3-4-9-10,2.833333333333333,0.0026679819361957024,0.0093369203990799,0.2463317766838211,0.0035088692102332,-0.00105832601475175,-0.20369963684216114,0.449234696155463
3-5-9-14,2.833333333333333,0.002667981936196372,0.0093369203990813,0.2463317766838211,0.0035088692102333,-0.0010583260147487249,-0.20369963684157355,0.449234696156799
3-6-11-13,2.833333333333333,0.007956691643564032,0.0300750164651694,0.2555142305107432,0.0127018790108286,-0.004675624861331675,-0.6500709536277736,0.00640799155883419
0-7-8-9,2.833333333333333,0.006315056642755608,0.0232057660439972,0.2550237835379265,0.0122167831710584,0.0006341629374039999,-0.2247544022296392,0.40266157706694417
0-7-9-10,2.833333333333333,0.002667981936195732,0.0093369203990801,0.2463317766838219,0.0035088692102334,-0.001058326014748225,-0.20369963684168998,0.44923469615653444
0-8-10-11,2.833333333333333,0.004507136811043087,0.0152702615379448,0.253012843130588,0.010192647828864,0.002736519567036175,0.17578571507115626,0.5149130571206766
5-7-8-12,2.833333333333333,0.0052766543391152745,0.0196463080418987,0.253163774960488,0.0103674428008725,0.0015011411711457,0.07419323910071085,0.7847953582220256
5-7-8-14,2.833333333333333,0.0034164568411039578,0.0113837981461322,0.2472671096690492,0.0044309689473707,-0.0014538922761554499,-0.17037422829327548,0.5281355770853731
5-6-8-15,2.833333333333333,0.0026679819361957965,0.009336920399079799,0.2463317766838216,0.0035088692102332,-0.00105832601474825,-0.20369963684172748,0.4492346961564493
0-8-10-14,2.833333333333333,0.006153306768615017,0.0244360223544985,0.2549150697461203,0.0121095559651239,-5.86925084755253e-05,-0.35976314753893907,0.17110148374385703
0-8-13-14,2.833333333333333,0.012976587874175835,0.0495260537225506,0.2644685210177463,0.0216917418994145,-0.016451005757712328,-0.922986197000403,3.508595581500647e-07
1-2-10-15,2.833333333333333,0.009504759582157423,0.0366323842842514,0.2552635610427883,0.012456865144229,-0.013124188683615399,-0.7720011235547242,0.00045850851584055847
1-2-11-14,2.833333333333333,0.008500948315262699,0.0291807344177171,0.2518934353252173,0.0090896904884511,-0.011583328407395623,-0.8167787087877689,0.00011278341034986836
3-6-13-14,2.833333333333333,0.009504759582157768,0.0366323842842525,0.2552635610427891,0.0124568651442292,-0.01312418868361615,-0.7720011235547317,0.00045850851584046235
3-5-10-13,2.833333333333333,0.003463235402906566,0.013706212656478301,0.2502928661514881,0.0074538552782557,0.0006136597596366251,-0.027675933983470513,0.9189612722367354
3-5-10-15,2.833333333333333,0.008202572964477595,0.0252773886798775,0.2543113081969555,0.0114982992369203,-0.00493996110851045,-0.7398080579213921,0.0010525430635630515
3-5-11-14,2.833333333333333,0.009009203368834881,0.027408653465071098,0.2550717988891749,0.0122615857166558,-0.0079810162087104,-0.8305357173361407,6.789374207888878e-05
3-5-7-13,2.833333333333333,0.004119687964921623,0.013603375738395498,0.250830585327971,0.0080186769137821,0.0015729011427161,0.11321760180676929,0.6763263506063522
3-5-7-8,2.833333333333333,0.00558850863663468,0.020811327659968397,0.2541941643813422,0.011400725818424,0.0022710271187019997,0.13452116457712116,0.6193976442526212
0-9-12-14,2.833333333333333,0.010677077433932985,0.0388146372509586,0.2645846683747322,0.0217948597499538,-0.008227822102140826,-0.7757528200248135,0.0004126733361959489
5-7-10-12,2.833333333333333,0.00346323540290578,0.013706212656475,0.2502928661514863,0.007453855278255,0.0006136597596371502,-0.02767593398352694,0.9189612722365709
0-1-7-11,3.0,0.009951956628081677,0.0339944073845703,0.2539861003490153,0.0112234061123286,-0.00880568597015205,-0.6393872472957645,0.007655836539976328
0-1-3-13,3.0,0.007516273778950125,0.0309244040959051,0.2644270016537343,0.0216509808940062,-0.001711411404970025,-0.4360334174173087,0.09133913302750575
3-5-8-11,3.0,0.0042135450461919174,0.0163303891109228,0.2514705303063365,0.0086408686549777,0.00038262198129047486,-0.09248258057678259,0.7333643912743882
0-1-10-11,3.0,0.004110644452155232,0.0156280746936584,0.2499847268734733,0.0071919823870369,0.0044485888550973,0.40267416311706555,0.12201644689471106
0-1-10-12,3.0,0.007589849420783357,0.028474539021519397,0.2582645829345386,0.0154830982963521,-0.003046470560607925,-0.5277068578698814,0.03565219483583021
0-1-8-11,3.0,0.006073166972041753,0.026136506910576198,0.2612081897738177,0.0184118196549645,0.001701781778818175,-0.14348742830058342,0.5960086972488683
0-2-3-14,3.0,0.007516273778950061,0.0309244040959053,0.2644270016537349,0.0216509808940063,-0.001711411404969575,-0.4360334174172968,0.09133913302751567
7-8-11-12,3.0,0.008956476539134362,0.0338295521518113,0.2522861674967769,0.0095103869803583,-0.00691555568962805,-0.394464417269227,0.13054387516268628
7-8-12-14,3.0,0.0074448375455924915,0.0302050775363564,0.2610911233681332,0.0183100672344416,0.00022906274008420045,-0.3206593971947612,0.22593656941561535
7-8-13-15,3.0,0.009401250079747072,0.0321487954525152,0.2606956620182499,0.0178997071552958,-0.006176647718222375,-0.7487669041610406,0.0008454460748804226
3-5-9-15,3.0,0.004479557873548247,0.0144104735287175,0.2489178888415715,0.006099986384327,-8.40974872177503e-06,-0.316236043884473,0.2327659315591864
3-4-5-13,3.0,0.00517039982395694,0.0199342093383057,0.2517908646489942,0.0089804712438024,-0.00014114017663680002,-0.3419217712435747,0.1948942200666315
1-3-5-15,3.0,0.007607076761719335,0.029146155429064798,0.2597242157335052,0.0169316663653738,-0.00190565930734965,-0.479789362873482,0.060008535789962306
1-2-14-15,3.0,0.008956476539134861,0.0338295521518132,0.2522861674967778,0.0095103869803587,-0.006915555689628551,-0.39446441726921366,0.1305438751627005
1-2-8-11,3.0,0.0075232170394025815,0.0241467921400225,0.2489178888415763,0.006099986384333,-0.00801160685357405,-0.7514764879580964,0.0007898579518411371
1-2-8-12,3.0,0.009951956628081076,0.033994407384568,0.2539861003490152,0.0112234061123287,-0.008805685970152601,-0.6393872472958235,0.007655836539968932
1-2-8-14,3.0,0.006478860575231804,0.022956525537323698,0.249214718343063,0.0063943165897025,-0.00782543129761485,-0.7327464470706566,0.0012435351660710482
4-8-14-15,3.0,0.009951956628081434,0.0339944073845695,0.253986100349015,0.0112234061123289,-0.008805685970151874,-0.6393872472957833,0.007655836539973958
1-5-11-15,3.0,0.004110644452156517,0.0156280746936673,0.249984726873482,0.0071919823870454,0.00444858885510035,0.4026741631171856,0.12201644689458928
1-3-7-13,3.0,0.006073166972041506,0.0261365069105747,0.2612081897738172,0.018411819654963,0.0017017817788198,-0.14348742830048652,0.5960086972491192
1-3-7-8,3.0,0.0074448375455925505,0.0302050775363554,0.2610911233681331,0.0183100672344408,0.0002290627400849749,-0.32065939719469505,0.22593656941571644
1-3-8-10,3.0,0.004762393701414565,0.0162665734138356,0.251470035144659,0.0086382556366494,-0.001711771072129175,-0.5360947979689119,0.032307283681926126
1-3-9-14,3.0,0.003961523046254063,0.016732284651886,0.2525529937704651,0.0097217137203258,-0.00038309667788709995,-0.04907860019224097,0.8567621190380934
0-2-7-8,3.0,0.009401250079746808,0.0321487954525152,0.2606956620182503,0.0178997071552957,-0.0061766477182201,-0.7487669041609688,0.0008454460748819353
0-2-8-13,3.0,0.009401250079746674,0.032148795452513396,0.2606956620182485,0.0178997071552942,-0.006176647718219475,-0.7487669041609546,0.0008454460748822347
7-11-12-13,3.0,0.00995195662808176,0.033994407384571004,0.2539861003490153,0.0112234061123288,-0.0088056859701521,-0.6393872472957658,0.007655836539976156
3-4-6-14,3.0,0.005279866716820421,0.0169623475987693,0.2520932670304198,0.0092637341709894,-0.0036777126767720556,-0.5264644379122363,0.036169087602517025
0-2-4-11,3.0,0.00744483754559245,0.030205077536355804,0.2610911233681325,0.0183100672344411,0.0002290627400834002,-0.3206593971947999,0.2259365694155558
0-2-4-14,3.0,0.006073166972041252,0.0261365069105746,0.2612081897738162,0.0184118196549629,0.0017017817788176999,-0.14348742830063435,0.5960086972487363
0-2-6-12,3.0,0.007607076761719002,0.0291461554290652,0.2597242157335058,0.0169316663653739,-0.0019056593073476249,-0.479789362873413,0.06000853579000443
1-5-7-12,3.0,0.005170399823957646,0.019934209338309,0.2517908646489936,0.008980471243803,-0.00014114017663514997,-0.341921771243367,0.19489422006692017
1-6-12-14,3.0,0.003961523046254261,0.0167322846518866,0.2525529937704653,0.0097217137203261,-0.00038309667788774993,-0.04907860019228816,0.8567621190379573
1-6-13-15,3.0,0.0042135450461917925,0.0163303891109247,0.2514705303063351,0.0086408686549764,0.00038262198129382493,-0.09248258057636344,0.7333643912755553
4-7-9-15,3.0,0.00421354504619164,0.016330389110924298,0.251470530306337,0.0086408686549787,0.000382621981289475,-0.09248258057687425,0.733364391274133
4-8-11-15,3.0,0.008956476539134535,0.0338295521518129,0.252286167496777,0.0095103869803585,-0.006915555689628025,-0.39446441726921966,0.13054387516269378
1-7-11-13,3.0,0.007523217039402529,0.024146792140021,0.2489178888415757,0.0060999863843315,-0.008011606853572975,-0.7514764879580422,0.0007898579518422175
1-4-12-14,3.0,0.009401250079747238,0.0321487954525145,0.2606956620182484,0.0178997071552946,-0.006176647718221674,-0.7487669041610061,0.0008454460748811479
1-4-5-15,3.0,0.01237418960840249,0.0379928438405602,0.2510109151669589,0.0081896711062336,-0.01907460157708095,-0.8154687414557292,0.00011811140466942389
1-4-7-13,3.0,0.005923837571071626,0.0212897368210962,0.2543984742725186,0.0115730937875401,-0.0042083220514405,-0.6693791601671752,0.004566565711633213
5-11-12-15,3.0,0.007589849420782593,0.0284745390215198,0.2582645829345378,0.0154830982963519,-0.003046470560607625,-0.52770685786997,0.03565219483579358
0-3-5-11,3.0,0.008806341998438338,0.027672822492947002,0.2551715831807931,0.0123743769269249,-0.005729121512530325,-0.7696206251172799,0.0004897090304948844
0-2-9-11,3.0,0.004762393701414734,0.0162665734138359,0.2514700351446594,0.0086382556366496,-0.0017117710721288502,-0.5360947979688785,0.03230728368193899
0-2-9-12,3.0,0.008806341998438322,0.027672822492948,0.2551715831807941,0.0123743769269257,-0.0057291215125278,-0.769620625117192,0.0004897090304960683
0-2-9-14,3.0,0.004213545046191563,0.0163303891109247,0.2514705303063348,0.0086408686549767,0.0003826219812959751,-0.09248258057619485,0.7333643912760259
0-3-10-11,3.0,0.007607076761719156,0.0291461554290638,0.2597242157335059,0.0169316663653745,-0.00190565930735125,-0.47978936287362206,0.06000853578987679
3-7-13-14,3.0,0.009951956628080993,0.0339944073845683,0.253986100349016,0.0112234061123288,-0.00880568597015335,-0.6393872472958493,0.00765583653996571
3-7-8-9,3.0,0.004361192106660521,0.014955921863264998,0.252787889966271,0.0099958486251548,0.005455593898269813,0.6723516007563386,0.004325417649387874
3-7-9-13,3.0,0.00411064445215628,0.0156280746936648,0.2499847268734793,0.0071919823870432,0.00444858885510025,0.402674163117211,0.12201644689456351
3-8-11-15,3.0,0.007516273778950158,0.030924404095905998,0.2644270016537354,0.0216509808940072,-0.00171141140497225,-0.43603341741739915,0.09133913302743107
0-3-7-9,3.0,0.007589849420782296,0.02847453902152,0.2582645829345383,0.015483098296352,-0.003046470560605975,-0.5277068578699318,0.03565219483580938
6-8-12-15,3.0,0.007589849420782611,0.0284745390215201,0.2582645829345392,0.0154830982963522,-0.003046470560606675,-0.5277068578699198,0.03565219483581433
1-3-10-15,3.0,0.008806341998438565,0.027672822492947502,0.2551715831807939,0.0123743769269253,-0.005729121512530375,-0.7696206251172469,0.0004897090304953269
1-3-11-14,3.0,0.00940125007974659,0.0321487954525135,0.2606956620182481,0.0178997071552941,-0.006176647718219225,-0.7487669041609518,0.0008454460748822958
1-11-13-15,3.0,0.006073166972041646,0.0261365069105749,0.2612081897738166,0.0184118196549632,0.0017017817788179503,-0.14348742830061093,0.5960086972487975
1-12-13-15,3.0,0.007516273778950307,0.030924404095905196,0.2644270016537343,0.0216509808940061,-0.0017114114049714751,-0.43603341741736157,0.09133913302746205
1-7-9-15,3.0,0.004762393701414444,0.0162665734138357,0.2514700351446607,0.0086382556366501,-0.001711771072133525,-0.5360947979692255,0.032307283681805646
1-8-11-13,3.0,0.005923837571071621,0.021289736821098,0.2543984742725189,0.0115730937875406,-0.004208322051440901,-0.6693791601672006,0.004566565711631112
4-7-11-13,3.0,0.006478860575232776,0.0229565255373254,0.2492147183430657,0.0063943165897043,-0.00782543129761685,-0.7327464470706898,0.0012435351660700868
1-5-14-15,3.0,0.004361192106660662,0.0149559218632624,0.2527878899662676,0.0099958486251507,0.00545559389826961,0.6723516007563676,0.004325417649385567
0-3-4-10,3.0,0.007589849420782518,0.0284745390215196,0.2582645829345386,0.0154830982963519,-0.0030464705606074996,-0.5277068578699731,0.03565219483579228
0-4-10-14,3.0,0.004110644452156512,0.0156280746936643,0.2499847268734791,0.0071919823870426,0.0044485888551028495,0.4026741631174404,0.12201644689433093
6-7-12-13,3.0,0.004110644452155707,0.0156280746936633,0.2499847268734776,0.0071919823870416,0.004448588855098424,0.40267416311711574,0.12201644689466021
6-7-12-15,3.0,0.007607076761719263,0.0291461554290636,0.2597242157335057,0.0169316663653741,-0.00190565930735325,-0.4797893628736573,0.060008535789855225
6-7-8-12,3.0,0.0043611921066603315,0.0149559218632624,0.2527878899662691,0.0099958486251523,0.0054555938982713045,0.6723516007565344,0.004325417649372332
0-3-6-8,3.0,0.008806341998438156,0.027672822492947002,0.2551715831807936,0.0123743769269248,-0.005729121512529025,-0.7696206251172444,0.000489709030495363
4-7-14-15,3.0,0.006073166972041748,0.0261365069105761,0.2612081897738181,0.0184118196549649,0.0017017817788169748,-0.14348742830066347,0.5960086972486607
4-7-8-14,3.0,0.006478860575232383,0.022956525537324697,0.2492147183430659,0.0063943165897046,-0.007825431297615924,-0.7327464470706735,0.0012435351660705601
1-8-9-15,3.0,0.005170399823957166,0.0199342093383065,0.2517908646489938,0.0089804712438028,-0.000141140176635825,-0.34192177124348366,0.19489422006675805
4-6-8-15,3.0,0.0074279916626577725,0.028381781856251398,0.2497614633130794,0.0069349492991081,-0.010101166908080649,-0.7277593367427334,0.0013947600507139219
4-7-10-12,3.0,0.004213545046191615,0.0163303891109247,0.251470530306338,0.008640868654979,0.00038262198128972513,-0.09248258057684963,0.7333643912742016
1-7-13-14,3.0,0.006478860575231781,0.0229565255373222,0.2492147183430648,0.0063943165897025,-0.007825431297614226,-0.732746447070623,0.0012435351660720244
1-7-14-15,3.0,0.0074448375455927005,0.0302050775363546,0.2610911233681318,0.0183100672344397,0.00022906274008472512,-0.320659397194702,0.22593656941570556
1-7-8-11,3.0,0.006478860575232371,0.0229565255373258,0.2492147183430653,0.0063943165897041,-0.007825431297616401,-0.7327464470706885,0.0012435351660701238
1-2-9-15,3.0,0.007427991662658123,0.0283817818562567,0.2497614633130824,0.0069349492991108,-0.0101011669080819,-0.7277593367427356,0.0013947600507138523
1-3-10-13,3.0,0.004213545046191665,0.016330389110925,0.2514705303063357,0.0086408686549768,0.000382621981295675,-0.09248258057621533,0.7333643912759682
0-4-7-12,3.0,0.007516273778950394,0.030924404095907097,0.2644270016537368,0.0216509808940078,-0.001711411404971625,-0.43603341741736396,0.0913391330274602
0-3-8-9,3.0,0.007607076761718727,0.029146155429063302,0.2597242157335058,0.0169316663653743,-0.0019056593073521998,-0.47978936287363694,0.060008535789867715
0-3-9-10,3.0,0.004479557873547914,0.0144104735287172,0.2489178888415729,0.0060999863843283,-8.409748725099844e-06,-0.316236043884786,0.2327659315586984
0-4-10-11,3.0,0.004361192106659791,0.0149559218632586,0.2527878899662643,0.0099958486251483,0.005455593898270741,0.6723516007565585,0.004325417649370408
3-8-10-14,3.0,0.005170399823957274,0.0199342093383077,0.2517908646489926,0.0089804712438026,-0.00014114017663602497,-0.34192177124342144,0.19489422006684434
3-9-13-15,3.0,0.007607076761719359,0.0291461554290654,0.2597242157335051,0.0169316663653739,-0.001905659307351875,-0.47978936287362034,0.060008535789877894
4-10-12-15,3.0,0.008806341998438674,0.0276728224929471,0.2551715831807937,0.0123743769269252,-0.005729121512531775,-0.7696206251173143,0.000489709030494421
2-8-12-14,3.0,0.00607316697204164,0.0261365069105753,0.2612081897738157,0.0184118196549632,0.0017017817788171502,-0.14348742830066052,0.5960086972486683
1-2-11-13,3.0,0.00647886057523162,0.0229565255373229,0.2492147183430636,0.0063943165897027,-0.007825431297614401,-0.732746447070646,0.0012435351660713568
1-2-11-15,3.0,0.00995195662808088,0.0339944073845667,0.2539861003490147,0.0112234061123286,-0.00880568597015325,-0.6393872472958596,0.007655836539964422
1-2-12-13,3.0,0.00895647653913461,0.0338295521518142,0.2522861674967772,0.0095103869803587,-0.006915555689628998,-0.3944644172692476,0.1305438751626644
0-9-11-13,3.0,0.005170399823957526,0.0199342093383077,0.2517908646489927,0.0089804712438025,-0.00014114017663437503,-0.3419217712433494,0.1948942200669448
2-12-14-15,3.0,0.007516273778950102,0.0309244040959049,0.2644270016537344,0.021650980894006,-0.00171141140497055,-0.43603341741734625,0.09133913302747496
2-3-11-13,3.0,0.007444837545592675,0.030205077536355,0.2610911233681315,0.0183100672344399,0.00022906274008482473,-0.32065939719469944,0.22593656941570958
2-3-13-14,3.0,0.008956476539135415,0.0338295521518165,0.2522861674967779,0.0095103869803584,-0.006915555689628601,-0.3944644172691925,0.13054387516272287
4-7-12-13,3.0,0.006073166972041735,0.0261365069105766,0.2612081897738186,0.0184118196549654,0.001701781778817025,-0.14348742830065664,0.5960086972486787
4-7-13-14,3.0,0.007523217039402297,0.0241467921400231,0.2489178888415772,0.006099986384333,-0.00801160685357525,-0.7514764879581604,0.0007898579518398613
3-8-9-13,3.0,0.012374189608400568,0.0379928438405539,0.2510109151669586,0.0081896711062325,-0.01907460157707735,-0.8154687414557071,0.00011811140466951585
2-7-13-15,3.0,0.009401250079747039,0.0321487954525142,0.2606956620182485,0.0178997071552945,-0.006176647718221225,-0.7487669041610014,0.000845446074881247
0-5-7-13,3.0,0.005279866716820266,0.016962347598767198,0.2520932670304197,0.0092637341709895,-0.003677712676770946,-0.5264644379121726,0.03616908760254367
0-6-10-12,3.0,0.0044795578735482185,0.0144104735287174,0.2489178888415715,0.0060999863843269,-8.409748720599971e-06,-0.316236043884367,0.23276593155935146
0-4-13-14,3.0,0.00995195662808071,0.0339944073845655,0.2539861003490157,0.0112234061123288,-0.008805685970151175,-0.6393872472957886,0.007655836539973323
5-7-12-14,3.0,0.00476239370141452,0.0162665734138353,0.2514700351446588,0.0086382556366493,-0.0017117710721322498,-0.5360947979691313,0.032307283681841895
0-7-8-10,3.0,0.003961523046253423,0.0167322846518877,0.2525529937704652,0.0097217137203263,-0.00038309667788649995,-0.04907860019227281,0.8567621190380021
0-7-9-11,3.0,0.007427991662657979,0.028381781856252,0.2497614633130797,0.0069349492991081,-0.010101166908080274,-0.7277593367427104,0.001394760050714657
4-6-11-12,3.0,0.003961523046253735,0.0167322846518877,0.2525529937704651,0.0097217137203263,-0.00038309667788895003,-0.049078600192476604,0.8567621190374122
2-3-8-11,3.0,0.006073166972041705,0.026136506910576198,0.2612081897738172,0.0184118196549645,0.0017017817788173252,-0.14348742830064715,0.5960086972487035
1-9-11-12,3.0,0.0052798667168205155,0.0169623475987681,0.2520932670304204,0.0092637341709899,-0.003677712676771726,-0.5264644379122074,0.03616908760252911
2-10-11-12,3.0,0.005170399823957142,0.0199342093383067,0.2517908646489935,0.0089804712438031,-0.0001411401766375751,-0.34192177124365186,0.19489422006652427
1-2-10-12,3.0,0.007427991662657803,0.0283817818562562,0.2497614633130828,0.0069349492991108,-0.0101011669080824,-0.7277593367427553,0.0013947600507132325
0-4-7-11,3.0,0.008956476539134606,0.0338295521518132,0.2522861674967784,0.0095103869803584,-0.0069155556896278,-0.3944644172692,0.13054387516271476
2-8-10-15,3.0,0.005279866716820559,0.016962347598765998,0.2520932670304191,0.0092637341709898,-0.00367771267677207,-0.526464437912194,0.03616908760253478
2-8-11-14,3.0,0.00592383757107147,0.021289736821098297,0.2543984742725177,0.0115730937875402,-0.00420832205144075,-0.6693791601671966,0.004566565711631444
2-5-13-15,3.0,0.003961523046254309,0.0167322846518863,0.2525529937704647,0.0097217137203259,-0.00038309667788935,-0.04907860019240105,0.8567621190376307
2-6-12-13,3.0,0.004361192106660692,0.0149559218632631,0.2527878899662677,0.0099958486251515,0.005455593898270766,0.6723516007564715,0.0043254176493773165
2-6-7-12,3.0,0.012374189608399875,0.0379928438405543,0.2510109151669593,0.0081896711062343,-0.019074601577075252,-0.8154687414556888,0.00011811140466959146
0-6-7-14,3.0,0.005170399823957272,0.0199342093383063,0.2517908646489935,0.0089804712438026,-0.00014114017663489995,-0.3419217712434274,0.1948942200668361
0-6-8-11,3.0,0.004213545046191949,0.0163303891109225,0.2514705303063373,0.0086408686549777,0.00038262198129269986,-0.09248258057659046,0.7333643912749228
5-7-8-15,3.0,0.003961523046253801,0.016732284651887,0.2525529937704647,0.0097217137203259,-0.00038309667788937504,-0.0490786001924747,0.8567621190374173
0-8-11-12,3.0,0.007516273778950225,0.0309244040959067,0.2644270016537364,0.0216509808940078,-0.0017114114049707999,-0.43603341741733836,0.09133913302748137
2-4-12-13,3.0,0.00744483754559266,0.0302050775363546,0.2610911233681309,0.0183100672344397,0.0002290627400851502,-0.32065939719468395,0.22593656941573348
2-4-13-14,3.0,0.006478860575231614,0.022956525537321297,0.2492147183430637,0.0063943165897024,-0.007825431297614125,-0.7327464470706236,0.0012435351660719995
4-6-13-15,3.0,0.004762393701414528,0.0162665734138351,0.2514700351446596,0.0086382556366493,-0.0017117710721331503,-0.5360947979691928,0.032307283681818275
2-3-4-8,3.0,0.009951956628081737,0.0339944073845701,0.2539861003490151,0.0112234061123289,-0.008805685970151775,-0.6393872472957614,0.007655836539976718
5-7-11-12,3.0,0.007427991662657772,0.0283817818562529,0.249761463313079,0.0069349492991078,-0.010101166908081573,-0.7277593367427567,0.0013947600507131883
0-6-8-14,3.0,0.004762393701414961,0.0162665734138357,0.2514700351446611,0.0086382556366502,-0.0017117710721305751,-0.5360947979689765,0.032307283681901305
0-5-12-14,3.0,0.008806341998438367,0.027672822492947398,0.2551715831807928,0.0123743769269251,-0.005729121512528624,-0.7696206251172063,0.0004897090304958775
2-6-8-12,3.0,0.0041106444521557895,0.0156280746936603,0.2499847268734762,0.0071919823870386,0.004448588855100225,0.40267416311728504,0.12201644689448865
4-11-12-14,3.0,0.009401250079747047,0.032148795452515,0.2606956620182495,0.0178997071552957,-0.006176647718221601,-0.7487669041610134,0.0008454460748809935
4-11-13-15,3.0,0.0074448375455923735,0.030205077536355998,0.2610911233681324,0.0183100672344412,0.00022906274008377487,-0.3206593971947844,0.22593656941557963
2-4-6-15,3.0,0.0051703998239577475,0.0199342093383084,0.2517908646489934,0.0089804712438027,-0.0001411401766341499,-0.34192177124337847,0.1948942200669045
2-4-7-14,3.0,0.005923837571071592,0.021289736821096,0.2543984742725182,0.0115730937875403,-0.00420832205144025,-0.6693791601671679,0.004566565711633818
2-4-8-11,3.0,0.006478860575232366,0.0229565255373263,0.2492147183430652,0.0063943165897044,-0.007825431297616573,-0.7327464470707012,0.0012435351660697574
0-6-12-13,3.0,0.007589849420782837,0.0284745390215198,0.2582645829345392,0.0154830982963523,-0.0030464705606059747,-0.5277068578698614,0.0356521948358385
0-6-13-14,3.0,0.00742799166265805,0.0283817818562564,0.2497614633130829,0.0069349492991109,-0.010101166908080099,-0.727759336742681,0.0013947600507155863
2-4-8-14,3.0,0.007523217039402189,0.024146792140019302,0.2489178888415742,0.0060999863843313,-0.008011606853572975,-0.7514764879580613,0.0007898579518418365
4-5-11-15,3.0,0.004361192106659846,0.0149559218632587,0.2527878899662651,0.0099958486251489,0.00545559389827013,0.6723516007565072,0.004325417649374496
4-5-12-15,3.0,0.00760707676171893,0.029146155429063604,0.2597242157335059,0.0169316663653743,-0.001905659307351,-0.4797893628735552,0.060008535789917564
4-5-14-15,3.0,0.004110644452155604,0.0156280746936612,0.2499847268734759,0.0071919823870394,0.0044485888550985,0.40267416311712995,0.12201644689464569
2-5-12-14,3.0,0.004213545046191661,0.0163303891109245,0.2514705303063348,0.0086408686549764,0.00038262198129419974,-0.09248258057634279,0.733364391275613
2-3-8-9,3.0,0.004110644452156212,0.0156280746936663,0.2499847268734815,0.0071919823870447,0.004448588855098075,0.4026741631170118,0.12201644689476557
2-3-9-13,3.0,0.004361192106660869,0.014955921863261,0.2527878899662657,0.0099958486251497,0.005455593898271455,0.6723516007565198,0.004325417649373493
2-3-9-15,3.0,0.007589849420783216,0.028474539021519397,0.2582645829345391,0.0154830982963521,-0.0030464705606074497,-0.5277068578698834,0.035652194835829404
2-4-10-12,3.0,0.004762393701414551,0.016266573413836,0.2514700351446607,0.0086382556366503,-0.001711771072132175,-0.5360947979691275,0.032307283681843324
0-1-8-14,3.0,0.007444837545592649,0.0302050775363545,0.2610911233681313,0.0183100672344396,0.00022906274008622498,-0.32065939719462155,0.22593656941582863
0-1-10-14,3.0,0.004361192106660853,0.0149559218632622,0.2527878899662661,0.0099958486251504,0.005455593898270829,0.6723516007564575,0.004325417649378445
0-1-13-14,3.0,0.008956476539135285,0.0338295521518163,0.2522861674967773,0.0095103869803585,-0.00691555568962925,-0.3944644172692297,0.13054387516268326
3-4-7-15,3.0,0.007516273778950597,0.0309244040959075,0.2644270016537354,0.0216509808940078,-0.0017114114049733248,-0.4360334174174466,0.09133913302739188
3-4-7-8,3.0,0.008956476539134528,0.033829552151813,0.2522861674967773,0.0095103869803584,-0.006915555689628625,-0.3944644172692412,0.13054387516267119
3-4-8-10,3.0,0.007427991662657727,0.0283817818562524,0.2497614633130798,0.0069349492991083,-0.010101166908082151,-0.7277593367427789,0.0013947600507124842
0-2-10-13,3.0,0.003961523046253934,0.0167322846518859,0.2525529937704657,0.0097217137203256,-0.00038309667788674997,-0.04907860019220646,0.8567621190381929
7-9-12-15,3.0,0.008806341998438418,0.0276728224929468,0.255171583180794,0.0123743769269249,-0.00572912151252985,-0.7696206251172647,0.0004897090304950876
3-6-13-15,3.0,0.008806341998438678,0.0276728224929474,0.2551715831807933,0.0123743769269249,-0.005729121512530201,-0.7696206251172433,0.0004897090304953778
3-4-9-11,3.0,0.00396152304625359,0.0167322846518878,0.2525529937704649,0.0097217137203264,-0.00038309667788927497,-0.04907860019249429,0.8567621190373611
5-6-12-15,3.0,0.004479557873548017,0.0144104735287169,0.2489178888415731,0.0060999863843282,-8.409748725949858e-06,-0.316236043884805,0.23276593155866873
1-3-4-11,3.0,0.009401250079747236,0.0321487954525157,0.2606956620182499,0.017899707155296,-0.006176647718222751,-0.7487669041610461,0.0008454460748803053
0-10-11-14,3.0,0.01237418960840145,0.0379928438405622,0.2510109151669636,0.0081896711062381,-0.019074601577077077,-0.8154687414556826,0.00011811140466961709
0-10-12-14,3.0,0.007607076761719344,0.029146155429066102,0.2597242157335049,0.0169316663653742,-0.0019056593073495998,-0.47978936287355733,0.06000853578991633
3-5-13-14,3.0,0.007427991662658561,0.028381781856258198,0.249761463313083,0.006934949299111,-0.010101166908081249,-0.727759336742698,0.0013947600507150507
3-5-14-15,3.0,0.007589849420782928,0.0284745390215196,0.2582645829345393,0.0154830982963522,-0.0030464705606070004,-0.5277068578698905,0.035652194835826455
3-5-11-13,3.0,0.004762393701414836,0.016266573413836402,0.2514700351446617,0.0086382556366507,-0.0017117710721315748,-0.5360947979690731,0.03230728368186421
3-5-6-12,3.1666666666666665,0.0052139861814835195,0.024161658813648,0.2559578174027311,0.0131333411126283,0.00465726424047905,0.23778961652062597,0.3751752439339202
3-5-13-15,3.1666666666666665,0.005295007680212186,0.0219269445113902,0.2539003508051495,0.0110779077686994,-0.00238293744159895,-0.5366061011336614,0.032111392490472124
3-5-9-12,3.1666666666666665,0.005213986181484279,0.0241616588136533,0.2559578174027367,0.0131333411126343,0.00465726424048065,0.23778961652063021,0.37517524393391166
0-10-11-15,3.1666666666666665,0.01235561795444661,0.0465493114473635,0.2791762445183819,0.0363894044676345,0.02172943010457845,0.8173758933565292,0.00011042176640326453
0-10-11-13,3.1666666666666665,0.004683672858840274,0.016832014608367,0.2509326497879334,0.0081164565062505,-0.00010831109676575018,-0.22275454934174965,0.4069709433204928
1-3-14-15,3.1666666666666665,0.008065742755572668,0.0273383301075246,0.2565192982753259,0.0137549663391809,-0.0006983768913645247,-0.3528470717551393,0.18008290939796096
1-3-13-14,3.1666666666666665,0.006604196639313616,0.024739058412212,0.2502377841011612,0.0074216344866943,-0.007376434026631025,-0.5515513745203724,0.026773919278982993
1-4-11-13,3.1666666666666665,0.004216326998633356,0.0118381510752388,0.2477901039537108,0.0049573681391159,-0.002609177922832275,-0.5504144746465308,0.027154282212225572
1-3-9-15,3.1666666666666665,0.005295007680211852,0.021926944511389698,0.2539003508051495,0.011077907768699,-0.0023829374415980254,-0.536606101133603,0.03211139249049445
0-2-10-12,3.1666666666666665,0.005295007680211936,0.021926944511390302,0.2539003508051491,0.0110779077686992,-0.0023829374415979,-0.5366061011335864,0.03211139249050082
0-13-14-15,3.1666666666666665,0.007025137681279831,0.0239852966660658,0.2543409532275973,0.0115593139104983,0.0001185334761997503,-0.24737456045262457,0.3556408037286113
3-4-8-12,3.1666666666666665,0.007025137681280303,0.0239852966660686,0.2543409532275995,0.0115593139105012,0.0001185334761968004,-0.2473745604527246,0.3556408037284101
3-4-8-11,3.1666666666666665,0.006604196639314591,0.0247390584122139,0.2502377841011597,0.0074216344866942,-0.007376434026632625,-0.5515513745204299,0.026773919278963852
3-4-7-14,3.1666666666666665,0.00526787900416716,0.022694921297109198,0.2573721842291624,0.0145816367520236,-0.00011684343633702499,-0.31730155543684135,0.2311091056454414
0-1-12-14,3.1666666666666665,0.008065742755572848,0.0273383301075249,0.2565192982753251,0.0137549663391811,-0.000698376891364375,-0.35284707175513313,0.18008290939796923
0-7-9-13,3.1666666666666665,0.0037296570970401406,0.0122756275527831,0.2479776769005202,0.0051583052063654,0.0008168632665372248,-0.10153244780416014,0.7082892280850384
2-4-10-15,3.1666666666666665,0.0040150479765217436,0.0161855646276719,0.2485152355445566,0.0056830947560652,-0.002109382511982825,-0.38276586798667317,0.14339064944855892
0-6-12-14,3.1666666666666665,0.005295007680212026,0.0219269445113899,0.2539003508051494,0.0110779077686994,-0.00238293744159785,-0.5366061011335963,0.032111392490497014
0-6-11-14,3.1666666666666665,0.005797707788146605,0.0182950189346874,0.2518636719037688,0.0090331029737414,-0.00383667921039275,-0.5349872219687692,0.03273473119992099
0-7-11-15,3.1666666666666665,0.007025137681279714,0.0239852966660622,0.2543409532275927,0.011559313910495,0.0001185334761973,-0.24737456045278303,0.35564080372829265
2-4-7-15,3.1666666666666665,0.0081795205474426,0.031195287508063302,0.259980119093814,0.0171727514015909,-0.0057424221258708255,-0.7548732643204459,0.000724442544728973
2-4-7-13,3.1666666666666665,0.004216326998633178,0.011838151075236999,0.2477901039537101,0.0049573681391152,-0.0026091779228332003,-0.5504144746466044,0.027154282212200846
2-4-5-15,3.1666666666666665,0.004683672858840189,0.0168320146083667,0.2509326497879335,0.0081164565062504,-0.00010831109676629998,-0.2227545493416759,0.4069709433206521
4-11-12-15,3.1666666666666665,0.008065742755572765,0.0273383301075272,0.2565192982753276,0.0137549663391828,-0.0006983768913672749,-0.3528470717552751,0.18008290939778154
2-7-10-12,3.1666666666666665,0.005797707788146328,0.0182950189346907,0.2518636719037685,0.0090331029737421,-0.0038366792103950997,-0.5349872219688867,0.03273473119987544
2-6-8-15,3.1666666666666665,0.003729657097039232,0.0122756275527761,0.2479776769005141,0.0051583052063585,0.0008168632665373,-0.1015324478040981,0.7082892280852096
0-5-6-15,3.1666666666666665,0.005213986181484864,0.0241616588136587,0.2559578174027411,0.0131333411126389,0.0046572642404806,0.23778961652057487,0.3751752439340259
0-5-11-13,3.1666666666666665,0.004015047976522056,0.0161855646276717,0.2485152355445563,0.0056830947560651,-0.00210938251198375,-0.38276586798679374,0.1433906494484224
0-9-13-15,3.1666666666666665,0.007187994097771529,0.027297958830379998,0.2538176665280921,0.0110255322961808,0.002082129030885463,-0.30590044192188903,0.24922487664386553
0-9-11-14,3.1666666666666665,0.005797707788145836,0.018295018934684402,0.2518636719037672,0.0090331029737404,-0.003836679210390075,-0.5349872219686276,0.032734731199975955
2-3-4-14,3.1666666666666665,0.00526787900416724,0.02269492129711,0.2573721842291624,0.0145816367520238,-0.00011684343633715,-0.3173015554368251,0.23110910564546688
4-6-12-15,3.1666666666666665,0.005295007680211576,0.0219269445113874,0.2539003508051493,0.0110779077686992,-0.00238293744159795,-0.5366061011336684,0.03211139249046941
2-3-13-15,3.1666666666666665,0.008065742755573386,0.0273383301075247,0.2565192982753252,0.013754966339181,-0.000698376891366175,-0.352847071755175,0.18008290939791383
2-4-12-14,3.1666666666666665,0.005542037495728469,0.0232447664894568,0.2577829019070795,0.0149625434876361,-0.000567759652969975,-0.4726503303484433,0.06448281283158731
2-4-11-14,3.1666666666666665,0.0042163269986336335,0.0118381510752406,0.2477901039537103,0.0049573681391155,-0.0026091779228336,-0.5504144746466139,0.027154282212197657
0-7-10-14,3.1666666666666665,0.004683672858840561,0.0168320146083691,0.2509326497879338,0.0081164565062507,-0.00010831109676555004,-0.2227545493417676,0.4069709433204538
0-8-11-13,3.1666666666666665,0.00817952054744273,0.0311952875080636,0.2599801190938144,0.017172751401591,-0.005742422125871275,-0.754873264320454,0.0007244425447288244
0-6-7-15,3.1666666666666665,0.007187994097770691,0.027297958830378798,0.2538176665280933,0.0110255322961813,0.002082129030887502,-0.30590044192178173,0.24922487664404036
0-6-7-13,3.1666666666666665,0.0037296570970397104,0.012275627552784898,0.2479776769005229,0.0051583052063678,0.0008168632665390499,-0.10153244780384144,0.708289228085917
2-6-11-12,3.1666666666666665,0.004683672858840766,0.0168320146083702,0.2509326497879346,0.0081164565062515,-0.00010831109676674993,-0.22275454934180927,0.4069709433203639
2-5-7-12,3.1666666666666665,0.00579770778814572,0.0182950189346861,0.2518636719037673,0.0090331029737408,-0.0038366792103924747,-0.5349872219687566,0.0327347311999259
3-9-12-13,3.1666666666666665,0.012355617954449514,0.0465493114473739,0.2791762445183927,0.0363894044676445,0.021729430104582698,0.8173758933565515,0.00011042176640317654
2-8-11-15,3.1666666666666665,0.005267879004167129,0.022694921297109698,0.2573721842291614,0.0145816367520233,-0.00011684343633784997,-0.3173015554369085,0.23110910564533726
2-8-11-13,3.1666666666666665,0.00421632699863348,0.011838151075237498,0.2477901039537101,0.0049573681391155,-0.002609177922834,-0.5504144746466462,0.027154282212186832
0-4-5-15,3.1666666666666665,0.01235561795445006,0.0465493114473752,0.2791762445183941,0.0363894044676455,0.021729430104583575,0.8173758933565569,0.00011042176640315567
2-12-13-15,3.1666666666666665,0.006990713429922816,0.025446837000084502,0.2576971707029742,0.0149195879866539,0.00024370173682249975,-0.27259632928582783,0.30704207602005096
2-11-12-14,3.1666666666666665,0.00817952054744275,0.031195287508062802,0.2599801190938124,0.0171727514015899,-0.0057424221258702505,-0.7548732643204126,0.0007244425447295915
2-10-12-15,3.1666666666666665,0.007330653925825453,0.0256552062209459,0.258006371645135,0.0151909269782167,-0.00487562914961405,-0.7424922001604265,0.000986564209409938
1-9-12-15,3.1666666666666665,0.007330653925824986,0.0256552062209468,0.2580063716451352,0.0151909269782168,-0.004875629149612975,-0.7424922001604255,0.0009865642094099593
2-3-6-12,3.1666666666666665,0.012355617954450502,0.0465493114473787,0.2791762445183976,0.0363894044676492,0.021729430104584925,0.8173758933565584,0.00011042176640315053
0-7-8-12,3.1666666666666665,0.00699071342992265,0.0254468370000858,0.2576971707029776,0.0149195879866557,0.0002437017368234,-0.2725963292858264,0.3070420760200533
0-7-8-11,3.1666666666666665,0.006604196639314817,0.0247390584122142,0.2502377841011605,0.0074216344866946,-0.007376434026630875,-0.5515513745203345,0.02677391927899555
5-7-12-15,3.1666666666666665,0.005295007680211726,0.021926944511386798,0.2539003508051486,0.0110779077686989,-0.0023829374415996,-0.5366061011337506,0.03211139249043803
0-6-10-15,3.1666666666666665,0.005213986181484299,0.0241616588136543,0.2559578174027378,0.0131333411126355,0.004657264240481075,0.23778961652066877,0.37517524393383195
0-5-9-15,3.1666666666666665,0.005213986181483705,0.0241616588136497,0.2559578174027324,0.01313334111263,0.0046572642404788,0.23778961652055536,0.37517524393406665
0-5-7-14,3.1666666666666665,0.004015047976521937,0.0161855646276705,0.2485152355445567,0.0056830947560654,-0.00210938251198095,-0.38276586798655615,0.14339064944869157
0-5-7-12,3.1666666666666665,0.007330653925825545,0.0256552062209527,0.258006371645135,0.0151909269782172,-0.004875629149614475,-0.7424922001605081,0.000986564209407983
2-7-8-14,3.1666666666666665,0.004216326998633296,0.0118381510752389,0.2477901039537103,0.0049573681391158,-0.002609177922831725,-0.550414474646491,0.027154282212239027
3-8-9-14,3.1666666666666665,0.004683672858840169,0.0168320146083668,0.2509326497879325,0.0081164565062502,-0.00010831109676737497,-0.2227545493418172,0.4069709433203466
3-8-9-12,3.1666666666666665,0.012355617954449673,0.046549311447375105,0.279176244518394,0.0363894044676461,0.0217294301045829,0.8173758933565407,0.00011042176640321919
3-10-12-14,3.1666666666666665,0.007187994097771743,0.0272979588303801,0.2538176665280927,0.0110255322961809,0.002082129030885205,-0.3059004419218816,0.24922487664387777
3-10-11-12,3.1666666666666665,0.007187994097771174,0.027297958830378798,0.2538176665280928,0.0110255322961813,0.0020821290308865354,-0.30590044192184174,0.24922487664394294
2-9-11-12,3.1666666666666665,0.004015047976522124,0.016185564627671,0.2485152355445576,0.0056830947560657,-0.002109382511980475,-0.3827658679865201,0.1433906494487326
2-8-9-15,3.1666666666666665,0.00372965709704033,0.0122756275527864,0.2479776769005242,0.0051583052063693,0.0008168632665364501,-0.10153244780410386,0.7082892280851939
4-7-12-14,3.1666666666666665,0.005542037495728892,0.023244766489458703,0.2577829019070815,0.0149625434876379,-0.0005677596529706,-0.4726503303485023,0.0644828128315493
0-9-11-12,3.1666666666666665,0.007330653925825011,0.025655206220949703,0.2580063716451352,0.0151909269782169,-0.0048756291496117495,-0.7424922001604188,0.0009865642094101196
0-9-10-15,3.1666666666666665,0.005213986181484367,0.0241616588136573,0.2559578174027392,0.0131333411126372,0.004657264240478975,0.23778961652053618,0.37517524393410606
0-8-9-15,3.1666666666666665,0.007187994097771442,0.027297958830378898,0.2538176665280927,0.0110255322961813,0.002082129030887968,-0.30590044192177707,0.2492248766440481
0-8-12-15,3.1666666666666665,0.009041668351489104,0.039028240519853596,0.2669064546061955,0.024154232244819,-0.0016960343005948245,-0.5027577586350352,0.04715670630430485
1-2-13-15,3.1666666666666665,0.006604196639313855,0.024739058412213098,0.2502377841011599,0.0074216344866944,-0.0073764340266351,-0.5515513745205731,0.026773919278916196
1-2-12-14,3.1666666666666665,0.006604196639313976,0.0247390584122135,0.2502377841011599,0.0074216344866944,-0.00737643402663385,-0.5515513745205164,0.02677391927893513
2-8-14-15,3.1666666666666665,0.0052678790041671445,0.0226949212971094,0.2573721842291613,0.0145816367520235,-0.00011684343633769999,-0.317301555436863,0.23110910564540793
3-8-10-15,3.1666666666666665,0.007330653925825246,0.0256552062209488,0.2580063716451342,0.0151909269782168,-0.0048756291496144,-0.7424922001604962,0.0009865642094082701
3-8-10-13,3.1666666666666665,0.005797707788145829,0.018295018934686498,0.2518636719037671,0.0090331029737408,-0.003836679210392825,-0.5349872219687676,0.032734731199921666
3-12-14-15,3.1666666666666665,0.0090416683514889,0.0390282405198535,0.2669064546061949,0.0241542322448186,-0.0016960343005959998,-0.5027577586350636,0.04715670630429036
0-3-9-11,3.1666666666666665,0.005295007680211803,0.0219269445113875,0.2539003508051489,0.0110779077686993,-0.0023829374415990498,-0.5366061011337487,0.032111392490438706
0-4-8-15,3.1666666666666665,0.007025137681280178,0.023985296666065102,0.2543409532275961,0.0115593139104981,0.0001185334761963498,-0.24737456045280004,0.3556408037282587
0-4-7-13,3.1666666666666665,0.00526787900416714,0.0226949212971094,0.2573721842291629,0.0145816367520235,-0.00011684343633692497,-0.3173015554368316,0.23110910564545645
0-3-7-8,3.1666666666666665,0.008065742755572454,0.0273383301075269,0.2565192982753273,0.0137549663391823,-0.0006983768913645497,-0.352847071755171,0.18008290939791907
1-7-8-13,3.1666666666666665,0.004216326998633575,0.0118381510752398,0.2477901039537104,0.0049573681391156,-0.002609177922833075,-0.550414474646582,0.0271542822122084
1-7-13-15,3.1666666666666665,0.005542037495728399,0.0232447664894565,0.2577829019070797,0.0149625434876361,-0.0005677596529701999,-0.4726503303484659,0.06448281283157267
1-8-13-15,3.1666666666666665,0.008179520547442774,0.031195287508063003,0.2599801190938127,0.0171727514015901,-0.00574242212587205,-0.7548732643204814,0.0007244425447283129
1-8-11-14,3.1666666666666665,0.004216326998633719,0.0118381510752394,0.2477901039537105,0.0049573681391156,-0.0026091779228355,-0.5504144746467525,0.02715428221215103
4-7-8-15,3.1666666666666665,0.006604196639314319,0.0247390584122144,0.2502377841011601,0.0074216344866942,-0.0073764340266337745,-0.5515513745204953,0.026773919278942064
4-7-13-15,3.1666666666666665,0.00554203749572886,0.0232447664894589,0.2577829019070816,0.0149625434876379,-0.000567759652970875,-0.4726503303485283,0.06448281283153258
0-3-7-15,3.1666666666666665,0.009041668351489137,0.039028240519854096,0.2669064546061946,0.024154232244819,-0.001696034300594975,-0.5027577586350358,0.047156706304304505
0-3-6-14,3.1666666666666665,0.007330653925825361,0.025655206220949203,0.2580063716451347,0.0151909269782164,-0.0048756291496118,-0.7424922001603764,0.000986564209411135
0-4-11-12,3.1666666666666665,0.00699071342992268,0.0254468370000854,0.2576971707029769,0.0149195879866554,0.0002437017368233502,-0.27259632928583655,0.30704207602003475
3-12-13-14,3.1666666666666665,0.007025137681280156,0.0239852966660687,0.254340953227599,0.0115593139105015,0.0001185334761983751,-0.24737456045266437,0.35564080372853085
3-11-12-15,3.1666666666666665,0.009041668351489129,0.0390282405198538,0.2669064546061956,0.0241542322448189,-0.0016960343005959749,-0.5027577586350802,0.047156706304281835
3-9-10-12,3.1666666666666665,0.005213986181483797,0.024161658813651,0.2559578174027332,0.0131333411126308,0.00465726424047615,0.23778961652036834,0.3751752439344531
3-4-11-15,3.1666666666666665,0.006990713429922924,0.0254468370000855,0.2576971707029762,0.0149195879866554,0.00024370173682230004,-0.27259632928588673,0.3070420760199425
3-4-10-14,3.1666666666666665,0.003729657097039839,0.0122756275527815,0.2479776769005187,0.0051583052063642,0.0008168632665374,-0.10153244780400265,0.7082892280854723
0-3-4-12,3.1666666666666665,0.009041668351489021,0.0390282405198533,0.2669064546061955,0.0241542322448189,-0.0016960343005949503,-0.5027577586350374,0.04715670630430369
0-3-4-11,3.1666666666666665,0.008065742755572642,0.0273383301075266,0.2565192982753267,0.0137549663391825,-0.0006983768913660748,-0.3528470717552237,0.1800829093978496
4-7-11-12,3.1666666666666665,0.006604196639314418,0.0247390584122136,0.2502377841011605,0.007421634486694,-0.007376434026632976,-0.5515513745204517,0.026773919278956615
1-8-11-12,3.1666666666666665,0.005267879004167281,0.0226949212971103,0.2573721842291626,0.0145816367520239,-0.000116843436337375,-0.31730155543687133,0.2311091056453952
1-8-10-15,3.1666666666666665,0.0040150479765222015,0.0161855646276713,0.2485152355445567,0.0056830947560657,-0.0021093825119818752,-0.38276586798660267,0.143390649448639
1-7-9-12,3.1666666666666665,0.004015047976522056,0.016185564627671498,0.2485152355445566,0.005683094756065,-0.002109382511982125,-0.38276586798665185,0.14339064944858315
1-12-14-15,3.1666666666666665,0.006990713429922572,0.0254468370000851,0.257697170702976,0.0149195879866542,0.0002437017368230998,-0.27259632928583455,0.30704207602003836
1-11-12-13,3.1666666666666665,0.005267879004167097,0.0226949212971094,0.2573721842291622,0.0145816367520234,-0.00011684343633772498,-0.3173015554368354,0.23110910564545048
1-10-11-12,3.1666666666666665,0.0037296570970397815,0.0122756275527844,0.2479776769005223,0.0051583052063672,0.000816863266538025,-0.10153244780388282,0.7082892280858031
1-3-11-13,3.1666666666666665,0.00554203749572849,0.0232447664894564,0.2577829019070793,0.0149625434876359,-0.000567759652970375,-0.47265033034847803,0.06448281283156482
0-3-8-10,3.1666666666666665,0.005295007680211479,0.0219269445113876,0.2539003508051488,0.0110779077686993,-0.0023829374415988997,-0.5366061011337349,0.032111392490444035
3-8-11-14,3.1666666666666665,0.008179520547442703,0.0311952875080636,0.2599801190938147,0.0171727514015911,-0.005742422125870375,-0.7548732643204177,0.0007244425447294968
3-7-8-15,3.1666666666666665,0.00699071342992289,0.0254468370000855,0.257697170702976,0.0149195879866552,0.00024370173682160007,-0.2725963292859133,0.3070420760198933
0-3-5-13,3.1666666666666665,0.007330653925825457,0.0256552062209493,0.2580063716451342,0.0151909269782163,-0.00487562914961305,-0.7424922001604211,0.0009865642094100656
0-2-6-15,3.1666666666666665,0.007187994097771782,0.0272979588303796,0.253817666528093,0.0110255322961808,0.0020821290308901254,-0.30590044192164584,0.24922487664426132
1-3-5-12,3.1666666666666665,0.00718799409777148,0.027297958830380303,0.253817666528093,0.0110255322961812,0.002082129030887113,-0.3059004419217606,0.24922487664407472
1-3-4-13,3.1666666666666665,0.008179520547442528,0.0311952875080629,0.2599801190938127,0.01717275140159,-0.00574242212587195,-0.7548732643204825,0.0007244425447282919
1-4-7-12,3.1666666666666665,0.008179520547442838,0.0311952875080636,0.2599801190938138,0.0171727514015909,-0.005742422125869875,-0.7548732643204041,0.0007244425447297481
1-4-6-15,3.1666666666666665,0.005797707788145969,0.0182950189346856,0.2518636719037677,0.0090331029737409,-0.003836679210392375,-0.5349872219687494,0.03273473119992873
1-6-7-12,3.1666666666666665,0.004683672858840183,0.016832014608367002,0.2509326497879335,0.0081164565062507,-0.00010831109676682495,-0.22275454934175548,0.4069709433204799
1-5-8-15,3.1666666666666665,0.0046836728588403615,0.01683201460837,0.2509326497879343,0.0081164565062514,-0.00010831109676695007,-0.22275454934180897,0.40697094332036426
3-4-5-12,3.1666666666666665,0.007187994097770674,0.027297958830378097,0.253817666528094,0.0110255322961811,0.0020821290308885294,-0.30590044192172994,0.2492248766441246
3-6-8-14,3.1666666666666665,0.004015047976522329,0.0161855646276725,0.2485152355445567,0.0056830947560657,-0.002109382511984375,-0.3827658679868276,0.143390649448384
3-6-7-12,3.1666666666666665,0.012355617954451371,0.0465493114473821,0.2791762445184014,0.0363894044676523,0.021729430104586597,0.8173758933565662,0.00011042176640311911
3-4-6-15,3.1666666666666665,0.0073306539258254895,0.0256552062209529,0.2580063716451348,0.015190926978217,-0.0048756291496151755,-0.7424922001605354,0.00098656420940733
3-4-6-13,3.1666666666666665,0.0040150479765224435,0.0161855646276708,0.2485152355445569,0.0056830947560653,-0.0021093825119821753,-0.38276586798664247,0.1433906494485938
0-2-13-14,3.1666666666666665,0.006604196639313866,0.0247390584122132,0.2502377841011608,0.0074216344866944,-0.0073764340266322245,-0.5515513745204261,0.026773919278965115
0-2-12-13,3.1666666666666665,0.008065742755572716,0.0273383301075247,0.2565192982753253,0.0137549663391809,-0.0006983768913643249,-0.3528470717551304,0.18008290939797275
0-2-8-14,3.1666666666666665,0.005542037495728409,0.023244766489456198,0.2577829019070792,0.0149625434876358,-0.0005677596529693751,-0.47265033034840503,0.06448281283161184
0-2-8-11,3.1666666666666665,0.005542037495728873,0.0232447664894586,0.2577829019070811,0.0149625434876375,-0.000567759652970725,-0.4726503303484984,0.06448281283155183
1-3-8-11,3.1666666666666665,0.0055420374957287745,0.023244766489458703,0.2577829019070815,0.0149625434876376,-0.0005677596529703002,-0.47265033034848397,0.06448281283156118
1-5-11-12,3.1666666666666665,0.003729657097040553,0.0122756275527834,0.2479776769005204,0.0051583052063658,0.0008168632665352498,-0.10153244780425263,0.7082892280847841
1-4-9-15,3.1666666666666665,0.005797707788146367,0.0182950189346897,0.2518636719037683,0.0090331029737415,-0.0038366792103937996,-0.5349872219688172,0.03273473119990241
1-4-7-14,3.1666666666666665,0.0042163269986330645,0.0118381510752374,0.2477901039537098,0.0049573681391152,-0.002609177922833275,-0.5504144746466153,0.02715428221219719
1-2-3-12,3.1666666666666665,0.007025137681280003,0.023985296666068502,0.2543409532275991,0.0115593139105009,0.0001185334761983751,-0.2473745604526545,0.35564080372855056
0-2-7-14,3.1666666666666665,0.00817952054744249,0.0311952875080629,0.2599801190938123,0.0171727514015901,-0.005742422125872425,-0.7548732643205044,0.0007244425447278835
3-4-5-14,3.1666666666666665,0.003729657097039108,0.0122756275527804,0.2479776769005191,0.0051583052063639,0.0008168632665378,-0.10153244780398371,0.708289228085525
3-7-11-12,3.1666666666666665,0.00702513768128031,0.023985296666066303,0.2543409532275979,0.0115593139104993,0.00011853347619665013,-0.24737456045277292,0.3556408037283134
3-6-10-12,3.1666666666666665,0.005213986181484121,0.024161658813652,0.2559578174027346,0.0131333411126324,0.004657264240480075,0.23778961652060077,0.3751752439339724
0-12-13-15,3.1666666666666665,0.009041668351488794,0.0390282405198536,0.2669064546061943,0.0241542322448187,-0.0016960343005949753,-0.502757758635033,0.04715670630430601
0-10-14-15,3.1666666666666665,0.012355617954451344,0.0465493114473814,0.2791762445184005,0.0363894044676519,0.021729430104587524,0.817375893356572,0.0001104217664030965
7-8-12-15,3.1666666666666665,0.00806574275557308,0.0273383301075273,0.2565192982753279,0.0137549663391829,-0.0006983768913678499,-0.35284707175527574,0.18008290939778104
0-2-3-15,3.1666666666666665,0.009041668351488768,0.0390282405198539,0.2669064546061951,0.0241542322448188,-0.0016960343005934246,-0.5027577586349613,0.047156706304342474
0-2-3-13,3.1666666666666665,0.00699071342992217,0.0254468370000851,0.2576971707029757,0.0149195879866542,0.0002437017368251001,-0.27259632928571687,0.30704207602025557
3-4-9-13,3.1666666666666665,0.004683672858840318,0.0168320146083693,0.2509326497879333,0.0081164565062509,-0.00010831109676822498,-0.22275454934190658,0.40697094332015377
3-5-8-13,3.1666666666666665,0.005797707788146599,0.018295018934687497,0.2518636719037685,0.0090331029737417,-0.0038366792103925245,-0.5349872219687584,0.032734731199925204
0-1-5-15,3.1666666666666665,0.012355617954452053,0.0465493114473845,0.2791762445184037,0.0363894044676549,0.021729430104588048,0.8173758933565827,0.00011042176640305473
0-1-3-14,3.1666666666666665,0.006990713429922392,0.0254468370000851,0.2576971707029749,0.0149195879866542,0.00024370173682362493,-0.27259632928578925,0.30704207602012173
0-1-7-13,3.1666666666666665,0.005267879004167175,0.0226949212971094,0.2573721842291629,0.0145816367520237,-0.00011684343633690003,-0.3173015554368116,0.23110910564548762
0-1-3-12,3.1666666666666665,0.0090416683514888,0.039028240519854096,0.2669064546061948,0.0241542322448191,-0.0016960343005956004,-0.5027577586350374,0.04715670630430369
0-1-2-15,3.1666666666666665,0.007025137681279825,0.0239852966660688,0.2543409532275995,0.0115593139105014,0.0001185334761984499,-0.24737456045263972,0.35564080372858076
1-3-4-12,3.333333333333333,0.010174905055616731,0.039586742305748296,0.2629282996228169,0.0201473204942587,-0.00500066068438635,-0.7089036341840338,0.0021081188828617516
1-3-13-15,3.333333333333333,0.005681767766049547,0.0204924914081954,0.2531914706917668,0.0103816780573426,-0.0002920791218868,-0.29620837993408516,0.2652981544458646
1-4-11-14,3.333333333333333,0.0017601471267645783,0.0051031014235361,0.2449384534640289,0.0020964298787595,-0.002412227389406425,-0.44208328913339595,0.08643014755608877
1-4-11-12,3.333333333333333,0.006974953370152037,0.0214269686656033,0.2534410487137373,0.0106226281696507,-0.0032566167525933257,-0.5837040031033025,0.01760501342218535
1-4-10-15,3.333333333333333,0.0034914274781386915,0.0099351335992561,0.2474789730206519,0.0046404031322117,-0.001783903362228875,-0.05931191913301045,0.8272782126911786
1-3-9-12,3.333333333333333,0.0057781805054109465,0.0225119344941072,0.2524237880779973,0.0096058531922217,0.00098541012156745,-0.14006698964685468,0.60488891469483
1-3-8-13,3.333333333333333,0.006149396736253442,0.018928023880751703,0.2522168665325047,0.0094000625592321,-0.0030665474189382246,-0.5499255904611713,0.027319109055829852
1-5-12-15,3.333333333333333,0.004954894351831495,0.0194402093142203,0.2527864384842515,0.0099760484576233,0.0004856537558243751,-0.1899807305773358,0.48097260357468397
1-4-8-15,3.333333333333333,0.0098953295641325,0.034081860945100295,0.2535445104296567,0.0107325845701218,-0.012063536223155449,-0.8534204970718495,2.6220458839519798e-05
1-4-7-15,3.333333333333333,0.006149396736253482,0.0189280238807529,0.2522168665325059,0.0094000625592331,-0.0030665474189381747,-0.5499255904611905,0.027319109055823337
3-6-11-12,3.333333333333333,0.006632834908638065,0.0266543385470315,0.2563376140908587,0.0135162874213955,5.766400354724997e-06,-0.25944441787303335,0.33187242426518776
3-4-8-13,3.333333333333333,0.009895329564131444,0.0340818609450973,0.2535445104296565,0.0107325845701218,-0.012063536223154026,-0.8534204970718507,2.622045883951848e-05
0-11-14-15,3.333333333333333,0.007481245190311883,0.028508410909363,0.261448294696083,0.018714262739281,-0.006290992278508075,-0.37138462536566297,0.15668986971333085
0-11-13-14,3.333333333333333,0.009895329564132518,0.034081860945101204,0.2535445104296561,0.0107325845701216,-0.012063536223154151,-0.8534204970718222,2.6220458839551996e-05
0-11-12-13,3.333333333333333,0.007146385960571521,0.0291248077097562,0.2625322954827819,0.019756497132985,-0.0022858000165273,-0.5504327876905789,0.02714812280323737
0-2-3-12,3.333333333333333,0.007520026059267156,0.0250252471696443,0.2550256146823209,0.0122702507105386,-0.001851190647893125,-0.5210244150781412,0.038499291486950346
3-5-10-12,3.333333333333333,0.004400909789660099,0.0149776958861139,0.2547207044749323,0.0118724399506639,0.004647620375215125,0.3614009490098581,0.1690190349442471
3-4-9-14,3.333333333333333,0.003154005993411113,0.011003230197519899,0.2489869352860109,0.0061526451510774,-0.00210293624271005,-0.3178720426471574,0.23022508740901942
3-4-9-12,3.333333333333333,0.0066328349086378835,0.026654338547031,0.2563376140908573,0.0135162874213953,5.766400353450138e-06,-0.25944441787311073,0.33187242426503816
1-2-7-12,3.333333333333333,0.009895329564131845,0.0340818609451012,0.2535445104296565,0.0107325845701217,-0.012063536223155149,-0.8534204970718624,2.6220458839504602e-05
1-2-4-15,3.333333333333333,0.009895329564132312,0.0340818609451026,0.2535445104296565,0.0107325845701218,-0.0120635362231562,-0.853420497071872,2.6220458839493347e-05
1-3-6-12,3.333333333333333,0.006632834908638479,0.0266543385470326,0.2563376140908576,0.0135162874213951,5.7664003587499894e-06,-0.25944441787277317,0.3318724242656904
1-3-4-14,3.333333333333333,0.006974953370152458,0.021426968665602,0.2534410487137355,0.0106226281696498,-0.003256616752597075,-0.5837040031034535,0.01760501342214898
1-4-13-15,3.333333333333333,0.006149396736253343,0.0189280238807519,0.2522168665325051,0.0094000625592323,-0.0030665474189387,-0.5499255904611983,0.027319109055820787
1-7-12-13,3.333333333333333,0.003622893451219618,0.014917082811631,0.2502469946879428,0.0074465424835447,0.0024288829992103,0.33258646320239604,0.20816070815797033
1-7-10-12,3.333333333333333,0.002246126833254993,0.0083715379104236,0.2463598051353286,0.0035238552360663,-0.0006433624720725251,-0.16544153054960378,0.5403203098404193
1-6-8-15,3.333333333333333,0.002246126833254147,0.008371537910417701,0.2463598051353284,0.0035238552360657,-0.0006433624720691502,-0.16544153054901128,0.5403203098418896
0-2-12-14,3.333333333333333,0.005681767766049722,0.0204924914081957,0.2531914706917661,0.0103816780573427,-0.00029207912188819994,-0.2962083799341745,0.2652981544457137
0-2-11-14,3.333333333333333,0.006149396736253183,0.0189280238807515,0.2522168665325042,0.0094000625592322,-0.003066547418938775,-0.5499255904612117,0.027319109055816193
0-2-7-15,3.333333333333333,0.010174905055616548,0.0395867423057482,0.262928299622817,0.0201473204942588,-0.005000660684388,-0.7089036341840903,0.0021081188828592336
3-4-6-12,3.333333333333333,0.005778180505410414,0.0225119344941037,0.2524237880779939,0.0096058531922187,0.0009854101215637252,-0.1400669896471207,0.6048889146941374
3-4-5-15,3.333333333333333,0.0049548943518301835,0.019440209314221503,0.2527864384842531,0.009976048457624,0.00048565375582705004,-0.1899807305771739,0.4809726035750645
3-7-10-12,3.333333333333333,0.005662363900524579,0.0202096189690038,0.2526023861047052,0.0098171316701132,0.0027306677130143255,0.03149167682040102,0.9078298728110579
3-6-9-12,3.333333333333333,0.005146997502728272,0.0182998235079644,0.2513087766675974,0.0084644465566948,0.00391446585766115,0.5484128763009863,0.027833968954915196
3-6-12-14,3.333333333333333,0.005778180505410718,0.0225119344941049,0.2524237880779953,0.0096058531922193,0.000985410121564725,-0.14006698964701852,0.6048889146944033
1-6-11-12,3.333333333333333,0.003154005993410963,0.0110032301975192,0.2489869352860113,0.0061526451510769,-0.002102936242708325,-0.3178720426469654,0.23022508740931646
1-11-12-14,3.333333333333333,0.0069749533701525075,0.0214269686656021,0.2534410487137354,0.0106226281696494,-0.0032566167525940005,-0.5837040031033063,0.017605013422184436
1-10-12-15,3.333333333333333,0.00628116187623878,0.0192993713571778,0.2531089780108932,0.0102870498249902,-0.0027232143450688,-0.607515645721594,0.012555311561266326
1-7-8-14,3.333333333333333,7.917687520270522e-05,0.00018285116085510152,0.243019614679406,0.000181339994234,0.00018133999422895,0.9132233209737308,7.878921035225875e-07
1-7-8-12,3.333333333333333,0.004951560209398,0.0178155394102525,0.2499146989067594,0.0071256406109778,0.00094151094838525,-0.16926644413461334,0.5308611504605968
1-8-14-15,3.333333333333333,0.004951560209398302,0.017815539410251102,0.2499146989067576,0.0071256406109766,0.0009415109483858001,-0.16926644413455857,0.5308611504607313
1-8-12-15,3.333333333333333,0.007146385960571628,0.0291248077097552,0.2625322954827814,0.019756497132984,-0.002285800016529725,-0.5504327876907407,0.02714812280318294
1-8-11-15,3.333333333333333,0.0036228934512191184,0.0149170828116257,0.2502469946879392,0.007446542483541,0.00242888299920985,0.3325864632023806,0.20816070815799292
4-7-12-15,3.333333333333333,0.005681767766050388,0.0204924914081977,0.2531914706917684,0.0103816780573442,-0.0002920791218862502,-0.29620837993403587,0.2652981544459478
0-3-11-15,3.333333333333333,0.0075200260592673575,0.025025247169644903,0.2550256146823207,0.0122702507105389,-0.001851190647892875,-0.5210244150781413,0.038499291486950346
3-7-12-15,3.333333333333333,0.007520026059267587,0.025025247169645,0.2550256146823207,0.0122702507105386,-0.0018511906478942,-0.5210244150781536,0.03849929148694498
3-6-8-15,3.333333333333333,0.0062811618762379255,0.0192993713571757,0.2531089780108941,0.0102870498249911,-0.0027232143450653503,-0.6075156457215234,0.01255531156127938
3-6-8-13,3.333333333333333,0.003491427478138911,0.009935133599261101,0.2474789730206568,0.0046404031322169,-0.001783903362227225,-0.05931191913288236,0.8272782126915472
2-3-10-12,3.333333333333333,0.004757454514761942,0.0187690849711832,0.2515676866945344,0.008765548115514,0.0033435893359701494,0.2831339805360775,0.2879604708545215
0-8-13-15,3.333333333333333,0.010174905055616653,0.039586742305747796,0.2629282996228165,0.0201473204942585,-0.005000660684388125,-0.7089036341840877,0.0021081188828593524
2-11-12-15,3.333333333333333,0.007146385960571591,0.0291248077097554,0.2625322954827817,0.019756497132984,-0.00228580001652965,-0.5504327876907672,0.02714812280317403
2-11-12-13,3.333333333333333,0.004951560209398233,0.0178155394102511,0.2499146989067579,0.0071256406109768,0.00094151094838555,-0.16926644413455064,0.5308611504607511
2-3-8-14,3.333333333333333,0.003622893451220271,0.0149170828116346,0.2502469946879461,0.0074465424835483,0.00242888299921065,0.33258646320244695,0.2081607081578964
2-3-7-12,3.333333333333333,0.007481245190311876,0.028508410909363,0.2614482946960826,0.0187142627392809,-0.00629099227850835,-0.37138462536565664,0.15668986971333856
2-3-5-12,3.333333333333333,0.005662363900525797,0.020209618969009302,0.2526023861047083,0.0098171316701165,0.002730667713016125,0.03149167682054736,0.9078298728106315
0-3-10-14,3.333333333333333,0.004954894351830636,0.0194402093142197,0.2527864384842518,0.0099760484576234,0.00048565375582645,-0.1899807305772186,0.48097260357495986
0-3-6-13,3.333333333333333,0.00628116187623834,0.0192993713571774,0.253108978010893,0.0102870498249902,-0.0027232143450662996,-0.6075156457215163,0.012555311561280695
0-3-5-14,3.333333333333333,0.0062811618762383566,0.0192993713571773,0.2531089780108926,0.0102870498249901,-0.002723214345066325,-0.6075156457215181,0.012555311561280369
0-3-5-12,3.333333333333333,0.009189934530624595,0.0313899249432066,0.2614225408937389,0.018627579882119,-0.004121725365614075,-0.7637765458972746,0.0005737883190514879
0-2-7-13,3.333333333333333,0.006974953370152553,0.0214269686656023,0.2534410487137355,0.01062262816965,-0.0032566167525957253,-0.5837040031033864,0.017605013422165125
0-2-5-15,3.333333333333333,0.006632834908638095,0.026654338547032398,0.2563376140908568,0.0135162874213949,5.766400355925426e-06,-0.259444417872925,0.33187242426539676
0-3-8-12,3.333333333333333,0.0075200260592670565,0.025025247169644903,0.2550256146823214,0.0122702507105387,-0.0018511906478945502,-0.5210244150781919,0.03849929148692813
0-3-8-11,3.333333333333333,0.0056817677660502535,0.020492491408197103,0.2531914706917676,0.0103816780573436,-0.000292079121886975,-0.29620837993407595,0.2652981544458798
3-8-13-14,3.333333333333333,0.009895329564131519,0.0340818609450989,0.2535445104296558,0.0107325845701215,-0.012063536223154425,-0.853420497071858,2.622045883950984e-05
3-8-12-13,3.333333333333333,0.007481245190312,0.0285084109093627,0.2614482946960821,0.0187142627392808,-0.00629099227851055,-0.3713846253657302,0.1566898697132499
3-8-11-13,3.333333333333333,0.006149396736253412,0.018928023880752598,0.2522168665325057,0.0094000625592329,-0.003066547418937725,-0.5499255904611557,0.027319109055835095
3-7-8-14,3.333333333333333,0.00495156020939774,0.017815539410251,0.2499146989067578,0.0071256406109773,0.0009415109483846748,-0.16926644413468128,0.5308611504604293
0-7-9-12,3.333333333333333,0.006281161876237775,0.019299371357176298,0.2531089780108951,0.0102870498249914,-0.0027232143450629,-0.6075156457214046,0.012555311561301359
0-7-8-13,3.333333333333333,0.006974953370152261,0.021426968665603,0.2534410487137365,0.0106226281696506,-0.00325661675259575,-0.5837040031034093,0.017605013422159626
0-9-14-15,3.333333333333333,0.005662363900525614,0.020209618969012202,0.2526023861047113,0.0098171316701199,0.002730667713016775,0.03149167682054331,0.9078298728106429
0-9-12-15,3.333333333333333,0.009189934530623963,0.0313899249432069,0.261422540893739,0.0186275798821189,-0.004121725365611825,-0.7637765458972231,0.0005737883190522778
0-9-11-15,3.333333333333333,0.004757454514762609,0.018769084971191098,0.2515676866945422,0.008765548115522,0.0033435893359697495,0.28313398053587585,0.2879604708548798
2-3-4-15,3.333333333333333,0.007146385960571824,0.029124807709756798,0.2625322954827821,0.0197564971329854,-0.0022858000165292746,-0.5504327876906367,0.0271481228032179
2-3-4-13,3.333333333333333,0.004951560209398431,0.017815539410251997,0.2499146989067585,0.0071256406109771,0.0009415109483868751,-0.16926644413448225,0.5308611504609199
2-4-11-15,3.333333333333333,0.0049515602093980465,0.0178155394102524,0.2499146989067585,0.0071256406109779,0.0009415109483856249,-0.1692664441346015,0.5308611504606258
2-4-11-13,3.333333333333333,7.917687520265497e-05,0.00018285116085464773,0.2430196146794057,0.0001813399942336,0.000181339994228825,0.9132233209737766,7.878921035197785e-07
0-4-11-13,3.333333333333333,0.004951560209397975,0.0178155394102513,0.2499146989067583,0.0071256406109773,0.0009415109483851998,-0.16926644413462463,0.5308611504605695
3-11-12-14,3.333333333333333,0.010174905055616953,0.0395867423057484,0.2629282996228169,0.0201473204942588,-0.00500066068438565,-0.708903634184002,0.0021081188828631623
3-10-12-15,3.333333333333333,0.009189934530624087,0.0313899249432054,0.2614225408937391,0.0186275798821187,-0.004121725365616675,-0.7637765458973783,0.0005737883190498937
3-9-11-12,3.333333333333333,0.005778180505410206,0.0225119344941012,0.252423788077992,0.0096058531922168,0.0009854101215654501,-0.14006698964700437,0.6048889146944408
3-8-9-15,3.333333333333333,0.00495489435183115,0.019440209314222003,0.2527864384842522,0.0099760484576243,0.0004856537558282001,-0.18998073057706336,0.4809726035753246
3-4-11-14,3.333333333333333,0.006974953370152224,0.0214269686656038,0.2534410487137374,0.0106226281696511,-0.0032566167525951003,-0.5837040031033804,0.017605013422166572
3-4-10-15,3.333333333333333,0.006281161876238346,0.019299371357176298,0.2531089780108937,0.0102870498249912,-0.002723214345067125,-0.6075156457215899,0.012555311561267102
3-4-10-13,3.333333333333333,0.0022461268332537834,0.0083715379104181,0.2463598051353282,0.0035238552360659,-0.000643362472070525,-0.16544153054922311,0.5403203098413638
0-3-4-13,3.333333333333333,0.007146385960571441,0.0291248077097551,0.2625322954827817,0.0197564971329842,-0.0022858000165284,-0.5504327876906863,0.02714812280320123
0-7-10-15,3.333333333333333,0.006632834908638155,0.026654338547030698,0.2563376140908576,0.0135162874213953,5.766400357799957e-06,-0.2594444178728922,0.3318724242654605
0-7-10-13,3.333333333333333,0.003154005993410624,0.0110032301975179,0.2489869352860114,0.0061526451510772,-0.0021029362427069003,-0.317872042646891,0.23022508740943148
0-6-9-15,3.333333333333333,0.004400909789660202,0.0149776958861147,0.2547207044749331,0.0118724399506644,0.00464762037521615,0.3614009490099427,0.16901903494413958
0-8-11-14,3.333333333333333,0.006149396736253539,0.018928023880752598,0.2522168665325059,0.009400062559233,-0.0030665474189382255,-0.5499255904611745,0.02731910905582873
0-8-10-15,3.333333333333333,0.005778180505410721,0.0225119344941073,0.2524237880779975,0.0096058531922225,0.0009854101215641998,-0.14006698964707717,0.6048889146942507
0-7-9-14,3.333333333333333,0.0022461268332544804,0.008371537910418201,0.2463598051353286,0.0035238552360659,-0.0006433624720689751,-0.1654415305490291,0.5403203098418456
2-5-11-12,3.333333333333333,0.0022461268332537904,0.0083715379104159,0.2463598051353278,0.0035238552360657,-0.0006433624720699,-0.16544153054913496,0.5403203098415827
2-4-9-15,3.333333333333333,0.002246126833254892,0.0083715379104228,0.2463598051353288,0.0035238552360663,-0.0006433624720720501,-0.1654415305495332,0.540320309840594
3-12-13-15,3.333333333333333,0.007520026059267594,0.0250252471696446,0.2550256146823198,0.0122702507105386,-0.0018511906478939,-0.5210244150781527,0.038499291486945364
0-3-9-13,3.333333333333333,0.004954894351830523,0.0194402093142204,0.2527864384842517,0.0099760484576238,0.00048565375582469987,-0.18998073057736917,0.48097260357460564
0-5-11-12,3.333333333333333,0.006281161876237903,0.0192993713571762,0.253108978010894,0.0102870498249915,-0.0027232143450652505,-0.6075156457215272,0.012555311561278678
0-5-10-15,3.333333333333333,0.005146997502727803,0.0182998235079603,0.2513087766675935,0.0084644465566907,0.0039144658576601744,0.5484128763009993,0.027833968954910783
0-4-9-15,3.333333333333333,0.005662363900524983,0.0202096189690067,0.2526023861047091,0.009817131670116,0.00273066771301535,0.031491676820463305,0.9078298728108762
0-4-7-14,3.333333333333333,0.003622893451219263,0.0149170828116265,0.2502469946879408,0.0074465424835417,0.002428882999210175,0.3325864632023822,0.20816070815799023
0-3-7-14,3.333333333333333,0.007146385960571537,0.029124807709756,0.2625322954827812,0.0197564971329845,-0.0022858000165277,-0.5504327876906674,0.027148122803207567
0-3-6-15,3.333333333333333,0.009189934530624552,0.0313899249432071,0.2614225408937391,0.0186275798821189,-0.0041217253656143,-0.7637765458972825,0.0005737883190513652
0-6-11-15,3.333333333333333,0.005662363900525395,0.020209618969011002,0.2526023861047129,0.009817131670121,0.002730667713015625,0.03149167682041107,0.9078298728110286
0-6-11-13,3.333333333333333,0.002246126833255797,0.0083715379104245,0.2463598051353285,0.0035238552360655,-0.000643362472070475,-0.16544153054933658,0.5403203098410826
0-7-11-14,3.333333333333333,0.009895329564132211,0.0340818609450996,0.2535445104296568,0.0107325845701215,-0.012063536223153174,-0.8534204970718028,2.622045883957503e-05
2-4-7-12,3.333333333333333,0.006149396736253359,0.018928023880752598,0.2522168665325059,0.0094000625592329,-0.0030665474189368255,-0.5499255904611169,0.02731910905584823
2-4-14-15,3.333333333333333,0.003622893451219758,0.0149170828116318,0.2502469946879436,0.0074465424835453,0.00242888299921125,0.3325864632024873,0.2081607081578378
2-7-11-12,3.333333333333333,0.00989532956413238,0.034081860945099504,0.2535445104296567,0.0107325845701217,-0.012063536223154852,-0.8534204970718375,2.6220458839533913e-05
0-5-13-15,3.333333333333333,0.0057781805054097045,0.0225119344940967,0.2524237880779862,0.0096058531922112,0.000985410121563375,-0.1400669896470862,0.6048889146942281
0-5-8-15,3.333333333333333,0.006632834908638043,0.0266543385470314,0.2563376140908572,0.0135162874213954,5.766400354975231e-06,-0.25944441787302375,0.33187242426520613
0-5-7-15,3.333333333333333,0.005778180505409452,0.0225119344940967,0.2524237880779883,0.0096058531922124,0.000985410121562925,-0.14006698964714415,0.6048889146940766
2-7-9-12,3.333333333333333,0.003491427478139354,0.0099351335992627,0.2474789730206588,0.0046404031322183,-0.0017839033622276748,-0.059311919132928104,0.8272782126914151
2-7-8-15,3.333333333333333,0.00697495337015221,0.0214269686656034,0.2534410487137367,0.0106226281696509,-0.0032566167525952495,-0.5837040031033828,0.017605013422165996
2-7-8-13,3.333333333333333,0.0017601471267644077,0.0051031014235357,0.2449384534640286,0.0020964298787592,-0.002412227389405925,-0.44208328913333744,0.08643014755613526
2-7-12-14,3.333333333333333,0.006149396736253943,0.0189280238807519,0.2522168665325049,0.0094000625592323,-0.0030665474189368503,-0.5499255904610578,0.027319109055868207
3-8-14-15,3.333333333333333,0.007146385960571673,0.0291248077097559,0.2625322954827816,0.0197564971329849,-0.0022858000165298497,-0.5504327876906749,0.02714812280320502
3-10-12-13,3.333333333333333,0.005662363900525091,0.020209618969005798,0.2526023861047058,0.0098171316701135,0.0027306677130148997,0.0314916768204912,0.9078298728107945
2-9-12-15,3.333333333333333,0.0062811618762384745,0.0192993713571775,0.2531089780108935,0.01028704982499,-0.002723214345066525,-0.607515645721507,0.01255531156128242
2-8-13-15,3.333333333333333,0.00697495337015277,0.0214269686656018,0.2534410487137353,0.0106226281696493,-0.003256616752595175,-0.5837040031033491,0.017605013422174118
3-8-10-12,3.333333333333333,0.00475745451476205,0.0187690849711859,0.2515676866945366,0.0087655481155166,0.0033435893359686996,0.2831339805358807,0.2879604708548711
0-5-11-14,3.333333333333333,0.0034914274781388008,0.009935133599260501,0.2474789730206565,0.0046404031322165,-0.001783903362227275,-0.05931191913289324,0.8272782126915152
0-6-7-12,3.333333333333333,0.004954894351830912,0.019440209314222502,0.2527864384842526,0.0099760484576244,0.00048565375582810004,-0.18998073057707018,0.48097260357530836
0-6-14-15,3.333333333333333,0.0047574545147625385,0.0187690849711896,0.251567686694542,0.0087655481155207,0.0033435893359706,0.28313398053598193,0.28796047085469123
2-6-12-15,3.333333333333333,0.004954894351830951,0.0194402093142203,0.2527864384842524,0.0099760484576233,0.00048565375582617504,-0.18998073057720408,0.48097260357499333
2-5-8-15,3.333333333333333,0.0031540059934109656,0.0110032301975193,0.2489869352860107,0.0061526451510769,-0.0021029362427084503,-0.3178720426470026,0.2302250874092588
3-9-12-14,3.333333333333333,0.006632834908638756,0.0266543385470327,0.2563376140908568,0.0135162874213953,5.766400355799875e-06,-0.25944441787294803,0.33187242426535224
2-8-11-12,3.333333333333333,0.0036228934512191244,0.0149170828116248,0.2502469946879386,0.0074465424835401,0.002428882999209625,0.3325864632023513,0.20816070815803528
0-4-6-15,3.333333333333333,0.00475745451476211,0.018769084971186997,0.2515676866945391,0.0087655481155177,0.00334358933596925,0.2831339805359199,0.2879604708548016
0-4-12-15,3.333333333333333,0.007520026059267321,0.025025247169644903,0.2550256146823206,0.0122702507105384,-0.0018511906478926748,-0.5210244150780876,0.0384992914869739
0-1-7-12,3.333333333333333,0.0071463859605719535,0.0291248077097572,0.262532295482783,0.0197564971329855,-0.002285800016529925,-0.5504327876906412,0.027148122803216393
0-1-11-13,3.333333333333333,0.0036228934512197476,0.014917082811631899,0.2502469946879442,0.0074465424835457,0.002428882999210175,0.33258646320240925,0.2081607081579509
0-1-3-15,3.333333333333333,0.007520026059267228,0.0250252471696443,0.2550256146823199,0.0122702507105384,-0.0018511906478938,-0.5210244150781638,0.038499291486940534
0-1-4-15,3.333333333333333,0.0074812451903121,0.028508410909363,0.2614482946960821,0.0187142627392808,-0.0062909922785096255,-0.37138462536571587,0.15668986971326734
3-5-8-14,3.333333333333333,0.002246126833255332,0.0083715379104211,0.246359805135328,0.0035238552360656,-0.0006433624720698249,-0.16544153054919974,0.5403203098414222
3-5-8-12,3.333333333333333,0.005662363900525473,0.0202096189690106,0.2526023861047123,0.0098171316701202,0.00273066771301575,0.03149167682042173,0.9078298728109975
3-5-12-13,3.333333333333333,0.004757454514762569,0.0187690849711891,0.2515676866945406,0.0087655481155203,0.003343589335970225,0.2831339805359506,0.28796047085474735
3-5-7-12,3.333333333333333,0.004757454514762032,0.0187690849711847,0.2515676866945359,0.0087655481155157,0.0033435893359677,0.28313398053580346,0.2879604708550084
0-10-13-15,3.333333333333333,0.006632834908639221,0.0266543385470322,0.2563376140908563,0.013516287421395,5.7664003564248095e-06,-0.2594444178729485,0.3318724242653514
0-10-11-12,3.333333333333333,0.0049548943518310865,0.019440209314222003,0.252786438484252,0.0099760484576243,0.0004856537558294502,-0.18998073057702647,0.48097260357541116
0-2-10-15,3.333333333333333,0.005778180505411121,0.0225119344941107,0.2524237880780008,0.009605853192225,0.0009854101215668004,-0.14006698964687805,0.6048889146947695
0-12-14-15,3.333333333333333,0.007520026059267733,0.0250252471696447,0.2550256146823205,0.0122702507105386,-0.0018511906478930252,-0.5210244150781433,0.03849929148694946
3-4-7-13,3.333333333333333,0.0036228934512191444,0.0149170828116268,0.2502469946879401,0.0074465424835417,0.0024288829992093254,0.3325864632022966,0.2081607081581146
0-1-6-15,3.333333333333333,0.005662363900525755,0.0202096189690118,0.2526023861047114,0.0098171316701195,0.0027306677130166748,0.03149167682054778,0.9078298728106293
0-1-9-15,3.333333333333333,0.0047574545147624,0.018769084971186803,0.2515676866945381,0.0087655481155176,0.003343589335970825,0.28313398053606953,0.28796047085453613
0-1-7-14,3.333333333333333,0.004951560209398163,0.0178155394102511,0.2499146989067585,0.0071256406109771,0.000941510948387175,-0.1692664441344522,0.5308611504609932
0-1-7-15,3.5,0.006395339103083522,0.0217832261137081,0.2512717177461617,0.0085047248158261,0.0013197281398886502,-0.2929089685240278,0.2709110574683549
0-1-8-15,3.5,0.0051435387822747055,0.0180107223246721,0.2512742237191842,0.0084907794439278,0.0015464949977067998,-0.18297516206857045,0.4975862782436635
0-1-11-14,3.5,0.004796372046052015,0.0158570841816499,0.2530182739394573,0.0102183587944823,0.0016098489189544502,0.26284907724540074,0.32533703889727966
0-1-13-15,3.5,0.004822491180311578,0.0176605973376493,0.2492595012521832,0.0064808815224774,0.0033595488065082247,0.19087256640455702,0.4788770766485036
3-4-7-12,3.5,0.0048224911803117125,0.017660597337647098,0.2492595012521832,0.006480881522477,0.0033595488065085496,0.19087256640447992,0.4788770766486844
0-10-12-15,3.5,0.007236403762116481,0.0229661748615319,0.2520264040284469,0.009220263716784,-0.0015218957881016,-0.532378154815732,0.033758611344251385
0-1-10-15,3.5,0.004560106695283632,0.0154626215207447,0.2498220077769955,0.007025449384587,0.004317695860073349,0.5929105592221564,0.015493860588916244
0-2-11-13,3.5,0.003109055025609282,0.010766372019671,0.2478132820217654,0.0049845379747775,0.0008439295319746,0.006431239354481227,0.9811411969962356
3-5-12-14,3.5,0.004197076208459817,0.0130673607608262,0.2516613189922752,0.0088295882481479,0.0026232308869043254,0.14799086224245617,0.5843981365513373
3-5-11-12,3.5,0.004197076208459018,0.0130673607608198,0.2516613189922699,0.0088295882481424,0.00262323088690345,0.14799086224239982,0.5843981365514825
3-5-8-15,3.5,0.0032156038201013462,0.0100610603945008,0.2478100542572704,0.0049780936342812,-0.0014293145554905,-0.2829124765892762,0.2883540884208827
0-5-12-15,3.5,0.007236403762115767,0.0229661748615321,0.2520264040284478,0.0092202637167845,-0.001521895788100925,-0.5323781548157318,0.033758611344251475
0-6-13-15,3.5,0.004197076208459422,0.0130673607608246,0.2516613189922745,0.0088295882481465,0.002623230886904325,0.14799086224249436,0.5843981365512394
2-5-12-15,3.5,0.003215603820100671,0.010061060394498899,0.2478100542572686,0.0049780936342801,-0.001429314555491375,-0.282912476589286,0.2883540884208654
3-9-12-15,3.5,0.0072364037621157895,0.0229661748615318,0.252026404028448,0.009220263716784,-0.0015218957880999253,-0.5323781548156648,0.03375861134427812
0-4-13-15,3.5,0.00639533910308353,0.021783226113709003,0.251271717746162,0.0085047248158269,0.001319728139888625,-0.2929089685240259,0.27091105746835786
0-7-12-13,3.5,0.00587653229639684,0.0204957835295443,0.2554799993647502,0.0126899912582045,0.001237782333366025,-0.10404400333060713,0.7013785695831548
2-7-12-15,3.5,0.007967045509940523,0.02621344835496,0.2566678386514039,0.013863503720778,-0.006145255388491201,-0.7917058316092954,0.00025772368315000397
2-7-8-12,3.5,0.004796372046051453,0.0158570841816423,0.253018273939456,0.0102183587944807,0.0016098489189549502,0.262849077245432,0.3253370388972203
0-5-14-15,3.5,0.004560106695283822,0.015462621520746001,0.2498220077769961,0.0070254493845881,0.0043176958600721,0.592910559222033,0.01549386058894317
2-7-12-13,3.5,0.004796372046051701,0.0158570841816488,0.2530182739394564,0.0102183587944818,0.0016098489189552252,0.26284907724546847,0.3253370388971506
0-5-11-15,3.5,0.00456010669528303,0.0154626215207398,0.249822007776991,0.0070254493845832,0.004317695860071351,0.5929105592220093,0.015493860588948303
3-8-11-12,3.5,0.004822491180311754,0.0176605973376465,0.2492595012521824,0.0064808815224764,0.003359548806508025,0.19087256640446917,0.47887707664870977
2-8-12-15,3.5,0.005876532296397297,0.0204957835295416,0.2554799993647481,0.0126899912582022,0.0012377823333655001,-0.10404400333062913,0.7013785695830941
0-4-7-15,3.5,0.004822491180311437,0.0176605973376467,0.2492595012521838,0.0064808815224768,0.003359548806507475,0.19087256640446412,0.47887707664872164
0-3-9-12,3.5,0.007236403762115622,0.0229661748615323,0.2520264040284489,0.0092202637167848,-0.001521895788097825,-0.5323781548155809,0.03375861134431144
0-3-9-14,3.5,0.0032156038201009676,0.010061060394500599,0.2478100542572683,0.0049780936342799,-0.00142931455549015,-0.2829124765891208,0.28835408842115917
0-3-7-13,3.5,0.005876532296396683,0.0204957835295417,0.2554799993647486,0.0126899912582024,0.001237782333366425,-0.1040440033306195,0.7013785695831205
0-6-11-12,3.5,0.0032156038201012374,0.0100610603945,0.2478100542572706,0.0049780936342811,-0.001429314555490125,-0.28291247658924346,0.2883540884209407
0-4-11-14,3.5,0.0047963720460518465,0.0158570841816441,0.2530182739394575,0.0102183587944819,0.0016098489189554502,0.26284907724546536,0.32533703889715676
0-7-14-15,3.5,0.005143538782275387,0.018010722324678402,0.2512742237191909,0.0084907794439344,0.0015464949977079749,-0.18297516206854283,0.49758627824372903
0-7-13-14,3.5,0.006998707102617282,0.0244724292364242,0.2480449291069464,0.0052219632112092,-0.008613355298561876,-0.7747211685229828,0.0004248824336476294
0-7-11-13,3.5,0.006998707102617686,0.024472429236426098,0.2480449291069464,0.0052219632112097,-0.0086133552985609,-0.7747211685229067,0.0004248824336485387
2-4-13-15,3.5,0.0031090550256091623,0.0107663720196709,0.2478132820217661,0.0049845379747774,0.000843929531973675,0.00643123935436489,0.9811411969965773
3-11-12-13,3.5,0.00639533910308384,0.0217832261137092,0.2512717177461618,0.0085047248158266,0.001319728139888625,-0.2929089685240476,0.270911057468321
0-4-10-15,3.5,0.004560106695283263,0.0154626215207418,0.2498220077769933,0.0070254493845853,0.0043176958600718,0.592910559222056,0.015493860588938124
3-4-12-13,3.5,0.005143538782274886,0.0180107223246726,0.2512742237191843,0.0084907794439285,0.001546494997706725,-0.1829751620685832,0.49758627824363316
0-3-4-14,3.5,0.005876532296396836,0.020495783529540998,0.255479999364748,0.0126899912582021,0.0012377823333665251,-0.1040440033305842,0.7013785695832171
3-4-11-13,3.5,0.0031090550256095144,0.010766372019674099,0.2478132820217693,0.0049845379747799,0.000843929531974025,0.006431239354385936,0.9811411969965149
2-3-9-12,3.5,0.004560106695284096,0.0154626215207452,0.2498220077769963,0.0070254493845872,0.00431769586007465,0.5929105592221661,0.015493860588914126
2-3-8-15,3.5,0.005876532296397516,0.0204957835295432,0.2554799993647495,0.0126899912582036,0.001237782333365575,-0.10404400333057658,0.7013785695832384
2-4-8-15,3.5,0.006998707102617338,0.0244724292364227,0.2480449291069449,0.0052219632112088,-0.00861335529856215,-0.7747211685229798,0.000424882433647664
3-4-10-12,3.5,0.004197076208458454,0.0130673607608205,0.251661318992271,0.008829588248143,0.00262323088690205,0.14799086224228247,0.5843981365517839
0-7-10-12,3.5,0.003215603820100388,0.0100610603944934,0.2478100542572693,0.0049780936342809,-0.0014293145554893248,-0.28291247658922014,0.2883540884209824
0-6-8-15,3.5,0.0041970762084598805,0.013067360760822301,0.2516613189922735,0.008829588248145,0.002623230886905175,0.14799086224251312,0.5843981365511918
0-7-9-15,3.5,0.004197076208459418,0.0130673607608267,0.2516613189922774,0.0088295882481497,0.002623230886903375,0.14799086224230706,0.584398136551721
2-4-11-12,3.5,0.00310905502560926,0.0107663720196725,0.2478132820217683,0.0049845379747791,0.000843929531974275,0.006431239354435757,0.9811411969963697
2-3-12-14,3.5,0.00482249118031205,0.0176605973376494,0.2492595012521833,0.0064808815224773,0.0033595488065103997,0.19087256640468098,0.4788770766482124
0-3-5-15,3.5,0.007236403762115385,0.0229661748615321,0.2520264040284475,0.0092202637167842,-0.0015218957880999747,-0.532378154815685,0.0337586113442701
0-3-6-12,3.5,0.0072364037621156846,0.0229661748615326,0.2520264040284481,0.0092202637167845,-0.0015218957880987747,-0.5323781548156201,0.03375861134429581
0-2-9-15,3.5,0.0041970762084597045,0.0130673607608204,0.2516613189922698,0.0088295882481422,0.00262323088690615,0.14799086224269353,0.5843981365507281
0-3-10-13,3.5,0.0032156038201002534,0.0100610603944939,0.2478100542572689,0.0049780936342797,-0.00142931455549055,-0.2829124765892406,0.2883540884209459
0-8-14-15,3.5,0.0063953391030841765,0.0217832261137094,0.2512717177461618,0.0085047248158267,0.0013197281398903502,-0.2929089685239625,0.27091105746846667
0-8-11-15,3.5,0.004822491180311961,0.017660597337646203,0.2492595012521823,0.0064808815224762,0.0033595488065095254,0.19087256640454053,0.47887707664854245
1-2-11-12,3.5,0.0069987071026165444,0.024472429236422198,0.2480449291069455,0.0052219632112097,-0.00861335529856215,-0.7747211685230294,0.0004248824336470709
0-2-4-15,3.5,0.005143538782274322,0.0180107223246719,0.251274223719182,0.0084907794439261,0.0015464949977058997,-0.1829751620686789,0.4975862782434045
0-3-8-13,3.5,0.007967045509940544,0.0262134483549621,0.2566678386514037,0.0138635037207778,-0.006145255388491925,-0.791705831609318,0.00025772368314982616
0-2-7-12,3.5,0.007967045509940233,0.0262134483549571,0.2566678386514047,0.0138635037207795,-0.006145255388489374,-0.791705831609244,0.0002577236831504119
3-8-12-14,3.5,0.005143538782274655,0.0180107223246744,0.2512742237191843,0.0084907794439286,0.001546494997706625,-0.18297516206863718,0.4975862782435043
3-8-13-15,3.5,0.007967045509940176,0.0262134483549592,0.2566678386514046,0.0138635037207793,-0.0061452553884906,-0.7917058316092924,0.00025772368315002853
3-7-9-12,3.5,0.004560106695283518,0.015462621520742601,0.2498220077769945,0.0070254493845862,0.0043176958600729745,0.5929105592220661,0.015493860588935914
3-7-8-13,3.5,0.004796372046051495,0.0158570841816431,0.2530182739394555,0.0102183587944807,0.0016098489189546503,0.26284907724541157,0.32533703889725907
0-7-8-14,3.5,0.003109055025609465,0.0107663720196734,0.2478132820217682,0.0049845379747796,0.000843929531974925,0.006431239354518795,0.9811411969961261
2-3-4-12,3.5,0.006395339103084082,0.0217832261137088,0.2512717177461618,0.0085047248158264,0.0013197281398895,-0.29290896852399817,0.2709110574684058
1-4-14-15,3.5,0.004796372046051906,0.0158570841816494,0.2530182739394573,0.0102183587944821,0.0016098489189553,0.2628490772454663,0.3253370388971547
1-7-11-12,3.5,0.006998707102617885,0.0244724292364248,0.2480449291069462,0.0052219632112091,-0.0086133552985632,-0.7747211685229951,0.0004248824336474804
1-11-12-15,3.5,0.0058765322963972196,0.0204957835295417,0.2554799993647491,0.0126899912582024,0.001237782333365125,-0.10404400333067473,0.7013785695829691
1-3-12-13,3.5,0.004822491180311869,0.017660597337648798,0.2492595012521834,0.0064808815224773,0.0033595488065109,0.19087256640471273,0.47887707664813794
1-7-8-15,3.5,0.0031090550256092477,0.010766372019673301,0.2478132820217685,0.0049845379747796,0.000843929531973025,0.006431239354260321,0.981141196996884
1-6-12-15,3.5,0.00321560382010071,0.0100610603944982,0.2478100542572693,0.0049780936342802,-0.0014293145554905501,-0.2829124765891923,0.2883540884210319
3-6-8-12,3.5,0.004560106695283085,0.0154626215207412,0.2498220077769926,0.0070254493845843,0.004317695860071949,0.5929105592220633,0.015493860588936585
0-2-14-15,3.5,0.004822491180312126,0.0176605973376492,0.249259501252184,0.0064808815224774,0.0033595488065112753,0.19087256640474598,0.4788770766480601
1-4-12-15,3.5,0.00796704550994051,0.026213448354961,0.2566678386514042,0.013863503720778,-0.006145255388491749,-0.7917058316093113,0.00025772368314987896
1-7-12-14,3.5,0.0031090550256094385,0.010766372019671299,0.2478132820217664,0.0049845379747776,0.0008439295319761,0.006431239354656532,0.9811411969957216
0-3-11-14,3.5,0.00796704550994031,0.0262134483549621,0.2566678386514034,0.0138635037207779,-0.006145255388494451,-0.791705831609423,0.00025772368314899404
1-3-10-12,3.5,0.004197076208458533,0.0130673607608137,0.2516613189922637,0.0088295882481356,0.00262323088690425,0.1479908622426302,0.584398136550891
3-4-14-15,3.5,0.0058765322963972525,0.0204957835295438,0.2554799993647501,0.0126899912582041,0.0012377823333646503,-0.10404400333069126,0.7013785695829231
3-7-12-14,3.5,0.006395339103083754,0.021783226113709198,0.2512717177461624,0.0085047248158272,0.00131972813988915,-0.2929089685240317,0.2709110574683481
0-3-10-15,3.5,0.007236403762116467,0.022966174861532497,0.252026404028449,0.0092202637167848,-0.0015218957881003247,-0.5323781548156792,0.03375861134427237
3-4-13-14,3.5,0.0069987071026169,0.024472429236424,0.2480449291069459,0.0052219632112094,-0.008613355298562674,-0.774721168523022,0.0004248824336471585
0-2-11-15,3.5,0.006395339103083577,0.0217832261137081,0.2512717177461619,0.0085047248158267,0.0013197281398901,-0.29290896852398285,0.2709110574684318
2-3-11-12,3.5,0.005143538782274991,0.0180107223246743,0.2512742237191861,0.0084907794439299,0.0015464949977065001,-0.18297516206863665,0.49758627824350526
2-3-8-13,3.5,0.004796372046052014,0.0158570841816477,0.2530182739394563,0.0102183587944813,0.0016098489189548756,0.26284907724543033,0.3253370388972233
3-6-12-13,3.5,0.004560106695283957,0.015462621520747101,0.2498220077769976,0.007025449384589,0.004317695860072225,0.5929105592220326,0.015493860588943274
0-1-11-12,3.5,0.005876532296397882,0.0204957835295435,0.2554799993647501,0.0126899912582039,0.0012377823333642997,-0.10404400333065508,0.701378569583023
1-4-11-15,3.5,0.0047963720460515785,0.015857084181643,0.253018273939457,0.0102183587944818,0.0016098489189551252,0.26284907724544465,0.3253370388971961
1-3-8-12,3.5,0.006395339103083668,0.0217832261137084,0.2512717177461624,0.0085047248158266,0.0013197281398907,-0.2929089685239413,0.27091105746850314
1-3-8-14,3.5,0.003109055025609326,0.0107663720196705,0.2478132820217659,0.0049845379747772,0.0008439295319749501,0.006431239354543844,0.9811411969960531
3-4-8-14,3.5,0.006998707102617186,0.024472429236423898,0.248044929106945,0.0052219632112093,-0.008613355298562048,-0.7747211685229753,0.00042488243364771714
0-11-13-15,3.5,0.0051435387822751436,0.0180107223246808,0.2512742237191913,0.0084907794439352,0.0015464949977088247,-0.18297516206852135,0.4975862782437808
0-11-12-14,3.5,0.007967045509939772,0.0262134483549583,0.2566678386514042,0.0138635037207791,-0.006145255388491325,-0.7917058316093312,0.00025772368314972246
3-4-9-15,3.5,0.0032156038201011077,0.0100610603945005,0.2478100542572699,0.0049780936342809,-0.00142931455549105,-0.2829124765893479,0.28835408842075466
3-6-12-15,3.5,0.007236403762115933,0.022966174861531997,0.252026404028449,0.0092202637167845,-0.001521895788102025,-0.5323781548157779,0.03375861134423314
1-2-8-15,3.5,0.006998707102616674,0.0244724292364227,0.2480449291069459,0.00522196321121,-0.008613355298562076,-0.7747211685230133,0.0004248824336472623
1-3-7-12,3.5,0.0051435387822745555,0.0180107223246741,0.2512742237191852,0.008490779443928,0.0015464949977070503,-0.18297516206858244,0.4975862782436351
1-3-4-15,3.5,0.007967045509940127,0.0262134483549568,0.2566678386514053,0.0138635037207796,-0.0061452553884893246,-0.791705831609246,0.00025772368315039613
3-7-12-13,3.6666666666666665,0.004479279148513191,0.0129671197115683,0.2489386845483212,0.00618247354501,0.00590746536109465,0.5268705987493382,0.03599949058736675
2-4-12-15,3.6666666666666665,0.0038207061546471064,0.013981460627783101,0.2518892281612899,0.0090671498389086,-0.0008258038054642751,-0.41665150094040354,0.10840125032903417
0-3-14-15,3.6666666666666665,0.006098679582811129,0.0189381199875086,0.2520866347701546,0.0093158361594544,0.0004705913482600751,-0.2647912234417165,0.3216425677336186
0-7-11-12,3.6666666666666665,0.006475137640951268,0.0204360858745741,0.2452191901591469,0.0023958558481993,-0.0095781931314404,-0.7880208247059526,0.00028832542789688587
0-3-9-15,3.6666666666666665,0.004408593534438271,0.0133238381380355,0.2486842983624215,0.0058607178966782,0.0006546094722360502,-0.14411343493754747,0.5943891791395174
0-3-4-15,3.6666666666666665,0.0060986795828099705,0.0189381199875095,0.2520866347701551,0.0093158361594552,0.0004705913482594751,-0.2647912234417597,0.3216425677335364
3-4-13-15,3.6666666666666665,0.0038207061546470964,0.013981460627783701,0.2518892281612906,0.0090671498389097,-0.0008258038054644501,-0.4166515009404098,0.10840125032902814
2-3-12-13,3.6666666666666665,0.003872641651593176,0.0117148413878926,0.2495897724329985,0.0068370211153297,0.004851591324448425,0.5875148152213292,0.01670566130246711
0-3-13-14,3.6666666666666665,0.006475137640951452,0.0204360858745746,0.2452191901591467,0.0023958558481989,-0.009578193131441426,-0.7880208247059931,0.0002883254278965329
0-7-8-15,3.6666666666666665,0.004051864080833537,0.0120963165867011,0.2500760458233111,0.0072610547246354,0.0053279319204209245,0.7862621534566248,0.00030395570834509315
3-8-12-15,3.6666666666666665,0.006098679582809904,0.01893811998751,0.2520866347701558,0.0093158361594556,0.0004705913482612755,-0.26479122344167993,0.3216425677336875
0-3-8-14,3.6666666666666665,0.003820706154646891,0.013981460627782799,0.2518892281612886,0.0090671498389081,-0.000825803805463125,-0.416651500940318,0.10840125032911399
0-3-10-12,3.6666666666666665,0.004408593534436588,0.0133238381380212,0.2486842983624142,0.0058607178966711,0.000654609472235475,-0.14411343493761664,0.5943891791393392
1-2-12-15,3.6666666666666665,0.006475137640951252,0.020436085874574402,0.2452191901591465,0.0023958558481993,-0.009578193131441676,-0.7880208247060123,0.00028832542789636686
3-7-8-12,3.6666666666666665,0.003872641651592197,0.011714841387886601,0.249589772432995,0.0068370211153259,0.00485159132444755,0.5875148152213236,0.016705661302468394
2-3-8-12,3.6666666666666665,0.004479279148512859,0.0129671197115656,0.248938684548319,0.0061824735450077,0.005907465361093625,0.526870598749279,0.03599949058739148
1-3-11-12,3.6666666666666665,0.004632608675500654,0.0163116827800749,0.2523958310139447,0.0095795454021321,0.002857041811477025,0.01613330441630082,0.9527118140504629
0-2-8-15,3.6666666666666665,0.004632608675500576,0.016311682780072598,0.2523958310139425,0.0095795454021294,0.002857041811476725,0.01613330441631261,0.9527118140504278
0-2-13-15,3.6666666666666665,0.004051864080832124,0.0120963165866926,0.2500760458233016,0.0072610547246268,0.005327931920418,0.7862621534566603,0.00030395570834477055
3-4-12-14,3.6666666666666665,0.0046326086755005685,0.0163116827800724,0.2523958310139427,0.0095795454021297,0.002857041811476575,0.01613330441630026,0.952711814050464
3-5-12-15,3.6666666666666665,0.0044085935344369285,0.0133238381380255,0.2486842983624206,0.0058607178966769,0.0006546094722379248,-0.1441134349373807,0.5943891791399493
0-3-7-12,3.6666666666666665,0.006098679582809806,0.0189381199875099,0.2520866347701556,0.0093158361594554,0.0004705913482603752,-0.26479122344173733,0.3216425677335789
0-6-12-15,3.6666666666666665,0.004408593534438203,0.0133238381380334,0.2486842983624222,0.0058607178966782,0.000654609472237575,-0.14411343493740175,0.5943891791398942
3-4-11-12,3.6666666666666665,0.0040518640808337066,0.0120963165867011,0.2500760458233116,0.0072610547246354,0.00532793192042165,0.7862621534566657,0.00030395570834471997
0-7-13-15,3.6666666666666665,0.004632608675499799,0.0163116827800677,0.2523958310139375,0.0095795454021249,0.0028570418114752,0.01613330441621824,0.9527118140507045
0-2-11-12,3.6666666666666665,0.003820706154647111,0.013981460627783,0.2518892281612893,0.0090671498389092,-0.0008258038054642499,-0.4166515009404251,0.10840125032901406
0-1-12-15,3.6666666666666665,0.006098679582810936,0.0189381199875092,0.2520866347701545,0.0093158361594546,0.0004705913482578503,-0.2647912234418121,0.3216425677334368
0-1-14-15,3.6666666666666665,0.003872641651593156,0.0117148413878926,0.2495897724329985,0.0068370211153298,0.004851591324448399,0.587514815221329,0.016705661302467173
0-1-11-15,3.6666666666666665,0.004479279148512899,0.0129671197115661,0.2489386845483191,0.0061824735450082,0.0059074653610936,0.5268705987492696,0.03599949058739545
0-4-14-15,3.6666666666666665,0.004479279148513451,0.0129671197115685,0.2489386845483221,0.0061824735450103,0.0059074653610958995,0.5268705987494213,0.03599949058733214
0-4-11-15,3.6666666666666665,0.0038726416515923665,0.0117148413878884,0.249589772432997,0.0068370211153277,0.004851591324448274,0.587514815221374,0.01670566130245674
0-7-12-14,3.6666666666666665,0.0038207061546471624,0.013981460627783299,0.25188922816129,0.0090671498389095,-0.0008258038054660499,-0.41665150094053544,0.10840125032891101
1-7-12-15,3.6666666666666665,0.0038207061546470964,0.013981460627783,0.2518892281612894,0.0090671498389086,-0.0008258038054642499,-0.4166515009404148,0.10840125032902362
2-3-12-15,3.6666666666666665,0.006098679582810518,0.0189381199875087,0.2520866347701544,0.0093158361594544,0.000470591348260275,-0.2647912234416861,0.32164256773367583
0-3-12-13,3.6666666666666665,0.006098679582809863,0.018938119987508502,0.2520866347701543,0.0093158361594544,0.0004705913482601251,-0.264791223441711,0.3216425677336284
0-3-11-13,3.6666666666666665,0.0038207061546471775,0.013981460627782698,0.2518892281612884,0.0090671498389081,-0.0008258038054654001,-0.41665150094050724,0.10840125032893722
3-4-8-15,3.6666666666666665,0.00647513764095091,0.0204360858745732,0.245219190159146,0.0023958558481992,-0.009578193131441376,-0.7880208247060174,0.00028832542789632224
1-3-8-15,3.6666666666666665,0.003820706154646994,0.013981460627783101,0.25188922816129,0.0090671498389091,-0.0008258038054637751,-0.41665150094034875,0.10840125032908533
1-3-12-14,3.6666666666666665,0.00405186408083317,0.012096316586699199,0.2500760458233088,0.0072610547246334,0.005327931920421175,0.7862621534567458,0.00030395570834399426
0-11-12-15,3.6666666666666665,0.006098679582810668,0.0189381199875098,0.2520866347701556,0.0093158361594555,0.00047059134826102486,-0.26479122344169626,0.3216425677336566
1-3-12-15,3.8333333333333335,0.0038530557678531138,0.0153978943798002,0.2494581501240902,0.0066464274229228,0.0019556161148401746,0.11009957003908821,0.6848072528677323
0-2-12-15,3.8333333333333335,0.0038530557678525534,0.015397894379798199,0.2494581501240881,0.0066464274229208,0.0019556161148396,0.11009957003903134,0.6848072528678872
0-3-11-12,3.8333333333333335,0.0038530557678534893,0.0153978943798007,0.2494581501240906,0.0066464274229233,0.0019556161148386,0.11009957003891223,0.6848072528682116
3-4-12-15,3.8333333333333335,0.003853055767853207,0.0153978943797966,0.2494581501240874,0.0066464274229192,0.0019556161148393,0.11009957003902149,0.6848072528679142
0-3-13-15,3.8333333333333335,0.003853055767852234,0.0153978943797944,0.2494581501240843,0.0066464274229172,0.001955616114839025,0.11009957003902199,0.684807252867913
0-3-8-15,3.8333333333333335,0.0038530557678530856,0.0153978943797996,0.2494581501240898,0.0066464274229222,0.0019556161148411998,0.11009957003921123,0.6848072528673965
0-3-12-14,3.8333333333333335,0.003853055767853446,0.015397894379800998,0.2494581501240906,0.0066464274229236,0.0019556161148388497,0.11009957003893385,0.684807252868153
0-7-12-15,3.8333333333333335,0.0038530557678523505,0.015397894379791499,0.2494581501240816,0.006646427422914,0.0019556161148391498,0.11009957003906114,0.6848072528678059
0-3-12-15,4.0,0.001430031432383546,0.0036809498328954,0.2462514209018396,0.0034458854576138,0.0034458854576109002,0.9931284380820937,1.9049385113124905e-14
