temperature_step,temperature,current_energy,best_energy,current_D,best_E_D,best_D,accepted,acceptance_rate,new_bests,infeasible_proposals,blackbox_calls,security_pct,raw_DD,raw_S,raw_V,raw_N,raw_P,raw_C,z_DD,z_S,z_V,z_N,z_P,z_C,sizes,n_covered,n_overlap
1,0.03199682560140335,0.016934828755433607,-0.008129612181387523,6.436917535689539,6.426482065239164,6.425875054319061,11,0.36666666666666664,1,6,71,65.44133333333333,6.436917535689539,-0.17021766127172325,0.03791099039263191,8787.0,26.845961603895763,7.004299540517834,0.002036410486918479,-0.03997631438327188,0.06841911286565044,-0.2795596251203493,0.01438006874707429,-0.000254311909575608,44|39|5|42|5|39|41|8|5|15,82,52
2,0.03167685734538932,0.023999564921213867,-0.008129612181387523,6.443961993205575,6.426482065239164,6.416384445585671,13,0.43333333333333335,0,6,101,65.44133333333333,6.443961993205575,-0.1618146726583468,0.03444451228683533,9113.0,27.48183467423352,7.0043141246989125,0.003914215921408886,0.6716696846934874,-0.7533450002216151,0.04021734957871692,0.0285130513019856,-0.000249661595948154,44|38|5|46|5|39|42|8|7|13,87,52
3,0.03136008877193543,0.12251085667192088,-0.008129612181387523,6.4302994084089615,6.426482065239164,6.416384445585671,8,0.26666666666666666,0,13,131,65.56333333333333,6.4302994084089615,-0.15976998765747788,0.034083370446136435,9410.0,28.139740527563788,7.004309154032082,0.00027224974844749513,0.8448333014957644,-0.8389573697110894,0.33154790628308095,0.04313573683724778,-0.0002512465433355207,44|36|5|48|6|39|45|7|7|13,89,53
4,0.031046487884216073,0.11778272732435126,-0.008129612181387523,6.437270883530938,6.426482065239164,6.416384445585671,9,0.3,0,13,161,65.56333333333333,6.437270883530938,-0.15897838310495174,0.03352396918727085,9671.0,28.151963179801413,7.0046476599715115,0.0021306006350361654,0.9118739983925097,-0.9715691633880437,0.5875656682354009,0.043407398807076676,-0.00014331050122276678,41|36|5|51|5|42|45|7|6|13,90,53
5,0.03073602300537391,0.25041763866514316,-0.008129612181387523,6.440048661095542,6.426482065239164,6.416384445585671,11,0.36666666666666664,0,11,191,65.56333333333333,6.440048661095542,-0.15532862634319805,0.032874338266166474,9868.0,28.93974618671365,7.004675026924776,0.0028710587604126735,1.2209705492280953,-1.1255708219655838,0.780805128406309,0.06091674778427469,-0.00013458427141117341,41|39|5|50|5|43|45|7|7|12,94,53
6,0.03042866277532017,0.20484652238798795,-0.008129612181387523,6.314566836078856,6.426482065239164,6.313130066386326,11,0.36666666666666664,0,11,221,64.67933333333333,6.314566836078856,-0.14417284501699373,0.02749147620852512,9888.0,30.00176040226111,7.6591878017578,-0.030577997097999507,2.1657495454450753,-2.4016333643113548,0.8004233477130003,0.08452118879862283,0.2085634331011632,40|40|5|50|5|44|44|9|8|11,96,55
7,0.03012437614756697,0.18331262515123736,-0.008129612181387523,6.311937761210514,6.426482065239164,6.310858778392723,11,0.36666666666666664,0,7,251,64.67933333333333,6.311937761210514,-0.14457602310664272,0.027522708198722472,9696.0,30.257795034303125,7.659123050706548,-0.03127881629723764,2.131604542087892,-2.394229501387323,0.6120884423687649,0.09021184178724663,0.20854278657364136,38|38|5|51|5|45|43|9|9|11,96,56
8,0.0298231323860913,0.22837528752840874,-0.008129612181387523,6.396817317121429,6.426482065239164,5.609119539566421,7,0.23333333333333334,0,13,281,65.31333333333333,6.396817317121429,-0.14036986185696426,0.027028523313451052,9879.0,30.433296571275708,6.888573977077177,-0.008652902093934498,2.4878227833027426,-2.511381086238565,0.7915951490249892,0.09411255763148914,-0.03715457815044566,39|37|5|52|5|45|44|7|9|12,97,56
9,0.029524901062230387,0.3186412339263496,-0.008129612181387523,6.344235210722824,6.426482065239164,5.609119539566421,11,0.36666666666666664,0,11,311,65.31333333333333,6.344235210722824,-0.13689398211737397,0.026383436294943347,10487.0,30.38650394013968,6.7380370986549405,-0.022669448425214143,2.7821937534137526,-2.6643055662004183,1.3879890159484012,0.0930725396304239,-0.0851547842215828,42|38|5|54|5|46|44|6|9|12,100,58
10,0.029229652051608084,0.4251465803605353,-0.008129612181387523,6.349164189112973,6.426482065239164,5.609119539566421,10,0.3333333333333333,0,8,341,65.31333333333333,6.349164189112973,-0.13395698295490863,0.025651564151395294,11137.0,30.473311799881067,6.737758881170288,-0.021355555568817807,3.0309271266725335,-2.837803348266414,2.0255811434158644,0.09500194036240103,-0.0852434966801901,43|37|5|57|6|48|45|6|10|12,106,60
11,0.028937355531092,0.388889398839103,-0.008129612181387523,6.352432875942733,6.426482065239164,5.609119539566421,13,0.43333333333333335,0,5,371,65.31333333333333,6.352432875942733,-0.12517604502281454,0.02182745329337487,11517.0,30.63177535373536,6.737745984467776,-0.020484238241884244,3.7745815138233914,-3.7443479655059333,2.398327310242997,0.09852396818003196,-0.08524760892421103,44|38|5|59|7|47|46|6|10|11,110,62
12,0.02864798197578108,0.07530313315240665,-0.008129612181387523,6.191261483756214,6.426482065239164,5.609119539566421,8,0.26666666666666666,0,13,401,65.09533333333334,6.191261483756214,-0.13055300582176355,0.020969037004428138,11933.0,30.619608542222327,6.854072342094938,-0.0634468816311406,3.319208691626137,-3.9478443323707317,2.8063862718221735,0.09825354733209252,-0.04815577338111545,45|38|5|61|7|46|48|7|10|10,114,62
13,0.02836150215602327,0.04191363927132932,-0.008129612181387523,6.191193555608623,6.426482065239164,5.609119539566421,11,0.36666666666666664,0,12,431,65.09533333333334,6.191193555608623,-0.13086592182268705,0.021172412128520987,11491.0,30.600030303433538,6.854068998860868,-0.06346498889410722,3.2927079511931643,-3.8996321777361165,2.3728236251442985,0.09781839931251864,-0.04815683940510895,48|37|5|59|7|46|44|7|9|9,115,61
14,0.028077887134463037,-0.06153704504573462,-0.06153704504573462,6.175185245452,6.175185245452,5.609119539566421,11,0.36666666666666664,6,12,461,65.09533333333334,6.175185245452,-0.12955747905436837,0.020143967644823495,11357.0,30.160024789174617,6.854168565359374,-0.06773224322003431,3.4035194855099715,-4.143435468341626,2.2413815557894674,0.08803878991062501,-0.04812509162013972,47|36|5|60|7|45|44|6|9|10,117,61
15,0.027797108263118406,-0.01855740599507258,-0.07897034948162408,6.187457359183985,6.186536656531178,5.609119539566421,9,0.3,2,11,491,65.09533333333334,6.187457359183985,-0.12931853118803527,0.0201497132822499,11298.0,30.940927556134618,6.8540657493966775,-0.06446092789076356,3.423755891970548,-4.142073406185244,2.1835078088347286,0.10539521794219014,-0.04815787552962797,48|35|5|59|7|46|43|7|10|10,118,61
16,0.02751913718048722,0.0539561930795725,-0.07897034948162408,6.197361956965057,6.186536656531178,5.609119539566421,8,0.26666666666666666,0,13,521,65.09533333333334,6.197361956965057,-0.12935864561104657,0.020595525012930497,11457.0,31.01140726631027,6.8540684977137305,-0.061820709322137075,3.420358616316048,-4.03638917271092,2.3394726523229235,0.10696170748366196,-0.04815699920094175,49|36|5|58|7|46|44|7|11|10,118,64
17,0.02724394580868235,0.08812625197030996,-0.07897034948162408,6.175979758339762,6.186536656531178,5.609119539566421,15,0.5,0,10,551,64.97333333333333,6.175979758339762,-0.12888420616043203,0.020428704054205195,11541.0,31.575558214044285,6.893180635400044,-0.06752045393533543,3.460538717988035,-4.075935788326934,2.4218691734110265,0.11950058650621033,-0.03568569855685709,47|35|5|57|6|46|48|9|14|10,121,66
18,0.026971506350595524,0.0864967112343967,-0.07897034948162408,6.164389167825274,6.186536656531178,5.609119539566421,12,0.4,0,14,581,64.97333333333333,6.164389167825274,-0.1270226371270941,0.019474998865715916,12243.0,30.828712070425972,6.893269136199032,-0.07061009906521433,3.618194311198199,-4.302021364074577,3.110468671075887,0.10290110461062732,-0.03565747918208724,50|37|5|58|6|46|50|8|13|10,125,69
19,0.02670179128708957,0.13370216136541369,-0.07897034948162408,6.164089905468739,6.186536656531178,5.609119539566421,12,0.4,0,13,611,64.97333333333333,6.164089905468739,-0.12647539639263344,0.019370661567310175,12547.0,30.97854652775875,6.893265127646661,-0.07068987191900189,3.6645399266844345,-4.326755588514922,3.408665604537593,0.10623134121033725,-0.035658757349549375,52|39|5|58|6|44|51|8|14|10,130,70
20,0.026434773374218675,0.18061674776002418,-0.07897034948162408,6.163827469611431,6.186536656531178,5.609119539566421,7,0.23333333333333334,0,19,641,64.97333333333333,6.163827469611431,-0.1261510026620714,0.0194331621325056,12697.0,31.228850556384025,6.8932633604733695,-0.07075982811902663,3.69201271179717,-4.311939189865414,3.5558022493377766,0.11179462519735371,-0.0356593208306248,52|39|5|58|6|43|53|8|15|10,132,71
21,0.02617042564047649,0.175867884811193,-0.07897034948162408,6.174455789792215,6.186536656531178,5.609119539566421,10,0.3333333333333333,0,12,671,64.97333333333333,6.174455789792215,-0.1260961500028976,0.01957222993711424,12538.0,30.98596566063278,6.8932935053613535,-0.06792669052829704,3.696658163223539,-4.278971743475918,3.3998374058495817,0.10639623964741927,-0.03564970882823448,53|37|5|57|6|44|52|8|15|11,133,70
22,0.025908721384071725,0.19176525813230563,-0.07897034948162408,6.175721455589943,6.186536656531178,5.609119539566421,9,0.3,0,15,701,64.97333333333333,6.175721455589943,-0.12553039472681063,0.01938319181376219,12689.0,30.967917662008613,6.893296123683868,-0.06758930839378745,3.7445717683952675,-4.32378516535108,3.5479549616151003,0.10599510290865015,-0.035648873949621566,53|39|5|58|6|43|52|8|14|11,132,72
23,0.025649634170231007,0.14424595842907104,-0.07897034948162408,6.143432135188544,6.186536656531178,5.609119539566421,10,0.3333333333333333,0,12,731,64.97333333333333,6.143432135188544,-0.1262114434360247,0.019351042976774598,12573.0,31.006540655978412,6.914616306795227,-0.0761965093298031,3.686894004996058,-4.331406376190324,3.434169289636291,0.10685354168433799,-0.028850717952596094,52|39|5|59|5|44|50|8|14|11,130,71
24,0.025393137828528697,0.21559381172161035,-0.07897034948162408,6.187049602997258,6.186536656531178,5.609119539566421,10,0.3333333333333333,0,15,761,64.97333333333333,6.187049602997258,-0.12495661989196312,0.01917258084724046,12800.0,31.02459549493401,6.943905483086425,-0.06456962139649332,3.7931645470335917,-4.373712650489606,3.6568360787672365,0.10725483045704176,-0.01951156788939336,54|38|5|60|5|44|50|8|13|11,130,70
25,0.02513920645024341,0.20181649036632116,-0.07897034948162408,6.159891635430975,6.186536656531178,5.609119539566421,9,0.3,0,15,791,64.93,6.159891635430975,-0.12506605312448157,0.018813913409069138,13288.0,30.86176537352269,6.943771056954563,-0.07180898354320063,3.7838966870291375,-4.458738437535334,4.135520629850501,0.10363575084403359,-0.019554431020995168,54|39|5|62|5|43|53|7|13|9,131,71
26,0.024887814385740975,0.19384631292960638,-0.07897034948162408,6.157267362885924,6.186536656531178,5.609119539566421,9,0.3,0,16,821,64.93,6.157267362885924,-0.12517533891989796,0.018786793333220194,13341.0,30.757729842297476,6.94375459630246,-0.07250852261139197,3.77464131341835,-4.465167529079169,4.187508911013233,0.10132344605163865,-0.019559679666385426,52|38|5|63|5|42|56|7|12|9,132,72
27,0.024638936241883565,0.20321812514880475,-0.07897034948162408,6.18459509011812,6.186536656531178,5.609119539566421,8,0.26666666666666666,0,13,851,64.93,6.18459509011812,-0.1245434341415973,0.018623280269752577,13324.0,30.760045066316412,6.92039113141305,-0.06522390848857679,3.8281570954770454,-4.503929974269276,4.170833424602545,0.10137490446715694,-0.027009356722142826,52|36|5|64|6|39|58|7|13|8,133,72
28,0.02439254687946473,0.21870218050596307,-0.07897034948162408,6.215377771886704,6.186536656531178,5.609119539566421,12,0.4,0,10,881,65.05666666666667,6.215377771886704,-0.12441696637117976,0.018600852131161243,13561.0,30.42683996769876,6.896215897644071,-0.05701832459774496,3.838867604198494,-4.50924679406597,4.403309323386836,0.09396905247303276,-0.034717874494605776,53|36|5|66|6|39|57|6|13|8,135,72
29,0.024148621410670083,0.2525224440077094,-0.07897034948162408,6.209669275904869,6.186536656531178,5.609119539566421,10,0.3333333333333333,0,13,911,64.93,6.209669275904869,-0.12483141406704168,0.018622891758358635,13890.0,30.83125387166838,6.896405549280335,-0.05854000951855755,3.8037681820575173,-4.504022074871479,4.7260290309819055,0.1029575989556354,-0.03465740215242754,55|36|5|66|6|39|58|7|13|7,137,74
30,0.023907135196563383,0.24790615945468383,-0.07897034948162408,6.17400098198135,6.186536656531178,5.609119539566421,7,0.23333333333333334,0,13,941,64.93,6.17400098198135,-0.12443296812228759,0.018068366824107795,14234.0,31.13138318785712,6.938196091042636,-0.06804792634765525,3.8375124218130288,-4.635477885891148,5.063462403056994,0.10962830508832293,-0.02133206528189343,56|36|5|67|5|37|60|7|14|7,138,74
31,0.02366806384459775,-0.10443927081851882,-0.10443927081851882,6.175941194215368,6.175941194215368,5.609119539566421,12,0.4,3,11,971,64.93,6.175941194215368,-0.11871588369225303,0.013234459884346923,14078.0,30.98105792480102,6.938174464525853,-0.06753073377905641,4.321690188583002,-5.781404999192834,4.910440292464803,0.10628715978835636,-0.021338961115479536,56|35|5|66|5|38|60|7|13|7,137,74
32,0.023431383206151773,-0.09125495512917003,-0.10443927081851882,6.175119776133452,6.175941194215368,5.609119539566421,11,0.36666666666666664,0,15,1001,64.93,6.175119776133452,-0.11827072691122734,0.013090126956956013,14426.0,30.484114621980055,6.935762887111581,-0.06774969504537097,4.359390351793331,-5.815620596824431,5.25179730840123,0.09524204503641673,-0.02210791696241089,58|39|5|67|5|38|58|7|9|8,137,76
33,0.023197069374090256,-0.03273899962136086,-0.10443927081851882,6.214150466005668,6.175941194215368,5.609119539566421,12,0.4,0,12,1031,64.93,6.214150466005668,-0.11777317408944007,0.013512423828168857,14186.0,30.59029852615636,6.909480612576593,-0.05734548132314863,4.401527916324907,-5.715510801452739,5.016378676720935,0.09760209979473346,-0.03048828599171359,57|38|5|66|7|37|59|7|10|8,137,77
34,0.022965098680349353,0.02553529896137408,-0.10443927081851882,6.168277108077152,6.175941194215368,5.609119539566421,9,0.3,0,11,1061,64.93,6.168277108077152,-0.11735787732297154,0.013630514236356903,14292.0,31.322516495411303,6.884223315479951,-0.06957371048350564,4.436699245941656,-5.687516261580558,5.120355239046399,0.1138764543296344,-0.038541830599156994,55|38|5|67|7|40|59|7|9|7,136,79
35,0.02273544769354586,0.019564753308486393,-0.10443927081851882,6.1912298775433685,6.175941194215368,5.609119539566421,8,0.26666666666666666,0,15,1091,64.93,6.1912298775433685,-0.11712166118771053,0.013722340040159497,13990.0,31.3306872394955,6.8609196934366015,-0.06345530673954804,4.456704303107659,-5.665748014986361,4.824120127515362,0.11405805815748839,-0.04597242615825453,55|39|5|65|8|40|58|7|9|6,137,78
36,0.0225080932166104,0.032879812154624447,-0.10443927081851882,6.187081053045427,6.175941194215368,5.609119539566421,9,0.3,0,12,1121,64.93,6.187081053045427,-0.11725659251680724,0.013826787292605692,13888.0,31.730323294793212,6.860888783037777,-0.06456123791611444,4.445277018730654,-5.640987724815388,4.724067209051237,0.12294041166687045,-0.045982282251517986,55|39|5|64|8|39|59|7|9|5,136,77
37,0.022283012284444296,-0.019094472996627754,-0.10443927081851882,6.149518941809932,6.175941194215368,5.609119539566421,13,0.43333333333333335,0,10,1151,65.00933333333334,6.149518941809932,-0.11693924507420442,0.013616361013065636,13671.0,31.519521604461325,6.862134842687015,-0.07457398005394109,4.472153056321142,-5.690871428014705,4.511209529573637,0.1182551108560909,-0.04558496353090141,55|40|5|61|7|40|59|8|9|5,135,77
38,0.022060182161599853,0.008043517357857004,-0.10443927081851882,6.158805398196036,6.175941194215368,5.609119539566421,10,0.3333333333333333,0,12,1181,64.97066666666667,6.158805398196036,-0.11641415451051995,0.013428717664091216,13918.0,31.529290021857864,6.862174630105421,-0.07209853631263267,4.516622782033273,-5.735354204348656,4.753494538011274,0.11847222474106964,-0.04557227691017066,55|43|5|61|6|40|59|8|9|6,137,78
39,0.021839580339983854,0.04072254755002918,-0.10443927081851882,6.188732741834162,6.175941194215368,5.609119539566421,11,0.36666666666666664,0,16,1211,64.97066666666667,6.188732741834162,-0.1151365782025379,0.012752736841857185,14315.0,31.79947984888103,6.860757720246428,-0.0641209555840096,4.62482024723552,-5.895602376670373,5.1429161912490935,0.12447749260027396,-0.0460240729479834,53|44|5|63|7|40|61|9|10|5,140,80
40,0.021621184536584015,0.06354847252267506,-0.10443927081851882,6.202684643761372,6.175941194215368,5.609119539566421,12,0.4,0,7,1241,64.97066666666667,6.202684643761372,-0.11505123573555076,0.012797835844943558,14487.0,31.652734713054002,6.859496435473186,-0.06040186760587193,4.6320478692134985,-5.884911196417303,5.3116328772866375,0.12121591958923283,-0.04642624635336107,51|41|5|63|7|40|66|9|10|5,141,81
41,0.021404972691218174,0.11764767181808702,-0.10443927081851882,6.205888499033654,6.175941194215368,5.609119539566421,12,0.4,0,8,1271,64.97066666666667,6.205888499033654,-0.11386231245288474,0.012678442604129325,14749.0,31.45844109332995,6.859427665867244,-0.059547832099529935,4.732737342476811,-5.913214586097526,5.568631550204292,0.11689752891319423,-0.04644817423768587,52|44|5|62|7|39|67|9|8|6,141,82
42,0.021190922964305994,-0.15250018608707064,-0.16183565792797916,6.211127516744299,6.2110309196641555,5.609119539566421,12,0.4,4,8,1301,64.97066666666667,6.211127516744299,-0.11001893483418512,0.008871239075954251,14910.0,31.484864906332916,6.859487291611397,-0.058151293628534065,5.058231572105395,-6.815751147757001,5.7265582156231565,0.11748482739401653,-0.04642916196616494,53|45|5|58|7|39|70|9|10|6,142,83
43,0.020979013734662932,-0.1449144121232622,-0.16499109527840142,6.17995711733424,6.211127516744299,5.609119539566421,13,0.43333333333333335,1,10,1331,64.97066666666667,6.17995711733424,-0.11014329928499889,0.008786625096227392,15114.0,31.625514580046296,6.890393831966283,-0.06646022945137092,5.047699192743592,-6.83580975764372,5.9266640525514065,0.12061092201521083,-0.03657429901477991,53|48|5|57|5|38|71|9|10|6,142,84
44,0.020769223597316304,-0.06449191093970713,-0.17509822836804606,6.225120982884737,6.172536671206031,5.609119539566421,12,0.4,1,14,1361,64.716,6.225120982884737,-0.10985183270171976,0.008902910360468775,15596.0,31.479592354192302,6.899580622539681,-0.05442112608815878,5.0723833899261255,-6.808243145619071,6.399463137842663,0.11736763908883548,-0.03364499793402647,55|46|6|57|5|38|74|10|10|5,143,87
45,0.02056153136134314,-0.06105796277468718,-0.17509822836804606,6.169117323252745,6.172536671206031,5.609119539566421,8,0.26666666666666666,0,15,1391,64.97066666666667,6.169117323252745,-0.10971322993786234,0.008938863791993443,15754.0,31.3202639623823,6.898426474548374,-0.06934973857093772,5.084121606755683,-6.79972001670621,6.554447070365524,0.11382638929073227,-0.03401300969300538,57|45|6|57|5|38|74|9|12|5,146,87
46,0.020355916047729707,-0.12271468238410632,-0.17509822836804606,6.190209773085204,6.172536671206031,5.609119539566421,9,0.3,0,10,1421,64.97066666666667,6.190209773085204,-0.11004613511922381,0.008758935722764753,15304.0,31.630113748531368,6.88909298318059,-0.06372723082893722,5.055927990021431,-6.842373807013431,6.113037135964972,0.12071314362357694,-0.03698908780564025,57|45|5|54|5|40|72|10|12|6,148,86
47,0.02015235688725241,-0.13556532874199223,-0.17509822836804606,6.1851398183823445,6.172536671206031,5.609119539566421,11,0.36666666666666664,0,12,1451,64.97066666666667,6.1851398183823445,-0.11029604675469551,0.008707052570407794,15391.0,31.555762705367957,6.88911899450965,-0.06507870302846111,5.034763066005819,-6.854673239284326,6.198376389949079,0.11906060942298595,-0.036980793830315876,57|47|5|53|5|42|71|10|12|5,148,87
48,0.019950833318379886,-0.1323982371227884,-0.17509822836804606,6.196887616186253,6.172536671206031,5.609119539566421,11,0.36666666666666664,0,9,1481,65.052,6.196887616186253,-0.11012073282223427,0.008676182411412298,15289.0,31.697040655948605,6.889094672544368,-0.06194715194603122,5.049610338132293,-6.861991326418751,6.098323471484954,0.12220066819271704,-0.0369885491349151,60|49|5|51|6|41|68|10|14|5,148,87
49,0.01975132498519609,-0.10787956108588735,-0.17509822836804606,6.163698545970016,6.172536671206031,5.609119539566421,13,0.43333333333333335,0,12,1511,65.00533333333334,6.163698545970016,-0.10997830781229127,0.00873492272000125,15576.0,31.52314809585002,6.888781223162742,-0.07079419464248601,5.06167225956975,-6.848066335082629,6.379844918535972,0.11833571363976393,-0.037088495640174045,61|49|5|53|6|42|67|9|15|5,148,88
50,0.019553811735344127,-0.1230365120727285,-0.17509822836804606,6.161070567264075,6.172536671206031,5.609119539566421,10,0.3333333333333333,0,10,1541,65.00533333333334,6.161070567264075,-0.11022574784179799,0.0087842183589954,15483.0,31.497186439394035,6.891634421104015,-0.07149472164325317,5.040716654949558,-6.8363802993366205,6.288620198759858,0.11775868709955503,-0.03617872462208056,63|49|5|51|6|40|67|9|16|5,148,88
51,0.019358273617990685,-0.1136673611712759,-0.17509822836804606,6.18187394243626,6.172536671206031,5.609119539566421,11,0.36666666666666664,0,10,1571,65.00533333333334,6.18187394243626,-0.11028005694501859,0.008844346505660098,15740.0,30.906355178517856,6.891952793855811,-0.06594927107234073,5.036117237075915,-6.822126306780638,6.54071431685084,0.10462680859678421,-0.0360772082504523,64|50|5|53|6|42|65|8|14|5,148,89
52,0.01916469088181078,-0.09508719836003511,-0.17509822836804606,6.1506503449274135,6.172536671206031,5.609119539566421,9,0.3,0,13,1601,65.00533333333334,6.1506503449274135,-0.11030624031238512,0.008702268142675822,16017.0,31.24895264492174,6.907333362981652,-0.0742723876434865,5.033899777373652,-6.85580743684502,6.812426654248513,0.11224141635721509,-0.03117295824029206,62|51|5|53|5|42|68|8|15|6,147,91
53,0.01897304397299267,-0.2015723048858743,-0.2015723048858743,6.14460288909874,6.14460288909874,5.609119539566421,12,0.4,1,10,1631,65.00533333333334,6.14460288909874,-0.11289032096991455,0.00877772670848011,16410.0,30.27580564165701,6.90930272297762,-0.07588442737742941,4.8150549418237025,-6.837919211530887,7.1979246636249945,0.09061214746366186,-0.030545007889351636,63|51|5|54|5|42|70|8|11|5,148,91
54,0.018783313533262746,-0.20446222358260485,-0.22205402803868313,6.068223054762952,6.1419345533924785,5.609119539566421,8,0.26666666666666666,2,15,1661,64.34200000000001,6.068223054762952,-0.1131665933003688,0.00826124821302011,16395.0,29.962191642801727,7.5729130240345635,-0.09624461376150792,4.791657540295584,-6.960355724844102,7.183210999144976,0.0836417293384795,0.18105384772341035,62|54|5|54|5|41|69|9|11|5,148,91
55,0.018595480397930117,-0.2297822856950929,-0.2297822856950929,6.0776475677066655,6.0776475677066655,5.609119539566421,8,0.26666666666666666,2,14,1691,64.34200000000001,6.0776475677066655,-0.11323445670026862,0.008276869583541093,16127.0,29.93886705605579,7.576143260099034,-0.09373236898143177,4.785910214047209,-6.956652519083213,6.920326860435314,0.08312331459038248,0.18208384116008905,63|54|5|54|5|40|67|9|9|5,148,90
56,0.018409525593950815,-0.17179560589445275,-0.2297822856950929,6.086399679865301,6.0776475677066655,5.609119539566421,6,0.2,0,11,1721,64.34200000000001,6.086399679865301,-0.11263641080803136,0.008248685809517604,16472.0,29.934955986614057,7.576159468901394,-0.0913993626800462,4.836558499562846,-6.963333771165877,7.258741143475738,0.08303638674460703,0.18208900950064186,64|55|5|55|5|40|67|9|9|5,149,91
57,0.018225430338011307,-0.10034673945497978,-0.2297822856950929,6.068362929550741,6.0776475677066655,5.609119539566421,8,0.26666666666666666,0,11,1751,64.34200000000001,6.068362929550741,-0.11188411944472668,0.0083928807034656,16655.0,30.150159788314664,7.574859836377484,-0.09620732804631126,4.900269776998536,-6.929150895774643,7.438247850131962,0.0878195293513064,0.1816746085271511,67|56|5|56|5|39|64|9|11|5,149,93
58,0.018043176034631195,-0.057569933412785976,-0.2297822856950929,6.0675866782159185,6.0776475677066655,5.609119539566421,14,0.4666666666666667,0,10,1781,64.34200000000001,6.0675866782159185,-0.11182912027479319,0.008385977375509581,16919.0,30.5006215532346,7.5748485433219965,-0.09641424944114424,4.904927636366977,-6.930787400319599,7.697208344980285,0.09560892984777014,0.1816710076222018,68|55|5|58|5|38|65|9|9|5,149,93
59,0.017862744274284883,-0.23151957042726615,-0.23151957042726615,6.067863985478243,6.067863985478243,5.609119539566421,8,0.26666666666666666,2,17,1811,64.34200000000001,6.067863985478243,-0.113691853281638,0.008334413243065952,16464.0,29.54127595242315,7.563821224490708,-0.09634032904585031,4.747173466670835,-6.943011205654991,7.250893855753061,0.07428641239440911,0.17815483549307515,67|55|5|56|5|37|65|9|8|5,149,90
60,0.017684116831542033,-0.21215420552978437,-0.23151957042726615,6.0640735970469315,6.067863985478243,5.609119539566421,15,0.5,0,7,1841,64.34200000000001,6.0640735970469315,-0.11321002897925243,0.008321148767601249,16505.0,29.485201603434636,7.563922349335309,-0.09735071373181706,4.787978988709126,-6.946155685320849,7.291111205331778,0.07304009794424422,0.17818708017245635,66|55|5|58|5|38|64|8|9|5,148,90
61,0.017507275663226612,-0.23815570371701697,-0.23815570371701697,6.067898628916226,6.067898628916226,5.609119539566421,8,0.26666666666666666,1,14,1871,64.34200000000001,6.067898628916226,-0.11341754611442423,0.008420218470155059,16205.0,29.473023359688323,7.563872750833043,-0.09633109431968918,4.77040443925064,-6.922670198389079,6.99683791573141,0.07276942300227086,0.17817126518841692,66|54|5|56|5|37|65|8|8|5,147,89
62,0.017332202906594346,-0.2833328550928865,-0.2847083343469946,6.052403808320308,6.15465822006065,5.609119539566421,16,0.5333333333333333,7,6,1901,64.34200000000001,6.052403808320308,-0.11317097098767193,0.008476488906065916,15570.0,29.56615573697061,7.563811351714787,-0.10046147032880452,4.791286795576315,-6.909330715649524,6.373959452743965,0.07483939313440564,0.1781516874586291,65|53|5|58|5|37|60|8|8|5,146,87
63,0.017158880877528402,-0.32400581354752056,-0.35241998136716646,6.135174316818769,6.05337655674981,5.609119539566421,15,0.5,3,9,1931,65.00533333333334,6.135174316818769,-0.11331429752251679,0.008836294531469642,15679.0,29.470736795522985,6.9004126761956135,-0.07839775423425438,4.779148524328213,-6.824035109671434,6.480878747965432,0.0727186015837097,-0.03337968921123657,67|54|5|57|5|37|59|8|6|5,147,87
64,0.01698729206875312,-0.3271917307306376,-0.35241998136716646,6.170770559807928,6.05337655674981,5.609119539566421,9,0.3,0,8,1961,65.00533333333334,6.170770559807928,-0.11265419953817205,0.008893186524797769,15082.0,29.722090475248397,6.9005217385185365,-0.06890904365855403,4.835051978583736,-6.810548280384707,5.8952749016607005,0.07830521522782122,-0.033344913586620416,64|51|5|56|5|38|60|9|7|5,147,84
65,0.016817419148065588,-0.346400561906748,-0.35241998136716646,6.155156786404111,6.05337655674981,5.609119539566421,8,0.26666666666666666,0,5,1991,65.00533333333334,6.155156786404111,-0.11282531262025879,0.008903617565152563,14991.0,29.721565880720515,6.899971165093129,-0.07307112831643525,4.820560474922422,-6.808075495510803,5.806012003815256,0.0782935555339974,-0.03352046949128526,65|50|5|56|5|38|59|9|7|5,146,84
66,0.016649244956584933,-0.349126632265588,-0.3640023278529061,6.159834984671965,6.149668145844355,5.609119539566421,10,0.3333333333333333,3,13,2021,65.00533333333334,6.159834984671965,-0.11316278470773355,0.00886812649148777,15134.0,29.73236487117443,6.900076380100443,-0.07182408464969392,4.791980088597824,-6.81648901776092,5.946282271858097,0.07853357504546177,-0.03348692062215918,67|51|5|54|5|38|59|9|6|6,148,84
67,0.016482752507019083,-0.3728528844078908,-0.38320926457555615,6.163810269338691,6.168763759811687,5.609119539566421,12,0.4,1,9,2051,65.00533333333334,6.163810269338691,-0.11300913129046783,0.00876548911571822,15045.0,29.49832209033525,6.9001209016483305,-0.07076441310879383,4.804992939700295,-6.840820258142283,5.858981195943321,0.07333171528287413,-0.033472724476366844,67|49|5|55|5|38|59|9|7|5,149,85
68,0.01631792498194889,-0.38782965452446067,-0.4013143718595563,6.160477643218874,6.160477643218874,5.609119539566421,11,0.36666666666666664,3,10,2081,65.00533333333334,6.160477643218874,-0.11372098387909794,0.008803069541257832,15286.0,29.22731285611904,6.900167637704496,-0.07165277440910273,4.744706407141552,-6.831911433646503,6.0953807385889505,0.06730823519216497,-0.033457822212214626,67|48|5|56|5|38|61|9|6|5,148,84
69,0.016154745732129404,-0.4123287392446126,-0.4123287392446126,6.1410349113908635,6.1410349113908635,5.609119539566421,8,0.26666666666666666,2,9,2111,65.00533333333334,6.1410349113908635,-0.11473387307673477,0.008729878180705392,15467.0,29.55414811368433,6.899958226095143,-0.07683552516100459,4.658925195459453,-6.849262194751688,6.272925623314506,0.07457251042094082,-0.03352459522164574,67|48|5|56|5|37|63|10|5|5,148,83
70,0.01599319827480811,-0.42493955512568204,-0.42493955512568204,6.159632393798825,6.159632393798825,5.609119539566421,16,0.5333333333333333,5,5,2141,65.052,6.159632393798825,-0.11413708172576395,0.008773520870485519,14955.0,29.603130725029327,6.900165279963098,-0.07187808827477013,4.70946723433904,-6.838916248472686,5.770699209063211,0.07566120315527083,-0.03345857400190322,67|47|5|55|5|34|62|11|6|5,148,81
71,0.015833266292060028,-0.3929720855007968,-0.5094671408708188,6.194921670533984,6.159632393798825,5.609119539566421,11,0.36666666666666664,2,10,2171,64.78066666666666,6.194921670533984,-0.11237847431417824,0.007873158340141132,15007.0,30.72326497285316,6.899660814080246,-0.062471204141866146,4.858403045867985,-7.052356401164905,5.821706579260608,0.10055742619431852,-0.03361942805033687,67|47|5|54|5|34|63|12|7|5,150,83
72,0.015674933629139427,-0.373023960113578,-0.5094671408708188,6.171676578777522,6.159632393798825,5.609119539566421,10,0.3333333333333333,0,14,2201,64.71266666666666,6.171676578777522,-0.11217034679256883,0.007846087250997108,15264.0,30.61823673921286,6.899657022720514,-0.06866753076121862,4.876029288728212,-7.05877387990898,6.07380069735159,0.09822305749236514,-0.03362063696372959,67|49|5|55|5|34|63|10|7|5,151,83
73,0.015518184292848031,-0.3136396553625631,-0.5094671408708188,6.224989349015825,6.159632393798825,5.609119539566421,9,0.3,0,12,2231,64.67733333333334,6.224989349015825,-0.11084102182961013,0.007455405133795797,15567.0,30.741141647686675,6.899691953381612,-0.05445621506326334,4.988609328388923,-7.151389074277043,6.371016719847962,0.10095475507227794,-0.03360949896918321,68|49|5|54|5|34|65|11|7|5,151,85
74,0.01536300244991955,-0.33075581012611593,-0.5094671408708188,6.224989349015825,6.159632393798825,5.609119539566421,5,0.16666666666666666,0,19,2261,64.67733333333334,6.224989349015825,-0.11077743318662928,0.007438263764948561,15381.0,30.75166774501029,6.899691953381612,-0.05445621506326334,4.993994627054211,-7.155452611197787,6.188567280295733,0.10118870923197675,-0.03360949896918321,67|49|5|51|5|34|67|11|7|5,149,85
75,0.015209372425420354,-0.38172443444530335,-0.5094671408708188,6.190346588864413,6.159632393798825,5.609119539566421,8,0.26666666666666666,0,12,2291,64.716,6.190346588864413,-0.11095825960313772,0.0074292714072216135,15074.0,30.6869546100089,6.899563095900791,-0.0636907605381962,4.978680504691749,-7.157584341630381,5.887427613938024,0.09975038820422436,-0.03365058648008437,64|49|5|53|5|34|66|11|7|6,148,84
76,0.01505727870116615,-0.25117683986848505,-0.5094671408708188,6.2030224135392,6.159632393798825,5.609119539566421,8,0.26666666666666666,0,14,2321,64.716,6.2030224135392,-0.10950088478471946,0.007567603089185864,15477.0,30.900730788549602,6.899728624119363,-0.060311830023422386,5.102105039271218,-7.124791400647676,6.282734732967851,0.10450180030659018,-0.0335978061335984,65|49|5|54|5|33|68|10|6|6,148,86
77,0.014906705914154487,-0.23650972984409518,-0.5094671408708188,6.203317758994946,6.159632393798825,5.609119539566421,10,0.3333333333333333,0,9,2351,64.716,6.203317758994946,-0.10937393418167443,0.007579334280135683,15486.0,31.056835460413538,6.899729653039994,-0.06023310127808044,5.112856438909385,-7.122010401768667,6.291562931655862,0.10797139936198227,-0.033597478051849566,67|49|5|54|5|33|66|10|7|6,150,87
78,0.014757638855012942,-0.20501394487472016,-0.5094671408708188,6.269314779817816,6.159632393798825,5.609119539566421,8,0.26666666666666666,0,13,2381,64.67733333333334,6.269314779817816,-0.10904988390134351,0.007627707110983817,15370.0,31.187357696229146,6.899882517256371,-0.04264060901316937,5.140300137349022,-7.110543127138267,6.177777259677053,0.11087240047031695,-0.03354873575053521,67|48|5|53|5|34|66|11|7|6,151,86
79,0.014610062466462813,-0.20003940271125503,-0.5094671408708188,6.263872995937433,6.159632393798825,5.609119539566421,7,0.23333333333333334,0,14,2411,64.67733333333334,6.263872995937433,-0.10957761894282614,0.007576343701967169,15727.0,31.178552965609935,6.901343678132775,-0.04409119783716947,5.09560645178983,-7.122719348930962,6.527962474301491,0.110676705590243,-0.033082829828308374,67|49|5|53|5|36|67|11|6|6,151,88
80,0.014463961841798184,-0.26516017232378336,-0.5094671408708188,6.255484131793569,6.159632393798825,5.609119539566421,15,0.5,0,7,2441,64.75133333333332,6.255484131793569,-0.11049912439945705,0.007476011245456401,15759.0,30.83885997236869,6.901280915406038,-0.04632737495126092,5.017564495348895,-7.146504184612043,6.559351625192197,0.1031266529595285,-0.03310284235845063,68|50|5|53|5|35|66|11|5|7,150,88
81,0.014319322223380202,-0.2574589970042772,-0.5094671408708188,6.288105382232272,6.159632393798825,5.609119539566421,6,0.2,0,15,2471,64.598,6.288105382232272,-0.11046322134416246,0.00745610727672349,15701.0,30.962909040747356,6.901402805720495,-0.0376316931029108,5.020605111828412,-7.151222624109864,6.502458789202792,0.10588378075929114,-0.03306397639900384,68|50|5|52|5|37|65|12|6|7,150,89
82,0.0141761290011464,-0.25649080657798007,-0.5094671408708188,6.287567074030712,6.159632393798825,5.609119539566421,8,0.26666666666666666,0,13,2501,64.598,6.287567074030712,-0.11086223241825725,0.007295581022006875,15939.0,31.270867437934573,6.901401659672933,-0.0377751871993716,4.986813011477966,-7.189277015716675,6.735915598952418,0.11272849687971676,-0.03306434182785893,69|51|5|52|5|35|66|12|7|7,151,89
83,0.014034367711134936,-0.28077139858573114,-0.5094671408708188,6.198272532309685,6.159632393798825,5.609119539566421,9,0.3,0,11,2531,65.052,6.198272532309685,-0.11069413479170229,0.007431867893072838,16111.0,30.355161209074268,6.901925654707952,-0.06157798185493871,5.00104913732511,-7.156968818085285,6.904632284989962,0.09237591275308903,-0.03289726071175779,70|50|5|54|5|35|66|8|8|6,151,89
84,0.013894024034023587,-0.2657921050282443,-0.5094671408708188,6.196324152896939,6.159632393798825,5.609119539566421,12,0.4,0,9,2561,65.052,6.196324152896939,-0.11124624248362522,0.007497961251558928,16365.0,30.49320838721676,6.90187464021937,-0.062097351507090566,4.954291341010712,-7.1413007110153295,7.153783670184939,0.09544416403066909,-0.032913527197353944,70|50|5|56|5|35|66|9|9|6,152,92
85,0.013755083793683351,-0.2853438791954509,-0.5094671408708188,6.200722201280612,6.159632393798825,5.609119539566421,7,0.23333333333333334,0,10,2591,65.052,6.200722201280612,-0.11121672731631502,0.007517588844372559,16064.0,30.61064056621973,6.901905280329315,-0.06092498597898407,4.956790969618437,-7.136647789257779,6.858529469619238,0.09805422414274868,-0.03290375728843337,69|50|5|56|5|36|64|10|10|5,152,92
86,0.013617532955746518,-0.24886705430330242,-0.5094671408708188,6.216422281165333,6.159632393798825,5.609119539566421,7,0.23333333333333334,0,8,2621,65.052,6.216422281165333,-0.11111830072746129,0.0074114596403059094,16499.0,30.566224073552732,6.901956523153554,-0.05673989503871634,4.965126681040088,-7.161806803274528,7.28522573953977,0.09706701844825438,-0.0328874179957038,71|51|5|56|5|37|64|10|9|5,154,93
87,0.013481357626189053,-0.28803832579491917,-0.5094671408708188,6.216883878361233,6.159632393798825,5.609119539566421,7,0.23333333333333334,0,10,2651,65.052,6.216883878361233,-0.11112940069052064,0.007430293996792748,16085.0,30.556137486276143,6.901965024480561,-0.05661684940730578,4.9641866292722545,-7.157341926306721,6.879128599891263,0.09684283288565002,-0.0328847072616131,69|50|5|56|5|38|63|10|10|5,154,90
88,0.013346544049927163,-0.28106685341741106,-0.5094671408708188,6.169763004391726,6.159632393798825,5.609119539566421,9,0.3,0,13,2681,65.052,6.169763004391726,-0.11098961024013847,0.007365240336122142,16375.0,30.395018445148015,6.902211795763084,-0.06917762261325537,4.976025430834506,-7.172763562368598,7.163592779838285,0.09326178392517379,-0.032806021742571606,70|52|5|55|5|39|63|9|10|5,154,90
89,0.013213078609427891,-0.3066449711841569,-0.5094671408708188,6.107844882656581,6.159632393798825,5.609119539566421,11,0.36666666666666664,0,9,2711,64.97066666666667,6.107844882656581,-0.11123269451173845,0.007556284037025724,16075.0,30.575843773309163,6.90199384579044,-0.08568282336477,4.955438713741109,-7.127474697808507,6.869319490237918,0.09728082691913192,-0.03287551729548693,70|51|5|57|5|37|61|7|10|6,154,90
90,0.013080947823333612,-0.3208553523614257,-0.5094671408708188,6.1243890723250525,6.159632393798825,5.609119539566421,10,0.3333333333333333,0,8,2741,64.97066666666667,6.1243890723250525,-0.11105477058984406,0.007625444623144552,15753.0,30.51346402300434,6.902031485245064,-0.08127272234592293,4.970507024907761,-7.111079473036282,6.553466159400189,0.09589436794805217,-0.032863515574730794,68|51|5|57|5|38|60|7|10|6,152,90
91,0.012950138345100276,-0.2750021532996117,-0.5094671408708188,6.112797670541323,6.159632393798825,5.609119539566421,8,0.26666666666666666,0,9,2771,64.97066666666667,6.112797670541323,-0.10982697794048654,0.007614829418237196,15759.0,30.45985015337594,6.902064965256733,-0.08436258373174271,5.074488330466146,-7.113595916002227,6.559351625192197,0.09470274037408213,-0.032852840134425056,66|52|5|58|5|38|60|6|13|6,153,91
92,0.012820636961649274,-0.23443825416254271,-0.5094671408708188,6.188498010590918,6.159632393798825,5.609119539566421,5,0.16666666666666666,0,16,2801,64.97066666666667,6.188498010590918,-0.10959392256377716,0.007804326721493941,15698.0,30.491792342484068,6.855766754083661,-0.06418352670509367,5.094225704158946,-7.068673640831121,6.499516056306788,0.09541269086969138,-0.047615492982846425,65|51|5|58|6|39|61|6|12|5,153,91
93,0.012692430592032782,-0.29728942920250295,-0.5094671408708188,6.165460562121663,6.159632393798825,5.609119539566421,12,0.4,0,8,2831,64.97066666666667,6.165460562121663,-0.11054325983639039,0.007592966616181256,16247.0,29.47261835950297,6.8557314875330055,-0.07032450290288914,5.013826681511909,-7.118778716987197,7.038036176275462,0.07276042142503583,-0.04762673807917523,67|51|5|59|5|37|64|6|10|5,153,93
94,0.012565506286112454,-0.33150306569831645,-0.5094671408708188,6.155613447839474,6.159632393798825,5.609119539566421,7,0.23333333333333334,0,6,2861,64.97066666666667,6.155613447839474,-0.11039509872397184,0.007595493963575918,15817.0,29.563123079444395,6.855693061371162,-0.0729493983857635,5.026374391347382,-7.118179583420837,6.616244461181601,0.07477198896537822,-0.04763899064948455,64|51|5|60|5|36|63|6|12|5,153,93
95,0.012439851223251329,-0.34294608628357737,-0.5094671408708188,6.1552040462370465,6.159632393798825,5.609119539566421,5,0.16666666666666666,0,11,2891,64.97066666666667,6.1552040462370465,-0.11046358005631074,0.007610877072255067,15716.0,29.55520806634744,6.855703221378997,-0.07305853050163996,5.020574732629191,-7.114532860068075,6.517172453682811,0.07459606904167121,-0.04763575102823773,64|50|5|60|5|36|63|6|12|5,152,92
96,0.012315452711018816,-0.48485127327500643,-0.5094671408708188,5.887267975411096,6.159632393798825,5.609119539566421,12,0.4,0,8,2921,64.43466666666667,5.887267975411096,-0.11264880306495259,0.007190833357317475,16370.0,29.547545095747864,6.906050887078991,-0.14448089464360991,4.835509003905612,-7.214108521684507,7.158688225011613,0.07442575104134282,-0.0315818886515919,64|51|5|63|5|34|66|6|9|5,154,91
97,0.012192298183908629,-0.4817075816259486,-0.5094671408708188,5.887001563688796,6.159632393798825,5.609119539566421,7,0.23333333333333334,0,15,2951,64.43466666666667,5.887001563688796,-0.11233203323941518,0.007215200148719116,16148.0,29.743042752181886,6.906043794982873,-0.14455191066987017,4.862336123320374,-7.208332124397742,6.94092599070734,0.07877090276547614,-0.03158415003816193,63|52|5|63|5|33|65|6|9|5,155,90
98,0.012070375202069543,-0.5057676825494907,-0.5182252518092382,5.887001563688796,5.887001563688796,5.609119539566421,6,0.2,1,15,2981,64.43466666666667,5.887001563688796,-0.11270966164005622,0.007194060502006704,16258.0,29.37514583896977,6.906043794982873,-0.14455191066987017,4.830354913679539,-7.213343494007305,7.048826196894142,0.07059398680696465,-0.03158415003816193,63|52|5|64|5|33|65|6|8|5,154,90
99,0.011949671450048847,-0.5425368703416812,-0.5425368703416812,5.8636628950649845,5.8636628950649845,5.609119539566421,5,0.16666666666666666,4,13,3011,64.43466666666667,5.8636628950649845,-0.11305173822746577,0.007211910228451929,16073.0,29.374784529540367,6.90594617658571,-0.15077318160177627,4.80138457395775,-7.209112033668183,6.867357668307248,0.07058595630512253,-0.0316152766513166,64|51|5|64|5|32|64|6|7|5,154,89
100,0.011830174735548359,-0.5965509673039178,-0.5965509673039178,5.860946806007581,5.860946806007581,5.609119539566421,10,0.3333333333333333,7,11,3041,64.43466666666667,5.860946806007581,-0.11278424990996325,0.007266871905867877,15350.0,29.370110684569138,6.905922249377676,-0.15149719573358728,4.8240380606764415,-7.196082805524501,6.158159040370362,0.0704820749292252,-0.03162290608357503,62|51|5|63|5|30|62|6|9|5,154,89
101,0.011711872988192875,-0.6111624732653678,-0.6111624732653678,5.8625409573195615,5.8625409573195615,5.609119539566421,8,0.26666666666666666,5,11,3071,64.43466666666667,5.8625409573195615,-0.11317739909830771,0.007340982220328182,15206.0,29.526459124129534,6.905935787583341,-0.15107225087584306,4.7907424012630475,-7.1785141969903075,6.016907861362186,0.07395709199138978,-0.031618589289786274,62|50|5|61|5|31|63|6|10|5,154,89
102,0.011594754258310946,-0.5975832980344403,-0.6159450660520919,5.850068581945087,5.851368465744354,5.609119539566421,11,0.36666666666666664,1,10,3101,64.43466666666667,5.850068581945087,-0.11313328451830622,0.007417992516014295,15265.0,29.52952135862432,6.905837389457485,-0.15439694893894823,4.7944784487341865,-7.160258118226313,6.074781608316925,0.0740251535412693,-0.03164996452732019,63|48|5|62|5|29|64|6|10|5,155,89
103,0.011478806715727836,-0.5889294857038965,-0.6159450660520919,5.846547805883344,5.851368465744354,5.609119539566421,5,0.16666666666666666,0,7,3131,64.43466666666667,5.846547805883344,-0.1130395058039256,0.007401717134342537,15343.0,29.527340865799687,6.905813746393829,-0.15533546441828985,4.802420533385032,-7.1641163640240535,6.15129266361302,0.07397668967561878,-0.03165750335727034,62|48|5|62|5|28|66|6|10|5,155,89
104,0.011364018648570557,-0.6258552499182545,-0.6258552499182545,5.847763494899529,5.847763494899529,5.609119539566421,8,0.26666666666666666,2,7,3161,64.43466666666667,5.847763494899529,-0.11308907997525623,0.0074494308490454745,14967.0,29.439038139289778,6.9058223804345555,-0.15501140434183325,4.798222115142643,-7.15280533962168,5.782470140647226,0.07201406387570441,-0.03165475030606815,62|49|5|59|5|28|65|6|11|5,155,88
105,0.011250378462084851,-0.6235203887823833,-0.6387758678378044,5.849994562748351,5.847763494899529,5.609119539566421,10,0.3333333333333333,1,6,3191,64.43466666666667,5.849994562748351,-0.11340141939883248,0.00751540494757155,14994.0,29.540516980213305,6.9057393065379165,-0.15441667986209906,4.771770204832048,-7.137165504345826,5.808954736711259,0.07426954339727468,-0.03168123925814157,62|48|5|61|5|28|64|7|11|5,155,88
106,0.011137874677464002,-0.6695331012647776,-0.6695331012647776,5.7759981491230175,5.7759981491230175,5.609119539566421,10,0.3333333333333333,5,7,3221,64.15933333333332,5.7759981491230175,-0.11368681896612756,0.007681390651743861,14823.0,29.15423227850463,6.906164645007656,-0.17414152983417128,4.747599820990225,-7.097816894370117,5.64121896163905,0.06568393849411695,-0.031545615785598176,61|50|5|60|5|29|63|6|9|5,153,88
107,0.011026495930689361,-0.693135043753715,-0.693135043753715,5.7587991630463495,5.7587991630463495,5.609119539566421,9,0.3,4,2,3251,64.15933333333332,5.7587991630463495,-0.112889502073699,0.007412528611515487,14649.0,29.0670888740936,6.906354602955892,-0.1787261766219433,4.815124293841452,-7.161553392708776,5.470540453670836,0.06374707991059103,-0.03148504577274985,61|50|5|60|5|28|62|5|10|5,152,88
108,0.010916230971382468,-0.6709644430201365,-0.6936536497979974,5.809556297732447,5.772561513057023,5.609119539566421,10,0.3333333333333333,1,13,3281,64.15933333333332,5.809556297732447,-0.11251030454869367,0.007476472533604395,14495.0,29.06902287642503,6.90650674730422,-0.1651961037759158,4.847238392044593,-7.14639483153545,5.319480165009314,0.06379006525229886,-0.03143653300864288,60|49|5|58|5|31|63|5|10|5,154,88
109,0.010807068661668643,-0.6760651992021409,-0.6936536497979974,5.805719970966967,5.772561513057023,5.609119539566421,3,0.1,0,17,3311,64.15933333333332,5.805719970966967,-0.11248300128605093,0.007489459028909981,14426.0,29.06902287642503,6.90647361235185,-0.1662187340114308,4.8495506952637735,-7.143316249911334,5.25179730840123,0.06379006525229886,-0.031447098423301144,60|49|5|59|5|30|62|5|10|5,154,87
110,0.010698997975051956,-0.6897929369986019,-0.6936536497979974,5.809878296758031,5.772561513057023,5.609119539566421,9,0.3,0,4,3341,64.15933333333332,5.809878296758031,-0.11291395477436532,0.007487730303204267,14507.0,28.97141899172618,6.90654060111045,-0.16511027012318027,4.813053403662199,-7.143726062032735,5.331251096593329,0.06162071092029713,-0.03142573838016128,62|49|5|61|5|30|59|6|7|5,154,86
111,0.010592007995301436,-0.6556202449714712,-0.6936536497979974,5.81811273129337,5.772561513057023,5.609119539566421,8,0.26666666666666666,0,8,3371,64.15933333333332,5.81811273129337,-0.11244410845744182,0.007481249364449422,14638.0,28.97141899172618,6.906542970672261,-0.16291525852928312,4.852844514539976,-7.1452624348945575,5.459750433052156,0.06162071092029713,-0.031424982821414434,62|49|5|63|5|30|58|6|7|5,154,86
112,0.010486087915348422,-0.6784429940743988,-0.6936536497979974,5.828357210663437,5.772561513057023,5.609119539566421,12,0.4,0,9,3401,64.15933333333332,5.828357210663437,-0.11246675089883491,0.007461815153434095,14429.0,28.9310168592419,6.9065791275242185,-0.16018443944337832,4.850926934549319,-7.149869513517629,5.254740041297233,0.06072272882258349,-0.031413453843511824,60|50|5|62|5|31|58|6|7|5,155,85
113,0.010381227036194937,-0.6655037457205459,-0.6972022394512146,5.828696933358204,5.828357210663437,5.609119539566421,7,0.23333333333333334,1,11,3431,64.15933333333332,5.828696933358204,-0.11278853515875997,0.007491654230209055,14663.0,28.9310168592419,6.906481525710555,-0.16009388128173135,4.823675144540107,-7.142795854976324,5.48427320718552,0.06072272882258349,-0.03144457516884984,59|51|5|64|5|31|58|6|7|5,155,86
114,0.010277414765832988,-0.6326036258848474,-0.6972022394512146,5.8286332357305755,5.828357210663437,5.609119539566421,11,0.36666666666666664,0,13,3461,64.15933333333332,5.8286332357305755,-0.11341914484249646,0.007646770548145644,15066.0,28.969344382203207,6.906479891159151,-0.16011086083637452,4.770269043561254,-7.106023944251899,5.879580326215347,0.06157460042818142,-0.031445096362095436,59|50|5|68|5|31|58|6|5|5,156,86
115,0.010174640618174658,-0.6521110041118122,-0.6972022394512146,5.821787015249173,5.828357210663437,5.609119539566421,4,0.13333333333333333,0,13,3491,64.15933333333332,5.821787015249173,-0.11406008348778407,0.007760686933943099,15086.0,28.834540626763015,6.9063920366814795,-0.16193582322651334,4.71598818664726,-7.079018899106968,5.899198545522038,0.05857843780887002,-0.03147310965077726,60|50|5|66|5|32|59|5|5|5,156,86
116,0.010072894211992912,-0.6532884564675716,-0.6972022394512146,5.804971812793215,5.828357210663437,5.609119539566421,11,0.36666666666666664,0,3,3521,64.15933333333332,5.804971812793215,-0.11422177357666256,0.007697184747957354,15238.0,28.897051342873176,6.906329083160304,-0.16641816675431156,4.702294712797066,-7.094072742216035,6.048297012252892,0.05996780763988149,-0.03149318301765588,61|49|5|66|5|32|60|6|5|5,156,84
117,0.009972165269872983,-0.6751111826153292,-0.6972022394512146,5.804655250340741,5.828357210663437,5.609119539566421,9,0.3,0,6,3551,64.15933333333332,5.804655250340741,-0.11414885342599387,0.00766978608919368,15018.0,28.897051342873176,6.90633833787227,-0.1665025512072318,4.708470293398573,-7.1005678746909995,5.832496599879288,0.05996780763988149,-0.03149023205915231,60|51|5|66|5|31|58|6|5|5,156,84
118,0.009872443617174253,-0.7298949838379062,-0.7298949838379062,5.815545223042853,5.815545223042853,5.609119539566421,15,0.5,4,11,3581,64.15933333333332,5.815545223042853,-0.11413021840737025,0.007682050031863628,14423.0,28.861704697348763,6.906376033802988,-0.16359966622639038,4.710048486236429,-7.097660581564217,5.248854575505225,0.059182189333533315,-0.03147821233042216,59|50|5|64|5|31|57|6|5|5,153,83
119,0.00977371918100251,-0.7829800904585688,-0.7952414775252491,5.750037324607119,5.750037324607119,5.609119539566421,12,0.4,5,8,3611,64.03733333333334,5.750037324607119,-0.11476274364217495,0.007575001612379795,14319.0,29.143913860592473,6.915823943988881,-0.18106177560878653,4.65648015794579,-7.123037505003436,5.146839835110431,0.06545460023912633,-0.0284656506205103,59|47|5|63|5|30|60|7|6|5,153,83
120,0.009675981989192485,-0.7916795187331004,-0.8071358957880299,5.761043165563432,5.746284142149635,5.609119539566421,9,0.3,2,10,3641,64.03733333333334,5.761043165563432,-0.11478449460527465,0.0075710708116051946,14203.0,29.16937673358356,6.915826736841962,-0.17812800421306785,4.654638076922222,-7.123969341557331,5.033054163131623,0.06602054076494514,-0.028464760091061383,59|45|5|64|5|29|60|7|6|5,153,82
121,0.00957922216930056,-0.8062598574936212,-0.8090370487938241,5.738783956820412,5.760394057860849,5.609119539566421,8,0.26666666666666666,1,7,3671,64.03733333333334,5.738783956820412,-0.11469935407430398,0.007627551856075028,13979.0,29.237227482299982,6.915886392026212,-0.18406152898058167,4.66184859701362,-7.110579931903371,4.813330106896681,0.06752859872915093,-0.028445738432267643,58|45|5|62|5|27|62|7|7|5,153,81
122,0.009483429947607555,-0.8431362642052714,-0.8431362642052714,5.721371816593687,5.721371816593687,5.609119539566421,8,0.26666666666666666,5,12,3701,64.03733333333334,5.721371816593687,-0.11528502431723833,0.007627077757798327,13943.0,29.150809530782183,6.9158493930830796,-0.18870299519276637,4.612248400662161,-7.110692321752081,4.778017312144637,0.06560786413886001,-0.02845753591945737,56|45|5|65|5|26|61|7|6|5,152,80
123,0.009388595648131479,-0.8079412256438059,-0.8431362642052714,5.741147557621389,5.721371816593687,5.609119539566421,5,0.16666666666666666,0,10,3731,64.03733333333334,5.741147557621389,-0.1143649556665937,0.007433319243701641,14049.0,29.25178015208903,6.909850385682346,-0.18343147586166705,4.690168674535306,-7.1566247605646955,4.8819938744701,0.06785204791712604,-0.030370380097412292,56|44|5|66|5|27|61|7|6|6,152,82
124,0.009294709691650164,-0.7999817892714399,-0.8431362642052714,5.647298458720999,5.721371816593687,5.609119539566421,8,0.26666666666666666,0,8,3761,64.11933333333334,5.647298458720999,-0.11342901687919324,0.007402882151244183,13926.0,29.444999953810157,6.912535140538345,-0.20844835580394838,4.769432984423101,-7.163840184844005,4.7613418257339495,0.07214657179991543,-0.029514318860530825,56|43|5|66|5|26|61|7|8|5,152,82
125,0.009201762594733662,-0.8436478903326398,-0.8436478903326398,5.582686422821867,5.582686422821867,5.564898704123793,8,0.26666666666666666,1,9,3791,63.879999999999995,5.582686422821867,-0.11319429256535782,0.007406317953473662,13670.0,29.18196854226358,6.912624509340102,-0.2256716596380169,4.7893116997841,-7.163025692761355,4.510228618608303,0.06630040764516221,-0.029485822714299857,56|44|5|64|5|24|61|7|9|5,151,82
126,0.009109744968786325,-0.8978493163920487,-0.8978493163920487,5.573941669455598,5.573941669455598,5.5392268216651415,10,0.3333333333333333,8,9,3821,63.923333333333325,5.573941669455598,-0.11269621278015807,0.0073862987484877825,12897.0,29.299894243045863,6.912585371100773,-0.22800270434331565,4.8314938926522615,-7.167771450192341,3.7519844424046886,0.06892143682484805,-0.029498302337716536,53|43|5|61|5|23|61|7|12|5,151,77
127,0.009018647519098462,-0.9010027082850443,-0.9051140929107285,5.567752999514911,5.567876684835579,5.5205593055187965,3,0.1,1,11,3851,63.923333333333325,5.567752999514911,-0.11282104584825373,0.0073904024856499525,12932.0,29.29696558788074,6.912540863452645,-0.22965238680934436,4.820921826266102,-7.166798617297832,3.786316326191398,0.06885634422337018,-0.029512494051429965,53|41|5|61|5|22|63|7|12|5,151,76
128,0.008928461043907477,-0.9280583873357284,-0.9280583873357284,5.552619998444568,5.552619998444568,5.5205593055187965,8,0.26666666666666666,3,9,3881,63.961999999999996,5.552619998444568,-0.1127031622149218,0.007369967045798759,12667.0,29.306222053637658,6.912486753023803,-0.23368631441631071,4.830905347591331,-7.171643047463649,3.52637492037774,0.06906207941670546,-0.029529747708887596,53|42|5|58|5|21|63|7|14|5,150,76
129,0.008839176433468402,-0.9244259742838712,-0.9508089634773088,5.525415982925134,5.5525110866055565,5.5205593055187965,10,0.3333333333333333,2,6,3911,64.108,5.525415982925134,-0.11295309132066911,0.007384465372429429,12791.0,29.47748633602719,6.912313580407404,-0.24093795133314436,4.809738944024536,-7.168206070750893,3.6480078800792253,0.07286861758949674,-0.029584965548928765,53|44|5|60|5|19|61|8|15|5,151,76
130,0.008750784669133718,-0.9268588796055441,-0.9569933589434912,5.552221692516012,5.523823350984809,5.30517534332756,10,0.3333333333333333,1,7,3941,64.01133333333333,5.552221692516012,-0.11317200990023321,0.007446593865408445,12784.0,29.32530588813045,6.910927372092796,-0.23379248881448536,4.791198810455587,-7.1534778756283055,3.6411415033218835,0.06948623875376339,-0.03002697208882853,55|43|5|59|5|20|61|8|13|5,150,76
131,0.00866327682244238,-0.955850526418064,-0.9721783423571796,5.576298088533074,5.557499824597323,5.30517534332756,9,0.3,2,5,3971,63.923333333333325,5.576298088533074,-0.11374506880015525,0.00747152704257203,12674.0,29.276822702917062,6.903691448274304,-0.2273745656201354,4.74266666408142,-7.1475672107999255,3.5332412971350817,0.06840864631780226,-0.032334219575576875,54|43|5|58|5|21|62|8|11|5,150,74
132,0.008576644054217956,-0.9568426393655,-0.9760929302657061,5.571818223696706,5.57499779816207,5.30517534332756,12,0.4,2,5,4001,63.923333333333325,5.571818223696706,-0.11331920010641983,0.007497707084437745,12467.0,29.26279404584658,6.903654248666955,-0.22856874054650322,4.778733326309953,-7.141360963932711,3.3301927273108283,0.06809684389229514,-0.03234608104658145,50|43|5|59|5|20|63|7|12|5,149,74
133,0.008490877613675776,-0.9648767369540628,-0.9760929302657061,5.569372000619938,5.57499779816207,5.30517534332756,5,0.16666666666666666,0,4,4031,63.923333333333325,5.569372000619938,-0.11350836595757259,0.007506903881022982,12462.0,29.2632289503747,6.90371194398823,-0.22922081786786874,4.762712940310558,-7.139180769176404,3.3252881724841554,0.06810651012663607,-0.03232768430991748,51|42|5|57|5|22|64|7|12|5,149,74
134,0.008405968837539019,-0.9821658927484205,-0.9975502963045694,5.569531257328586,5.569531257328586,5.30517534332756,6,0.2,3,3,4061,63.923333333333325,5.569531257328586,-0.11363343479758795,0.0074869737054979995,12354.0,29.283938230509214,6.90371194398823,-0.22917836561199298,4.752120906487685,-7.1439054212625,3.219349788228023,0.06856679679156813,-0.03232768430991748,50|42|5|55|5|21|66|7|12|5,150,73
135,0.008321909149163628,-0.98338302552613,-0.9975502963045694,5.571816350651038,5.569531257328586,5.30517534332756,11,0.36666666666666664,0,2,4091,63.879999999999995,5.571816350651038,-0.11426794165371383,0.0074868912547285185,12652.0,29.17932960174867,6.906663257938083,-0.22856923983481978,4.698384755419961,-7.143924967061259,3.5116612558977214,0.06624175427234229,-0.03138662801023639,48|44|5|56|5|24|67|6|10|5,150,75
136,0.008238690057671992,-1.0199272016109533,-1.0318321169080342,5.447610501920919,5.447610501920919,5.30517534332756,9,0.3,2,5,4121,63.282000000000004,5.447610501920919,-0.11445028904337382,0.007434863227336348,12765.0,29.17511602330245,6.903879045795124,-0.261678165143826,4.6829418224036,-7.1562587434419935,3.6225041949805266,0.06614810282922876,-0.032274402208881316,48|45|5|58|5|22|66|6|11|5,151,74
137,0.008156303157095273,-1.0558509172779986,-1.0558509172779986,5.447812350325925,5.447812350325925,5.30517534332756,7,0.23333333333333334,2,14,4151,63.282000000000004,5.447812350325925,-0.11106308067445587,0.005985856673224624,12653.0,29.24999798024612,6.903880408983083,-0.26162435943472784,4.969803246914229,-7.499760577134846,3.5126421668630563,0.06781243717601965,-0.03227396754261462,47|46|5|58|5|22|65|6|12|5,150,75
138,0.00807474012552432,-1.0387088446490689,-1.0558509172779986,5.446810228023749,5.447812350325925,5.30517534332756,4,0.13333333333333333,0,14,4181,63.282000000000004,5.446810228023749,-0.11113381705040112,0.006034867267375524,12804.0,29.245150885163437,6.903874131129429,-0.2618914901116841,4.963812609386708,-7.488142114186258,3.6607597226285744,0.06770470512470131,-0.03227596929974035,48|44|5|60|5|22|65|6|12|5,150,76
139,0.007993992724269077,-1.0341922314818344,-1.0558509172779986,5.426165704339501,5.447812350325925,5.30517534332756,6,0.2,0,9,4211,63.282000000000004,5.426165704339501,-0.11079052516944983,0.005805289024205957,13002.0,29.318988223806063,6.903816137936703,-0.2673945964443576,4.992885871869253,-7.542565986377142,3.854980093764817,0.06934582167392553,-0.03229446101572888,52|45|5|59|5|21|64|6|12|5,152,76
140,0.007914052797026385,-1.033178576020129,-1.0558509172779986,5.442760205395831,5.447812350325925,5.30517534332756,7,0.23333333333333334,0,10,4241,63.12666666666667,5.442760205395831,-0.11135038139981535,0.005771206179027615,13117.0,29.587091210879596,6.910958757540066,-0.26297108417314335,4.945471854698791,-7.550645673651854,3.9677848547782917,0.07530470720624913,-0.030016964521563914,53|43|5|59|5|23|65|7|10|5,152,77
141,0.007834912269056122,-1.072089116881009,-1.072089116881009,5.442820306556152,5.442820306556152,5.30517534332756,8,0.26666666666666666,4,8,4271,63.12666666666667,5.442820306556152,-0.11137761313244168,0.005772119523807426,12678.0,29.7036452873895,6.91095378263102,-0.26295506331061225,4.943165609330255,-7.550429155924056,3.53716494099642,0.07789525051883708,-0.030018550821624867,55|44|5|58|5|23|60|7|10|5,151,76
142,0.007756563146365561,-1.07452300863943,-1.0854677475411127,5.457951417124777,5.44295210397264,5.30517534332756,10,0.3333333333333333,2,11,4301,62.97333333333333,5.457951417124777,-0.11133114876490575,0.005778102554540858,12515.0,29.857150664381813,6.911086663599117,-0.2589216396451337,4.947100659438968,-7.549010817254612,3.377276453646887,0.08130707736969756,-0.029976180381115825,55|43|5|58|5|24|59|8|9|5,151,77
143,0.007678997514901906,-1.0960470959351167,-1.0960470959351167,5.4575745849909545,5.4575745849909545,5.190644208368281,3,0.1,2,9,4331,62.97333333333333,5.4575745849909545,-0.11139910617543289,0.00579350681474817,12309.0,29.853457646841335,6.911080810542123,-0.25902208988238357,4.941345371465322,-7.545359079715622,3.175208794787968,0.08122499596869275,-0.029978046687530506,56|42|5|58|5|24|57|8|9|5,150,77
144,0.007602207539752886,-1.1048872220743413,-1.1048872220743413,5.458044384079526,5.458044384079526,5.190644208368281,7,0.23333333333333334,1,10,4361,62.97333333333333,5.458044384079526,-0.11130913848002166,0.005785768396154251,12187.0,29.855895342222095,6.911086863023246,-0.2588968579138992,4.948964702328586,-7.547193551043133,3.0555376570171515,0.08127917644573696,-0.02997611679271558,57|43|5|55|5|24|57|8|10|5,150,78
145,0.0075261854643553575,-1.1269841862810221,-1.1269841862810221,5.4362108312642885,5.4362108312642885,5.190644208368281,9,0.3,3,7,4391,62.97333333333333,5.4362108312642885,-0.11131331011310701,0.005754972891495299,12079.0,29.81436865311454,6.911022440258103,-0.2647169177321824,4.948611408264843,-7.554493940603021,2.949599272761019,0.08035619983279663,-0.02999665864289173,56|45|5|54|5|23|57|7|10|5,150,76
146,0.0074509236097118035,-1.1475814750631663,-1.1532846848241665,5.460852977906134,5.431033953648016,5.190644208368281,7,0.23333333333333334,4,6,4421,62.67333333333334,5.460852977906134,-0.11134425581340168,0.005804633688780852,11753.0,29.81436865311454,6.912501245726618,-0.2581481852533181,4.9459906283475314,-7.542721340346775,2.629822298061953,0.08035619983279663,-0.02952512656402948,54|43|5|53|5|24|58|8|10|5,150,75
147,0.007376414373614686,-1.1835893928678018,-1.1944631959997611,5.472557298223773,5.472461234832183,5.190644208368281,8,0.26666666666666666,4,11,4451,62.62866666666667,5.472557298223773,-0.11146076019291815,0.0057761816611265416,11439.0,29.81436865311454,6.9123664128610365,-0.2550282237446503,4.936123915518023,-7.549466184698103,2.3218162549469015,0.08035619983279663,-0.029568119386791096,54|43|5|52|5|22|57|9|9|5,148,73
148,0.007302650229878539,-1.2239344502617096,-1.2239344502617096,5.459400748136864,5.459400748136864,5.190644208368281,6,0.2,4,8,4481,63.00599999999999,5.459400748136864,-0.11195153188782041,0.005752833072302814,11592.0,29.178717524264172,6.912111297150534,-0.2585352988027513,4.8945606421153505,-7.555001206642849,2.471895632643089,0.06622815017301148,-0.029649465611081487,54|44|5|52|5|22|58|8|7|5,148,73
149,0.0072296237275797535,-1.217969219887903,-1.2239344502617096,5.45344078922009,5.459400748136864,5.190644208368281,3,0.1,0,10,4511,63.20000000000001,5.45344078922009,-0.11193780385538235,0.0057459107037259646,11716.0,29.07678265644615,6.913121640763558,-0.26012401492713433,4.895723264107268,-7.5566422249618475,2.5935285923445743,0.06396253494913656,-0.02932730733241842,55|44|5|52|5|22|58|8|8|5,148,74
150,0.007157327490303956,-1.2190629684847407,-1.2239344502617096,5.453262621777093,5.459400748136864,5.190644208368281,7,0.23333333333333334,0,7,4541,63.20000000000001,5.453262621777093,-0.1120644512705858,0.005728777806614063,11790.0,29.056280928119744,6.913121492345484,-0.260171508121883,4.8849975413353155,-7.5607037535710235,2.6661160037793317,0.06350686135278705,-0.02932735465702236,55|44|5|52|5|21|59|8|8|5,150,74
151,0.007085754215400916,-1.2335977606779442,-1.2335977606779442,5.471558933700498,5.471558933700498,5.190644208368281,6,0.2,1,6,4571,63.244666666666674,5.471558933700498,-0.11221415266980035,0.005660878291524386,11699.0,29.144288179905516,6.913055260611671,-0.2552943527294784,4.872319385180535,-7.5768000285492,2.576853105933887,0.06546291990002719,-0.02934847331515311,56|44|5|50|5|21|59|9|7|5,150,75
152,0.0070148966732469075,-1.2335977606779442,-1.2335977606779442,5.471558933700498,5.471558933700498,5.190644208368281,0,0.0,0,12,4601,63.244666666666674,5.471558933700498,-0.11221415266980035,0.005660878291524386,11699.0,29.144288179905516,6.913055260611671,-0.2552943527294784,4.872319385180535,-7.5768000285492,2.576853105933887,0.06546291990002719,-0.02934847331515311,56|44|5|50|5|21|59|9|7|5,150,75
153,0.006944747706514438,-1.2469857766866157,-1.2469857766866157,5.47180098847278,5.47180098847278,5.190644208368281,4,0.13333333333333333,3,9,4631,63.244666666666674,5.47180098847278,-0.11207369124764752,0.005655688803757756,11498.0,29.165229473456947,6.913056401392344,-0.25522982941227473,4.884215011093984,-7.578030249736748,2.3796900019016403,0.06592836331986322,-0.029348109565698603,56|44|5|49|5|21|58|9|8|5,150,75
154,0.006875300229449294,-1.2778440536222442,-1.2778440536222442,5.471951649616119,5.471951649616119,5.190644208368281,3,0.1,3,12,4661,63.244666666666674,5.471951649616119,-0.11208025310355654,0.005659690320606448,11181.0,29.165229473456947,6.913056401392344,-0.2551896684327977,4.883659289942971,-7.577081649213735,2.068741225890585,0.06592836331986322,-0.029348109565698603,54|44|5|48|5|21|58|9|8|5,150,72
155,0.006806547227154801,-1.3025427095552546,-1.3025427095552546,5.438775606503497,5.438775606503497,5.190644208368281,9,0.3,3,6,4691,63.32533333333334,5.438775606503497,-0.11227382907284396,0.005689683111154515,11147.0,28.98807515086079,6.913036347444916,-0.26403323856008604,4.867265412669175,-7.56997155124931,2.03539025306921,0.061990912486399416,-0.02935450396964249,52|43|5|51|5|21|58|8|7|5,151,71
156,0.006738481754883252,-1.33001880564952,-1.33001880564952,5.397583177087142,5.397583177087142,5.190644208368281,8,0.26666666666666666,3,8,4721,63.32533333333334,5.397583177087142,-0.11253445245557898,0.0057384163683127706,11135.0,28.76415093723209,6.912378202216565,-0.27501369626627675,4.845193314737972,-7.558418833873268,2.0236193214851954,0.05701394907583121,-0.02956436023155463,52|44|5|50|5|22|58|6|6|5,151,69
157,0.00667109693733442,-1.3560486026235679,-1.3560486026235679,5.374039124363471,5.374039124363471,5.190644208368281,8,0.26666666666666666,6,9,4751,63.40600000000001,5.374039124363471,-0.1128829666214034,0.005707879929024882,11105.0,28.79921962974223,6.912424176791904,-0.2812897153995875,4.815677778880205,-7.565657809335508,1.9941919925251586,0.05779338956889393,-0.02954970077326465,50|47|5|49|5|22|58|6|6|5,150,69
158,0.006604385967961076,-1.3815669297622635,-1.3947528982175283,5.42605253889984,5.4258740280838795,5.190644208368281,9,0.3,6,9,4781,63.282000000000004,5.42605253889984,-0.11256490135811636,0.005723235607418092,10583.0,28.721020513438635,6.912473545542701,-0.2674247623836238,4.842614608439059,-7.5620175886127665,1.4821564686205189,0.05605532768503222,-0.029533959047804714,47|47|5|50|5|24|54|7|7|5,149,68
159,0.006538342108281465,-1.3771059300580406,-1.3947528982175283,5.414666458727259,5.4258740280838795,5.190644208368281,8,0.26666666666666666,0,5,4811,63.282000000000004,5.414666458727259,-0.11225913543790234,0.005716731762198528,10537.0,28.717360378165107,6.912437926570687,-0.2704598922253388,4.868509811180135,-7.56355939168649,1.437034564215129,0.05597397712879322,-0.029545316517247813,49|47|5|49|5|23|53|7|8|5,149,68
160,0.00647295868719865,-1.4173908030310316,-1.4173908030310316,5.405057729159622,5.405057729159622,5.190644208368281,13,0.43333333333333335,4,4,4841,63.282000000000004,5.405057729159622,-0.11261342516969752,0.005909947317846499,10122.0,28.606895255762904,6.912407646384268,-0.2730212426997485,4.838505144775533,-7.517755666731121,1.0299565136012871,0.05351876755841903,-0.0295549716609123,49|44|5|48|5|22|53|7|8|5,149,64
161,0.006408229100326664,-1.4155511751035024,-1.4275478637516343,5.398359024495532,5.399414682357918,5.18808698394268,7,0.23333333333333334,1,8,4871,63.32533333333334,5.398359024495532,-0.1126779631966727,0.005972093922948054,10115.0,28.599770268310685,6.91237774823215,-0.2748068825440714,4.833039443130755,-7.503023177944514,1.0230901368439451,0.05336040682879624,-0.02956450498907636,47|42|5|52|5|21|53|7|8|5,150,62
162,0.0063441468093233975,-1.4431330642886433,-1.4431330642886433,5.398036989779338,5.398036989779338,5.18808698394268,4,0.13333333333333333,3,6,4901,63.32533333333334,5.398036989779338,-0.1127348557660591,0.005981536033559199,9848.0,28.59940895888128,6.912379433078897,-0.2748927257106725,4.828221232462639,-7.500784828987668,0.7611869090996178,0.05335237632695412,-0.029563967758652287,45|41|5|52|5|21|53|7|8|5,149,61
163,0.006280705341230163,-1.453188997072684,-1.4557258042296832,5.408603602133868,5.4081393351496585,5.18808698394268,4,0.13333333333333333,2,10,4931,63.32533333333334,5.408603602133868,-0.11246154929398192,0.0059336659846322675,9634.0,28.649266576497105,6.912401527211428,-0.2720760372632907,4.851367456541284,-7.512132914017862,0.5512719625180222,0.05446051704381072,-0.02955692282105566,44|42|5|52|5|21|51|8|7|5,149,61
164,0.006217898287817862,-1.4884347520577383,-1.4884347520577383,5.413712309015611,5.413712309015611,5.18808698394268,7,0.23333333333333334,5,9,4961,63.282000000000004,5.413712309015611,-0.11280852934932684,0.0059330648640013245,9457.0,28.54838942749277,6.9124193195800965,-0.2707142350913114,4.821981843932863,-7.512275415815672,0.37765072165380525,0.05221841079089111,-0.029551249544370793,46|42|5|51|5|22|48|8|7|5,148,62
165,0.006155719304939683,-1.4982992488164264,-1.4982992488164264,5.412364643809365,5.412364643809365,5.18808698394268,3,0.1,3,8,4991,63.282000000000004,5.412364643809365,-0.11387730384770764,0.0062961824415483855,9434.0,28.43521070567282,6.912410368377737,-0.2710734753936911,4.731467726791587,-7.4261946776854115,0.35508976945111037,0.04970288847097456,-0.029554103725767118,46|41|5|52|5|21|48|8|7|5,148,61
166,0.006094162111890286,-1.505059463916111,-1.5084026317593373,5.420578829235844,5.412364643809365,5.18808698394268,4,0.13333333333333333,1,12,5021,63.282000000000004,5.420578829235844,-0.11396387147885967,0.006296246249333702,9380.0,28.43521070567282,6.912443093804426,-0.26888386150239546,4.724136346113428,-7.426179551396853,0.3021205773230442,0.04970288847097456,-0.02954366889251349,45|41|5|51|5|22|49|8|7|5,148,62
167,0.006033220490771383,-1.4994685461295953,-1.5084026317593373,5.4127602893192375,5.412364643809365,5.18808698394268,9,0.3,0,7,5051,63.282000000000004,5.4127602893192375,-0.11397042034548907,0.006280500570890563,9506.0,28.378125780404,6.9124229420396,-0.27096801016987804,4.723581725019704,-7.429912225622934,0.42571535895519863,0.04843411284481999,-0.029550094486523872,47|41|5|51|5|21|49|7|7|5,147,64
168,0.0059728882858636695,-1.507404992421081,-1.5084026317593373,5.412412849193326,5.412364643809365,5.18808698394268,2,0.06666666666666667,0,9,5081,63.282000000000004,5.412412849193326,-0.11403595421158252,0.006306427556578019,9423.0,28.37812578040401,6.912420564004389,-0.27106062552813825,4.71803168612816,-7.423765968312713,0.34429974883243025,0.04843411284482015,-0.029550852747100207,47|40|5|50|5|21|50|7|7|5,147,64
169,0.005913159403005032,-1.5117098141329661,-1.517487229416535,5.410330926355411,5.412412849193326,5.18808698394268,3,0.1,1,7,5111,63.282000000000004,5.410330926355411,-0.11409809121242147,0.006320358568114739,9396.0,28.375424179410373,6.91241199013713,-0.2716155931761547,4.712769326499198,-7.420463479449235,0.31781515276839717,0.04837406677352939,-0.029553586611383593,49|39|5|50|5|20|49|7|7|5,147,63
170,0.005854027808974982,-1.4833624062452622,-1.5194046295059207,5.409999408085969,5.410011974702854,5.18808698394268,8,0.26666666666666666,1,8,5141,63.282000000000004,5.409999408085969,-0.11440780533164585,0.00643864647640458,9674.0,28.38128184177728,6.912413091733803,-0.27170396432561156,4.686539752243587,-7.392422120156584,0.5905084011314046,0.048504259800889515,-0.029553235356144052,50|37|5|52|5|21|50|7|6|5,148,64
171,0.005795487530885232,-1.543979885631659,-1.543979885631659,5.358612317178008,5.358612317178008,5.18808698394268,13,0.43333333333333335,3,4,5171,63.548,5.358612317178008,-0.1151885767240259,0.006382758363771496,9592.0,28.400476913606457,6.912141932279132,-0.28540196141764546,4.620416511674588,-7.405670969250208,0.5100737019739707,0.048930891510827995,-0.029639697290513474,51|37|5|50|5|19|51|7|6|5,147,63
172,0.00573753265557638,-1.5683827031997573,-1.5683827031997573,5.349060683500485,5.349060683500485,5.17466709612315,5,0.16666666666666666,4,7,5201,63.548,5.349060683500485,-0.11511378158456301,0.0063893040993682594,9353.0,28.34753255008733,6.912126415581073,-0.28794809212921324,4.626750884383891,-7.4041192356338374,0.2756359812590111,0.04775414445091672,-0.02964464494661061,50|38|5|50|5|19|49|6|6|5,145,62
173,0.005680157329020616,-1.597409455728611,-1.5991758953876205,5.375982721632661,5.3764456387500035,5.17466709612315,6,0.2,5,4,5231,63.472666666666676,5.375982721632661,-0.1152979635351156,0.006414878171805698,9058.0,28.291387716101863,6.912109256187233,-0.28077162049927246,4.611152583083773,-7.3980566400214665,-0.013732753514683827,0.04650626339370586,-0.029650116392870234,48|37|5|50|5|18|49|7|6|5,144,60
174,0.00562335575573041,-1.6302959219326578,-1.6331854257640102,5.32326657302509,5.355750933110978,5.17466709612315,11,0.36666666666666664,5,4,5261,63.548,5.32326657302509,-0.11541927652075815,0.0063785038054896045,8973.0,28.267698819251905,6.912140693372047,-0.29482389778469226,4.600878631179191,-7.406679555834744,-0.09711018556812136,0.04597975145045323,-0.029640092328566764,46|38|5|51|5|19|48|6|6|5,143,61
175,0.005567122198173105,-1.6350490882869426,-1.6451011371060142,5.329961759653151,5.323183729819646,5.17466709612315,6,0.2,2,1,5291,63.548,5.329961759653151,-0.11521852002971422,0.006381457295352433,8744.0,28.42652133346523,6.912227919533098,-0.29303919572545195,4.6178806241859025,-7.405979400834895,-0.32173879662973537,0.049509757559238136,-0.02961227938499345,44|37|5|51|5|19|48|7|7|5,143,60
176,0.0055114509761913745,-1.6507952971540452,-1.663091524622959,5.329978734049447,5.32994235774913,5.17466709612315,7,0.23333333333333334,4,9,5321,63.548,5.329978734049447,-0.11528412319788237,0.006183529689470843,8838.0,28.455023830708956,6.912228174049752,-0.29303467094642693,4.612324716127274,-7.452900165524219,-0.22953316588828682,0.05014325709728745,-0.02961219822978439,46|39|5|51|5|18|46|7|6|5,143,60
177,0.005456336466429461,-1.632239569100918,-1.663091524622959,5.330190835277002,5.32994235774913,5.17466709612315,3,0.1,0,6,5351,63.548,5.330190835277002,-0.11522023762435744,0.006164504266017765,9022.0,28.455023830708964,6.912229995606962,-0.29297813219424346,4.617735161730564,-7.457410336871871,-0.049045548266727954,0.05014325709728761,-0.029611617407846503,47|40|5|52|5|18|45|7|6|5,144,60
178,0.005401773101765166,-1.6403944277710423,-1.663091524622959,5.329875026253409,5.32994235774913,5.17466709612315,5,0.16666666666666666,0,3,5381,63.548,5.329875026253409,-0.11544058981654173,0.006139440174319979,9090.0,28.40017640782257,6.912222733964672,-0.2930623158094353,4.599073616038818,-7.463352036330445,0.017656397376022065,0.04892421243728417,-0.029613932855928032,49|40|5|52|5|17|44|7|6|5,144,59
179,0.005347755370747514,-1.6054287332675055,-1.663091524622959,5.348360729242936,5.32994235774913,5.17466709612315,5,0.16666666666666666,0,6,5411,63.548,5.348360729242936,-0.11557298039190962,0.006139793804357709,9430.0,28.45095485445009,6.9121851349136945,-0.2881346753977941,4.5878615071557896,-7.4632682047107295,0.35116612558977217,0.05005281959778401,-0.029625921693573115,50|40|5|53|5|16|46|7|5|5,146,59
180,0.005294277817040039,-1.62937610530152,-1.663091524622959,5.353800768356876,5.32994235774913,5.17466709612315,10,0.3333333333333333,0,4,5441,63.462,5.353800768356876,-0.1158748415789681,0.006180360584448584,9328.0,28.287662700786218,6.911183847102832,-0.28668455166736606,4.562296994822074,-7.453651434304351,0.2511132071256471,0.04642347080674377,-0.029945192438135263,51|39|5|53|5|15|45|6|6|5,144,59
181,0.005241335038869638,-1.7410576779903453,-1.7410576779903453,5.010393339775634,5.010393339775634,5.010393339775634,8,0.26666666666666666,1,4,5471,62.32733333333333,5.010393339775634,-0.11560872873993029,0.006375986008731488,9202.0,27.337531461180937,6.911169550444687,-0.3782249341831624,4.584833992778105,-7.407276425324965,0.12751842549349268,0.02530575272649076,-0.029949751072167366,51|38|5|54|5|16|43|5|6|5,144,58
182,0.0051889216884809415,-1.7324434101905994,-1.7410576779903453,5.018671033124513,5.010393339775634,5.007652293519966,6,0.2,0,14,5501,62.32733333333333,5.018671033124513,-0.11551069924195015,0.0063599411992729445,9244.0,27.338666320071734,6.911095562233609,-0.3760183913059875,4.593136074720477,-7.411080011619743,0.16871668603754417,0.025330976221012085,-0.029973342961515638,52|39|5|53|5|15|43|5|6|5,142,60
183,0.005137032471596132,-1.7402913253261025,-1.7563495893167964,5.03052199810305,5.01844657753428,4.921807478385058,6,0.2,3,14,5531,62.32733333333333,5.03052199810305,-0.1156585014101383,0.006323748552874218,9146.0,27.545323374837043,6.910895921115928,-0.372859339471266,4.580618763739176,-7.419659848866774,0.07258741143475737,0.029924157920460482,-0.030037000550867807,52|38|5|51|5|15|45|6|6|5,141,60
184,0.005085662146880171,-1.7511600682094608,-1.7563495893167964,5.0307527170161235,5.01844657753428,4.921807478385058,2,0.06666666666666667,0,9,5561,62.32733333333333,5.0307527170161235,-0.11566027312299099,0.006325681161301923,9033.0,27.545323374837043,6.910895921115928,-0.37279783789675547,4.5804687180326855,-7.419201704259461,-0.03825552764804781,0.029924157920460482,-0.030037000550867807,50|38|5|51|5|15|46|6|6|5,140,60
185,0.005034805525411369,-1.7543806121339909,-1.7637160452322258,5.017911850327517,5.017911850327517,4.921807478385058,8,0.26666666666666666,5,8,5591,62.32733333333333,5.017911850327517,-0.11553849944471459,0.00646456315906078,8927.0,27.296761215414733,6.911090312866735,-0.37622076282696365,4.5907816858261095,-7.386278305285369,-0.14223208997351108,0.024399588903784537,-0.029975016775230658,49|39|5|50|5|15|46|5|8|5,141,59
186,0.0049844574701572554,-1.7572836289451796,-1.7637160452322258,5.0144704703422205,5.017911850327517,4.921807478385058,2,0.06666666666666667,0,20,5621,62.32733333333333,5.0144704703422205,-0.11551141767818592,0.006467203145189627,8892.0,27.296761215414733,6.911013994590362,-0.377138114095507,4.5930752306212765,-7.385652469554254,-0.17656397376022065,0.024399588903784537,-0.029999351629462413,49|39|5|49|5|14|47|5|8|5,140,59
187,0.004934612895455683,-1.7453671950120502,-1.7637160452322258,5.012539644487502,5.017911850327517,4.921807478385058,5,0.16666666666666666,0,8,5651,62.32733333333333,5.012539644487502,-0.11589651311936891,0.006612766599430405,9009.0,27.297001630995418,6.910994682593557,-0.3776528045844185,4.560461640077512,-7.351145162938913,-0.06179739081607722,0.024404932406074914,-0.030005509454946584,48|38|5|50|5|14|49|5|8|5,140,59
188,0.0048852667665011265,-1.7661240703324355,-1.7661240703324355,5.013107477649203,5.013107477649203,4.921807478385058,5,0.16666666666666666,1,9,5681,62.32733333333333,5.013107477649203,-0.1159466511707082,0.006685956741237249,8718.0,27.32142905635402,6.910983810511698,-0.3775014401685642,4.556215467045656,-7.333794690749846,-0.3472424817284339,0.02494785896258273,-0.030008976128197393,47|38|5|48|5|14|49|5|8|5,140,57
189,0.004836414098836115,-1.7528844939218622,-1.7741802550367072,5.008700718950865,5.013357141513738,4.921807478385058,7,0.23333333333333334,1,8,5711,62.32733333333333,5.008700718950865,-0.1154905149310828,0.006682187329537799,8671.0,27.320177540819984,6.912313309107144,-0.3786761275612255,4.594845476545681,-7.334688268371721,-0.3933452970991582,0.024920042645089766,-0.02958505205576049,46|38|5|49|5|15|48|5|9|5,139,59
190,0.004788049957847754,-1.7518908922374536,-1.7741802550367072,5.009704719888666,5.013357141513738,4.849052450386982,6,0.2,0,5,5741,62.32733333333333,5.009704719888666,-0.1150904971421447,0.0066154536977439836,8581.0,27.331925982978596,6.912333321273945,-0.3784084961058658,4.628722835204025,-7.350508158782231,-0.4816272839792685,0.025181164771219216,-0.02957867097399204,45|39|5|47|5|15|49|5|10|5,140,58
191,0.0047401694582692765,-1.7517480198623625,-1.7741802550367072,5.009956076563076,5.013357141513738,4.849052450386982,2,0.06666666666666667,0,7,5771,62.32733333333333,5.009956076563076,-0.11503653221057578,0.006595473349215633,8581.0,27.33549915961482,6.912334399435809,-0.37834149322762756,4.633293105307728,-7.355244704892279,-0.4816272839792685,0.02526058257552808,-0.029578327191177988,45|39|5|47|5|15|49|5|10|5,141,57
192,0.004692767763686584,-1.7607315145542648,-1.7741802550367072,5.011789591665716,5.013357141513738,4.849052450386982,8,0.26666666666666666,0,10,5801,62.37066666666667,5.011789591665716,-0.11473929844607397,0.006523428669142907,8441.0,27.34043225721085,6.912299126483803,-0.37785274237404937,4.658465722935879,-7.372323633653901,-0.6189548191261068,0.02537022612786367,-0.029589574328642156,45|40|5|46|5|14|48|5|10|5,140,57
193,0.004645840086049719,-1.7821600874328818,-1.7821600874328818,5.011355438080397,5.011355438080397,4.849052450386982,4,0.13333333333333333,2,7,5831,62.37066666666667,5.011355438080397,-0.11504222981540406,0.006547596869641635,8331.0,27.32784269092904,6.912297402497376,-0.3779684725008987,4.632810577261228,-7.366594314373175,-0.7268550253129082,0.025090409087427875,-0.029590124039149283,45|40|5|45|5|14|48|5|9|5,139,57
194,0.004599381685189222,-1.7688560162237112,-1.7948156952042378,5.0117443002548,5.010343825868278,4.849052450386982,3,0.1,1,12,5861,62.37066666666667,5.0117443002548,-0.11481849382097482,0.006583143998442513,8265.0,27.462525791949385,6.912297402497376,-0.377864815476536,4.651758695914105,-7.358167503679345,-0.7915951490249892,0.028083890028759204,-0.029590124039149283,45|40|5|45|5|15|47|5|9|5,138,57
195,0.00455338786833733,-1.7666701007107608,-1.7948156952042378,5.013371984803807,5.010343825868278,4.849052450386982,4,0.13333333333333333,0,7,5891,62.37066666666667,5.013371984803807,-0.11504654653566755,0.006636048925691286,8284.0,27.536209720098807,6.9122905668216506,-0.37743093183328835,4.632444995818007,-7.345625849212861,-0.7729578406836326,0.029721596860029724,-0.0295923036634837,45|38|5|45|5|15|49|5|8|5,137,57
196,0.004507853989653957,-1.7939735710789542,-1.7948156952042378,5.02910072725592,5.010343825868278,4.849052450386982,8,0.26666666666666666,0,5,5921,62.37066666666667,5.02910072725592,-0.11505423647240101,0.006461090314026298,8039.0,27.847404187349543,6.910824895292645,-0.3732382004573033,4.6317937379190255,-7.387101578744065,-1.0132810271905996,0.03663823821819169,-0.030059647852909002,46|39|5|43|5|13|47|6|8|5,136,55
197,0.0044627754497574175,-1.8093392282212182,-1.8093392282212182,5.038560043513574,5.038560043513574,4.849052450386982,6,0.2,4,7,5951,62.37066666666667,5.038560043513574,-0.1153503264392638,0.006498570213977731,7836.0,28.074609194946625,6.91095614992633,-0.3707166783337403,4.60671798809006,-7.378216584867806,-1.212405953153515,0.04168812090476687,-0.03001779598557471,45|37|5|43|5|14|47|7|8|5,135,55
198,0.0044181476952598435,-1.819543693059623,-1.8332944412833905,5.034118804297194,5.036839105103869,4.849052450386982,5,0.16666666666666666,2,8,5981,62.37066666666667,5.034118804297194,-0.11538169716365147,0.006470937600324243,7791.0,28.074609194946625,6.9109385726823795,-0.37190055702381764,4.604061213039444,-7.38476717874384,-1.2565469465935701,0.04168812090476687,-0.030023400667567663,43|38|5|45|5|13|46|7|8|5,134,54
199,0.004373966218307245,-1.825597003851254,-1.8332944412833905,5.035373205129171,5.036839105103869,4.849052450386982,5,0.16666666666666666,0,9,6011,62.37066666666667,5.035373205129171,-0.11522896769855864,0.006391340493911513,7752.0,28.083688282855885,6.910948799916102,-0.37156617773429035,4.616995814973978,-7.403636487465622,-1.294802474241618,0.041889913679176896,-0.03002013961066689,44|40|5|43|5|13|45|7|7|5,134,54
200,0.004330226556124172,-1.825530369462831,-1.8332944412833905,5.035863029604736,5.036839105103869,4.682106491337859,5,0.16666666666666666,0,4,6041,62.37066666666667,5.035863029604736,-0.11538694235559252,0.006382296158395763,7838.0,28.067078622738357,6.910948799916102,-0.37143560769961154,4.603616999673108,-7.405780539765025,-1.210444131222846,0.04152074560517852,-0.03002013961066689,44|40|5|42|5|13|47|7|6|5,135,53
201,0.004286924290562931,-1.8445692002148482,-1.8445692002148482,5.037172612581018,5.037172612581018,4.682106491337859,4,0.13333333333333333,2,10,6071,62.516666666666666,5.037172612581018,-0.11550483346757341,0.006410792483125814,7657.0,28.067078622738347,6.910829458787316,-0.37108651878479026,4.593632844983863,-7.399025194338529,-1.3879890159484012,0.04152074560517828,-0.030058192736482314,42|39|5|42|5|12|48|7|6|5,134,51
202,0.004244055047657301,-1.8521308658780127,-1.8521308658780127,5.033364896110419,5.033364896110419,4.682106491337859,5,0.16666666666666666,2,9,6101,62.46933333333334,5.033364896110419,-0.11577585440484661,0.006401938397387426,7760.0,27.974047000440343,6.9108998590744966,-0.3721015225186068,4.570680182002803,-7.401124145981075,-1.2869551865189415,0.03945301486405037,-0.03003574489295361,41|39|5|44|5|13|48|7|5|5,135,52
203,0.004201614497180728,-1.8679530582586081,-1.8679530582586081,5.033186610739688,5.033186610739688,4.682106491337859,5,0.16666666666666666,4,11,6131,62.46933333333334,5.033186610739688,-0.11600265846633859,0.006363224385618442,7754.0,27.951721869955428,6.9108937918255124,-0.37214904714875574,4.55147222988465,-7.410301698694357,-1.2928406523109488,0.038956814137210596,-0.030037679496650555,40|39|5|45|5|12|48|7|6|5,136,52
204,0.0041595983522089205,-1.8934984191315394,-1.8934984191315394,5.033186610739688,5.033186610739688,4.682106491337859,1,0.03333333333333333,1,9,6161,62.46933333333334,5.033186610739688,-0.11649457995157553,0.006338144531167407,7743.0,27.936799860076473,6.9108937918255124,-0.37214904714875574,4.5098115811636115,-7.416247134874914,-1.303630672929629,0.0386251559570781,-0.030037679496650555,40|39|5|45|5|12|48|7|5|5,136,52
205,0.004118002368686831,-1.885123050128973,-1.9094562029937159,5.035343129379784,5.032169643192502,4.682106491337859,7,0.23333333333333334,2,7,6191,62.516666666666666,5.035343129379784,-0.11657113944257139,0.006395124535114409,7784.0,27.943086948501588,6.910814495104378,-0.3715741948747894,4.503327786175263,-7.402739441770227,-1.2634133233509122,0.03876489345372367,-0.030062964058115517,38|38|5|45|5|11|51|7|5|5,135,52
206,0.0040768223449999625,-1.9111334194698553,-1.9111334194698553,5.038950178489929,5.038950178489929,4.682106491337859,6,0.2,1,10,6221,62.516666666666666,5.038950178489929,-0.11655491843280918,0.006402968796744323,7495.0,27.93768311845793,6.910814495104378,-0.3706126820249943,4.504701537495107,-7.4008798792677695,-1.5468965923325997,0.038644787351894014,-0.030062964058115517,38|38|5|44|5|11|49|7|5|5,134,50
207,0.004036054121549963,-1.950553985257889,-1.950553985257889,5.034641163758503,5.034641163758503,4.682106491337859,10,0.3333333333333333,7,6,6251,62.516666666666666,5.034641163758503,-0.11685298244708694,0.006409388255087074,7346.0,27.700378622231103,6.902992358392256,-0.37176131430243387,4.479458606320374,-7.399358080966862,-1.693052326167449,0.0333704323558658,-0.032557131454395385,38|39|5|44|5|10|47|6|5|5,132,50
208,0.003995693580334463,-1.974320746004367,-1.974320746004367,5.034321318714155,5.034321318714155,4.682106491337859,4,0.13333333333333333,3,5,6281,62.516666666666666,5.034321318714155,-0.11679262549182981,0.0064467761242641,7033.0,27.70112641165417,6.902994731957772,-0.37184657377927866,4.484570214547097,-7.390494903927578,-2.000077458317166,0.033387052803190806,-0.03255637461902645,37|38|5|42|5|10|47|6|6|5,132,50
209,0.003955736644531118,-1.992572767750308,-1.992572767750308,5.033511078783803,5.033511078783803,4.682106491337859,11,0.36666666666666664,5,6,6311,62.46933333333334,5.033511078783803,-0.11683957738274624,0.006385736989366703,6955.0,27.674773748141998,6.9030552256816575,-0.37206255534222965,4.480593876263528,-7.404964855567744,-2.076588513613262,0.03280133569852536,-0.032537085583389885,32|39|5|43|5|11|48|6|5|5,129,51
210,0.003916179278085807,-2.0171042574370746,-2.0189531477113625,5.0326580341738,5.0326580341738,4.682106491337859,6,0.2,3,8,6341,62.46933333333334,5.0326580341738,-0.11683276978546162,0.006456438125001804,6611.0,27.69214718005936,6.903045638195247,-0.372289947132283,4.481170409160789,-7.3882044277657375,-2.4140218856883497,0.03318747944585628,-0.03254014265039043,33|38|5|41|5|11|46|6|7|5,127,51
211,0.0038770174853049485,-2.0971925661992183,-2.1070950473037304,5.050290682149616,5.0424997561615355,4.682106491337859,7,0.23333333333333334,5,11,6371,62.46933333333334,5.050290682149616,-0.11854927918406433,0.0062602990180419425,6414.0,27.843220906717107,7.052035703215763,-0.36758970128395907,4.335799862787714,-7.434701210481046,-2.607261345859258,0.03654526017751274,0.014966846324614803,32|38|5|39|5|11|46|8|7|5,126,52
212,0.003838247310451899,-2.104437663946944,-2.1070950473037304,5.038616330778058,5.0424997561615355,4.682106491337859,3,0.1,0,11,6401,62.46933333333334,5.038616330778058,-0.1186455074877574,0.006286198398479066,6558.0,27.454597895889496,7.052172585443314,-0.37070167412214555,4.327650323323611,-7.4285614972779435,-2.4660101668510817,0.027907683766946512,0.015010492607165526,32|38|5|40|5|11|47|7|6|5,126,52
213,0.00379986483734738,-2.096223847587498,-2.1070950473037304,5.039086868006399,5.0424997561615355,4.682106491337859,3,0.1,0,8,6431,62.46933333333334,5.039086868006399,-0.11875972905222479,0.006290934211346298,6685.0,27.45248806898854,7.052172330926656,-0.37057624539147344,4.31797694125665,-7.427438824368491,-2.3414344742535924,0.027860790529638555,0.015010411451955336,34|37|5|41|5|11|47|7|5|5,127,52
214,0.003761866188973906,-2.123670299222174,-2.123670299222174,5.031090162449224,5.031090162449224,4.682106491337859,5,0.16666666666666666,4,12,6461,62.46933333333334,5.031090162449224,-0.11873032926210389,0.006306095161830545,6397.0,27.450132715749124,7.052160841843547,-0.3727078867732407,4.320466798612869,-7.4238447658895375,-2.6239368322699455,0.027808440197793806,0.015006748041616171,35|37|5|39|5|11|45|6|5|5,126,49
215,0.003724247527084167,-2.1329207254306985,-2.1329207254306985,5.023130014109446,5.023130014109446,4.682106491337859,4,0.13333333333333333,3,10,6491,62.42,5.023130014109446,-0.11861573415113273,0.006306731406743314,6274.0,27.450132715749124,7.052215738637155,-0.3748297832823412,4.330171816195133,-7.423693937521236,-2.7445888810060963,0.027808440197793806,0.015024252439432045,34|37|5|38|5|12|45|6|5|5,125,49
216,0.0036870050518133255,-2.1603004128740273,-2.1603004128740273,5.020430333100939,5.020430333100939,4.682106491337859,6,0.2,4,12,6521,62.42,5.020430333100939,-0.11905480878850128,0.006432916512001283,6053.0,27.41992844604477,7.052193979041613,-0.3755494236034908,4.292986747482556,-7.393780466862431,-2.961370204345034,0.027137116883867798,0.015017314172337618,34|36|5|36|5|12|45|6|5|5,125,47
217,0.0036501350012951924,-2.1707217313052656,-2.1707217313052656,5.01935442281493,5.01935442281493,4.682106491337859,6,0.2,3,6,6551,62.42,5.01935442281493,-0.11910854331327458,0.006432456653221293,5970.0,27.427505032451688,7.052194807929109,-0.37583622357034324,4.288435990445191,-7.39388948109271,-3.0427858144678024,0.027305514899933877,0.015017578471498145,33|36|5|37|5|12|44|6|5|5,126,45
218,0.0036136336512822406,-2.18314785829729,-2.18314785829729,5.025520684326598,5.025520684326598,4.682106491337859,6,0.2,3,4,6581,62.46933333333334,5.025520684326598,-0.11941383154743153,0.006505644235114409,5870.0,27.42750078729498,7.052144023142854,-0.37419251440597656,4.26258124275969,-7.376539615757393,-3.1408769110012584,0.027305420546628996,0.015001385228812064,32|36|5|38|5|11|43|6|5|5,125,45
219,0.0035774973147694182,-2.207243720275847,-2.2088777510255015,5.026085318317186,5.026085318317186,4.682106491337859,5,0.16666666666666666,4,11,6611,62.46933333333334,5.026085318317186,-0.11932178745306758,0.006426249149512962,5679.0,27.42750078729498,7.0521574740527155,-0.3740420027769959,4.270376423082613,-7.395361033378251,-3.328230905380159,0.027305420546628996,0.015005674187451055,31|37|5|34|5|11|44|6|5|5,123,44
220,0.003541722341621724,-2.1969155293641873,-2.2088777510255015,5.019794721975459,5.026085318317186,4.682106491337859,3,0.1,0,12,6641,62.46933333333334,5.019794721975459,-0.11923351195788982,0.006444647055801882,5790.0,27.31962347561219,7.0521173397095165,-0.37571885524857235,4.277852442133712,-7.390999621396766,-3.219349788228023,0.024907727932796827,0.014992876946241624,34|36|5|34|5|11|44|5|5|5,124,44
221,0.003506305118205507,-2.2113579120744404,-2.2113579120744404,5.0103851402800546,5.0103851402800546,4.682106491337859,8,0.26666666666666666,3,12,6671,62.37066666666667,5.0103851402800546,-0.11988216700510823,0.00651091902783057,5872.0,27.311181089391972,7.052177856577626,-0.3782271198812554,4.222918085992958,-7.375289172158495,-3.138915089070589,0.024720086557909266,0.015012173361648172,36|33|5|37|5|12|43|5|5|5,126,44
222,0.0034712420670234517,-2.2421155364861742,-2.2421155364861742,5.008729682275159,5.008729682275159,4.682106491337859,9,0.3,8,9,6701,62.37066666666667,5.008729682275159,-0.12023271018566165,0.006515201609163079,5730.0,27.26502350902113,7.052180843932145,-0.37866840695426096,4.19323071362792,-7.374273942423003,-3.2782044461480964,0.023694183262757105,0.015013125909847904,32|34|5|41|5|12|40|5|5|5,126,42
223,0.0034365296463532173,-2.2614965348185296,-2.2614965348185296,5.008819047404387,5.008819047404387,4.682106491337859,5,0.16666666666666666,4,10,6731,62.37066666666667,5.008819047404387,-0.1202960732172523,0.00651407916078955,5564.0,27.25814965277979,7.052180843932145,-0.3786445853434504,4.187864521907859,-7.374540030297788,-3.4410356663936335,0.023541404202162126,0.015013125909847904,33|34|5|41|5|12|37|5|5|5,125,41
224,0.003402164349889685,-2.2735462562652815,-2.2775108540281646,5.006548719990598,5.006274766983136,4.682106491337859,10,0.3333333333333333,4,7,6761,62.37066666666667,5.006548719990598,-0.12044136195720564,0.006456432800567588,5546.0,27.332513333044965,7.052184184095967,-0.37924977504698404,4.175560072234548,-7.388205689977362,-3.4586920637696554,0.025194219276322254,0.015014190954861768,34|35|5|40|5|12|36|5|5|5,124,42
225,0.003368142706390788,-2.296985959581043,-2.304180667977358,5.005364214101098,5.005364214101098,4.682106491337859,7,0.23333333333333334,5,11,6791,62.37066666666667,5.005364214101098,-0.12073516151069805,0.006535725044712097,5343.0,27.328703140209146,7.05218592351032,-0.37956552279497263,4.150678296667153,-7.369408651976414,-3.657816989732571,0.025109533524728996,0.015014745584718997,33|33|5|40|5|12|36|5|5|5,121,43
226,0.00333446127932688,-2.3295163073126237,-2.3374364454333723,5.0059869557879,5.0059869557879,4.682106491337859,5,0.16666666666666666,3,8,6821,62.37066666666667,5.0059869557879,-0.12079989543670674,0.006540931085231022,5199.0,26.958706770655624,7.05218592351032,-0.37939952169111196,4.1451960044056495,-7.368174506789523,-3.7990681687407473,0.016885954826070058,0.015014745584718997,32|33|5|39|5|12|36|5|5|5,120,43
227,0.0033011166665336115,-2.330025059219434,-2.3374364454333723,5.006106328423539,5.0059869557879,4.682106491337859,3,0.1,0,8,6851,62.37066666666667,5.006106328423539,-0.12077179301897703,0.006538543274657416,5187.0,26.952622854751148,7.05218592351032,-0.3793677011309877,4.147575987773697,-7.368740561724346,-3.810839100324762,0.016750733063497482,0.015014745584718997,33|33|5|38|5|12|36|5|5|5,120,43
228,0.0032681054998682756,-2.3245296720405504,-2.3374364454333723,5.01643803204983,5.0059869557879,4.682106491337859,5,0.16666666666666666,0,11,6881,62.37066666666667,5.01643803204983,-0.12062513842762175,0.006550871205656462,5137.0,26.951936703769388,7.052217788585463,-0.37661363111596824,4.159996110897283,-7.365818099509254,-3.85988464859149,0.01673548259873082,0.015024906086181266,33|33|5|37|5|13|36|5|5|5,120,43
229,0.0032354244448695928,-2.338839965602798,-2.3391285055822677,5.0157356101991555,5.0157356101991555,4.682106491337859,3,0.1,1,9,6911,62.37066666666667,5.0157356101991555,-0.12071756280993431,0.006545258355134291,5072.0,26.880665875565853,7.052217788585463,-0.3768008721583763,4.152168724128583,-7.367148683170963,-3.9236438613382365,0.015151409583750648,0.015024906086181266,33|33|5|38|5|13|34|5|5|5,120,42
230,0.0032030702004208966,-2.3545605845659336,-2.3545605845659336,5.0157356101991555,5.0157356101991555,4.682106491337859,4,0.13333333333333333,2,8,6941,62.37066666666667,5.0157356101991555,-0.1202987608389126,0.006327002510495723,4997.0,26.875537044263247,7.052217788585463,-0.3768008721583763,4.187636908223064,-7.418888464909556,-3.9972121837383283,0.015037415633215338,0.015024906086181266,33|34|5|37|5|13|33|5|5|5,119,41
231,0.0031710394984166878,-2.3735909627833793,-2.3735909627833793,5.020423124928548,5.020423124928548,4.682106491337859,5,0.16666666666666666,3,12,6971,62.32733333333333,5.020423124928548,-0.12074428514368755,0.0063289458010677676,4980.0,26.875537044263247,7.052361733750075,-0.37555134504957216,4.1499056195622845,-7.418427787990598,-4.013887670149016,0.015037415633215338,0.015070804457641685,33|34|5|36|5|15|33|5|5|5,119,42
232,0.003139329103432521,-2.3721603673359644,-2.375180198032913,5.020806314842303,5.020423124928548,4.682106491337859,5,0.16666666666666666,1,18,7001,62.32733333333333,5.020806314842303,-0.1208212952075574,0.006322258077178111,5026.0,26.89510521385926,7.052362268050532,-0.3754492000510604,4.143383665723816,-7.4200131813849985,-3.968765765743626,0.015472339853838649,0.015070974824745587,33|35|5|39|5|15|29|5|5|5,119,42
233,0.0031079358123981956,-2.3647157731396478,-2.375180198032913,5.02094657593043,5.020423124928548,4.682106491337859,6,0.2,0,15,7031,62.32733333333333,5.02094657593043,-0.12080645528025427,0.00629111228609461,5130.0,26.901162786303242,7.052360883493124,-0.37541181136173507,4.144640453680787,-7.427396609926876,-3.866751025348832,0.015606976103853825,0.01507053334461415,35|35|5|37|5|15|31|5|5|5,119,44
234,0.0030768564542742135,-2.3756407514989974,-2.37656940407681,5.020767443860226,5.02094657593043,4.682106491337859,4,0.13333333333333333,1,17,7061,62.32733333333333,5.020767443860226,-0.12072239843807556,0.006287847462500768,4996.0,26.880815977525344,7.052354912612006,-0.37545956169228284,4.151759196569036,-7.428170569774046,-3.998193094703663,0.015154745765881808,0.015068629468785752,35|35|5|36|5|15|30|5|5|5,119,43
235,0.0030460878897314715,-2.38697223535478,-2.38697223535478,5.021805754058431,5.021805754058431,4.682106491337859,4,0.13333333333333333,3,15,7091,62.32733333333333,5.021805754058431,-0.12035741449476048,0.006087727408288883,4959.0,26.887242726194405,7.052358063237771,-0.3751827845907902,4.1826695517936,-7.4756110767789545,-4.034486800421042,0.015297587365977222,0.015069634077673538,35|38|5|34|5|15|28|5|5|5,119,42
236,0.003015627010834157,-2.390422897803954,-2.3935443388225237,5.031778149964212,5.021805754058431,4.682106491337859,4,0.13333333333333333,1,14,7121,62.32733333333333,5.031778149964212,-0.12039434017859149,0.006084326657923922,4895.0,26.935232913823135,7.052372546795368,-0.3725244934187396,4.1795423292814,-7.476417259458377,-4.097265102202454,0.01636422238513837,0.015074252306486149,35|37|5|34|5|15|28|6|5|5,117,43
237,0.0029854707407258154,-2.4061207700492235,-2.4061207700492235,5.0216508942090785,5.0216508942090785,4.682106491337859,5,0.16666666666666666,3,11,7151,62.32733333333333,5.0216508942090785,-0.12060707273673184,0.006088559023680164,4850.0,26.933576710486697,7.052346694848321,-0.3752240647981074,4.161526087579852,-7.475413933839179,-4.141406095642509,0.0163274114334671,0.01506600915172829,35|36|5|34|5|14|29|6|5|5,116,43
238,0.002955616033318557,-2.4061207700492235,-2.4061207700492235,5.0216508942090785,5.0216508942090785,4.682106491337859,0,0.0,0,15,7181,62.32733333333333,5.0216508942090785,-0.12060707273673184,0.006088559023680164,4850.0,26.933576710486697,7.052346694848321,-0.3752240647981074,4.161526087579852,-7.475413933839179,-4.141406095642509,0.0163274114334671,0.01506600915172829,35|36|5|34|5|14|29|6|5|5,116,43
239,0.0029260598729853714,-2.405880766429602,-2.4061207700492235,5.026417692554204,5.0216508942090785,4.682106491337859,4,0.13333333333333333,0,17,7211,62.32733333333333,5.026417692554204,-0.12063525092478429,0.0060900634413057425,4851.0,26.931258087604927,7.052278956468441,-0.37395340345658895,4.159139687251184,-7.475057296243883,-4.140425184677174,0.016275877474461624,0.015044410084262152,35|36|5|36|5|13|27|6|5|5,116,42
240,0.002896799274255518,-2.406897776550368,-2.406897776550368,5.026529744354641,5.026529744354641,4.682106491337859,2,0.06666666666666667,1,12,7241,62.32733333333333,5.026529744354641,-0.12059926415445821,0.0060912611208439466,4823.0,26.93201974297377,7.052278956468441,-0.3739235343745019,4.162187393525769,-7.474773374051549,-4.167890691706542,0.016292806107773634,0.015044410084262152,34|36|5|35|5|13|29|6|5|5,116,42
241,0.0028678312815129626,-2.4074868218334533,-2.4079202189338926,5.026118658025051,5.0263835562473025,4.682106491337859,3,0.1,1,9,7271,62.32733333333333,5.026118658025051,-0.12050215571802443,0.006113185667507805,4706.0,27.028457394372182,7.052276255127227,-0.3740331155795829,4.170411471106296,-7.469575935875338,-4.282657274650685,0.01843623961428523,0.015043548734297337,34|35|5|35|5|13|28|6|6|5,116,41
242,0.002839152968697833,-2.4058853911221516,-2.4079202189338926,5.025813743237319,5.0263835562473025,4.682106491337859,2,0.06666666666666667,0,5,7301,62.32733333333333,5.025813743237319,-0.12049367316847408,0.006134288937205839,4694.0,27.028457394372182,7.052271478347871,-0.3741143951733849,4.171129855091712,-7.464573189809338,-4.2944282062346995,0.01843623961428523,0.015042025609891872,34|34|5|35|5|13|29|6|6|5,116,41
243,0.0028107614390108547,-2.4127750802315697,-2.412793894412931,5.033411786356502,5.033411786356502,4.682106491337859,5,0.16666666666666666,2,14,7331,62.32733333333333,5.033411786356502,-0.12050602520199279,0.006071839694550609,4677.0,27.028929993767242,7.056390150450755,-0.372089023222711,4.170083765939567,-7.4793774219254265,-4.311103692645387,0.01844674365875168,0.016355305862212413,34|35|5|32|5|15|30|6|6|5,116,42
244,0.002782653824620746,-2.449351926878297,-2.449351926878297,5.033168960285021,5.033168960285021,4.682106491337859,5,0.16666666666666666,5,13,7361,62.32733333333333,5.033168960285021,-0.12079060828579173,0.006062454765776739,4483.0,26.931759798389194,7.056390150450814,-0.3721537521412437,4.1459825297831765,-7.481602215342511,-4.501400419920292,0.016287028551763713,0.016355305862231106,33|35|5|32|5|15|28|6|5|5,115,39
245,0.0027548272863745387,-2.44475778673814,-2.449351926878297,5.011353829070438,5.033168960285021,4.682106491337859,5,0.16666666666666666,0,8,7391,62.42,5.011353829070438,-0.12069351204300918,0.0060660706947250325,4547.0,26.933854606070295,7.053242823306404,-0.3779689014065509,4.154205574687889,-7.480745022377636,-4.43862211813888,0.016333587970292256,0.015351748773175458,33|34|5|34|5|13|29|6|5|5,116,38
246,0.002727279013510793,-2.4495410956930175,-2.4495410956930175,5.013585894855444,5.013585894855444,4.682106491337859,2,0.06666666666666667,1,9,7421,62.42,5.013585894855444,-0.12072673885844569,0.006082605691569517,4484.0,26.933358648675586,7.054939957985539,-0.377373910912012,4.1513916079725455,-7.476825232146138,-4.500419508954957,0.016322564768438984,0.01589289732881669,32|33|5|35|5|13|29|6|5|5,116,37
247,0.002700006223375685,-2.4450818648188637,-2.4518501504796757,5.013623439562747,5.013623439562747,4.682106491337859,4,0.13333333333333333,1,9,7451,62.42,5.013623439562747,-0.12063900277390327,0.006089445118641862,4484.0,26.93163491888028,7.054939957985649,-0.37736390280915244,4.158821944536358,-7.475203875959657,-4.500419508954957,0.016284252966504223,0.015892897328851806,32|33|5|35|5|13|29|6|5|5,116,37
248,0.0026730061611419283,-2.4580706972480373,-2.464257361246214,5.0138660832920054,5.013040273046031,4.682106491337859,4,0.13333333333333333,2,11,7481,62.42,5.0138660832920054,-0.1205879191169704,0.006061022143380735,4362.0,26.934326970153393,7.054938603041297,-0.37729922249666437,4.1631482005563445,-7.481941833143838,-4.620090646725774,0.016344086784689987,0.015892465291142473,32|32|5|35|5|13|28|6|5|5,117,36
249,0.0026462760995305088,-2.4577074682148736,-2.464257361246214,5.004913272785114,5.013040273046031,4.682106491337859,4,0.13333333333333333,0,9,7511,62.46933333333334,5.004913272785114,-0.12054454877193636,0.0060690767524121045,4365.0,26.93296102189405,7.053213442862877,-0.3796857279423333,4.166821219043233,-7.480032405637039,-4.617147913829769,0.016313727073262164,0.015342380521631144,33|32|5|36|5|12|26|6|5|5,117,35
250,0.0026198133385352037,-2.45715912834211,-2.4699497277182716,4.994870107423649,4.994870107423649,4.682106491337859,5,0.16666666666666666,2,12,7541,62.516666666666666,4.994870107423649,-0.12061279255939575,0.006064646185794653,4430.0,26.939474059157195,7.053056519209733,-0.3823628837704879,4.161041677913068,-7.4810827167989,-4.553388701083024,0.01645848653283576,0.015292343827850016,32|32|5|35|5|11|30|6|5|5,116,36
251,0.0025936152051498516,-2.463927414002922,-2.4699497277182716,4.994870107423649,4.994870107423649,4.682106491337859,1,0.03333333333333333,0,7,7571,62.516666666666666,4.994870107423649,-0.12061279255939583,0.006064646185794653,4361.0,26.939474059157195,7.053056519209733,-0.3823628837704879,4.161041677913061,-7.4810827167989,-4.621071557691108,0.01645848653283576,0.015292343827850016,32|32|5|34|5|11|30|6|5|5,116,36
252,0.002567679053098353,-2.4653161382314788,-2.4712551015659225,4.994870107423649,4.994870107423649,4.682106491337859,3,0.1,1,10,7601,62.516666666666666,4.994870107423649,-0.12062554129265926,0.006073039002563454,4324.0,26.979645007312655,7.053056519209733,-0.3823628837704879,4.1599619924061955,-7.479093113686512,-4.6573652634084866,0.017351330303045736,0.015292343827850016,33|32|5|35|5|11|27|6|5|5,115,36
253,0.0025420022625673696,-2.46379560930932,-2.4712551015659225,4.998508153196128,4.994870107423649,4.682106491337859,4,0.13333333333333333,0,15,7631,62.516666666666666,4.998508153196128,-0.12070492949700644,0.006096042624674188,4327.0,26.988874601950013,7.0560751536783055,-0.38139310829708434,4.1532386347299015,-7.473639869631684,-4.654422530512483,0.017556468256017057,0.01625486595574029,34|31|5|33|5|12|29|6|5|5,116,36
254,0.0025165822399416957,-2.4783438145817103,-2.4806862110208563,5.024412923134458,5.008281774501224,4.682106491337859,4,0.13333333333333333,1,6,7661,62.32733333333333,5.024412923134458,-0.12105795067110918,0.006088331524217898,4267.0,26.988874601950013,7.057922803612402,-0.37448780470788895,4.123341402007287,-7.47546786491508,-4.713277188432556,0.017556468256017057,0.01684400782259365,33|31|5|34|5|14|27|6|5|5,115,37
255,0.0024914164175422787,-2.473500717584874,-2.4806862110208563,5.02420719325413,5.008281774501224,4.682106491337859,3,0.1,0,13,7691,62.32733333333333,5.02420719325413,-0.12105040430855643,0.006088062449201697,4314.0,26.988874601950013,7.0579228036124535,-0.37454264508224533,4.123980500661984,-7.475531651901553,-4.667174373061832,0.017556468256017057,0.016844007822610075,32|31|5|34|5|14|29|6|5|5,115,37
256,0.002466502253366856,-2.4824589806903297,-2.4824589806903297,5.023371906962377,5.023371906962377,4.682106491337859,2,0.06666666666666667,1,16,7721,62.32733333333333,5.023371906962377,-0.12126928711325365,0.006083326801498197,4318.0,26.99737795738929,7.059954455460968,-0.3747653031271604,4.1054433968532855,-7.476654285657253,-4.663250729200494,0.017745464739258095,0.017491820560695207,30|31|5|35|5|14|30|6|5|5,115,37
257,0.0024418372308331873,-2.4883778940350476,-2.4883778940350476,5.030006596037109,5.030006596037109,4.682106491337859,4,0.13333333333333333,2,8,7751,62.32733333333333,5.030006596037109,-0.12200113147929584,0.006348037718292125,4243.0,26.981273807816628,7.059946971460757,-0.3729967275949319,4.043463768056488,-7.413901853613925,-4.736819051600586,0.01738753219644539,0.017489434211542008,30|27|5|37|5|14|30|7|5|5,115,36
258,0.0024174188585248555,-2.4864191141017793,-2.4883778940350476,5.029303519678603,5.030006596037109,4.682106491337859,2,0.06666666666666667,0,11,7781,62.32733333333333,5.029303519678603,-0.12216496963374132,0.006408886357057927,4265.0,26.974847059147567,7.059941794232328,-0.3731841431061843,4.029588375327567,-7.39947706103141,-4.715239010363225,0.017244690596349973,0.017487783399899853,30|26|5|38|5|14|30|7|5|5,114,37
259,0.002393244669939607,-2.493779868392613,-2.493779868392613,5.00726231032854,5.00726231032854,4.682106491337859,6,0.2,2,4,7811,62.46933333333334,5.00726231032854,-0.12198700682862014,0.0063968737004609175,4191.0,26.975487562226967,7.057639771300638,-0.3790595568773754,4.04465997950032,-7.402324784222784,-4.787826421797983,0.017258926485979185,0.0167537601076691,30|27|5|37|5|12|30|7|5|5,114,36
260,0.0023693122232402108,-2.488729613198582,-2.4957356935565773,5.006667409256526,5.007358025246829,4.682106491337859,7,0.23333333333333334,1,5,7841,62.42,5.006667409256526,-0.12215853373573408,0.006392328507163321,4323.0,26.975487562226963,7.058033848142813,-0.3792181366492697,4.030133429150444,-7.403402268812334,-4.658346174373821,0.017258926485979105,0.01687941549411348,31|26|5|37|5|12|32|7|5|5,115,37
261,0.0023456191010078086,-2.488729613198582,-2.4957356935565773,5.006667409256526,5.007358025246829,4.682106491337859,0,0.0,0,5,7871,62.42,5.006667409256526,-0.12215853373573408,0.006392328507163321,4323.0,26.975487562226963,7.058033848142813,-0.3792181366492697,4.030133429150444,-7.403402268812334,-4.658346174373821,0.017258926485979105,0.01687941549411348,31|26|5|37|5|12|32|7|5|5,115,37
262,0.0023221629099977304,-2.5021002363990927,-2.5037689578115057,5.006631581057746,5.006608709424521,4.682106491337859,3,0.1,2,3,7901,62.42,5.006631581057746,-0.12225614090609764,0.00641099609942475,4209.0,26.969688397054156,7.058031237322581,-0.3792276871911279,4.021867113977786,-7.398976925010931,-4.770170024421961,0.017130033623482522,0.016878583007679162,31|25|5|37|5|12|31|7|5|5,115,35
263,0.002298941280897753,-2.512407814978452,-2.512407814978452,5.005726710237413,5.005726710237413,4.649750360904248,2,0.06666666666666667,2,4,7931,62.42,5.005726710237413,-0.12223795259566521,0.006420534277747109,4087.0,26.969688397054156,7.058031237322967,-0.3794688940321183,4.023407475264079,-7.396715802219924,-4.889841162192777,0.017130033623482522,0.016878583007802355,30|25|5|37|5|12|30|7|5|5,114,35
264,0.0022759518680887754,-2.5312197634188673,-2.5312197634188673,5.0065796066353245,5.0065796066353245,4.649750360904248,4,0.13333333333333333,3,6,7961,62.42,5.0065796066353245,-0.12213484304643676,0.006337259196206392,3949.0,26.969688397054156,7.058042031908215,-0.379241541750213,4.032139784868572,-7.416457012588496,-5.025206875408946,0.017130033623482522,0.01688202497047477,30|26|5|36|5|12|28|7|5|5,113,34
265,0.0022531923494078874,-2.5418399647747862,-2.5418399647747862,5.006491703535945,5.006491703535945,4.649750360904248,5,0.16666666666666666,2,5,7991,62.42,5.006491703535945,-0.12207046529099382,0.006292230531633504,3886.0,26.92904484950364,7.058047388365211,-0.37926497363511663,4.037591913176539,-7.427131518377056,-5.087004266225024,0.016226685808806172,0.01688373293095809,28|27|5|36|5|12|28|7|5|5,112,34
266,0.0022306604259138083,-2.556284772713139,-2.556284772713139,5.006273331783632,5.006273331783632,4.649750360904248,5,0.16666666666666666,4,7,8021,62.42,5.006273331783632,-0.12216820762982708,0.006307340902856046,3764.0,26.92743866014289,7.058045895302883,-0.3793231838893908,4.029314150636153,-7.423549450229748,-5.20667540399584,0.01619098647308292,0.016883256852935402,27|26|5|35|5|12|29|7|5|5,111,34
267,0.0022083538216546702,-2.5598900589614266,-2.5598900589614266,4.997809905515051,4.997809905515051,4.649750360904248,7,0.23333333333333334,4,6,8051,62.42,4.997809905515051,-0.12225067666470384,0.006290028571676936,3806.0,26.9291623899382,7.05803639608591,-0.3815792366522007,4.022329878561294,-7.427653515520997,-5.165477143451788,0.01622929827501776,0.01688022793153755,26|28|5|35|5|12|29|6|5|5,110,35
268,0.0021862702834381234,-2.5598900589614266,-2.5598900589614266,4.997809905515051,4.997809905515051,4.649750360904248,0,0.0,0,7,8081,62.42,4.997809905515051,-0.12225067666470384,0.006290028571676936,3806.0,26.9291623899382,7.05803639608591,-0.3815792366522007,4.022329878561294,-7.427653515520997,-5.165477143451788,0.01622929827501776,0.01688022793153755,26|28|5|35|5|12|29|6|5|5,110,35
269,0.0021644075806037423,-2.5617619850205657,-2.5617619850205657,4.998029037933468,4.998029037933468,4.649750360904248,1,0.03333333333333333,1,8,8111,62.42,4.998029037933468,-0.12225451603238979,0.006288355543544283,3790.0,26.9291623899382,7.058036396085843,-0.38152082363100787,4.022004723931387,-7.428050123962661,-5.181171718897141,0.01622929827501776,0.016880227931516025,27|28|5|34|5|12|29|6|5|5,110,35
270,0.0021427635047977047,-2.6302315686860367,-2.6302315686860367,4.962953168956611,4.962953168956611,4.649750360904248,4,0.13333333333333333,1,6,8141,62.45866666666667,4.962953168956611,-0.12371534722949784,0.006256637133142044,3857.0,26.9291623899382,7.057575528687397,-0.390870820736431,3.8982874699185044,-7.435569297774591,-5.115450684219725,0.01622929827501776,0.016733275700748878,26|28|5|34|5|12|31|6|5|5,110,36
271,0.0021213358697497278,-2.6422592499912665,-2.6422592499912665,4.96231970363381,4.96231970363381,4.649750360904248,4,0.13333333333333333,4,11,8171,62.45866666666667,4.96231970363381,-0.1237892360191922,0.006280006960738165,3741.0,26.926427079177692,7.057576249335445,-0.3910396803857382,3.89202985563602,-7.430029240961476,-5.229236356198535,0.01616850296685985,0.016733505486666897,26|27|5|34|5|12|30|6|5|5,108,36
272,0.0021001225110522303,-2.655111736321141,-2.6570442896977604,4.966318445088206,4.9589738590522385,4.649750360904248,4,0.13333333333333333,2,7,8201,62.45866666666667,4.966318445088206,-0.12406528243544587,0.006285754967143375,3713.0,26.922719460535504,7.057581107413096,-0.38997375608750895,3.8686515866980278,-7.428666617214423,-5.256701863227902,0.016086097040214017,0.016735054533855962,25|27|5|35|5|12|29|7|5|5,108,36
273,0.002079121285941708,-2.664335522272057,-2.664335522272057,4.967105831861442,4.967105831861442,4.649750360904248,2,0.06666666666666667,2,6,8231,62.45866666666667,4.967105831861442,-0.12407662786961215,0.006280557577360407,3628.0,26.922719460535504,7.0575844635890475,-0.389763866375141,3.867690746072899,-7.429898711655818,-5.34007929528134,0.016086097040214017,0.016736124684499216,26|27|5|33|5|12|29|7|5|5,107,36
274,0.002058330073082291,-2.668170614639875,-2.668170614639875,4.9522520343471585,4.9522520343471585,4.649750360904248,3,0.1,2,7,8261,62.45866666666667,4.9522520343471585,-0.12459833625376708,0.006444291144999899,3657.0,26.922719460535504,7.0573589958625345,-0.39372336810137704,3.823507455894731,-7.39108399369499,-5.3116328772866375,0.016086097040214017,0.01666423201973531,26|26|5|34|5|10|30|7|5|5,107,35
275,0.002037746772351468,-2.6842452675025483,-2.6842452675025483,4.951592406932152,4.951592406932152,4.649750360904248,3,0.1,3,8,8291,62.45866666666667,4.951592406932152,-0.12469033105046043,0.006445652959134654,3533.0,26.922719460535507,7.05734998454433,-0.3938992016473696,3.815716450573305,-7.390761161716688,-5.433265836988123,0.016086097040214097,0.016661358669793933,25|27|5|33|5|10|29|7|5|5,107,33
276,0.0020173693046279533,-2.6851478671139546,-2.685611095275643,4.951902128247275,4.951592406932152,4.649750360904248,2,0.06666666666666667,1,8,8321,62.45866666666667,4.951902128247275,-0.12465761863434022,0.00642565150995526,3533.0,26.922719460535507,7.057352571553613,-0.393816640801855,3.818486853000725,-7.395502709952022,-5.433265836988123,0.016086097040214097,0.016662183563866437,24|28|5|32|5|10|30|7|5|5,107,33
277,0.0019971956115816735,-2.709181613844675,-2.709181613844675,4.9400757389237535,4.9400757389237535,4.649750360904248,3,0.1,3,9,8351,62.50800000000001,4.9400757389237535,-0.12490307363537675,0.0064376488659774215,3412.0,26.92211907842646,7.057265785656094,-0.3969691416284344,3.797699359707807,-7.392658613918512,-5.551956063793605,0.01607275288354308,0.016634511002772797,23|27|5|32|5|9|30|7|5|5,107,31
278,0.0019772236554658567,-2.710855045297172,-2.7121890287088397,4.952014459236631,4.937697009549165,4.649750360904248,3,0.1,1,5,8381,62.55533333333334,4.952014459236631,-0.12580287292939468,0.00673663010323476,3397.0,26.92211907842646,7.0527437043095365,-0.39378669729778887,3.7214956901537843,-7.3217820516654095,-5.566669728273623,0.01607275288354308,0.0151925996334113,21|26|5|33|5|9|31|7|5|5,107,30
279,0.001957451418911198,-2.7290659061113085,-2.7290659061113085,4.9515851266598965,4.9515851266598965,4.649750360904248,3,0.1,3,10,8411,62.55533333333334,4.9515851266598965,-0.1258807292080979,0.006759116206208285,3220.0,26.919795269150004,7.052747066652556,-0.3939011423127472,3.7149020706939235,-7.3164514908186735,-5.74029096913784,0.016021103651177215,0.015193671750486472,21|25|5|32|5|9|30|7|5|5,105,30
280,0.0019378769047220861,-2.7317908199969017,-2.738257975053003,4.950544775310772,4.9515851266598965,4.649750360904248,5,0.16666666666666666,1,8,8441,62.55533333333334,4.950544775310772,-0.12583714753829783,0.006763623901084001,3161.0,26.941483755484334,7.052721509641494,-0.39417846351352365,3.7185929861971205,-7.315382895613812,-5.798164716092579,0.016503154257350404,0.015185522639050405,20|26|5|31|5|8|30|7|6|5,104,30
281,0.0019184981356748653,-2.7302541769054023,-2.738257975053003,4.939107935796162,4.9515851266598965,4.649750360904248,3,0.1,0,9,8471,62.55533333333334,4.939107935796162,-0.12599897340766392,0.006802324521756312,3231.0,26.94148375548434,7.052622558748149,-0.39722712401648497,3.7048880131476314,-7.306208517397049,-5.72950094851916,0.01650315425735056,0.015153971146012279,19|26|5|32|5|7|31|7|6|5,104,30
282,0.0018993131543181166,-2.7509494042092806,-2.7509494042092806,4.939785999658143,4.939785999658143,4.649750360904248,4,0.13333333333333333,3,10,8501,62.55533333333334,4.939785999658143,-0.12613640284851066,0.006740160953981956,3204.0,26.828110919116035,7.052621536085248,-0.39704637596000797,3.69324916461007,-7.3209450273588486,-5.755985544583193,0.013983317526817234,0.015153645059604334,19|28|5|30|5|7|31|7|5|5,104,29
283,0.0018803200227749354,-2.750421707700152,-2.756736778904757,4.939575320782017,4.939785999658143,4.649750360904248,4,0.13333333333333333,1,9,8531,62.55533333333334,4.939575320782017,-0.12617579023426262,0.006759159738268181,3204.0,26.828110919116035,7.052620153353019,-0.3971025355631597,3.6899134614722775,-7.316441171098341,-5.755985544583193,0.013983317526817234,0.015153204161449434,19|28|5|30|5|7|31|7|5|5,104,29
284,0.001861516822547186,-2.7520974722853544,-2.756736778904757,4.942718904783802,4.939785999658143,4.649750360904248,3,0.1,0,8,8561,62.55533333333334,4.942718904783802,-0.1263491106252558,0.006765888399407369,3188.0,26.953897744524266,7.05265710899458,-0.3962645662647588,3.67523502163572,-7.314846073109964,-5.771680120028546,0.016779068899316633,0.015164987841495265,18|27|5|31|5|7|31|8|5|5,104,29
285,0.0018429016543217143,-2.7599994298042314,-2.7599994298042314,4.944321878364238,4.944321878364238,4.649750360904248,3,0.1,3,11,8591,62.55533333333334,4.944321878364238,-0.1261936997680717,0.006713741372512992,3099.0,26.953897744524266,7.052663398291438,-0.39583726969950384,3.688396709675151,-7.327208059540611,-5.858981195943321,0.016779068899316633,0.01516699324740223,19|28|5|30|5|7|29|8|5|5,103,29
286,0.001824472637778497,-2.7781612965897926,-2.778177847024871,4.953916362509552,4.943858458897173,4.649750360904248,4,0.13333333333333333,3,12,8621,62.55533333333334,4.953916362509552,-0.12645022776257378,0.00675956524119375,2943.0,26.953897744524266,7.052750666070273,-0.39327971655532074,3.6666714486593293,-7.316345042479663,-6.0120033065355125,0.016779068899316633,0.01519481946122682,19|27|5|29|5|8|28|8|5|5,101,29
287,0.0018062279114007122,-2.772365292789273,-2.778177847024871,4.941019973552112,4.943858458897173,4.649750360904248,1,0.03333333333333333,0,7,8651,62.55533333333334,4.941019973552112,-0.12632741143809603,0.006759004622215924,2985.0,26.953897744524266,7.052623454440836,-0.39671744177609963,3.6770727177740787,-7.316477942946083,-5.970805045991462,0.016779068899316633,0.015154256746683751,19|27|5|29|5|7|29|8|5|5,101,29
288,0.001788165632286705,-2.7681052289543175,-2.778177847024871,4.954178599237982,4.943858458897173,4.649750360904248,3,0.1,0,10,8681,62.55533333333334,4.954178599237982,-0.12641017337973204,0.006735160193524612,3057.0,26.953897744524266,7.052753283125754,-0.3932098134360745,3.6700636395340664,-7.322130508806177,-5.900179456487373,0.016779068899316633,0.015195653935833265,19|28|5|28|5|8|30|8|5|5,101,30
289,0.0017702839759638378,-2.789113032196169,-2.789113032196169,4.927604604474401,4.927604604474401,4.649750360904248,3,0.1,2,6,8711,62.55533333333334,4.927604604474401,-0.12699452223595414,0.006898496236098113,2973.0,26.941823801721593,7.054234571087261,-0.400293508904402,3.6205753509347502,-7.283410028230762,-5.982575977575476,0.01651071216122026,0.01566797758269145,20|26|5|28|5|7|30|8|5|5,100,29
290,0.0017525811362041994,-2.7952453980732894,-2.7952453980732894,4.917108373820525,4.917108373820525,4.649750360904248,3,0.1,2,3,8741,62.55533333333334,4.917108373820525,-0.12704097157670038,0.0068862156649552265,3041.0,26.79390189129728,7.05419272988513,-0.4030914360575782,3.616641573439301,-7.28632126330724,-5.915874031932726,0.0132229840327032,0.015654636092249877,19|27|5|27|5|7|32|7|5|5,100,29
291,0.0017350553248421574,-2.8190482505537733,-2.8190482505537733,4.908364651841902,4.908364651841902,4.649750360904248,3,0.1,3,6,8771,62.55533333333334,4.908364651841902,-0.12753551037633476,0.006965228748552506,2943.0,26.79390189129728,7.052414951804416,-0.40542220583108507,3.574759265329566,-7.267590403171118,-6.0120033065355125,0.0132229840327032,0.01508777357246492,18|26|5|28|5|7|31|7|5|5,98,29
292,0.0017177047715937358,-2.823220249527714,-2.823220249527714,4.907990171752832,4.907990171752832,4.649750360904248,3,0.1,1,6,8801,62.55533333333334,4.907990171752832,-0.12761243380625845,0.007000564071469223,2892.0,26.79390189129728,7.052411681806295,-0.4055220290956534,3.568244648487969,-7.2592138032298825,-6.0620297657675755,0.0132229840327032,0.015086730900494347,18|25|5|28|5|7|31|7|5|5,97,29
293,0.0017005277238777985,-2.823220249527714,-2.823220249527714,4.907990171752832,4.907990171752832,4.649750360904248,0,0.0,0,3,8831,62.55533333333334,4.907990171752832,-0.12761243380625845,0.007000564071469223,2892.0,26.79390189129728,7.052411681806295,-0.4055220290956534,3.568244648487969,-7.2592138032298825,-6.0620297657675755,0.0132229840327032,0.015086730900494347,18|25|5|28|5|7|31|7|5|5,97,29
294,0.0016835224466390205,-2.8231025567620143,-2.823415582726753,4.908698342961794,4.907990171752832,4.649750360904248,2,0.06666666666666667,1,3,8861,62.55533333333334,4.908698342961794,-0.12739193764581294,0.006927818131959455,2882.0,26.798281837753716,7.052416996912464,-0.4053332554758663,3.5869183867985317,-7.276458972718182,-6.071838875420921,0.01332033318892295,0.015088425675848088,18|26|5|28|5|7|30|7|5|5,97,29
295,0.0016666872221726304,-2.8349195002730516,-2.8349195002730516,4.914589697710087,4.914589697710087,4.649750360904248,4,0.13333333333333333,3,5,8891,62.55533333333334,4.914589697710087,-0.12748390315629013,0.006914801439061961,2803.0,26.798281837753716,7.051155987101946,-0.40376282681792186,3.579129861715925,-7.279544712990521,-6.149330841682351,0.01332033318892295,0.014686339945115576,17|26|5|28|5|8|29|7|5|5,96,29
296,0.001650020349950904,-2.8432956641195934,-2.8442277065533332,4.919952071617757,4.914589697710087,4.649750360904248,3,0.1,1,6,8921,62.55533333333334,4.919952071617757,-0.12761657139137536,0.00692173773484041,2756.0,26.789052243116366,7.051222628401222,-0.4023334059089775,3.567894237934085,-7.2779003930858455,-6.1954336570530755,0.013115195235951787,0.014707589197336259,15|26|5|29|5|9|28|7|5|5,95,29
297,0.001633520146451395,-2.8815679972462402,-2.8815679972462402,5.0360563614473595,5.0360563614473595,4.649750360904248,5,0.16666666666666666,5,6,8951,62.32733333333333,5.0360563614473595,-0.12943779890786905,0.00698359625217569,2752.0,26.787506616243686,7.057663379474927,-0.3713840722075014,3.413655152871175,-7.263236198452705,-6.199357300914413,0.013080841968535718,0.016761287812791754,13|25|5|31|5|8|28|7|5|5,94,28
298,0.0016171849449868809,-2.890459348680852,-2.890459348680852,5.028222297982557,5.028222297982557,4.649750360904248,3,0.1,3,10,8981,62.42,5.028222297982557,-0.12959964916901642,0.007023647166220735,2708.0,26.787506616243686,7.055275017805693,-0.37347235890876407,3.399948114090746,-7.2537417193721865,-6.242517383389134,0.013080841968535718,0.015999734540947764,12|25|5|30|5|7|29|7|5|5,92,28
299,0.001601013095537012,-4.514471082557639,-4.514471082557639,5.182109795305101,5.182109795305101,4.649750360904248,5,0.16666666666666666,5,4,9011,62.38,5.182109795305101,-0.14753794623355102,0.00916634781218678,2752.0,0.5915566493895381,7.059907176590721,-0.33245134655762426,1.8807603674948425,-6.74579260150543,-6.199357300914413,-0.5691531307553359,0.017476745214783537,11|27|5|29|5|6|30|5|5|5,90,28
300,0.0015850029645816418,-4.514471082557639,-4.514471082557639,5.182109795305101,5.182109795305101,4.649750360904248,0,0.0,0,10,9041,62.38,5.182109795305101,-0.14753794623355102,0.00916634781218678,2752.0,0.5915566493895381,7.059907176590721,-0.33245134655762426,1.8807603674948425,-6.74579260150543,-6.199357300914413,-0.5691531307553359,0.017476745214783537,11|27|5|29|5|6|30|5|5|5,90,28
301,0.0015691529349358255,-4.617088728910867,-4.617088728910867,5.177275117161955,5.177275117161955,4.649750360904248,3,0.1,3,12,9071,62.38,5.177275117161955,-0.15321349627848688,0.010420756793316275,2671.0,0.5504735874307277,7.060456602684711,-0.3337401022738091,1.40010013244359,-6.448422114121463,-6.2788110891065125,-0.5700662472640406,0.01765193528122321,12|25|5|29|5|6|30|5|5|5,90,27
302,0.001553461405586467,-4.631856672389124,-4.631856672389124,5.167478840069094,5.167478840069094,4.649750360904248,1,0.03333333333333333,1,6,9101,62.38,5.167478840069094,-0.15352325643858622,0.01046955744939941,2622.0,0.5498330843513264,7.060523875639962,-0.3363514463440758,1.3738666590032997,-6.436853419140475,-6.3268757264079065,-0.5700804831536699,0.017673385943339368,12|24|5|29|5|6|30|5|5|5,89,27
303,0.0015379267915306024,-4.701663280215593,-4.701663280215593,5.1377785403474645,5.1377785403474645,4.649750360904248,6,0.2,6,4,9131,62.42,5.1377785403474645,-0.1556091683082408,0.010847793298446946,2430.0,0.5428747102221498,7.06521853366998,-0.3442685051234511,1.1972115539251642,-6.347188740021167,-6.515210631752142,-0.5702351407178375,0.019170325133497878,12|21|5|30|5|6|28|5|5|5,85,27
304,0.0015225475236152963,-4.712717428072317,-4.712717428072317,5.137511803737474,5.137511803737474,4.649750360904248,2,0.06666666666666667,2,4,9161,62.42,5.137511803737474,-0.1556212277086507,0.010848817901161819,2322.0,0.5428747102221498,7.06521853366998,-0.34433960775338074,1.1961902477628168,-6.346945847461181,-6.621149016008274,-0.5702351407178375,0.019170325133497878,12|21|5|30|5|6|26|5|5|5,85,25
305,0.0015073220483791433,-4.754575763841105,-4.754575763841105,5.1177285665671715,5.1177285665671715,4.649750360904248,4,0.13333333333333333,4,4,9191,62.516666666666666,5.1177285665671715,-0.15615464148361724,0.010773284737946963,2288.0,0.5162165421204488,7.061929041101228,-0.3496131252933246,1.151015632364303,-6.364851756854966,-6.654499988829649,-0.5708276480000332,0.01812143716116544,11|21|5|30|5|5|26|5|5|5,85,25
306,0.001492248827895352,-4.804077657479093,-4.804077657479093,5.086525126153069,5.086525126153069,4.649750360904248,2,0.06666666666666667,2,4,9221,62.516666666666666,5.086525126153069,-0.15741896493442406,0.010851025670435258,2320.0,0.5169026931021939,7.061736697856685,-0.3579308686896065,1.043940546736636,-6.346422473159219,-6.623110837938943,-0.5708123975352669,0.018060106572466976,10|21|5|30|5|5|27|5|5|5,85,25
307,0.0014773263396163983,-4.877947023650745,-4.877947023650745,5.045410706854508,5.045410706854508,4.649750360904248,2,0.06666666666666667,2,1,9251,62.55533333333334,5.045410706854508,-0.15947548626382474,0.011009244104589536,2376.0,0.5169026931021939,7.061276065449665,-0.36889053163299207,0.8697745156469012,-6.3089151740363905,-6.568179823880207,-0.5708123975352669,0.017913229271092308,9|20|5|31|5|5|28|5|5|5,85,25
308,0.0014625530762202342,-4.902714367281254,-4.902714367281254,5.034384575439822,5.034384575439822,4.649750360904248,3,0.1,3,2,9281,62.55533333333334,5.034384575439822,-0.1598545410897204,0.011060116226716845,2256.0,0.5164147698498854,7.061185651336848,-0.37182971175364277,0.8376725025786027,-6.29685541682895,-6.685889139720355,-0.5708232421694158,0.017884399816858604,9|18|5|31|5|5|27|5|6|5,85,24
309,0.001447927545458032,-5.0227706338408575,-5.0227706338408575,5.0247588048805705,5.0247588048805705,4.649750360904248,2,0.06666666666666667,2,3,9311,62.55533333333334,5.0247588048805705,-0.16267185289600117,0.011116417036849135,2207.0,0.5164147698498854,7.060817440980914,-0.374395604759055,0.5990754072666025,-6.283508733569335,-6.733953777021748,-0.5708232421694158,0.017766992221141358,10|16|5|31|5|5|27|5|6|5,85,23
310,0.0014334482700034516,-5.087788632446215,-5.087788632446215,5.010788820537969,5.010788820537969,4.649750360904248,5,0.16666666666666666,5,2,9341,62.55533333333334,5.010788820537969,-0.16413701683764312,0.011067969739833268,2157.0,0.7736021586017131,7.0605820766109515,-0.3781195128752677,0.4749912147209621,-6.29499366116693,-6.782999325288476,-0.56510696788744,0.017691943911528337,10|14|5|32|5|5|26|5|6|5,84,22
311,0.001419113787303417,-5.079997471875557,-5.087788632446215,5.011977097566591,5.010788820537969,4.649750360904248,1,0.03333333333333333,0,1,9371,62.55533333333334,5.011977097566591,-0.16408827955550004,0.01106745352781923,2210.0,0.7797434708634154,7.0605820766109515,-0.3778027598737843,0.47911875712745616,-6.295116034508094,-6.7310110441257445,-0.5649704704273214,0.017691943911528337,10|14|5|32|5|5|27|5|6|5,85,22
312,0.0014049226494303828,-5.092927054500048,-5.092927054500048,5.005984435092476,5.005984435092476,4.649750360904248,2,0.06666666666666667,1,1,9401,62.59733333333334,5.005984435092476,-0.16443971003958646,0.011082086840713004,2229.0,0.7797434708634154,7.060274047367881,-0.3794001936201507,0.4493562393542445,-6.291647057920136,-6.712373735784388,-0.5649704704273214,0.017593725672261716,8|14|5|32|5|5|28|5|6|5,84,22
313,0.0013908734229360789,-5.10328442254004,-5.10328442254004,4.98626454653555,4.98626454653555,4.637855746415294,2,0.06666666666666667,2,3,9431,62.59733333333334,4.98626454653555,-0.16443971003958616,0.011082086840713004,2177.0,0.7797434708634154,7.060274047367881,-0.38465682464041634,0.4493562393542704,-6.291647057920136,-6.763381105981785,-0.5649704704273214,0.017593725672261716,8|14|5|31|5|6|28|5|6|5,84,22
314,0.001376964688706718,-5.316114064484124,-5.316114064484124,5.008259391043671,5.008259391043671,4.637855746415294,3,0.1,3,0,9461,62.55533333333334,5.008259391043671,-0.1686467006736212,0.010698741266569998,2241.0,0.7764334657653037,7.052489110084432,-0.3787937701107951,0.09306775788488497,-6.382523049669452,-6.700602804200373,-0.5650440389530075,0.015111419690013858,8|12|5|31|5|6|30|5|6|5,84,22
315,0.0013631950418196508,-5.318182244844473,-5.318182244844473,5.007157741315117,5.007157741315117,4.6112486217152915,2,0.06666666666666667,2,2,9491,62.55533333333334,5.007157741315117,-0.1686839264170064,0.010699097370264948,2241.0,0.771025164695276,7.052489110084432,-0.379087431310749,0.08991512343997138,-6.382438631643976,-6.700602804200373,-0.5651642444283452,0.015111419690013858,8|12|5|31|5|6|30|5|6|5,84,22
316,0.0013495630914014544,-5.3251064258712,-5.3251064258712,4.996335708498464,4.996335708498464,4.6112486217152915,1,0.03333333333333333,1,0,9521,62.55533333333334,4.996335708498464,-0.16882151694465733,0.010715976126807946,2239.0,0.771025164695276,7.052378592792456,-0.3819722058997198,0.07826263252051857,-6.378437349657691,-6.702564626131043,-0.5651642444283452,0.015076180133801055,7|12|5|31|5|7|30|5|6|5,84,22
317,0.0013360674604874399,-5.365719972629218,-5.3710470066657265,4.992534383322917,4.992721650626008,4.6112486217152915,3,0.1,2,5,9551,62.55533333333334,4.992534383322917,-0.16943407814412223,0.010607974387952444,2231.0,0.7696592164359352,7.052287336546116,-0.3829855059383184,0.02638505100209086,-6.404040267210831,-6.710411913853719,-0.5651946041397731,0.015047082156777036,7|11|5|31|5|8|30|5|6|5,83,23
318,0.0013227067858825655,-5.436262366896265,-5.436262366896265,4.948177733754446,4.948177733754446,4.593580857485235,5,0.16666666666666666,4,1,9581,62.59733333333334,4.948177733754446,-0.17067284031371038,0.010485664353814416,2149.0,1.1370066417886568,7.051962274517943,-0.3948094338172007,-0.07852525916918877,-6.43303511260075,-6.790846613011153,-0.5570299011569216,0.014943432841727212,6|10|5|30|5|8|30|5|7|5,82,22
319,0.0013094797180237398,-5.711051668137409,-5.711051668137409,4.93845998643041,4.93845998643041,4.554501273044053,1,0.03333333333333333,1,1,9611,62.59733333333334,4.93845998643041,-0.17467181408889382,0.009583387757646788,2191.0,1.1370066417886329,7.051736718444435,-0.3973998446039133,-0.41719686976639314,-6.646929014186118,-6.749648352467101,-0.5570299011569222,0.014871512006630335,6|9|5|30|5|8|31|5|7|5,82,22
320,0.0012963849208435024,-5.711051668137409,-5.711051668137409,4.93845998643041,4.93845998643041,4.554501273044053,0,0.0,0,1,9641,62.59733333333334,4.93845998643041,-0.17467181408889382,0.009583387757646788,2191.0,1.1370066417886329,7.051736718444435,-0.3973998446039133,-0.41719686976639314,-6.646929014186118,-6.749648352467101,-0.5570299011569222,0.014871512006630335,6|9|5|30|5|8|31|5|7|5,82,22
321,0.0012834210716350673,-5.863631915224351,-5.863631915224351,4.92580551475647,4.92580551475647,4.554501273044053,3,0.1,3,0,9671,62.59733333333334,4.92580551475647,-0.17676565122939922,0.008973779266872041,2287.0,1.1891306932509382,7.051607065102659,-0.4007730831571782,-0.5945231631029082,-6.791442946039399,-6.655480899794983,-0.5558713864401144,0.014830170727415116,5|7|5|31|5|8|32|5|8|5,82,22
322,0.0012705868609187167,-5.863631915224351,-5.863631915224351,4.92580551475647,4.92580551475647,4.554501273044053,0,0.0,0,0,9701,62.59733333333334,4.92580551475647,-0.17676565122939922,0.008973779266872041,2287.0,1.1891306932509382,7.051607065102659,-0.4007730831571782,-0.5945231631029082,-6.791442946039399,-6.655480899794983,-0.5558713864401144,0.014830170727415116,5|7|5|31|5|8|32|5|8|5,82,22
323,0.0012578809923095295,-6.24349019464867,-6.24349019464867,4.965006098257441,4.965006098257441,4.5382593983713,4,0.13333333333333333,4,1,9731,62.506,4.965006098257441,-0.18116589810223904,0.006980567894435667,2161.0,2.1921814913370135,7.05190241679833,-0.39032358174905013,-0.9671784439897196,-7.263954101649087,-6.779075681427138,-0.5335774726193727,0.014924346602484827,6|5|5|30|5|8|31|6|8|5,82,20
324,0.0012453021823864343,-6.2511226394514985,-6.2511226394514985,4.957341648064574,4.957341648064574,4.5382593983713,2,0.06666666666666667,2,0,9761,62.506,4.957341648064574,-0.18139999809951832,0.006988090855918025,2219.0,2.14183595046886,7.05178035482811,-0.39236665549770766,-0.9870042862123874,-7.262170706634994,-6.722182845437733,-0.5346964579703788,0.014885425908861919,5|5|5|30|5|8|32|5|9|5,82,20
325,0.00123284916056257,-6.269280539926834,-6.269366476015348,4.954828441233835,4.963520133392734,4.5382593983713,3,0.1,2,0,9791,62.506,4.954828441233835,-0.18151741441065083,0.006985340404246568,2095.0,2.1412355683598134,7.05178035482811,-0.3930365883398061,-0.9969482301933175,-7.262822729353559,-6.843815805139219,-0.5347098021270498,0.014885425908861919,5|5|5|30|5|8|30|5|9|5,80,20
326,0.0012205206689569442,-6.269280539926834,-6.269366476015348,4.954828441233835,4.963520133392734,4.5382593983713,0,0.0,0,1,9821,62.506,4.954828441233835,-0.18151741441065083,0.006985340404246568,2095.0,2.1412355683598134,7.05178035482811,-0.3930365883398061,-0.9969482301933175,-7.262822729353559,-6.843815805139219,-0.5347098021270498,0.014885425908861919,5|5|5|30|5|8|30|5|9|5,80,20
327,0.0012083154622673747,-6.275107904178315,-6.275107904178315,4.9640963747921285,4.9640963747921285,4.5382593983713,2,0.06666666666666667,1,0,9851,62.55533333333334,4.9640963747921285,-0.1816673757499377,0.006981321013839341,2080.0,2.1412355683598134,7.05178035482811,-0.3905660821350853,-1.009648400576721,-7.263775566986551,-6.858529469619238,-0.5347098021270498,0.014885425908861919,5|5|5|30|5|7|30|5|9|5,79,20
328,0.001196232307644701,-6.2744173113158705,-6.275107904178315,4.966050524627927,4.9640963747921285,4.5382593983713,1,0.03333333333333333,0,0,9881,62.55533333333334,4.966050524627927,-0.18167055337971144,0.006982232672180286,2082.0,2.1412355683598134,7.05178035482811,-0.3900451742904263,-1.0099175128674887,-7.2635594490463475,-6.856567647688568,-0.5347098021270498,0.014885425908861919,5|5|5|31|5|7|29|5|9|5,79,20
329,0.001184269984568254,-6.2744173113158705,-6.275107904178315,4.966050524627927,4.9640963747921285,4.5382593983713,0,0.0,0,2,9911,62.55533333333334,4.966050524627927,-0.18167055337971144,0.006982232672180286,2082.0,2.1412355683598134,7.05178035482811,-0.3900451742904263,-1.0099175128674887,-7.2635594490463475,-6.856567647688568,-0.5347098021270498,0.014885425908861919,5|5|5|31|5|7|29|5|9|5,79,20
330,0.0011724272847225714,-6.282364594606479,-6.282364594606479,4.964138205030054,4.964138205030054,4.5382593983713,2,0.06666666666666667,1,0,9941,62.506,4.964138205030054,-0.18175428716592332,0.006969701185676852,2082.0,2.0868372039433902,7.051853440297575,-0.3905549316599885,-1.0170088962653396,-7.266530166177069,-6.856567647688568,-0.5359188659656939,0.014908729949917413,6|5|5|32|5|7|28|5|8|5,79,20
331,0.0011607030118753457,-6.2927125660324625,-6.2927125660324625,4.964138205030054,4.964138205030054,4.5382593983713,2,0.06666666666666667,2,0,9971,62.506,4.964138205030054,-0.18181135670737497,0.00696824356740205,2004.0,2.084418988048921,7.051853440297575,-0.3905549316599885,-1.0218420946322355,-7.266875709507289,-6.933078702984663,-0.5359726134896021,0.014908729949917413,6|5|5|31|5|7|28|5|7|5,78,19
332,0.0011490959817565922,-6.298696122921004,-6.298696122921004,4.964138205030054,4.964138205030054,4.5382593983713,1,0.03333333333333333,1,0,10001,62.506,4.964138205030054,-0.18181135670737497,0.00696824356740205,1943.0,2.084418988048921,7.051853440297575,-0.3905549316599885,-1.0218420946322355,-7.266875709507289,-6.992914271870072,-0.5359726134896021,0.014908729949917413,6|5|5|30|5|7|28|5|7|5,77,19
333,0.0011376050219390262,-6.298696122921004,-6.298696122921004,4.964138205030054,4.964138205030054,4.5382593983713,0,0.0,0,1,10031,62.506,4.964138205030054,-0.18181135670737497,0.00696824356740205,1943.0,2.084418988048921,7.051853440297575,-0.3905549316599885,-1.0218420946322355,-7.266875709507289,-6.992914271870072,-0.5359726134896021,0.014908729949917413,6|5|5|30|5|7|28|5|7|5,77,19
334,0.001126228971719636,-6.298696122921004,-6.298696122921004,4.964138205030054,4.964138205030054,4.5382593983713,0,0.0,0,5,10061,62.506,4.964138205030054,-0.18181135670737497,0.00696824356740205,1943.0,2.084418988048921,7.051853440297575,-0.3905549316599885,-1.0218420946322355,-7.266875709507289,-6.992914271870072,-0.5359726134896021,0.014908729949917413,6|5|5|30|5|7|28|5|7|5,77,19
335,0.0011149666820024396,-6.304483497616412,-6.304483497616412,4.964138205030054,4.964138205030054,4.5382593983713,1,0.03333333333333333,1,3,10091,62.506,4.964138205030054,-0.18181135670737342,0.00696824356740205,1884.0,2.084418988048921,7.051853440297575,-0.3905549316599885,-1.0218420946321038,-7.266875709507289,-7.050788018824811,-0.5359726134896021,0.014908729949917413,6|5|5|29|5|7|28|5|7|5,76,19
336,0.0011038170151824152,-6.309523096899046,-6.309523096899046,4.962611219500767,4.962611219500767,4.5382593983713,2,0.06666666666666667,2,0,10121,62.55533333333334,4.962611219500767,-0.18206446136027377,0.006981642095062014,1930.0,2.084418988048921,7.051758049103865,-0.39096197247452347,-1.0432774341132875,-7.26369945139657,-7.005666114419421,-0.5359726134896021,0.014878313503107752,5|5|5|29|5|7|29|5|7|5,76,19
337,0.001092778845030591,-6.309523096899046,-6.309523096899046,4.962611219500767,4.962611219500767,4.5382593983713,0,0.0,0,2,10151,62.55533333333334,4.962611219500767,-0.18206446136027377,0.006981642095062014,1930.0,2.084418988048921,7.051758049103865,-0.39096197247452347,-1.0432774341132875,-7.26369945139657,-7.005666114419421,-0.5359726134896021,0.014878313503107752,5|5|5|29|5|7|29|5|7|5,76,19
338,0.0010818510565802852,-6.309527111767924,-6.309527111767924,4.9673799237399185,4.9673799237399185,4.5382593983713,1,0.03333333333333333,1,2,10181,62.55533333333334,4.9673799237399185,-0.18206446136027377,0.006981642095062014,1917.0,2.084418988048921,7.051758049103865,-0.3896908030884676,-1.0432774341132875,-7.26369945139657,-7.01841795696877,-0.5359726134896021,0.014878313503107752,5|5|5|29|5|6|29|5|7|5,75,19
339,0.0010710325460144823,-6.326668698707063,-6.326668698707063,4.9673799237399185,4.9673799237399185,4.5382593983713,3,0.1,3,3,10211,62.55533333333334,4.9673799237399185,-0.18207771339548978,0.0069818024742190786,1748.0,2.0839230306542076,7.051758049103865,-0.3896908030884676,-1.0443997440764463,-7.263661431875967,-7.184191910110311,-0.5359836366914554,0.014878313503107752,5|5|5|27|5|6|28|5|7|5,74,17
340,0.0010603222205543374,-6.331867526823338,-6.331867526823338,4.9673799237399185,4.9673799237399185,4.5382593983713,1,0.03333333333333333,1,1,10241,62.55533333333334,4.9673799237399185,-0.18207771339548984,0.0069818024742190786,1695.0,2.0839230306542076,7.051758049103865,-0.3896908030884676,-1.044399744076451,-7.263661431875967,-7.236180191273043,-0.5359836366914554,0.014878313503107752,5|5|5|26|5|6|28|5|7|5,73,17
341,0.001049718998348794,-6.33267250958195,-6.33267250958195,4.9673799237399185,4.9673799237399185,4.5382593983713,2,0.06666666666666667,1,1,10271,62.55533333333334,4.9673799237399185,-0.1820970910105839,0.006983588863775208,1693.0,2.0839230306542076,7.051758049103865,-0.3896908030884676,-1.0460408271348518,-7.263237949948656,-7.238142013203712,-0.5359836366914554,0.014878313503107752,5|5|5|27|5|6|27|5|7|5,73,17
342,0.0010392218083653062,-6.385861006881463,-6.385861006881463,4.9673799237399185,4.9673799237399185,4.5382593983713,2,0.06666666666666667,2,0,10301,62.55533333333334,4.9673799237399185,-0.18293971213482202,0.00694427999792145,1680.0,1.823567200036231,7.051758049103865,-0.3896908030884676,-1.1174020986290258,-7.272556518910845,-7.250893855753061,-0.5417703330996535,0.014878313503107752,5|5|5|27|5|6|27|5|6|5,72,17
343,0.0010288295902816532,-6.385861006881463,-6.385861006881463,4.9673799237399185,4.9673799237399185,4.5382593983713,0,0.0,0,2,10331,62.55533333333334,4.9673799237399185,-0.18293971213482202,0.00694427999792145,1680.0,1.823567200036231,7.051758049103865,-0.3896908030884676,-1.1174020986290258,-7.272556518910845,-7.250893855753061,-0.5417703330996535,0.014878313503107752,5|5|5|27|5|6|27|5|6|5,72,17
344,0.0010185412943788366,-6.40086894465108,-6.40086894465108,4.9673799237399185,4.9673799237399185,4.5382593983713,3,0.1,3,0,10361,62.55533333333334,4.9673799237399185,-0.18293971213482202,0.00694427999792145,1527.0,1.823567200036231,7.051758049103865,-0.3896908030884676,-1.1174020986290258,-7.272556518910845,-7.400973233449249,-0.5417703330996535,0.014878313503107752,5|5|5|24|5|6|27|5|6|5,70,16
345,0.0010083558814350483,-6.403567406143575,-6.403567406143575,4.967951868864898,4.967951868864898,4.5382593983713,1,0.03333333333333333,1,1,10391,62.55533333333334,4.967951868864898,-0.18300115349666196,0.006945487838472193,1523.0,1.823567200036231,7.051758049103865,-0.3895383425673457,-1.122605544848341,-7.272270187946494,-7.404896877310587,-0.5417703330996535,0.014878313503107752,5|5|5|25|5|6|26|5|6|5,70,16
346,0.0009982723226206979,-6.412118094787935,-6.412118094787935,4.965612176312713,4.965612176312713,4.5382593983713,1,0.03333333333333333,1,0,10421,62.55533333333334,4.965612176312713,-0.18306578786681346,0.006946209702883373,1472.0,1.8174258877745286,7.051758049103865,-0.3901620225852218,-1.128079405761105,-7.272099062599812,-7.454923336542649,-0.541906830559772,0.014878313503107752,5|5|5|25|5|6|25|5|6|5,69,16
347,0.000988289599394491,-6.412118094787935,-6.412118094787935,4.965612176312713,4.965612176312713,4.5382593983713,0,0.0,0,2,10451,62.55533333333334,4.965612176312713,-0.18306578786681346,0.006946209702883373,1472.0,1.8174258877745286,7.051758049103865,-0.3901620225852218,-1.128079405761105,-7.272099062599812,-7.454923336542649,-0.541906830559772,0.014878313503107752,5|5|5|25|5|6|25|5|6|5,69,16
348,0.000978406703400546,-6.416924558518081,-6.416924558518081,4.965612176312713,4.965612176312713,4.5382593983713,1,0.03333333333333333,1,0,10481,62.55533333333334,4.965612176312713,-0.1830657878668136,0.006946209702883373,1423.0,1.8174258877745286,7.051758049103865,-0.3901620225852218,-1.1280794057611168,-7.272099062599812,-7.502987973844043,-0.541906830559772,0.014878313503107752,5|5|5|24|5|6|25|5|6|5,68,16
349,0.0009686226363665404,-6.424062608503601,-6.424062608503601,4.972792388586904,4.972792388586904,4.5382593983713,1,0.03333333333333333,1,1,10511,62.55533333333334,4.972792388586904,-0.1831799213593525,0.006951165257704971,1374.0,1.8174258877745286,7.051758049103865,-0.3882480296910099,-1.1377453290490123,-7.2709242976111,-7.551052611145436,-0.541906830559772,0.014878313503107752,5|5|5|24|5|6|24|5|6|5,67,16
350,0.000958936410002875,-6.428672890040678,-6.428672890040678,4.972792388586904,4.972792388586904,4.5382593983713,1,0.03333333333333333,1,1,10541,62.55533333333334,4.972792388586904,-0.18317992135935263,0.006951165257704971,1327.0,1.8174258877745286,7.051758049103865,-0.3882480296910099,-1.137745329049024,-7.2709242976111,-7.59715542651616,-0.541906830559772,0.014878313503107752,5|5|5|23|5|6|24|5|6|5,66,16
351,0.0009493470459028463,-6.428672890040678,-6.428672890040678,4.972792388586904,4.972792388586904,4.5382593983713,0,0.0,0,0,10571,62.55533333333334,4.972792388586904,-0.18317992135935263,0.006951165257704971,1327.0,1.8174258877745286,7.051758049103865,-0.3882480296910099,-1.137745329049024,-7.2709242976111,-7.59715542651616,-0.541906830559772,0.014878313503107752,5|5|5|23|5|6|24|5|6|5,66,16
352,0.0009398535754438179,-6.428672890040678,-6.428672890040678,4.972792388586904,4.972792388586904,4.5382593983713,0,0.0,0,1,10601,62.55533333333334,4.972792388586904,-0.18317992135935263,0.006951165257704971,1327.0,1.8174258877745286,7.051758049103865,-0.3882480296910099,-1.137745329049024,-7.2709242976111,-7.59715542651616,-0.541906830559772,0.014878313503107752,5|5|5|23|5|6|24|5|6|5,66,16
353,0.0009304550396893797,-6.459608055979355,-6.459608055979355,4.983619935018797,4.983619935018797,4.5382593983713,1,0.03333333333333333,1,0,10631,62.506,4.983619935018797,-0.1834366708092888,0.00689642808568285,1327.0,1.4467138543691114,7.051868262911304,-0.3853617853654929,-1.1594893450436878,-7.283900304453447,-7.59715542651616,-0.5501463156793911,0.014913456290206762,6|5|5|23|5|6|24|5|5|5,66,16
354,0.0009211504892924859,-6.464022155323362,-6.464022155323362,4.983619935018797,4.983619935018797,4.5382593983713,1,0.03333333333333333,1,2,10661,62.506,4.983619935018797,-0.18343667080928885,0.00689642808568285,1282.0,1.4467138543691114,7.051868262911304,-0.3853617853654929,-1.1594893450436925,-7.283900304453447,-7.641296419956215,-0.5501463156793911,0.014913456290206762,6|5|5|22|5|6|24|5|5|5,66,16
355,0.000911938984399561,-6.474359901367894,-6.474359901367894,4.979777945582313,4.979777945582313,4.5382593983713,1,0.03333333333333333,1,1,10691,62.506,4.979777945582313,-0.1835441309207564,0.006897520029855851,1235.0,1.4403615380567458,7.051868262911304,-0.3863859250705958,-1.168590102155808,-7.283641447911596,-7.687399235326939,-0.5502875029380027,0.014913456290206762,6|5|5|22|5|6|23|5|5|5,66,15
356,0.0009028195945555654,-6.474359901367894,-6.474359901367894,4.979777945582313,4.979777945582313,4.5382593983713,0,0.0,0,1,10721,62.506,4.979777945582313,-0.1835441309207564,0.006897520029855851,1235.0,1.4403615380567458,7.051868262911304,-0.3863859250705958,-1.168590102155808,-7.283641447911596,-7.687399235326939,-0.5502875029380027,0.014913456290206762,6|5|5|22|5|6|23|5|5|5,66,15
357,0.0008937913986100097,-6.474359901367894,-6.474359901367894,4.979777945582313,4.979777945582313,4.5382593983713,0,0.0,0,2,10751,62.506,4.979777945582313,-0.1835441309207564,0.006897520029855851,1235.0,1.4403615380567458,7.051868262911304,-0.3863859250705958,-1.168590102155808,-7.283641447911596,-7.687399235326939,-0.5502875029380027,0.014913456290206762,6|5|5|22|5|6|23|5|5|5,66,15
358,0.0008848534846239096,-6.474359901367894,-6.474359901367894,4.979777945582313,4.979777945582313,4.5382593983713,0,0.0,0,1,10781,62.506,4.979777945582313,-0.1835441309207564,0.006897520029855851,1235.0,1.4403615380567458,7.051868262911304,-0.3863859250705958,-1.168590102155808,-7.283641447911596,-7.687399235326939,-0.5502875029380027,0.014913456290206762,6|5|5|22|5|6|23|5|5|5,66,15
359,0.0008760049497776705,-6.4793942604679495,-6.481196152155652,4.965769032857168,4.9651716818700855,4.5382593983713,3,0.1,2,0,10811,62.506,4.965769032857168,-0.18352004304108172,0.006897295580909911,1211.0,1.4417274863160867,7.051868262911304,-0.39012021012898324,-1.1665501085314642,-7.283694655831383,-7.710941098494969,-0.5502571432265749,0.014913456290206762,6|5|5|20|5|7|24|5|5|5,67,14
360,0.0008672449002798938,-6.4793942604679495,-6.481196152155652,4.965769032857168,4.9651716818700855,4.5382593983713,0,0.0,0,1,10841,62.506,4.965769032857168,-0.18352004304108172,0.006897295580909911,1211.0,1.4417274863160867,7.051868262911304,-0.39012021012898324,-1.1665501085314642,-7.283694655831383,-7.710941098494969,-0.5502571432265749,0.014913456290206762,6|5|5|20|5|7|24|5|5|5,67,14
