temperature_step,temperature,current_energy,best_energy,current_D,best_E_D,best_D,accepted,acceptance_rate,new_bests,infeasible_proposals,blackbox_calls,security_pct,raw_DD,raw_S,raw_V,raw_N,raw_P,raw_C,z_DD,z_S,z_V,z_N,z_P,z_C,sizes,n_covered,n_overlap
1,0.05125817749085342,0.032708039539433444,-0.07120650684446389,6.3997588584716425,6.428552280316904,6.370923638555298,11,0.36666666666666664,2,6,71,65.66466666666666,6.3997588584716425,-0.16493668638156161,0.0372927070861987,9282.0,26.61612833924502,6.804448690840941,-0.007868790283956966,0.40726749668483014,-0.07815127282296565,0.20599130272025742,0.009271770139426233,-0.06397877642966447,43|40|5|44|5|41|43|6|5|16,85,53
2,0.05074559571594489,-0.07415669277407286,-0.18378403299255075,6.393073665541109,6.3988963544600885,6.352006431358291,9,0.3,1,6,101,65.66466666666666,6.393073665541109,-0.1627500593768556,0.03680019932428643,9645.0,26.63632582180421,6.80445795451912,-0.00965082837375964,0.5924521293160246,-0.1949052784171907,0.5620619831367024,0.009720681536964329,-0.06397582261219303,43|40|5|46|6|42|45|6|5|13,89,53
3,0.05023813975878544,-1.6485137596424744,-1.6503959437885518,6.349905394173033,6.349724103997798,6.303582653898387,16,0.5333333333333333,8,8,131,65.618,6.349905394173033,-0.15371073735697077,0.03263662596678025,9954.0,26.460754284951282,6.804821763360874,-0.021157976282310274,1.3579889693371237,-1.181922955431653,0.8651634714250811,0.005818409867929229,-0.06385981848378473,42|44|5|45|5|41|48|5|5|12,91,55
4,0.049735758361197584,-1.6997662438775103,-1.6997662438775103,6.350919838893592,6.350919838893592,6.303582653898387,11,0.36666666666666664,2,11,161,65.618,6.350919838893592,-0.15196764951305025,0.032271248273810095,10418.0,26.67513648778474,6.80483870775233,-0.020887560880567785,1.5056104344180974,-1.2685394770543945,1.3203061593403165,0.010583291530741829,-0.06385441559320955,42|45|5|47|5|42|49|5|6|12,94,57
5,0.04923840077758561,-1.6631429365225483,-1.728997800988977,6.345251587997241,6.350919838893592,6.303582653898387,8,0.26666666666666666,2,17,191,65.618,6.345251587997241,-0.14623598214179295,0.03166190475305748,10751.0,31.32437394122421,6.804829591324546,-0.022398517872357804,1.991023225088902,-1.412990595052059,1.6469495107967247,0.11391773811801147,-0.06385732245840339,41|45|5|47|5|43|52|5|8|12,97,58
6,0.048746016769809754,-3.069684207957245,-3.102134753933207,6.349308798974751,6.350362592666623,6.303582653898387,12,0.4,2,14,221,65.618,6.349308798974751,-0.13152913795089496,0.027394508116439852,10571.0,32.27278478792086,6.804800566919209,-0.021317007648880913,3.2365404224866494,-2.424620642972359,1.470385537036504,0.13499721856232827,-0.06386657718357018,39|44|5|46|5|43|53|5|12|11,99,59
7,0.04825855660211165,-3.31503394859559,-3.325303205263809,6.358993623137929,6.3622422278212785,6.303582653898387,16,0.5333333333333333,5,8,251,65.618,6.358993623137929,-0.1264361053389656,0.026244580050514138,11454.0,31.82185629754261,6.804840010752257,-0.01873537302275115,3.6678674714936372,-2.6972228600841412,2.3365299194269196,0.12497483393037145,-0.06385400011850537,40|44|5|46|5|45|59|5|11|10,103,61
8,0.047775971036090534,-3.2702027176265367,-3.325303205263809,6.358570998946663,6.3622422278212785,6.303582653898387,9,0.3,0,15,281,65.618,6.358570998946663,-0.1257992146874835,0.026210513165499633,11662.0,33.05682329862076,6.804836725720935,-0.018848029817301826,3.7218055053087875,-2.7052987638386687,2.540559400216508,0.15242334196808047,-0.06385504758396422,39|44|5|45|5|47|60|5|14|10,105,62
9,0.04729821132572963,-3.7444222203009248,-3.7536286645329096,6.354586835256925,6.354511775374162,6.303582653898387,13,0.43333333333333335,3,11,311,65.618,6.354586835256925,-0.12213546378476695,0.024765053254249124,12186.0,33.5636371247073,6.804785472969131,-0.019910068194488238,4.032087214768876,-3.047959829542707,3.054556746051817,0.16368784002091383,-0.06387139004219815,39|44|5|45|5|48|63|5|16|10,108,66
10,0.046825229212472334,-3.6826686820110317,-3.7917777898483775,6.354652913919238,6.354586835256925,6.303582653898387,14,0.4666666666666667,1,11,341,65.618,6.354652913919238,-0.12063038245495414,0.024589078625292395,12474.0,38.34596224796961,6.805037856635012,-0.01989245393946407,4.159551996161223,-3.0896764163714754,3.33705910406817,0.26998030732587314,-0.06379091495796466,38|45|5|47|5|50|61|5|20|10,110,70
11,0.04635697692034761,-5.760616474520192,-5.7786979446422775,6.321964455726256,6.322251390687322,5.428520892148407,13,0.43333333333333335,4,10,371,65.618,6.321964455726256,-0.11029643840908236,0.01923253631830688,12978.0,38.90741279520572,6.661688875725655,-0.028606051019176765,5.034729896940592,-4.359499592451466,3.831438230596788,0.28245916695947665,-0.10949918721559015,38|44|5|49|5|51|63|6|21|10,116,70
12,0.045893407151144136,-5.966148192103877,-6.046694327880398,6.621791851749313,6.490265601035662,5.428520892148407,10,0.3333333333333333,3,15,401,65.618,6.621791851749313,-0.10739881689316788,0.01818143314956321,13255.0,41.947045820365986,6.845118853323681,0.0513174224888305,5.280128391870921,-4.608674356250348,4.103150567994461,0.35001837416902803,-0.051010683822864285,39|42|5|52|5|50|64|6|22|10,118,71
13,0.04543447307963269,-6.098152778610989,-6.1026490397162405,6.498304832898132,6.498304832898132,5.428520892148407,15,0.5,1,11,431,65.618,6.498304832898132,-0.10591192415408746,0.017840961069071532,13638.0,42.30484036014293,6.580615582629529,0.018400112027393573,5.406052788238475,-4.689386747535428,4.478839467717597,0.35797075370009407,-0.13535022661714136,38|44|5|52|5|51|65|7|23|10,120,73
14,0.044980128348836364,-6.252476194470299,-6.256398956022606,6.4972322642709575,6.4974013892154305,5.428520892148407,14,0.4666666666666667,9,14,461,65.57733333333334,6.4972322642709575,-0.10478742202255967,0.017383579307363707,13685.0,43.257549445345596,6.580627660775332,0.01811420282964667,5.50128645802843,-4.797813775279701,4.524942283088321,0.37914576725102606,-0.13534637537820537,34|45|5|53|5|50|66|8|25|10,122,74
15,0.044530327065348,-6.778497069740471,-6.819252507472756,6.471483563526091,6.483957744162274,5.428520892148407,12,0.4,4,15,491,65.57733333333334,6.471483563526091,-0.10343407350605245,0.016062778286317535,14133.0,43.827440423110026,6.577342789887614,0.011250501816515417,5.615901043557641,-5.110923175223639,4.964390395558204,0.39181222479210076,-0.13639378968080101,30|46|5|54|5|51|69|8|25|10,123,76
16,0.04408502379469452,-6.799601417339512,-6.898572873778774,6.494340470454131,6.471775798463653,5.428520892148407,8,0.26666666666666666,2,20,521,65.618,6.494340470454131,-0.10211297795126228,0.015769815167772684,14674.0,44.0689496506613,6.5774047499684745,0.017343351968199784,5.727784137682976,-5.18037308084275,5.4950632278042,0.3971800345941722,-0.13637403308241353,32|46|5|55|6|51|71|7|26|9,125,78
17,0.04364417355674757,-6.855740825278266,-6.898572873778774,6.5028745895963835,6.471775798463653,5.428520892148407,9,0.3,0,12,551,65.618,6.5028745895963835,-0.10244899227996171,0.015660409155939116,14710.0,44.43704662835048,6.577805104720811,0.019618248973033686,5.699327208410127,-5.20630889567755,5.530376022556244,0.40536139720704933,-0.13624637592082536,33|46|5|57|5|50|70|7|26|9,125,78
18,0.043207731821180095,-6.7756708772393734,-6.898572873778774,6.502411898840655,6.471775798463653,5.428520892148407,13,0.43333333333333335,0,13,581,65.618,6.502411898840655,-0.10175395925078937,0.015651326404964562,15316.0,44.04440857048512,6.577734611886256,0.019494911836906718,5.758189298696592,-5.20846205475463,6.124808067548987,0.3966345819335894,-0.13626885327402055,33|47|5|58|5|52|71|7|27|9,126,79
19,0.042775654502968295,-6.66923116517224,-6.898572873778774,6.514630816772964,6.471775798463653,5.428520892148407,8,0.26666666666666666,0,20,611,65.40933333333334,6.514630816772964,-0.10147081375321503,0.015853942406811067,15210.0,44.542529466634846,6.577674720066024,0.02275204703073123,5.782168786207097,-5.160429857817843,6.020831505223524,0.40770587000021796,-0.13628795038659022,34|47|5|57|5|52|71|5|26|10,127,77
20,0.04234789795793861,-6.699046703963919,-6.898572873778774,6.529582938624734,6.471775798463653,5.428520892148407,14,0.4666666666666667,0,12,641,65.40933333333334,6.529582938624734,-0.10143902259326376,0.015709897640960882,15666.0,43.50081966003331,6.577638135732827,0.026737758578639647,5.784861167790158,-5.1945771438069865,6.468126905416082,0.38455271694066256,-0.136299615671209,37|47|5|59|5|52|71|6|26|10,130,78
21,0.041924418978359225,-6.893575381012486,-6.9595819064739715,6.527244265105869,6.525845931265125,5.428520892148407,13,0.43333333333333335,2,11,671,65.40933333333334,6.527244265105869,-0.09870406591782913,0.015034149603300812,15626.0,44.886446585588224,6.572586210417115,0.02611435019932503,6.016483637517541,-5.354770132162983,6.4288904668027005,0.41534980849870107,-0.13791047314847119,37|48|5|57|5|54|69|6|29|10,131,82
22,0.041505174788575634,-6.846049616863868,-6.9595819064739715,6.537100440156213,6.525845931265125,5.428520892148407,15,0.5,0,9,701,65.40933333333334,6.537100440156213,-0.09750587727737837,0.014985427485674677,15686.0,45.90515484204818,6.572931849693692,0.02874166096536951,6.117957790506233,-5.3663202087989275,6.487745124722774,0.43799172665611746,-0.13780026256966915,37|46|5|58|5|54|69|7|31|10,131,83
23,0.041090123040689874,-6.915292490417364,-6.9595819064739715,6.516340885523195,6.525845931265125,5.428520892148407,8,0.26666666666666666,0,15,731,65.54933333333334,6.516340885523195,-0.09780244267923592,0.014818076159301552,15937.0,46.21986628584412,6.5734042966991835,0.023207891414095745,6.09284177626333,-5.405992553493973,6.733953777021748,0.44498653670938243,-0.1376496180640904,37|46|5|58|5|53|72|8|30|9,132,83
24,0.040679221810282974,-6.798228111935419,-6.9595819064739715,6.6800493207010385,6.525845931265125,5.428520892148407,12,0.4,0,13,761,65.54933333333334,6.6800493207010385,-0.1007795709621073,0.014923988148929618,16285.0,47.05634733552668,7.23729914340464,0.06684682153030017,5.8407098826331225,-5.380885032382999,7.075310792958175,0.46357825356947535,0.07403996780632309,38|48|5|56|5|55|72|9|31|10,132,87
25,0.040272429592180144,-6.800328999309248,-6.9595819064739715,6.641939239232974,6.525845931265125,5.428520892148407,12,0.4,0,11,791,65.54933333333334,6.641939239232974,-0.10059982444134734,0.014863953144102507,16733.0,45.71595684808702,7.236430019153029,0.056688009737242244,5.855932549023883,-5.395116944713108,7.5147589054280575,0.4337865919007536,0.07376283874920422,39|49|5|56|5|56|73|6|32|10,134,88
26,0.03986970529625834,-6.758563169472315,-6.9595819064739715,6.475589446206095,6.525845931265125,5.428520892148407,15,0.5,0,11,821,65.51666666666667,6.475589446206095,-0.09907944463342554,0.014839392752215278,17260.0,43.98211718693612,7.2423729420841605,0.012344986209719543,5.984692952871424,-5.40093923697641,8.03169898415937,0.39525008701143205,0.07565779982684184,40|51|5|57|5|58|73|5|31|9,138,88
27,0.03947100824329576,-6.732492379696661,-6.9595819064739715,6.475503662865856,6.525845931265125,5.428520892148407,9,0.3,0,15,851,65.51666666666667,6.475503662865856,-0.09869140375175642,0.014803419461735353,17544.0,43.86594162224797,7.243320093375728,0.012322119378296172,6.017555991681028,-5.409467073657863,8.310277698314385,0.3926679565428899,0.07595980859474175,41|51|5|57|5|59|74|5|30|9,140,89
28,0.039076298160862805,-6.710444066626539,-6.9595819064739715,6.489428213119295,6.525845931265125,5.428520892148407,17,0.5666666666666667,0,9,881,65.53,6.489428213119295,-0.09836128655875793,0.014707888570055606,18005.0,44.26458536850896,7.243324929929384,0.016033916359003156,6.045513494711539,-5.432113649253529,8.762477653333617,0.40152825488598276,0.07596135077878703,41|52|5|60|5|58|74|5|32|9,141,91
29,0.038685535179254174,-6.970846453757487,-6.974203918835622,6.537836841850754,6.537766208514358,5.428520892148407,14,0.4666666666666667,2,15,911,65.47866666666667,6.537836841850754,-0.09712990314869671,0.0140454946818448,18199.0,42.13983130812254,7.200598982962166,0.028937959843008898,6.149798900466415,-5.5891408998078465,8.95277438060852,0.3543032449434047,0.06233775049887065,39|52|5|61|5|57|77|5|30|10,143,91
30,0.03829867982746163,-7.085391349872207,-7.116293230821349,6.4864013047061215,6.4864013047061215,5.428520892148407,12,0.4,2,12,941,65.53,6.4864013047061215,-0.09634935970835344,0.013555778740710917,19099.0,43.04110284107146,7.200602330885659,0.015227048682532328,6.2159028358616935,-5.705233075713313,9.835594249409624,0.37433500198202146,0.06233881801813412,39|54|5|63|5|58|78|5|33|9,144,92
31,0.037915693029187014,-7.1774480991138345,-7.1774480991138345,6.486526854069843,6.486526854069843,5.428520892148407,16,0.5333333333333333,3,9,971,65.53,6.486526854069843,-0.09546627578743508,0.01332568730962109,18823.0,43.64221888330643,7.200600597552589,0.01526051574184187,6.290690886647597,-5.759778604352982,9.564862822977286,0.38769547113016695,0.062338265327355494,38|55|5|63|5|58|76|5|33|9,146,92
32,0.037536536098895144,-7.1764223132256015,-7.196332778448438,6.460379705947386,6.488813116907751,5.428520892148407,7,0.23333333333333334,1,21,1001,65.432,6.460379705947386,-0.0938970480288409,0.013192926641319597,18935.0,43.05754423901214,7.2006188351721585,0.008290602625181954,6.423588205378464,-5.791250879529685,9.674724851094757,0.37470043024296446,0.062344080576793,39|55|5|63|5|58|76|5|34|7,147,91
33,0.037161170737906195,-7.948861772641583,-7.960817764685292,6.460379705947386,6.460379705947386,5.428520892148407,11,0.36666666666666664,1,11,1031,65.432,6.460379705947386,-0.09046104395364903,0.011221666896637983,19076.0,43.313759490034,7.2006188351721585,0.008290602625181954,6.714582120213629,-6.258558177113399,9.81303329720693,0.38039509768826263,0.062344080576793,39|55|5|65|5|57|76|5|34|7,148,93
34,0.036789559030527136,-7.934593976595717,-7.960817764685292,6.482901991374333,6.460379705947386,5.428520892148407,12,0.4,0,13,1061,65.432,6.482901991374333,-0.09019857632914234,0.011193547951438154,19084.0,44.18491012045651,7.200718544152894,0.014294254414633206,6.736810406298657,-6.265224060859917,9.820880584929606,0.3997573843407253,0.062375873793661774,40|55|5|65|5|57|75|6|35|7,149,93
35,0.036421663440221866,-7.950903798800885,-7.960817764685292,6.469567634071593,6.460379705947386,5.428520892148407,10,0.3333333333333333,0,14,1091,65.432,6.469567634071593,-0.09253894847798384,0.011185591274312895,19448.0,45.874608939903254,7.4242449497639695,0.010739782185718296,6.538605154250304,-6.267110272606078,10.177932176311385,0.43731281018319795,0.13364952875532457,38|54|5|66|5|58|76|7|38|7,150,95
36,0.03605744680581965,-7.902901562334299,-8.02711721886671,6.4888269098791795,6.4728877825365565,5.428520892148407,15,0.5,3,8,1121,65.432,6.4888269098791795,-0.08938167532264135,0.010852317965014067,20202.0,48.3499230063382,7.209209929394887,0.01587362999351726,6.805993450530418,-6.346116121503159,10.917539044173642,0.4923294041400223,0.06508343785183134,39|52|5|68|5|58|79|7|40|7,151,96
37,0.03569687233776145,-7.950676958500623,-8.02711721886671,6.505523008250128,6.4728877825365565,5.428520892148407,10,0.3333333333333333,0,15,1151,65.432,6.505523008250128,-0.091241794864072,0.01077811979184367,20385.0,49.83823675986538,7.379999051994497,0.02032422454737503,6.648460614254003,-6.363705557843781,11.097045750829867,0.5254088240683759,0.11954127679077857,39|52|5|70|5|57|78|8|42|7,152,97
38,0.035339903614383834,-7.941737767165871,-8.02711721886671,6.504284188080377,6.4728877825365565,5.428520892148407,6,0.2,0,20,1181,65.432,6.504284188080377,-0.09118943616285335,0.010775161662525548,20481.0,49.75183979616753,7.379987738512401,0.01999399851622664,6.652894853303166,-6.36440681267399,11.191213203501984,0.5234885559556054,0.11953766937259849,38|52|5|71|5|58|78|8|41|7,153,98
39,0.03498650457824,-7.959838261422549,-8.02711721886671,6.512652623231222,6.4728877825365565,5.428520892148407,18,0.6,0,5,1211,65.432,6.512652623231222,-0.09101004395123756,0.01065725292986498,20649.0,51.00347777526861,7.364849841338136,0.02222472997690547,6.668087513383496,-6.3923582845030005,11.356006245678191,0.5513075949256059,0.1147107977683504,40|50|5|74|5|58|77|9|40|7,153,99
40,0.034636639532457596,-7.993640153521034,-8.02711721886671,6.495196160102964,6.4728877825365565,5.428520892148407,16,0.5333333333333333,0,12,1241,65.432,6.495196160102964,-0.08871725292331992,0.010373649381022044,20907.0,51.19073082275065,7.2446552434253855,0.0175714488328849,6.862263137891579,-6.459589408332574,11.609081274734507,0.5554695010934705,0.07638553469050732,39|51|5|77|5|60|73|8|42|7,154,101
41,0.034290273137133016,-7.850734486720089,-8.02711721886671,6.506043833844182,6.4728877825365565,5.428520892148407,14,0.4666666666666667,0,10,1271,65.432,6.506043833844182,-0.08816170806458715,0.010490388220155477,21465.0,51.777128380297,7.243964285657463,0.020463058393517263,6.909312026592378,-6.431915271737594,12.156429593391191,0.5685028356340306,0.07616521581851836,39|52|5|74|6|61|77|9|44|6,157,102
42,0.033947370405761686,-7.82735520693612,-8.02711721886671,6.494627261014859,6.4728877825365565,5.428520892148407,15,0.5,0,12,1301,65.432,6.494627261014859,-0.08806013832932483,0.010474185405893632,21609.0,53.19045264954038,7.243789954671655,0.017419800278416667,6.91791392992135,-6.435756314688114,12.297680772399367,0.5999155313014845,0.0761096286206764,39|52|5|74|6|59|79|8|45|6,157,102
43,0.03360789670170407,-7.836917572278498,-8.02711721886671,6.478278922043353,6.4728877825365565,5.428520892148407,13,0.43333333333333335,0,12,1331,65.31866666666666,6.478278922043353,-0.09022614575157153,0.010588832639676525,21872.0,53.250335883850255,7.279508868280698,0.01306190618995056,6.734475562105562,-6.4085780145482785,12.555660356282356,0.6012465024422871,0.08749896545189598,39|51|5|77|5|59|79|7|44|8,158,103
44,0.03327181773468703,-7.8252848205689975,-8.02711721886671,6.468448881229476,6.4728877825365565,5.428520892148407,11,0.36666666666666664,0,8,1361,65.39333333333333,6.468448881229476,-0.09186214648595352,0.010620457398769777,22249.0,54.173031921774,7.4131159556336605,0.010441561895227868,6.595923264741236,-6.401081041737631,12.925463790213485,0.6217544428092777,0.13010093642885845,38|52|5|75|5|60|81|10|46|7,158,104
45,0.03293909955734016,-7.858805274002028,-8.02711721886671,6.449394460111486,6.4728877825365565,5.428520892148407,11,0.36666666666666664,0,10,1391,65.39333333333333,6.449394460111486,-0.09209494645512718,0.010637765514887825,22065.0,53.44081877323441,7.40933004640737,0.005362321166615554,6.576207521418211,-6.396977975669746,12.744976172591926,0.6054801954201096,0.12889376098498587,37|53|5|75|5|59|81|9|45|8,159,102
46,0.03260970856176676,-7.873011418068953,-8.02711721886671,6.467826211890625,6.4728877825365565,5.428520892148407,14,0.4666666666666667,0,8,1421,65.39333333333333,6.467826211890625,-0.09172896944314352,0.010647471439458111,21701.0,53.12437332095707,7.409351528448183,0.010275580076794997,6.60720197926118,-6.394677086913848,12.387924581210147,0.5984468451097384,0.12890061075094789,38|52|5|73|5|60|81|10|43|8,159,102
47,0.03228361147614909,-8.342052535095991,-8.342052535095991,6.485806696868277,6.485806696868277,5.428520892148407,14,0.4666666666666667,3,11,1451,65.35266666666666,6.485806696868277,-0.08369094510300994,0.008223760300625882,21548.0,84.4424200176469,7.421251050061274,0.015068547076588478,7.287939288964517,-6.96924261815193,12.23784520351396,1.2945250850375727,0.13269489355767805,37|53|5|74|5|57|80|11|45|7,159,102
48,0.0319607753613876,-8.220164340391495,-8.35495201331625,6.500788010425006,6.485806696868277,5.428520892148407,15,0.5,1,9,1481,65.35266666666666,6.500788010425006,-0.08311706870128768,0.008307364107391645,21646.0,88.43806070724463,7.420868689909644,0.019062040109741062,7.336540669263914,-6.949423480104382,12.333974478116746,1.3833326203712881,0.13257297415650532,38|52|5|73|5|57|81|12|46|7,162,104
49,0.03164116760777372,-8.53862521587339,-8.549065073008851,6.534363786678728,6.534021735252021,5.428520892148407,16,0.5333333333333333,2,10,1511,65.432,6.534363786678728,-0.0788661859116816,0.00685075477320016,21182.0,108.95435279833578,7.425322538724434,0.028012165080038353,7.696546361161654,-7.294727630626756,11.878831790201511,1.8393299125051394,0.1339931288930743,38|53|5|71|5|58|78|15|46|7,162,106
50,0.03132475593169598,-8.541575489532468,-8.549065073008851,6.555968366203987,6.534021735252021,5.428520892148407,14,0.4666666666666667,0,9,1541,65.432,6.555968366203987,-0.0787390473936388,0.0068148094984148535,21221.0,108.96883398108908,7.418817826480974,0.03377118864573639,7.70731367525151,-7.30324882590107,11.917087317849559,1.8396517728146478,0.13191903561180016,38|54|5|71|5|60|77|16|44|7,161,108
51,0.03101150837237902,-8.571334050093673,-8.579915401913867,6.533657872630936,6.543076269321521,5.428520892148407,11,0.36666666666666664,4,13,1571,65.432,6.533657872630936,-0.08025734025826517,0.006923458528314367,21010.0,108.78144553322309,7.492501647590554,0.02782399314029572,7.578730013860115,-7.277492461381166,11.710115104163966,1.8354868572234353,0.15541386714037944,35|54|5|72|5|58|78|17|43|7,160,107
52,0.03070139328865523,-8.753389575224364,-8.786472365415488,6.3731652786080035,6.345410310676733,5.428520892148407,17,0.5666666666666667,4,4,1601,65.31,6.3731652786080035,-0.08195119425235192,0.006679943132920504,21474.0,109.99477356663289,7.422939447180025,-0.014957706453415938,7.435278145319778,-7.335220278148364,12.165257792079203,1.8624544152621125,0.1332332560538276,35|49|5|72|5|57|83|18|46|6,161,107
53,0.030394379355768678,-8.763920775963284,-8.786472365415488,6.3517960730059935,6.345410310676733,5.428520892148407,13,0.43333333333333335,0,7,1631,65.31,6.3517960730059935,-0.08160410725440123,0.006687607984157978,20977.0,113.67789132611705,7.326685790174058,-0.020653987582069287,7.464672814857944,-7.3334032467156325,11.677745042307926,1.9443157826806514,0.10254180409992217,35|49|5|70|5|54|82|18|49|6,160,106
54,0.030090435562210992,-8.771668196989483,-8.786472365415488,6.431835425959516,6.345410310676733,5.428520892148407,20,0.6666666666666666,0,5,1661,65.31,6.431835425959516,-0.0825649257670681,0.0066876491074596926,20927.0,115.30725328771899,7.3165273966042745,0.0006816981832400918,7.383301450235385,-7.33339349801608,11.628699494041198,1.9805301550973424,0.09930269757790663,36|49|5|71|5|55|80|19|48|7,162,106
55,0.029789531206588882,-8.767808838492973,-8.789994858587502,6.436657504595747,6.431010876309046,5.428520892148407,11,0.36666666666666664,1,6,1691,65.31,6.436657504595747,-0.08250658601780372,0.006717679087507133,20834.0,114.85823302241383,7.316390692919177,0.001967095312549378,7.3882422220323445,-7.326274583900209,11.537474774265084,1.9705501828790053,0.09925910822542287,35|48|5|72|5|57|80|19|45|6,162,105
56,0.029491635894522993,-8.704814436580532,-8.789994858587502,6.444887204258573,6.431010876309046,5.428520892148407,16,0.5333333333333333,0,4,1721,65.31,6.444887204258573,-0.08254934696643404,0.006667506888092321,21460.0,117.80680886451913,7.267631486423385,0.004160844755412766,7.384620813101592,-7.338168417265204,12.151525038564518,2.036085543444239,0.08371174213019597,32|48|5|72|5|58|83|20|47|6,162,105
57,0.029196719535577762,-8.751855984270765,-8.789994858587502,6.4663459030540364,6.431010876309046,5.428520892148407,17,0.5666666666666667,0,8,1751,65.31,6.4663459030540364,-0.08227535790237621,0.00657708732867351,21273.0,117.71870736268556,7.254009054037519,0.009880981632309856,7.407824845642724,-7.35960329923584,11.968094688046955,2.034127390085403,0.07936809179969267,31|47|5|74|5|56|83|20|46|6,160,104
58,0.028904752340221985,-8.7343987437239,-8.789994858587502,6.448600034746938,6.431010876309046,5.428520892148407,18,0.6,0,2,1781,65.31,6.448600034746938,-0.08167893129774582,0.006567182234205797,21286.0,117.33050042833503,7.283283839810929,0.0051505552125375685,7.458335994289586,-7.361951403254351,11.980846530596304,2.025499061434911,0.08870265330076674,32|46|5|75|5|57|83|19|44|6,160,107
59,0.028615704816819763,-8.701709819159722,-8.789994858587502,6.460582817197481,6.431010876309046,5.428520892148407,17,0.5666666666666667,0,4,1811,65.31,6.460582817197481,-0.08100268563190477,0.006420732085929593,21661.0,121.32518463784183,7.215021621438201,0.008344744964512586,7.515606989721223,-7.396668909765774,12.348688142596764,2.1142853379403004,0.06693655463374439,31|46|5|78|5|58|80|21|47|6,163,109
60,0.028329547768651566,-9.311830825485647,-9.335778719995353,6.389097067761492,6.402906496183077,5.428520892148407,15,0.5,2,10,1841,64.93333333333334,6.389097067761492,-0.08278245950332211,0.0059445904598833385,22208.0,90.55757865403083,7.204443243245987,-0.010710849944526153,7.364878598534391,-7.509543155351673,12.885246440634768,1.430441251895563,0.06356353176754378,30|48|5|79|5|58|82|22|46|5,164,110
61,0.02804625229096505,-9.321827017625425,-9.335778719995353,6.417691548653063,6.402906496183077,5.428520892148407,17,0.5666666666666667,0,5,1871,64.93333333333334,6.417691548653063,-0.08304590709066174,0.005896884574237182,22454.0,89.83358419799453,7.204887808561684,-0.00308856370142063,7.3425673197593335,-7.520852323796009,13.12655053810707,1.4143496740409158,0.06370528591436256,30|50|5|80|5|56|83|23|45|5,163,111
62,0.0277657897680554,-9.229765072057807,-9.335778719995353,6.447862784531716,6.402906496183077,5.428520892148407,18,0.6,0,7,1901,64.93333333333334,6.447862784531716,-0.08340163816995906,0.005939360055385022,22722.0,94.11408236058983,7.236791489539614,0.004954030149028943,7.312440586167644,-7.510783076269235,13.389434676816732,1.5094884818947465,0.07387809723753326,31|51|5|80|5|56|81|24|49|6,162,115
63,0.027488131870374844,-9.183805426555287,-9.335778719995353,6.464480615337989,6.402906496183077,5.428520892148407,16,0.5333333333333333,0,7,1931,65.04866666666668,6.464480615337989,-0.08347049050312008,0.005979322748779671,22860.0,95.4394971129826,7.219431818707189,0.009383761313767319,7.3066095075269875,-7.501309510796798,13.524800390032901,1.5389472912820334,0.06834279063348433,32|56|5|78|5|57|81|24|46|8,162,115
64,0.027213250551671096,-9.19142425838092,-9.335778719995353,6.469431821195546,6.402906496183077,5.428520892148407,16,0.5333333333333333,0,6,1961,65.04866666666668,6.469431821195546,-0.08325965375141402,0.005936729238873072,22858.0,95.66184507678156,7.219765377622076,0.010703579233804158,7.324465194082496,-7.511406738248816,13.522838568102232,1.543889220796082,0.0684491492667921,31|54|5|78|5|59|81|25|46|8,163,116
65,0.026941118046154386,-9.11806842848338,-9.335778719995353,6.470098417929893,6.402906496183077,5.428520892148407,17,0.5666666666666667,0,8,1991,64.93333333333334,6.470098417929893,-0.08338632757388913,0.00583421238718155,23969.0,98.21418219895955,7.155812502203385,0.01088127055602725,7.313737234888469,-7.5357094071639645,14.612630650588928,1.6006177373895485,0.04805712818124337,31|52|5|81|5|59|85|27|47|7,163,123
66,0.02667170686569284,-9.197437351520074,-9.335778719995353,6.3748617749407925,6.402906496183077,5.428520892148407,8,0.26666666666666666,0,12,2021,64.93333333333334,6.3748617749407925,-0.08121780702365347,0.005655661851911011,23802.0,97.61085940324683,6.917041092806269,-0.014505480000768272,7.4973884385845375,-7.578036638947859,14.448818519378056,1.5872082207036808,-0.02807755041100574,31|51|5|80|5|60|85|25|48|6,163,123
67,0.026404989797035913,-9.080882852880855,-9.335778719995353,6.4123482937585425,6.402906496183077,5.428520892148407,12,0.4,0,9,2051,64.93333333333334,6.4123482937585425,-0.08157632514553538,0.00589123947219067,23751.0,98.96052045152014,6.917385503205592,-0.0045128881516649875,7.46702567138673,-7.5221905530116455,14.398792060145993,1.6172059308444136,-0.027967731672143607,32|51|5|79|5|61|84|27|48|5,163,124
68,0.026140939899065553,-9.101501609000092,-9.335778719995353,6.41225635977341,6.402906496183077,5.428520892148407,13,0.43333333333333335,0,11,2081,64.93333333333334,6.41225635977341,-0.08159890412493845,0.005823071066296876,23886.0,98.90933124853714,6.917438566372203,-0.004537394529409844,7.465113465968547,-7.538350571306933,14.531215040466158,1.6160681941694288,-0.027950811944839532,32|50|5|81|5|62|83|28|47|5,164,123
69,0.025879530500074896,-9.100789839216407,-9.335778719995353,6.430836191608313,6.402906496183077,5.428520892148407,12,0.4,0,13,2111,64.93333333333334,6.430836191608313,-0.08188299753854239,0.0058359351540777146,23698.0,100.58397462266987,6.9269757822273474,0.00041533733277766946,7.44105369979994,-7.535301007639353,14.346803778983261,1.653288996081584,-0.024909774219134814,33|50|5|81|5|59|84|30|45|6,163,123
70,0.025620735195074146,-9.31242960451763,-9.335778719995353,6.466809715484354,6.402906496183077,5.428520892148407,12,0.4,0,13,2141,64.93333333333334,6.466809715484354,-0.08208312972102658,0.0052457517420496065,23986.0,104.06475487603056,6.927798831283604,0.010004617767562554,7.424104579254346,-7.67521002576732,14.629306136999615,1.7306531885486371,-0.024647336704015414,32|53|5|79|5|61|84|32|45|6,164,124
71,0.025364527843123406,-9.294744824019396,-9.335778719995353,6.481385359664916,6.402906496183077,5.428520892148407,12,0.4,0,9,2171,64.93333333333334,6.481385359664916,-0.08235961846202325,0.005275704347771032,23915.0,105.66112725215228,6.93112343973756,0.013889973565528744,7.400688849997397,-7.668109454027328,14.55966145846086,1.7661343309264492,-0.023587251676557123,32|52|5|77|5|62|84|34|46|6,163,125
72,0.025110882564692173,-9.323366227843978,-9.335778719995353,6.457053528771506,6.402906496183077,5.428520892148407,15,0.5,0,10,2201,64.93333333333334,6.457053528771506,-0.08374379591900502,0.005373849626623336,24137.0,102.97858337830216,6.918451372900727,0.007403960387262554,7.283463372896873,-7.644843111195132,14.777423692765133,1.7065118252088067,-0.027627868340661714,32|55|5|75|5|63|85|31|47|7,164,124
73,0.02485977373904525,-9.386097491592135,-9.386097491592135,6.564942874497117,6.564942874497117,5.428520892148407,9,0.3,4,6,2231,64.93333333333334,6.564942874497117,-0.08453228599114984,0.0053559877894817885,23649.0,102.69136381392269,6.9274000560089055,0.03616347796061334,7.216686440192196,-7.649077442498764,14.298739141681867,1.7001280525941744,-0.024774490233185228,31|56|5|74|5|62|84|31|46|7,164,124
74,0.024611176001654796,-9.34460487223597,-9.40043505696594,6.618647649689345,6.563590521802359,5.428520892148407,18,0.6,2,7,2261,64.93333333333334,6.618647649689345,-0.08433165227062119,0.005340079207870494,23878.0,103.16394167243803,6.918047686787976,0.0504792884377836,7.2336780358093575,-7.65284873458811,14.523367752743482,1.710631618387088,-0.027756587740208144,30|59|5|75|5|61|82|32|48|7,165,123
75,0.02436506424163825,-9.28156223221432,-9.40043505696594,6.558307683564583,6.563590521802359,5.428520892148407,11,0.36666666666666664,0,9,2291,64.93333333333334,6.558307683564583,-0.08362283351144136,0.005347921536082098,24665.0,100.30947793103999,6.917535027313913,0.03439476865068701,7.293707634473563,-7.65098963042225,15.29534468246178,1.647188003391132,-0.027920054398061535,31|60|5|76|5|63|84|30|48|7,165,125
76,0.024121413599221868,-9.285050986707622,-9.40043505696594,6.588607496004667,6.563590521802359,5.428520892148407,15,0.5,0,6,2321,65.04866666666668,6.588607496004667,-0.08347710872530657,0.005325554494499814,24423.0,101.68879451500968,6.925551003367681,0.042471636505239066,7.306049012736774,-7.656291966547645,15.057964228850818,1.6778448406253126,-0.025364079367392066,30|62|5|76|5|62|82|30|48|9,165,126
77,0.02388019946322965,-9.159646194118453,-9.40043505696594,6.541474024363726,6.563590521802359,5.428520892148407,16,0.5333333333333333,0,6,2351,65.01,6.541474024363726,-0.08162091536642145,0.0053794786339800655,24277.0,105.21378380089806,6.98168927263839,0.02990750520168908,7.463249342064921,-7.643508697390432,14.914751227911971,1.7561916277557181,-0.007463824481589862,32|60|5|76|5|62|81|29|50|9,164,126
78,0.023641397468597353,-9.143090891959904,-9.40043505696594,6.535516262273998,6.563590521802359,5.428520892148407,9,0.3,0,8,2381,65.01,6.535516262273998,-0.08175232508564431,0.0054192271558428495,24287.0,105.35951690975008,6.995876775331751,0.028319374674388133,7.452120301526191,-7.634085903471589,14.924560337565318,1.7594307073474749,-0.0029399957689604495,31|64|5|74|5|61|81|29|50|9,164,126
79,0.02340498349391138,-9.119147421986826,-9.40043505696594,6.493285265895347,6.563590521802359,5.428520892148407,11,0.36666666666666664,0,3,2411,65.01,6.493285265895347,-0.08167086357323239,0.0054663459534795055,24576.0,104.00172223735674,6.971742252520401,0.017062071422398597,7.459019246895986,-7.6229159102485315,15.208043606547005,1.7292522184111632,-0.01063553244087164,31|66|5|71|5|63|83|27|50|9,165,127
80,0.023170933658972267,-9.153293254598456,-9.40043505696594,6.465142301178287,6.563590521802359,5.428520892148407,16,0.5333333333333333,0,2,2441,65.01,6.465142301178287,-0.08172433859820269,0.005506826571240459,24222.0,103.28796014037647,6.965997539982226,0.009560143563785733,7.454490466801,-7.613319565504301,14.86080112481857,1.7133880660582086,-0.012467292130204477,31|66|5|70|5|61|81|26|54|9,164,126
81,0.022939224322382545,-9.089610443038229,-9.40043505696594,6.397379282618588,6.563590521802359,5.428520892148407,18,0.6,0,7,2471,64.74066666666667,6.397379282618588,-0.08167325774619758,0.005469330076343773,24730.0,107.66392032015801,6.959100145397132,-0.008503101791759504,7.458816485272691,-7.622208493382175,15.359103895208527,1.8106486228686873,-0.01466659614732263,30|63|5|71|5|65|82|29|54|8,164,126
82,0.02270983207915872,-9.065565141361231,-9.40043505696594,6.37521446546948,6.563590521802359,5.428520892148407,18,0.6,0,6,2501,64.74066666666667,6.37521446546948,-0.08173437584400928,0.005410487974686493,25597.0,105.30322129338997,6.969321164199511,-0.014411465069177848,7.453640416164417,-7.636157615806958,16.20955370215359,1.7581794749851531,-0.01140752093656231,29|62|5|74|5|68|85|28|52|7,165,127
83,0.022482733758367134,-9.04654200216778,-9.40043505696594,6.36901589220546,6.563590521802359,5.428520892148407,15,0.5,0,8,2531,64.74066666666667,6.36901589220546,-0.08185775004665216,0.005380670473910852,25979.0,105.5357226449353,6.969209566872735,-0.016063787414051983,7.44319190055411,-7.643226159536803,16.58426169091139,1.7633470747761588,-0.011443104872793614,28|62|5|76|5|70|83|28|54|6,166,130
84,0.02225790642078346,-9.031475118214294,-9.40043505696594,6.54731917776456,6.563590521802359,5.428520892148407,14,0.4666666666666667,0,6,2561,65.01,6.54731917776456,-0.08180957977615365,0.005334640504804108,25597.0,107.64782546713602,6.977491289332975,0.03146561819996186,7.44727142295405,-7.654138034813091,16.20955370215359,1.8102908969519995,-0.0088023939129151,28|60|5|76|5|70|81|31|54|7,166,129
85,0.022035327356575627,-8.998231172615373,-9.40043505696594,6.549211596287852,6.563590521802359,5.428520892148407,13,0.43333333333333335,0,3,2591,65.01,6.549211596287852,-0.08189385619301473,0.005384338367445235,25644.0,108.37985714113938,6.9774912893325824,0.03197007064066114,7.440134084367129,-7.642356647834957,16.255656517524315,1.8265611108688062,-0.008802393913040276,29|61|5|74|5|71|79|31|57|8,166,131
86,0.02181497408300987,-8.96671294064314,-9.40043505696594,6.4897586358864725,6.563590521802359,5.428520892148407,15,0.5,0,9,2621,65.01,6.4897586358864725,-0.08125606819269353,0.0053919504927301696,25913.0,107.60120601769978,6.971325037680225,0.016121995485958367,7.494148114323712,-7.640552115628906,16.51952156719931,1.8092547281058304,-0.010768565611974012,31|61|5|75|5|71|79|31|57|8,166,130
87,0.02159682434217977,-9.032590184705318,-9.40043505696594,6.49070925591,6.563590521802359,5.428520892148407,15,0.5,0,10,2651,65.01,6.49070925591,-0.08116953629435694,0.005382778460556036,25200.0,108.0090414058204,6.971077157026182,0.016375397460808974,7.501476468802942,-7.642726439728106,15.820132048915768,1.8183193208594164,-0.010847604865344055,31|60|5|75|5|69|77|31|57|8,166,130
88,0.021380856098757974,-9.011185843378653,-9.40043505696594,6.512140088048351,6.563590521802359,5.428520892148407,21,0.7,0,5,2681,65.01,6.512140088048351,-0.08138496891085792,0.005404708177681219,25205.0,109.3353757673737,6.965975731442324,0.02208810606376926,7.483231560157046,-7.637527775841121,15.825036603742442,1.8477985695778052,-0.012474246003702961,31|62|5|75|5|68|74|31|60|8,167,130
89,0.021167047537770396,-9.036790827371778,-9.40043505696594,6.465951275589037,6.563590521802359,5.428520892148407,14,0.4666666666666667,0,5,2711,65.01,6.465951275589037,-0.08040525097335505,0.0053029169133587736,25522.0,105.96195202636368,6.965203238002749,0.009775787783573098,7.566203510081836,-7.661658436844313,16.135985379753496,1.7728204943831851,-0.012720563349172263,32|67|5|75|5|69|74|28|57|8,168,130
90,0.020955377062392692,-9.112316044866482,-9.40043505696594,6.442524513403993,6.563590521802359,5.428520892148407,6,0.2,0,13,2741,65.01,6.442524513403993,-0.08043091578268467,0.0053147576666561416,24989.0,104.01947230383526,6.965590863748597,0.0035310341963097984,7.564029966868006,-7.658851465089485,15.613159835230178,1.7296467332783458,-0.012596964960032084,31|64|5|75|5|68|74|27|58|8,168,130
91,0.020745823291768765,-9.116809317834758,-9.40043505696594,6.33353698072212,6.563590521802359,5.428520892148407,14,0.4666666666666667,0,3,2771,64.74066666666667,6.33353698072212,-0.08134974454687348,0.00522614001373375,25653.0,107.67922105276222,6.963574865990645,-0.025521221523287247,7.486214698520419,-7.679859186683306,16.264484716212323,1.810988698580429,-0.013239786233030851,31|64|5|78|5|69|75|26|58|6,169,131
92,0.020538365058851076,-9.112733021339247,-9.40043505696594,6.29435261512169,6.563590521802359,5.428520892148407,14,0.4666666666666667,0,9,2801,64.74066666666667,6.29435261512169,-0.08120438449702261,0.005226928986162998,25842.0,107.16077240104994,6.933558521984327,-0.035966399807639805,7.498525187402588,-7.679672152694114,16.449876888660555,1.7994656036546213,-0.02281080107607917,31|65|5|79|5|70|74|24|58|7,169,131
93,0.020332981408262566,-9.09636131359942,-9.40043505696594,6.351402510264284,6.563590521802359,5.428520892148407,10,0.3333333333333333,0,10,2831,64.74066666666667,6.351402510264284,-0.0811763697745321,0.005119148303672611,26117.0,109.01038365592127,6.955819538891204,-0.02075889761290018,7.500897743893249,-7.705222666573474,16.71962740412756,1.8405752603107508,-0.015712650708658696,30|64|5|82|5|69|75|26|57|6,169,132
94,0.02012965159417994,-9.060507138247653,-9.40043505696594,6.378591808778123,6.563590521802359,5.428520892148407,9,0.3,0,10,2861,64.74066666666667,6.378591808778123,-0.08123345365444518,0.005148122167675918,26238.0,109.49885597456411,6.955751322518967,-0.013511183733862387,7.496063331207357,-7.698354115574817,16.83831763093304,1.851432098066546,-0.015734402188821474,32|65|5|81|5|68|75|27|58|6,169,133
95,0.01992835507823814,-9.030240544288894,-9.40043505696594,6.338292649983179,6.563590521802359,5.428520892148407,11,0.36666666666666664,0,5,2891,64.74066666666667,6.338292649983179,-0.08106531573704574,0.005145479316386847,26558.0,109.61143406118599,6.9714444784181575,-0.02425352680545736,7.510302869271222,-7.698980630521487,17.1522091398401,1.8539342706046078,-0.01073048072477481,31|64|5|83|5|69|76|25|58|6,170,134
96,0.019729071527455757,-9.047291918535544,-9.40043505696594,6.3324332720461936,6.563590521802359,5.428520892148407,12,0.4,0,10,2921,64.74066666666667,6.3324332720461936,-0.08079922102412905,0.005158086627595991,26473.0,107.41929360471482,6.97122200819841,-0.02581543156643548,7.532838332132757,-7.695991938368241,17.068831707786664,1.8052115234488497,-0.010801417604192625,32|63|5|82|5|69|78|24|57|6,170,132
97,0.0195317808121812,-10.036935500596414,-10.114881211933417,6.371580542352256,6.336934621353579,5.428520892148407,21,0.7,1,7,2951,64.74066666666667,6.371580542352256,-0.07805407798361566,0.002628556984120104,27050.0,109.76914461926175,6.972901445594655,-0.015380141587207572,7.7653234813527545,-8.295642829144958,17.634817334784703,1.857439562257903,-0.010265912006174225,30|63|5|80|5|71|81|27|58|6,170,135
98,0.019336463004059386,-10.007723761732477,-10.114881211933417,6.314459845467023,6.336934621353579,5.428520892148407,12,0.4,0,5,2981,64.74066666666667,6.314459845467023,-0.07738410879414621,0.0025964235762636913,27261.0,110.77455316587125,6.9693457746798675,-0.03060651704462172,7.822062924320898,-8.303260382350745,17.841789548470295,1.8797858796483269,-0.011399673636013671,26|64|5|79|5|72|82|28|59|5,168,137
99,0.019143098374018792,-10.027136650677003,-10.114881211933417,6.329747914790251,6.336934621353579,5.428520892148407,10,0.3333333333333333,0,4,3011,64.74066666666667,6.329747914790251,-0.07726758593099103,0.002590001085890477,26915.0,111.4859989555026,6.9734599751128465,-0.02653125367726208,7.831931202522935,-8.304782899425504,17.50239435446454,1.8955985495075551,-0.010087819220864687,29|63|5|78|5|71|80|28|61|5,168,137
100,0.018951667390278603,-10.027547375154626,-10.114881211933417,6.409221853897078,6.336934621353579,5.428520892148407,11,0.36666666666666664,0,12,3041,64.74066666666667,6.409221853897078,-0.0772231022491331,0.002579484918776214,26606.0,112.6340394694255,6.967554561403854,-0.005346287423234302,7.835698509093839,-8.30727586446898,17.199292866176158,1.9211150201877578,-0.011970820103690858,32|62|5|77|5|68|79|30|63|5,169,137
101,0.018762150716375818,-9.988748632602116,-10.114881211933417,6.513488007333698,6.336934621353579,5.428520892148407,15,0.5,0,12,3071,64.74066666666667,6.513488007333698,-0.07755472352116222,0.00254497328977471,26818.0,114.6418061810463,6.956906766350129,0.022447414094730642,7.807613626166282,-8.315457199337414,17.407245990827086,1.965739856862467,-0.015365977238200204,32|63|5|76|5|66|81|31|64|5,169,137
102,0.01857452920921206,-9.945611349082682,-10.114881211933417,6.526243756175873,6.336934621353579,5.428520892148407,13,0.43333333333333335,0,9,3101,64.74066666666667,6.526243756175873,-0.07759972250131189,0.0025463468118854886,27137.0,115.5131701280478,6.9570117205442195,0.025847649590835835,7.8038026791735575,-8.315131591863569,17.72015658876881,1.9851068847119238,-0.01533251153200804,32|62|5|77|5|66|82|33|64|5,170,137
103,0.018388783917119938,-9.992715198964222,-10.114881211933417,6.5104160986081645,6.336934621353579,5.428520892148407,11,0.36666666666666664,0,10,3131,64.702,6.5104160986081645,-0.07805846976188932,0.002536126598681257,27143.0,113.73687690306127,6.960385761917219,0.02162855091244393,7.764951543274401,-8.317554398003695,17.726042054560818,1.9456268023932826,-0.014256664318395411,31|64|5|76|5|67|81|33|64|5,170,139
104,0.01820489607794874,-9.97574218962902,-10.114881211933417,6.498016873396156,6.336934621353579,5.428520892148407,19,0.6333333333333333,0,4,3161,64.74066666666667,6.498016873396156,-0.07807316832828956,0.002531815351607235,27435.0,113.22145750746233,6.960573616601392,0.01832335211841657,7.763706727120034,-8.318576423246595,18.012468056438507,1.9341710360363373,-0.014196764952563808,31|64|5|74|5|68|83|33|65|5,172,138
105,0.01802284711716925,-9.93000586587272,-10.114881211933417,6.45252635113295,6.336934621353579,5.428520892148407,8,0.26666666666666666,0,11,3191,64.74066666666667,6.45252635113295,-0.07814377060532321,0.002532806990977804,28047.0,113.25027665239037,6.96076157629594,0.00619717352635364,7.75772744637976,-8.318341344984743,18.61278556722326,1.9348115734195277,-0.014136832103112569,31|65|5|77|5|66|84|33|66|5,174,139
106,0.01784261864599756,-9.960151684536871,-10.114881211933417,6.45592976664553,6.336934621353579,5.428520892148407,9,0.3,0,6,3221,64.74066666666667,6.45592976664553,-0.07828652180557974,0.0025681404619837646,28199.0,109.51437806719697,6.865715474135036,0.007104404797293076,7.745637900005241,-8.309965184057907,18.76188403395411,1.8517770937498501,-0.04444324298261328,31|67|5|77|5|66|86|32|63|5,174,139
107,0.017664192459537584,-10.001572512300934,-10.114881211933417,6.464834918962931,6.336934621353579,5.428520892148407,11,0.36666666666666664,0,1,3251,64.74066666666667,6.464834918962931,-0.0783320204905976,0.002568649756306895,27806.0,109.19331197157952,6.865767929014154,0.009478206240273374,7.74178463319197,-8.309844450626171,18.37638602457763,1.8446410445286987,-0.044426517213928075,30|66|5|78|5|66|85|33|61|5,174,137
108,0.017487550534942206,-9.966914719572664,-10.114881211933417,6.502447600983654,6.336934621353579,5.428520892148407,13,0.43333333333333335,0,6,3281,64.74066666666667,6.502447600983654,-0.07816768179835978,0.0025622040202754695,27597.0,112.89819816509481,6.8661265548614745,0.019504428776712858,7.755702416281475,-8.311372478322122,18.171375632822706,1.9269862394794308,-0.04431216573571051,29|65|5|79|5|63|86|37|59|5,174,137
109,0.017312675029592783,-10.091987603330901,-10.114881211933417,6.3328758860404895,6.336934621353579,5.428520892148407,12,0.4,0,7,3311,64.49933333333334,6.3328758860404895,-0.07901874809153393,0.002515553649638299,27301.0,113.21391393243759,6.890033779263656,-0.025697446191127543,7.683625926552292,-8.322431426130775,17.881025987083678,1.9340033717347658,-0.03668910546024162,29|64|5|79|5|62|86|38|58|5,173,137
110,0.017139548279296854,-10.106252935160581,-10.114881211933417,6.358452306307515,6.336934621353579,5.428520892148407,14,0.4666666666666667,0,8,3341,64.49933333333334,6.358452306307515,-0.0792768676900053,0.0025093328886587407,26957.0,115.15279937074953,6.921349756487294,-0.018879669114198618,7.661765873184727,-8.323906121188145,17.54359261500859,1.9770972458959706,-0.026703689422601536,27|66|5|76|5|60|84|39|62|5,174,136
111,0.016968152796503884,-10.11050966827967,-10.132644350405396,6.360356043320323,6.374696131134113,5.428520892148407,14,0.4666666666666667,2,12,3371,64.49933333333334,6.360356043320323,-0.07945368699743663,0.002504000103725237,26965.0,115.85495950383795,6.900423269547594,-0.01837219956095724,7.646791111408575,-8.325170312435693,17.551439902731268,1.992703531764346,-0.033376311413826534,26|67|5|75|5|62|84|40|60|5,174,137
112,0.016798471268538846,-10.125245335528838,-10.135943846077655,6.323863095463436,6.323523873175398,5.428520892148407,15,0.5,1,8,3401,64.49933333333334,6.323863095463436,-0.07923369826032163,0.002507338353623404,26747.0,116.05408422137153,6.920902054569899,-0.028099940220935902,7.6654218762248725,-8.32437894613159,17.33760131228833,1.9971292989346068,-0.026846443706592716,26|65|5|75|5|60|84|39|63|5,171,138
113,0.016630486555853457,-10.132203755099203,-10.163217199736422,6.32433111880464,6.32433111880464,5.428520892148407,10,0.3333333333333333,4,11,3431,64.49933333333334,6.32433111880464,-0.07933354033936481,0.0025128522783553274,26715.0,115.84435488328067,6.920902054569899,-0.027975181604451813,7.656966287462384,-8.32307181384093,17.306212161397625,1.9924678323388967,-0.026846443706592716,26|65|5|77|5|61|82|39|62|5,172,136
114,0.016464181690294923,-10.25358345569416,-10.25358345569416,6.360512818373062,6.360512818373062,5.428520892148407,13,0.43333333333333335,6,11,3461,64.49933333333334,6.360512818373062,-0.07934795118333554,0.002505867705641931,25917.0,111.59737492705406,6.910683714052506,-0.01833040882755364,7.655745838414201,-8.324727578287133,16.523445211060647,1.8980740037080877,-0.030104664919099702,29|65|5|73|5|61|81|38|61|5,172,135
115,0.016299539873391975,-10.31564052440762,-10.31564052440762,6.34280730496412,6.34280730496412,5.428520892148407,11,0.36666666666666664,8,9,3491,64.49933333333334,6.34280730496412,-0.07955704252187487,0.002529924347970191,25339.0,111.60957953864434,6.889808173148302,-0.023050078046094227,7.638037970254502,-8.319024705012472,15.956478673097273,1.8983452647045682,-0.03676104225168696,29|63|5|69|5|62|81|38|62|5,171,135
116,0.016136544474658055,-10.399158073526012,-10.399158073526012,6.322441722805648,6.322441722805648,5.428520892148407,15,0.5,8,5,3521,64.49933333333334,6.322441722805648,-0.07989177356615433,0.0025338737549700932,25196.0,106.95469757702361,6.889618801668293,-0.028478828346125695,7.609689721864749,-8.31808845766244,15.81620840505443,1.7948853626775605,-0.03682142526321017,30|62|5|70|5|64|79|36|62|5,171,132
117,0.015975179029911475,-10.459224138623696,-10.459224138623696,6.2956825106880245,6.2956825106880245,5.428520892148407,16,0.5333333333333333,6,4,3551,64.49933333333334,6.2956825106880245,-0.07995963838692455,0.002529042629746685,25130.0,103.47708570200234,6.873010639211434,-0.035611896268356334,7.603942275283385,-8.31923372534141,15.75146828134235,1.7175915909247774,-0.042117105821671996,31|63|5|73|5|65|75|35|61|5,170,132
118,0.01581542723961236,-10.450406928451065,-10.471714297379902,6.172921204262265,6.2956825106880245,5.428520892148407,12,0.4,1,12,3581,64.49933333333334,6.172921204262265,-0.08001455089232914,0.002541604205081408,25612.0,102.54381621419216,6.87929675631518,-0.06833575723659494,7.5992917555018575,-8.316255875345286,16.224267366633608,1.6968486439349857,-0.04011271381135805,32|62|5|74|5|64|76|35|64|5,171,134
119,0.015657272967216238,-10.463539283894319,-10.471714297379902,6.1549784578145585,6.2956825106880245,5.428520892148407,15,0.5,0,7,3611,64.49933333333334,6.1549784578145585,-0.08066021140477471,0.0025815420050280986,25791.0,100.85578002759325,6.887178131549493,-0.07311866446720676,7.544611005403934,-8.306788211119462,16.399850429428493,1.6593301719471891,-0.037599657613196134,29|61|5|77|5|64|79|34|61|6,172,135
120,0.015500700237544076,-10.508191971392701,-10.508191971392701,6.174253087923618,6.174253087923618,5.428520892148407,13,0.43333333333333335,3,13,3641,64.49933333333334,6.174253087923618,-0.08215523417277046,0.0025566296134403275,25820.0,102.87963820183367,6.887124339327398,-0.06798072374087105,7.417998079893217,-8.312693948514362,16.428296847423194,1.7043126591831421,-0.0376168098072141,28|60|5|76|5|65|78|36|63|6,173,135
121,0.015345693235168635,-10.48910515879131,-10.508191971392701,6.2278595167361805,6.174253087923618,5.428520892148407,16,0.5333333333333333,0,7,3671,64.49933333333334,6.2278595167361805,-0.08236086905876806,0.0025572242205854504,25929.0,101.90660035170345,6.970824777186536,-0.05369112896104561,7.400582937421425,-8.31255299080503,16.535216142644664,1.6826858163387768,-0.010928078729543718,28|60|5|77|5|66|78|37|61|6,171,133
122,0.015192236302816948,-10.52656745940946,-10.533444399131081,6.1978393448130795,6.22762155826078,5.428520892148407,10,0.3333333333333333,2,11,3701,64.49933333333334,6.1978393448130795,-0.08257907487168922,0.0025612929091127987,25709.0,101.85691500114218,6.970718513402798,-0.06169345445640255,7.382103167795956,-8.311588466548114,16.31941573027106,1.681581504447814,-0.01096196201163889,27|61|5|77|5|65|77|37|61|6,171,132
123,0.01504031393978878,-10.61340904989135,-10.61340904989135,6.194711856231238,6.194711856231238,5.428520892148407,11,0.36666666666666664,8,5,3731,64.49933333333334,6.194711856231238,-0.08269349432234431,0.002568581881520766,25040.0,99.68802771057409,7.002752694476275,-0.06252713328006215,7.372413026820918,-8.309860541038898,15.663186294462239,1.633375584632896,-0.0007475394132500865,27|61|5|74|5|66|76|36|60|6,172,130
124,0.014889910800390892,-10.590556223326224,-10.639388756585149,6.212307209908768,6.194711856231238,5.428520892148407,10,0.3333333333333333,2,10,3761,64.49933333333334,6.212307209908768,-0.08266952091936211,0.0025638500300060965,25044.0,101.499749367713,6.995631808927058,-0.057836828784331745,7.3744433254564985,-8.310982274869183,15.667109938323579,1.6736431030561851,-0.003018105784452937,27|60|5|75|5|65|77|37|59|6,172,129
125,0.014741011692386983,-10.603121931315433,-10.639388756585149,6.198691455734996,6.194711856231238,5.428520892148407,11,0.36666666666666664,0,7,3791,64.49933333333334,6.198691455734996,-0.08250760859812188,0.0025704957889355353,25010.0,99.99516819337086,7.00260869339773,-0.06146631155486325,7.388155620083248,-8.3094068296981,15.633758965502203,1.640202121701006,-0.0007934556134335145,30|61|5|75|5|69|76|35|54|6,171,129
126,0.014593601575463112,-10.630965667771523,-10.645548744046094,6.220989431229538,6.220989431229538,5.428520892148407,11,0.36666666666666664,2,12,3821,64.49933333333334,6.220989431229538,-0.08226166911961831,0.0025772928378199845,24666.0,98.76294540250983,7.002687836753351,-0.055522452930339215,7.408984143593738,-8.307795519694785,15.296325593427115,1.6128146067717253,-0.0007682199541134222,32|59|5|75|5|68|74|35|56|5,170,126
127,0.014447665559708481,-10.642787856209427,-10.645548744046094,6.195055606864941,6.220989431229538,5.428520892148407,14,0.4666666666666667,0,8,3851,64.49933333333334,6.195055606864941,-0.08195399172962085,0.002665249363925569,24010.0,99.31300664883815,6.993876623813816,-0.06243550141109158,7.435041228004101,-8.286944524979274,14.652848000167644,1.6250403265908735,-0.003577764308076044,32|59|5|74|6|67|73|33|55|6,170,126
128,0.014303188904111397,-10.766664548170187,-10.767830163675951,6.103428287062367,6.103428287062367,5.428520892148407,11,0.36666666666666664,6,4,3881,64.45599999999999,6.103428287062367,-0.0826118535364722,0.002603408231645573,24074.0,96.10095666003875,6.913232953848056,-0.08686013292904542,7.379327154793778,-8.301604598307131,14.715626301949056,1.5536489615923652,-0.029291814029711916,31|59|5|75|5|66|75|32|54|6,170,125
129,0.014160157015070283,-10.768549607575713,-10.78681390392321,6.086073144206605,6.098880815208858,5.428520892148407,9,0.3,3,5,3911,64.45599999999999,6.086073144206605,-0.08270884352439789,0.0025995034647424936,23984.0,97.88642927300322,6.898716950925311,-0.09148640564014057,7.37111310857361,-8.302530263265337,14.627344315068946,1.5933330659654206,-0.0339203883626182,30|60|5|76|5|66|71|33|56|6,171,125
130,0.01401855544491958,-10.765939131162021,-10.78681390392321,6.073436012387137,6.098880815208858,5.428520892148407,12,0.4,0,4,3941,64.45599999999999,6.073436012387137,-0.08267614224780448,0.0025990522894976135,24042.0,98.05249030880239,6.881615695913646,-0.09485502199604148,7.373882567598623,-8.302637218974745,14.68423715105835,1.5970239562255688,-0.039373296468847095,30|59|5|78|5|65|71|33|56|6,171,125
131,0.013878369890470385,-10.797976041790067,-10.797976041790067,6.075565376312687,6.075565376312687,5.428520892148407,14,0.4666666666666667,1,5,3971,64.45599999999999,6.075565376312687,-0.08306170469087353,0.002591048674835711,23994.0,97.46582559240844,6.873742226755048,-0.0942874082170807,7.3412294268377805,-8.304534557744354,14.63715342472229,1.5839846837840206,-0.041883831734813075,31|60|5|77|5|64|71|34|56|5,171,125
132,0.013739586191565682,-10.746424298100116,-10.797976041790067,6.091564428750784,6.075565376312687,5.428520892148407,15,0.5,0,10,4001,64.45599999999999,6.091564428750784,-0.08321685545647121,0.0025899013693426558,24525.0,97.67348147547145,6.873784160595401,-0.09002262167438879,7.328089765858646,-8.304806538253725,15.158017147314942,1.5886000655475467,-0.04187046070573771,32|63|5|75|5|66|72|34|56|5,172,127
133,0.013602190329650024,-10.736221998306934,-10.797976041790067,6.076601267140208,6.075565376312687,5.428520892148407,14,0.4666666666666667,0,5,4031,64.45599999999999,6.076601267140208,-0.08342883946796975,0.002599937435056301,24626.0,98.43934351240986,6.873726501564599,-0.09401127603500287,7.310136918295455,-8.302427386160923,15.257089154813732,1.6056221967124507,-0.04188884587081712,30|59|5|75|5|64|77|34|58|5,172,125
134,0.013466168426353524,-10.731560672173329,-10.797976041790067,6.090361765750147,6.075565376312687,5.428520892148407,11,0.36666666666666664,0,9,4061,64.45599999999999,6.090361765750147,-0.08355133439817122,0.00261348530330758,24605.0,98.4377942681169,6.885230561685429,-0.09034320947171957,7.299762867943144,-8.299215725334589,15.236490024541707,1.6055877630438662,-0.03822065996021433,28|57|5|76|5|66|76|35|58|5,172,124
135,0.013331506742089988,-10.70802453307449,-10.797976041790067,6.164173055231055,6.075565376312687,5.428520892148407,12,0.4,0,8,4091,64.45599999999999,6.164173055231055,-0.08338753727113375,0.002624510350130039,24338.0,98.8138248875564,6.971217809502766,-0.07066770710713399,7.313634786076048,-8.29660212514809,14.974586796797379,1.613945459622883,-0.010802756400760187,27|57|5|76|5|64|76|34|59|5,172,122
136,0.013198191674669088,-10.711873908349066,-10.797976041790067,6.133172934415497,6.075565376312687,5.428520892148407,13,0.43333333333333335,0,5,4121,64.45599999999999,6.133172934415497,-0.08335051381187564,0.0026256773810056488,24452.0,98.31313373028087,6.950361817124617,-0.07893125262569213,7.316770289153022,-8.296325468534901,15.086410646845518,1.6028170446588486,-0.017452900488120038,26|59|5|77|5|64|75|33|59|5,172,123
137,0.013066209757922397,-10.701758566102907,-10.797976041790067,6.180268301696088,6.075565376312687,5.428520892148407,9,0.3,0,10,4151,64.45599999999999,6.180268301696088,-0.08339747826617888,0.0026160590194340932,24308.0,99.7665789505661,6.963428583299039,-0.06637727860888559,7.312792886880868,-8.298605599585777,14.945159467837343,1.6351214728553427,-0.013286429948612882,26|57|5|77|5|65|73|35|60|5,172,123
138,0.012935547660343173,-10.707204123856531,-10.797976041790067,6.124722451215845,6.075565376312687,5.428520892148407,11,0.36666666666666664,0,7,4181,64.45599999999999,6.124722451215845,-0.08370862077695798,0.0026226948000971227,24492.0,99.89179391333853,6.963114020350714,-0.08118385522003706,7.286442342672565,-8.29703251986487,15.125647085458901,1.6379045139480195,-0.013386731525875448,24|57|5|77|5|63|75|35|62|5,172,123
139,0.012806192183739741,-10.73225190867746,-10.797976041790067,6.112532417360133,6.075565376312687,5.428520892148407,14,0.4666666666666667,0,13,4211,64.45599999999999,6.112532417360133,-0.08339905840979764,0.0025947892622419306,24230.0,100.25289362010348,6.963181908478824,-0.08443329093155497,7.312659065101975,-8.303647813216196,14.868648412541248,1.6459303544724213,-0.013365084709671822,23|56|5|76|5|63|76|37|60|5,173,122
140,0.012678130261902345,-10.760519933630095,-10.797976041790067,6.087168450148479,6.075565376312687,5.428520892148407,9,0.3,0,10,4241,64.45599999999999,6.087168450148479,-0.08326071401056534,0.002594676930721062,24045.0,99.43128888901515,6.96296614123674,-0.09119443547133789,7.324375401126949,-8.30367444255289,14.687179883954354,1.6276692802531025,-0.01343388427687409,23|56|5|75|5|64|76|38|58|5,173,123
141,0.012551348959283322,-10.8146445207704,-10.814813051867228,6.072059934131388,6.0776438231086605,5.428520892148407,10,0.3333333333333333,2,5,4271,64.45599999999999,6.072059934131388,-0.08329941824759451,0.002598120801004651,23701.0,97.96156205497572,6.962874676196317,-0.09522183622141615,7.321097553601929,-8.302858037855438,14.349746511879266,1.5950029751760044,-0.013463048830003132,22|56|5|74|5|64|77|37|56|5,173,122
142,0.012425835469690488,-10.84980365210282,-10.851165090170495,6.048675366218419,6.047300820683245,5.428520892148407,12,0.4,4,8,4301,64.45599999999999,6.048675366218419,-0.08345086779625097,0.002561465182810942,23753.0,96.81816402910468,6.9783834387193675,-0.10145534229483912,7.308271347317206,-8.311547627304813,14.400753882076662,1.5695896889294711,-0.008517923058717075,20|55|5|75|5|65|77|35|57|5,172,122
143,0.012301577114993583,-10.817874490344401,-10.851165090170495,6.127835633670698,6.047300820683245,5.428520892148407,19,0.6333333333333333,0,5,4331,64.45599999999999,6.127835633670698,-0.08295842333782001,0.0025762461990836193,23484.0,98.00814573861288,6.95410653786949,-0.08035398990833988,7.349976286444702,-8.308043636119196,14.136888832401667,1.596038349087716,-0.01625885840808838,23|55|5|73|5|66|76|37|55|5,172,122
144,0.012178561343843647,-10.854603522953123,-10.854603522953123,6.1203715688897224,6.1203715688897224,5.428520892148407,8,0.26666666666666666,1,6,4361,64.45599999999999,6.1203715688897224,-0.08299488627327813,0.002588259632300212,23158.0,97.25883918784669,6.962973172966079,-0.08234364793057909,7.346888253921124,-8.305195728822202,13.8171118577026,1.5793841819209349,-0.01343164213886236,21|56|5|72|5|65|76|36|55|5,172,121
145,0.01205677573040521,-10.880898011046565,-10.924623792735504,6.12937262510188,6.131994359611622,5.428520892148407,18,0.6,8,4,4391,64.45599999999999,6.12937262510188,-0.08283732157274913,0.002596658088501044,22569.0,98.76112050238136,6.973842775706094,-0.07994428187111098,7.360232350157157,-8.303204788824734,13.239355299120545,1.6127740463471951,-0.009965759380428048,20|58|5|70|5|62|75|35|56|5,170,120
146,0.011936207973101158,-10.920390833113407,-10.948641068915041,6.065809131226255,6.065809131226255,5.428520892148407,15,0.5,4,4,4421,64.45599999999999,6.065809131226255,-0.08382107490781017,0.002599883734867009,22776.0,98.7863918496985,6.954980501560502,-0.09688808115773176,7.276918643905055,-8.302440116340396,13.442403868944798,1.6133357300029956,-0.015980186246774962,19|60|5|73|5|61|73|35|56|5,168,120
147,0.011816845893370146,-10.92093140187098,-10.948641068915041,6.089641501377302,6.065809131226255,5.428520892148407,11,0.36666666666666664,0,8,4451,64.45599999999999,6.089641501377302,-0.084183639738376,0.0026276547207329318,22832.0,96.58681423003819,7.0443201577243615,-0.09053520670507935,7.246213162444877,-8.295856719915216,13.497334883003534,1.564447683666452,0.01250666661702362,19|60|5|74|5|62|72|34|56|5,169,119
148,0.011698677434436444,-10.91515072172082,-10.948641068915041,6.092874224053376,6.065809131226255,5.428520892148407,12,0.4,0,4,4481,64.45599999999999,6.092874224053376,-0.08419658630209115,0.0026336428002152997,22863.0,96.54940605475572,7.044338933667688,-0.0896734761608162,7.245116722750194,-8.294437184388164,13.527743122928905,1.5636162455802356,0.012512653516435178,19|60|5|73|5|64|71|35|56|5,169,120
149,0.01158169066009208,-10.944557468238564,-10.948641068915041,6.101002804666761,6.065809131226255,5.428520892148407,11,0.36666666666666664,0,10,4511,64.45599999999999,6.101002804666761,-0.08403061903738183,0.002639414133765997,22447.0,96.50087136052431,7.044386372121542,-0.08750668151186548,7.259172429040225,-8.29306903070253,13.119684161349728,1.5625375082993564,0.012527779747193745,21|60|5|74|5|62|69|35|55|5,169,119
150,0.01146587375349116,-10.930069635989387,-10.960018315563865,6.004471153886998,6.101002804666761,5.428520892148407,10,0.3333333333333333,1,8,4541,64.45599999999999,6.004471153886998,-0.08371695399170534,0.0026335548048923123,22498.0,100.45498770383463,6.923774074323515,-0.1132386357499209,7.285736605796406,-8.294458044580077,13.16971062058179,1.6504221190919013,-0.025930671163287435,21|61|5|73|5|60|70|36|56|5,168,120
151,0.011351215015956248,-10.997690948597707,-10.997690948597707,6.005492880153244,6.005492880153244,5.428520892148407,14,0.4666666666666667,5,8,4571,64.45599999999999,6.005492880153244,-0.08369017986168789,0.0026223708719424416,21906.0,99.94597050919486,6.923785247017585,-0.11296627934334867,7.288004096969171,-8.29710931034922,12.589011329103732,1.6391086487350381,-0.025927108636793428,22|61|5|71|5|58|70|36|55|5,168,121
152,0.011237702865796685,-11.034063088897886,-11.034063088897886,6.020831824027201,6.020831824027201,5.428520892148407,7,0.23333333333333334,5,13,4601,64.45599999999999,6.020831824027201,-0.08363152150984575,0.0026334287680516784,21517.0,98.25238454711666,6.978923723977865,-0.10887745460414179,7.292971851100653,-8.294487922903091,12.207436963588588,1.6014668268466226,-0.008345647640116017,23|61|5|71|5|59|67|34|55|5,167,120
153,0.011125325837138718,-11.049928406376921,-11.074497828316993,6.075928905330784,6.065422698352552,5.428520892148407,12,0.4,6,12,4631,64.49933333333334,6.075928905330784,-0.08270502376133497,0.0027238767344735606,21252.0,90.98818292910912,6.9416266393406305,-0.0941905041241504,7.37143660289524,-8.273046306761643,11.94749555777493,1.4400119083545935,-0.02023820026378903,23|61|5|71|5|61|65|35|52|6,167,120
154,0.01101407257876733,-11.050946648129234,-11.107592868628238,6.021199018779287,6.03866635261811,5.428520892148407,14,0.4666666666666667,4,8,4661,64.40799999999999,6.021199018779287,-0.08231555783481466,0.0027818127578045945,20905.0,92.18077803959393,6.8813779484031965,-0.10877957335503033,7.4044203282264505,-8.25931197947747,11.607119452803838,1.466518654241161,-0.03944910466690511,22|57|5|71|5|62|64|36|53|6,167,120
155,0.010903931852979658,-11.073457583985347,-11.107592868628238,6.021199018779287,6.03866635261811,5.428520892148407,5,0.16666666666666666,0,9,4691,64.40799999999999,6.021199018779287,-0.08230227571252742,0.0027811630344930977,20673.0,92.18004166661856,6.8813779484031965,-0.10877957335503033,7.4055451862525485,-8.259466003038135,11.37954810884622,1.4665022875370177,-0.03944910466690511,22|57|5|72|5|61|62|36|53|6,167,119
156,0.010794892534449861,-11.153767370852776,-11.157810654093934,6.016707093053421,6.000969180611718,5.428520892148407,15,0.5,2,5,4721,64.45599999999999,6.016707093053421,-0.08280872398496317,0.0027027491237412906,20508.0,91.79199654675385,6.881428746292247,-0.10997696329175093,7.362654269294205,-8.278054823118929,11.217697799566018,1.4578775553925138,-0.03943290724625997,21|55|5|75|5|60|61|39|50|5,166,120
157,0.010686943609105362,-11.157612249446835,-11.157810654093934,6.0544768581059705,6.000969180611718,5.428520892148407,12,0.4,0,6,4751,64.45599999999999,6.0544768581059705,-0.08279036487960643,0.002701944183680181,20397.0,91.48418959150247,6.881428987587085,-0.09990886792547912,7.364209095139493,-8.278245642398675,11.108816682413881,1.4510362052366763,-0.03943283030696082,22|54|5|76|5|59|61|38|50|5,167,119
158,0.01058007417301431,-11.19145541965829,-11.19145541965829,6.052820127431063,6.052820127431063,5.428520892148407,17,0.5666666666666667,5,4,4781,64.45599999999999,6.052820127431063,-0.08231568185779135,0.0027174282266800645,19995.0,89.26884547501504,6.9015547250261715,-0.10035049424769724,7.404409824766406,-8.274574991532159,10.71449047434939,1.4017977310631884,-0.033015535392022066,21|55|5|74|5|59|62|38|47|5,166,119
159,0.010474273431284166,-11.207286051734776,-11.218887342141207,6.149500820832339,6.149500820832339,5.428520892148407,15,0.5,6,6,4811,64.45599999999999,6.149500820832339,-0.08240284545278129,0.0027434481361754363,19647.0,86.25262282913668,7.010738548653785,-0.07457881047134729,7.397027972131143,-8.26840670568223,10.373133458412962,1.3347588454357717,0.0017988309525508595,21|58|5|72|5|58|63|35|45|5,166,119
160,0.010369530696971324,-11.199305535560493,-11.225889394651226,6.1542198433026725,6.127213963098111,5.428520892148407,14,0.4666666666666667,1,4,4841,64.45599999999999,6.1542198433026725,-0.08295285765996155,0.002726907770748123,19945.0,87.32636076163448,6.989984793875881,-0.0733208845032933,7.350447641644901,-8.272327768591232,10.66544492608266,1.358623859031138,-0.004818713642037337,19|57|5|71|5|61|63|35|48|5,166,118
161,0.010265835390001612,-11.193579692556899,-11.225889394651226,6.194402908607505,6.127213963098111,5.428520892148407,13,0.43333333333333335,0,7,4871,64.45599999999999,6.194402908607505,-0.08295862321202765,0.0027065218280118977,19961.0,87.12024520527132,7.025392772066212,-0.0626094878865734,7.34995935917195,-8.277160464959362,10.681139501528014,1.3540427127328223,0.006471478286422063,21|58|5|70|5|61|60|34|52|5,166,118
162,0.010163177036101596,-11.212350751000491,-11.225889394651226,6.121060141266081,6.127213963098111,5.428520892148407,11,0.36666666666666664,0,4,4901,64.45599999999999,6.121060141266081,-0.08299241908125152,0.0026849162516539254,20149.0,88.07313131376142,6.921420394612795,-0.08216009867253875,7.347097199501735,-8.282282287960022,10.865550763010912,1.3752216608221866,-0.026681165741919043,22|58|5|70|5|63|60|34|51|5,165,118
163,0.01006154526574058,-11.171079822163405,-11.225889394651226,6.11344790075644,6.127213963098111,5.428520892148407,13,0.43333333333333335,0,4,4931,64.45599999999999,6.11344790075644,-0.08288885977152931,0.0026921922488687094,20477.0,88.24309103847507,6.930217576107416,-0.08418925514982761,7.355867599156168,-8.280557438353144,11.187289559640647,1.3789992037571934,-0.023876095456068013,22|59|5|71|5|65|59|33|51|5,164,119
164,0.009960929813083174,-11.161660624916326,-11.225889394651226,6.1293942075145305,6.127213963098111,5.428520892148407,8,0.26666666666666666,0,10,4961,64.45599999999999,6.1293942075145305,-0.08304855586507706,0.0027069831380423454,20451.0,88.62403587587274,6.95050871458295,-0.07993852875645696,7.342342996033353,-8.277051106695309,11.161785874541948,1.3874661242677049,-0.017406060747949842,22|59|5|71|5|64|59|33|52|5,163,120
165,0.009861320514952343,-11.190941808910049,-11.225889394651226,6.154705069673084,6.127213963098111,5.428520892148407,9,0.3,0,10,4991,64.45599999999999,6.154705069673084,-0.0829004917219426,0.0027179056125575403,19955.0,88.72825507245693,6.95062475480839,-0.07319154016226452,7.354882493576006,-8.274461822324037,10.675254035736007,1.3897825112259212,-0.017369060148548263,23|58|5|71|5|63|57|32|52|5,163,120
166,0.00976270730980282,-11.205263390411073,-11.225889394651226,6.141415342782135,6.127213963098111,5.428520892148407,13,0.43333333333333335,0,11,5021,64.45599999999999,6.141415342782135,-0.08288074914753127,0.002721275653863933,19828.0,88.84508031828423,6.937744352170328,-0.07673411548788855,7.356554484904059,-8.273662919541243,10.550678343138518,1.3923790815766257,-0.02147610678978439,23|60|5|68|5|66|54|32|52|5,163,120
167,0.00966508023670479,-11.226495024915925,-11.232864389682018,6.136561249389211,6.141355125951852,5.428520892148407,14,0.4666666666666667,2,7,5051,64.45599999999999,6.136561249389211,-0.08287216953276162,0.002716262670212602,19521.0,89.65223597383506,6.957939762859362,-0.07802804662907405,7.357281089307012,-8.274851298621805,10.249538676780809,1.4103190091048328,-0.01503659585449126,22|58|5|66|5|67|52|32|55|5,162,120
168,0.009568429434337743,-11.247693125298309,-11.249791946092252,6.161958634042917,6.172752697682971,5.428520892148407,10,0.3333333333333333,4,7,5081,64.49933333333334,6.161958634042917,-0.08246939028647501,0.00270456329382411,19062.0,90.09729104853788,6.961709697082404,-0.07125799417066876,7.3913923147672875,-8.277624755533443,9.799300543692246,1.420210850574717,-0.013834514201960281,22|57|5|67|5|66|50|33|53|6,161,119
169,0.009472745139994364,-11.316305959461278,-11.32270929998704,6.12044390442984,6.131174372244494,5.428520892148407,11,0.36666666666666664,6,5,5111,64.49933333333334,6.12044390442984,-0.0826094468456806,0.002689852809437672,18794.0,89.07330764994467,6.917971045041545,-0.0823243658112632,7.379530976547164,-8.28111202641356,9.536416404982583,1.3974516865466673,-0.027781025736139112,22|57|5|66|5|65|51|33|52|6,161,117
170,0.00937801768859442,-11.330996338031747,-11.346664038209019,6.115533738787423,6.081667958504132,5.428520892148407,14,0.4666666666666667,3,6,5141,64.45599999999999,6.115533738787423,-0.08324734867022908,0.002684754332122481,18958.0,88.55523497255211,6.953836654711861,-0.0836332438485839,7.325507306858852,-8.282320672642136,9.69728580329745,1.385936948066115,-0.016344913382238903,21|58|5|66|5|65|52|33|52|5,161,116
171,0.009284237511708475,-11.365888112602004,-11.37690476030713,6.101456783067523,6.126428188625371,5.428520892148407,12,0.4,5,11,5171,64.45599999999999,6.101456783067523,-0.08294771375823692,0.0026802933886541837,18734.0,86.90815574794239,6.944830653600875,-0.08738566678416634,7.350883276780255,-8.283378184947384,9.47756174706251,1.3493287898756738,-0.01921656791456999,22|58|5|67|5|64|51|32|51|5,160,116
172,0.00919139513659139,-11.356036359346136,-11.382057406713207,6.066009638640735,6.063791942504662,5.428520892148407,12,0.4,1,7,5201,64.45599999999999,6.066009638640735,-0.08344583618906307,0.0026665340719275684,19155.0,87.90726097454063,6.910444001642619,-0.09683463290970008,7.308697472269761,-8.286639971798895,9.89052526346836,1.3715350090044904,-0.030181099645214305,21|60|5|68|5|65|51|33|50|5,161,115
173,0.009099481185225477,-11.35809341997643,-11.382057406713207,6.10238331516367,6.063791942504662,5.428520892148407,11,0.36666666666666664,0,10,5231,64.45599999999999,6.10238331516367,-0.08345565938961857,0.0026864033143630273,19016.0,86.2406376393087,6.9819391502647505,-0.08713868580636719,7.307865549046358,-8.281929764525298,9.754178639286856,1.3344924613307394,-0.0073841484734012645,21|59|5|68|5|64|53|33|49|5,162,116
174,0.009008486373373223,-11.50561879064342,-11.50561879064342,5.963846003689553,5.963846003689553,5.428520892148407,11,0.36666666666666664,8,6,5261,64.45599999999999,5.963846003689553,-0.0822896329860555,0.0025404068218061256,18570.0,85.48928833969538,6.7394941950366425,-0.1240678767019873,7.406615894083431,-8.31653972730546,9.316692348747642,1.3177928918106157,-0.08469017430459602,21|60|5|66|5|64|52|33|47|5,161,115
175,0.00891840150963949,-11.528741858991088,-11.540710695160149,5.867523863604538,5.878887589339963,5.428520892148407,12,0.4,5,4,5291,64.40533333333333,5.867523863604538,-0.08269810748810828,0.0025161285421684597,18403.0,91.77919136510182,6.6005105542652895,-0.149743982733096,7.372022339517858,-8.32229514197269,9.15288021753677,1.4575929460619057,-0.12900651371233826,20|58|5|65|5|64|53|35|47|5,161,113
176,0.008829217494543094,-11.524060830452111,-11.5613937357331,5.8300837253916145,5.834010615760088,5.428520892148407,11,0.36666666666666664,5,7,5321,64.40533333333333,5.8300837253916145,-0.08267109677809945,0.0025359655696050158,18639.0,90.47781040731458,6.571815649670195,-0.15972421113879726,7.37430986656263,-8.317592571594291,9.384375205355727,1.4286683143521035,-0.1381561742353421,19|61|5|66|5|65|53|34|44|5,161,112
177,0.008740925319597663,-11.560640635369687,-11.5613937357331,5.812646792446377,5.834010615760088,5.428520892148407,9,0.3,0,8,5351,64.40533333333333,5.812646792446377,-0.08261209428226435,0.002543101071912316,18572.0,88.26868620964015,6.529847094945729,-0.16437228622064343,7.379306766121645,-8.315901027743147,9.318654170678311,1.3795680847563114,-0.1515382723391155,20|61|5|66|5|65|55|33|41|5,160,111
178,0.008653516066401686,-11.553562137909626,-11.56608514032933,5.8122458106567665,5.8122458106567665,5.428520892148407,5,0.16666666666666666,1,9,5381,64.40533333333333,5.8122458106567665,-0.08252190999823333,0.002538911325583531,18628.0,88.25607863949294,6.529847094945729,-0.16447917390957448,7.3869444397950454,-8.316894249990872,9.373585184737047,1.3792878675600466,-0.1515382723391155,20|64|5|66|5|64|54|33|40|5,160,110
179,0.008566980905737669,-11.540120361109949,-11.56608514032933,5.813648828917631,5.8122458106567665,5.428520892148407,10,0.3333333333333333,0,9,5411,64.40533333333333,5.813648828917631,-0.0825735751129337,0.002541039593376612,18758.0,88.25814629263184,6.539077821344421,-0.1641051784232019,7.382568940331697,-8.316389722328497,9.501103610230539,1.3793338234388293,-0.14859496187614224,20|63|5|64|5|64|57|32|43|5,161,111
180,0.008481311096680292,-11.593252755501197,-11.596255971993383,5.796509783962014,5.786775579190081,5.428520892148407,13,0.43333333333333335,4,3,5441,64.40533333333333,5.796509783962014,-0.0833578797120328,0.0025377137915545025,18384.0,90.16696930606504,6.549725478211012,-0.1686738470093023,7.316146473791889,-8.317178137688767,9.134242909195414,1.4217595269443026,-0.14519984880399797,19|60|5|64|5|62|56|34|46|5,160,110
181,0.00839649798571349,-11.641956426680899,-11.641956426680899,5.80675622053825,5.80675622053825,5.428520892148407,12,0.4,6,11,5471,64.40533333333333,5.80675622053825,-0.08340486496619172,0.0025399142351217917,17878.0,89.99516005477804,6.55634101107205,-0.1659425062008416,7.3121673099876485,-8.316656500020423,8.637901960736128,1.41794087623478,-0.1430904192480753,20|60|5|65|5|59|54|34|45|5,160,108
182,0.008312533005856354,-11.663697934905352,-11.663697934905352,5.829194385013245,5.829194385013245,5.428520892148407,12,0.4,5,5,5501,64.40533333333333,5.829194385013245,-0.08276514255233809,0.002522574231404398,17322.0,90.7088967752676,6.5564441442418,-0.15996127810837057,7.36634516471114,-8.320767125370091,8.092515464010113,1.4338044645671506,-0.14305753419391012,21|58|5|65|5|56|53|34|46|5,159,107
183,0.00822940767579779,-11.683236825274493,-11.683236825274493,5.843010402045572,5.843010402045572,5.428520892148407,8,0.26666666666666666,2,10,5531,64.40533333333333,5.843010402045572,-0.08300601643482061,0.002516689716658982,17243.0,90.48319178526454,6.55660371839915,-0.15627841227984396,7.345945644654918,-8.3221621098163,8.015023497748683,1.4287879214313084,-0.1430066523600584,21|59|5|66|5|55|52|35|44|5,160,106
184,0.008147113599039812,-11.674145003614905,-11.683236825274493,5.849952316254411,5.843010402045572,5.428520892148407,12,0.4,0,7,5561,64.40533333333333,5.849952316254411,-0.08314352546964074,0.002516619676893278,17380.0,90.4515840440736,6.556667262934555,-0.15442794129645754,7.334300055333177,-8.322178713459593,8.149408299999518,1.4280854044107112,-0.14298639054231574,21|56|5|69|5|55|53|37|42|5,161,106
185,0.008065642463049414,-11.686404805895345,-11.686404805895345,5.845247390140328,5.845247390140328,5.428520892148407,9,0.3,1,14,5591,64.40533333333333,5.845247390140328,-0.0832854829982866,0.0025250444455658405,17373.0,89.70523343688095,6.556617384179513,-0.15568210967007462,7.3222777247139454,-8.320181535821403,8.142541923242176,1.4114969363604786,-0.1430022948877869,21|54|5|71|5|52|56|36|42|5,160,105
186,0.00798498603841892,-11.687776558685126,-11.695171790903686,5.860176593559123,5.86058433502511,5.428520892148407,6,0.2,1,16,5621,64.40533333333333,5.860176593559123,-0.08304470462596181,0.002505636186321272,17285.0,89.91189049164623,6.556555964585416,-0.1517025073730051,7.342669156050219,-8.324782462311608,8.056221758292734,1.4160901180599264,-0.14302187914650383,22|54|5|71|5|50|56|37|42|5,160,104
187,0.007905136178034731,-11.69814603188562,-11.70714161990753,5.884139830319187,5.859266330547377,5.428520892148407,8,0.26666666666666666,2,10,5651,64.40533333333333,5.884139830319187,-0.08326187179632058,0.0024973223089146948,17123.0,90.77122059204467,6.573625691523854,-0.14531474846984,7.324277348679372,-8.326753352040265,7.897314181908535,1.4351896803536879,-0.1375790240852684,21|54|5|70|5|47|58|37|43|5,160,104
188,0.007826084816254384,-11.726305561944306,-11.726305561944306,5.850985954740752,5.850985954740752,5.428520892148407,15,0.5,4,9,5681,64.40533333333333,5.850985954740752,-0.08318896304869948,0.002486028447624872,17250.0,88.11744016893505,6.5734971598915894,-0.15415240950958387,7.330451963560994,-8.32943067744747,8.021889874506025,1.3762064741542943,-0.1376200076960621,19|53|5|71|5|48|60|36|42|5,160,103
189,0.00774782396809184,-11.731259008296504,-11.739313322409089,5.795522445659582,5.795522445659582,5.428520892148407,9,0.3,3,9,5711,64.40533333333333,5.795522445659582,-0.08316529209366062,0.002508376890415569,17429.0,86.38528474959729,6.573021801759391,-0.16893703679017133,7.332456647992068,-8.324132750355973,8.19747293730091,1.337707403402812,-0.13777158044383167,17|52|5|71|5|48|64|34|42|5,161,102
190,0.007670345728410922,-11.73638208438724,-11.747162860009503,5.793066543812488,5.793066543812488,5.428520892148407,4,0.13333333333333333,1,6,5741,64.40533333333333,5.793066543812488,-0.08314359841522545,0.0025100225514380703,17403.0,86.06026231240173,6.5729909733630905,-0.16959169413242237,7.334293877598576,-8.323742629567864,8.171969252202212,1.3304834201125626,-0.1377814103897611,17|54|5|70|5|49|63|33|42|5,161,103
191,0.007593642271126813,-11.774557118915885,-11.774557118915885,5.800983374186979,5.800983374186979,5.428520892148407,12,0.4,5,8,5771,64.40533333333333,5.800983374186979,-0.08321165079169976,0.002506765025190986,16946.0,86.8634227544327,6.57325947706693,-0.1674813446743817,7.3285305469939725,-8.3245148595043,7.723692941044319,1.348334549599756,-0.1376957952684018,18|55|5|68|5|46|62|33|43|5,161,101
192,0.007517705848415545,-11.763607197283305,-11.785466347506734,5.794407172668717,5.804128571781442,5.428520892148407,13,0.43333333333333335,4,6,5801,64.40533333333333,5.794407172668717,-0.08297015879179079,0.002509073938137006,16878.0,87.58929575396523,6.573170401829612,-0.16923432947430198,7.348982415186521,-8.323967508059583,7.656990995401569,1.3644678801621357,-0.13772419780864242,18|57|5|68|5|48|58|33|43|5,161,102
193,0.007442528789931389,-11.72773265674386,-11.785466347506734,5.770293696608168,5.804128571781442,5.428520892148407,7,0.23333333333333334,0,5,5831,64.40533333333333,5.770293696608168,-0.08273039519372935,0.0025153540129499224,17233.0,87.32509565484156,6.556146141491493,-0.1756621369084267,7.369287905665594,-8.322478752050962,8.005214388095338,1.3585957406328784,-0.14315255538456054,18|57|5|68|5|49|60|32|44|5,162,102
194,0.007368103502032075,-11.752121863890773,-11.785466347506734,5.760144328077613,5.804128571781442,5.428520892148407,13,0.43333333333333335,0,9,5861,64.40533333333333,5.760144328077613,-0.08242305093082118,0.0025156902452167728,16861.0,87.47348082799931,6.556041291159876,-0.1783676027785718,7.395316777665922,-8.322399044750894,7.640315508990881,1.3618937652882266,-0.14318598797315274,18|54|5|69|5|50|57|33|44|6,162,101
195,0.007294422467011754,-11.771010776106106,-11.785466347506734,5.773379963773622,5.804128571781442,5.428520892148407,11,0.36666666666666664,0,7,5891,64.40533333333333,5.773379963773622,-0.08232354135019523,0.002522636847799939,16614.0,86.9613061009029,6.5560163012061645,-0.17483944626938375,7.40374420726038,-8.320752281512673,7.3980305005532445,1.3505101152788386,-0.14319395627261824,19|51|5|69|5|50|60|32|41|6,162,100
196,0.007221478242341636,-11.752280713319951,-11.785466347506734,5.784422471366398,5.804128571781442,5.428520892148407,10,0.3333333333333333,0,6,5921,64.40533333333333,5.784422471366398,-0.0818837805301367,0.0025077447961602793,16571.0,87.72074906156132,6.55603976184779,-0.17189590083371148,7.4409873885312905,-8.324282594768437,7.355851329043858,1.367389575370983,-0.14318647560977732,20|52|5|69|5|51|57|33|41|6,162,101
197,0.00714926345991822,-11.739304290619748,-11.785466347506734,5.790597950701037,5.804128571781442,5.428520892148407,10,0.3333333333333333,0,3,5951,64.40533333333333,5.790597950701037,-0.08210457112787246,0.00250892474942305,16731.0,88.11780080692786,6.556122060096312,-0.17024973452086614,7.422288714435469,-8.324002874771118,7.5127970834973885,1.3762144897327153,-0.14316023398095026,19|51|5|71|5|52|57|33|40|6,163,101
198,0.007077770825319038,-11.748983804614015,-11.785466347506734,5.780960096127125,5.804128571781442,5.428520892148407,15,0.5,0,4,5981,64.40533333333333,5.780960096127125,-0.08169577961284878,0.00251894021866758,16632.0,86.36911363680827,6.555966080902811,-0.17281884870098874,7.456909116712349,-8.321628605282115,7.415686897929267,1.3373479825284238,-0.1432099695242226,17|53|5|69|5|55|55|32|40|7,164,102
199,0.007006993117065847,-11.764609497181114,-11.785466347506734,5.778261469134825,5.804128571781442,5.428520892148407,10,0.3333333333333333,0,4,6011,64.40533333333333,5.778261469134825,-0.08145628247034328,0.0025189141776189314,16364.0,86.48186078211347,6.555966080902811,-0.17353820805836556,7.477192041168897,-8.321634778579218,7.152802759219605,1.339853912582779,-0.1432099695242226,17|55|5|66|5|55|55|32|39|7,165,99
200,0.006936923185895188,-11.81282459739952,-11.81282459739952,5.778004117510779,5.778004117510779,5.428520892148407,8,0.26666666666666666,5,8,6041,64.40533333333333,5.778004117510779,-0.08151254908239597,0.0025207703256107513,15902.0,86.36255503045362,6.555966080902811,-0.17360680898002745,7.472426842595957,-8.321194759700775,6.699621893235038,1.3372022102453713,-0.1432099695242226,17|53|5|66|5|53|54|32|40|7,164,99
201,0.0068675539540362365,-11.826309508348416,-11.829733486872772,5.783268627158756,5.786243549661029,5.428520892148407,10,0.3333333333333333,4,7,6071,64.40533333333333,5.783268627158756,-0.08144300787625522,0.0025156015097065262,15704.0,86.92501766961877,6.542098225888624,-0.17220347525214372,7.47831626163459,-8.322420080411773,6.505401522098796,1.3497035647419344,-0.1476318753417362,18|52|5|62|5|53|56|32|42|7,164,99
202,0.006798878414495874,-11.836688305582074,-11.836688305582074,5.7984036141354185,5.7984036141354185,5.428520892148407,10,0.3333333333333333,4,9,6101,64.40533333333333,5.7984036141354185,-0.08153350329995986,0.002508705776765682,15578.0,87.17808106536042,6.556119026844284,-0.1681690182721674,7.470652237657259,-8.32405478448065,6.381806740466642,1.3553281787162352,-0.14316120116403488,19|52|5|60|5|54|55|32|43|7,164,100
203,0.006730889630350915,-11.841663922960313,-11.865479362421537,5.783782812635737,5.795377724176496,5.428520892148407,11,0.36666666666666664,4,11,6131,64.40533333333333,5.783782812635737,-0.08200773380858983,0.0025312963975278554,15877.0,85.28649815920453,6.556020720081412,-0.1720664114284478,7.4304898312046985,-8.318699446622414,6.675099119101675,1.3132856556704497,-0.14319254726955744,18|54|5|60|5|55|57|30|42|7,164,103
204,0.006663580734047406,-11.830694192728984,-11.865479362421537,5.7836128745860655,5.795377724176496,5.428520892148407,5,0.16666666666666666,0,15,6161,64.40533333333333,5.7836128745860655,-0.08199961025646499,0.0025341672834556556,16014.0,84.9149903046015,6.556020720081412,-0.17211171095541253,7.431177811830869,-8.318018873730782,6.809483921352509,1.3050284825441714,-0.14319254726955744,18|56|5|60|5|55|57|30|41|7,165,103
205,0.006596944926706932,-11.858650826795085,-11.865479362421537,5.788526276961468,5.795377724176496,5.428520892148407,7,0.23333333333333334,0,8,6191,64.40533333333333,5.788526276961468,-0.08201177497222747,0.0025317247192387904,15792.0,84.39120818031495,6.556044865390307,-0.17080197011853962,7.430147586550247,-8.318597908577123,6.591721687048238,1.2933868452891384,-0.14318484829363354,19|54|5|61|5|55|57|30|39|7,165,102
206,0.0065309754774398624,-11.911738326487173,-11.911738326487173,5.785524282972572,5.785524282972572,5.428520892148407,13,0.43333333333333335,5,10,6221,64.40533333333333,5.785524282972572,-0.08194373596368867,0.0025363635945664055,15341.0,83.40975527889631,6.542109378624242,-0.17160219648285846,7.4359097850293345,-8.317498215703557,6.149330841682351,1.2715729686189898,-0.14762831917919636,19|54|5|59|5|55|57|29|37|7,163,99
207,0.006465665722665464,-11.873757063399223,-11.911922203677753,5.773927586508569,5.7851194271272615,5.428520892148407,11,0.36666666666666664,2,8,6251,64.40533333333333,5.773927586508569,-0.08177729396227215,0.002529325593018706,15624.0,84.52817237099545,6.524375154639169,-0.17469346924483736,7.450005696595588,-8.319166646001756,6.4269286448720315,1.296431025972096,-0.15328305584383994,19|55|5|59|5|58|55|30|37|7,163,100
208,0.006401009065438809,-12.115742709084705,-12.115742709084705,5.770380079358062,5.770380079358062,5.428520892148407,13,0.43333333333333335,9,5,6281,64.40533333333333,5.770380079358062,-0.09134326629363894,0.002997599564385433,15199.0,83.06205719675134,6.524329883491419,-0.1756391102954012,6.639867036398029,-8.208157508480143,6.0100414846048436,1.2638449940300975,-0.15329749100712906,19|54|5|57|5|57|55|29|38|8,162,99
209,0.006336998974784421,-12.147694380644237,-12.155049192754042,5.775369795696608,5.774775511335141,5.336207973065691,10,0.3333333333333333,4,6,6311,64.40533333333333,5.775369795696608,-0.09173095100414293,0.0029401816982601867,15148.0,84.44126425117386,6.524537576596045,-0.174309026831095,6.607034161592724,-8.22176900129554,5.9600150253727815,1.294499396848903,-0.15323126596030945,19|56|5|57|5|55|54|29|39|7,162,97
210,0.0062736289850365765,-12.178708192775696,-12.178708192775696,5.739727123729765,5.739727123729765,5.336207973065691,5,0.16666666666666666,4,13,6341,64.40533333333333,5.739727123729765,-0.09209200748963142,0.002935971007189157,15143.0,84.10635724821222,6.524442328423884,-0.1838101137447053,6.576456421319509,-8.222767188708778,5.955110470546108,1.2870557181476483,-0.15326163680325203,18|56|5|57|5|55|55|29|38|7,160,97
211,0.006210892695186211,-12.180150867476383,-12.212391405288635,5.760676580977914,5.744628487301843,5.336207973065691,13,0.43333333333333335,4,9,6371,64.40533333333333,5.760676580977914,-0.09232112351574566,0.002923590264133299,15041.0,85.77405556343096,6.524547989482018,-0.17822572281316157,6.557052669772232,-8.225702170562446,5.855057552081983,1.3241221584410263,-0.15322794570631096,18|56|5|56|5|54|55|31|38|7,160,98
212,0.006148783768234348,-12.182861162597533,-12.212391405288635,5.75071095278418,5.744628487301843,5.336207973065691,8,0.26666666666666666,0,7,6401,64.40533333333333,5.75071095278418,-0.09259124791115458,0.002959478628074247,15032.0,85.34627563367046,6.5245850756709,-0.18088220995041862,6.534175934590206,-8.21719446658625,5.846229353393972,1.3146142761817021,-0.15321612039993177,20|55|5|56|5|56|54|30|38|5,161,97
213,0.006087295930552005,-12.237560810717437,-12.237560810717437,5.750298565382894,5.750298565382894,5.336207973065691,15,0.5,3,3,6431,64.40533333333333,5.750298565382894,-0.09271783663384359,0.0029650069130511478,14553.0,84.90799176548529,6.52462202037451,-0.18099213797560543,6.523455182465604,-8.215883930052543,5.3763730009987185,1.3048729322687262,-0.1532043402075622,19|52|5|57|5|55|53|31|37|5,161,96
214,0.006026422971246484,-12.215604021896214,-12.237560810717437,5.750298565382894,5.750298565382894,5.336207973065691,6,0.2,0,6,6461,64.40533333333333,5.750298565382894,-0.09271574073181041,0.0029641529580429074,14783.0,84.88207301836177,6.52462202037451,-0.18099213797560543,6.523632683633937,-8.216086368827158,5.601982523025667,1.3042968594359086,-0.1532043402075622,19|51|5|58|5|56|54|31|37|5,161,97
215,0.005966158741534019,-12.227115550185472,-12.237560810717437,5.740755729020724,5.750298565382894,5.336207973065691,6,0.2,0,7,6491,64.40533333333333,5.740755729020724,-0.09268083883706493,0.002972973330635871,14746.0,83.89307483312842,6.524575504300936,-0.18353592363128488,6.526588512196679,-8.213995409230778,5.565688817308288,1.2823152804844404,-0.15321917232804053,19|52|5|57|5|56|55|30|36|5,161,96
216,0.005906497154118679,-12.224722104885906,-12.237560810717437,5.746481466791906,5.750298565382894,5.336207973065691,5,0.16666666666666666,0,7,6521,64.40533333333333,5.746481466791906,-0.09268102114481755,0.002966777551940451,14785.0,83.89156538833652,6.524598407059995,-0.1820096426538332,6.52657307262051,-8.215464181982007,5.603944344956336,1.2822817314038035,-0.15321186955169794,20|52|5|56|5|57|55|30|36|5,161,97
217,0.005847432182577492,-12.257181456869764,-12.271427720355863,5.741612076512772,5.746591695136863,5.336207973065691,10,0.3333333333333333,4,7,6551,64.40533333333333,5.741612076512772,-0.0926096499267725,0.0029603701447266594,14524.0,83.39306298105106,6.5245733091126805,-0.18330765140865882,6.5326174746907615,-8.216983123439455,5.347926583004016,1.2712019638300576,-0.15321987228601572,19|52|5|56|5|56|54|30|36|5,159,98
218,0.005788957860751717,-12.283023842222617,-12.283023842222617,5.727485232711249,5.727485232711249,5.336207973065691,7,0.23333333333333334,3,4,6581,64.40533333333333,5.727485232711249,-0.0929681050389952,0.0029787893963652014,14579.0,81.50310574572504,6.524430878503751,-0.1870733727580046,6.502260043757698,-8.212616651324382,5.401876686097417,1.2291955731172017,-0.15326528772607997,18|52|5|56|5|55|57|29|35|5,159,97
219,0.0057310682821442,-12.305110418427448,-12.318877766009296,5.755732104962656,5.7404477643223055,5.303840092572175,9,0.3,5,4,6611,64.40533333333333,5.755732104962656,-0.09290260604231027,0.002948110695349377,14172.0,83.12257354214461,6.550031443409828,-0.17954374679315177,6.507807129571925,-8.219889351385223,5.002645923206251,1.2651900367652393,-0.14510228870611572,18|51|5|56|5|52|56|30|36|5,159,96
220,0.005673757599322758,-12.360484066775387,-12.360484066775387,5.765277985549219,5.765277985549219,5.303840092572175,14,0.4666666666666667,6,4,6641,64.40533333333333,5.765277985549219,-0.09253427077790938,0.0029378886958430113,13598.0,82.00901815162415,6.550096768417701,-0.17699914965396277,6.5390013069402615,-8.222312580986554,4.439603029104214,1.2404400361089862,-0.14508145916672058,22|51|5|55|5|50|54|29|34|5,158,95
221,0.0056170200233295305,-12.434934849793304,-12.434934849793304,5.724194528497206,5.724194528497206,5.303840092572175,10,0.3333333333333333,9,3,6671,64.40533333333333,5.724194528497206,-0.09306879885717369,0.0029634035359177744,13141.0,81.64444750712556,6.5244876407552885,-0.18795055914778186,6.493732321522729,-8.216264027011977,3.991326717946321,1.2323370501530087,-0.1532471885081381,20|51|5|53|5|52|51|28|34|6,158,91
222,0.005560849823096235,-12.450230173361692,-12.450230173361692,5.708837447268419,5.708837447268419,5.303840092572175,11,0.36666666666666664,4,3,6701,64.40533333333333,5.708837447268419,-0.09342797074506369,0.002945511978385722,13177.0,82.45183729073398,6.524401782975834,-0.19204421866999208,6.463314187123394,-8.220505403838354,4.026639512698365,1.2502821814363483,-0.15327456512940088,18|50|5|52|5|53|51|28|37|6,158,93
223,0.005505241324865273,-12.455487906497678,-12.463564261610385,5.718842979398565,5.711511661088076,5.303840092572175,7,0.23333333333333334,2,8,6731,64.40533333333333,5.718842979398565,-0.09339829996585193,0.0029415900188372096,13083.0,82.62150432579877,6.524484983466138,-0.18937709454209617,6.465826994445532,-8.22143514448912,3.9344338819569167,1.2540532190200606,-0.15324803581165702,19|52|5|53|5|52|47|29|37|6,158,93
224,0.00545018891161662,-12.4756504829514,-12.477037931354717,5.704995078505564,5.704379012971357,5.303840092572175,9,0.3,2,7,6761,64.40533333333333,5.704995078505564,-0.09334977017789986,0.00294493331081734,13031.0,81.27287601032842,6.524339438183322,-0.19306845949020848,6.4699369642457,-8.220642582907887,3.8834265117595197,1.2240784625085486,-0.15329444439698892,19|53|5|51|5|54|46|28|37|5,157,92
225,0.0053956870225004535,-12.465879121837448,-12.477037931354717,5.704651639698534,5.704379012971357,5.303840092572175,6,0.2,0,4,6791,64.40533333333333,5.704651639698534,-0.0933196794200647,0.002940778936400012,13158.0,81.10198030868602,6.524339438183322,-0.1931600082371187,6.472485339402189,-8.221627419881985,4.008002204357009,1.2202801164506814,-0.15329444439698892,19|54|5|51|5|54|47|28|36|5,156,94
226,0.005341730152275449,-12.501937471615275,-12.501937471615275,5.709363074777909,5.709363074777909,5.303840092572175,11,0.36666666666666664,6,3,6821,64.40533333333333,5.709363074777909,-0.09322898385604834,0.0029362326139955285,12801.0,80.74416798583827,6.524312299369518,-0.19190410480152292,6.480166313188527,-8.222705172137877,3.657816989732571,1.2123273416711906,-0.15330309788222643,20|52|5|49|5|55|46|28|36|5,154,94
227,0.005288312850752694,-12.50758188171041,-12.51380522011308,5.684006316983899,5.68906502395907,5.303840092572175,6,0.2,1,5,6851,64.40533333333333,5.684006316983899,-0.09311880355597883,0.0029675769859477522,12907.0,77.86574707988983,6.5442497469766545,-0.19866332756328375,6.489497442067689,-8.215274667968668,3.7617935520580343,1.1483512521855124,-0.14694584108438846,19|52|5|51|5|55|46|27|36|5,155,93
228,0.005235429722245167,-12.529119043884876,-12.533480806321665,5.677458067802175,5.674790969567846,5.303840092572175,11,0.36666666666666664,4,2,6881,64.45599999999999,5.677458067802175,-0.09282940353084804,0.0029901468874123614,12592.0,76.8348272182308,6.541792816127526,-0.20040886125013563,6.514006623204647,-8.209924241831974,3.452806597977648,1.125437917590922,-0.14772925833268516,19|50|5|51|6|56|44|26|36|5,155,92
229,0.0051830754250227155,-12.585498427176196,-12.585498427176196,5.676692790067695,5.676692790067695,5.303840092572175,13,0.43333333333333335,12,4,6911,64.40533333333333,5.676692790067695,-0.0935101173133152,0.0029881969172226527,12238.0,77.54631660163399,6.544246944213441,-0.20061285746779045,6.45635722462781,-8.210386502222661,3.105564116249214,1.1412515563699643,-0.1469467347737836,18|49|5|52|5|50|47|27|36|5,154,91
230,0.005131244670772488,-12.603776062678632,-12.603776062678632,5.678074585921321,5.678074585921321,5.303840092572175,15,0.5,2,1,6941,64.40533333333333,5.678074585921321,-0.09343349618937807,0.002992358281287583,11963.0,77.82552856389748,6.544301420115087,-0.2002445191312488,6.462846239287169,-8.209400008281062,2.8358136007822106,1.1474573511674957,-0.14692936458162661,18|45|5|53|5|48|49|27|36|5,153,91
231,0.005079932224064763,-12.622341622974888,-12.622341622974888,5.678915909861375,5.678915909861375,5.303840092572175,9,0.3,4,6,6971,64.40533333333333,5.678915909861375,-0.09328343677484428,0.002982929652233656,11706.0,78.47654495077111,6.527371564384216,-0.20002025166094275,6.475554715626977,-8.21163516129679,2.5837194826912286,1.161926910687856,-0.15232762029380542,18|43|5|52|5|47|50|26|37|5,153,90
232,0.005029132901824115,-12.650932036574535,-12.660240340805633,5.596117333097597,5.602061770904907,5.303840092572175,9,0.3,2,3,7001,64.63333333333334,5.596117333097597,-0.0938409834990722,0.0030148770727525228,11831.0,77.52501741563626,6.528977664030785,-0.2220914497711101,6.428336289677484,-8.20406169829288,2.7063333533580485,1.1407781583945162,-0.15181549917893908,17|44|5|55|5|48|49|24|35|5,154,89
233,0.004978841572805873,-12.677509582734617,-12.677509582734617,5.573354264424989,5.573354264424989,5.303840092572175,10,0.3333333333333333,7,0,7031,64.72600000000001,5.573354264424989,-0.09382682002947258,0.0030255404465402446,11554.0,77.37182938261824,6.545965911289967,-0.22815928593334078,6.429535788681632,-8.201533836400857,2.4346210159603756,1.1373733848646124,-0.1463986247374421,16|43|5|50|5|49|50|23|38|5,153,87
234,0.004929053157077814,-12.683823581164688,-12.690641960227582,5.579680524399182,5.594876292213672,5.303840092572175,11,0.36666666666666664,3,0,7061,64.67533333333334,5.579680524399182,-0.09396429997581005,0.0030177556699724564,11479.0,78.44306324312485,6.526924837852079,-0.22647292678751646,6.417892662852734,-8.203379297360529,2.361052693560284,1.1611827426893246,-0.1524700635663427,16|44|5|52|5|47|49|23|37|5,153,86
235,0.004879762625507036,-12.691791608933167,-12.699471644691767,5.598548989380323,5.606175054459212,5.303840092572175,8,0.26666666666666666,2,1,7091,64.63333333333334,5.598548989380323,-0.09411123231762741,0.0030075352467123554,11213.0,80.61385232639239,6.527163015420271,-0.22144325544640583,6.405449017145198,-8.205802153296549,2.100130376781291,1.209430931951241,-0.15239411824002436,16|44|5|50|5|45|49|24|38|5,152,86
236,0.004830964999251966,-12.705640084911149,-12.718883797214064,5.605849332082365,5.598072775148361,5.303840092572175,7,0.23333333333333334,4,2,7121,64.63333333333334,5.605849332082365,-0.09429422485215491,0.0029947836953085525,10934.0,82.96951628053182,6.522075280735631,-0.21949723999122975,6.389951447048517,-8.208825039064186,1.826456217452949,1.2617881697745095,-0.15401639389671096,16|43|5|50|5|45|47|24|38|5,150,86
237,0.004782655349259446,-12.725572028783045,-12.725572028783045,5.593411711459141,5.593411711459141,5.303840092572175,7,0.23333333333333334,2,2,7151,64.67533333333334,5.593411711459141,-0.09432022719769002,0.0030099338024351663,10850.0,81.6716031988232,6.52185579690284,-0.22281267365595883,6.3877493180182325,-8.205233551114135,1.744059696364846,1.232940615447613,-0.15408637853644627,15|43|5|52|5|44|46|24|37|5,151,84
238,0.004734828795766852,-12.744820348175129,-12.755065693916617,5.573492969723345,5.573492969723345,5.303840092572175,6,0.2,4,1,7181,64.67533333333334,5.573492969723345,-0.09419430116441965,0.0030342532195193226,10823.0,78.85173595993126,6.541829854954951,-0.22812231196303104,6.398413947220968,-8.19946838439419,1.717575100300813,1.1702659459994214,-0.1477174481279852,15|41|5|52|5|44|48|23|37|5,150,85
239,0.0046874805078091835,-12.751862677362688,-12.759899137698852,5.588205349962641,5.572996546401656,5.303840092572175,5,0.16666666666666666,2,2,7211,64.67533333333334,5.588205349962641,-0.09445513554296928,0.0030538519163905244,10706.0,78.8630359744928,6.5552513316780185,-0.2242005071250078,6.376323980132232,-8.194822312715532,1.6028085173566695,1.1705171013260396,-0.14343787454283874,15|43|5|51|5|43|47|23|37|5,150,85
240,0.004640605702731092,-12.757026074877778,-12.765518891197779,5.586757080345945,5.5861164199451645,5.303840092572175,6,0.2,2,1,7241,64.77066666666667,5.586757080345945,-0.09476283121853964,0.003063958014980357,10722.0,79.034505272591,6.555160155104536,-0.22458656503658553,6.350265347123459,-8.19242655861267,1.6185030928020225,1.1743281961997973,-0.14346694711536637,14|46|5|51|5|42|45|24|37|5,150,86
241,0.0045941996457037814,-12.793542903112511,-12.793542903112511,5.572870332245591,5.572870332245591,5.303840092572175,9,0.3,3,2,7271,64.77066666666667,5.572870332245591,-0.09499751069154487,0.00306382335694258,10514.0,79.01011322929745,6.541738678381469,-0.22828828528841236,6.330390429315792,-8.192458480678699,1.4144736120124342,1.1737860560488338,-0.14774652070051283,14|46|5|49|5|41|45|24|38|5,150,87
242,0.004548257649246743,-12.829220929424292,-12.830922655183278,5.568289809300326,5.57175738833978,5.303840092572175,10,0.3333333333333333,5,2,7301,64.77066666666667,5.568289809300326,-0.09511619604194987,0.0030696340649785875,10199.0,78.8946521342977,6.541710671389544,-0.22950929213810173,6.32033901086804,-8.191080992868338,1.1054866579320481,1.171219805459647,-0.14775545101312398,13|44|5|48|5|41|47|23|36|5,150,85
243,0.004502775072754275,-12.888094311683659,-12.888094311683659,5.564677340389421,5.564677340389421,5.303840092572175,7,0.23333333333333334,5,2,7331,64.80933333333334,5.564677340389421,-0.0954097973558031,0.0030757329118843444,10001.0,76.2629457909463,6.543584912180723,-0.2304722497167915,6.295474024142398,-8.189635198789908,0.9112662867958055,1.1127272201069156,-0.14715783038257535,12|46|5|48|5|40|47|23|32|5,149,83
244,0.004457747322026732,-12.922177374458935,-12.931277402258054,5.536898529880541,5.54545760202183,5.303840092572175,10,0.3333333333333333,9,1,7361,64.88866666666667,5.536898529880541,-0.09567075042689739,0.0030730300292349994,9879.0,75.91916177258659,6.552622729695755,-0.23787710682871366,6.273374005025935,-8.19027594478493,0.7915951490249892,1.1050862399163968,-0.14427603086805332,11|46|5|48|5|37|47|23|34|5,149,82
245,0.004413169848806465,-12.924760082316562,-12.931277402258054,5.54055166856505,5.54545760202183,5.303840092572175,6,0.2,0,1,7391,64.88866666666667,5.54055166856505,-0.09572104122852709,0.0030582407012987077,9968.0,75.5307442017332,6.559969956445245,-0.23690330811403587,6.269114895628455,-8.193781906335472,0.8788962249397649,1.0964532296365683,-0.14193329331614443,11|47|5|47|5|36|48|23|35|5,149,83
246,0.0043690381503184005,-12.923595176810089,-12.931277402258054,5.547866148934824,5.54545760202183,5.303840092572175,8,0.26666666666666666,0,1,7421,64.88399999999999,5.547866148934824,-0.09597233139527334,0.0030467542714976543,10023.0,76.74238220931385,6.537652336621858,-0.23495352405223008,6.247833224308846,-8.19650488207913,0.9328463280331657,1.1233832249812508,-0.14904949209592236,10|47|5|48|5|37|46|25|35|5,150,83
247,0.004325347768815217,-12.895771188522971,-12.931277402258054,5.558400328893558,5.54545760202183,5.303840092572175,6,0.2,0,2,7451,64.80933333333334,5.558400328893558,-0.0957994830463254,0.0030596364426873635,10141.0,76.74238220931385,6.5377418012706885,-0.23214548094466927,6.262471687079105,-8.193451031554401,1.0485938219426436,1.1233832249812508,-0.14902096538788273,11|47|5|49|5|37|46|25|35|5,152,83
248,0.0042820942911270645,-12.891967295126822,-12.931277402258054,5.542625788482495,5.54545760202183,5.303840092572175,8,0.26666666666666666,0,2,7481,64.80933333333334,5.542625788482495,-0.09563040597446457,0.0030332807582724385,10292.0,76.50844442209407,6.544848820741349,-0.23635042045108992,6.276790761787101,-8.199698916285541,1.1967113777081622,1.1181836988180254,-0.1467548203560559,11|47|5|50|5|37|48|25|33|5,153,83
249,0.004239273348215794,-12.928404219353121,-12.931277402258054,5.5464180379631385,5.54545760202183,5.303840092572175,10,0.3333333333333333,0,1,7511,64.80933333333334,5.5464180379631385,-0.09592811489598269,0.003035146905766016,9986.0,76.89145543539591,6.545057685267095,-0.23533953967460935,6.251577903286904,-8.199256526922866,0.896552622315787,1.1266965423741435,-0.1466882217897652,11|46|5|50|5|34|48|25|33|5,152,82
250,0.004196880614733636,-12.967314067920212,-12.975184302837569,5.546820666087606,5.5462880898026405,5.303840092572175,7,0.23333333333333334,4,3,7541,64.80933333333334,5.546820666087606,-0.09606664267841575,0.0030285089492193065,9707.0,76.65419977657542,6.545057685267095,-0.23523221313051673,6.239846036606456,-8.20083012245927,0.622878462987445,1.1214232728435076,-0.1466882217897652,11|44|5|48|5|34|49|25|33|5,151,80
251,0.004154911808586299,-12.999262557539144,-13.001620344162802,5.550707260593866,5.555648635419653,5.303840092572175,9,0.3,6,1,7571,64.80933333333334,5.550707260593866,-0.09608309758865378,0.003024682362894572,9315.0,77.37071714818387,6.545155143146719,-0.23419618327741573,6.238452476341786,-8.20173725391123,0.23836136457629786,1.137348664223668,-0.1466571463592514,11|40|5|48|5|35|47|25|34|5,148,79
252,0.004113362690500436,-13.015078328623158,-13.015078328623158,5.545416053294981,5.545416053294981,5.303840092572175,5,0.16666666666666666,3,1,7601,64.83800000000001,5.545416053294981,-0.09612993415735795,0.003029316079796132,9176.0,77.2827926034642,6.545109967711072,-0.23560663366316115,6.23448590465374,-8.200638783895352,0.10201474039479415,1.135394443932484,-0.1466715510037685,10|41|5|49|5|33|46|25|33|5,147,79
253,0.004072229063595432,-13.008968357857734,-13.018946850014693,5.549781629863065,5.548806254401039,5.303840092572175,4,0.13333333333333333,2,3,7631,64.83800000000001,5.549781629863065,-0.0960515985412955,0.0030232783103795297,9195.0,77.51866691308855,6.545152427584381,-0.23444292398281028,6.241120119017342,-8.202070098929871,0.12065204873615076,1.1406370114488311,-0.14665801224376537,10|41|5|47|5|34|47|26|33|5,147,80
254,0.0040315067729594775,-13.022111363716052,-13.026767096793908,5.534508122393006,5.534807966574222,5.303840092572175,8,0.26666666666666666,1,3,7661,64.83800000000001,5.534508122393006,-0.09597328085584043,0.003033823839735936,9160.0,76.26518640430598,6.544997880709575,-0.23851430567057227,6.247752814844435,-8.199570173266382,0.0863201649494412,1.1127770202179783,-0.14670729107773675,10|42|5|47|5|33|47|25|33|5,146,80
255,0.003991191705229883,-13.042900044606526,-13.044406837199258,5.5340739094070335,5.5340739094070335,5.303840092572175,9,0.3,3,0,7691,64.88399999999999,5.5340739094070335,-0.09606179110858762,0.0030571213203882167,9035.0,74.85208788429644,6.544962937736528,-0.2386300516315535,6.240256914261571,-8.19404726703675,-0.03629370571737869,1.0813693420770285,-0.14671843299807252,9|39|5|48|5|35|48|25|30|5,145,78
256,0.003951279788177584,-13.050393916093064,-13.050393916093064,5.5340739094070335,5.5340739094070335,5.303840092572175,2,0.06666666666666667,1,0,7721,64.88399999999999,5.5340739094070335,-0.09606407114122908,0.0030570359165965366,8960.0,74.85208788429644,6.544962937736528,-0.2386300516315535,6.240063819140095,-8.194067512879645,-0.10986202811747062,1.0813693420770285,-0.14671843299807252,9|38|5|47|5|35|49|25|30|5,145,77
257,0.003911766990295809,-13.041045767289004,-13.058116816504603,5.557446896743115,5.5340739094070335,5.303840092572175,8,0.26666666666666666,1,3,7751,64.88399999999999,5.557446896743115,-0.09612257183995639,0.0030516654684277097,8891.0,76.19274442351605,6.545029854635456,-0.2323996325339783,6.235109416592624,-8.195340632582596,-0.17754488472555519,1.1111669170409346,-0.1466970958681158,8|36|5|47|5|34|49|27|31|5,145,76
258,0.0038726493203928504,-13.052956851404614,-13.058116816504603,5.546222962775786,5.5340739094070335,5.2627340740061666,7,0.23333333333333334,0,0,7781,64.88399999999999,5.546222962775786,-0.09617061865034869,0.0030773458286610994,8723.0,75.96059141539044,6.545023613942947,-0.2353915398813123,6.231040349983435,-8.189252840360378,-0.3423379269017611,1.1060070595678597,-0.14669908577603485,9|35|5|46|5|33|50|26|31|5,144,75
259,0.003833922827188922,-13.042019024941117,-13.058116816504603,5.544227972673903,5.5340739094070335,5.2627340740061666,9,0.3,0,1,7811,64.88399999999999,5.544227972673903,-0.09637770574681956,0.003074864367767173,8832.0,76.92486328122676,6.545069170099415,-0.23592333430927817,6.213502220343545,-8.189841096062109,-0.23541863168029417,1.1274390687121023,-0.1466845597348334,9|36|5|44|5|35|49|27|33|5,144,76
260,0.0037955835989170327,-13.046699904295147,-13.063651394542028,5.53539951076618,5.53539951076618,5.2627340740061666,6,0.2,1,0,7841,64.88399999999999,5.53539951076618,-0.09627811487922144,0.0030802403091349712,8797.0,76.4171226910503,6.544957616320995,-0.23827669277737523,6.221936534101625,-8.188566674140121,-0.26975051546700374,1.116153972301945,-0.14672012978523097,9|35|5|45|5|35|49|26|33|5,142,77
261,0.0037576277629278623,-13.048792760770706,-13.063651394542028,5.551498468139189,5.53539951076618,5.2627340740061666,8,0.26666666666666666,0,1,7871,64.88399999999999,5.551498468139189,-0.09665695628054846,0.003072548532085833,8824.0,77.37352549195644,6.545130162463681,-0.23398527508114422,6.18985259588114,-8.190390088612082,-0.24326591940297065,1.137411082771327,-0.14666511170266872,9|37|5|46|5|34|47|27|33|5,142,78
262,0.0037200514852985837,-13.104799898594042,-13.1051753403548,5.547011985570806,5.547011985570806,5.2627340740061666,12,0.4,8,1,7901,64.88399999999999,5.547011985570806,-0.09641629286419603,0.003051647179636261,8415.0,76.22030094298026,6.531599568194303,-0.23518121406288678,6.210234291638613,-8.195344968127786,-0.6444585042248053,1.1117793911761498,-0.15097947852096696,10|37|5|44|5|31|47|26|33|5,141,76
263,0.0036828509704455977,-13.1157143649792,-13.115797140113559,5.53820714846143,5.53820714846143,5.2627340740061666,6,0.2,4,2,7931,64.83800000000001,5.53820714846143,-0.09645169716957487,0.0030548673747394046,8303.0,76.22030094298026,6.546598156021119,-0.23752827498789786,6.207235914105073,-8.194581587921094,-0.7543205323422759,1.1117793911761498,-0.1461970271109949,11|38|5|43|5|32|45|26|33|5,141,75
264,0.0036460224607411415,-13.113904850050048,-13.117675367363184,5.540696161803191,5.541600285165097,5.2627340740061666,6,0.2,1,0,7961,64.83800000000001,5.540696161803191,-0.09620960237165507,0.0030509558492021146,8228.0,76.2299055127407,6.5465931521012015,-0.23686479128187243,6.227738833038304,-8.19550885508271,-0.8278888547423678,1.1119928633661258,-0.14619862266146547,11|39|5|43|5|31|44|26|33|5,141,75
265,0.00360956223613373,-13.15561410777278,-13.16097616879114,5.544641860860005,5.541155164787361,5.2627340740061666,10,0.3333333333333333,2,0,7991,64.83800000000001,5.544641860860005,-0.09716829124700938,0.0030559168795073186,8296.0,75.45874756654072,6.530172529177988,-0.23581300622746867,6.1465478266124185,-8.194332792074569,-0.7611869090996178,1.094853024758184,-0.15143450434302866,10|40|5|42|5|30|44|25|36|5,142,74
266,0.0035734666137723927,-13.163179533881593,-13.163179533881593,5.535887363886396,5.535887363886396,5.2627340740061666,6,0.2,1,0,8021,64.88399999999999,5.535887363886396,-0.09722204245329477,0.0030820290230419594,8358.0,73.53567561998,6.529881191195618,-0.23814664823692777,6.141995656823963,-8.188142641201651,-0.7003704292488752,1.0521106229481099,-0.15152740040502138,9|41|5|40|5|32|45|24|36|5,143,74
267,0.0035377319476346688,-13.145280124101651,-13.163179533881593,5.538416042641074,5.535887363886396,5.2627340740061666,5,0.16666666666666666,0,2,8051,64.88399999999999,5.538416042641074,-0.09702995611830065,0.003084723491725321,8441.0,73.47884456255004,6.531787952826721,-0.2374725911222665,6.1582633775201785,-8.187503889823379,-0.6189548191261068,1.050847489815568,-0.15091941017577823,9|41|5|41|5|33|44|23|37|5,144,74
268,0.003502354628158322,-13.145552382643602,-13.163179533881593,5.529973396626383,5.535887363886396,5.2627340740061666,8,0.26666666666666666,0,2,8081,64.88399999999999,5.529973396626383,-0.09705296948560588,0.003100112112091645,8346.0,73.9493049769473,6.530201641856208,-0.23972310459782858,6.1563143839511545,-8.183855859868764,-0.7121413608328899,1.0613039930700952,-0.15142522147116033,8|40|5|41|5|35|41|24|38|5,143,75
269,0.0034673310818767386,-13.16683863585957,-13.16683863585957,5.541710836520537,5.541710836520537,5.2627340740061666,9,0.3,2,3,8111,64.93466666666666,5.541710836520537,-0.09727059010892783,0.0031057263441910303,8284.0,72.53211591022657,6.5550977315433405,-0.23659431457104893,6.137884173816498,-8.182524948690036,-0.7729578406836326,1.0298053980024722,-0.1434868514991459,8|41|5|42|5|34|42|22|36|5,144,73
270,0.0034326577710579714,-13.19211954717746,-13.207228036490246,5.53909852077489,5.5355809550595545,5.047532805039233,9,0.3,4,0,8141,64.93466666666666,5.53909852077489,-0.09738596905385889,0.003101713790777891,8144.0,72.16644932764979,6.5550977315433405,-0.2372906663756577,6.128112773625953,-8.183476165543604,-0.9102853758304709,1.0216780536100973,-0.1434868514991459,8|42|5|42|5|34|41|22|34|5,142,72
271,0.0033983311933473916,-13.202113492007697,-13.207228036490246,5.53055943687844,5.5355809550595545,5.047532805039233,7,0.23333333333333334,0,0,8171,64.93466666666666,5.53055943687844,-0.09762371320219217,0.003111553143987568,8122.0,72.15431235562987,6.554955674245915,-0.23956688680992405,6.107978309597767,-8.181143646163148,-0.9318654170678311,1.0214082959779085,-0.1435321479050619,6|40|5|45|5|35|39|22|34|5,141,71
272,0.0033643478814139177,-13.229087910403324,-13.229745139640903,5.540554231621564,5.532500682260627,4.890327387938993,7,0.23333333333333334,2,0,8201,64.93466666666666,5.540554231621564,-0.09780104853774221,0.0031037663748251136,8033.0,71.47528237466396,6.5413987716573665,-0.23690262489301575,6.092959845591017,-8.18298957948778,-1.019166492982607,1.0063161033329906,-0.14785490339698482,7|42|5|44|5|35|40|22|30|5,141,71
273,0.0033307044025997785,-13.229998875155784,-13.236933757868886,5.531362296776766,5.540554231621564,4.890327387938993,6,0.2,1,2,8231,64.88399999999999,5.531362296776766,-0.09774868654131132,0.0030999212516026713,8009.0,71.870432963419,6.535803416535844,-0.2393528725048084,6.097394363710487,-8.183901105301059,-1.0427083561506363,1.0150987623854828,-0.14963903896355982,7|44|5|42|5|36|38|22|31|5,141,72
274,0.0032973973585737806,-13.272006689354768,-13.272006689354768,5.499657230121803,5.499657230121803,4.890327387938993,5,0.16666666666666666,3,1,8261,64.97066666666667,5.499657230121803,-0.09860328573141605,0.003119152830723156,7979.0,71.47594425056462,6.541072884303379,-0.2478043318726931,6.0250186742463665,-8.179342062642522,-1.0721356851106731,1.0063308142572205,-0.14795881587551724,6|46|5|41|5|35|39|22|29|5,140,71
275,0.0032644233849880426,-13.296671191172766,-13.296671191172766,5.499657230121803,5.499657230121803,4.890327387938993,3,0.1,3,0,8291,64.97066666666667,5.499657230121803,-0.09874186760898643,0.0031138521614468644,7813.0,71.47594425056462,6.541072884303379,-0.2478043318726931,6.013282226268737,-8.180598640544837,-1.23496690535621,1.0063308142572205,-0.14795881587551724,6|46|5|39|5|36|38|22|29|5,139,71
276,0.003231779151138162,-13.290159429562744,-13.30570387474245,5.504850888685557,5.499657230121803,4.873909940301228,2,0.06666666666666667,1,0,8321,64.97066666666667,5.504850888685557,-0.09870557495618212,0.0031150764558287337,7781.0,71.76753489679963,6.559315983354443,-0.24641988456022035,6.016355837617318,-8.18030840903142,-1.2663560562469158,1.0128117390025093,-0.142141819249806,6|45|5|39|5|36|38|22|30|5,138,72
277,0.0031994613596267804,-13.29306247457579,-13.30570387474245,5.504092933015144,5.499657230121803,4.873909940301228,6,0.2,0,0,8351,64.97066666666667,5.504092933015144,-0.09873624658859045,0.0031181088305207924,7768.0,71.62734705735255,6.559273157480301,-0.2466219289722655,6.013758268407978,-8.179589553575445,-1.279107898796265,1.0096959091588835,-0.14215547471287618,5|43|5|41|5|37|38|22|29|5,137,72
278,0.0031674667460305124,-13.319450211103863,-13.326942249845448,5.503216849180558,5.503216849180558,4.873909940301228,9,0.3,4,0,8381,65.02133333333333,5.503216849180558,-0.09894407423661664,0.0031246284322891684,7692.0,70.09777352598489,6.584414582479003,-0.24685546221196641,5.996157421730651,-8.178044015250563,-1.3536571321616915,0.9756994450158265,-0.13413887709568087,5|42|5|41|5|35|41|20|29|5,134,72
279,0.0031357920785702073,-13.343249571031844,-13.343742598435554,5.503970876174064,5.503970876174064,4.873909940301228,6,0.2,5,0,8411,65.02133333333333,5.503970876174064,-0.09903257984391575,0.0031165420250417594,7510.0,70.41011073870857,6.571637112165868,-0.2466544650474673,5.988661914569066,-8.179960980849918,-1.5321829278525814,0.982641485156524,-0.13821310272415463,5|38|5|41|5|36|42|21|28|5,134,71
280,0.003104434157784505,-13.356189932947725,-13.360972145207413,5.508716449955644,5.512490897755418,4.873909940301228,5,0.16666666666666666,4,2,8441,64.97066666666667,5.508716449955644,-0.09887746462848565,0.0031077413386615725,7282.0,71.25843012263294,6.548656793149157,-0.2453894614305755,6.00179856481765,-8.182047273628077,-1.7558306279488607,1.0014963220937574,-0.14554060984363026,6|37|5|38|5|36|43|22|27|5,134,69
281,0.00307338981620666,-13.4480531187218,-13.4480531187218,5.498690752014182,5.498690752014182,4.873909940301228,8,0.26666666666666666,4,1,8471,64.97066666666667,5.498690752014182,-0.10042641279748979,0.003087575686043023,7211.0,70.40760265267751,6.5635846260522905,-0.2480619610568674,5.870618717031787,-8.186827747969225,-1.8254753064876146,0.9825857401693927,-0.14078071935662215,5|37|5|38|5|34|45|21|26|5,134,67
282,0.0030426559180445935,-13.46457506937501,-13.473499207522787,5.479086897007565,5.479086897007565,4.873909940301228,7,0.23333333333333334,5,0,8501,65.02133333333333,5.479086897007565,-0.10030758039319096,0.0030979245957618723,7117.0,69.0677961076847,6.5816181659742705,-0.25328766160010835,5.880682589419441,-8.184374433003148,-1.917680937229063,0.9528070572676598,-0.1350305427785003,5|35|5|38|5|34|46|20|26|5,134,65
283,0.0030122293588641475,-13.468444057029926,-13.48132191778873,5.479086897007565,5.479086897007565,4.873909940301228,7,0.23333333333333334,2,0,8531,65.02133333333333,5.479086897007565,-0.10036412035311304,0.0030995187802757,7099.0,69.02595258673361,6.5816181659742705,-0.25328766160010835,5.875894241116499,-8.183996515248262,-1.935337334605085,0.9518770387164359,-0.1350305427785003,5|37|5|40|5|34|43|20|25|5,134,65
284,0.0029821070652755063,-13.495136589620165,-13.502885786246303,5.4781345204100935,5.4781345204100935,4.8695273520447335,8,0.26666666666666666,5,0,8561,65.02133333333333,5.4781345204100935,-0.10082627195275273,0.0030579723596508854,7020.0,71.45934374451652,6.541072870739638,-0.2535415318159968,5.836754793000746,-8.193845519469466,-2.0128293008665152,1.0059618496425435,-0.14795882020045303,5|38|5|40|5|31|43|21|25|5,132,65
285,0.002952285994622751,-13.481531915517085,-13.502885786246303,5.496541262456487,5.4781345204100935,4.8695273520447335,6,0.2,0,0,8591,65.02133333333333,5.496541262456487,-0.10052354074705058,0.003058153397496968,6973.0,71.49369494053816,6.5412088932976875,-0.24863493962386587,5.862392986891747,-8.193802602595198,-2.0589321162372394,1.00672534298227,-0.14791544803221682,6|38|5|39|5|32|42|22|25|5,133,65
286,0.0029227631346765235,-13.484659641080023,-13.502885786246303,5.491228438589508,5.4781345204100935,4.8695273520447335,3,0.1,0,0,8621,65.02133333333333,5.491228438589508,-0.10041989991008378,0.0030614118504077256,6928.0,71.20388518632417,6.541144327708879,-0.25005115222890933,5.871170291058384,-8.193030152983654,-2.1030731096772945,1.0002840005326301,-0.1479360354231632,6|37|5|39|5|31|43|21|26|5,133,64
287,0.002893535503329758,-13.496433958388778,-13.502885786246303,5.495886500508624,5.4781345204100935,4.8695273520447335,5,0.16666666666666666,0,1,8651,65.02133333333333,5.495886500508624,-0.10064707960048531,0.003059960490571223,6952.0,70.74797240836158,6.5411719556497125,-0.24880947620687396,5.85193052706675,-8.193374212687022,-2.0795312465092652,0.9901508345942079,-0.14792722597482574,6|38|5|39|5|31|43|21|25|5,133,64
288,0.0028646001482964603,-13.501818652032222,-13.502885786246303,5.483453288225292,5.4781345204100935,4.813241438442473,6,0.2,0,1,8681,65.02133333333333,5.483453288225292,-0.10051787086084878,0.0030635523853711237,6930.0,69.78825225288091,6.563618658882401,-0.25212373476271954,5.862873167458017,-8.192522717263007,-2.1011112877466256,0.9688199922488947,-0.14076986764456587,6|39|5|40|5|30|43|18|25|5,133,63
289,0.0028359541468134957,-13.523337687503307,-13.523337687503307,5.455597065673547,5.455597065673547,4.813241438442473,6,0.2,4,0,8711,65.02133333333333,5.455597065673547,-0.10050996030637256,0.0030720286803507324,6777.0,69.48321186072455,6.563308610332396,-0.25954922721163637,5.8635431093920705,-8.190513324786377,-2.251190665442813,0.962040132018929,-0.14086872976026976,5|39|5|40|5|31|41|17|25|5,132,63
290,0.0028075946053453607,-13.539314845148374,-13.54402912538936,5.465654682974628,5.4821145788620385,4.813241438442473,7,0.23333333333333334,3,0,8741,65.02133333333333,5.465654682974628,-0.10085409865841206,0.003062702754147562,6738.0,70.17737241511861,6.541024425367128,-0.2568682190029842,5.834398159586007,-8.192724131040208,-2.289446193090861,0.9774686183996272,-0.14797426749740808,5|40|5|39|5|30|42|18|23|5,131,63
291,0.002779518659291907,-13.545333660257773,-13.545333660257773,5.465654682974628,5.465654682974628,4.813241438442473,3,0.1,1,0,8771,65.02133333333333,5.465654682974628,-0.10079927135636468,0.003061564965729674,6659.0,70.17270927943993,6.541024425367128,-0.2568682190029842,5.839041463526712,-8.192993855429508,-2.366938159352291,0.9773649750496061,-0.14797426749740808,5|39|5|39|5|30|42|18|23|5,131,62
292,0.0027517234726989878,-13.557944632051717,-13.557944632051717,5.465800155034455,5.465800155034455,4.813241438442473,3,0.1,3,1,8801,65.02133333333333,5.465800155034455,-0.10092146919547954,0.003049602697400837,6643.0,70.15162679077628,6.541024425367128,-0.256829441251271,5.828692573708692,-8.195829633566206,-2.382632734797644,0.9768963934121745,-0.14797426749740808,5|40|5|39|5|29|41|18|24|5,131,62
293,0.002724206237971998,-13.584689219112382,-13.584689219112382,5.460204246149085,5.460204246149085,4.813241438442473,4,0.13333333333333333,2,1,8831,65.02133333333333,5.460204246149085,-0.10124175585374987,0.003038928099103452,6600.0,69.93463225117607,6.541024425367128,-0.2583211143988399,5.801567615029954,-8.198360156343126,-2.42481190630703,0.9720734496742808,-0.14797426749740808,5|41|5|38|5|29|41|18|23|5,130,62
294,0.0026969641755922777,-13.592840447768399,-13.5955658971095,5.467053425208631,5.455022365039762,4.813241438442473,8,0.26666666666666666,2,0,8861,65.02133333333333,5.467053425208631,-0.10105838388374129,0.0030371918515025463,6491.0,69.37339369967508,6.54108941984522,-0.2564953633554793,5.8170973193772495,-8.198771751606767,-2.531731201528497,0.9595993018804546,-0.14795354335077637,6|39|5|40|5|29|40|17|23|5,129,60
295,0.002669994533836355,-13.618556116284529,-13.618556116284529,5.4589638546956385,5.4589638546956385,4.813241438442473,5,0.16666666666666666,5,1,8891,65.02133333333333,5.4589638546956385,-0.10132790790275241,0.003032084327648805,6412.0,69.19649345550548,6.541028905741427,-0.25865175927914125,5.794271429850395,-8.199982542409895,-2.6092231677899274,0.955667498221148,-0.14797283888475285,6|39|5|40|5|29|39|17|23|5,129,59
296,0.0026432945884979917,-13.664572839600053,-13.664572839600053,5.450678030363335,5.450678030363335,4.813241438442473,6,0.2,5,0,8921,65.056,5.450678030363335,-0.10163139561985242,0.0030140366270352743,6195.0,69.09661096393863,6.54100174621141,-0.26086046959147025,5.768569167288791,-8.204260934551803,-2.8220808472675265,0.953447499330323,-0.1479814989755643,6|37|5|39|5|29|39|16|24|5,129,58
297,0.0026168616426130117,-13.66804243219187,-13.66804243219187,5.468549695998403,5.468549695998403,4.813241438442473,5,0.16666666666666666,2,0,8951,65.056,5.468549695998403,-0.10168432978642764,0.003004666573312816,6056.0,70.18418620152146,6.540994536213253,-0.25609651001381206,5.76408619229133,-8.206482201685711,-2.9584274714490304,0.9776200623415968,-0.14798379795639163,6|36|5|38|5|28|39|18|24|5,129,57
298,0.0025906930261868815,-13.668325819736127,-13.668325819736127,5.476794335142235,5.476794335142235,4.813241438442473,5,0.16666666666666666,1,1,8981,65.056,5.476794335142235,-0.10174538555535143,0.0030085134423497918,6051.0,70.01602266986544,6.545006717742492,-0.25389877822900736,5.75891540179353,-8.205570262009228,-2.9633320262757032,0.9738824417847074,-0.14670447330042188,7|36|5|39|5|29|37|18|24|5,129,58
299,0.0025647860959250126,-13.685625743007153,-13.685625743007153,5.47035963906886,5.47035963906886,4.813241438442473,4,0.13333333333333333,3,0,9011,65.056,5.47035963906886,-0.10169230537369052,0.0030271509037787235,6050.0,66.86738662339579,6.597821851611627,-0.25561404263771026,5.763410742754616,-8.201152061030047,-2.9643129372410377,0.9039005218193227,-0.1298638337444291,7|35|5|39|5|29|39|17|23|5,128,58
300,0.0025391382349657624,-13.70427675580212,-13.70427675580212,5.487649890757899,5.487649890757899,4.813241438442473,8,0.26666666666666666,4,0,9041,65.02133333333333,5.487649890757899,-0.10284134322729907,0.0030659433928813457,6046.0,67.53481528462187,6.597688179991009,-0.25100506763694225,5.6660991517325145,-8.191955904461638,-2.9682365811023756,0.9187348622966535,-0.12990645629249017,5|33|5|42|5|29|38|18|22|5,128,57
301,0.0025137468526161048,-13.700714903677532,-13.71438899884412,5.49798146779801,5.486311251879934,4.813241438442473,9,0.3,1,2,9071,65.056,5.49798146779801,-0.10331525033719238,0.0030452708325654685,6161.0,69.80693822552581,6.560969316580821,-0.24825103136536086,5.6259641337994015,-8.196856546460447,-2.8554318200889015,0.9692353086661659,-0.1416146372303422,5|32|5|42|5|30|38|20|23|5,129,58
302,0.0024886093840899436,-13.713656143678847,-13.71438899884412,5.497778320976838,5.486311251879934,4.813241438442473,3,0.1,0,0,9101,65.056,5.497778320976838,-0.10333602831853936,0.003046014906097646,6041.0,69.75392873328754,6.560969316580821,-0.24830518318669387,5.6242044542407585,-8.196680156214331,-2.9731411359290485,0.9680571140484094,-0.1416146372303422,5|32|5|42|5|30|37|20|22|5,129,56
303,0.002463723290249044,-13.735043052597879,-13.735043052597879,5.4987004344933315,5.4987004344933315,4.813241438442473,6,0.2,6,0,9131,65.02133333333333,5.4987004344933315,-0.10331074123195605,0.0030420465823065073,5851.0,69.74840838725463,6.547650816085491,-0.24805938004733982,5.626346008254847,-8.197620887983332,-3.159514219342615,0.9679344182497986,-0.1458613758038715,5|33|5|40|5|29|36|21|22|5,126,56
304,0.0024390860573465538,-13.743768261319966,-13.743768261319966,5.495624493124808,5.495624493124808,4.813241438442473,3,0.1,2,0,9161,65.02133333333333,5.495624493124808,-0.10327113319529786,0.00304712819933413,5780.0,69.29454463123717,6.5477544083097525,-0.2488793181908858,5.629700398236314,-8.196416238658482,-3.229158897881369,0.9578467940912633,-0.14582834437553283,5|33|5|40|5|29|35|21|22|5,125,57
305,0.0024146951967730884,-13.745727803304183,-13.746869378758298,5.49668357525085,5.502365113791202,4.813241438442473,5,0.16666666666666666,2,0,9191,65.02133333333333,5.49668357525085,-0.10329700611333396,0.0030649720929296215,5718.0,69.08481843835739,6.540264722094329,-0.24859700402157958,5.62750923037307,-8.192186161056087,-3.289975377732111,0.9531853974013492,-0.1482165065688535,6|32|5|39|5|29|36|22|21|5,126,56
306,0.0023905482448053576,-13.785705753217718,-13.788136220262121,5.495900678049192,5.495599036791588,4.813241438442473,10,0.3333333333333333,5,0,9221,65.056,5.495900678049192,-0.10356878261040843,0.003040042394137032,5535.0,69.21993232695954,6.540314222713893,-0.248805696971544,5.604492579311773,-8.198096001301021,-3.4694820843883356,0.9561884530733343,-0.14820072279570345,6|30|5|40|5|27|35|23|21|5,125,55
307,0.002366642762357304,-13.802467261174613,-13.809389570138858,5.49127995592268,5.49127995592268,4.813241438442473,3,0.1,1,0,9251,65.056,5.49127995592268,-0.10392702721705963,0.0030172803609006095,5638.0,69.20927178146506,6.543118276026746,-0.2500374195137953,5.574152976017736,-8.203491974240622,-3.368448254958876,0.955951510654277,-0.14730662203938327,6|31|5|42|5|26|34|23|21|5,126,55
308,0.002342976334733731,-13.802601651724528,-13.809389570138858,5.490027464687101,5.49127995592268,4.813241438442473,1,0.03333333333333333,0,0,9281,65.056,5.490027464687101,-0.10402262107739971,0.0030208785839773364,5682.0,69.04958430666895,6.543118276026746,-0.2503712897718625,5.566057167326644,-8.202638978633814,-3.3252881724841554,0.9524022798394973,-0.14730662203938327,6|31|5|43|5|26|34|23|20|5,126,55
309,0.0023195465713863935,-13.811921175918682,-13.811921175918682,5.4911078073570305,5.4911078073570305,4.813241438442473,8,0.26666666666666666,1,0,9311,65.056,5.4911078073570305,-0.10442934920814018,0.003017157538408556,5655.0,70.17167169030851,6.540347082685547,-0.2500833082868315,5.531611512301875,-8.203521090569406,-3.3517727685481886,0.9773419134831118,-0.14819024506142722,5|32|5|43|5|28|31|24|19|5,126,55
310,0.0022963511056725296,-13.817048137062013,-13.817048137062013,5.504753232490616,5.504753232490616,4.813241438442473,2,0.06666666666666667,2,0,9341,65.056,5.504753232490616,-0.10460657817915538,0.0030055323299284843,5637.0,70.71235537936575,6.54040426943079,-0.24644591627851165,5.516602056268258,-8.20627696521927,-3.3694291659242106,0.9893592067160396,-0.1481720104893743,5|31|5|43|5|27|31|26|19|5,126,55
311,0.0022733875946158045,-13.868863913429779,-13.868863913429779,5.499709259168282,5.499709259168282,4.813241438442473,7,0.23333333333333334,5,0,9371,65.056,5.499709259168282,-0.10491316365915196,0.002961900150179533,5483.0,70.5597433134154,6.5404042694309465,-0.2477904627527494,5.490637445312189,-8.216620419987818,-3.5204894545857326,0.9859672346914977,-0.14817201048932446,5|30|5|43|5|25|31|26|19|6,126,54
312,0.0022506537186696464,-14.062703531197068,-14.062703531197068,5.1976711248799115,5.1976711248799115,4.813241438442473,4,0.13333333333333333,3,1,9401,63.30400000000001,5.1976711248799115,-0.10609588927688747,0.002838622360035007,5515.0,69.87551445648712,6.5383277416115915,-0.3283032415861691,5.390472850000562,-8.245844681843698,-3.4891003036950266,0.9707594912759798,-0.14883413238454485,5|33|5|42|5|26|30|25|19|5,126,54
313,0.00222814718148295,-14.070836507083811,-14.070836507083811,5.197696985483105,5.197696985483105,4.813241438442473,2,0.06666666666666667,2,0,9431,63.30400000000001,5.197696985483105,-0.10611245657850299,0.0028372121072873045,5443.0,69.9018671199993,6.538327741611565,-0.3282963480558857,5.389069771351686,-8.24617899669095,-3.559725893199115,0.9713452083806453,-0.14883413238455334,5|33|5|40|5|27|30|25|20|5,126,54
314,0.0022058657096681203,-14.075402318549706,-14.07641799252476,5.198459877764538,5.198459877764538,4.813241438442473,7,0.23333333333333334,4,1,9461,63.30400000000001,5.198459877764538,-0.1059979214719076,0.0028379408722894062,5330.0,69.97437574560391,6.540296251013992,-0.3280929877163927,5.398769707185549,-8.246006235488565,-3.67056883228192,0.9729567928124349,-0.1482064532539654,5|33|5|38|5|26|31|24|22|5,125,54
315,0.0021838070525714392,-14.078772589706688,-14.081972740234624,5.207706361113884,5.2071656745516615,4.813241438442473,4,0.13333333333333333,2,1,9491,63.30400000000001,5.207706361113884,-0.10578202685696345,0.002828324941141398,5223.0,69.98051705786561,6.540356034833144,-0.32562819938545307,5.417053742308797,-8.248285790382662,-3.775526305572718,0.9730932902725535,-0.1481873905786323,6|34|5|36|5|24|32|24|22|5,124,54
316,0.002161968982045725,-14.112056324529911,-14.112056324529911,5.191728873295205,5.191728873295205,4.813241438442473,6,0.2,5,1,9521,63.30400000000001,5.191728873295205,-0.10605015216193517,0.00283021275620025,5055.0,69.77386000310031,6.541672368366526,-0.3298872375565428,5.394346309356833,-8.24783826450188,-3.940319347748924,0.9685001085731052,-0.14776766431937355,5|34|5|36|5|23|31|23|22|5,122,52
317,0.0021403492922252676,-14.12746144573171,-14.12746144573171,5.15358446401759,5.15358446401759,4.813241438442473,5,0.16666666666666666,4,1,9551,63.30400000000001,5.15358446401759,-0.10603592569462957,0.002861025652177477,5026.0,67.90380808473311,6.561606047951286,-0.3400551999402859,5.39555114361341,-8.240533752152002,-3.968765765743626,0.9269361355540506,-0.1414116089935766,5|33|5|36|5|22|33|22|22|5,122,51
318,0.002118945799303015,-14.13140626431839,-14.132389107729068,5.154466688627098,5.154466688627098,4.813241438442473,5,0.16666666666666666,4,1,9581,63.30400000000001,5.154466688627098,-0.10622295687798686,0.0028729433432281492,5047.0,67.5465235406877,6.561606047951552,-0.33982002978525216,5.379711541840426,-8.237708541515325,-3.9481666354716003,0.9189950912424066,-0.14141160899349164,5|33|5|38|5|21|33|22|20|5,122,50
319,0.0020977563413099847,-14.132853144736579,-14.133396596104632,5.154466688627098,5.154466688627098,4.813241438442473,7,0.23333333333333334,2,0,9611,63.30400000000001,5.154466688627098,-0.10640385429709812,0.0028699289717383667,5166.0,67.18384392203461,6.561606047951552,-0.33982002978525216,5.364391406293781,-8.238423129127943,-3.831438230596788,0.9109341354281852,-0.14141160899349164,5|36|5|35|5|21|36|22|18|5,122,51
320,0.002076778777896885,-14.136446833413043,-14.13733600913026,5.146595925482669,5.149529141401926,4.813241438442473,5,0.16666666666666666,1,0,9641,63.30400000000001,5.146595925482669,-0.10650834464237266,0.002879014183323407,5193.0,66.7135221322589,6.5691314290042415,-0.3419180993346178,5.355542157582626,-8.236269386737964,-3.8049536345327546,0.9004807132592545,-0.13901206514032538,5|35|5|37|5|21|37|20|17|5,122,50
321,0.002056010990117916,-14.143945408476513,-14.144666759483199,5.146682614462242,5.146682614462242,4.813241438442473,6,0.2,3,0,9671,63.30400000000001,5.146682614462242,-0.10668132412279525,0.002882636794100008,5174.0,66.7089579256864,6.569131429004176,-0.34189499109149435,5.340892589336257,-8.235410609777302,-3.8235909428741115,0.9003792687180793,-0.13901206514034634,5|35|5|36|5|22|38|20|15|5,122,49
322,0.002035450880216737,-14.15106864653819,-14.153144603952581,5.163179143400699,5.157135154749613,4.813241438442473,6,0.2,2,6,9701,63.332666666666675,5.163179143400699,-0.10680277258159498,0.0028277856184571906,5009.0,70.57053473582926,6.524593187012884,-0.33749759475255064,5.330607164260078,-8.24841364234472,-3.9854412521543137,0.9862070859948981,-0.15321353401650983,6|36|5|34|5|21|36|22|15|5,121,48
323,0.0020150963714145697,-14.167030499781001,-14.167030499781001,5.1579531403161605,5.1579531403161605,4.813241438442473,4,0.13333333333333333,2,1,9731,63.332666666666675,5.1579531403161605,-0.10681410163910884,0.0028137644630773237,4998.0,70.02413325017268,6.5227732695485185,-0.33889066398044654,5.329647710567589,-8.251737500728805,-3.996231272772994,0.9740627084060499,-0.15379383310492967,5|36|5|34|5|22|36|21|15|5,121,47
324,0.001994945407700424,-14.186333362011036,-14.186333362011036,5.165289551789092,5.165289551789092,4.813241438442473,5,0.16666666666666666,4,2,9761,63.332666666666675,5.165289551789092,-0.10683222148312366,0.0028105375154175785,4763.0,70.39515885207199,6.522565852266891,-0.33693503385532075,5.328113147676892,-8.25250248169815,-4.226745349626615,0.9823091629323959,-0.15385997020279688,5|34|5|35|5|22|33|22|15|5,118,47
325,0.0019749959536234196,-14.195917105301755,-14.195917105301755,5.164389667911305,5.164389667911305,4.813241438442473,4,0.13333333333333333,3,2,9791,63.332666666666675,5.164389667911305,-0.10696338797962834,0.002801716953128456,4767.0,70.39515885207199,6.52256585226681,-0.33717491135224265,5.317004705580245,-8.254593486263946,-4.222821705765277,0.9823091629323959,-0.15385997020282266,5|33|5|36|5|22|33|22|15|5,118,47
326,0.0019552459940871854,-14.196629761096352,-14.197369161033757,5.187707136311715,5.1845209038515945,4.813241438442473,4,0.13333333333333333,1,4,9821,63.332666666666675,5.187707136311715,-0.10716607517996082,0.002787163764328679,4676.0,71.93803871266095,6.5246647351214575,-0.33095929165673393,5.2998392015176705,-8.258043468615382,-4.312084603610722,1.016601374965287,-0.15319072017852187,5|33|5|34|5|21|33|24|15|5,117,47
327,0.0019356935341463136,-14.19134966460951,-14.19811795027032,5.187512631182877,5.187512631182877,4.813241438442473,4,0.13333333333333333,1,5,9851,63.332666666666675,5.187512631182877,-0.10726471124972277,0.002786693578068319,4798.0,71.73660877774334,6.524683449403417,-0.33101113990582004,5.291485749235348,-8.25815493108058,-4.1924134658399055,1.0121243717880406,-0.15318475294046066,6|35|5|35|5|21|32|24|14|5,117,49
328,0.0019163365988048504,-14.2017950619968,-14.2017950619968,5.183206042912264,5.183206042912264,4.813241438442473,7,0.23333333333333334,2,5,9881,63.332666666666675,5.183206042912264,-0.10721260044069998,0.0027952417709434787,4764.0,70.63914220865065,6.524522839597075,-0.3321591253738651,5.295898994386089,-8.256128494471964,-4.2257644386612805,0.9877319629896203,-0.15323596500146713,7|34|5|35|5|21|32|25|13|5,118,48
329,0.001897173232816802,-14.281452373340278,-14.282718657385365,5.100488803142384,5.100488803142384,4.813241438442473,6,0.2,3,1,9911,63.35200000000001,5.100488803142384,-0.10975645115975356,0.0028415691259242246,4710.0,73.66321093501196,6.52349811969702,-0.35420864189267953,5.080461217452627,-8.245146120830611,-4.278733630789347,1.0549452364371266,-0.1535627073046378,6|32|5|35|5|21|33|26|12|5,116,48
330,0.001878201500488634,-14.313216641466742,-14.313216641466742,5.094224753721437,5.094224753721437,4.813241438442473,5,0.16666666666666666,5,5,9941,63.35200000000001,5.094224753721437,-0.10976702755624843,0.0028448738916541775,4438.0,73.25532821676923,6.523498790577716,-0.35587841788576263,5.079565506343577,-8.244362692291283,-4.545541413360347,1.0458795917192079,-0.15356249338754327,6|31|5|34|5|21|32|24|13|5,114,46
331,0.0018594194854837476,-14.318343266789853,-14.318343266789853,5.089583608413625,5.089583608413625,4.813241438442473,5,0.16666666666666666,3,2,9971,63.35200000000001,5.089583608413625,-0.10960538666145628,0.002852532548010903,4384.0,72.15189023607508,6.543534197098422,-0.3571155845322262,5.093254813964786,-8.242547129418435,-4.598510605488413,1.0213544616908306,-0.1471740013994509,6|30|5|33|5|21|33|23|15|5,114,46
332,0.00184082529062891,-14.345740428776686,-14.345740428776686,5.08084604988962,5.08084604988962,4.813241438442473,4,0.13333333333333333,2,3,10001,63.35200000000001,5.08084604988962,-0.11005346923791959,0.0028354832069515993,4415.0,72.05891366377563,6.543420102462923,-0.3594447113447882,5.055306866220514,-8.246588850210177,-4.568102365563042,1.019287954496831,-0.14721038162782402,5|28|5|35|5|21|34|22|15|5,114,45
333,0.0018224170377226208,-14.36341554562573,-14.36341554562573,5.0671677540701605,5.0671677540701605,4.813241438442473,7,0.23333333333333334,6,0,10031,63.35200000000001,5.0671677540701605,-0.10994752834271795,0.002848361314803432,4278.0,71.052201020658,6.543453638072762,-0.3630908655256996,5.064278961468726,-8.243535962941278,-4.702487167813876,0.9969126521185865,-0.14719968845947962,5|29|5|34|5|20|34|20|15|5,114,43
334,0.0018041928673453945,-14.363587606027654,-14.363587606027654,5.0671677540701605,5.0671677540701605,4.813241438442473,2,0.06666666666666667,1,1,10061,63.35200000000001,5.0671677540701605,-0.10993401715257249,0.002848398752681125,4270.0,71.05425171334981,6.543453638072762,-0.3630908655256996,5.06542321916705,-8.243527087909209,-4.710334455536553,0.9969582310326667,-0.14719968845947962,5|30|5|34|5|20|33|20|15|5,115,42
335,0.0017861509386719405,-14.384109925517716,-14.384109925517716,5.0520723709299356,5.0520723709299356,4.76296380639605,3,0.1,2,1,10091,63.35200000000001,5.0520723709299356,-0.10991638025758554,0.00285360681041529,4237.0,69.57428265637968,6.5432622297063014,-0.3671147655111706,5.066916881283124,-8.2422924645208,-4.7427045173925935,0.9640642812183473,-0.14726072095284704,5|31|5|33|5|21|33|19|14|5,114,42
336,0.001768289429285221,-14.390119046948666,-14.390119046948666,5.045668283812654,5.045668283812654,4.76296380639605,2,0.06666666666666667,1,3,10121,63.35200000000001,5.045668283812654,-0.10985925454105439,0.002859717454877811,4200.0,69.0366031195677,6.543177277472847,-0.3688218706451579,5.0717548370967345,-8.240843873710796,-4.778998223109972,0.9521137585930377,-0.1472878088316096,5|31|5|33|5|21|33|18|14|5,113,42
337,0.0017506065349923688,-14.394342542321144,-14.397835599741018,5.049052215810567,5.049052215810567,4.7446844292743195,4,0.13333333333333333,2,0,10151,63.35200000000001,5.049052215810567,-0.10975318523553079,0.0028486935832748726,4108.0,69.45295831334657,6.543221362453967,-0.36791983299624575,5.0807378073676395,-8.24345719529948,-4.869242031920751,0.9613677134541829,-0.14727375188954614,5|31|5|30|5|21|33|19|16|5,114,42
338,0.0017331004696424452,-14.401011436968076,-14.401011436968076,5.049052215810567,5.049052215810567,4.744221702304867,3,0.1,1,0,10181,63.35200000000001,5.049052215810567,-0.10975715538915161,0.002848902983892643,4041.0,69.45044263411921,6.543221362453967,-0.36791983299624575,5.080401576525261,-8.243407554739901,-4.934963066598167,0.9613117996998622,-0.14727375188954614,5|31|5|31|5|21|31|19|16|5,113,42
339,0.0017157694649460207,-14.492120388144894,-14.492120388144894,5.0270644015119474,5.0270644015119474,4.721190280251019,8,0.26666666666666666,6,2,10211,63.31000000000002,5.0270644015119474,-0.11068818936948648,0.002772004535758834,4002.0,68.95201823713008,6.543223802858673,-0.3737810135184539,5.00155265293454,-8.261637118896905,-4.973218594246215,0.9502337659912671,-0.14727297374182574,5|32|5|30|5|20|31|19|16|5,114,42
340,0.0016986117702965605,-14.600227589090593,-14.600227589090593,5.028724495867644,5.028724495867644,4.721190280251019,4,0.13333333333333333,4,0,10241,63.31000000000002,5.028724495867644,-0.1117620577586447,0.002737880192400552,3864.0,65.94998627938455,6.543226289688466,-0.37333849055684926,4.910607136066538,-8.269726643739888,-5.108584307462384,0.8835102841089987,-0.1472721807909969,5|31|5|28|5|21|31|19|16|5,114,41
341,0.001681625652593595,-14.602137291374198,-14.602137291374198,5.028724495867644,5.028724495867644,4.721190280251019,3,0.1,3,0,10271,63.31000000000002,5.028724495867644,-0.11184459819023647,0.0027375060936969805,3890.0,65.8791197401678,6.543226289688466,-0.37333849055684926,4.90361681743028,-8.26981532766633,-5.083080622363685,0.8819351968640784,-0.1472721807909969,5|31|5|29|5|21|31|19|15|5,114,41
342,0.001664809396067659,-14.600886166594137,-14.602137291374198,5.028724495867644,5.028724495867644,4.721190280251019,1,0.03333333333333333,0,0,10301,63.31000000000002,5.028724495867644,-0.11182934402234257,0.002737388536130349,3896.0,65.88563277743094,6.543226289688466,-0.37333849055684926,4.90490868726974,-8.269843195890658,-5.077195156571678,0.8820799563236521,-0.1472721807909969,5|32|5|28|5|21|31|19|15|5,114,41
343,0.0016481613021069824,-14.60340451408942,-14.60340451408942,5.024315827300683,5.024315827300683,4.721190280251019,3,0.1,2,2,10331,63.31000000000002,5.024315827300683,-0.11176908845382796,0.002739025649812966,3849.0,65.88027715354,6.543219690267494,-0.37451368705353644,4.91001170909072,-8.269455101336948,-5.123297971942402,0.8819609216569048,-0.1472742850831139,5|31|5|29|5|20|31|19|15|5,114,40
344,0.0016316796890859125,-14.607363967855715,-14.609191640549348,5.022847598990025,5.035451247547546,4.716779065767834,5,0.16666666666666666,2,0,10361,63.31000000000002,5.022847598990025,-0.1116571819442719,0.0027386049178959324,3757.0,65.96363251714361,6.54316192120201,-0.3749050652532841,4.919489030013117,-8.269554840143915,-5.213541780753181,0.8838135868421786,-0.14729270533386468,5|30|5|30|5|20|30|19|14|5,113,39
345,0.0016153628921950533,-14.630341565521277,-14.630341565521277,5.02952706954522,5.02952706954522,4.716779065767834,5,0.16666666666666666,3,0,10391,63.26400000000001,5.02952706954522,-0.11218046234698813,0.002732774553443074,3730.0,66.19670514912659,6.544558820443785,-0.3731245525481523,4.875172606164169,-8.270936987709065,-5.240026376817215,0.8889938839730085,-0.14684728988372,5|30|5|30|5|19|30|20|13|5,112,38
346,0.0015992092632731026,-14.622932246963789,-14.630341565521277,5.025401485371929,5.02952706954522,4.716779065767834,2,0.06666666666666667,0,0,10421,63.26400000000001,5.025401485371929,-0.11213674336848349,0.002736232373556706,3815.0,65.89859862220453,6.544517986338022,-0.3742242886688427,4.878875150290793,-8.270117276061633,-5.156648944763777,0.8823681365699039,-0.1468603102512998,5|32|5|30|5|19|30|19|13|5,113,38
347,0.0015832171706403717,-14.640231634031705,-14.646510471603053,5.025401485371929,5.029502220684049,4.716779065767834,6,0.2,2,1,10451,63.26400000000001,5.025401485371929,-0.11220186433916948,0.0027291041117395625,3823.0,64.82356323000394,6.544517986338022,-0.3742242886688427,4.87336007935866,-8.271807103480482,-5.1488016570411,0.8584742854970587,-0.1468603102512998,5|32|5|32|5|19|28|19|13|5,113,38
348,0.0015673849989339679,-14.65160196886976,-14.65160196886976,5.025386656599562,5.025386656599562,4.716779065767834,2,0.06666666666666667,1,2,10481,63.26400000000001,5.025386656599562,-0.1123812945947343,0.0027286718815183386,3800.0,64.70591630071326,6.544517986338022,-0.37422824149974176,4.858164197350352,-8.271909568078138,-5.171362609243795,0.8558594523222225,-0.1468603102512998,5|33|5|31|5|19|28|19|12|5,113,37
349,0.0015517111489446282,-14.675858449093143,-14.675858449093143,5.040808966328492,5.040808966328492,4.716779065767834,6,0.2,6,1,10511,63.26400000000001,5.040808966328492,-0.11261782121900828,0.0027144085925440687,3583.0,65.86974693436551,6.524212669782584,-0.37011719434594,4.838132844984628,-8.275290826708922,-5.384220288721395,0.8817268758845094,-0.1533348657835786,5|31|5|30|5|19|26|21|12|5,113,34
350,0.001536194037455182,-14.686941744942757,-14.686941744942757,5.040675456305703,5.040675456305703,4.716779065767834,1,0.03333333333333333,1,1,10541,63.26400000000001,5.040675456305703,-0.11296453935808208,0.002714995573546093,3623.0,65.81864173336545,6.524212669782584,-0.3701527834379008,4.8087694139683785,-8.275151676854863,-5.3449838501080125,0.8805910062465401,-0.1533348657835786,5|32|5|30|5|19|26|21|11|5,113,34
351,0.0015208320970806302,-14.691867150401114,-14.691867150401114,5.039723319163443,5.039723319163443,4.716779065767834,2,0.06666666666666667,2,1,10571,63.26400000000001,5.039723319163443,-0.11294944643277613,0.0027156900426595987,3572.0,65.76123699593064,6.524216556119708,-0.37040658982342395,4.810047628232676,-8.274987045843874,-5.395010309340075,0.8793151224411377,-0.15333362658568417,5|31|5|30|5|19|27|20|11|5,113,34
352,0.0015056237761098237,-14.703902916901997,-14.703902916901997,5.0397156015561,5.0397156015561,4.716779065767834,2,0.06666666666666667,2,0,10601,63.26400000000001,5.0397156015561,-0.1129557048287615,0.0027158214143315684,3452.0,65.755833165887,6.524216556119708,-0.37040864706700527,4.809517606990408,-8.274955902844493,-5.512719625180222,0.8791950163393083,-0.15333362658568417,5|29|5|30|5|19|27|20|11|5,111,34
353,0.0014905675383487256,-14.698774249960953,-14.703902916901997,5.039891501356926,5.0397156015561,4.716779065767834,6,0.2,0,1,10631,63.26400000000001,5.039891501356926,-0.11288575143740776,0.0027167402869823507,3466.0,65.78378975927335,6.524216556119708,-0.3703617583461685,4.815441933842344,-8.274738074678307,-5.498986871665538,0.879816382560108,-0.15333362658568417,5|27|5|34|5|19|24|20|12|5,111,34
354,0.0014756618629652382,-14.700953820541041,-14.703902916901997,5.037770375880553,5.0397156015561,4.716779065767834,1,0.03333333333333333,0,4,10661,63.26400000000001,5.037770375880553,-0.11283436312130277,0.002722654499775152,3427.0,65.24611022246137,6.544329345223693,-0.37092717604337244,4.819793991334984,-8.273336050006016,-5.537242399313586,0.8678658599347983,-0.14692046037833975,5|27|5|34|5|19|24|19|12|5,110,34
355,0.0014609052443355858,-14.722112030333447,-14.722112030333447,5.037682757212424,5.037682757212424,4.716779065767834,2,0.06666666666666667,1,3,10691,63.26400000000001,5.037682757212424,-0.11328276531776907,0.002716445126812795,3459.0,65.03534277421976,6.544329345223693,-0.3709505321088753,4.781818975090822,-8.274808045417354,-5.505853248422881,0.8631813201923626,-0.14692046037833975,5|28|5|34|5|19|24|19|11|5,110,34
356,0.0014462961918922299,-14.728663398865566,-14.735571946345257,5.046807259780477,5.0401150236491485,4.716779065767834,7,0.23333333333333334,1,0,10721,63.26400000000001,5.046807259780477,-0.1139162622220808,0.0027096535443886186,3674.0,65.34130520138397,6.522827339426304,-0.36851825957826406,4.728168356468859,-8.276418059540314,-5.29495739087595,0.8699816736705706,-0.15377659237758656,5|30|5|34|5|19|26|20|9|5,112,35
357,0.0014318332299733075,-14.755691235417226,-14.755691235417226,5.057337582926092,5.057337582926092,4.716779065767834,6,0.2,4,2,10751,63.26400000000001,5.057337582926092,-0.11433787830724533,0.0026873435022601528,3482.0,66.90798474867206,6.52294619153396,-0.3657112445618826,4.692461846088003,-8.281706883361812,-5.483292296220186,0.9048028600736963,-0.15373869518110375,5|28|5|34|5|19|24|21|8|5,110,34
358,0.0014175148976735745,-14.773500784828174,-14.773500784828174,5.0597481411253415,5.0597481411253415,4.716779065767834,5,0.16666666666666666,4,1,10781,63.26400000000001,5.0597481411253415,-0.11436766126255662,0.00267421652265832,3365.0,66.95444104060999,6.522903481827448,-0.3650686742466522,4.689939538613467,-8.284818768226158,-5.598058879164329,0.9058354025639386,-0.15375231360295052,5|27|5|33|5|17|25|22|7|5,107,34
359,0.0014033397486968387,-14.778295680523641,-14.785904199433581,5.046276473541992,5.0522810655600665,4.716779065767834,11,0.36666666666666664,6,0,10811,63.26400000000001,5.046276473541992,-0.1141687123871653,0.0026962075365411235,3231.0,65.9289992791494,6.55103701811478,-0.3686597485830471,4.706788445318835,-8.279605573315429,-5.72950094851916,0.8830438248075444,-0.1447816510420196,5|26|5|34|5|15|25|20|7|5,106,31
360,0.0013893063512098703,-14.82166793945101,-14.82166793945101,5.051089465005527,5.051089465005527,4.716779065767834,4,0.13333333333333333,2,1,10841,63.26400000000001,5.051089465005527,-0.11493221506429299,0.002647573874562628,3259.0,66.93542169770745,6.530980473898316,-0.36737677377543315,4.642127685860303,-8.291134680634789,-5.702035441489792,0.9054126766238313,-0.15117688299817095,5|25|5|34|5|15|26|21|6|5,105,32
361,0.0013754132876977717,-14.837592926451494,-14.837592926451494,5.045133143276048,5.045133143276048,4.716779065767834,3,0.1,3,2,10871,63.26400000000001,5.045133143276048,-0.1149278651314295,0.0026600120054186575,3204.0,65.29547875946452,6.5510593321782045,-0.3689645203531827,4.64249608006634,-8.288186094415746,-5.755985544583193,0.8689631302938912,-0.14477453597723353,5|25|5|33|5|15|27|20|6|5,104,32
362,0.0013616591548207939,-14.851954651006025,-14.851954651006025,5.033967649732904,5.033967649732904,4.716779065767834,5,0.16666666666666666,5,3,10901,63.26400000000001,5.033967649732904,-0.11483631624338782,0.0026694768153147906,3106.0,64.47656814675051,6.544561488798649,-0.3719408495320236,4.650249321548909,-8.285942364361075,-5.85211481918598,0.8507619358363696,-0.14684643905178638,5|24|5|32|5|15|28|19|6|5,104,30
363,0.001348042563272586,-14.852799097938693,-14.852799097938693,5.034382615974883,5.034382615974883,4.716779065767834,1,0.03333333333333333,1,2,10931,63.26400000000001,5.034382615974883,-0.11482663506330495,0.0026694060485562446,3092.0,64.48033103278914,6.544561488798475,-0.3718302340783078,4.651069217110988,-8.28595914034546,-5.865847572700663,0.8508455701420524,-0.1468464390518419,5|25|5|31|5|15|28|19|6|5,104,30
364,0.00133456213763986,-14.875862887644496,-14.875862887644496,5.056603602823147,5.056603602823147,4.716779065767834,6,0.2,5,6,10961,63.26400000000001,5.056603602823147,-0.11518844669281711,0.00265595203657862,2904.0,65.47958514353587,6.544868239070841,-0.36590689792809,4.620427523969587,-8.289148551581542,-6.050258834183561,0.8730550983858032,-0.14674862862531893,5|25|5|30|5|15|27|17|6|5,102,28
365,0.0013212165162634615,-14.889045083849386,-14.889045083849386,5.0570525954553025,5.0570525954553025,4.716779065767834,4,0.13333333333333333,3,0,10991,63.26400000000001,5.0570525954553025,-0.11538497501387615,0.0026606377568169073,2831.0,65.47582225749723,6.544874165475877,-0.36578721223152805,4.6037836131157395,-8.28803775364246,-6.121865334652983,0.8729714640801202,-0.1467467389311392,5|25|5|30|5|16|25|17|6|5,102,27
366,0.0013080043511008268,-14.892312214293947,-14.895837051058297,5.066705805195666,5.066802568017083,4.716779065767834,4,0.13333333333333333,3,4,11021,63.26400000000001,5.066705805195666,-0.11564777116437686,0.0026451444564024188,2849.0,66.74204207299067,6.52477883017657,-0.3632140049022956,4.581527504285734,-8.291710599073856,-6.104208937276962,0.9011146004981261,-0.15315433981635093,5|25|5|28|5|14|28|18|6|5,102,27
367,0.0012949243075898184,-14.903587409373738,-14.903587409373738,5.080576657127703,5.080576657127703,4.716779065767834,5,0.16666666666666666,3,1,11051,63.26400000000001,5.080576657127703,-0.1159759913967846,0.0026313188851498155,2888.0,66.8609761079024,6.526870408208113,-0.3595165220117115,4.553730654146345,-8.29498809223884,-6.065953409628913,0.903758041019518,-0.15248741900877075,5|24|5|27|5|16|29|19|5|5,103,27
368,0.0012819750645139203,-14.912565776846062,-14.912565776846062,5.080409872271176,5.080409872271176,4.716779065767834,3,0.1,2,1,11081,63.26400000000001,5.080409872271176,-0.11594391517585374,0.002631127591821322,2784.0,66.8609761079024,6.526870408208184,-0.3595609810079174,4.556447177438381,-8.295033440280175,-6.167968150023707,0.903758041019518,-0.1524874190087481,5|23|5|28|5|16|27|19|5|5,103,27
369,0.0012691553138687811,-14.943537895671778,-14.943537895671778,5.078758528429377,5.078758528429377,4.716779065767834,6,0.2,5,2,11111,63.26400000000001,5.078758528429377,-0.11650037234716,0.002686612323300019,2705.0,63.68136103298418,6.5883966291930784,-0.3600011713892608,4.509321025323015,-8.281880216817655,-6.2454601162851375,0.833087577869879,-0.13286916123028064,5|23|5|26|5|16|28|18|6|5,103,26
370,0.0012564637607300933,-14.956466390187904,-14.956466390187904,5.087689830725398,5.087689830725398,4.716779065767834,4,0.13333333333333333,3,1,11141,63.26400000000001,5.087689830725398,-0.11648861286171104,0.002680532992800029,2550.0,63.88801808774948,6.588287768151778,-0.35762039927865247,4.510316931798198,-8.283321384332353,-6.3975013159119944,0.8376807595693272,-0.1329038726742159,5|22|5|23|5|16|28|19|6|5,102,25
371,0.0012438991231227923,-14.956743552673794,-14.956743552673794,5.085405822238356,5.085405822238356,4.716779065767834,1,0.03333333333333333,1,2,11171,63.26400000000001,5.085405822238356,-0.1165250794007013,0.002677016890267837,2589.0,64.18438043000596,6.565856965704942,-0.3582292358767334,4.507228594092815,-8.284154912423606,-6.359245788263947,0.8442677405383731,-0.14005616087810135,5|22|5|23|5|16|28|20|6|5,103,25
372,0.0012314601318915643,-14.956743552673794,-14.956743552673794,5.085405822238356,5.085405822238356,4.716779065767834,0,0.0,0,2,11201,63.26400000000001,5.085405822238356,-0.1165250794007013,0.002677016890267837,2589.0,64.18438043000596,6.565856965704942,-0.3582292358767334,4.507228594092815,-8.284154912423606,-6.359245788263947,0.8442677405383731,-0.14005616087810135,5|22|5|23|5|16|28|20|6|5,103,25
373,0.0012191455305726486,-14.961157652017802,-14.961157652017802,5.085405822238356,5.085405822238356,4.716779065767834,1,0.03333333333333333,1,1,11231,63.26400000000001,5.085405822238356,-0.11652507940070131,0.002677016890267837,2544.0,64.18438043000596,6.565856965704942,-0.3582292358767334,4.5072285940928145,-8.284154912423606,-6.403386781704002,0.8442677405383731,-0.14005616087810135,5|22|5|22|5|16|28|20|6|5,102,25
374,0.0012069540752669221,-14.978115264783963,-14.978115264783963,5.087689830725398,5.087689830725398,4.716779065767834,7,0.23333333333333334,5,1,11261,63.26400000000001,5.087689830725398,-0.11653327961128182,0.002683425598419156,2335.0,63.88447926541624,6.588287768151778,-0.35762039927865247,4.506534121290374,-8.282635662565601,-6.608397173458925,0.8376021053274137,-0.1329038726742159,5|22|5|22|5|16|25|19|5|5,98,24
375,0.001194884534514253,-14.985158906867573,-14.985158906867573,5.086477622397774,5.086477622397774,4.716779065767834,3,0.1,3,1,11291,63.26400000000001,5.086477622397774,-0.11657512126803624,0.002683554816017995,2286.0,63.866164443175876,6.588287768152331,-0.35794353152555236,4.5029905668487284,-8.282605030211304,-6.656461810760318,0.8371950381385458,-0.13290387267403947,5|22|5|22|5|16|24|19|5|5,97,24
376,0.0011829356891691104,-14.984996660492477,-14.985158906867573,5.087821448928958,5.086477622397774,4.716779065767834,3,0.1,0,2,11321,63.26400000000001,5.087821448928958,-0.11658327106705273,0.0026838693585689976,2286.0,63.866164443175876,6.588287768151736,-0.3575853144793815,4.502300363383008,-8.282530464680363,-6.656461810760318,0.8371950381385458,-0.1329038726742292,5|22|5|22|5|16|24|19|5|5,97,24
377,0.0011711063322774192,-14.990164803005166,-14.990164803005166,5.078681396955486,5.078681396955486,4.716779065767834,1,0.03333333333333333,1,1,11351,63.26400000000001,5.078681396955486,-0.11653868493774625,0.002686587843265767,2249.0,63.659507388410574,6.588396629193117,-0.36002173193640213,4.506076346190454,-8.281886020060318,-6.692755516477697,0.8326018564390976,-0.13286916123026848,5|22|5|22|5|16|24|18|5|5,96,24
378,0.001159395268954645,-15.00213501258472,-15.00213501258472,5.080237007393397,5.080237007393397,4.716779065767834,5,0.16666666666666666,4,1,11381,63.26400000000001,5.080237007393397,-0.11660967119322985,0.002689224150087572,2128.0,63.65892345262779,6.596215757311433,-0.35960706072465726,4.50006454645721,-8.281261056546594,-6.811445743283178,0.8325888778202248,-0.13037595315454972,5|21|5|22|5|15|23|18|5|5,93,24
379,0.0011478013162650985,-15.00660814399876,-15.00660814399876,5.080177273960831,5.080177273960831,4.716779065767834,2,0.06666666666666667,2,0,11411,63.26400000000001,5.080177273960831,-0.11661689600382767,0.0026893647089743424,2085.0,63.65892345262779,6.596215757311459,-0.35962298356385936,4.499452679918698,-8.281227735623917,-6.853624914792564,0.8325888778202248,-0.1303759531545415,5|21|5|21|5|15|23|18|5|5,92,24
380,0.0011363233031024475,-15.004572704290714,-15.00660814399876,5.096215453718789,5.080177273960831,4.716779065767834,1,0.03333333333333333,0,0,11441,63.26400000000001,5.096215453718789,-0.11662780989086112,0.002689587929412172,2091.0,63.65892345262779,6.5807104611998435,-0.3553477670492777,4.4985283868607056,-8.281174818934552,-6.847739449000557,0.8325888778202248,-0.13531997362548548,5|20|5|21|5|15|24|18|5|5,92,24
381,0.001124960070071423,-15.01063788309548,-15.01063788309548,5.092820859987607,5.092820859987607,4.716779065767834,5,0.16666666666666666,3,0,11471,63.26400000000001,5.092820859987607,-0.11658401170625936,0.0026838260507601715,2025.0,64.17757385163331,6.558300147046192,-0.35625264674253854,4.502237638922413,-8.282540731239683,-6.912479572712638,0.84411645680285,-0.14246572892988996,5|20|5|21|5|13|23|19|5|5,92,22
382,0.0011137104693707087,-15.011504910234882,-15.011504910234882,5.107023964699152,5.107023964699152,4.716779065767834,1,0.03333333333333333,1,1,11501,63.26400000000001,5.107023964699152,-0.11655791517104441,0.002683916888540822,1986.0,64.17757385163331,6.545908222566748,-0.3524665969078618,4.504447744841862,-8.282519197214091,-6.950735100360686,0.84411645680285,-0.1464170193702491,5|19|5|21|5|13|23|19|5|5,91,22
383,0.0011025733646770016,-15.01565804353267,-15.01592111831032,5.1073020759625445,5.107023964699152,4.716779065767834,2,0.06666666666666667,1,1,11531,63.26400000000001,5.1073020759625445,-0.11655076144674718,0.0026839396278025038,1939.0,64.1838105933861,6.545908222566748,-0.35239246219406706,4.505053591107857,-8.28251380663938,-6.99683791573141,0.8442550752889966,-0.1464170193702491,5|20|5|20|5|13|22|19|5|5,90,22
384,0.0010915476310302315,-15.013674403991693,-15.017223747700017,5.107004217371639,5.1073020759625445,4.716779065767834,3,0.1,1,0,11561,63.26400000000001,5.107004217371639,-0.11644563764978919,0.002681212460296705,1911.0,64.33238786162617,6.545908222566748,-0.352471860853146,4.513956486607897,-8.28316030960817,-7.024303422760778,0.8475573694700946,-0.1464170193702491,5|20|5|19|5|13|22|19|6|5,90,22
385,0.0010806321547199291,-15.02104167259308,-15.02104167259308,5.097251671141163,5.097251671141163,4.716779065767834,3,0.1,2,3,11591,63.26400000000001,5.097251671141163,-0.11635720265825418,0.002684341638554124,1851.0,63.96406514980106,6.545799731196723,-0.3550715478084605,4.521446013346526,-8.28241850587628,-7.083158080680851,0.8393709896662811,-0.14645161294075956,5|20|5|19|5|13|23|16|6|5,88,22
386,0.0010698258331727298,-15.061228175188536,-15.061228175188536,5.080227897684428,5.080227897684428,4.716779065767834,4,0.13333333333333333,4,0,11621,63.26400000000001,5.080227897684428,-0.11667119714906567,0.0026677460229420184,1848.0,62.690436396573645,6.545573775062867,-0.359609489053733,4.494853936003659,-8.286352666407053,-7.086100813576855,0.8110631814094614,-0.14652366133914407,5|20|5|20|5|13|23|15|5|5,88,21
387,0.0010591275748410025,-15.061228175188536,-15.061228175188536,5.080227897684428,5.080227897684428,4.716779065767834,0,0.0,0,1,11651,63.26400000000001,5.080227897684428,-0.11667119714906567,0.0026677460229420184,1848.0,62.690436396573645,6.545573775062867,-0.359609489053733,4.494853936003659,-8.286352666407053,-7.086100813576855,0.8110631814094614,-0.14652366133914407,5|20|5|20|5|13|23|15|5|5,88,21
388,0.0010485362990925924,-15.058420220665285,-15.061228175188536,5.078224861006361,5.080227897684428,4.716779065767834,2,0.06666666666666667,0,0,11681,63.26400000000001,5.078224861006361,-0.11673230709405372,0.002670529758814084,1895.0,62.690436396573645,6.545570485317277,-0.3601434284168416,4.489678557355005,-8.285692753328084,-7.039997998206131,0.8110631814094614,-0.146524710307795,5|20|5|20|5|13|24|15|5|5,89,21
389,0.0010380509361016664,-15.058029437967912,-15.061228175188536,5.07764418595494,5.080227897684428,4.716779065767834,2,0.06666666666666667,0,0,11711,63.26400000000001,5.07764418595494,-0.11685145841175118,0.0026718814936130485,1946.0,62.68571040222193,6.545570485317277,-0.3602982160303306,4.4795876763095235,-8.28537231075949,-6.989971538974068,0.8109581409558817,-0.146524710307795,5|19|5|21|5|13|25|15|5|5,89,22
390,0.0010276704267406498,-15.057621901724882,-15.061228175188536,5.07764418595494,5.080227897684428,4.716779065767834,1,0.03333333333333333,0,2,11741,63.26400000000001,5.07764418595494,-0.11686219060770879,0.0026716306673441074,1956.0,62.68571040222193,6.545570485317277,-0.3602982160303306,4.478678770601572,-8.285431771693656,-6.980162429320723,0.8109581409558817,-0.146524710307795,5|19|5|20|5|13|26|15|5|5,89,22
391,0.0010173937224732432,-15.063065780786463,-15.065340899050558,5.079364143375602,5.07764418595494,4.716779065767834,3,0.1,2,0,11771,63.26400000000001,5.079364143375602,-0.11684336288026524,0.002670532945225421,1893.0,62.68571040222193,6.5455740953736985,-0.35983973567407046,4.4802732838781445,-8.285691997956665,-7.0419598201368,0.8109581409558817,-0.14652355920479623,5|19|5|19|5|14|25|15|5|5,87,23
392,0.0010072197852485107,-15.063065780786463,-15.065340899050558,5.079364143375602,5.07764418595494,4.716779065767834,0,0.0,0,1,11801,63.26400000000001,5.079364143375602,-0.11684336288026524,0.002670532945225421,1893.0,62.68571040222193,6.5455740953736985,-0.35983973567407046,4.4802732838781445,-8.285691997956665,-7.0419598201368,0.8109581409558817,-0.14652355920479623,5|19|5|19|5|14|25|15|5|5,87,23
393,0.0009971475873960256,-15.063065780786463,-15.065340899050558,5.079364143375602,5.07764418595494,4.716779065767834,0,0.0,0,0,11831,63.26400000000001,5.079364143375602,-0.11684336288026524,0.002670532945225421,1893.0,62.68571040222193,6.5455740953736985,-0.35983973567407046,4.4802732838781445,-8.285691997956665,-7.0419598201368,0.8109581409558817,-0.14652355920479623,5|19|5|19|5|14|25|15|5|5,87,23
394,0.0009871761115220652,-15.072583061353635,-15.072583061353635,5.079364143375602,5.079364143375602,4.716779065767834,3,0.1,3,1,11861,63.26400000000001,5.079364143375602,-0.11683783720434286,0.002671266918800772,1791.0,62.67725508933026,6.5455740953736985,-0.35983973567407046,4.480741251329165,-8.285518002008683,-7.142012738600925,0.8107702122714183,-0.14652355920479623,5|19|5|20|5|14|22|15|5|5,87,22
395,0.0009773043504068446,-15.077608970866603,-15.077608970866603,5.079172671096959,5.079172671096959,4.716779065767834,3,0.1,3,0,11891,63.26400000000001,5.079172671096959,-0.11678700090992242,0.0026707166628570328,1721.0,62.67725508933026,6.545572471828153,-0.35989077547160936,4.485046558309422,-8.28564844581181,-7.210676506174344,0.8107702122714183,-0.14652407688871227,5|20|5|19|5|13|21|15|5|5,86,21
396,0.0009675313069027762,-15.075910202452397,-15.077608970866603,5.077886767689439,5.079172671096959,4.716779065767834,1,0.03333333333333333,0,0,11921,63.26400000000001,5.077886767689439,-0.11679074810584633,0.002671634222657125,1739.0,62.67725508933026,6.545569623458112,-0.3602335522434722,4.4847292096719675,-8.285430928870316,-7.193020108798322,0.8107702122714183,-0.1465249851203056,5|20|5|19|5|12|22|15|5|5,86,21
397,0.0009578559938337484,-15.075910202452397,-15.077608970866603,5.077886767689439,5.079172671096959,4.716779065767834,0,0.0,0,0,11951,63.26400000000001,5.077886767689439,-0.11679074810584633,0.002671634222657125,1739.0,62.67725508933026,6.545569623458112,-0.3602335522434722,4.4847292096719675,-8.285430928870316,-7.193020108798322,0.8107702122714183,-0.1465249851203056,5|20|5|19|5|12|22|15|5|5,86,21
398,0.000948277433895411,-15.07564461001812,-15.077608970866603,5.078184035245991,5.079172671096959,4.716779065767834,2,0.06666666666666667,0,2,11981,63.26400000000001,5.078184035245991,-0.1167866085455969,0.002671657555146216,1739.0,62.67725508933026,6.545569623458112,-0.3601543111334333,4.485079787499093,-8.285425397664978,-7.193020108798322,0.8107702122714183,-0.1465249851203056,5|22|5|19|5|12|20|15|5|5,86,21
399,0.0009387946595564569,-15.07564461001812,-15.077608970866603,5.078184035245991,5.079172671096959,4.716779065767834,0,0.0,0,1,12011,63.26400000000001,5.078184035245991,-0.1167866085455969,0.002671657555146216,1739.0,62.67725508933026,6.545569623458112,-0.3601543111334333,4.485079787499093,-8.285425397664978,-7.193020108798322,0.8107702122714183,-0.1465249851203056,5|22|5|19|5|12|20|15|5|5,86,21
400,0.0009294067129608924,-15.079471526075674,-15.079471526075674,5.078184035245991,5.078184035245991,4.716779065767834,1,0.03333333333333333,1,1,12041,63.26400000000001,5.078184035245991,-0.11678689367275012,0.0026716886139503066,1700.0,62.67689377990085,6.545569623458112,-0.3601543111334333,4.485055640185899,-8.285418034857594,-7.2312756364463695,0.810762181769576,-0.1465249851203056,5|22|5|19|5|12|19|15|5|5,86,20
401,0.0009201126458312835,-15.075179280616128,-15.079471526075674,5.078184035245991,5.078184035245991,4.645008869968684,2,0.06666666666666667,0,1,12071,63.26400000000001,5.078184035245991,-0.11678410964530464,0.0026714251856032657,1743.0,62.684212736346986,6.545569623458112,-0.3601543111334333,4.485291418441,-8.285480483243349,-7.189096464936983,0.810924853674707,-0.1465249851203056,5|22|5|18|5|12|21|15|5|5,87,20
402,0.0009109115193729707,-15.081298099722424,-15.081298099722424,5.083861771157784,5.083861771157784,4.645008869968684,4,0.13333333333333333,2,0,12101,63.26400000000001,5.083861771157784,-0.11681483804855797,0.002666905470066007,1674.0,62.91563320049294,6.545621504897553,-0.3586408257690182,4.4826890413297855,-8.286551928069057,-7.256779321545069,0.8160684295473052,-0.14650844219866063,5|20|5|18|5|13|20|16|5|5,86,20
403,0.0009018024041792409,-15.089202178245625,-15.089202178245625,5.08302157197545,5.08302157197545,4.645008869968684,3,0.1,3,0,12131,63.26400000000001,5.08302157197545,-0.11681197605687692,0.0026668766963754624,1596.0,62.90334551910722,6.545621504897553,-0.3588647934183438,4.482931422347173,-8.286558749166888,-7.3332903768411635,0.815795322232708,-0.14650844219866063,5|19|5|18|5|13|19|16|5|5,85,20
404,0.0008927843801374485,-15.087964185191671,-15.089202178245625,5.07907788776956,5.08302157197545,4.645008869968684,4,0.13333333333333333,0,0,12161,63.26400000000001,5.07907788776956,-0.11684343918235833,0.0026688799687241828,1624.0,62.896687680281225,6.545616405737232,-0.3599160413841206,4.48026682188209,-8.28608385295388,-7.305824869811796,0.8156473443981831,-0.14651006811749692,5|20|5|19|5|11|19|16|5|5,85,20
405,0.000883856536336074,-15.087369865217623,-15.089202178245625,5.07907788776956,5.08302157197545,4.645008869968684,1,0.03333333333333333,0,1,12191,63.26400000000001,5.07907788776956,-0.11683265106080905,0.002668756195895047,1626.0,62.896687680281225,6.545616405737232,-0.3599160413841206,4.481180463907723,-8.286113194569797,-7.303863047881127,0.8156473443981831,-0.14651006811749692,5|20|5|20|5|11|18|16|5|5,85,20
406,0.0008750179709727132,-15.096197519189415,-15.096197519189415,5.080294165894359,5.080294165894359,4.645008869968684,3,0.1,3,1,12221,63.26400000000001,5.080294165894359,-0.1168275415507242,0.0026680303149416783,1534.0,62.896687680281225,6.5456183097402185,-0.35959182427195824,4.48161318642782,-8.286285272078912,-7.394106856691907,0.8156473443981831,-0.14650946100688944,5|19|5|18|5|12|18|16|5|5,84,19
407,0.0008662677912629861,-15.102219366164247,-15.102219366164247,5.075159417112091,5.075159417112091,4.645008869968684,3,0.1,3,2,12251,63.26400000000001,5.075159417112091,-0.11678381284602997,0.0026725978242168936,1484.0,62.55849245377732,6.545571893634264,-0.3609605683017344,4.485316554261845,-8.28520249725847,-7.443152404958634,0.8081305812904217,-0.14652426125168116,5|20|5|18|5|11|17|15|5|5,84,17
408,0.0008576051133503562,-15.109518948482231,-15.109518948482231,5.074975931652114,5.074975931652114,4.645008869968684,2,0.06666666666666667,2,0,12281,63.26400000000001,5.074975931652114,-0.11678885996121569,0.0026728044938711328,1412.0,62.55197941651417,6.545571893634264,-0.36100947909339015,4.484889115942688,-8.285153504101748,-7.513777994462723,0.807985821830848,-0.14652426125168116,5|19|5|18|5|11|16|15|5|5,82,17
409,0.0008490290622168526,-15.114269777429202,-15.114269777429202,5.074975931652114,5.074975931652114,4.645008869968684,2,0.06666666666666667,2,1,12311,63.26400000000001,5.074975931652114,-0.11680689134817424,0.0026724633560274687,1373.0,62.55197941651416,6.545571893634264,-0.36100947909339015,4.483362044447383,-8.285234374319005,-7.55203352211077,0.8079858218308477,-0.14652426125168116,5|18|5|17|5|11|17|15|5|5,82,16
410,0.000840538771594684,-15.117385702395174,-15.117385702395174,5.073905391557773,5.073905391557773,4.645008869968684,2,0.06666666666666667,2,1,12341,63.26400000000001,5.073905391557773,-0.11687297306645887,0.0026726600134403507,1373.0,62.54067940195263,6.545571893634264,-0.3612948475553927,4.47776560815631,-8.285187754666566,-7.55203352211077,0.8077346665042296,-0.14652426125168116,5|18|5|17|5|11|17|15|5|5,82,16
411,0.0008321333838787372,-15.11897646053498,-15.11897646053498,5.070811737353664,5.070811737353664,4.645008869968684,1,0.03333333333333333,1,1,12371,63.26400000000001,5.070811737353664,-0.11686003508209242,0.0026742349806997264,1352.0,62.54067940195263,6.545567088263805,-0.36211950731999265,4.478861321269124,-8.28481439255853,-7.572632652382796,0.8077346665042296,-0.1465257934926489,5|18|5|17|5|10|17|15|5|5,81,16
412,0.0008238120500399498,-15.121690703945882,-15.121825555721443,5.070811737353664,5.070811737353664,4.645008869968684,5,0.16666666666666666,2,0,12401,63.26400000000001,5.070811737353664,-0.11684526212580289,0.0026738153824442624,1319.0,62.549330921135464,6.545567088263805,-0.36211950731999265,4.4801124374757135,-8.28491386261942,-7.605002714238837,0.807926956090608,-0.1465257934926489,5|18|5|16|5|10|17|15|5|5,81,15
413,0.0008155739295395503,-15.121414215063407,-15.121825555721443,5.070811737353664,5.070811737353664,4.645008869968684,1,0.03333333333333333,0,0,12431,63.26400000000001,5.070811737353664,-0.11684647804062225,0.0026736795776866663,1323.0,62.549330921135464,6.545567088263805,-0.36211950731999265,4.480009462099186,-8.284946056527119,-7.601079070377499,0.807926956090608,-0.1465257934926489,5|18|5|15|5|10|18|15|5|5,81,15
414,0.0008074181902441547,-15.121414215063407,-15.121825555721443,5.070811737353664,5.070811737353664,4.645008869968684,0,0.0,0,1,12461,63.26400000000001,5.070811737353664,-0.11684647804062225,0.0026736795776866663,1323.0,62.549330921135464,6.545567088263805,-0.36211950731999265,4.480009462099186,-8.284946056527119,-7.601079070377499,0.807926956090608,-0.1465257934926489,5|18|5|15|5|10|18|15|5|5,81,15
415,0.0007993440083417132,-15.121414215063407,-15.121825555721443,5.070811737353664,5.070811737353664,4.645008869968684,0,0.0,0,0,12491,63.26400000000001,5.070811737353664,-0.11684647804062225,0.0026736795776866663,1323.0,62.549330921135464,6.545567088263805,-0.36211950731999265,4.480009462099186,-8.284946056527119,-7.601079070377499,0.807926956090608,-0.1465257934926489,5|18|5|15|5|10|18|15|5|5,81,15
416,0.000791350568258296,-15.12644941411234,-15.12644941411234,5.076322275893174,5.076322275893174,4.645008869968684,3,0.1,2,1,12521,63.26400000000001,5.076322275893174,-0.11685587609657852,0.002675586290523369,1251.0,62.48605419040085,6.550306398693441,-0.3606505909140232,4.4792135442147165,-8.284494050734684,-7.671704659881587,0.8065205607370054,-0.14501461643330052,5|17|5|16|5|10|16|15|5|5,79,15
417,0.0007834370625757131,-15.126761793931122,-15.126761793931122,5.0714122765102605,5.0714122765102605,4.645008869968684,2,0.06666666666666667,1,1,12551,63.26400000000001,5.0714122765102605,-0.11682656161036475,0.0026756919868946255,1255.0,62.492195502662554,6.545567088263805,-0.3619594246323885,4.481696177214577,-8.284468994328117,-7.667781016020249,0.806657058197124,-0.1465257934926489,5|18|5|16|5|10|15|15|5|5,79,15
418,0.0007756026919499559,-15.133222097671412,-15.133222097671412,5.0714122765102605,5.0714122765102605,4.645008869968684,2,0.06666666666666667,2,2,12581,63.26400000000001,5.0714122765102605,-0.11683579749721706,0.0026777311349104748,1195.0,62.38866429326079,6.545567088263805,-0.3619594246323885,4.480913993371567,-8.283985593421042,-7.726635673940322,0.804355962515266,-0.1465257934926489,5|18|5|15|5|10|14|15|5|5,79,14
419,0.0007678466650304564,-15.135762257685759,-15.135762257685759,5.0714122765102605,5.0714122765102605,4.645008869968684,1,0.03333333333333333,1,1,12611,63.26400000000001,5.0714122765102605,-0.1168360168597911,0.0026781046808857334,1168.0,62.38330866936988,6.545567088263805,-0.3619594246323885,4.480895415636271,-8.283897040524502,-7.753120270004355,0.8042369278485193,-0.1465257934926489,5|18|5|15|5|10|13|15|5|5,79,13
420,0.0007601681983801518,-15.136543663307872,-15.136543663307872,5.0707062621235774,5.0707062621235774,4.645008869968684,1,0.03333333333333333,1,0,12641,63.26400000000001,5.0707062621235774,-0.11680903016807316,0.0026783747453270074,1149.0,62.38330866936988,6.545565421995035,-0.3621476233189621,4.4831809085808665,-8.28383301898469,-7.771757578345712,0.8042369278485193,-0.14652632479929728,5|18|5|15|5|9|13|15|5|5,79,12
421,0.0007525665163963502,-15.145161993326749,-15.145161993326749,5.062628148205987,5.062628148205987,4.645008869968684,7,0.23333333333333334,7,0,12671,63.26400000000001,5.062628148205987,-0.11678716023054173,0.0026805894645396903,1068.0,62.33895177038307,6.545547917154509,-0.36430096531589407,4.485033065505075,-8.2833079971285,-7.851211366537811,0.8032510466895048,-0.14653190639472638,5|17|5|13|5|8|15|14|5|5,76,12
422,0.0007450408512323868,-15.147614270740085,-15.147614270740085,5.062628148205987,5.062628148205987,4.645008869968684,1,0.03333333333333333,1,0,12701,63.26400000000001,5.062628148205987,-0.11678716023054173,0.0026805894645396903,1043.0,62.33895177038307,6.545547917154509,-0.36430096531589407,4.485033065505075,-8.2833079971285,-7.875734140671175,0.8032510466895048,-0.14653190639472638,5|17|5|12|5|8|15|14|5|5,75,12
423,0.0007375904427200629,-15.147614270740085,-15.147614270740085,5.062628148205987,5.062628148205987,4.645008869968684,0,0.0,0,2,12731,63.26400000000001,5.062628148205987,-0.11678716023054173,0.0026805894645396903,1043.0,62.33895177038307,6.545547917154509,-0.36430096531589407,4.485033065505075,-8.2833079971285,-7.875734140671175,0.8032510466895048,-0.14653190639472638,5|17|5|12|5|8|15|14|5|5,75,12
424,0.0007302145382928622,-15.147614270740085,-15.147614270740085,5.062628148205987,5.062628148205987,4.645008869968684,0,0.0,0,1,12761,63.26400000000001,5.062628148205987,-0.11678716023054173,0.0026805894645396903,1043.0,62.33895177038307,6.545547917154509,-0.36430096531589407,4.485033065505075,-8.2833079971285,-7.875734140671175,0.8032510466895048,-0.14653190639472638,5|17|5|12|5|8|15|14|5|5,75,12
425,0.0007229123929099336,-15.147614270740085,-15.147614270740085,5.062628148205987,5.062628148205987,4.645008869968684,0,0.0,0,3,12791,63.26400000000001,5.062628148205987,-0.11678716023054173,0.0026805894645396903,1043.0,62.33895177038307,6.545547917154509,-0.36430096531589407,4.485033065505075,-8.2833079971285,-7.875734140671175,0.8032510466895048,-0.14653190639472638,5|17|5|12|5|8|15|14|5|5,75,12
426,0.0007156832689808342,-15.150392963464741,-15.150392963464741,5.062628148205987,5.062628148205987,4.645008869968684,2,0.06666666666666667,2,1,12821,63.26400000000001,5.062628148205987,-0.11678734989237756,0.002680759188449222,1014.0,62.33836783460029,6.545547917154509,-0.36430096531589407,4.485017003114316,-8.283267762338685,-7.904180558665877,0.8032380680706325,-0.14653190639472638,5|17|5|12|5|8|14|14|5|5,74,12
427,0.0007085264362910259,-15.150638284802556,-15.150638284802556,5.068404587510658,5.068404587510658,4.645008869968684,1,0.03333333333333333,1,0,12851,63.26400000000001,5.068404587510658,-0.11676934200612799,0.0026806194760140454,981.0,62.33836783460029,6.550287227584145,-0.36276116908692646,4.486542084343266,-8.283300882601349,-7.936550620521918,0.8032380680706325,-0.1450207293353777,5|16|5|12|5|8|14|14|5|5,73,12
428,0.0007014411719281156,-15.150370043150485,-15.150638284802556,5.068404587510658,5.068404587510658,4.645008869968684,1,0.03333333333333333,0,1,12881,63.26400000000001,5.068404587510658,-0.11682688484601877,0.002680324700238476,1010.0,62.33836783460029,6.550287227584145,-0.36276116908692646,4.4816688025065385,-8.283370762215867,-7.908104202527215,0.8032380680706325,-0.1450207293353777,5|16|5|12|5|8|15|14|5|5,74,12
429,0.0006944267602088345,-15.150351115730132,-15.150638284802556,5.062744079406723,5.068404587510658,4.645008869968684,2,0.06666666666666667,0,0,12911,63.26400000000001,5.062744079406723,-0.1168420175104841,0.002680492499500417,1039.0,62.33836783460029,6.545547917154509,-0.36427006212167734,4.480387222747525,-8.28333098368346,-7.8796577845325135,0.8032380680706325,-0.14653190639472638,5|17|5|13|5|8|14|14|5|5,75,12
430,0.0006874824926067462,-15.15048505401473,-15.150638284802556,5.062751621062713,5.068404587510658,4.645008869968684,2,0.06666666666666667,0,0,12941,63.26400000000001,5.062751621062713,-0.11685490672496901,0.002680529364377752,1043.0,62.33836783460029,6.545547917154509,-0.3642680517805589,4.479295639937948,-8.28332224448699,-7.875734140671175,0.8032380680706325,-0.14653190639472638,5|17|5|12|5|8|15|14|5|5,75,12
431,0.0006806076676806787,-15.193961568696517,-15.19456963225294,5.0900497398538755,5.085366269750306,4.645008869968684,3,0.1,1,2,12971,63.167333333333346,5.0900497398538755,-0.11808759014174289,0.002643926264963133,1063.0,62.598710028475296,6.633008058454359,-0.35699133023021673,4.374900137095191,-8.291999383822272,-7.856115921364484,0.8090244613871294,-0.11864435585293522,5|18|5|12|5|7|14|15|5|5,75,12
432,0.000673801591003872,-15.193961568696517,-15.19456963225294,5.0900497398538755,5.085366269750306,4.645008869968684,0,0.0,0,11,13001,63.167333333333346,5.0900497398538755,-0.11808759014174289,0.002643926264963133,1063.0,62.598710028475296,6.633008058454359,-0.35699133023021673,4.374900137095191,-8.291999383822272,-7.856115921364484,0.8090244613871294,-0.11864435585293522,5|18|5|12|5|7|14|15|5|5,75,12
433,0.0006670635750938332,-15.193335825474026,-15.19456963225294,5.095582907503245,5.085366269750306,4.645008869968684,2,0.06666666666666667,0,4,13031,63.167333333333346,5.095582907503245,-0.11809261746217418,0.0026381740819630332,1065.0,63.26068126123103,6.59874977296474,-0.3555163816968087,4.374474375186469,-8.293362997673889,-7.854154099433814,0.8237375044782929,-0.12956795663687878,5|17|5|11|5|7|15|16|5|5,75,12
434,0.0006603929393428949,-15.206811909411272,-15.206811909411272,5.087095583222203,5.087095583222203,4.645008869968684,4,0.13333333333333333,4,5,13061,63.167333333333346,5.087095583222203,-0.11815141525596991,0.0026455456186172902,960.0,62.596567778918946,6.633003151680634,-0.3577788048320102,4.369494811767489,-8.291615499465074,-7.957149750793944,0.8089768475204309,-0.11864592042735989,5|16|5|11|5|8|13|15|5|5,73,12
435,0.0006537890099494659,-15.218835629997857,-15.218835629997857,5.087006002804705,5.087006002804705,4.645008869968684,5,0.16666666666666666,4,3,13091,63.167333333333346,5.087006002804705,-0.11823711386109437,0.002640032279413808,904.0,63.06356753496354,6.598795958354307,-0.3578026838311267,4.362237028582326,-8.292922492950227,-8.012080764852678,0.8193564338139978,-0.12955322995834043,5|15|5|11|5|8|12|15|5|5,72,11
436,0.0006472511198499713,-15.220154798146766,-15.220154798146766,5.085687689089466,5.085687689089466,4.645008869968684,1,0.03333333333333333,1,2,13121,63.167333333333346,5.085687689089466,-0.11824550523005377,0.0026400225999703274,898.0,63.06184899156291,6.598794786104065,-0.3581541000549031,4.361526366647449,-8.292924787561368,-8.017966230644687,0.8193182372854233,-0.12955360374218503,5|14|5|12|5|8|12|15|5|5,72,11
437,0.0006407786086514715,-15.220154798146766,-15.220154798146766,5.085687689089466,5.085687689089466,4.645008869968684,0,0.0,0,0,13151,63.167333333333346,5.085687689089466,-0.11824550523005377,0.0026400225999703274,898.0,63.06184899156291,6.598794786104065,-0.3581541000549031,4.361526366647449,-8.292924787561368,-8.017966230644687,0.8193182372854233,-0.12955360374218503,5|14|5|12|5|8|12|15|5|5,72,11
438,0.0006343708225649568,-15.220154798146766,-15.220154798146766,5.085687689089466,5.085687689089466,4.645008869968684,0,0.0,0,4,13181,63.167333333333346,5.085687689089466,-0.11824550523005377,0.0026400225999703274,898.0,63.06184899156291,6.598794786104065,-0.3581541000549031,4.361526366647449,-8.292924787561368,-8.017966230644687,0.8193182372854233,-0.12955360374218503,5|14|5|12|5|8|12|15|5|5,72,11
439,0.0006280271143393072,-15.217702520733429,-15.220154798146766,5.085687689089466,5.085687689089466,4.645008869968684,1,0.03333333333333333,0,2,13211,63.167333333333346,5.085687689089466,-0.11824550523005375,0.0026400225999703274,923.0,63.06184899156291,6.598794786104065,-0.3581541000549031,4.36152636664745,-8.292924787561368,-7.993443456511322,0.8193182372854233,-0.12955360374218503,5|14|5|13|5|8|12|15|5|5,73,11
440,0.0006217468431959141,-15.217702520733429,-15.220154798146766,5.085687689089466,5.085687689089466,4.645008869968684,0,0.0,0,2,13241,63.167333333333346,5.085687689089466,-0.11824550523005375,0.0026400225999703274,923.0,63.06184899156291,6.598794786104065,-0.3581541000549031,4.36152636664745,-8.292924787561368,-7.993443456511322,0.8193182372854233,-0.12955360374218503,5|14|5|13|5|8|12|15|5|5,73,11
441,0.000615529374763955,-15.214791432836178,-15.220154798146766,5.085056791397361,5.085687689089466,4.645008869968684,2,0.06666666666666667,0,1,13271,63.167333333333346,5.085056791397361,-0.11823987301724834,0.002640015047482787,952.0,63.06184899156291,6.5987929488442365,-0.35832227526387345,4.362003356667708,-8.292926577955837,-7.9649970385166196,0.8193182372854233,-0.1295541895710617,5|13|5|15|5|8|12|15|5|5,74,11
442,0.0006093740810163154,-15.220204167279281,-15.220204167279281,5.083401598585497,5.083401598585497,4.645008869968684,2,0.06666666666666667,1,3,13301,63.167333333333346,5.083401598585497,-0.11825804561684236,0.0026402555779789353,908.0,63.06184899156291,6.598792730096901,-0.3587634916457129,4.360464325926512,-8.292869557739985,-8.00815712099134,0.8193182372854233,-0.12955425932086193,5|13|5|14|5|7|12|15|5|5,72,11
443,0.0006032803402061522,-15.223626553147815,-15.223626553147815,5.094864127961764,5.094864127961764,4.645008869968684,2,0.06666666666666667,2,6,13331,63.167333333333346,5.094864127961764,-0.11844178941294672,0.002641453357685053,906.0,63.06184899156291,6.604632237589524,-0.3557079831261766,4.344903131764628,-8.292585611801822,-8.01011894292201,0.8193182372854233,-0.12769227330163777,5|13|5|13|5|7|13|15|5|5,71,11
444,0.0005972475368040906,-15.225505484424692,-15.225505484424692,5.0903736934093695,5.0903736934093695,4.645008869968684,1,0.03333333333333333,1,1,13361,63.167333333333346,5.0903736934093695,-0.11849822819143022,0.002642159497161233,920.0,63.06184899156291,6.604631486640509,-0.356904975568322,4.340123352480313,-8.29241821421192,-7.996386189407326,0.8193182372854233,-0.12769251274932558,5|13|5|14|5|6|13|15|5|5,71,11
445,0.0005912750614360498,-15.228807938249576,-15.228807938249576,5.088427357468062,5.088427357468062,4.645008869968684,3,0.1,3,4,13391,63.167333333333346,5.088427357468062,-0.1184289444847894,0.0026483230432455948,891.0,62.541566617041696,6.604549127757348,-0.35742380050262135,4.345990963981494,-8.290957082531031,-8.024832607402027,0.80775438584125,-0.12771877371212037,5|14|5|13|5|6|13|14|5|5,71,10
446,0.0005853623108216892,-15.228807938249576,-15.228807938249576,5.088427357468062,5.088427357468062,4.645008869968684,0,0.0,0,4,13421,63.167333333333346,5.088427357468062,-0.1184289444847894,0.0026483230432455948,891.0,62.541566617041696,6.604549127757348,-0.35742380050262135,4.345990963981494,-8.290957082531031,-8.024832607402027,0.80775438584125,-0.12771877371212037,5|14|5|13|5|6|13|14|5|5,71,10
447,0.0005795086877134723,-15.265458297300365,-15.265458297300365,5.034359412447362,5.034359412447362,4.645008869968684,2,0.06666666666666667,2,5,13451,63.21466666666667,5.034359412447362,-0.11895547529806003,0.002651220449269693,907.0,62.541566617041696,6.586452995944313,-0.37183641932535894,4.301399264064373,-8.29027022277915,-8.009138031956676,0.80775438584125,-0.13348890834769972,5|14|5|13|5|5|14|14|5|5,72,9
448,0.0005737136008363375,-15.268757410209401,-15.268757410209401,5.031751638375098,5.031751638375098,4.645008869968684,1,0.03333333333333333,1,4,13481,63.21466666666667,5.031751638375098,-0.11892984991518665,0.002653653484303499,880.0,62.34451393009681,6.586425968651108,-0.3725315604790492,4.303569468266199,-8.289693446923183,-8.035622628020707,0.8033746718434372,-0.13349752627346645,5|14|5|13|5|5|14|13|5|5,71,9
449,0.0005679764648279742,-15.268757410209401,-15.268757410209401,5.031751638375098,5.031751638375098,4.645008869968684,0,0.0,0,1,13511,63.21466666666667,5.031751638375098,-0.11892984991518665,0.002653653484303499,880.0,62.34451393009681,6.586425968651108,-0.3725315604790492,4.303569468266199,-8.289693446923183,-8.035622628020707,0.8033746718434372,-0.13349752627346645,5|14|5|13|5|5|14|13|5|5,71,9
450,0.0005622967001796944,-15.268757410209401,-15.268757410209401,5.031751638375098,5.031751638375098,4.645008869968684,0,0.0,0,2,13541,63.21466666666667,5.031751638375098,-0.11892984991518665,0.002653653484303499,880.0,62.34451393009681,6.586425968651108,-0.3725315604790492,4.303569468266199,-8.289693446923183,-8.035622628020707,0.8033746718434372,-0.13349752627346645,5|14|5|13|5|5|14|13|5|5,71,9
451,0.0005566737331778975,-15.270423469589202,-15.270423469589202,5.028581629022368,5.028581629022368,4.645008869968684,1,0.03333333333333333,1,2,13571,63.21466666666667,5.028581629022368,-0.11894849492249507,0.0026536516522691614,880.0,62.341778619336296,6.586424335570305,-0.37337657384968714,4.30199042949032,-8.289693881225672,-8.035622628020707,0.8033138765352792,-0.1334980469977959,5|13|5|14|5|5|14|13|5|5,71,9
452,0.0005511069958461185,-15.270030195074526,-15.270423469589202,5.029185672222747,5.028581629022368,4.645008869968684,1,0.03333333333333333,0,2,13601,63.21466666666667,5.029185672222747,-0.11912814986006104,0.002664187099309112,909.0,62.341778619336296,6.586424335570001,-0.3732155571068428,4.286775519246399,-8.287196345678487,-8.007176210026007,0.8033138765352792,-0.13349804699789278,5|13|5|14|5|5|15|13|5|5,72,9
453,0.0005455959258876573,-15.270030195074526,-15.270423469589202,5.029185672222747,5.028581629022368,4.645008869968684,0,0.0,0,3,13631,63.21466666666667,5.029185672222747,-0.11912814986006104,0.002664187099309112,909.0,62.341778619336296,6.586424335570001,-0.3732155571068428,4.286775519246399,-8.287196345678487,-8.007176210026007,0.8033138765352792,-0.13349804699789278,5|13|5|14|5|5|15|13|5|5,72,9
454,0.0005401399666287807,-15.270030195074526,-15.270423469589202,5.029185672222747,5.028581629022368,4.645008869968684,0,0.0,0,2,13661,63.21466666666667,5.029185672222747,-0.11912814986006104,0.002664187099309112,909.0,62.341778619336296,6.586424335570001,-0.3732155571068428,4.286775519246399,-8.287196345678487,-8.007176210026007,0.8033138765352792,-0.13349804699789278,5|13|5|14|5|5|15|13|5|5,72,9
455,0.0005347385669624929,-15.270030195074526,-15.270423469589202,5.029185672222747,5.028581629022368,4.645008869968684,0,0.0,0,1,13691,63.21466666666667,5.029185672222747,-0.11912814986006104,0.002664187099309112,909.0,62.341778619336296,6.586424335570001,-0.3732155571068428,4.286775519246399,-8.287196345678487,-8.007176210026007,0.8033138765352792,-0.13349804699789278,5|13|5|14|5|5|15|13|5|5,72,9
456,0.0005293911812928679,-15.270030195074526,-15.270423469589202,5.029185672222747,5.028581629022368,4.645008869968684,0,0.0,0,0,13721,63.21466666666667,5.029185672222747,-0.11912814986006104,0.002664187099309112,909.0,62.341778619336296,6.586424335570001,-0.3732155571068428,4.286775519246399,-8.287196345678487,-8.007176210026007,0.8033138765352792,-0.13349804699789278,5|13|5|14|5|5|15|13|5|5,72,9
457,0.0005240972694799392,-15.270030195074526,-15.270423469589202,5.029185672222747,5.028581629022368,4.645008869968684,0,0.0,0,1,13751,63.21466666666667,5.029185672222747,-0.11912814986006104,0.002664187099309112,909.0,62.341778619336296,6.586424335570001,-0.3732155571068428,4.286775519246399,-8.287196345678487,-8.007176210026007,0.8033138765352792,-0.13349804699789278,5|13|5|14|5|5|15|13|5|5,72,9
458,0.0005188562967851398,-15.276572274820813,-15.276572274820813,5.035233894558552,5.035233894558552,4.645008869968684,1,0.03333333333333333,1,5,13781,63.21466666666667,5.035233894558552,-0.11934608703872178,0.0026641778435587222,920.0,62.341778619336296,6.586421651128402,-0.3716033130489678,4.268318500157131,-8.287198539848848,-7.996386189407326,0.8033138765352792,-0.1334989029592444,5|13|5|14|5|6|15|13|5|5,73,9
459,0.0005136677338172884,-15.279220734427211,-15.279220734427211,5.035233894558552,5.035233894558552,4.645008869968684,1,0.03333333333333333,1,2,13811,63.21466666666667,5.035233894558552,-0.1193460870387216,0.0026641778435587222,893.0,62.341778619336296,6.586421651128402,-0.3716033130489678,4.268318500157147,-8.287198539848848,-8.022870785471358,0.8033138765352792,-0.1334989029592444,5|13|5|13|5|6|15|13|5|5,72,9
460,0.0005085310564791155,-15.345326473865079,-15.345326473865079,5.040906895396441,5.040906895396441,4.645008869968684,1,0.03333333333333333,1,3,13841,63.31000000000002,5.040906895396441,-0.12073082634313714,0.0026419261427609786,909.0,62.341778619336296,6.586415984428904,-0.3700910898892702,4.151045440405172,-8.292473533260795,-8.007176210026007,0.8033138765352792,-0.13350070984368698,5|13|5|14|5|5|15|13|5|5,72,9
461,0.0005034457459143244,-15.348985544911526,-15.348985544911526,5.039990934180429,5.039990934180429,4.645008869968684,1,0.03333333333333333,1,1,13871,63.31000000000002,5.039990934180429,-0.12075253231129764,0.00264281086040252,880.0,62.33542630302394,6.586415984429389,-0.37033525304098114,4.1492071699863695,-8.292263801889113,-8.035622628020707,0.8031726892766677,-0.13350070984353235,5|13|5|14|5|5|14|13|5|5,71,9
462,0.0004984112884551811,-15.408716169189972,-15.408716169189972,5.040242098720805,5.040242098720805,4.645008869968684,2,0.06666666666666667,2,0,13901,63.31000000000002,5.040242098720805,-0.12136777088803052,0.0026384670099237123,853.0,60.039339077200765,6.564331663441622,-0.3702683013789412,4.097102842376945,-8.293293556102801,-8.062107224084741,0.7521396101593578,-0.14054251893021122,5|14|5|13|5|5|13|13|5|5,71,8
463,0.0004934271755706293,-15.409406570523933,-15.409406570523933,5.033704010150002,5.033704010150002,4.645008869968684,3,0.1,2,0,13931,63.31000000000002,5.033704010150002,-0.1213790584858833,0.0026376609404832507,866.0,60.09674381463557,6.564328169737041,-0.3720111266030958,4.096146899887824,-8.293484643113482,-8.049355381535392,0.7534154939647602,-0.14054363293324879,5|13|5|12|5|6|14|14|5|5,72,8
464,0.000488492903814923,-15.418064247364898,-15.418064247364898,5.031899357268496,5.031899357268496,4.645008869968684,2,0.06666666666666667,2,0,13961,63.31000000000002,5.031899357268496,-0.12151316519302355,0.002638246598281501,839.0,60.085306034131065,6.5643281697384985,-0.3724921838002677,4.08478945243945,-8.293345806938417,-8.075839977599426,0.7531612766376272,-0.14054363293278405,5|13|5|13|5|6|12|14|5|5,72,8
465,0.0004836079747767737,-15.419738474491663,-15.419738474491663,5.028831636405098,5.028831636405098,4.645008869968684,2,0.06666666666666667,2,3,13991,63.31000000000002,5.028831636405098,-0.12151594638629397,0.002641349065345873,843.0,59.85178707774613,6.5642848272143715,-0.3733099306453122,4.084553914209587,-8.292610335368217,-8.071916333738088,0.7479710594531246,-0.14055745313492687,5|14|5|14|5|6|11|13|5|5,72,8
466,0.000478771895029006,-15.420097404628091,-15.420097404628091,5.028127218537393,5.028127218537393,4.645008869968684,1,0.03333333333333333,1,1,14021,63.31000000000002,5.028127218537393,-0.12150498988051883,0.0026408382898205334,839.0,59.85178707774613,6.564281222375334,-0.37349770375589125,4.085481816633056,-8.292731419934096,-8.075839977599426,0.7479710594531246,-0.14055860257430972,5|13|5|14|5|6|12|13|5|5,72,8
467,0.00047398417607871595,-15.420097404628091,-15.420097404628091,5.028127218537393,5.028127218537393,4.645008869968684,0,0.0,0,1,14051,63.31000000000002,5.028127218537393,-0.12150498988051883,0.0026408382898205334,839.0,59.85178707774613,6.564281222375334,-0.37349770375589125,4.085481816633056,-8.292731419934096,-8.075839977599426,0.7479710594531246,-0.14055860257430972,5|13|5|14|5|6|12|13|5|5,72,8
468,0.00046924433431792876,-15.420097404628091,-15.420097404628091,5.028127218537393,5.028127218537393,4.645008869968684,0,0.0,0,1,14081,63.31000000000002,5.028127218537393,-0.12150498988051883,0.0026408382898205334,839.0,59.85178707774613,6.564281222375334,-0.37349770375589125,4.085481816633056,-8.292731419934096,-8.075839977599426,0.7479710594531246,-0.14055860257430972,5|13|5|14|5|6|12|13|5|5,72,8
469,0.0004645518909747495,-15.422880657194968,-15.422880657194968,5.028115544474768,5.028115544474768,4.645008869968684,1,0.03333333333333333,1,4,14111,63.31000000000002,5.028115544474768,-0.12151746502485569,0.0026408567233463217,816.0,59.851379675600704,6.564281222375334,-0.37350081565175974,4.084425301271236,-8.292727050078147,-8.09840092980212,0.7479620044896692,-0.14055860257430972,5|13|5|14|5|6|11|13|5|5,71,8
470,0.000459906372065002,-15.423604620127149,-15.423604620127149,5.035380859080166,5.035380859080166,4.645008869968684,1,0.03333333333333333,1,0,14141,63.31000000000002,5.035380859080166,-0.12169647713975236,0.002630741153209892,822.0,60.67117262463633,6.564385615435913,-0.37156413745925987,4.069264831441527,-8.29512504950807,-8.092515464010113,0.7661828098482066,-0.14052531579121266,5|13|5|14|5|6|10|14|5|5,71,8
471,0.000455307308344352,-15.422129207654779,-15.423604620127149,5.0268525090437945,5.035380859080166,4.645008869968684,2,0.06666666666666667,0,2,14171,63.31000000000002,5.0268525090437945,-0.1216892204957011,0.002630551103230638,843.0,60.672891168036955,6.573496731058586,-0.3738374966226985,4.069879393943442,-8.295170102800741,-8.071916333738088,0.7662210063767811,-0.1376201444338022,5|14|5|13|5|6|11|14|5|5,71,9
472,0.0004507542352609085,-15.423374672676037,-15.423604620127149,5.026970428452961,5.035380859080166,4.645008869968684,1,0.03333333333333333,0,1,14201,63.31000000000002,5.026970428452961,-0.12172928646941336,0.002629781170803237,851.0,60.67289116803697,6.573496731058586,-0.37380606344180983,4.066486221442166,-8.295352623162628,-8.06406904601541,0.7662210063767815,-0.1376201444338022,5|15|5|13|5|6|10|14|5|5,71,9
473,0.0004462466929082994,-15.423369188427523,-15.423604620127149,5.026197804486753,5.035380859080166,4.645008869968684,1,0.03333333333333333,0,0,14231,63.31000000000002,5.026197804486753,-0.12175124741599141,0.0026297054324301693,863.0,60.67289116803697,6.573497903309078,-0.3740120179073255,4.064626356995446,-8.295370577719117,-8.052298114431396,0.7662210063767815,-0.1376197706498777,5|16|5|13|5|6|9|14|5|5,71,9
474,0.0004417842259792164,-15.42466803504572,-15.42466803504572,5.043236555475663,5.043236555475663,4.645008869968684,1,0.03333333333333333,1,1,14261,63.31000000000002,5.043236555475663,-0.12183315490980635,0.002631308594744594,846.0,60.67289116803697,6.5643091334921655,-0.36947008417700355,4.05768964162551,-8.294990531684716,-8.068973600842083,0.7662210063767815,-0.14054970283244175,5|16|5|13|5|6|8|14|5|5,70,9
475,0.0004373663837194242,-15.423926547722008,-15.42466803504572,5.044224475616732,5.043236555475663,4.645008869968684,1,0.03333333333333333,0,1,14291,63.31000000000002,5.044224475616732,-0.12180457578944041,0.0026313877176574506,838.0,60.6742571162963,6.5643091334921655,-0.36920673929834996,4.060109996763583,-8.29497177478843,-8.07682088856476,0.7662513660882091,-0.14054970283244175,5|16|5|12|5|6|9|14|5|5,70,9
476,0.00043299271988222994,-15.427120312459056,-15.427120312459056,5.043236555475663,5.043236555475663,4.645008869968684,1,0.03333333333333333,1,1,14321,63.31000000000002,5.043236555475663,-0.12183315490980637,0.002631308594744594,821.0,60.67289116803697,6.5643091334921655,-0.36947008417700355,4.057689641625509,-8.294990531684716,-8.093496374975448,0.7662210063767815,-0.14054970283244175,5|16|5|12|5|6|8|14|5|5,69,9
477,0.00042866279268340764,-15.427120312459056,-15.427120312459056,5.043236555475663,5.043236555475663,4.645008869968684,0,0.0,0,0,14351,63.31000000000002,5.043236555475663,-0.12183315490980637,0.002631308594744594,821.0,60.67289116803697,6.5643091334921655,-0.36947008417700355,4.057689641625509,-8.294990531684716,-8.093496374975448,0.7662210063767815,-0.14054970283244175,5|16|5|12|5|6|8|14|5|5,69,9
478,0.0004243761647565736,-15.428344811380525,-15.428344811380525,5.0420732182915895,5.0420732182915895,4.645008869968684,1,0.03333333333333333,1,0,14381,63.31000000000002,5.0420732182915895,-0.12184046184800361,0.002631314603079085,815.0,60.67117262463634,6.564307961242083,-0.3697801890901818,4.057070819730964,-8.294989107347533,-8.099381840767455,0.766182809848207,-0.14055007661623567,5|15|5|13|5|6|8|14|5|5,69,9
479,0.00042013240310900785,-15.428344811380525,-15.428344811380525,5.0420732182915895,5.0420732182915895,4.645008869968684,0,0.0,0,1,14411,63.31000000000002,5.0420732182915895,-0.12184046184800361,0.002631314603079085,815.0,60.67117262463634,6.564307961242083,-0.3697801890901818,4.057070819730964,-8.294989107347533,-8.099381840767455,0.766182809848207,-0.14055007661623567,5|15|5|13|5|6|8|14|5|5,69,9
480,0.0004159310790779178,-15.427433391634251,-15.428344811380525,5.048061965935194,5.0420732182915895,4.645008869968684,1,0.03333333333333333,0,1,14441,63.31000000000002,5.048061965935194,-0.12190527857036386,0.0026270380350652276,819.0,61.00246089900973,6.564391392835319,-0.3681837989003976,4.051581515477057,-8.296002911564292,-8.095458196906117,0.7735460583026176,-0.14052347360898496,5|15|5|12|5|6|8|15|5|5,69,9
481,0.0004117717682871386,-15.427433391634251,-15.428344811380525,5.048061965935194,5.0420732182915895,4.613874034629669,0,0.0,0,0,14471,63.31000000000002,5.048061965935194,-0.12190527857036386,0.0026270380350652276,819.0,61.00246089900973,6.564391392835319,-0.3681837989003976,4.051581515477057,-8.296002911564292,-8.095458196906117,0.7735460583026176,-0.14052347360898496,5|15|5|12|5|6|8|15|5|5,69,9
482,0.0004076540506042672,-15.427433391634251,-15.428344811380525,5.048061965935194,5.0420732182915895,4.613874034629669,0,0.0,0,6,14501,63.31000000000002,5.048061965935194,-0.12190527857036386,0.0026270380350652276,819.0,61.00246089900973,6.564391392835319,-0.3681837989003976,4.051581515477057,-8.296002911564292,-8.095458196906117,0.7735460583026176,-0.14052347360898496,5|15|5|12|5|6|8|15|5|5,69,9
483,0.0004035775100982245,-15.428807717492337,-15.428807717492337,5.046077492954337,5.046077492954337,4.613874034629669,1,0.03333333333333333,1,4,14531,63.31000000000002,5.046077492954337,-0.12191549630024116,0.0026270450809560706,815.0,61.00037407083002,6.5643885563230615,-0.3687127898325693,4.050716179711249,-8.296001241263756,-8.099381840767455,0.7734996762373363,-0.1405243780596039,5|14|5|13|5|6|8|15|5|5,69,9
484,0.00039954173499724227,-15.429044878419653,-15.429044878419653,5.046524385660372,5.046524385660372,4.613874034629669,2,0.06666666666666667,1,3,14561,63.31000000000002,5.046524385660372,-0.12189910212149094,0.0026283156271176885,800.0,60.94310709933818,6.567241782948682,-0.3685936639026995,4.052104596648668,-8.295700045292579,-8.114095505247473,0.7722268544324485,-0.1396145978952159,5|15|5|13|5|6|7|14|5|5,68,9
485,0.00039554631764726985,-15.429044878419653,-15.429044878419653,5.046524385660372,5.046524385660372,4.613874034629669,0,0.0,0,3,14591,63.31000000000002,5.046524385660372,-0.12189910212149094,0.0026283156271176885,800.0,60.94310709933818,6.567241782948682,-0.3685936639026995,4.052104596648668,-8.295700045292579,-8.114095505247473,0.7722268544324485,-0.1396145978952159,5|15|5|13|5|6|7|14|5|5,68,9
486,0.00039159085447079716,-15.429044878419653,-15.429044878419653,5.046524385660372,5.046524385660372,4.613874034629669,0,0.0,0,1,14621,63.31000000000002,5.046524385660372,-0.12189910212149094,0.0026283156271176885,800.0,60.94310709933818,6.567241782948682,-0.3685936639026995,4.052104596648668,-8.295700045292579,-8.114095505247473,0.7722268544324485,-0.1396145978952159,5|15|5|13|5|6|7|14|5|5,68,9
487,0.0003876749459260892,-15.431131119531267,-15.431685334128069,5.037082683473396,5.044010258109231,4.613874034629669,3,0.1,2,2,14651,63.31000000000002,5.037082683473396,-0.12184079329358295,0.0026384896763858327,800.0,60.11216140728177,6.582120582614414,-0.3711104907324707,4.057042749727385,-8.293288182785973,-8.114095505247473,0.7537581670202358,-0.13487034215182844,5|15|5|14|5|6|7|13|5|5,68,9
488,0.0003837981964668283,-15.43546755640286,-15.43546755640286,5.037580127216518,5.037580127216518,4.613874034629669,3,0.1,2,0,14681,63.31000000000002,5.037580127216518,-0.12191818996285611,0.0026320814867841977,800.0,60.49224232446871,6.567209367394542,-0.37097788966815,4.050488054420238,-8.294807309716466,-8.114095505247473,0.762205885948173,-0.13962493392247327,5|13|5|15|5|6|7|14|5|5,68,9
489,0.00037996021450216,-15.43546755640286,-15.43546755640286,5.037580127216518,5.037580127216518,4.613874034629669,0,0.0,0,0,14711,63.31000000000002,5.037580127216518,-0.12191818996285611,0.0026320814867841977,800.0,60.49224232446871,6.567209367394542,-0.37097788966815,4.050488054420238,-8.294807309716466,-8.114095505247473,0.762205885948173,-0.13962493392247327,5|13|5|15|5|6|7|14|5|5,68,9
490,0.0003761606123571384,-15.43546755640286,-15.43546755640286,5.037580127216518,5.037580127216518,4.613874034629669,0,0.0,0,1,14741,63.31000000000002,5.037580127216518,-0.12191818996285611,0.0026320814867841977,800.0,60.49224232446871,6.567209367394542,-0.37097788966815,4.050488054420238,-8.294807309716466,-8.114095505247473,0.762205885948173,-0.13962493392247327,5|13|5|15|5|6|7|14|5|5,68,9
491,0.00037239900623356703,-15.43546755640286,-15.43546755640286,5.037580127216518,5.037580127216518,4.613874034629669,0,0.0,0,0,14771,63.31000000000002,5.037580127216518,-0.12191818996285611,0.0026320814867841977,800.0,60.49224232446871,6.567209367394542,-0.37097788966815,4.050488054420238,-8.294807309716466,-8.114095505247473,0.762205885948173,-0.13962493392247327,5|13|5|15|5|6|7|14|5|5,68,9
492,0.00036867501617123135,-15.43546755640286,-15.43546755640286,5.037580127216518,5.037580127216518,4.613874034629669,0,0.0,0,0,14801,63.31000000000002,5.037580127216518,-0.12191818996285611,0.0026320814867841977,800.0,60.49224232446871,6.567209367394542,-0.37097788966815,4.050488054420238,-8.294807309716466,-8.114095505247473,0.762205885948173,-0.13962493392247327,5|13|5|15|5|6|7|14|5|5,68,9
493,0.00036498826600951905,-15.451877822836217,-15.451877822836217,5.027073563308699,5.027073563308699,4.59938791461401,1,0.03333333333333333,1,1,14831,63.31000000000002,5.027073563308699,-0.12220599052434215,0.0026322708486706103,787.0,60.49224232446871,6.565720819265755,-0.3737785713046013,4.0261143312680305,-8.294762419543245,-8.126847347796822,0.762205885948173,-0.1400995725470913,5|13|5|15|5|6|6|14|5|5,67,9
494,0.0003613383833494239,-15.451877822836217,-15.451877822836217,5.027073563308699,5.027073563308699,4.59938791461401,0,0.0,0,2,14861,63.31000000000002,5.027073563308699,-0.12220599052434215,0.0026322708486706103,787.0,60.49224232446871,6.565720819265755,-0.3737785713046013,4.0261143312680305,-8.294762419543245,-8.126847347796822,0.762205885948173,-0.1400995725470913,5|13|5|15|5|6|6|14|5|5,67,9
495,0.0003577249995159296,-15.455893603777799,-15.455893603777799,5.02536571194226,5.02536571194226,4.59938791461401,1,0.03333333333333333,1,1,14891,63.26066666666668,5.02536571194226,-0.12241893225253517,0.002640462150312414,803.0,60.49224232446871,6.565741700900733,-0.3742338246111761,4.008080375032053,-8.292820587654145,-8.111152772351469,0.762205885948173,-0.1400929142266015,5|14|5|15|5|6|5|14|5|5,67,9
496,0.00035414774952077034,-15.458266372200569,-15.458266372200569,5.023973724641404,5.023973724641404,4.59938791461401,1,0.03333333333333333,1,2,14921,63.26066666666668,5.023973724641404,-0.12240291992988528,0.0026403975375062067,776.0,60.49224232446871,6.565737571278039,-0.3746048796302942,4.009436452717507,-8.292835904781143,-8.137637368415502,0.762205885948173,-0.1400942309985607,5|13|5|15|5|6|5|14|5|5,66,9
497,0.0003506062720255626,-15.458266372200569,-15.458266372200569,5.023973724641404,5.023973724641404,4.59938791461401,0,0.0,0,1,14951,63.26066666666668,5.023973724641404,-0.12240291992988528,0.0026403975375062067,776.0,60.49224232446871,6.565737571278039,-0.3746048796302942,4.009436452717507,-8.292835904781143,-8.137637368415502,0.762205885948173,-0.1400942309985607,5|13|5|15|5|6|5|14|5|5,66,9
498,0.00034710020930530695,-15.458266372200569,-15.458266372200569,5.023973724641404,5.023973724641404,4.59938791461401,0,0.0,0,0,14981,63.26066666666668,5.023973724641404,-0.12240291992988528,0.0026403975375062067,776.0,60.49224232446871,6.565737571278039,-0.3746048796302942,4.009436452717507,-8.292835904781143,-8.137637368415502,0.762205885948173,-0.1400942309985607,5|13|5|15|5|6|5|14|5|5,66,9
499,0.0003436292072122539,-15.46111101400004,-15.46111101400004,5.023973724641404,5.023973724641404,4.59938791461401,1,0.03333333333333333,1,1,15011,63.26066666666668,5.023973724641404,-0.12240291992988524,0.0026403975375062067,747.0,60.49224232446871,6.565737571278039,-0.3746048796302942,4.009436452717511,-8.292835904781143,-8.166083786410205,0.762205885948173,-0.1400942309985607,5|13|5|14|5|6|5|14|5|5,66,8
500,0.00034019291514013133,-15.46215078437875,-15.46215078437875,5.023971724775992,5.023971724775992,4.59938791461401,1,0.03333333333333333,1,1,15041,63.31000000000002,5.023971724775992,-0.12243703824679168,0.0026404292062556954,751.0,60.49224232446871,6.565725762647875,-0.3746054127243089,4.006546985072267,-8.29282839737996,-8.162160142548867,0.762205885948173,-0.1400979962997095,5|12|5|15|5|6|5|14|5|5,66,8
