temperature_step,temperature,current_energy,best_energy,current_D,best_E_D,best_D,accepted,acceptance_rate,new_bests,infeasible_proposals,blackbox_calls,security_pct,raw_DD,raw_S,raw_V,raw_N,raw_P,raw_C,z_DD,z_S,z_V,z_N,z_P,z_C,sizes,n_covered,n_overlap
1,0.025767227566781743,0.007218087852340777,-0.008126567831703364,6.425801935280843,6.426482065239164,6.425801935280843,10,0.3333333333333333,1,8,71,65.44133333333333,6.425801935280843,-0.16938304982967173,0.03757665721862979,9023.0,26.470441041329856,7.004451052045962,-0.0009266189312528886,0.030706620087704417,-0.01083798780666763,-0.0480646373013934,0.006033708746429221,-0.00020600092658908312,44|40|5|44|5|39|41|7|5|15,82,52
2,0.025509555291113924,0.07433996569627113,-0.008126567831703364,6.444448157678127,6.426482065239164,6.405115445028214,13,0.43333333333333335,0,5,101,65.44133333333333,6.444448157678127,-0.1644613040938712,0.035918651777836666,9378.0,27.860002938007735,7.004366797134049,0.004043810327583568,0.447527446880206,-0.4038851466128606,0.3001587553923751,0.03691825939155468,-0.00023286645732628242,44|39|5|48|5|39|42|8|7|13,87,52
3,0.025254459738202784,0.031508088274194726,-0.008126567831703364,6.443662763450688,6.426482065239164,6.405115445028214,7,0.23333333333333334,0,14,131,65.44133333333333,6.443662763450688,-0.15867814481916304,0.03334922573650329,9549.0,27.884430363366334,7.005702651508287,0.0038344517580777516,0.9373010678176752,-1.0129938868264206,0.4678945304645847,0.037461185948062414,0.00019308421945477528,44|39|5|48|5|38|45|8|6|13,89,52
4,0.025001915140820754,0.03708741728797041,-0.008126567831703364,6.440980020755115,6.426482065239164,6.405115445028214,8,0.26666666666666666,0,13,161,65.44133333333333,6.440980020755115,-0.15769991737038236,0.032819477001645336,9837.0,27.831567984429803,7.0056950240757025,0.003119326597393686,1.0201467888036173,-1.1385762462048632,0.7503968884809377,0.03628626108621182,0.00019065213543873486,46|39|5|51|6|37|44|8|5|12,91,52
5,0.024751895989412548,-0.003289225888579557,-0.008126567831703364,6.430917333212067,6.426482065239164,6.405115445028214,9,0.3,0,11,191,65.368,6.430917333212067,-0.15806252601025145,0.0326497791788961,9806.0,27.904944690346344,7.666296162436911,0.000436966839967474,0.9894375971497428,-1.1788048518813783,0.7199886485555664,0.03791713956342817,0.21083000579086833,46|38|5|51|5|36|45|9|7|12,93,52
6,0.024504377029518423,0.09479771601694724,-0.008126567831703364,6.456453647117692,6.426482065239164,6.389652834482701,10,0.3333333333333333,0,12,221,65.368,6.456453647117692,-0.1560245059152246,0.03268579586811884,9738.0,28.569154930038692,7.665404526200148,0.007244052966851673,1.1620367655402757,-1.1702667270837723,0.6532867029128163,0.05267994706112445,0.21054569855961916,43|38|5|51|5|38|45|10|9|12,95,54
7,0.024259333259223238,0.12870353346652813,-0.008126567831703364,6.44602022184506,6.426482065239164,6.389652834482701,10,0.3333333333333333,0,10,251,65.24,6.44602022184506,-0.15515981604580023,0.032637655872450946,9796.0,28.577129870889177,7.664052684527291,0.004462867526709999,1.2352670309054452,-1.1816788057517142,0.7101795389022207,0.052857198945461176,0.21011465017099312,41|40|6|52|5|38|45|10|9|10,96,55
8,0.024016739926631003,0.013088215028163656,-0.008126567831703364,6.391371267987569,6.426482065239164,6.389652834482701,10,0.3333333333333333,0,13,281,65.24,6.391371267987569,-0.15610212365953852,0.03196748206009914,9969.0,28.695912671802926,8.325136062536389,-0.010104627884995533,1.155463347469658,-1.3405503669482735,0.8798771359050995,0.0554972781239139,0.4209077708150636,40|38|5|55|5|37|46|11|12|10,99,56
9,0.023776572527364693,0.027365283957973736,-0.008126567831703364,6.366685229846074,6.426482065239164,6.364541513852629,12,0.4,0,9,311,65.27466666666666,6.366685229846074,-0.1552838123079037,0.031712262463907404,10144.0,28.632161083691535,8.325180709669374,-0.016685060299075974,1.2247658333093976,-1.4010527843027303,1.0515365548386473,0.05408032853970272,0.42092200700493415,41|38|5|55|5|36|48|10|12|10,102,56
10,0.023538806802091045,0.03159800517373848,-0.008126567831703364,6.296279994425751,6.426482065239164,6.296279994425751,12,0.4,0,7,341,65.08200000000001,6.296279994425751,-0.1532099882544932,0.030560066330376133,10855.0,28.81318838275085,8.309306321126735,-0.03545262804831696,1.4003972256986963,-1.6741926700532341,1.7489642511915189,0.058103860560344896,0.4158602976797102,41|37|5|59|5|36|51|10|14|9,107,59
11,0.023303418734070134,-0.006405469859110474,-0.008126567831703364,6.292070207761587,6.426482065239164,5.316796173230614,10,0.3333333333333333,0,12,371,65.08200000000001,6.292070207761587,-0.14926790759212544,0.028866613601011892,10794.0,29.07420910062012,8.30928381874818,-0.03657480960140546,1.73425057960496,-2.0756429714049647,1.6891286823061107,0.0639053348233724,0.4158531225687401,41|35|5|62|5|34|49|10|16|9,108,60
12,0.023070384546729432,0.06043617881947176,-0.027977286368076365,6.4572422635337965,6.292070207761587,5.316796173230614,8,0.26666666666666666,3,12,401,65.08200000000001,6.4572422635337965,-0.1469822335527145,0.027855274308765554,11092.0,30.574169711814918,8.308806723835465,0.00745427045890396,1.9278234689875646,-2.315391301311735,1.9814401499758094,0.09724361905014409,0.41570099603093885,41|37|5|62|5|33|51|11|16|9,111,62
13,0.022839680701262136,0.07201036131545263,-0.027977286368076365,6.45572134277024,6.292070207761587,5.316796173230614,8,0.26666666666666666,0,16,431,65.08200000000001,6.45572134277024,-0.14656139179688038,0.02772607557900688,11207.0,30.411532570552566,8.31160449514108,0.0070488462983161835,1.9634644017036988,-2.346019182501754,2.094244910989284,0.09362882863447114,0.41659309370572073,41|38|5|63|5|31|52|11|14|9,112,63
14,0.022611283894249514,0.048792070826802716,-0.027977286368076365,6.442681931103033,6.292070207761587,5.316796173230614,12,0.4,0,11,461,65.08200000000001,6.442681931103033,-0.14229127028121796,0.025968405624669687,11360.0,29.760851033288354,8.304526180719213,0.0035729962366897964,2.3250994141985806,-2.762692834272626,2.2443242886854713,0.07916671151717716,0.4143361015689973,41|39|5|64|5|32|51|9|15|9,114,64
15,0.022385171055307018,0.08277775279112681,-0.027977286368076365,6.459578923484598,6.292070207761587,5.316796173230614,10,0.3333333333333333,0,12,491,65.08200000000001,6.459578923484598,-0.14123593253428515,0.02568078254958267,11363.0,31.433764629101386,8.305637571261688,0.008077142091557311,2.414475577827302,-2.8308768279367085,2.2472670215814747,0.11634906719225059,0.41469047968300776,40|39|5|64|5|35|49|10|17|9,115,65
16,0.022161319344753946,0.048781244500383715,-0.027977286368076365,6.45955181808905,6.292070207761587,5.316796173230614,7,0.23333333333333334,0,20,521,65.08200000000001,6.45955181808905,-0.1407768220029199,0.025467780490752212,11049.0,31.669301142095115,8.305636459567348,0.008069916743267897,2.4533574789951764,-2.881371145978954,1.9392609784664234,0.12158412680472454,0.4146901252080248,40|39|5|62|5|35|48|10|18|9,115,66
17,0.021939706151306408,0.06729939854799319,-0.027977286368076365,6.458771918263279,6.292070207761587,5.316796173230614,8,0.26666666666666666,0,13,551,65.08200000000001,6.458771918263279,-0.14054986518663254,0.02546955539067187,11119.0,31.85276536876249,8.305845871490204,0.007862022788643737,2.4725783678604785,-2.880950387787561,2.0079247460398424,0.12566182223781314,0.4147568983174198,41|39|5|62|6|32|50|10|18|8,116,66
18,0.021720309089793343,0.13295842126861818,-0.027977286368076365,6.452812722151259,6.292070207761587,5.316796173230614,9,0.3,0,12,581,65.12266666666667,6.452812722151259,-0.1383755495044381,0.02507905941615194,11326.0,31.95689665764582,7.681099546663661,0.006273510001268303,2.6567203591396726,-2.9735214551279037,2.2109733158640963,0.1279762553501115,0.21555021455885648,41|39|5|63|6|32|51|9|18|8,117,67
19,0.02150310599889541,0.08818529713252884,-0.027977286368076365,6.460722992909892,6.292070207761587,5.316796173230614,12,0.4,0,11,611,65.16133333333333,6.460722992909892,-0.13681568510655057,0.024028006584609102,11467.0,31.760431855511637,7.676267724664456,0.008382110895664771,2.7888246983139333,-3.2226842859781453,2.349281761976269,0.12360960774268627,0.21400953924997726,41|39|5|65|6|29|52|9|17|8,118,68
20,0.021288074938906453,0.10739083232173463,-0.027977286368076365,6.451134335833418,6.292070207761587,5.316796173230614,11,0.36666666666666664,0,14,641,65.16133333333333,6.451134335833418,-0.13655268288047653,0.023995289277713817,11619.0,31.723798713728375,7.679451299877282,0.005826111043769958,2.811098259608057,-3.230440258427084,2.498380228707122,0.12279539563353148,0.21502465440222604,44|39|5|64|6|30|52|9|16|8,118,69
21,0.02107519418951739,0.09835662064125232,-0.027977286368076365,6.449143713213184,6.292070207761587,5.316796173230614,12,0.4,0,14,671,65.16133333333333,6.449143713213184,-0.13609874362936428,0.023659686860285956,11723.0,31.89044641019234,7.679435855956319,0.005295480833312279,2.849542206963132,-3.309998246243705,2.600394969101916,0.12649932507606995,0.2150197299518418,45|40|5|65|6|29|51|9|15|8,119,72
22,0.020864442247622215,0.13319669796251327,-0.027977286368076365,6.456444664035048,6.292070207761587,5.316796173230614,11,0.36666666666666664,0,9,701,65.16133333333333,6.456444664035048,-0.13534079134544252,0.0236760908302703,11684.0,32.13158074390607,7.679462018878283,0.007241658391915433,2.9137329056730366,-3.3061095172704125,2.5621394414538683,0.1318588024477978,0.21502807226409681,45|40|5|64|6|30|51|9|16|8,120,72
23,0.020655797825145993,0.17279301878507802,-0.027977286368076365,6.433250369850791,6.292070207761587,5.316796173230614,9,0.3,0,15,731,65.04133333333333,6.433250369850791,-0.13500125557548803,0.0234931082360197,12128.0,32.989853306804754,7.680020001158798,0.0010588726246341443,2.942488064503898,-3.3494874139959996,2.9976639100624127,0.15093485980050658,0.21520599055713896,45|41|5|65|5|30|53|10|17|7,122,74
24,0.020449239846894535,0.24871931546266446,-0.027977286368076365,6.434682636936575,6.292070207761587,5.316796173230614,12,0.4,0,5,761,65.04133333333333,6.434682636936575,-0.13284679098915098,0.023165234463010803,12337.0,33.23064918646575,7.679946180125823,0.0014406648224299992,3.1249488738138917,-3.4272132475533175,3.2026743018173356,0.15628681465642724,0.21518245197421934,46|45|5|65|5|30|51|10|16|8,125,74
25,0.02024474744842559,0.2468993230328227,-0.027977286368076365,6.43386066938175,6.292070207761587,5.316796173230614,5,0.16666666666666666,0,15,791,65.04133333333333,6.43386066938175,-0.13335816240729229,0.023394123500234724,12175.0,34.02373066495677,7.678918401249408,0.0012215570858993571,3.0816410174658344,-3.3729527586856136,3.043766725433137,0.17391392802699854,0.21485473428550064,45|43|5|65|5|30|51|10|19|8,124,74
26,0.020042299973941333,0.20356533670811786,-0.027977286368076365,6.25445417637209,6.292070207761587,5.316796173230614,7,0.23333333333333334,0,12,821,65.04133333333333,6.25445417637209,-0.13210228070649732,0.02277189340347758,12614.0,32.404052670997196,7.67889890764925,-0.04660192496215004,3.1880011744059176,-3.520458771414443,3.4743866392150085,0.1379147925060597,0.2148485185539506,46|44|5|67|5|30|52|9|17|7,123,76
27,0.01984187697420192,0.18792853387311986,-0.027977286368076365,6.084402866819971,6.292070207761587,5.316796173230614,8,0.26666666666666666,0,16,851,64.66266666666667,6.084402866819971,-0.13221553745512243,0.02281832867267699,12925.0,32.2671364187687,7.681244097719742,-0.0919316430408328,3.178409502235947,-3.509450815603093,3.7794499494340563,0.13487167730823993,0.21559630612493935,47|44|5|68|5|28|54|9|17|6,123,77
28,0.0196434582044599,0.17594390170604501,-0.027977286368076365,6.112706998696851,6.292070207761587,5.316796173230614,8,0.26666666666666666,0,14,881,64.86333333333334,6.112706998696851,-0.13236660011953144,0.02287230336296567,12758.0,31.98375667367268,7.680745234394157,-0.08438675366703134,3.1656160610351085,-3.496655562859373,3.6156378182231848,0.12857324892578,0.21543723850854946,47|45|5|68|5|27|52|8|17|8,123,77
29,0.0194470236224153,0.19210185069085228,-0.027977286368076365,6.106104144025209,6.292070207761587,5.316796173230614,7,0.23333333333333334,0,14,911,64.90200000000002,6.106104144025209,-0.1329170449716924,0.02319927703100479,12669.0,32.99161691026069,7.680712348705072,-0.0861468432633323,3.118999090005399,-3.419143108397379,3.528336742308409,0.15097405783866735,0.21542675257401006,50|45|5|67|5|26|49|8|20|8,124,76
30,0.019252553386191147,0.14493438666541258,-0.027977286368076365,6.126904695144528,6.292070207761587,5.316796173230614,14,0.4666666666666667,0,6,941,64.82400000000001,6.126904695144528,-0.1344375488598617,0.023391922527214826,12385.0,34.49407281343097,7.680589800385516,-0.08060214548591828,2.9902281778475706,-3.373474521866117,3.249758028153394,0.18436780269052913,0.2153876768029832,51|45|5|67|5|25|45|11|20|7,124,75
31,0.019060027852329235,0.04873745494088508,-0.027977286368076365,6.12035770228289,6.292070207761587,5.316796173230614,12,0.4,0,8,971,64.82400000000001,6.12035770228289,-0.1315005952327755,0.02183385997205244,12052.0,34.36136231973771,7.679650334550538,-0.08234734428187497,3.238957694731927,-3.7428291967554532,2.923114676696986,0.18141816512964887,0.2150881186206402,50|44|5|65|5|26|46|10|20|7,123,74
32,0.01886942757380594,0.07755112412428843,-0.027977286368076365,6.093458289826826,6.292070207761587,5.316796173230614,10,0.3333333333333333,0,14,1001,64.70133333333334,6.093458289826826,-0.131231879965589,0.021713617595947,12386.0,34.90984596886714,7.677302124498415,-0.08951778469969417,3.261715091365751,-3.771333882647039,3.2507389391187287,0.19360882110550712,0.2143393680979672,51|43|5|64|5|25|50|10|23|6,126,75
33,0.01868073329806788,0.14208622793686884,-0.027977286368076365,6.071862434432598,6.292070207761587,5.316796173230614,14,0.4666666666666667,0,8,1031,64.70133333333334,6.071862434432598,-0.12931638358617323,0.021397947252562152,12842.0,33.278193974797446,7.60122758547786,-0.09527448271787861,3.4239377715782746,-3.8461667683144336,3.6980343393112878,0.15734355018339635,0.19008223198603594,51|45|5|66|5|25|51|8|22|6,126,77
34,0.018493925965087202,-0.030048342619064847,-0.06685554189507426,6.052781813405248,6.072374540088351,5.316796173230614,11,0.36666666666666664,3,13,1061,64.61666666666667,6.052781813405248,-0.1254274130455743,0.018474050819402472,12913.0,33.98720118494103,7.604376914987464,-0.10036070742390407,3.7532932489067803,-4.539306342782434,3.7676790178500417,0.17310201991532417,0.19108642754948388,52|44|5|66|5|26|51|9|22|5,124,78
35,0.01830898670543633,-0.03905464483914521,-0.06685554189507426,6.034355042107274,6.072374540088351,5.316796173230614,10,0.3333333333333333,0,13,1091,64.71533333333335,6.034355042107274,-0.12568200688002068,0.018706701756283056,12700.0,33.98752680620513,7.6042688582874005,-0.10527263871239266,3.7317317911910153,-4.484154057099482,3.5587449822337804,0.17310925720820505,0.19105197257788642,51|43|5|65|5|24|53|9|22|5,123,78
36,0.018125896838381967,0.014332612999984659,-0.06685554189507426,6.064285620206395,6.072374540088351,5.316796173230614,10,0.3333333333333333,0,10,1121,64.50000000000001,6.064285620206395,-0.12473078254665312,0.018258360225479088,13072.0,35.94751766000796,7.604585164745187,-0.09729419578985044,3.8122906283156888,-4.59043800558461,3.9236438613382365,0.21667222258094418,0.1911528300907732,50|42|5|68|5|27|52|10|24|5,123,81
37,0.017944637869998146,0.01015005559619546,-0.06685554189507426,6.027530214947619,6.072374540088351,5.316796173230614,11,0.36666666666666664,0,12,1151,64.70066666666668,6.027530214947619,-0.1246193110026276,0.01812214159154598,13231.0,36.07749360404425,7.60461048145154,-0.10709189839288373,3.8217311121681115,-4.622730026905274,4.079608704826431,0.21956108175003472,0.1911609025786227,51|43|5|69|5|26|51|9|24|6,123,82
38,0.017765191491298165,0.053218962537865996,-0.06685554189507426,6.0274725989156455,6.072374540088351,5.316796173230614,8,0.26666666666666666,0,15,1181,64.70066666666668,6.0274725989156455,-0.12321876816440888,0.017546019950425994,13798.0,35.75792811738458,7.604598230220884,-0.10710725680731209,3.9403425673553003,-4.7593055583225,4.635785222171126,0.21245838522333035,0.1911569961498309,51|46|5|70|5|26|53|9|23|6,125,83
39,0.017587539576385182,-0.18229156018643955,-0.1890864050365374,6.042766521136093,6.034636764017163,5.316796173230614,12,0.4,2,9,1211,64.70066666666668,6.042766521136093,-0.1194063203380575,0.014250681267816681,13573.0,36.805581932499635,7.603139043334497,-0.10303043326272363,4.263217364304677,-5.540499319595172,4.41508025497085,0.23574365044889264,0.19069171965428394,51|46|5|69|5|28|50|10|25|6,125,85
40,0.01741166418062133,-0.14805595300446944,-0.1890864050365374,6.042316512907656,6.034636764017163,5.316796173230614,8,0.26666666666666666,0,15,1241,64.70066666666668,6.042316512907656,-0.1188484205643153,0.01414645870483185,13800.0,36.87921016922812,7.603136077951151,-0.10315038968165294,4.310465689887012,-5.565206344829717,4.637747044101795,0.2373801194767126,0.19069077411181504,52|44|5|67|5|28|55|10|26|6,125,86
41,0.017237547538815116,-0.10394816293056311,-0.1890864050365374,6.041483990343113,6.034636764017163,5.316796173230614,8,0.26666666666666666,0,13,1271,64.70066666666668,6.041483990343113,-0.11843753693980692,0.014200436811669853,13849.0,38.29434108674849,7.603141654293507,-0.10337231101377498,4.345263272142696,-5.552410282158013,4.685811681403189,0.26883296990110245,0.190692552184969,53|44|5|64|5|27|58|10|27|6,126,87
42,0.017065172063426965,-0.15856428717784807,-0.1890864050365374,6.075424206288299,6.034636764017163,5.316796173230614,8,0.26666666666666666,0,11,1301,64.70066666666668,6.075424206288299,-0.11509949465644306,0.012027797132361883,13771.0,43.70798941932953,7.624051512249647,-0.09432503919695087,4.627960839044483,-6.067456754293292,4.6093006261070935,0.38915729406559635,0.19735987185661596,52|44|5|63|5|28|58|12|28|6,127,88
43,0.016894520342792697,-0.20245058713385508,-0.20245058713385508,6.038333020532258,6.038333020532258,5.316796173230614,10,0.3333333333333333,2,15,1331,64.70066666666668,6.038333020532258,-0.11520897924267529,0.011957685666289592,13553.0,43.73779165808201,7.624163420829588,-0.1042122491099688,4.618688629912995,-6.084077394890387,4.395462035664159,0.3898196817967868,0.1973955550390668,53|47|5|59|5|26|58|12|28|6,127,87
44,0.01672557513936477,-0.1637847171058804,-0.20245058713385508,6.038333020532258,6.038333020532258,5.316796173230614,3,0.1,0,18,1361,64.70066666666668,6.038333020532258,-0.11461026574548469,0.011981457770769081,13660.0,43.73779165808201,7.624163420829588,-0.1042122491099688,4.6693934546453155,-6.078441974224917,4.500419508954957,0.3898196817967868,0.1973955550390668,54|47|5|59|5|26|58|12|28|6,126,89
45,0.016558319387971122,-0.14886407250306366,-0.20245058713385508,6.025638161526913,6.038333020532258,5.316796173230614,9,0.3,0,11,1391,64.70066666666668,6.025638161526913,-0.11462164551606764,0.012016219431283984,13773.0,44.06010863108544,7.623519185240968,-0.10759625351003241,4.668429706081754,-6.070201366827253,4.611262448037762,0.3969835331518845,0.19719013400645188,56|46|5|58|5|25|58|11|31|6,126,90
46,0.01639273619409141,-0.17104968476368437,-0.20245058713385508,6.011837388294788,6.038333020532258,5.316796173230614,14,0.4666666666666667,0,8,1421,64.70066666666668,6.011837388294788,-0.11477645072502765,0.012041594071306477,13901.0,41.58419757536005,7.623318485241913,-0.11127505587578716,4.6553193101665125,-6.064186048709961,4.736819051600586,0.34195367044753666,0.19712613878206492,59|47|5|56|5|25|58|10|30|6,126,89
47,0.016228808832150495,-0.20284764600195565,-0.22623771436858092,6.019765190083373,6.017960231488203,5.316796173230614,14,0.4666666666666667,3,8,1451,64.70066666666668,6.019765190083373,-0.11515556471292605,0.012073659895513325,13635.0,41.983164639507194,7.623733678869454,-0.10916178182334554,4.623212286690072,-6.056584516899998,4.4758967348215934,0.35082115488838694,0.19725852746907813,61|46|5|54|5|26|55|11|31|7,128,88
48,0.01606652074382899,-0.1587219580859422,-0.22623771436858092,6.029979939311442,6.017960231488203,5.316796173230614,14,0.4666666666666667,0,5,1481,64.70066666666668,6.029979939311442,-0.11499937748470528,0.012093467531003203,13871.0,42.81927819034597,7.623771878315261,-0.1064388877511249,4.636439725305575,-6.051888914183374,4.7073917226405495,0.36940470368005474,0.19727070774868655,60|46|5|55|5|27|55|11|34|7,133,86
49,0.0159058555363907,-0.15945141456608192,-0.22623771436858092,6.0133994868967955,6.017960231488203,5.316796173230614,9,0.3,0,6,1511,64.70066666666668,6.0133994868967955,-0.11600480139958255,0.012354826076108657,13999.0,43.06496057065738,7.623692762174488,-0.11085865514693306,4.551290745660463,-5.989931196159072,4.832948326203373,0.37486526641963713,0.197245480767096,60|45|5|60|5|25|52|11|35|7,133,86
50,0.01574679698102679,-0.09655509241938007,-0.22623771436858092,6.08376490849956,6.017960231488203,5.316796173230614,5,0.16666666666666666,0,13,1541,64.66266666666668,6.08376490849956,-0.11547100874928476,0.012433489651702507,14015.0,44.02262320875871,7.624723725998928,-0.09210170036580335,4.59649744787071,-5.9712831904722465,4.848642901648725,0.3961503781646388,0.1975742140087021,60|45|5|61|5|26|50|13|35|7,133,87
51,0.015589329011216523,-0.16178092381341555,-0.22623771436858092,6.0971270377761,6.017960231488203,5.316796173230614,9,0.3,0,8,1571,64.70066666666668,6.0971270377761,-0.11363859224559333,0.011240516537066704,13858.0,44.960484333571245,7.625916131288216,-0.08853982510220351,4.7516841241228205,-6.254089676930745,4.6946398800911995,0.41699537936726,0.19795442449403977,59|46|5|59|5|25|52|14|34|7,134,87
52,0.015433435721104357,-0.1667668871620444,-0.22623771436858092,6.110579584654752,6.017960231488203,5.316796173230614,7,0.23333333333333334,0,10,1601,64.70066666666668,6.110579584654752,-0.11364520264662266,0.011424011707907123,13557.0,44.91402467710439,7.625892776559614,-0.08495384767541604,4.751124291703516,-6.210590268678512,4.399385679525498,0.4159627620966396,0.19794697760263769,57|46|5|60|6|23|51|14|34|7,133,86
53,0.015279101363893313,-0.15449299936867988,-0.22623771436858092,6.137298265537538,6.017960231488203,5.316796173230614,14,0.4666666666666667,0,6,1631,64.70066666666668,6.137298265537538,-0.11361300147844142,0.011374294888743506,13626.0,45.17612423250253,7.629217462637322,-0.07783158395959448,4.753851396731994,-6.222376149494315,4.467068536133582,0.42178821471743433,0.19900708738121428,57|48|5|57|5|23|52|14|36|7,133,91
54,0.01512631035025438,-0.12107231941199453,-0.22623771436858092,6.128831166077437,6.017960231488203,5.316796173230614,7,0.23333333333333334,0,9,1661,64.70066666666668,6.128831166077437,-0.11332199850674415,0.011290162381395522,13931.0,45.48294327421413,7.629155594142739,-0.08008861586650205,4.778496330821056,-6.2423206214259315,4.766246380560623,0.42860760740176573,0.19898735998603778,57|49|5|57|5|22|53|14|38|7,134,94
55,0.014975047246751836,-0.12277272881980891,-0.22623771436858092,6.123942252864489,6.017960231488203,5.316796173230614,7,0.23333333333333334,0,8,1691,64.70066666666668,6.123942252864489,-0.11300873980566328,0.011148645488186849,14074.0,44.50075674633644,7.628882912468476,-0.08139182875111771,4.805026094403659,-6.275868649333573,4.906516648603465,0.40677742507183795,0.19890041267655684,57|48|5|58|5|23|54|13|38|7,135,95
56,0.014825296774284317,-0.10187150731338718,-0.22623771436858092,6.1334060438042135,6.017960231488203,5.316796173230614,9,0.3,0,11,1721,64.70066666666668,6.1334060438042135,-0.11291068240976634,0.011106781249756875,14159.0,45.47715035749809,7.640266056003659,-0.07886911383417185,4.813330539010291,-6.285792995518237,4.989894080656902,0.4284788534181344,0.20253004311099143,56|51|5|57|5|21|54|14|39|7,136,95
57,0.014677043806541473,-0.050368931857005195,-0.22623771436858092,6.141441571576307,6.017960231488203,5.316796173230614,13,0.43333333333333335,0,6,1751,64.70066666666668,6.141441571576307,-0.11267809734697057,0.011036242875431796,14588.0,45.9983082421994,7.641180352459317,-0.07672712381079734,4.833028081991624,-6.302514839085901,5.410704884785428,0.4400621640447753,0.2028215757821991,55|51|5|61|5|20|55|14|39|7,137,95
58,0.014530273368476058,-0.04526073419931123,-0.22623771436858092,6.130505800327798,6.017960231488203,5.316796173230614,10,0.3333333333333333,0,5,1781,64.70066666666668,6.130505800327798,-0.1127121380274971,0.011131505308224852,14469.0,46.884303314863246,7.640015046594118,-0.07964221707866732,4.830145189342692,-6.279931904416902,5.293976479910615,0.45975438485079917,0.2024500062222898,54|51|5|61|5|22|54|14|39|8,137,95
59,0.014384970634791298,-0.03382118921575575,-0.22623771436858092,6.115986349917293,6.017960231488203,5.316796173230614,13,0.43333333333333335,0,8,1811,64.70066666666668,6.115986349917293,-0.11241990204554635,0.011093930534868984,14598.0,46.41055715401603,7.639141497193086,-0.0835125935873757,4.854894546614278,-6.288839389004676,5.420513994438774,0.44922485224588254,0.20217146616152656,55|50|5|60|5|22|55|13|41|8,140,95
60,0.014241120928443384,-0.07539861810785409,-0.22623771436858092,6.125345573261962,6.017960231488203,5.316796173230614,13,0.43333333333333335,0,6,1841,64.70066666666668,6.125345573261962,-0.11309158301152449,0.0112912932933478,14240.0,46.05899924403732,7.64054619825558,-0.08101775272571661,4.798010133926459,-6.2420525271731835,5.069347868849001,0.4414110887126492,0.20261936930110744,53|51|5|59|5|24|53|13|41|8,140,92
61,0.01409870971915895,-0.1366315854524685,-0.22623771436858092,6.081185897214952,6.017960231488203,5.316796173230614,6,0.2,0,9,1871,64.70066666666668,6.081185897214952,-0.11416613600672718,0.011051252029395591,14460.0,46.321058655395035,8.262658344440231,-0.09278917436856735,4.70700663802565,-6.298956765525701,5.285148281222605,0.44723564908772795,0.40098611856013666,56|50|5|60|5|23|52|14|41|8,141,92
62,0.01395772262196736,-0.047208409531025564,-0.22623771436858092,6.082975890879747,6.017960231488203,5.316796173230614,13,0.43333333333333335,0,10,1901,64.70066666666668,6.082975890879747,-0.11402657835594258,0.01104935015594344,14890.0,50.017859197998156,8.26267593117843,-0.09231202480470035,4.718825723876048,-6.299407624092498,5.706939996316465,0.5294011315005065,0.40099172626946694,56|49|5|61|5|24|52|14|45|9,143,94
63,0.013818145395747687,-0.09796773075948467,-0.22623771436858092,6.071722262342783,6.017960231488203,5.316796173230614,14,0.4666666666666667,0,4,1931,64.70066666666668,6.071722262342783,-0.11419227615894427,0.010912551726844945,14616.0,50.22919974862228,8.262265533511092,-0.09531184768337357,4.704792838198415,-6.331837091791104,5.438170391814796,0.534098409077507,0.40086086682286626,54|45|5|61|5|23|54|13|47|9,142,92
64,0.01367996394179021,-0.09629134358205466,-0.22623771436858092,6.108405172495069,6.017960231488203,5.316796173230614,13,0.43333333333333335,0,7,1961,64.70066666666668,6.108405172495069,-0.11250607489107682,0.010471265801644116,14256.0,50.95938571130448,8.260203408780413,-0.08553346973445734,4.847596600184456,-6.436448436756521,5.085042444294355,0.5503276000179994,0.40020333749812914,53|43|5|61|5|25|53|14|46|9,140,91
65,0.013543164302372308,-0.11954315894886314,-0.22623771436858092,6.091057826604398,6.017960231488203,5.316796173230614,9,0.3,0,5,1991,64.70066666666668,6.091057826604398,-0.11163352583443482,0.010179205819436172,14126.0,50.22099249983428,8.270504702078176,-0.09015766404797713,4.921492457209541,-6.505684244663706,4.957524018800862,0.5339159938922202,0.4034880090435623,52|44|5|60|5|25|55|13|44|9,141,91
66,0.013407732659348585,-0.08266341908528074,-0.22623771436858092,6.078045814899573,6.017960231488203,5.316796173230614,11,0.36666666666666664,0,9,2021,64.70066666666668,6.078045814899573,-0.11122160321382749,0.010224845859067645,14410.0,49.28856721367041,8.26818385581354,-0.09362621024012202,4.956378031660728,-6.494864806160312,5.236102732955876,0.513191810218091,0.40274798374126064,50|44|5|62|6|26|57|12|44|8,141,91
67,0.013273655332755098,-0.020113086807774294,-0.22623771436858092,6.10016914156254,6.017960231488203,5.316796173230614,8,0.26666666666666666,0,13,2051,64.70066666666668,6.10016914156254,-0.11131467210734844,0.010250299393319213,14905.0,50.10039728690758,8.26598352808211,-0.08772890687188468,4.9484960614760665,-6.488830785358565,5.721653660796483,0.5312356318514223,0.4020463869920812,52|45|5|64|6|25|56|13|45|8,144,92
68,0.013140918779427547,-0.09395319264357377,-0.22623771436858092,6.042831492402081,6.017960231488203,5.316796173230614,9,0.3,0,14,2081,64.70066666666668,6.042831492402081,-0.11262113386527992,0.010260713933507765,14951.0,49.29228058008462,8.272206928698317,-0.10301311420074032,4.83785229819657,-6.486361912017942,5.766775565201873,0.5132743438953297,0.40403078121608854,53|45|5|65|5|25|54|11|46|8,143,92
69,0.01300950959163327,-0.15425441176390076,-0.22623771436858092,6.072183278122977,6.017960231488203,5.316796173230614,14,0.4666666666666667,0,13,2111,64.70066666666668,6.072183278122977,-0.11274652993941399,0.010214903286637989,14339.0,49.53039603470321,8.261199956853527,-0.095188957037009,4.827232551037162,-6.497221794713276,5.166458054417123,0.518566723338906,0.40052109692937715,53|47|5|59|5|21|55|12|46|8,143,90
70,0.012879414495716938,-0.11588585954198155,-0.22623771436858092,6.0738409569362695,6.017960231488203,5.316796173230614,8,0.26666666666666666,0,12,2141,64.70066666666668,6.0738409569362695,-0.11281289554949311,0.010274966835532971,14673.0,49.60734580663254,8.261236800050693,-0.09474707797433396,4.821612072054968,-6.4829831157197395,5.494082316838866,0.5202770171617029,0.40053284475539014,55|47|5|59|5|21|55|13|47|8,146,91
71,0.01275062035075977,-0.16342390318944225,-0.22623771436858092,6.053943380006514,6.017960231488203,5.316796173230614,11,0.36666666666666664,0,8,2171,64.70066666666668,6.053943380006514,-0.11306431959655194,0.010377506171631013,14408.0,48.01035882844158,8.265545577619314,-0.10005107448603558,4.800319062461182,-6.4586751166459075,5.234140911025207,0.4847822145728708,0.40190674205800586,57|45|5|57|5|21|56|13|45|8,146,92
72,0.012623114147252172,-0.1719702588793303,-0.22623771436858092,6.059311715081704,6.017960231488203,5.316796173230614,12,0.4,0,6,2201,64.70066666666668,6.059311715081704,-0.11322960550587562,0.010516773969827042,14204.0,48.0575817530444,8.265608933681882,-0.09862006453879546,4.786321059906863,-6.425660259729661,5.034035074096957,0.48583179632233703,0.4019269437792786,58|46|5|56|5|21|54|14|44|7,146,93
73,0.01249688300577965,-0.18875077039705748,-0.22623771436858092,6.049255005559061,6.017960231488203,5.316796173230614,12,0.4,0,9,2231,64.70066666666668,6.049255005559061,-0.11309266605065815,0.010451874899099971,14081.0,48.04491899821376,8.265555285542291,-0.10130083076553768,4.797918411742629,-6.441045248663253,4.913383025360806,0.4855503525854234,0.40190983752742393,54|48|5|58|5|22|53|13|44|7,146,92
74,0.012371914175721853,-0.1853167607521741,-0.22623771436858092,6.049396292581267,6.017960231488203,5.316796173230614,9,0.3,0,8,2261,64.70066666666668,6.049396292581267,-0.11277277661554472,0.0101832177106643,14309.0,47.9846193259058,8.265574019133219,-0.10126316859815038,4.8250097297390635,-6.50473318478787,5.137030725457086,0.48421012564934224,0.40191581092234474,52|48|5|58|5|22|57|13|44|7,147,93
75,0.012248195033964635,-0.17406091009710378,-0.22623771436858092,6.032820042350314,6.017960231488203,5.316796173230614,9,0.3,0,9,2291,64.70066666666668,6.032820042350314,-0.1127701983656733,0.010195128643652903,14542.0,47.20160252433432,8.263906626184982,-0.10568181583909093,4.825228080767493,-6.501909576218973,5.365582980380038,0.46680671085944714,0.4013841458183797,52|51|5|59|5|21|56|12|44|7,149,92
76,0.012125713083624989,-0.15780781671135954,-0.22623771436858092,6.030333802687794,6.017960231488203,5.316796173230614,9,0.3,0,6,2321,64.70066666666668,6.030333802687794,-0.11199945303392048,0.010116743360927449,14382.0,48.03524933023016,8.267008436227071,-0.10634456017946041,4.8905022179686135,-6.5204916097331225,5.208637225926509,0.48533543351540925,0.4023731893190441,52|50|5|59|5|21|57|12|42|7,147,90
77,0.01200445595278874,-0.17186959297638862,-0.22623771436858092,6.021880724493943,6.017960231488203,5.316796173230614,9,0.3,0,3,2351,64.70066666666668,6.021880724493943,-0.11137679837700254,0.009932803582026157,14203.0,48.14197351676236,8.270493305568785,-0.10859785450829283,4.943234610667181,-6.564096416876583,5.033054163131623,0.48770749664688545,0.4034843751512895,50|50|5|57|5|21|59|13|42|7,147,91
78,0.011884411393260852,-0.17140906284756083,-0.22623771436858092,6.032155932152218,6.017960231488203,5.316796173230614,10,0.3333333333333333,0,1,2381,64.70066666666668,6.032155932152218,-0.11163528899396362,0.010036227155283394,14191.0,47.924710293828866,8.267647862581773,-0.1058588443379139,4.921343135880888,-6.5395788003343265,5.021283231547608,0.4828785811246226,0.4025770768787883,52|49|5|58|5|21|57|13|42|7,146,91
79,0.011765567279328244,-0.16777226753242208,-0.22623771436858092,6.066801599635721,6.017960231488203,5.316796173230614,16,0.5333333333333333,0,2,2411,64.70066666666668,6.066801599635721,-0.10990755188902786,0.009356580696990423,14200.0,48.00718277523392,8.274296442834613,-0.09662352387016025,5.06766455255242,-6.70069594920023,5.030111430235619,0.484711623276162,0.4046970439297967,52|49|5|59|5|21|57|15|40|7,147,90
80,0.011647911606534962,-0.17986285235607144,-0.22623771436858092,6.040877076615514,6.017960231488203,5.316796173230614,8,0.26666666666666666,0,6,2441,64.70066666666668,6.040877076615514,-0.1098231392286136,0.009311437974368526,14175.0,47.92157132213864,8.274166107040621,-0.10353409293855165,5.074813429555491,-6.71139749361665,5.005588656102255,0.48280881400566794,0.4046554850437906,53|49|5|57|5|19|60|15|38|6,146,90
81,0.011531432490469612,-0.1457696243550769,-0.22623771436858092,6.086285417414151,6.017960231488203,5.316796173230614,8,0.26666666666666666,0,5,2471,64.70066666666668,6.086285417414151,-0.10864489530639294,0.00919872962289564,14017.0,48.00743093009478,8.274362823857562,-0.09142982104412016,5.174598471730851,-6.738116161861162,4.850604723579395,0.48471713879251743,0.4047182101902782,53|50|5|54|5|20|59|15|40|6,148,90
82,0.011416118165564915,-0.16459456523029897,-0.22623771436858092,6.104599130329969,6.017960231488203,5.316796173230614,12,0.4,0,9,2501,64.70066666666668,6.104599130329969,-0.10837093500838882,0.00924979741079553,13623.0,47.76332953507624,8.274404161364044,-0.08654802715711969,5.197800068085528,-6.726010020079765,4.464125803237579,0.4792917152003624,0.40473139107226824,52|49|5|54|5|21|59|15|37|6,149,89
83,0.011301956983909267,-0.21562936899600404,-0.22623771436858092,6.060789417777899,6.017960231488203,5.316796173230614,14,0.4666666666666667,0,8,2531,64.70066666666668,6.060789417777899,-0.10900878916778126,0.008891906633320613,13856.0,48.41290409820914,8.286026017537358,-0.09822616079998246,5.143780435141661,-6.810851691758578,4.6926780581605305,0.4937292285927679,0.40843713744548227,49|51|5|56|5|19|60|17|37|7,150,89
84,0.011188937414070173,-0.3174794049755988,-0.3174794049755988,6.072027008003804,6.072027008003804,5.316796173230614,8,0.26666666666666666,4,15,2561,64.70066666666668,6.072027008003804,-0.10958868054007354,0.008978728600388982,13446.0,43.880948931050554,8.262486712892455,-0.09523061317282402,5.094669649208427,-6.790269655874629,4.2905045623733615,0.3930015105859796,0.40093139210541084,49|50|5|56|5|19|58|17|36|7,150,88
85,0.011077048039929472,-0.2827227435784492,-0.3273895226519635,6.072027008003804,6.072027008003804,5.316796173230614,9,0.3,3,17,2591,64.70066666666668,6.072027008003804,-0.1099833705973772,0.009115911131230508,13734.0,44.50717122083745,8.262486712892455,-0.09523061317282402,5.061243494172538,-6.7577491329266985,4.573006920389714,0.4069199938649675,0.40093139210541084,50|50|5|56|5|19|57|17|40|7,150,91
86,0.010966277559530177,-0.2964041660122192,-0.3273895226519635,6.062143936268892,6.072027008003804,5.316796173230614,6,0.2,0,12,2621,64.70066666666668,6.062143936268892,-0.11000962960548318,0.009145251132114486,13621.0,44.29765283730026,8.262226798097604,-0.09786509365212712,5.059019628484014,-6.750793785433205,4.462163981306909,0.4022632159676249,0.40084851564454255,51|48|5|56|5|19|57|16|40|8,151,89
87,0.010856614783934876,-0.4193824710230216,-0.42740395236779516,6.050101681595493,6.050101681595493,5.316796173230614,10,0.3333333333333333,4,6,2651,64.70066666666668,6.050101681595493,-0.1056123491993054,0.006705115070088015,13556.0,43.364988084445926,8.260522277354946,-0.10107513661395193,5.4314236804059215,-7.329253012817434,4.398404768560163,0.38153370988134033,0.4003050119678513,50|49|5|57|5|19|55|15|41|8,151,88
88,0.010748048636095527,-0.41506738590107073,-0.42740395236779516,6.014252787312506,6.050101681595493,5.316796173230614,8,0.26666666666666666,0,6,2681,64.70066666666668,6.014252787312506,-0.10548574095013549,0.006642726675724397,13819.0,42.474763434824276,8.25943752944775,-0.11063119516804525,5.442146086220973,-7.344042820223235,4.656384352443152,0.3617474820475812,0.39995912912753745,48|51|5|59|5|19|55|13|42|8,151,89
89,0.010640568149734572,-0.42204092727975523,-0.4419557021266607,5.997733134469031,5.997733134469031,5.316796173230614,8,0.26666666666666666,2,6,2711,64.70066666666668,5.997733134469031,-0.10555317966635676,0.00668051071674051,13800.0,42.26517953586848,8.258980419049799,-0.11503475552947207,5.436434726276329,-7.335085726594825,4.637747044101795,0.3570892479975699,0.3998133748543728,49|50|5|60|5|19|54|12|42|8,151,87
90,0.010534162468237226,-0.4431851740542616,-0.4431851740542616,6.003612712753236,6.003612712753236,5.316796173230614,9,0.3,2,6,2741,64.70066666666668,6.003612712753236,-0.10556865734763259,0.006736028702610962,13548.0,41.912645119045365,8.258988121304542,-0.11346746606403633,5.435123927171188,-7.321924619838392,4.3905574808374865,0.34925378051925643,0.39981583079619093,47|49|5|60|5|20|54|12|42|8,150,86
91,0.010428820843554855,-0.44890317883657366,-0.4596711695609055,5.914563278123306,5.914563278123306,5.316796173230614,8,0.26666666666666666,3,5,2771,64.30466666666666,5.914563278123306,-0.10581813536454705,0.006821086984293408,13759.0,41.71507240841261,8.258519536617948,-0.13720492376120075,5.413995726150879,-7.301760683625837,4.597529694523079,0.34486250841959654,0.39966641783005247,50|48|5|62|5|20|52|12|42|7,149,88
92,0.010324532635119305,-0.40941221428362695,-0.4596711695609055,5.9279484419278345,5.914563278123306,5.316796173230614,10,0.3333333333333333,0,8,2801,64.30466666666666,5.9279484419278345,-0.10554286880281116,0.0068346557476052896,13985.0,41.75915952688915,8.258563631507782,-0.13363690829990077,5.437307949498073,-7.298544069411532,4.819215572688689,0.3458423934082693,0.39968047793160955,52|48|5|63|5|20|51|12|42|7,149,90
93,0.010221287308768113,-0.3811178666870086,-0.4596711695609055,5.9647938704803405,5.914563278123306,5.316796173230614,9,0.3,0,9,2831,64.30466666666666,5.9647938704803405,-0.10543384633618091,0.006833595542475865,14126.0,41.772741156222686,8.256569030224563,-0.12381520864247211,5.446541021891315,-7.298795401888266,4.957524018800862,0.3461442601477055,0.399044479140963,49|48|5|65|5|20|52|12|43|7,148,91
94,0.010119074435680431,-0.3718560595731206,-0.4596711695609055,5.960976497072448,5.914563278123306,5.316796173230614,9,0.3,0,8,2861,64.30466666666666,5.960976497072448,-0.10526037833276602,0.006750096729284778,14211.0,42.1770670723194,8.25674104398599,-0.12483278657725305,5.461231962969294,-7.318589650134367,5.0409014508542995,0.35513085100247804,0.39909932746837684,47|48|5|65|5|21|55|12|42|7,148,92
95,0.010017883691323627,-0.4260702959309147,-0.4596711695609055,5.952667539034758,5.914563278123306,5.316796173230614,9,0.3,0,8,2891,64.30466666666666,5.952667539034758,-0.10554241846128494,0.006767351960625449,14168.0,38.768123646276095,8.256770260686038,-0.12704766352449962,5.4373460887554375,-7.314499120944215,4.998722279344913,0.2793633115069644,0.3991086435086568,49|48|5|64|5|21|55|11|41|7,147,92
96,0.00991770485441039,-0.39644320387263554,-0.4596711695609055,5.953846231523359,5.914563278123306,5.316796173230614,5,0.16666666666666666,0,12,2921,64.30466666666666,5.953846231523359,-0.10549755870171733,0.006790960447424599,14418.0,38.77642243577007,8.256770260685933,-0.12673346542540545,5.441145245208538,-7.308902487524436,5.243950020678553,0.27954776128572756,0.3991086435086234,50|48|5|66|5|21|54|11|41|7,149,91
97,0.009818527805866287,-0.37814520269920526,-0.4596711695609055,5.97504342233548,5.914563278123306,5.316796173230614,9,0.3,0,7,2951,64.30466666666666,5.97504342233548,-0.10561652107803221,0.0067792149574444,14527.0,39.53096554855253,8.255552241136414,-0.12108303740986007,5.431070365538894,-7.311686876134943,5.35086931590002,0.2963183168373545,0.3987202656573729,50|48|5|67|5|21|53|11|42|7,149,92
98,0.009720342527807624,-0.4086368974593727,-0.4596711695609055,5.993751975071675,5.914563278123306,5.316796173230614,8,0.26666666666666666,0,7,2981,64.30466666666666,5.993751975071675,-0.10528611125312475,0.006771925012557199,13962.0,40.144268244218836,8.256295742164427,-0.11609599306762312,5.459052651457591,-7.313415032180316,4.796654620485994,0.3099496478420279,0.39895733847921433,50|49|5|63|5|22|51|12|42|7,149,90
99,0.009623139102529548,-0.43450497406898403,-0.4596711695609055,6.005122611179141,5.914563278123306,5.316796173230614,9,0.3,0,10,3011,64.30466666666666,6.005122611179141,-0.10547614206792166,0.0067604349989852045,13738.0,40.36761356160112,8.258032992372975,-0.11306498007228494,5.442959012006949,-7.316138857493554,4.576930564251053,0.3149137446429952,0.39951127827709904,47|49|5|63|5|21|51|13|43|7,149,89
100,0.009526907711504252,-0.37533642380160953,-0.4596711695609055,6.023996116285387,5.914563278123306,5.316796173230614,8,0.26666666666666666,0,11,3041,64.30466666666666,6.023996116285387,-0.10513451523564214,0.006754306559084806,14110.0,40.71926553806145,8.258284301406418,-0.10803396521049999,5.471891262133051,-7.317591666894235,4.941829443355509,0.322729598907863,0.3995914107039118,47|50|5|64|5|22|52|13|43|7,149,91
101,0.00943163863438921,-0.43010831521896475,-0.4596711695609055,6.020610660351882,5.914563278123306,5.316796173230614,11,0.36666666666666664,0,11,3071,64.30466666666666,6.020610660351882,-0.10537002161666809,0.0068355754271070684,13564.0,40.72178121728885,8.258244633269513,-0.1089364090872203,5.451946313790819,-7.29832604997306,4.406252056282839,0.32278551266218464,0.399578762117294,47|47|5|61|5|22|53|13|43|8,148,90
102,0.009337322248045319,-0.43214980174880335,-0.4596711695609055,6.020612520127991,5.914563278123306,5.316796173230614,6,0.2,0,8,3101,64.30466666666666,6.020612520127991,-0.10567264664727857,0.006808873064090551,13768.0,40.17531296531842,8.25836753767742,-0.10893591333610296,5.426317111829078,-7.304656118414833,4.606357893211089,0.31063965111813685,0.39961795143069323,46|47|5|63|5|22|54|14|42|8,148,91
103,0.009243949025564866,-0.4578345715091417,-0.4596711695609055,6.03619927978371,5.914563278123306,5.316796173230614,8,0.26666666666666666,0,2,3131,64.30466666666666,6.03619927978371,-0.10559802756142651,0.006756658474773,13470.0,40.39314358462855,8.25878044285468,-0.10478102959651397,5.432636574623166,-7.31703412120937,4.314046425541391,0.31548117765267036,0.3997496104221912,45|48|5|61|5|22|54|15|41|8,148,91
104,0.009151509535309217,-0.44576223398994475,-0.4596711695609055,6.021232542691187,5.914563278123306,5.316796173230614,8,0.26666666666666666,0,9,3161,64.30466666666666,6.021232542691187,-0.10554255714177882,0.0067390287492565416,13645.0,40.27047449271361,8.258388518251543,-0.1087706370552787,5.437334343955681,-7.3212134280767005,4.485705844474939,0.3127547213566997,0.39962464129892966,45|48|5|63|5|22|52|14|43|8,150,92
105,0.009059994439956125,-0.4660177884690956,-0.4660177884690956,6.040512350565218,6.040512350565218,5.316796173230614,11,0.36666666666666664,1,9,3191,64.30466666666666,6.040512350565218,-0.1049291373854625,0.006703363792658802,13143.0,40.45935870837972,8.237925269723538,-0.10363131611830487,5.489284636336446,-7.329668171055699,3.99328853987699,0.3169528820422736,0.39309972756002465,46|47|5|60|5|23|51|15|42|7,150,91
106,0.008969394495556565,-0.48101910301187983,-0.48750008575822834,6.021662293171709,6.024509421253557,5.316796173230614,11,0.36666666666666664,4,5,3221,64.30466666666666,6.021662293171709,-0.10475163424417637,0.0066559415158900515,13057.0,40.15016506697212,8.237930162926633,-0.10865608064181986,5.504317311748947,-7.340910107113015,3.908930196858218,0.31008071125230463,0.39310128780731646,47|48|5|60|5|22|49|14|42|7,149,90
107,0.008879700550601,-0.5344935564948116,-0.5425330236961686,6.015579666898075,6.015437106531796,5.316796173230614,14,0.4666666666666667,8,5,3251,64.30466666666666,6.015579666898075,-0.1051213537746993,0.006665821574000859,12698.0,39.956364667469785,8.238002105583396,-0.11027749558351023,5.473005901394499,-7.338567938219145,3.5567831603031115,0.305773282941421,0.3931242274509848,45|47|5|57|5|21|51|15|43|7,147,89
108,0.00879090354509499,-0.5502447061732453,-0.5565406898370888,6.000532465832096,6.001145618199456,5.316796173230614,10,0.3333333333333333,3,6,3281,64.30466666666666,6.000532465832096,-0.10551177870404235,0.0067526994090793616,12657.0,39.822870579261206,8.236591286687746,-0.11428855191698134,5.439940958468775,-7.317972658251605,3.5165658107243942,0.3028062291254236,0.392674373578432,44|43|5|58|5|22|52|14|45|7,147,87
109,0.008702994509644039,-0.5489778213374316,-0.5596126425276776,5.983763891840905,6.0096746275971125,5.316796173230614,10,0.3333333333333333,1,3,3311,64.30466666666666,5.983763891840905,-0.10563772689310964,0.006909306658971626,12648.0,39.228092163017095,8.235917725399776,-0.11875846593060596,5.429274452899789,-7.280847306847957,3.5077376120363835,0.28958662072724,0.3924596017500073,46|43|5|59|5|22|51|13|43|7,147,87
110,0.008615964564547598,-0.5909292236666741,-0.5973452253175126,5.980039653081465,5.980472886878011,5.316796173230614,5,0.16666666666666666,2,5,3341,64.30466666666666,5.980039653081465,-0.10649197621766801,0.006889571305271136,12616.0,39.29040877190561,8.330353877118558,-0.11975121743288927,5.356928393419445,-7.285525774426629,3.4763484611456774,0.290971676310479,0.42257152376258117,47|45|5|58|5|21|51|14|41|7,146,88
111,0.008529804918902121,-0.5749278326185497,-0.6054288451067409,5.986319133050931,5.980569255166274,5.316796173230614,10,0.3333333333333333,2,2,3371,64.30466666666666,5.986319133050931,-0.10605241962504379,0.006901469136672882,12550.0,39.36044534534524,8.16414291994532,-0.11807732819647977,5.3941542787444465,-7.282705271722986,3.4116083374335964,0.2925283166476807,0.3695734791690252,45|45|5|58|5|20|52|13|42|7,145,87
112,0.0084445068697131,-0.6110885509770835,-0.6129884729060594,5.987376480502448,5.987626611262715,5.316796173230614,8,0.26666666666666666,1,4,3401,64.30466666666666,5.987376480502448,-0.1061011605692583,0.006922898734023903,12166.0,39.42777918367143,8.16415418995063,-0.1177954764305939,5.390026426198477,-7.277625166347006,3.0349385267451257,0.2940248857065242,0.3695770727241922,44|46|5|58|5|20|49|13|41|7,145,86
113,0.008360061801015969,-0.6645551599218771,-0.6667382342329676,5.987282875544896,5.987282875544896,5.316796173230614,9,0.3,6,7,3431,64.30466666666666,5.987282875544896,-0.1063486661087005,0.006877485056386294,11983.0,37.661610947062314,8.16415660855935,-0.11782042823101098,5.3690652735660676,-7.288390943423022,2.8554318200889015,0.2547698424574424,0.3695778439220425,44|47|5|58|5|19|49|13|38|7,145,84
114,0.008276461183005809,-0.6520465708209441,-0.6713690804204925,6.002072587987,5.989767948879351,5.316796173230614,11,0.36666666666666664,1,1,3461,64.30466666666666,6.002072587987,-0.10640255278731434,0.0068553124170531885,12019.0,38.55648992538696,8.160481950959827,-0.11387800933855381,5.364501630676201,-7.293647194505614,2.8907446148409455,0.27465951789644344,0.3684061421844572,43|47|5|57|5|19|48|13|42|8,145,84
115,0.008193696571175751,-0.6406817032728234,-0.6713690804204925,6.0185363560959555,5.989767948879351,5.316796173230614,10,0.3333333333333333,0,1,3491,64.30466666666666,6.0185363560959555,-0.10708587333145554,0.007137592534997921,12043.0,38.56534477504529,8.16052687124758,-0.10948934588834353,5.30663146641691,-7.226729803515281,2.9142864780089752,0.27485632672761634,0.368420465472488,45|46|5|55|5|21|48|13|43|8,145,85
116,0.008111759605463993,-0.653915227984462,-0.6818016517243927,6.069498654132101,6.050650631978951,5.316796173230614,15,0.5,1,2,3521,64.30466666666666,6.069498654132101,-0.10708587748320193,0.007220839544092128,11618.0,39.015565525346965,8.162855241226794,-0.09590458368507306,5.306631114807043,-7.206995248007465,2.4973993177417877,0.2848629810532868,0.36916288978727047,48|44|5|55|5|22|43|15|41|8,143,84
117,0.008030642009409353,-0.6532751683766481,-0.6818016517243927,6.076858054410951,6.050650631978951,5.316796173230614,7,0.23333333333333334,0,2,3551,64.30466666666666,6.076858054410951,-0.106483141825612,0.006962379016805814,11647.0,39.100716407758114,8.162867784880905,-0.09394282555014842,5.357676574816589,-7.26826596124761,2.52584573573649,0.286755553630724,0.36916688945823856,48|47|5|54|5|22|42|16|40|8,144,85
118,0.00795033558931526,-0.6691642419957966,-0.6818016517243927,6.081532679738571,6.050650631978951,5.316796173230614,4,0.13333333333333333,0,8,3581,64.30466666666666,6.081532679738571,-0.10641008156202185,0.00695912585551752,11509.0,38.53321086439819,8.149881624494116,-0.09269673430402627,5.363864021529614,-7.269037156425891,2.3904800225203204,0.27414211500867175,0.3650261208892879,50|47|5|52|5|21|42|16|39|8,143,85
119,0.007870832233422106,-0.661157575564103,-0.6818016517243927,6.063909308188187,6.050650631978951,5.316796173230614,9,0.3,0,6,3611,64.30466666666666,6.063909308188187,-0.10667476557835132,0.006981201614658797,11751.0,38.31344655868759,8.182074687035604,-0.09739450738250979,5.3414480300405165,-7.263803871784305,2.627860476131284,0.26925761015434546,0.3752912044505275,49|47|5|55|5|21|44|16|37|8,143,86
120,0.007792123911087885,-0.6807752451780238,-0.6818016517243927,6.067868086755744,6.050650631978951,5.316796173230614,16,0.5333333333333333,0,6,3641,64.30466666666666,6.067868086755744,-0.10664849645564745,0.006973023179621132,11455.0,39.053032063828965,8.186186083836144,-0.09633923578903647,5.343672752330596,-7.26574265351321,2.3375108303922545,0.28569571632618923,0.3766021648991203,46|47|5|54|5|21|43|17|39|8,143,85
121,0.007714202671977006,-0.6990562665728363,-0.6990562665728363,6.0678609747665595,6.0678609747665595,5.316796173230614,7,0.23333333333333334,3,4,3671,64.30466666666666,6.0678609747665595,-0.10668647950824753,0.006953420226707932,11330.0,38.86534171190587,8.185920088609294,-0.09634113159604642,5.340455981648253,-7.270389734130183,2.2148969597254347,0.2815240905832634,0.37651734963101724,45|46|5|53|5|21|44|17|40|8,143,85
122,0.007637060645257236,-0.6722593012241005,-0.6990562665728363,6.0079593463470315,6.0678609747665595,5.316796173230614,5,0.16666666666666666,0,11,3701,64.34266666666666,6.0079593463470315,-0.10628446952247403,0.006940987234482507,11566.0,39.23119853763941,8.174314216522273,-0.11230880591659609,5.37450205872007,-7.27333710218425,2.4463919475443903,0.289655663340293,0.3728166999453654,45|47|5|54|5|20|43|17|42|8,144,86
123,0.007560690038804664,-0.7302352322896988,-0.7302352322896988,6.020447561862336,6.020447561862336,5.316796173230614,7,0.23333333333333334,2,14,3731,64.34266666666666,6.020447561862336,-0.10678301840522193,0.006915359644960093,11328.0,37.98846453645807,8.17733810385767,-0.10897988542721233,5.332280138153981,-7.279412384569341,2.2129351377947653,0.26203452513143366,0.3737808970029651,43|45|5|54|5|20|44|18|42|8,144,85
124,0.007485083138416617,-0.7472042550582726,-0.7484357371108978,6.03628281973164,6.035202837760528,5.316796173230614,7,0.23333333333333334,3,4,3761,64.34266666666666,6.03628281973164,-0.10688010505829859,0.007017351047267359,10954.0,38.664965046746815,8.178812093633615,-0.10475876077483923,5.324057905397915,-7.255234278808509,1.8460744367596402,0.2770704974917994,0.37425089354955005,44|44|5|52|5|21|42|19|41|9,143,84
125,0.007410232307032451,-0.7227130728504974,-0.7484357371108978,6.027095996266697,6.035202837760528,5.316796173230614,10,0.3333333333333333,0,12,3791,64.20800000000001,6.027095996266697,-0.10672150267043683,0.007205390444564366,10933.0,38.66457448933183,8.178532177539337,-0.10720764587193907,5.337489882990526,-7.210657615166282,1.8254753064876146,0.27706181692111603,0.3741616394720853,46|44|5|54|5|21|39|17|40|8,142,84
126,0.0073361299839621264,-0.7626380311670564,-0.7626380311670564,6.00498238559406,6.00498238559406,5.316796173230614,10,0.3333333333333333,3,7,3821,64.20800000000001,6.00498238559406,-0.1068723426717321,0.007202277353730887,10661.0,38.61119765150755,8.178005060751039,-0.1131023592977428,5.3247152990464715,-7.21139560520968,1.5586675239166143,0.27587545764125837,0.3739935629533807,45|44|5|53|5|20|40|16|39|8,142,82
127,0.007262768684122505,-0.7975886861340672,-0.8068537268815084,5.943652090341446,5.943652090341446,5.316796173230614,7,0.23333333333333334,6,3,3851,64.52333333333334,5.943652090341446,-0.10740062301828908,0.007141636030028623,10834.0,38.07001865311321,8.173630509730124,-0.12945086611492385,5.279975431802132,-7.225771251634591,1.7283651209194932,0.26384715561027444,0.3725986931203313,45|44|5|55|5|18|40|15|40|7,142,81
128,0.00719014099728128,-0.7896073992636506,-0.8089202882513001,5.926720236545909,5.92612763524207,5.316796173230614,5,0.16666666666666666,1,4,3881,64.52333333333334,5.926720236545909,-0.10716458826329656,0.007046830347557827,10981.0,38.00863272937035,8.173581554943388,-0.1339643048007102,5.299965127940253,-7.24824590896503,1.8725590328236734,0.2624827855341614,0.3725830833914985,45|46|5|55|5|17|41|15|39|7,143,81
129,0.007118239587308468,-0.8086202476438227,-0.8272320076844342,5.891503270608153,5.903115313802569,5.316796173230614,13,0.43333333333333335,4,2,3911,64.696,5.891503270608153,-0.10856393382196687,0.007534628006462057,10874.0,38.21621050191892,8.171477528525468,-0.14335191340983863,5.181455069915384,-7.132608481495006,1.7676015595328756,0.2670964312050782,0.3719121932900312,44|47|5|54|5|15|40|17|40|7,145,80
130,0.007047057191435383,-0.8499796959029609,-0.8499796959029609,5.87121905387995,5.87121905387995,5.316796173230614,9,0.3,3,2,3941,64.696,5.87121905387995,-0.10852304358632163,0.007543890917252103,10542.0,37.65690728200924,8.171217628018518,-0.14875897453837714,5.184918048855034,-7.130412613689794,1.4419391190418018,0.2546652982972315,0.3718293213850046,47|47|5|50|5|15|40|16|38|7,144,80
131,0.006976586619521029,-0.8592163467175303,-0.866939427882351,5.853121131963112,5.854156314661163,5.316796173230614,9,0.3,3,5,3971,64.696,5.853121131963112,-0.10831590079567502,0.007400345514303854,10654.0,37.01302016690575,8.169788850731267,-0.15358324610947519,5.202460895214077,-7.164441520592242,1.5518011471592725,0.24035419473020014,0.371373741297676,47|48|5|50|5|14|40|15|39|7,144,80
132,0.0069068207533258185,-0.8893194478797521,-0.891416165792657,5.849137088427531,5.849296597147687,5.316796173230614,9,0.3,5,8,4001,64.57066666666667,5.849137088427531,-0.1086083934568864,0.007306049910792439,10553.0,37.41151754316437,8.171215178460216,-0.1546452524577753,5.177689799870803,-7.186795258484891,1.452729139660482,0.24921123983803828,0.3718285403185675,44|50|5|51|5|14|39|16|38|7,143,80
133,0.00683775254579256,-0.9230402354833959,-0.9250761171895138,5.8361749486368195,5.835276775461134,5.035468654801894,9,0.3,3,8,4031,64.57066666666667,5.8361749486368195,-0.1090040129066587,0.007297601935292104,10558.0,36.24152233724375,8.17107858452267,-0.15810050454584781,5.144184934930343,-7.188797937539118,1.4576336944871549,0.22320680183624844,0.3717849859602004,42|51|5|52|5|14|40|15|37|7,142,80
134,0.006769375020334634,-0.9188458552952499,-0.9250761171895138,5.827933519332658,5.835276775461134,5.035468654801894,8,0.26666666666666666,0,6,4061,64.61533333333333,5.827933519332658,-0.10904622348021462,0.007286283741777691,10727.0,35.60648594472508,8.171032744130603,-0.16029738069991561,5.140610137061168,-7.191481031149191,1.6234076476286954,0.20909241537161496,0.3717703692876039,44|50|5|53|5|13|42|15|35|7,144,79
135,0.006701681270131288,-0.8911174319476666,-0.9250761171895138,5.813167363210467,5.835276775461134,5.035468654801894,10,0.3333333333333333,0,11,4091,64.65733333333334,5.813167363210467,-0.10874547612672747,0.007211234301895818,10993.0,35.762416008285136,8.17109032782418,-0.16423352030323674,5.1660803192415115,-7.209272268976165,1.884329964407688,0.21255813356425665,0.37178873043064736,44|54|5|53|5|12|42|13|34|7,144,80
136,0.006634664457429975,-0.8425854008150415,-0.9250761171895138,5.845028797008288,5.835276775461134,5.035468654801894,9,0.3,0,11,4121,64.57066666666667,5.845028797008288,-0.10844219873749332,0.007246263600447898,11267.0,35.417567256244325,8.17130460685717,-0.15574037893642367,5.191764769213913,-7.200968215242613,2.153099568909357,0.20489348848959274,0.3718570554673298,45|55|5|54|5|14|41|13|34|7,144,81
137,0.006568317812855676,-0.9611711972756152,-0.961726234360774,5.8525910767149165,5.851937033407112,5.035468654801894,9,0.3,3,6,4151,64.43533333333333,5.8525910767149165,-0.10377458576095988,0.004811269096235122,10971.0,35.36396407507742,8.761765679430493,-0.15372454025787144,5.587063186577122,-7.778208583725181,1.8627499231703277,0.20370209847850573,0.560131539816659,44|55|5|53|5|16|39|13|34|7,144,80
138,0.006502634634727119,-0.9508959126269239,-0.96707136760696,5.844077595838769,5.85021865350348,5.035468654801894,6,0.2,2,13,4181,64.57066666666667,5.844077595838769,-0.10358738193397883,0.004820362427814142,11023.0,35.22349845505327,8.761662412355092,-0.15599393582442395,5.602917409474777,-7.776052916407525,1.9137572933677247,0.20058009465420215,0.5600986120653227,46|55|5|55|5|14|37|13|32|7,143,79
139,0.006437608288379848,-0.9534721139530342,-0.96707136760696,5.848446323406603,5.85021865350348,5.035468654801894,7,0.23333333333333334,0,8,4211,64.57066666666667,5.848446323406603,-0.10362502774158452,0.004815928551390099,10991.0,35.36007809362727,8.762382814756636,-0.15482938619799613,5.59972919994633,-7.777104012192912,1.882368142477019,0.20361572824110213,0.5603283196565171,45|55|5|56|5|14|35|14|33|7,143,80
140,0.006373232205496049,-0.991972866668241,-0.991972866668241,5.835492440222905,5.835492440222905,5.035468654801894,6,0.2,5,16,4241,64.57066666666667,5.835492440222905,-0.1035520184210259,0.004826616151583314,10610.0,35.17710745396857,8.762280317207821,-0.15828243736406938,5.6059123323128475,-7.774570407183516,1.5086410646845518,0.19954900332541436,0.5602956372765152,45|54|5|55|5|13|34|14|32|7,143,77
141,0.006309499883441089,-0.9824994762778254,-0.991972866668241,5.839727507608562,5.835492440222905,5.035468654801894,3,0.1,0,13,4271,64.57066666666667,5.839727507608562,-0.10352643808228193,0.0048155969156501496,10690.0,35.24190501751404,8.762373665555856,-0.15715351685683132,5.608078721744008,-7.777182629839235,1.5871139419113167,0.20098920087097566,0.560325402341322,45|54|5|55|5|14|34|13|33|8,143,78
142,0.006246404884606678,-0.9926341493628087,-0.9927944772229693,5.859041120581705,5.8431462840534625,5.035468654801894,7,0.23333333333333334,1,12,4301,64.57066666666667,5.859041120581705,-0.10347175564369877,0.004822649671284157,10435.0,35.83388838138129,8.763026238301865,-0.15200518466545215,5.612709757251484,-7.775510701933874,1.336981645751004,0.21414668613747626,0.5605334817608846,47|52|5|53|5|15|33|14|33|8,143,77
143,0.0061839408357606115,-1.0151837699387007,-1.0151837699387007,5.846664001472427,5.846664001472427,5.035468654801894,6,0.2,3,4,4331,64.57066666666667,5.846664001472427,-0.10372989632734428,0.004805914601195218,10392.0,35.643313572918224,8.762950586403159,-0.1553044907474079,5.590847918188317,-7.779477921575647,1.294802474241618,0.20991095015642036,0.560509359387911,48|52|5|53|5|15|31|13|33|9,142,78
144,0.006122101427403005,-1.0240494755881717,-1.0240494755881717,5.8498687049115805,5.8498687049115805,5.035468654801894,8,0.26666666666666666,3,2,4361,64.57066666666667,5.8498687049115805,-0.10353908414770296,0.004824250780101394,10185.0,35.67315180154746,8.762939898669392,-0.1544502291495101,5.607007731138759,-7.775131142701998,1.0917539044173643,0.210574137802443,0.5605059514959141,46|53|5|52|5|15|32|13|32|8,142,77
145,0.006060880413128975,-1.0734443404348837,-1.0819891695068908,5.7216959894663155,5.721496192217532,5.035468654801894,6,0.2,4,9,4391,62.856666666666676,5.7216959894663155,-0.10424870995153017,0.004859955643153333,10183.0,36.643590971205704,8.673054749122576,-0.18861658206861168,5.546909784161731,-7.766666939489603,1.0897920824866951,0.23214322209798866,0.5318451625503604,46|54|5|50|5|16|33|14|32|6,142,78
146,0.006000271608997685,-1.1100321089934186,-1.119743127550232,5.619024738790973,5.619024738790973,5.035468654801894,10,0.3333333333333333,3,11,4421,62.856666666666676,5.619024738790973,-0.10433045054111538,0.004876983837454329,10117.0,36.52640773431786,8.673485960739429,-0.21598513841879155,5.539987203849307,-7.762630231753346,1.0250519587746143,0.22953869499986154,0.5319826587352564,46|53|5|50|5|16|35|15|30|6,141,77
147,0.005940268892907708,-1.1195030693592254,-1.1317905431088222,5.600807344244833,5.60184061408205,5.035468654801894,7,0.23333333333333334,4,12,4451,62.856666666666676,5.600807344244833,-0.10408640579275277,0.004919895013726398,9912.0,36.5330248801934,8.681030547607463,-0.22084125720481917,5.560655263364642,-7.752457698238198,0.8239652108810297,0.22968576838853752,0.5343883265568747,46|50|5|50|5|17|36|15|30|6,142,75
148,0.005880866203978631,-1.1323560828800314,-1.1323560828800314,5.600807344244833,5.600807344244833,5.035468654801894,3,0.1,1,13,4481,62.856666666666676,5.600807344244833,-0.10410449104610817,0.0049197094749163445,9789.0,36.5330248801934,8.681030547607463,-0.22084125720481917,5.559123629944103,-7.75250168211204,0.7033131621448788,0.22968576838853752,0.5343883265568747,46|50|5|48|5|17|37|15|30|6,141,75
149,0.005822057541938845,-1.10213065185359,-1.1338800973505458,5.603288417664259,5.599918922577108,5.035468654801894,7,0.23333333333333334,1,9,4511,62.856666666666676,5.603288417664259,-0.1041282340507351,0.004958733077545953,9907.0,37.82603005913788,8.684512663988157,-0.22017989000375918,5.557112843660051,-7.743250737716699,0.8190606560543569,0.25842423914611434,0.5354986345796581,47|49|5|48|5|16|39|17|29|6,141,75
150,0.005763836966519456,-1.0960072473364022,-1.1338800973505458,5.603288417664259,5.599918922577108,5.035468654801894,5,0.16666666666666666,0,10,4541,62.856666666666676,5.603288417664259,-0.10401106876331936,0.004951881764846063,9839.0,38.603885016181536,8.684512663988157,-0.22017989000375918,5.56703552853521,-7.7448749115128335,0.7523587104116068,0.275712926230016,0.5354986345796581,47|49|5|46|5|16|39|17|31|6,140,76
151,0.005706198596854261,-1.1048078915168504,-1.1338800973505458,5.60856535913298,5.599918922577108,5.035468654801894,5,0.16666666666666666,0,14,4571,62.82200000000001,5.60856535913298,-0.10442547031181955,0.004931822003347129,9916.0,38.798713258169926,8.684942165212021,-0.21877324238825507,5.531940014597239,-7.74963028328032,0.8278888547423678,0.2800431994774164,0.5356355853884525,48|50|5|45|5|16|39|18|30|6,141,75
152,0.005649136610885719,-1.1296461060191523,-1.1338800973505458,5.60856535913298,5.599918922577108,5.035468654801894,3,0.1,0,16,4601,62.82200000000001,5.60856535913298,-0.10443985613161724,0.004932361087035465,9669.0,38.79291409299712,8.684942165212021,-0.21877324238825507,5.530721684837019,-7.74950248797468,0.5856038463047318,0.2799143066149199,0.5356355853884525,47|50|5|45|5|16|37|18|30|6,141,73
153,0.005592645244776861,-1.1559851098001195,-1.1559851098001195,5.608289315315927,5.608289315315927,5.035468654801894,7,0.23333333333333334,5,11,4631,62.82200000000001,5.608289315315927,-0.10440686220790545,0.0049447170396399445,9373.0,38.784623867758675,8.68493987194413,-0.21884682599332883,5.533515928038296,-7.7465733829512295,0.2952542005657023,0.27973004718621186,0.5356348541567931,48|49|5|44|5|16|35|18|29|6,140,72
154,0.0055367187923290925,-1.15007619313872,-1.1559851098001195,5.598101357903523,5.608289315315927,5.035468654801894,2,0.06666666666666667,0,13,4661,62.856666666666676,5.598101357903523,-0.10439419620176285,0.004939700163231501,9481.0,38.612676685370296,8.684644229490571,-0.2215625783066645,5.534588607415882,-7.7477626848497065,0.4011925848218347,0.27590833080534627,0.5355405855706307,48|51|5|44|5|16|35|17|28|6,140,72
155,0.005481351604405801,-1.1647740562764803,-1.1647740562764803,5.596969691003207,5.596969691003207,5.035468654801894,7,0.23333333333333334,3,14,4691,62.856666666666676,5.596969691003207,-0.10437675462846001,0.004976094667945853,9272.0,38.70737916100819,8.684626161624845,-0.22186424103237584,5.53606572781074,-7.739134995023013,0.19618219306691181,0.2780131981106818,0.5355348244489228,48|48|5|42|5|16|37|17|30|6,141,71
156,0.005426538088361743,-1.1931403400977032,-1.198801229081716,5.586015101483041,5.586657464552486,5.035468654801894,8,0.26666666666666666,5,12,4721,62.856666666666676,5.586015101483041,-0.10447538871398739,0.004942864883998558,9263.0,37.22731947393565,8.682542337111963,-0.22478435059180632,5.527712443572509,-7.747012455402141,0.1873539943789008,0.24511723394205803,0.5348703759291796,46|50|5|42|5|16|38|16|29|6,141,70
157,0.0053722727074781255,-1.1949474064686814,-1.198801229081716,5.576205237752377,5.586657464552486,5.035468654801894,6,0.2,0,8,4751,62.856666666666676,5.576205237752377,-0.10444694391457754,0.004951749759964618,9273.0,37.00860130007513,8.681931839236048,-0.2273993163834401,5.5301214231184685,-7.744906204621001,0.19716310403224638,0.2402559805256004,0.5346757125074517,44|50|5|43|5|16|39|15|30|6,141,70
158,0.005318549980403344,-1.1676708729337757,-1.198801229081716,5.594612679553443,5.586657464552486,5.035468654801894,6,0.2,0,12,4781,62.856666666666676,5.594612679553443,-0.10433153665042758,0.004937344807361595,9357.0,37.99398523849048,8.683388113582042,-0.22249253766124286,5.539895221653192,-7.748321046064855,0.2795596251203493,0.2621572288425273,0.5351400603100398,43|50|5|43|5|16|40|16|31|6,142,70
159,0.005265364480599311,-1.1707920112003387,-1.198801229081716,5.594612679553443,5.586657464552486,5.005198288030826,2,0.06666666666666667,0,18,4811,62.856666666666676,5.594612679553443,-0.1043754672162045,0.00493612975478547,9383.0,37.66398998972508,8.683388113582042,-0.22249253766124286,5.536174758278702,-7.7486090867136355,0.30506331021904787,0.2548227193129325,0.5351400603100398,43|50|5|44|5|16|40|16|30|6,142,70
160,0.005212710835793318,-1.159666281882595,-1.198801229081716,5.588150182851916,5.586657464552486,5.005198288030826,5,0.16666666666666666,0,17,4841,62.856666666666676,5.588150182851916,-0.10441260281679561,0.004939403075803343,9528.0,37.64686674053297,8.683356824814929,-0.22421521274287692,5.533029757993695,-7.7478331124651305,0.447295400192559,0.25444213615348693,0.535130083570221,44|50|5|45|5|15|40|16|30|6,142,71
161,0.005160583727435384,-1.1452283230085778,-1.198801229081716,5.579053280804881,5.586657464552486,5.005198288030826,6,0.2,0,13,4871,62.856666666666676,5.579053280804881,-0.10441803337310349,0.004995606699446181,9635.0,37.64104120768468,8.683550732880702,-0.22664012794210447,5.532569846187662,-7.7345094682575075,0.5522528734833567,0.25431265724022795,0.5351919131179937,45|48|5|47|5|15|40|15|31|6,142,71
162,0.005108977890161031,-1.1477833353382194,-1.198801229081716,5.568417105853971,5.586657464552486,5.005198288030826,7,0.23333333333333334,0,8,4901,62.856666666666676,5.568417105853971,-0.10467633779794465,0.005103997295809292,9636.0,37.48558716874352,8.683499236606856,-0.2294753593392053,5.510694139943169,-7.708814368052378,0.5532337844486913,0.2508575192214424,0.5351754930102938,47|46|5|48|5|14|40|15|30|6,142,70
163,0.00505788811125942,-1.178551867291035,-1.198801229081716,5.562698723071832,5.586657464552486,5.005198288030826,10,0.3333333333333333,0,6,4931,62.856666666666676,5.562698723071832,-0.10513852028604712,0.005220901484490813,9439.0,37.107122256480835,8.682189284463163,-0.23099967973440294,5.471552075894923,-7.681101033654732,0.3599943242777832,0.24244571779098803,0.5347578015216725,47|45|5|48|5|13|39|15|30|6,141,70
164,0.005007309230146826,-1.171596714342469,-1.198801229081716,5.546006785781685,5.586657464552486,5.005198288030826,7,0.23333333333333334,0,5,4961,62.82200000000001,5.546006785781685,-0.10537489598024945,0.0052706728858642506,9578.0,37.2762792721567,8.682183075965844,-0.2354491650899832,5.4515335057411685,-7.669302213567464,0.4963409484592869,0.24620541962946654,0.5347558218795153,49|43|5|49|5|13|37|15|33|5,141,70
165,0.004957236137845358,-1.1845626527007362,-1.198801229081716,5.545341300875725,5.586657464552486,5.005198288030826,4,0.13333333333333333,0,5,4991,62.82200000000001,5.545341300875725,-0.10549467284886851,0.005305678446343768,9436.0,37.4619265848601,8.682176630436357,-0.23562656003773313,5.441389647019402,-7.661003787186962,0.3570515913817795,0.2503316365651982,0.5347537666572547,50|41|5|49|5|13|36|15|33|5,140,69
166,0.004907663776466904,-1.167596539586893,-1.198801229081716,5.536085857106003,5.586657464552486,5.005198288030826,5,0.16666666666666666,0,6,5021,62.82200000000001,5.536085857106003,-0.10512471270920495,0.0052851892808061405,9494.0,37.507521241647545,8.682057627217294,-0.23809373690264288,5.472721434473016,-7.665860953576611,0.4139444273711839,0.2513450282608582,0.5347158212773713,49|42|5|50|5|12|36|15|33|5,140,69
167,0.004858587138702236,-1.1799827633217086,-1.198801229081716,5.527341232510045,5.586657464552486,5.005198288030826,2,0.06666666666666667,0,5,5051,62.86533333333334,5.527341232510045,-0.10508063926940962,0.0052855741514348294,9372.0,37.507521241647545,8.681999814122177,-0.2404247472822907,5.476453997795304,-7.665769716055072,0.29427328960036775,0.2513450282608582,0.5346973869873269,49|42|5|49|5|11|36|15|33|5,139,69
168,0.004810001267315213,-1.1685867229968576,-1.198801229081716,5.555560107466505,5.586657464552486,5.005198288030826,11,0.36666666666666664,0,4,5081,62.82200000000001,5.555560107466505,-0.10481162180734341,0.005307584436952717,9279.0,37.41717460404273,8.6532808939509,-0.23290258441484224,5.49923698720177,-7.660551952606009,0.20304856982425373,0.2493369742753583,0.5255400688549866,48|42|5|49|5|13|37|15|31|6,140,70
169,0.004761901254642061,-1.1428024419722085,-1.198801229081716,5.5311679257615145,5.586657464552486,5.005198288030826,8,0.26666666666666666,0,3,5111,63.01133333333333,5.5311679257615145,-0.10440253999424465,0.005137891001735606,9659.0,37.219484014700726,8.681065517102498,-0.23940468500391376,5.533881974715305,-7.70077951817313,0.5757947366513861,0.24494308219095762,0.5343994769340146,46|46|5|50|5|10|39|14|32|6,140,71
170,0.00471428224209564,-1.1271085503960736,-1.198801229081716,5.534861408821221,5.586657464552486,5.005198288030826,5,0.16666666666666666,0,4,5141,63.01133333333333,5.534861408821221,-0.10407409630830881,0.005091968366915082,9722.0,37.22532646923632,8.65231031712638,-0.2384201318930566,5.561697749051376,-7.711665948758343,0.6375921274674634,0.24507293720744003,0.5252305906190017,47|46|5|51|5|11|37|14|32|6,141,71
171,0.004667139419674684,-1.2440527486270985,-1.2440527486270985,5.303863381920962,5.303863381920962,5.005198288030826,7,0.23333333333333334,5,12,5171,62.54200000000001,5.303863381920962,-0.10476647929733689,0.005078968237568225,9472.0,37.22661224681928,8.629743502220574,-0.29999610836568363,5.503060089685008,-7.714747762471482,0.39236438613382363,0.24510151503687977,0.5180349334670734,48|45|5|48|5|10|38|14|32|5,139,70
172,0.004620468025477937,-1.2309543033949488,-1.2467871386528473,5.304255668672519,5.303430622851642,5.005198288030826,9,0.3,1,10,5201,62.54200000000001,5.304255668672519,-0.10542615581618493,0.005374519617176096,9505.0,37.46588129803523,8.600942191634628,-0.2998915384690984,5.447192329186585,-7.644684283077497,0.4247344479898641,0.2504195344412382,0.5088513443177981,48|42|5|49|5|10|37|14|36|5,140,69
173,0.004574263345223157,-1.2620299764044516,-1.2629191868972753,5.313512306182447,5.314064044709727,5.005198288030826,6,0.2,3,8,5231,62.54200000000001,5.313512306182447,-0.10553455378474501,0.005390349016989371,9250.0,36.94252313322758,8.537022094740596,-0.2974240433948955,5.438012145304028,-7.640931761843768,0.17460215182955152,0.23878732015471718,0.4884697749963276,49|40|5|47|5|10|38|14|35|5,139,69
174,0.0045285207117709255,-1.289642601627958,-1.289642601627958,5.313634388709433,5.313634388709433,5.005198288030826,4,0.13333333333333333,3,3,5261,62.54200000000001,5.313634388709433,-0.10554735997140378,0.005390105244312627,8985.0,36.84535293784953,8.53703292167857,-0.2973915004727316,5.436927594090352,-7.640989550651713,-0.08533925398410665,0.23662760504772923,0.4884732272749938,49|40|5|44|5|10|39|14|34|5,138,68
175,0.004483235504653216,-1.2952506060419293,-1.2952506060419293,5.295930920079484,5.295930920079484,5.005198288030826,8,0.26666666666666666,2,8,5291,62.54200000000001,5.295930920079484,-0.10555606755975913,0.0053868036400624,9011.0,36.6042681560059,8.536379560252762,-0.3021106246248713,5.436190151651738,-7.641772229729914,-0.05983556888540811,0.2312692290211414,0.48826489637690146,48|41|5|44|5|10|39|13|35|5,139,68
176,0.004438403149606684,-1.3136613572660496,-1.3136613572660496,5.298720211177029,5.298720211177029,5.005198288030826,4,0.13333333333333333,4,10,5321,62.54200000000001,5.298720211177029,-0.10559100533463077,0.005371004798517578,8896.0,36.19738355832476,8.536388836558674,-0.3013670973952128,5.433231284414376,-7.645517506813355,-0.1726403298988824,0.22222576863708207,0.48826785422085317,49|41|5|43|5|11|38|13|34|5,138,68
177,0.0043940191181106175,-1.3197777433850175,-1.3297808093207424,5.298043943739908,5.298720211177029,5.005198288030826,5,0.16666666666666666,2,10,5351,62.54200000000001,5.298043943739908,-0.10558959512053759,0.005373494515487127,8791.0,36.55809689493015,8.536391187890363,-0.3015473665877948,5.433350714924571,-7.6449272939244,-0.2756359812590111,0.23024302165718555,0.48826860396674143,48|41|5|42|5|11|39|13|34|5,138,67
178,0.004350078926929512,-1.323298449576698,-1.3314393644509837,5.282427931426298,5.282294153494122,5.005198288030826,7,0.23333333333333334,2,9,5381,62.49266666666667,5.282427931426298,-0.10581291861180846,0.005380633282435976,8961.0,35.890136622966445,8.536079605447807,-0.3057100480605431,5.414437531011674,-7.643234976156563,-0.10888111715213607,0.21539686554300624,0.4881692527538851,48|41|5|44|5|12|39|12|34|5,141,67
179,0.004306578137660217,-1.338817589449851,-1.338817589449851,5.275133397770361,5.275133397770361,5.005198288030826,5,0.16666666666666666,3,10,5411,62.49266666666667,5.275133397770361,-0.1059310835018755,0.005385290612549175,8878.0,35.801819278384485,8.57963106141396,-0.30765451502766017,5.404430190157529,-7.642130908387196,-0.19029672727490446,0.21343391484026628,0.5020560749265216,47|41|5|44|5|12|40|12|33|5,140,67
180,0.004263512356283614,-1.3671427730806078,-1.375894756786656,5.286374061074844,5.286374061074844,5.005198288030826,10,0.3333333333333333,6,7,5441,62.49266666666667,5.286374061074844,-0.10593603666193441,0.005375320163384057,8617.0,35.4123461972906,8.603625521205622,-0.3046581482254777,5.404010708863327,-7.644494505405608,-0.4463144892272244,0.2047774446774654,0.5097069510881419,47|41|5|42|5|12|38|12|34|5,140,66
181,0.004220877232720778,-1.3571731966658165,-1.375894756786656,5.285566310941148,5.286374061074844,5.005198288030826,8,0.26666666666666666,0,6,5471,62.49266666666667,5.285566310941148,-0.10584119441668549,0.005344612302070844,8759.0,35.04158289064357,8.603617799763791,-0.3048734660959188,5.41204286355022,-7.651774118213392,-0.307025132149717,0.19653681995331967,0.5097044890283269,48|42|5|43|5|12|38|12|32|6,139,67
182,0.0041786684603935705,-1.389678273199323,-1.389678273199323,5.282452540740471,5.282452540740471,5.005198288030826,5,0.16666666666666666,2,6,5501,62.49266666666667,5.282452540740471,-0.10588281410593443,0.0053396882538039115,8516.0,34.547309002805406,8.627246022642534,-0.30570348808004943,5.408518107454552,-7.652941414250863,-0.5453864967260149,0.18555103590296765,0.5172385868464925,47|42|5|42|5|12|38|12|31|6,136,67
183,0.004136881775789635,-1.396404292840676,-1.396404292840676,5.278510913834349,5.278510913834349,4.8558414018717375,6,0.2,2,7,5531,62.54200000000001,5.278510913834349,-0.1057782238884559,0.005416191142562055,8364.0,34.163775951751376,8.627166322749638,-0.3067541876418255,5.417375814305742,-7.634805621492264,-0.6944849634568678,0.17702658948019445,0.5172131737296337,46|41|5|43|5|12|38|12|30|6,136,67
184,0.004095512958031739,-1.399908728866798,-1.4029882206949837,5.294567717179485,5.278599168804139,4.8558414018717375,6,0.2,1,10,5561,62.49266666666667,5.294567717179485,-0.10582237576720091,0.0054353871395721965,8256.0,34.38005502522695,8.627265745957368,-0.3024740067317409,5.4136366080178036,-7.630255013937153,-0.8004233477130003,0.1818336311918352,0.5172448758248901,47|39|5|41|5|13|39|13|30|6,136,67
185,0.0040545578284514215,-1.4125187721186991,-1.4125187721186991,5.278174366540511,5.278174366540511,4.8558414018717375,5,0.16666666666666666,3,6,5591,62.49266666666667,5.278174366540511,-0.10601006329126421,0.005468018209659297,8237.0,34.173397970461636,8.627223230703551,-0.30684389935289685,5.397741420993076,-7.622519484806196,-0.8190606560543569,0.17724044949238665,0.5172313194062518,47|38|5|42|5|13|39|12|30|6,136,67
186,0.004014012250166907,-1.4315352921891575,-1.4348240924381455,5.276788456291781,5.277055660224111,4.8558414018717375,7,0.23333333333333334,4,6,5621,62.49266666666667,5.276788456291781,-0.10638919376626543,0.005466559228922607,8152.0,34.7059070066813,8.627214921416513,-0.3072133344429455,5.365633001229994,-7.62286535112195,-0.9024380881077944,0.18907605202109193,0.5172286699060475,44|37|5|43|5|12|40|12|32|6,137,65
187,0.003973872127665238,-1.4496336729062524,-1.4533060733686929,5.277321192110398,5.276536516393053,4.8558414018717375,8,0.26666666666666666,4,6,5651,62.49266666666667,5.277321192110398,-0.10628775252789255,0.005478440639654165,7817.0,35.50823488617423,8.629032782600557,-0.30707132574844065,5.3742240222049045,-7.620048741106236,-1.2310432614948716,0.2069086768846821,0.5178083133286917,43|37|5|40|5|12|38|13|34|6,135,64
188,0.003934133406388585,-1.4679316719334579,-1.4679316719334579,5.280091724332544,5.280091724332544,4.8558414018717375,3,0.1,3,7,5681,62.49266666666667,5.280091724332544,-0.10642274264481419,0.005481136584233721,7790.0,34.51917409030497,8.604043479776452,-0.30633279897738236,5.362791759108741,-7.619409639851666,-1.2575278575589048,0.18492570634255492,0.509840221405285,44|37|5|41|5|12|38|13|31|6,135,64
189,0.0038947920723246994,-1.4733292494268837,-1.474388009465447,5.280364704997184,5.280589719411713,4.8558414018717375,5,0.16666666666666666,1,11,5711,62.49266666666667,5.280364704997184,-0.10723415556410791,0.005726395831239172,7786.0,34.53811961051624,8.604055871049358,-0.3062600319013648,5.2940734989536145,-7.561268425212271,-1.261451501420243,0.18534679149166708,0.5098441724879643,43|36|5|40|5|12|41|13|31|6,136,63
190,0.0038558441516014525,-1.4623666036702052,-1.474388009465447,5.281129104228158,5.280589719411713,4.8558414018717375,4,0.13333333333333333,0,9,5741,62.49266666666667,5.281129104228158,-0.10718322820641442,0.0057419455281684335,7856.0,34.528481396186166,8.604040021614484,-0.3060562698619494,5.2983865180488,-7.557582210409851,-1.1927877338468238,0.18513257151390472,0.5098391187353688,43|35|5|42|5|11|41|13|31|6,136,63
191,0.003817285710085438,-1.459208188657412,-1.474388009465447,5.296798280240311,5.280589719411713,4.8558414018717375,4,0.13333333333333333,0,12,5771,62.49266666666667,5.296798280240311,-0.10719735776435906,0.005737132650718794,7846.0,34.63027676706275,8.561432215578371,-0.3018794168107915,5.297189891010175,-7.558723152267291,-1.2025968435001695,0.18739508626390874,0.49625318888609965,43|35|5|42|5|11|42|14|29|6,137,63
192,0.003779112852984584,-1.4551306369353507,-1.474388009465447,5.292313327331275,5.280589719411713,4.8558414018717375,3,0.1,0,13,5801,62.49266666666667,5.292313327331275,-0.10703653065601999,0.005661023942269627,7881.0,34.994791761773016,8.60420610931354,-0.3030749480389732,5.310810279357529,-7.576765500549359,-1.1682649597134598,0.19549683534176684,0.5098920774778649,42|37|5|41|5|11|42|14|30|6,138,63
193,0.003741321724454738,-1.470117815036238,-1.474388009465447,5.280531652310097,5.280589719411713,4.8558414018717375,8,0.26666666666666666,0,11,5831,62.449333333333335,5.280531652310097,-0.10714107107881843,0.0056974808348185324,7847.0,34.238384503005875,8.60213792694161,-0.3062155295999812,5.301956789599389,-7.568123021047968,-1.201615932534835,0.17868484708303167,0.5092326166129543,43|37|5|42|5|11|40|13|30|5,137,62
194,0.0037039085072101906,-1.488390216496905,-1.497177470458508,5.305073389955662,5.305073389955662,4.8558414018717375,8,0.26666666666666666,4,11,5861,62.449333333333335,5.305073389955662,-0.10804360954526478,0.005831670001052298,7824.0,34.216256804680576,8.59512562151493,-0.29967356263974754,5.225521140545077,-7.536312105816276,-1.2241768847375298,0.17819303450438972,0.5069966721118976,43|34|5|42|5|11|43|13|29|5,136,63
195,0.0036668694221380885,-1.4877481724394988,-1.4979620726470115,5.293634355123195,5.293432821040426,4.8558414018717375,3,0.1,1,10,5891,62.449333333333335,5.293634355123195,-0.1080610900449657,0.005837453953212565,7839.0,34.42093136717753,8.595041458247636,-0.30272280833749404,5.224040723487958,-7.534940960760095,-1.2094632202575113,0.1827421531196301,0.5069698358029741,45|34|5|41|5|10|43|13|28|5,136,63
196,0.0036302007279167075,-1.5018158709954894,-1.5023548098488761,5.2868130296498235,5.2868130296498235,4.8558414018717375,8,0.26666666666666666,3,9,5921,62.449333333333335,5.2868130296498235,-0.10796021202556332,0.005784018922370578,7704.0,34.69582657885941,8.595945127304722,-0.30454113459117155,5.23258404565648,-7.547608281708763,-1.3418862005776768,0.18885200335918342,0.5072579798206717,43|35|5|40|5|11|43|12|29|5,136,63
197,0.0035938987206375404,-1.5419593185127725,-1.554819923754478,5.27764306667794,5.276842141482153,4.8558414018717375,9,0.3,7,8,5951,62.49266666666667,5.27764306667794,-0.10867899265821206,0.005835292636515535,7562.0,34.74883024302143,8.759312313823337,-0.30698552527185635,5.171710779611103,-7.535453323003395,-1.4811755576551842,0.19003006844149664,0.5593492593818208,42|35|5|42|5|10|41|13|28|5,136,61
198,0.003557959733431165,-1.5548296007090165,-1.5548296007090165,5.279783358128792,5.279783358128792,4.8558414018717375,8,0.26666666666666666,1,5,5981,62.449333333333335,5.279783358128792,-0.10893261674836144,0.005883080093965939,7560.0,34.0137294357178,8.75937719328588,-0.3064149985977081,5.150231449181335,-7.524124817128006,-1.4831373795858533,0.17369163964122525,0.5593699468545817,42|33|5|42|5|11|43|13|27|5,135,62
199,0.0035223801360968533,-1.5532911639818006,-1.5637266982799087,5.281125804359498,5.281125804359498,4.8558414018717375,7,0.23333333333333334,2,7,6011,62.449333333333335,5.281125804359498,-0.1087067955862527,0.005870477668241092,7491.0,34.00295696097605,8.760377998143365,-0.306057149491259,5.1693561599141,-7.527112351127198,-1.550820236193938,0.17345220947080225,0.5596890636045753,43|34|5|42|5|11|41|13|26|5,136,60
200,0.0034871563347358848,-1.5771978377382798,-1.5771978377382798,5.281577909736849,5.281577909736849,4.8558414018717375,5,0.16666666666666666,3,14,6041,62.449333333333335,5.281577909736849,-0.10869234576114686,0.005811931555563456,7311.0,33.9990705947341,8.760387106599067,-0.3059366340459435,5.170579910260204,-7.5409913063350205,-1.7273842099541585,0.17336583068097505,0.55969196792779,42|35|5|41|5|11|40|13|26|5,135,59
201,0.003452284771388526,-1.5917090157202023,-1.5917222338053225,5.281529712529147,5.281529712529147,4.8558414018717375,3,0.1,2,13,6071,62.449333333333335,5.281529712529147,-0.10870444215524114,0.005817846743154889,7161.0,34.00144850801851,8.760387198761943,-0.3059494817319923,5.1695554711164045,-7.539589050576737,-1.8745208547543424,0.1734186824347816,0.5596919973148552,42|34|5|40|5|11|40|13|26|5,135,58
202,0.0034177619236746407,-1.5980675200425014,-1.6032952993467078,5.303571209227797,5.289275534147405,4.8558414018717375,5,0.16666666666666666,1,10,6101,62.449333333333335,5.303571209227797,-0.10889059401465492,0.005812201672910541,7182.0,33.48473805189518,8.761496269514623,-0.3000739913637409,5.153790338963108,-7.540927272253343,-1.8539217244823167,0.16193422082917786,0.5600456357404294,41|34|5|40|5|12|41|13|26|5,136,57
203,0.0033835843044378944,-1.6408154300693123,-1.6408154300693123,5.301722386175347,5.301722386175347,4.8558414018717375,5,0.16666666666666666,4,11,6131,62.449333333333335,5.301722386175347,-0.10977992433720676,0.005893124120301451,7062.0,33.2672131247963,8.75972627230301,-0.3005668227801273,5.078473282732164,-7.521743777888315,-1.9716310403224637,0.15709948864227485,0.5594812542294451,41|36|5|39|5|12|40|13|24|5,135,57
204,0.0033497484613935155,-1.6369718159391737,-1.6408154300693123,5.302267529055598,5.301722386175347,4.8558414018717375,5,0.16666666666666666,0,8,6161,62.449333333333335,5.302267529055598,-0.10976340051868376,0.005880183456981378,7180.0,32.63351770397105,8.711663762500734,-0.30042150679791296,5.079872678814011,-7.524811494571192,-1.855883546412986,0.14301490675725617,0.5441560369206712,41|37|5|40|5|11|41|13|22|5,135,57
205,0.00331625097677958,-1.631446958159543,-1.6408154300693123,5.293810756666191,5.301722386175347,4.8558414018717375,8,0.26666666666666666,0,12,6191,62.449333333333335,5.293810756666191,-0.11046724256557643,0.006172158338428169,7212.0,32.61880223250323,8.710583057580429,-0.30267578586978294,5.020264556073512,-7.455595860670413,-1.8244943955222799,0.14268783912183708,0.5438114432276144,44|35|5|39|5|11|41|13|22|5,134,57
206,0.0032830884670117843,-1.6367759126233679,-1.6408154300693123,5.301675461067747,5.301722386175347,4.8558414018717375,9,0.3,0,5,6221,62.49266666666667,5.301675461067747,-0.11025587380319953,0.006173113349662009,6987.0,33.12105115325532,8.758742157243779,-0.3005793313688815,5.038165298416049,-7.4553694654832485,-2.0451993627225558,0.15385087710273784,0.5591674591904097,43|35|5|36|5|11|40|14|25|5,134,58
207,0.0032502575823416665,-1.64053399587543,-1.6460128930490627,5.301233563168169,5.301207939148245,4.8558414018717375,5,0.16666666666666666,1,7,6251,62.49266666666667,5.301233563168169,-0.11035150004546959,0.006207298414632078,6939.0,33.216920365818915,8.758736145128546,-0.30069712585843994,5.030066747311278,-7.447265545960727,-2.0922830890586144,0.15598167642719207,0.559165542166667,41|35|5|38|5|11|39|14|26|5,133,59
208,0.00321775500651825,-1.6769393386490108,-1.6769393386490108,5.298822295314404,5.298822295314404,4.8558414018717375,5,0.16666666666666666,5,3,6281,62.49266666666667,5.298822295314404,-0.11080567762502687,0.006335333451838799,6661.0,32.81764208554065,8.759720406911898,-0.30133988534268746,4.991602616008305,-7.416913530000107,-2.364976337421622,0.1471072748634801,0.5594793839901722,40|34|5|38|5|11|38|14|25|5,132,57
209,0.0031855774564530674,-1.6762657734036621,-1.6777680638897532,5.286460751875203,5.286460751875203,4.8558414018717375,3,0.1,2,5,6311,62.49266666666667,5.286460751875203,-0.11056928316771479,0.006325098086957494,6609.0,32.842169622358604,8.765875149608808,-0.3046350394969967,5.011622775202888,-7.4193399280003565,-2.415983707619019,0.14765242650794114,0.5614418859422713,40|34|5|37|5|12|38|14|25|5,132,57
210,0.0031537216818885365,-1.6807890382573385,-1.6807890382573385,5.292436845769187,5.292436845769187,4.8558414018717375,9,0.3,1,6,6341,62.49266666666667,5.292436845769187,-0.10995294789937785,0.006090486756495844,6612.0,32.41918507657047,8.710394197272766,-0.3030420223532917,5.063819981218813,-7.474956945045596,-2.4130409747230153,0.13825112696329242,0.5437512232085634,40|36|5|39|5|12|36|14|22|5,132,57
211,0.0031221844650696513,-1.6875362930281144,-1.688134305510871,5.295038606985579,5.295038606985579,4.8558414018717375,2,0.06666666666666667,1,7,6371,62.49266666666667,5.295038606985579,-0.11002848350557312,0.006094074132719512,6577.0,32.30811968825104,8.662247734764048,-0.3023484840161995,5.0574228986556955,-7.47410652079632,-2.4473728585097247,0.13578257581873898,0.5283992367303224,40|36|5|40|5|12|35|14|21|5,132,56
212,0.0030909626204189545,-1.6859756118483271,-1.688134305510871,5.331171718256859,5.295038606985579,4.8558414018717375,8,0.26666666666666666,0,7,6401,62.449333333333335,5.331171718256859,-0.11026034413564087,0.0061002275543656495,6574.0,32.426166757168524,8.65641361696152,-0.29271666317608547,5.037786707614276,-7.472647789217132,-2.4503155914057286,0.13840630253951838,0.5265389692682916,38|35|5|41|5|12|36|15|22|5,133,56
213,0.003060052994214765,-1.6932684117720878,-1.6932684117720878,5.332131839706747,5.332131839706747,4.8558414018717375,3,0.1,1,18,6431,62.449333333333335,5.332131839706747,-0.10997803074393322,0.006008611044067822,6485.0,32.433921626255625,8.656419906468281,-0.2924607284540338,5.061695724386562,-7.494366420643983,-2.5376166673205045,0.1385786630854138,0.5265409747411283,38|36|5|39|5|12|36|15|22|5,133,56
214,0.003029452464272617,-1.706901962702803,-1.708178258445176,5.3322070171051275,5.332131839706747,4.8558414018717375,5,0.16666666666666666,2,12,6461,62.449333333333335,5.3322070171051275,-0.1099086074156844,0.006014134864283407,6303.0,32.488319990672046,8.656437178106822,-0.29244068879492485,5.067575160390107,-7.493056942527643,-2.716142463011394,0.13978772692405794,0.5265464819777459,36|36|5|37|5|12|37|15|23|5,133,55
215,0.002999157939629891,-1.7265275601060779,-1.7265275601060779,5.331695933798233,5.331695933798233,4.8558414018717375,4,0.13333333333333333,4,14,6491,62.449333333333335,5.331695933798233,-0.11000588866513701,0.006025993492886294,6133.0,32.47931056630395,8.656435258826587,-0.29257692568882027,5.059336447338904,-7.490245733248695,-2.882897327118269,0.13958748249893005,0.5265458699958331,36|35|5|36|5|12|36|15|24|5,133,53
216,0.002969166360233592,-1.7542895054231566,-1.7542895054231566,5.331313709526868,5.331313709526868,4.8558414018717375,5,0.16666666666666666,5,14,6521,62.449333333333335,5.331313709526868,-0.11018141834253634,0.0060437863757983705,5902.0,32.508354323357466,8.656444167124686,-0.2926788132809208,5.044470903853385,-7.486027748250879,-3.1094877601105524,0.14023301213513303,0.5265487104967721,35|34|5|36|5|12|34|15|25|5,132,51
217,0.0029394746966312562,-1.7701908098460033,-1.7726004458090083,5.310335834881594,5.31272808800512,4.8558414018717375,8,0.26666666666666666,4,8,6551,62.449333333333335,5.310335834881594,-0.11088251918399732,0.006246097435970708,5847.0,32.579775175988,8.75999829695802,-0.29827077929438317,4.98509493278747,-7.438067840858918,-3.1634378632039533,0.1418204196089989,0.5595679920416929,36|33|5|38|5|10|33|15|23|5,130,51
218,0.002910079949664944,-1.7717139269341056,-1.7737114765209312,5.297135702705708,5.308179544548826,4.8558414018717375,6,0.2,1,5,6581,62.449333333333335,5.297135702705708,-0.11168148686614085,0.00647995629138112,5946.0,32.43556441300408,8.760333646106146,-0.30178947180966126,4.917430655165581,-7.382629205725875,-3.0663276776358317,0.13861517583857227,0.5596749215089737,36|31|5|39|5|10|36|16|21|5,130,52
219,0.002880979150168294,-1.7801856755413445,-1.7801856755413445,5.296593937731481,5.296593937731481,4.8558414018717375,4,0.13333333333333333,2,4,6611,62.449333333333335,5.296593937731481,-0.11183267067160288,0.00650440760050065,5905.0,32.36340023593627,8.760332627885893,-0.30193388736054005,4.9046269545737475,-7.376832772649077,-3.1065450272145485,0.13701124715663082,0.5596745968391487,34|30|5|41|5|10|36|16|21|5,130,52
220,0.002852169358666611,-1.7862982017780713,-1.7862982017780713,5.296866994365018,5.296866994365018,4.8558414018717375,2,0.06666666666666667,1,4,6641,62.449333333333335,5.296866994365018,-0.11176447906046856,0.006472662138006601,5854.0,32.33573588406881,8.760334803181332,-0.3018611000338774,4.910402076910232,-7.38435835943624,-3.156571486446611,0.13639637632694143,0.5596752904540983,34|31|5|41|5|10|35|16|20|5,129,52
221,0.002823647665079945,-1.787400873133481,-1.7878759218130498,5.290315615875029,5.287684442386283,4.8558414018717375,8,0.26666666666666666,2,7,6671,62.49266666666667,5.290315615875029,-0.11139676179443588,0.006352235106672365,5848.0,32.329936718896,8.759142383375387,-0.3036074678846169,4.94154391622524,-7.412906819739689,-3.1624569522386183,0.13626748346444478,0.5592950753399779,34|32|5|41|5|10|34|16|20|5,128,53
222,0.0027954111884291454,-1.818910060727564,-1.818910060727564,5.3021554497082235,5.3021554497082235,4.8558414018717375,9,0.3,6,2,6701,62.49266666666667,5.3021554497082235,-0.11141384982791336,0.006318160452555009,5606.0,31.775204873489173,8.758790561716667,-0.3004513832230479,4.940096736987488,-7.420984565239561,-3.3998374058495817,0.12393795441295649,0.5591828934461068,33|34|5|40|5|10|31|15|20|5,126,52
223,0.002767457076544854,-1.838788483144,-1.838788483144,5.294195372777148,5.294195372777148,4.8558414018717375,5,0.16666666666666666,4,3,6731,62.49266666666667,5.294195372777148,-0.11128507507046947,0.006269278250520089,5402.0,32.0087238298741,8.759137857813979,-0.3025732606970916,4.9510026235873035,-7.432572591523012,-3.5999432427778317,0.1291281715974588,0.5592936323189556,33|35|5|36|5|10|31|16|20|5,124,52
224,0.0027397825057794054,-1.8206296870340357,-1.838788483144,5.302748078768308,5.294195372777148,4.8558414018717375,11,0.36666666666666664,0,4,6761,62.49266666666667,5.302748078768308,-0.11086844056033604,0.006118413468157304,5535.0,32.285203896678965,8.75920743151251,-0.30029340908989005,4.986287246220467,-7.468336632226787,-3.4694820843883356,0.1352732469956956,0.559315816596334,32|37|5|35|5|11|32|16|21|5,124,54
225,0.0027123846807216114,-1.8267031996852805,-1.838788483144,5.29502233942747,5.294195372777148,4.8558414018717375,6,0.2,0,8,6791,62.49266666666667,5.29502233942747,-0.11112895568229256,0.006197611607226986,5536.0,32.06311439149373,8.759104968733814,-0.3023528203769419,4.964224316854572,-7.449561902796959,-3.468501173423001,0.13033706201031067,0.5592831453031363,33|36|5|37|5|11|31|15|20|5,124,54
226,0.002685260833914395,-1.8412159839392368,-1.8412159839392368,5.295629645743706,5.295629645743706,4.8558414018717375,3,0.1,1,7,6821,62.49266666666667,5.295629645743706,-0.11095596295415715,0.006111011219148188,5424.0,31.995710867123094,8.75909256768507,-0.3021909338017963,4.978875007044841,-7.4700914111136525,-3.578363201540472,0.12883894410202484,0.5592791911033318,33|36|5|36|5|11|31|15|19|5,123,53
227,0.0026584082255752513,-1.859884937370793,-1.859884937370793,5.295510449997467,5.295510449997467,4.8558414018717375,6,0.2,3,4,6851,62.49266666666667,5.295510449997467,-0.11102472462570696,0.006123646905625547,5249.0,31.99055951413804,8.75909322045052,-0.3022227072094074,4.973051606502519,-7.4670959923126645,-3.7500226204740192,0.12872444958217788,0.5592793992441971,31|36|5|37|5|11|29|15|19|5,121,52
228,0.0026318241433194987,-1.85368528406967,-1.859884937370793,5.296224423111242,5.295510449997467,4.8558414018717375,4,0.13333333333333333,0,8,6881,62.49266666666667,5.296224423111242,-0.11087535162750953,0.006063508119558206,5331.0,31.879784246271598,8.75909721982216,-0.30203238700517965,4.98570195049657,-7.481352507047932,-3.6695879213165856,0.1262623466856981,0.5592806744842901,32|38|5|37|5|11|28|15|17|5,121,52
229,0.0026055059018863036,-1.8911621265587362,-1.8925332638992751,5.294307837340404,5.296224423111242,4.8558414018717375,9,0.3,3,5,6911,62.49266666666667,5.294307837340404,-0.11143931602536165,0.006098131041792422,5295.0,30.650818721948205,8.7585517294485,-0.3025432815869062,4.937940014140461,-7.4731447889796385,-3.7049007160686296,0.09894722810924383,0.5591067393620803,31|37|5|38|5|11|30|13|16|5,121,52
230,0.0025794508428674404,-1.8915046264869977,-1.8925332638992751,5.294046926200454,5.296224423111242,4.8558414018717375,4,0.13333333333333333,0,7,6941,62.49266666666667,5.294046926200454,-0.11146510034673555,0.006122103213223061,5269.0,30.698314793907617,8.758549352983932,-0.30261283135073147,4.935756349495785,-7.467461940395788,-3.7304044011673283,0.10000288086093627,0.5591059816023195,31|37|5|38|5|11|29|13|17|5,122,51
231,0.002553656334438766,-1.926592823927653,-1.926592823927653,5.2944997333005555,5.2944997333005555,4.8558414018717375,6,0.2,5,9,6971,62.49266666666667,5.2944997333005555,-0.11150971974469019,0.00602761361242201,5088.0,30.30552014495673,8.758555264899114,-0.302492128850729,4.931977549178826,-7.489861667331436,-3.9079492858928835,0.09127258517733915,0.5591078666762626,31|37|5|36|5|11|29|13|16|5,121,50
232,0.002528119771094378,-1.9495846210703076,-1.951656345473845,5.292533857034852,5.292533857034852,4.8558414018717375,7,0.23333333333333334,6,5,7001,62.449333333333335,5.292533857034852,-0.11199991213767588,0.006128848500017464,4936.0,30.413483849567836,8.758677510559435,-0.3030161625505378,4.890463336641299,-7.465862901125685,-4.0570477526237365,0.0936721979695932,0.5591468459413319,31|36|5|33|5|12|29|13|19|5,120,50
233,0.0025028385733834343,-1.9581601450140684,-1.9581601450140684,5.292533857034852,5.292533857034852,4.8558414018717375,2,0.06666666666666667,1,7,7031,62.449333333333335,5.292533857034852,-0.11209765151949462,0.006130380748520138,4899.0,30.324488063219015,8.758677510559435,-0.3030161625505378,4.88218582452938,-7.465499665936135,-4.093341458341115,0.09169416814791762,0.5591468459413319,31|36|5|33|5|12|29|13|18|5,120,49
234,0.0024778101876496,-1.9872085527159915,-1.989135793390877,5.208585164323021,5.2093452944254945,4.8558414018717375,6,0.2,2,12,7061,62.406,5.208585164323021,-0.11231887827850048,0.0061462169904570275,5034.0,29.206686126059495,8.762513013014312,-0.3253939412558229,4.863450212096843,-7.461745522706977,-3.96091847802095,0.06684978329398733,0.5603698346876778,34|36|5|33|5|12|29|12|17|5,120,49
235,0.002453032085773104,-2.0131754896490097,-2.0131754896490097,5.208923447013132,5.208923447013132,4.8558414018717375,5,0.16666666666666666,3,12,7091,62.406,5.208923447013132,-0.11292169203697056,0.006144749151354814,5091.0,28.67143417443736,8.762527350788691,-0.3253037669489387,4.812398137752632,-7.46209348898894,-3.9050065529968796,0.05495321643554227,0.5603744064320371,36|36|5|34|5|12|28|12|14|5,120,49
236,0.002428501764915373,-2.018974032429776,-2.018974032429776,5.207704027135916,5.207704027135916,4.8558414018717375,1,0.03333333333333333,1,12,7121,62.406,5.207704027135916,-0.11318861382171677,0.006252685712887386,5020.0,28.67143417443736,8.762515000292314,-0.32562882154216294,4.789792630483625,-7.436506022387267,-3.9746512315356335,0.05495321643554227,0.5603704683513663,36|35|5|34|5|12|28|12|14|5,120,48
237,0.002404216747266219,-2.0495317616480375,-2.0495317616480375,5.207704027135916,5.207704027135916,4.8558414018717375,4,0.13333333333333333,4,5,7151,62.406,5.207704027135916,-0.11348841215576344,0.0062484693170080765,4871.0,28.42420410700286,8.762515000292314,-0.32562882154216294,4.764402820408842,-7.437505562183693,-4.120806965370483,0.0494582546371989,0.5603704683513663,36|35|5|33|5|12|27|12|13|5,119,48
238,0.002380174579793557,-2.1115341090868904,-2.1115341090868904,5.202864741697793,5.202864741697793,4.8558414018717375,4,0.13333333333333333,4,11,7181,62.406,5.202864741697793,-0.11467470864931881,0.006260065114451936,4756.0,28.37265814882004,8.762474061494522,-0.32691880540168256,4.663935808944186,-7.434756659720973,-4.233611726383957,0.048312588683163384,0.5603574146016744,36|34|5|33|5|11|27|13|11|5,118,46
239,0.0023563728339956215,-2.115070998215042,-2.117269104242635,5.22295438673798,5.2021970494950605,4.8558414018717375,7,0.23333333333333334,1,5,7211,62.406,5.22295438673798,-0.11483179940425821,0.00624498157192365,4724.0,28.61441564007781,8.762375318092069,-0.3215636102645738,4.650631850984917,-7.438332367851725,-4.265000877274663,0.05368591642080492,0.5603259292692057,36|33|5|33|5|11|27|15|10|5,119,45
240,0.002332809105655665,-2.1176110507525916,-2.1176110507525916,5.222895461927235,5.222895461927235,4.8558414018717375,1,0.03333333333333333,1,11,7241,62.406,5.222895461927235,-0.11475838547298371,0.006256214356352162,4653.0,28.61441564007781,8.762296230390824,-0.32157931755354396,4.656849249683378,-7.435669521339595,-4.334645555813417,0.05368591642080492,0.5603007113558462,35|33|5|33|5|11|27|15|10|5,118,45
241,0.0023094810145991083,-2.137655638044084,-2.1473168237009035,5.206476353733669,5.205812503899855,4.8558414018717375,5,0.16666666666666666,4,6,7271,62.449333333333335,5.206476353733669,-0.11494801591593322,0.006295497937748869,4652.0,27.516953158841176,8.759804502095461,-0.3259560762358382,4.6407895175764775,-7.426356946316727,-4.335626466778751,0.029293598479508406,0.5595061985899098,36|31|5|33|5|11|29|13|10|5,119,45
242,0.0022863862044531173,-2.166369837844538,-2.166369837844538,5.212978055296864,5.212978055296864,4.8558414018717375,6,0.2,5,8,7301,62.449333333333335,5.212978055296864,-0.1151051290121476,0.006276389177164887,4415.0,27.6715599054899,8.759904799184374,-0.3242229505123871,4.62748366754289,-7.4308868735841855,-4.568102365563042,0.03272990448960154,0.5595381793310187,33|31|5|33|5|11|28|14|10|5,117,44
243,0.002263522342408586,-2.1802022782251145,-2.1802022782251145,5.189809054560396,5.189809054560396,4.8558414018717375,8,0.26666666666666666,5,6,7331,62.449333333333335,5.189809054560396,-0.11474732055280154,0.0060938490880723915,4456.0,27.204274569383276,8.759076054287808,-0.3303989939331347,4.657786333682899,-7.4741598699331675,-4.5278850159843245,0.022343970863173798,0.5592739256396143,31|33|5|32|5|11|31|12|9|5,117,43
244,0.0022408871189845,-2.2011427453596744,-2.2011427453596744,5.183463166313315,5.183463166313315,4.8558414018717375,5,0.16666666666666666,3,8,7361,62.449333333333335,5.183463166313315,-0.11552526923647508,0.006169885566386582,4527.0,26.998762809955338,8.75912790803399,-0.3320905852884535,4.591902147270697,-7.456134644543844,-4.458240337445571,0.01777624461981929,0.5592904597309838,32|32|5|32|5|11|33|11|7|5,116,43
245,0.0022184782477946553,-2.2084420302862857,-2.2084420302862857,5.183463166313315,5.183463166313315,4.8558414018717375,5,0.16666666666666666,3,14,7391,62.449333333333335,5.183463166313315,-0.1155512971993454,0.006169738797203097,4464.0,26.998762809955338,8.75912790803399,-0.3320905852884535,4.589697848717764,-7.456169437680917,-4.520037728261649,0.01777624461981929,0.5592904597309838,32|32|5|31|5|11|33|11|7|5,116,42
246,0.0021962934653167085,-2.209341678484724,-2.209341678484724,5.183867787114036,5.183867787114036,4.8558414018717375,1,0.03333333333333333,1,7,7421,62.449333333333335,5.183867787114036,-0.11545100946618321,0.0061254110637813846,4464.0,26.998762809955338,8.759132870320675,-0.3319827275667236,4.598191179762832,-7.4666777805663225,-4.520037728261649,0.01777624461981929,0.559292042006277,32|33|5|31|5|11|32|11|7|5,116,42
247,0.0021743305306635412,-2.2171832530997926,-2.2171832530997926,5.181987879033337,5.181987879033337,4.8558414018717375,4,0.13333333333333333,2,16,7451,62.449333333333335,5.181987879033337,-0.11563831399046601,0.006126842541290202,4468.0,27.001361632606308,8.759125030572559,-0.33248384516197393,4.582328428847921,-7.466338434172221,-4.51611408440031,0.017834006328724436,0.5592895422233063,30|33|5|32|5|11|33|11|7|5,115,43
248,0.002152587225356906,-2.2302566541701463,-2.2302566541701463,5.1817145396898034,5.1817145396898034,4.8558414018717375,3,0.1,3,14,7481,62.449333333333335,5.1817145396898034,-0.1156773514207021,0.006127104597742478,4352.0,27.001361632606308,8.75912397146801,-0.33255670784921126,4.579022363313388,-7.466276311008159,-4.629899756379119,0.017834006328724436,0.5592892045171104,29|33|5|30|5|11|34|11|7|5,113,43
249,0.002131061353103337,-2.2425094840225754,-2.2425094840225754,5.1817145396898034,5.1817145396898034,4.8558414018717375,3,0.1,3,16,7511,62.449333333333335,5.1817145396898034,-0.11565890442055979,0.006127063211682432,4220.0,26.994069808758805,8.75912397146801,-0.33255670784921126,4.580584632935573,-7.466286121997264,-4.7593800038032805,0.017671937475619053,0.5592892045171104,29|33|5|30|5|11|32|11|7|5,112,42
250,0.0021097507395723037,-2.2357529652863004,-2.2425094840225754,5.1817145396898034,5.1817145396898034,4.8558414018717375,1,0.03333333333333333,0,12,7541,62.449333333333335,5.1817145396898034,-0.11565101684777246,0.006127018411761644,4285.0,26.99874087338334,8.75912397146801,-0.33255670784921126,4.581252628558891,-7.466296742276997,-4.695620791056535,0.017775757055234764,0.5592892045171104,29|33|5|30|5|11|33|11|7|5,113,42
251,0.0020886532321765807,-2.239952099667005,-2.2425094840225754,5.179748926894765,5.1817145396898034,4.8558414018717375,3,0.1,0,9,7571,62.449333333333335,5.179748926894765,-0.11578545714652214,0.006129631242730524,4305.0,26.975899049411257,8.76130014004582,-0.3330806713169764,4.569866929360443,-7.465677343954474,-4.6760025717498435,0.017268072243943212,0.5599830978758356,28|33|5|29|5|11|35|11|7|5,113,42
252,0.0020677666998548147,-2.2537384918971832,-2.260389720759477,5.171050448602373,5.178431194143693,4.8558414018717375,7,0.23333333333333334,5,13,7601,62.449333333333335,5.171050448602373,-0.1159880031735618,0.006135887033622714,4283.0,26.843225855342016,8.761228651641725,-0.3353993807097249,4.552713381211846,-7.464194344697798,-4.697582612987204,0.014319263708477224,0.5599603030752242,29|33|5|31|5|12|32|10|7|5,114,41
253,0.0020470890328562665,-2.2663252718820788,-2.2663252718820788,5.171050448602373,5.171050448602373,4.8558414018717375,5,0.16666666666666666,1,8,7631,62.449333333333335,5.171050448602373,-0.11599942502144016,0.006135888037345799,4159.0,26.84862968538567,8.761228651641725,-0.3353993807097249,4.551746069137692,-7.464194106754968,-4.819215572688689,0.014439369810306805,0.5599603030752242,29|33|5|31|5|12|30|10|7|5,113,39
254,0.002026618142527704,-2.284552919723921,-2.284552919723921,5.169924868278454,5.169924868278454,4.8558414018717375,3,0.1,3,14,7661,62.449333333333335,5.169924868278454,-0.11623633118921453,0.006122752670009464,4095.0,26.84313228596868,8.76120574263172,-0.3356994209675302,4.531682573373237,-7.467307980017623,-4.8819938744701,0.014317184025624244,0.5599529983057043,28|34|5|30|5|12|30|10|6|5,112,38
255,0.0020063519611024268,-2.3013051636818167,-2.3013051636818167,5.169924868278454,5.169924868278454,4.8558414018717375,1,0.03333333333333333,1,12,7691,62.449333333333335,5.169924868278454,-0.11653746269312482,0.006090812482823673,4095.0,26.82378459182008,8.76120574263172,-0.3356994209675302,4.506179857635578,-7.474879728285898,-4.8819938744701,0.013887160115766456,0.5599529983057043,28|34|5|30|5|12|30|10|5|6,112,38
256,0.0019862884414914026,-2.3265505009405105,-2.3265505009405105,5.155555995061962,5.155555995061962,4.8558414018717375,6,0.2,5,9,7721,62.449333333333335,5.155555995061962,-0.1170870088875351,0.006305732615422999,3881.0,26.58733461262111,8.760836789770588,-0.33952965887470904,4.45963899359854,-7.423930711225974,-5.091908821051696,0.008631797706169316,0.5598353539546955,28|30|5|31|5|12|30|9|5|6,109,38
257,0.0019664255570764886,-2.6210780555846807,-2.623226011878138,5.138171850553962,5.138171850553962,4.8558414018717375,7,0.23333333333333334,5,11,7751,62.117333333333335,5.138171850553962,-0.12197665310535497,0.005655174016550064,3653.0,28.08405078528055,8.758514249506087,-0.34416366240965507,4.04553683249587,-7.578152285312984,-5.315556521147975,0.04189797069665866,0.5590947885034054,28|28|5|29|5|12|30|10|5|5,107,37
258,0.0019467613015057238,-2.6395942659479936,-2.6395942659479936,5.136924780641758,5.136924780641758,4.8558414018717375,3,0.1,3,10,7781,62.117333333333335,5.136924780641758,-0.12214112425897831,0.005655080353636275,3539.0,28.081729392511733,8.75850226117279,-0.34449608753295174,4.031607831300596,-7.578174489065304,-5.427380371196116,0.04184637517384881,0.5590909659020952,27|28|5|29|5|12|29|10|5|5,106,36
259,0.0019272936884906664,-2.6338710933239016,-2.6395942659479936,5.137048973089022,5.136924780641758,4.8558414018717375,2,0.06666666666666667,0,9,7811,62.117333333333335,5.137048973089022,-0.12206358090772448,0.005628212210936469,3596.0,28.081729392511733,8.758507536851551,-0.3444629821800039,4.038174949050458,-7.584543857277694,-5.371468446172045,0.04184637517384881,0.5590926481056214,27|29|5|29|5|12|29|10|5|5,107,36
260,0.0019080207516057597,-2.632119977084934,-2.6395942659479936,5.13735462650896,5.136924780641758,4.8558414018717375,1,0.03333333333333333,0,13,7841,62.117333333333335,5.13735462650896,-0.12204910832790059,0.005588301901486211,3655.0,28.081729392511733,8.75851804771271,-0.344381505692748,4.0394006264852225,-7.594005004599983,-5.313594699217306,0.04184637517384881,0.5590959995999989,27|30|5|29|5|12|29|10|5|5,108,36
261,0.001888940544089702,-2.6347191194631416,-2.6395942659479936,5.136835682965947,5.136924780641758,4.8558414018717375,4,0.13333333333333333,0,9,7871,62.076666666666675,5.136835682965947,-0.12301548204820298,0.005927796939241703,3638.0,28.071585314355573,8.754924545369953,-0.34451983785005663,3.957558793381775,-7.5135242312951815,-5.330270185627994,0.04162091181283479,0.55795017503676,26|29|5|30|5|11|30|10|5|5,107,36
262,0.001870051138648805,-2.6400563623962547,-2.6400563623962547,5.1365542971068585,5.1365542971068585,4.8558414018717375,3,0.1,2,7,7901,62.076666666666675,5.1365542971068585,-0.12288783737283597,0.005880005882290506,3587.0,28.071585314355573,8.754912565659598,-0.3445948454562751,3.9683689737482917,-7.524853590469075,-5.380296644860056,0.04162091181283479,0.5579463551849622,25|30|5|29|5|11|30|10|5|5,107,36
263,0.001851350627262317,-2.6609485024483077,-2.6609485024483077,5.128229566054896,5.128229566054896,4.8558414018717375,7,0.23333333333333334,6,3,7931,62.16933333333334,5.128229566054896,-0.12373730328712448,0.006180193153186444,3401.0,28.068087631513595,8.754759710142851,-0.34681392693621305,3.896428019515272,-7.453691125598638,-5.562746084412285,0.04154317194163372,0.5578976156576126,26|25|5|30|5|10|30|10|5|5,105,34
264,0.0018328371209896939,-2.6628257416127594,-2.6678275743545505,5.128238212713557,5.128229566054896,4.8558414018717375,3,0.1,2,5,7961,62.16933333333334,5.128238212713557,-0.12377515568344585,0.006179513923771134,3399.0,28.068087631513595,8.754764507254741,-0.34681162204011773,3.8932223140648694,-7.453852143883196,-5.564707906342954,0.04154317194163372,0.5578991452652522,27|25|5|28|5|10|31|10|5|5,105,34
265,0.001814508749779797,-2.668220751922101,-2.668220751922101,5.128238212713557,5.128238212713557,4.8558414018717375,1,0.03333333333333333,1,9,7991,62.16933333333334,5.128238212713557,-0.12377515568344588,0.006179513923771134,3344.0,28.068087631513595,8.754764507254741,-0.34681162204011773,3.893222314064867,-7.453852143883196,-5.618658009436355,0.04154317194163372,0.5578991452652522,27|25|5|27|5|10|31|10|5|5,104,34
266,0.0017963636622819988,-2.6678837714484676,-2.668220751922101,5.1282291030905505,5.128238212713557,4.8558414018717375,1,0.03333333333333333,0,3,8021,62.16933333333334,5.1282291030905505,-0.12377411894436544,0.006180351905410395,3346.0,28.068087631513595,8.754760606242082,-0.3468140503462787,3.893310115114307,-7.453653491759181,-5.616696187505686,0.04154317194163372,0.5578979013879145,26|25|5|28|5|10|31|10|5|5,104,34
267,0.0017784000256591789,-2.7199760658766197,-2.7199760658766197,4.9398343417949615,4.9398343417949615,4.8558414018717375,2,0.06666666666666667,2,6,8051,62.21000000000001,4.9398343417949615,-0.1226057540906276,0.005857899498273909,3380.0,26.586782342161055,8.760690956977564,-0.397033489640937,3.9922585026321546,-7.530094135050789,-5.583345214684311,0.008619522884130688,0.5597888536938264,27|25|5|28|5|10|31|9|5|5,104,34
268,0.001760616025402587,-2.72923536553883,-2.72923536553883,4.938931870715753,4.938931870715753,4.8558414018717375,2,0.06666666666666667,2,10,8081,62.21000000000001,4.938931870715753,-0.12268693487588049,0.005858145373368892,3323.0,26.585063798760427,8.760687092251443,-0.39727405679506494,3.985383331941674,-7.5300358478430836,-5.639257139708381,0.008581326355556154,0.5597876213868184,26|25|5|29|5|10|30|9|5|5,103,34
269,0.001743009865148561,-2.74213382832297,-2.74213382832297,4.937833670194419,4.937833670194419,4.8558414018717375,2,0.06666666666666667,2,8,8111,62.21000000000001,4.937833670194419,-0.12266606658514759,0.005799976113325459,3264.0,26.512428402669823,8.760680807829704,-0.39756679855728383,3.9871506597688233,-7.543825466277021,-5.697130886663119,0.006966924309449218,0.5597856175353924,25|26|5|29|5|10|29|9|5|5,102,34
270,0.0017255797664970755,-2.748946378249143,-2.748946378249143,4.941761097178267,4.941761097178267,4.8558414018717375,4,0.13333333333333333,2,11,8141,62.117333333333335,4.941761097178267,-0.12287567735642246,0.005854966616556687,3208.0,26.511666747300982,8.760839129309618,-0.3965198841970163,3.969398801042786,-7.5307894046788055,-5.752061900721855,0.006949995676137285,0.5598360999403751,24|25|5|29|5|12|29|9|5|5,103,34
271,0.0017083239688321047,-2.752587643188214,-2.752587643188214,4.941331484233968,4.941331484233968,4.8558414018717375,2,0.06666666666666667,1,9,8171,62.117333333333335,4.941331484233968,-0.1228760587478069,0.005815220904123975,3220.0,26.51377017992093,8.760839374219147,-0.396634403948139,3.969366501147439,-7.540211532593496,-5.74029096913784,0.006996746793474824,0.5598361780322553,23|25|5|30|5|12|29|9|5|5,103,34
272,0.0016912407291437836,-2.755441427617574,-2.7581831547936084,4.941155556458895,4.940968144936654,4.8558414018717375,6,0.2,1,10,8201,62.117333333333335,4.941155556458895,-0.1231879555862043,0.00585419361785122,3279.0,26.51318624413816,8.760838849461049,-0.3966813001259296,3.9429520732120173,-7.530972651933289,-5.682417222183101,0.006983768174602573,0.5598360107078287,23|25|5|30|5|12|30|9|5|5,101,37
273,0.0016743283218523459,-2.755249201308338,-2.7581831547936084,4.941155556458895,4.940968144936654,4.8558414018717375,1,0.03333333333333333,0,15,8231,62.117333333333335,4.941155556458895,-0.12332396990341217,0.00585392508306742,3340.0,26.51318624413816,8.760838849461049,-0.3966813001259296,3.93143307097226,-7.531036310852141,-5.622581653297693,0.006983768174602573,0.5598360107078287,23|25|5|30|5|12|31|9|5|5,102,37
274,0.0016575850386338223,-2.760674857065461,-2.7664186340225263,4.926543071550738,4.929355663120513,4.8558414018717375,6,0.2,5,10,8261,62.306666666666665,4.926543071550738,-0.12392686304454911,0.0061301135545696935,3251.0,26.512500093156394,8.760431526968317,-0.4005764763704427,3.88037427373934,-7.465563006996718,-5.7098827292124685,0.006968517709835754,0.5597061318117504,22|25|5|31|5|10|30|9|5|5,102,34
275,0.0016410091882474841,-2.7936653245362453,-2.7936653245362453,4.919725821888093,4.919725821888093,4.8558414018717375,2,0.06666666666666667,1,16,8291,62.306666666666665,4.919725821888093,-0.12446450665090762,0.0060863487138842565,3218.0,26.514088255128744,8.760419076498222,-0.40239371615585573,3.834841435484012,-7.4759379103979935,-5.742252791068509,0.007003816366905277,0.5597021618534485,20|26|5|31|5|10|30|9|5|5,102,33
276,0.0016245990963650093,-2.8007577682627285,-2.8007577682627285,4.919725821888093,4.919725821888093,4.813430845338572,1,0.03333333333333333,1,9,8321,62.306666666666665,4.919725821888093,-0.12449516531188168,0.006086974721256116,3159.0,26.50679643128124,8.760419076498222,-0.40239371615585573,3.832244964820645,-7.475789508943541,-5.800126538023248,0.006841747513799892,0.5597021618534485,20|26|5|31|5|10|29|9|5|5,102,32
277,0.0016083531054013592,-2.801333321561726,-2.801599509210927,4.91916471132292,4.919725821888093,4.813430845338572,2,0.06666666666666667,1,13,8351,62.306666666666665,4.91916471132292,-0.12479834774724399,0.0061817618554175025,3171.0,26.50679643128124,8.760410663744208,-0.4025432885631325,3.8065685564565443,-7.453319248679684,-5.788355606439233,0.006841747513799892,0.5596994793617528,20|25|5|32|5|10|29|9|5|5,102,32
278,0.0015922695743473456,-2.8035339710933322,-2.8035339710933322,4.921672600757801,4.921672600757801,4.813430845338572,3,0.1,1,9,8381,62.257333333333335,4.921672600757801,-0.12496004505362301,0.006178555104576899,3218.0,26.484092735717947,8.76046374085066,-0.4018747731523716,3.7928744713588993,-7.454079441786346,-5.742252791068509,0.006337132759226919,0.5597164035339162,19|25|5|33|5|11|29|9|5|5,102,32
279,0.0015763468786038721,-2.8012498773930186,-2.8035339710933322,4.918071721269514,4.921672600757801,4.813430845338572,3,0.1,0,5,8411,62.306666666666665,4.918071721269514,-0.12486546706874213,0.006177301652436341,3212.0,26.481950486161583,8.760404275463015,-0.4028346413972518,3.800884245932922,-7.45437658544488,-5.748138256860516,0.00628951889252821,0.5596974423936895,21|25|5|32|5|10|29|9|5|5,102,32
280,0.0015605834098178335,-2.882451993908177,-2.882451993908177,4.887372900079621,4.887372900079621,4.813430845338572,1,0.03333333333333333,1,6,8441,62.205333333333336,4.887372900079621,-0.12658225173374685,0.006141482895304802,3252.0,26.481950486161583,8.759773648959992,-0.4110178709974875,3.655490387350026,-7.462867788414507,-5.708901818247134,0.00628951889252821,0.5594963607556465,21|25|5|32|5|9|30|9|5|5,102,32
281,0.0015449775757196552,-2.878717404055933,-2.882451993908177,4.887372900079621,4.887372900079621,4.813430845338572,2,0.06666666666666667,0,8,8471,62.205333333333336,4.887372900079621,-0.12650879493176131,0.0061391443646547205,3261.0,26.483609939580266,8.759773648959992,-0.4110178709974875,3.661711416753156,-7.463422161039095,-5.700073619559123,0.006326402080873436,0.5594963607556465,21|25|5|31|5|9|31|9|6|5,102,33
282,0.0015295277999624586,-2.8780288018224605,-2.882451993908177,4.887118930170316,4.887372900079621,4.772237958152981,2,0.06666666666666667,0,10,8501,62.205333333333336,4.887118930170316,-0.12640436456758086,0.006098105270977704,3273.0,26.485543941911683,8.759761141786253,-0.4110855704725434,3.670555585687628,-7.473150898215022,-5.688302687975108,0.006369387422580953,0.5594923727168141,20|26|5|30|5|9|32|9|6|5,102,33
283,0.001514232521962834,-2.885045346428511,-2.885045346428511,4.886596073519406,4.886596073519406,4.772237958152981,1,0.03333333333333333,1,12,8531,62.205333333333336,4.886596073519406,-0.12668458906779506,0.006182753363919139,3222.0,26.481781055873054,8.759756080523914,-0.41122494572724594,3.6468234763636587,-7.453084201441652,-5.738329147207171,0.006285753116898189,0.5594907588821325,20|25|5|30|5|9|32|9|6|5,101,33
284,0.0014990901967432055,-2.8785095200278854,-2.885045346428511,4.88678539481609,4.886596073519406,4.772237958152981,2,0.06666666666666667,0,8,8561,62.205333333333336,4.88678539481609,-0.12657074733986431,0.006149524744460461,3279.0,26.482874609000245,8.759756382891515,-0.41117447930609585,3.656464690214756,-7.4609613857668355,-5.682417222183101,0.00631005854512029,0.5594908552950999,20|26|5|29|5|9|33|9|6|5,102,33
285,0.0014840992947757735,-2.8835327775528277,-2.885155468515703,4.886047076574894,4.8865085112904065,4.772237958152981,4,0.13333333333333333,1,8,8591,62.205333333333336,4.886047076574894,-0.12671495683308978,0.006173739149648768,3263.0,26.481020737488603,8.7597937404815,-0.4113712890678902,3.6442516415478305,-7.455221113191558,-5.698111797628454,0.006268854199543637,0.5595027671404657,21|25|5|30|5|9|32|9|6|5,103,33
286,0.0014692583018280157,-2.8865436918488387,-2.8868625215248,4.885757964754045,4.886008497186172,4.772237958152981,3,0.1,1,12,8621,62.205333333333336,4.885757964754045,-0.12693035729926921,0.006225938926756566,3263.0,26.481020737488603,8.759829487949913,-0.411448356144685,3.62600945570078,-7.44284662178294,-5.698111797628454,0.006268854199543637,0.5595141655822848,22|24|5|29|5|9|33|9|6|5,103,33
287,0.0014545657188097356,-2.911057675221567,-2.911057675221567,4.870914040845899,4.870914040845899,4.772237958152981,6,0.2,6,4,8651,62.208000000000006,4.870914040845899,-0.12725233653513013,0.006184112450800194,3234.0,26.56015079329422,8.758165354170794,-0.415405225913638,3.598741153251642,-7.452762015986751,-5.7265582156231565,0.008027607243882991,0.5589835396973531,24|24|5|27|5|8|33|10|5|5,102,33
288,0.0014400200616216383,-2.925610103332196,-2.925610103332196,4.868167349989147,4.868167349989147,4.772237958152981,4,0.13333333333333333,4,7,8681,62.208000000000006,4.868167349989147,-0.12730334921283035,0.006165115654194146,3138.0,26.560897986077098,8.758160207516262,-0.41613739741242745,3.594420908436629,-7.45726540104733,-5.820725668295274,0.008044214430219666,0.5589818986345073,22|25|5|26|5|8|33|10|5|5,101,32
289,0.0014256198610054218,-2.9363037407580896,-2.9363037407580896,4.867187383120036,4.867187383120036,4.772237958152981,3,0.1,3,5,8711,62.208000000000006,4.867187383120036,-0.12792085277582793,0.006348184894308608,3077.0,26.5608979860771,8.758151513342511,-0.4163986222275744,3.5421247599778134,-7.413866964032928,-5.8805612371806815,0.008044214430219744,0.5589791264092823,22|24|5|27|5|8|32|10|5|5,100,32
290,0.0014113636623953676,-3.326790392185619,-3.326790392185619,5.122616543541828,5.122616543541828,4.772237958152981,2,0.06666666666666667,2,4,8741,62.20866666666667,5.122616543541828,-0.1417729261869815,0.009900117400899184,3058.0,0.361179195247762,8.744308670494433,-0.34831016197701814,2.3689977839073335,-6.5718450106435835,-5.899198545522038,-0.5742735245765448,0.5545651959738817,22|24|5|27|5|8|32|9|5|5,99,32
291,0.001397250025771414,-3.323891603747379,-3.326790392185619,5.122688751027527,5.122616543541828,4.772237958152981,3,0.1,0,5,8771,62.20866666666667,5.122688751027527,-0.1416794445793995,0.009896874177019881,3050.0,0.36929825470719035,8.74432214279215,-0.3482909139925214,2.3769147066932463,-6.572613850057356,-5.907045833244715,-0.5740930694966632,0.5545694917522546,23|24|5|26|5|8|32|9|5|5,99,32
292,0.0013832775255136999,-3.326986711039535,-3.3290896341220546,5.125303835903651,5.12217571315179,4.772237958152981,3,0.1,1,6,8801,62.20866666666667,5.125303835903651,-0.1418420182969403,0.009943388214298219,2987.0,0.7074934812110985,8.744863841198217,-0.34759382403479794,2.36314639865832,-6.561587221466734,-5.968843224060792,-0.5665763063889014,0.5547422177672494,21|23|5|27|5|8|32|10|5|5,98,32
293,0.0013694447502585628,-3.380989770322387,-3.380989770322387,5.094237830240888,5.094237830240888,4.772237958152981,4,0.13333333333333333,4,3,8831,62.25933333333334,5.094237830240888,-0.1438840195122018,0.010270599489968897,3007.0,0.7074934812110988,8.744406963089492,-0.3558749321440665,2.1902100706669354,-6.484018439683854,-5.949225004754101,-0.5665763063889014,0.5545965375618537,22|21|5|27|5|8|33|10|5|5,98,32
294,0.0013557503027559772,-3.4031478989387054,-3.4031478989387054,5.09354211801878,5.09354211801878,4.772237958152981,4,0.13333333333333333,3,2,8861,62.25933333333334,5.09354211801878,-0.144070462961923,0.0102990496940637,2830.0,0.6995888440173063,8.74436999929054,-0.35606038463470085,2.174420243838307,-6.477274027625972,-6.122846245618318,-0.5667519956966802,0.5545847512807414,23|20|5|26|5|8|31|10|5|5,97,31
295,0.0013421927997284175,-3.4075068431938718,-3.4075068431938718,5.087117463125966,5.087117463125966,4.772237958152981,1,0.03333333333333333,1,2,8891,62.25933333333334,5.087117463125966,-0.14413533776824167,0.01029519521812353,2874.0,0.36139361751339816,8.74374468249049,-0.3577729724166539,2.168926020475435,-6.47818777059671,-6.079686163143597,-0.574268758804442,0.5543853626951885,23|20|5|26|5|8|32|9|5|5,97,31
296,0.0013287708717311332,-3.4099769157399913,-3.4099769157399913,5.09200223619928,5.09200223619928,4.772237958152981,2,0.06666666666666667,1,1,8921,62.25933333333334,5.09200223619928,-0.14413173532096318,0.010297291312310029,2805.0,0.5949125738983263,8.744026821797707,-0.3564708631481347,2.1692311104036226,-6.47769087001706,-6.1473690197516815,-0.5690785416199395,0.554475325666582,21|20|5|26|5|8|32|10|5|5,96,31
297,0.001315483163013822,-3.432031800960942,-3.432031800960942,5.08811316765146,5.08811316765146,4.772237958152981,3,0.1,3,1,8951,62.299333333333344,5.08811316765146,-0.14460324608091152,0.010352220063934449,2747.0,0.4263191513366335,8.743837378198924,-0.3575075524939896,2.129299038461418,-6.464669447269242,-6.204261855741087,-0.5728257169778637,0.5544149196592583,21|19|5|26|5|8|32|9|5|5,95,31
298,0.0013023283313836837,-3.443480387925773,-3.443480387925773,5.08811316765146,5.08811316765146,4.772237958152981,2,0.06666666666666667,2,2,8981,62.299333333333344,5.08811316765146,-0.14460931930425103,0.010352325186841553,2633.0,0.42438514900521834,8.743837378198924,-0.3575075524939896,2.1287846994220696,-6.46464452680822,-6.316085705789226,-0.5728687023195711,0.5544149196592583,21|19|5|25|5|8|31|9|5|5,94,31
299,0.0012893050480698469,-3.4857555977124344,-3.4857555977124344,5.071771903142502,5.071771903142502,4.729030058335691,2,0.06666666666666667,2,2,9011,62.299333333333344,5.071771903142502,-0.14610828691507893,0.01055633265844982,2647.0,0.42438514900521834,8.743461802297658,-0.3618635607787314,2.001837686630308,-6.416282467723234,-6.302352952274542,-0.5728687023195711,0.5542951634849236,21|18|5|26|5|8|31|9|5|5,94,31
300,0.0012764119975891483,-3.558915645823303,-3.558915645823303,5.05537863900294,5.05537863900294,4.729030058335691,2,0.06666666666666667,2,0,9041,62.256,5.05537863900294,-0.148061362531814,0.01069514098970538,2622.0,0.4164446707204779,8.743197132441562,-0.3662334303421763,1.836432434702279,-6.3833765321476985,-6.3268757264079065,-0.5730451882352529,0.5542107708246894,22|16|5|26|5|8|31|9|5|5,94,31
301,0.0012636478776132567,-3.558915645823303,-3.558915645823303,5.05537863900294,5.05537863900294,4.729030058335691,0,0.0,0,1,9071,62.256,5.05537863900294,-0.148061362531814,0.01069514098970538,2622.0,0.4164446707204779,8.743197132441562,-0.3662334303421763,1.836432434702279,-6.3833765321476985,-6.3268757264079065,-0.5730451882352529,0.5542107708246894,22|16|5|26|5|8|31|9|5|5,94,31
302,0.0012510113988371241,-3.578744392527994,-3.578744392527994,5.048214504941148,5.048214504941148,4.729030058335691,2,0.06666666666666667,2,2,9101,62.256,5.048214504941148,-0.1489264349720127,0.010796736251582322,2690.0,0.4164446707204784,8.743085677042812,-0.3681431373485746,1.7631697695596698,-6.359292335530224,-6.2601737807651565,-0.5730451882352529,0.5541752321436445,22|14|5|26|5|8|33|9|5|5,94,31
303,0.0012385012848487528,-3.592414211723869,-3.592414211723869,5.047863099722365,5.047863099722365,4.729030058335691,4,0.13333333333333333,3,1,9131,62.256,5.047863099722365,-0.1488784521753517,0.010796794940507344,2531.0,0.4147852173017986,8.743055661484066,-0.36823680966160044,1.7672334148696192,-6.359278422719888,-6.416138624253351,-0.573082071423598,0.5541656613791897,23|14|5|26|5|7|30|9|5|5,92,31
304,0.0012261162720002652,-3.6171333149686324,-3.6171333149686324,5.042099653647401,5.042099653647401,4.729030058335691,2,0.06666666666666667,2,0,9161,62.256,5.042099653647401,-0.1495896860877431,0.010833836987692566,2557.0,0.414185137820656,8.742899562036628,-0.36977314235099806,1.7069992777728102,-6.350497226323119,-6.390634939154652,-0.573095408854029,0.5541158874917335,23|13|5|27|5|7|30|9|5|5,92,31
305,0.0012138551092802626,-3.641991191351966,-3.641991191351966,5.032868290485703,5.032868290485703,4.729030058335691,3,0.1,3,2,9191,62.256,5.032868290485703,-0.15007605323707535,0.010849323180968453,2518.0,0.4311004647045814,8.742979691026516,-0.3722339001699403,1.6658090237060976,-6.346826065711668,-6.4288904668027005,-0.5727194469979401,0.5541414374305073,24|12|5|28|5|7|28|9|5|5,92,30
306,0.00120171655818746,-4.059011393633854,-4.059011393633854,4.910151277463281,4.910151277463281,4.729030058335691,2,0.06666666666666667,2,0,9221,62.299333333333344,4.910151277463281,-0.15756319946911,0.010299383557767921,2495.0,0.4467737528382969,8.743366418809746,-0.4049459540695282,1.0317253773176815,-6.477194881817916,-6.451451419005395,-0.5723710908273378,0.5542647494951856,24|11|5|28|5|7|28|9|5|5,92,29
307,0.0011896993926055854,-4.288411069768616,-4.288411069768616,4.902747126015004,4.902747126015004,4.57027193507976,4,0.13333333333333333,4,1,9251,62.256,4.902747126015004,-0.16106068962175485,0.009623259500904733,2504.0,0.4407294197152456,8.74308303514775,-0.40691964129749614,0.7355242293144632,-6.637477009374428,-6.442623220317384,-0.5725054328187966,0.5541743897486864,25|9|5|28|5|7|28|9|5|5,92,29
308,0.0011778023986795296,-4.7303513429409385,-4.7303513429409385,4.891277590422904,4.891277590422904,4.57027193507976,4,0.13333333333333333,3,0,9281,62.205333333333336,4.891277590422904,-0.1667999694826209,0.00797096613068318,2504.0,0.44004326873347976,8.74295656511233,-0.40997701742857484,0.24946673971303474,-7.029170063390722,-6.442623220317384,-0.5725206832835634,0.5541340634988955,25|8|5|29|5|8|27|9|5|5,91,30
309,0.0011660243746927344,-5.0022628404859315,-5.0022628404859315,4.8745205299096614,4.8745205299096614,4.57027193507976,3,0.1,3,0,9311,62.256,4.8745205299096614,-0.17079878474247984,0.007079765677989687,2569.0,0.5428604949817861,8.209477707467421,-0.41444386235257646,-0.08919144627994048,-7.240438251805357,-6.3788640075706375,-0.5702354566672831,0.38402893464318794,25|7|5|29|5|7|29|8|5|5,91,29
310,0.001154364130945807,-5.067287686330032,-5.067287686330032,4.870824215578234,4.870824215578234,4.57027193507976,2,0.06666666666666667,2,0,9341,62.256,4.870824215578234,-0.1715034409730955,0.006800923613288096,2558.0,0.5364882153121315,8.209509205857891,-0.41542917018122594,-0.14886852193893627,-7.306540617087214,-6.389654028189318,-0.5703770876335991,0.384038978223534,25|6|5|30|5|7|28|8|5|5,90,29
311,0.001142820489636349,-5.068741753408112,-5.068741753408112,4.8712487844767685,4.8712487844767685,4.57027193507976,1,0.03333333333333333,1,0,9371,62.256,4.8712487844767685,-0.1714569790139966,0.00680114016623287,2516.0,0.5868337561802851,8.209525207593057,-0.4153159949958879,-0.14493367579986471,-7.306489280995316,-6.4308522887333694,-0.5692581022825931,0.3840440805386177,25|6|5|29|5|7|28|9|5|5,90,29
312,0.0011313922847399854,-5.0678879372517915,-5.068741753408112,4.8712487844767685,4.8712487844767685,4.52472143188913,1,0.03333333333333333,0,1,9401,62.256,4.8712487844767685,-0.1714465621470343,0.006801311864909043,2520.0,0.5868337561802851,8.209525207593057,-0.4153159949958879,-0.14405147518795028,-7.306448578066858,-6.4269286448720315,-0.5692581022825931,0.3840440805386177,25|6|5|30|5|7|27|9|5|5,90,29
313,0.0011200783618925856,-5.235447115519057,-5.235447115519057,4.860608992428515,4.860608992428515,4.5146835476967055,4,0.13333333333333333,3,1,9431,62.30066666666667,4.860608992428515,-0.1732390197498718,0.00607847233522377,2488.0,0.5864263540348607,8.209319047670759,-0.4181521905843453,-0.29585404689957256,-7.477805086571255,-6.458317795762738,-0.5692671572460484,0.38397834436248846,27|5|5|29|5|6|26|9|5|5,89,28
314,0.0011088775782736597,-5.2401911111413515,-5.2401911111413515,4.860608992428515,4.860608992428515,4.496812817134668,1,0.03333333333333333,1,2,9461,62.30066666666667,4.860608992428515,-0.17323299187152846,0.006078501027566235,2437.0,0.5864263540348607,8.209319047670759,-0.4181521905843453,-0.2953435481111859,-7.477798284757817,-6.5083442549948,-0.5692671572460484,0.38397834436248846,27|5|5|29|5|6|25|9|5|5,89,27
315,0.001097788802490923,-5.244568963228904,-5.244568963228904,4.8700419608599175,4.8700419608599175,4.496812817134668,2,0.06666666666666667,1,1,9491,62.256,4.8700419608599175,-0.17319019923121756,0.0060795151882525305,2348.0,0.5779229985955806,8.209477821524436,-0.4156376918676534,-0.2917194552237213,-7.477557867587575,-6.5956453309095755,-0.5694561537292895,0.3840289710114205,26|5|5|29|5|7|24|9|5|5,88,27
316,0.0010868109144660139,-5.315337715108621,-5.315337715108621,4.870267486562572,4.870267486562572,4.496812817134668,5,0.16666666666666666,3,0,9521,62.256,4.870267486562572,-0.17474731864289958,0.006079798645019555,2298.0,0.5759452513978545,7.636665758413545,-0.4155775746209957,-0.42359132253106074,-7.477490671259877,-6.644690879176303,-0.5695001113490525,0.2013820518144125,26|5|5|30|5|7|22|8|5|5,88,25
317,0.0010759428053213537,-5.444849287238614,-5.444849287238614,4.858094666672973,4.858094666672973,4.496812817134668,5,0.16666666666666666,4,0,9551,62.256,4.858094666672973,-0.17722488957760618,0.005926947740683194,2265.0,0.5759452513978545,7.056057373610482,-0.41882242169257305,-0.6334158890318543,-7.513725542504706,-6.677060941032344,-0.5695001113490525,0.01624919660130418,25|5|5|29|5|7|24|7|5|5,87,25
318,0.0010651833772681403,-5.444849287238614,-5.444849287238614,4.858094666672973,4.858094666672973,4.494831001960447,0,0.0,0,2,9581,62.256,4.858094666672973,-0.17722488957760618,0.005926947740683194,2265.0,0.5759452513978545,7.056057373610482,-0.41882242169257305,-0.6334158890318543,-7.513725542504706,-6.677060941032344,-0.5695001113490525,0.01624919660130418,25|5|5|29|5|7|24|7|5|5,87,25
319,0.0010545315434954588,-5.444849287238614,-5.444849287238614,4.858094666672973,4.858094666672973,4.494831001960447,0,0.0,0,1,9611,62.256,4.858094666672973,-0.17722488957760618,0.005926947740683194,2265.0,0.5759452513978545,7.056057373610482,-0.41882242169257305,-0.6334158890318543,-7.513725542504706,-6.677060941032344,-0.5695001113490525,0.01624919660130418,25|5|5|29|5|7|24|7|5|5,87,25
320,0.001043986228060504,-5.457600269474046,-5.457600269474046,4.849471053889755,4.849471053889755,4.485803121578551,4,0.13333333333333333,4,0,9641,62.30066666666667,4.849471053889755,-0.1773000026512599,0.00592849454749337,2189.0,0.5759452513978545,7.055897230082578,-0.42112117456494175,-0.6397771874702372,-7.513358856119365,-6.75161017439777,-0.5695001113490525,0.01619813321789318,25|5|5|27|5|6|25|7|5|5,87,23
321,0.001033546365779899,-5.456496185175913,-5.457600269474046,4.849471053889755,4.849471053889755,4.485803121578551,1,0.03333333333333333,0,0,9671,62.30066666666667,4.849471053889755,-0.17726916712467716,0.005927764837521731,2187.0,0.5832370752453573,7.055897230082578,-0.42112117456494175,-0.6371657381238591,-7.51353184133645,-6.753571996328439,-0.5693380424959472,0.01619813321789318,25|5|5|26|5|6|26|7|5|5,87,23
322,0.0010232109021221,-5.451854389624763,-5.457600269474046,4.849471053889755,4.849471053889755,4.485803121578551,1,0.03333333333333333,0,3,9701,62.30066666666667,4.849471053889755,-0.17728201416806297,0.005927654933912207,2240.0,0.5832370752453573,7.055897230082578,-0.42112117456494175,-0.6382537494786431,-7.51355789511191,-6.701583715165707,-0.5693380424959472,0.01619813321789318,25|5|5|26|5|6|27|7|5|5,87,24
323,0.001012978793100879,-5.462277306299764,-5.4631797769239485,4.849471053889755,4.849471053889755,4.485803121578551,3,0.1,2,0,9731,62.30066666666667,4.849471053889755,-0.17729639088306648,0.005927981800960247,2140.0,0.5792983492247217,7.055897230082578,-0.42112117456494175,-0.63947130815721,-7.513480407932811,-6.799674811699163,-0.5694255850397896,0.01619813321789318,25|5|5|24|5|6|27|7|5|5,85,24
324,0.00100284900516987,-5.465789257170632,-5.467000379343372,4.848656774519169,4.849471053889755,4.485803121578551,4,0.13333333333333333,1,1,9761,62.30066666666667,4.848656774519169,-0.17728630013274382,0.00592719876857783,2103.0,0.5792983492247217,7.055898237175851,-0.42133823290105915,-0.638616726242941,-7.513666033773107,-6.835968517416543,-0.5694255850397896,0.016198454339768267,25|5|5|22|5|6|28|7|5|5,84,24
325,0.0009928205151181714,-5.506313750966752,-5.506313750966752,4.848625986591446,4.848625986591446,4.485803121578551,3,0.1,2,1,9791,62.30066666666667,4.848625986591446,-0.1779566123598561,0.005906521419838971,2007.0,0.5555060016316122,7.055896867501624,-0.4213464398833375,-0.6953852209422345,-7.518567810916591,-6.93013597008866,-0.5699543962902726,0.016198017605289293,23|5|5|22|5|6|28|7|5|5,83,24
326,0.0009828923099669895,-5.509425485390531,-5.509425485390531,4.848654423638854,4.848654423638854,4.485803121578551,2,0.06666666666666667,1,0,9821,62.30066666666667,4.848654423638854,-0.1779613052648786,0.005907535756508687,1976.0,0.5555060016316122,7.055895988486492,-0.4213388595633425,-0.6957826613336203,-7.518327352027678,-6.960544210014032,-0.5699543962902726,0.016197737322425,22|5|5|21|5|6|29|7|5|5,83,24
327,0.0009730633868673197,-5.519532344121663,-5.519532344121663,4.848654423638854,4.848654423638854,4.485803121578551,2,0.06666666666666667,2,0,9851,62.30066666666667,4.848654423638854,-0.1779730341052453,0.0059078120351691845,1878.0,0.5528044006379776,7.055895988486492,-0.4213388595633425,-0.6967759724881151,-7.518261857343599,-7.056673484616818,-0.5700144423615633,0.016197737322425,22|5|5|20|5|6|28|7|5|5,81,24
328,0.0009633327529986465,-5.5274232738031674,-5.5274232738031674,4.840862803811874,4.840862803811874,4.481114305632886,2,0.06666666666666667,2,2,9881,62.30066666666667,4.840862803811874,-0.17798260401013846,0.005887182658181226,1866.0,0.3920542050906146,7.0558539950471015,-0.42341583227859814,-0.6975864441955183,-7.523152262292561,-7.068444416200833,-0.5735872933208951,0.016184347289593736,23|5|5|20|5|6|27|6|6|5,81,24
329,0.00095369942546866,-5.532881920834978,-5.532881920834978,4.838072728088928,4.838072728088928,4.479207153565204,1,0.03333333333333333,1,1,9911,62.30066666666667,4.838072728088928,-0.17802291478513302,0.005899045811977417,1821.0,0.3920542050906146,7.055846164948891,-0.42415956866188403,-0.7010003488268888,-7.520339980270227,-7.1125854096408885,-0.5735872933208951,0.01618185058359312,22|5|5|20|5|6|27|6|6|5,80,24
330,0.0009441624312139734,-5.539128219793849,-5.539216835233996,4.8445190589637805,4.838072728088928,4.479207153565204,2,0.06666666666666667,1,0,9941,62.256,4.8445190589637805,-0.17799770073265647,0.005898726815629953,1730.0,0.3859128928289123,7.055950613486911,-0.4224412028229582,-0.6988649800443009,-7.5204156016192005,-7.201848307486333,-0.5737237907810137,0.016215155056233672,22|5|5|20|5|7|25|6|6|5,79,24
331,0.0009347208069018336,-5.561233956673117,-5.561233956673117,4.828350571762311,4.828350571762311,4.470724153377987,5,0.16666666666666666,5,3,9971,62.344000000000015,4.828350571762311,-0.17843660523380328,0.005920174653817522,1714.0,0.36942667370930327,7.055823463806886,-0.42675115473413,-0.7360356399831582,-7.515331172066228,-7.217542882931686,-0.574090215242251,0.016174612094887342,20|5|5|21|5|6|26|6|5|5,79,22
332,0.0009253735988328153,-5.568444932599894,-5.568444932599894,4.827908937101429,4.827908937101429,4.470724153377987,1,0.03333333333333333,1,1,10001,62.344000000000015,4.827908937101429,-0.17863266889898102,0.0059002917101631655,1756.0,0.31956905609345804,7.055818922589782,-0.4268688790534796,-0.7526401993022029,-7.520044627353991,-7.176344622387634,-0.5751983559591081,0.016173164081888014,20|5|5|21|5|6|27|5|5|5,79,22
333,0.0009161198628444871,-5.575927949111252,-5.575927949111252,4.832305913914663,4.832305913914663,4.470724153377987,4,0.13333333333333333,2,1,10031,62.299333333333344,4.832305913914663,-0.1786590118955374,0.005902161985413863,1677.0,0.31848075073210314,7.0559287904619366,-0.42569679916848874,-0.7548711779415403,-7.519601259464245,-7.253836588649064,-0.575222544749928,0.01620819656402327,18|5|5|23|5|7|25|5|5|5,78,22
334,0.0009069586642160422,-5.575927949111252,-5.575927949111252,4.832305913914663,4.832305913914663,4.470724153377987,0,0.0,0,0,10061,62.299333333333344,4.832305913914663,-0.1786590118955374,0.005902161985413863,1677.0,0.31848075073210314,7.0559287904619366,-0.42569679916848874,-0.7548711779415403,-7.519601259464245,-7.253836588649064,-0.575222544749928,0.01620819656402327,18|5|5|23|5|7|25|5|5|5,78,22
335,0.0008978890775738818,-5.577238553474,-5.577238553474,4.824609004711507,4.824609004711507,4.461688289494845,2,0.06666666666666667,2,0,10091,62.344000000000015,4.824609004711507,-0.17866745126090597,0.005893223169178635,1699.0,0.31848075073210314,7.055822741662422,-0.42774852535145785,-0.7555859046745658,-7.521720297338251,-7.232256547411704,-0.575222544749928,0.016174381831821842,19|5|5|24|5|6|24|5|5|5,78,22
336,0.000888910186798143,-5.578940511018883,-5.578940511018883,4.825081066856838,4.825081066856838,4.461688289494845,1,0.03333333333333333,1,0,10121,62.344000000000015,4.825081066856838,-0.17865539337533407,0.005904114821869066,1662.0,0.31848075073210314,7.0558165513701345,-0.42762269013137144,-0.754564726803289,-7.519138319595988,-7.268550253129083,-0.575222544749928,0.01617240799452322,18|5|5|24|5|6|24|5|5|5,77,22
337,0.0008800210849301615,-5.578940511018883,-5.578940511018883,4.825081066856838,4.825081066856838,4.461688289494845,0,0.0,0,0,10151,62.344000000000015,4.825081066856838,-0.17865539337533407,0.005904114821869066,1662.0,0.31848075073210314,7.0558165513701345,-0.42762269013137144,-0.754564726803289,-7.519138319595988,-7.268550253129083,-0.575222544749928,0.01617240799452322,18|5|5|24|5|6|24|5|5|5,77,22
338,0.0008712208740808598,-5.647940342811177,-5.647940342811177,4.825081066864917,4.825081066864917,4.461688289494845,2,0.06666666666666667,2,1,10181,62.344000000000015,4.825081066864917,-0.18004406519070243,0.005885948041964026,1580.0,0.31848075073210314,7.042825348912385,-0.4276226901292179,-0.8721708294540058,-7.523444940702682,-7.348984952286517,-0.575222544749928,0.01203003171025628,17|5|5|23|5|6|24|5|5|5,76,21
339,0.0008625086653400512,-5.653980771953716,-5.653980771953716,4.823258590665844,4.823258590665844,4.461688289494845,3,0.1,3,0,10211,62.344000000000015,4.823258590665844,-0.18003857783564625,0.0058845375907409965,1523.0,0.3159064394895943,7.042826227927477,-0.42810849839806725,-0.8717061073829767,-7.523779302600544,-7.404896877310587,-0.5752797616656592,0.012030311993107827,18|5|5|23|5|6|22|5|5|5,76,20
340,0.0008538835786866506,-5.653980771953716,-5.653980771953716,4.823258590665844,4.823258590665844,4.461688289494845,0,0.0,0,0,10241,62.344000000000015,4.823258590665844,-0.18003857783564625,0.0058845375907409965,1523.0,0.3159064394895943,7.042826227927477,-0.42810849839806725,-0.8717061073829767,-7.523779302600544,-7.404896877310587,-0.5752797616656592,0.012030311993107827,18|5|5|23|5|6|22|5|5|5,76,20
341,0.0008453447428997842,-5.666650723562234,-5.668571794487947,4.819728054271599,4.817141635488423,4.461688289494845,3,0.1,2,0,10271,62.344000000000015,4.819728054271599,-0.18029567473579447,0.005870517870664832,1533.0,0.301395076048108,7.042825534983397,-0.4290496156399113,-0.8934795488076462,-7.527102820731194,-7.395087767657241,-0.575602292774356,0.012030091040880177,17|5|5|23|5|6|23|5|5|5,76,20
342,0.0008368912954707863,-5.667419960691045,-5.668571794487947,4.818205160038763,4.817141635488423,4.461688289494845,1,0.03333333333333333,0,0,10301,62.344000000000015,4.818205160038763,-0.18027347836167745,0.005867798922000634,1523.0,0.301395076048108,7.042826904657559,-0.4294555658582302,-0.8915997460896893,-7.527747375339466,-7.404896877310587,-0.575602292774356,0.012030527775338477,18|5|5|22|5|6|23|5|5|5,76,20
343,0.0008285223825160784,-5.673903043301106,-5.673903043301106,4.822918439870581,4.822918439870581,4.460502639893089,2,0.06666666666666667,2,0,10331,62.299333333333344,4.822918439870581,-0.1804151156457377,0.005871309683257031,1501.0,0.301395076048108,7.042927314479275,-0.42819917067629976,-0.90359495531336,-7.526915113452307,-7.426476918547947,-0.575602292774356,0.012062544462441621,17|5|5|22|5|7|23|5|5|5,77,19
344,0.0008202371586909176,-5.6792350288591775,-5.6792350288591775,4.822918439870581,4.822918439870581,4.460502639893089,2,0.06666666666666667,2,1,10361,62.299333333333344,4.822918439870581,-0.18043744791549216,0.0058719546180668715,1456.0,0.29701512959167015,7.042927314479275,-0.42819917067629976,-0.9054862669826108,-7.526762225054967,-7.470617911988002,-0.5756996419305759,0.012062544462441621,17|5|5|22|5|7|22|5|5|5,76,19
345,0.0008120347871040085,-5.684031654559492,-5.684031654559492,4.822918439870581,4.822918439870581,4.460502639893089,2,0.06666666666666667,2,0,10391,62.299333333333344,4.822918439870581,-0.18045158451654927,0.005872358398029958,1413.0,0.29449945036428166,7.042927314479275,-0.42819917067629976,-0.9066834904998281,-7.526666504882181,-7.5127970834973885,-0.5757555556848973,0.012062544462441621,17|5|5|22|5|7|21|5|5|5,75,19
346,0.0008039144392329684,-5.688075826615199,-5.688075826615199,4.822301844913657,4.822301844913657,4.460502639893089,1,0.03333333333333333,1,0,10421,62.299333333333344,4.822301844913657,-0.18047463361284394,0.0058751695523640655,1380.0,0.29449945036428166,7.042925944805117,-0.4283635332774449,-0.908635509943758,-7.526000091976167,-7.545167145353429,-0.5757555556848973,0.012062107727984737,16|5|5|22|5|7|21|5|5|5,74,19
347,0.0007958752948406387,-5.708953491703406,-5.708953491703406,4.810898179897785,4.810898179897785,4.460502639893089,1,0.03333333333333333,1,0,10451,62.396,4.810898179897785,-0.18079605542648955,0.005865159636790264,1349.0,0.29449945036428166,7.042922174712061,-0.43140335062195523,-0.9358566045115613,-7.5283730449106825,-7.5755753852788,-0.5757555556848973,0.01206090559568658,15|5|5|22|5|7|21|5|5|5,74,18
348,0.0007879165418922323,-5.715582423440377,-5.715582423440377,4.814314286587617,4.814314286587617,4.460502639893089,4,0.13333333333333333,3,0,10481,62.396,4.814314286587617,-0.18087083371225718,0.005886194825744906,1279.0,0.29449945036428166,7.041157662136567,-0.4304927363280421,-0.9421895498876433,-7.523386438081685,-7.644239152852219,-0.5757555556848973,0.01149827291639555,14|5|5|22|5|7|20|5|5|5,73,17
349,0.00078003737647331,-5.72861965524202,-5.72861965524202,4.810699282742919,4.810699282742919,4.460502639893089,2,0.06666666666666667,2,0,10511,62.396,4.810699282742919,-0.18098683827268547,0.005883705753094404,1209.0,0.29449945036428166,7.041156733641269,-0.43145636963122036,-0.9520139332233574,-7.523976498228215,-7.7129029204256385,-0.5757555556848973,0.011497976856279733,13|5|5|21|5|7|20|5|5|5,73,15
350,0.0007722370027085769,-5.736422509913893,-5.736422509913893,4.810699282742919,4.810699282742919,4.460502639893089,3,0.1,3,0,10541,62.396,4.810699282742919,-0.18102063194318102,0.005886712403631675,1141.0,0.2892756817975668,7.041156733641269,-0.43145636963122036,-0.9548759066840847,-7.523263740946411,-7.7796048660683885,-0.5758716597211715,0.011497976856279733,13|5|5|22|5|7|17|5|5|5,71,15
351,0.0007645146326814912,-5.742179445738062,-5.742179445738062,4.806053312790398,4.806053312790398,4.460502639893089,1,0.03333333333333333,1,2,10571,62.299333333333344,4.806053312790398,-0.1812051838385707,0.005935211555939075,1116.0,0.2892756817975668,7.042877189781809,-0.4326948223588382,-0.9705055384756871,-7.511766520521238,-7.804127640201752,-0.5758716597211715,0.012046561695741125,12|5|5|22|5|7|17|5|5|5,70,15
352,0.0007568694863546762,-5.742348966193638,-5.742348966193638,4.806053312790398,4.806053312790398,4.460502639893089,1,0.03333333333333333,1,1,10601,62.299333333333344,4.806053312790398,-0.18118983863128377,0.005934724146635364,1108.0,0.2913625099772919,7.042877189781809,-0.4326948223588382,-0.969205958543689,-7.511882065885135,-7.811974927924429,-0.57582527765589,0.012046561695741125,12|5|5|21|5|7|18|5|5|5,70,15
353,0.0007493007914911294,-5.743610740503336,-5.743610740503336,4.815242691865308,4.815242691865308,4.443829226764352,1,0.03333333333333333,1,0,10631,62.24866666666667,4.815242691865308,-0.1813123390911877,0.005934762552398021,1123.0,0.2913625099772919,7.042998036052264,-0.43024525602570673,-0.9795804772044583,-7.511872961406029,-7.79726126344441,-0.57582527765589,0.012085094751199583,12|5|5|21|5|8|18|5|5|5,71,15
354,0.0007418077835762182,-5.750255614250561,-5.750255614250561,4.815242691865308,4.815242691865308,4.443829226764352,3,0.1,2,2,10661,62.24866666666667,4.815242691865308,-0.18129852066151794,0.0059399059700108794,1043.0,0.2920486609590594,7.042998036052264,-0.43024525602570673,-0.9784101995044074,-7.510653661619943,-7.875734140671175,-0.5758100271911231,0.012085094751199583,12|5|5|19|5|8|18|5|5|5,70,14
355,0.000734389705740456,-5.759345372203083,-5.759345372203083,4.809733594853881,4.809733594853881,4.443829226764352,2,0.06666666666666667,2,1,10691,62.29800000000001,4.809733594853881,-0.18146830468662264,0.005952670764697724,1024.0,0.2847568371115566,7.042992212290297,-0.43171378817082107,-0.9927891458212654,-7.507627636396523,-7.894371449012532,-0.5759720960442286,0.012083237785800472,11|5|5|20|5|8|17|5|5|5,69,14
356,0.0007270458086830515,-5.759345372203083,-5.759345372203083,4.809733594853881,4.809733594853881,4.443829226764352,0,0.0,0,1,10721,62.29800000000001,4.809733594853881,-0.18146830468662264,0.005952670764697724,1024.0,0.2847568371115566,7.042992212290297,-0.43171378817082107,-0.9927891458212654,-7.507627636396523,-7.894371449012532,-0.5759720960442286,0.012083237785800472,11|5|5|20|5|8|17|5|5|5,69,14
357,0.000719775350596221,-5.822054084896505,-5.822229323193808,4.915140169988556,4.931248227120975,4.443829226764352,3,0.1,2,0,10751,62.16066666666667,4.915140169988556,-0.18349346798448946,0.005907437503190604,1021.0,0.33915520152797995,7.044162836244455,-0.40361609020496175,-1.1642994768134804,-7.518350643982316,-7.897314181908535,-0.5747630322055843,0.012456503072156266,9|5|5|21|5|7|17|5|6|5,69,13
358,0.0007125775970902588,-5.834273673891747,-5.834273673891747,4.915140169988556,4.915140169988556,4.443829226764352,1,0.03333333333333333,1,2,10781,62.16066666666667,4.915140169988556,-0.18377431493749763,0.005889767054040215,1045.0,0.28634499908389865,7.044162836244455,-0.40361609020496175,-1.1880843014344504,-7.52253960480386,-7.873772318740506,-0.5759367973871592,0.012456503072156266,9|5|5|21|5|7|18|5|5|5,69,13
359,0.0007054518211193562,-5.840359566604811,-5.840359566604811,4.913765951633013,4.913765951633013,4.443829226764352,2,0.06666666666666667,2,3,10811,62.16066666666667,4.913765951633013,-0.1839720709402017,0.005887529860978953,1075.0,0.28425817090417355,7.044162836244455,-0.40398240864613916,-1.2048321841929424,-7.523069954315868,-7.84434498978047,-0.5759831794524407,0.012456503072156266,9|5|5|22|5|6|18|5|5|5,69,13
360,0.0006983973029081625,-5.85285307133212,-5.85285307133212,4.904997306459405,4.904997306459405,4.443829226764352,3,0.1,3,2,10841,62.208,4.904997306459405,-0.18408253103271277,0.005891368603048505,1015.0,0.2799191418608107,7.044107717757994,-0.40631982206976125,-1.2141870085905395,-7.522159941220188,-7.903199647700543,-0.5760796191738815,0.012438927985332377,8|5|5|21|5|6|18|5|5|5,68,12
361,0.000691413329879081,-5.863142025133101,-5.863142025133101,4.888953322760401,4.888953322760401,4.443829226764352,1,0.03333333333333333,1,3,10871,62.306666666666665,4.888953322760401,-0.18433768266585,0.005913592106383709,1037.0,0.2799191418608107,7.0438737875057855,-0.4105965857115721,-1.2357957060712137,-7.516891632305326,-7.8816196064631825,-0.5760796191738815,0.012364336958668622,7|5|5|21|5|6|19|5|5|5,68,12
362,0.0006844991965802901,-5.863142025133101,-5.863142025133101,4.888953322760401,4.888953322760401,4.443829226764352,0,0.0,0,1,10901,62.306666666666665,4.888953322760401,-0.18433768266585,0.005913592106383709,1037.0,0.2799191418608107,7.0438737875057855,-0.4105965857115721,-1.2357957060712137,-7.516891632305326,-7.8816196064631825,-0.5760796191738815,0.012364336958668622,7|5|5|21|5|6|19|5|5|5,68,12
363,0.0006776542046144872,-5.863142025133101,-5.863142025133101,4.888953322760401,4.888953322760401,4.443829226764352,0,0.0,0,4,10931,62.306666666666665,4.888953322760401,-0.18433768266585,0.005913592106383709,1037.0,0.2799191418608107,7.0438737875057855,-0.4105965857115721,-1.2357957060712137,-7.516891632305326,-7.8816196064631825,-0.5760796191738815,0.012364336958668622,7|5|5|21|5|6|19|5|5|5,68,12
364,0.0006708776625683424,-5.863142025133101,-5.863142025133101,4.888953322760401,4.888953322760401,4.443829226764352,0,0.0,0,2,10961,62.306666666666665,4.888953322760401,-0.18433768266585,0.005913592106383709,1037.0,0.2799191418608107,7.0438737875057855,-0.4105965857115721,-1.2357957060712137,-7.516891632305326,-7.8816196064631825,-0.5760796191738815,0.012364336958668622,7|5|5|21|5|6|19|5|5|5,68,12
365,0.000664168885942659,-5.863142025133101,-5.863142025133101,4.888953322760401,4.888953322760401,4.443829226764352,0,0.0,0,1,10991,62.306666666666665,4.888953322760401,-0.18433768266585,0.005913592106383709,1037.0,0.2799191418608107,7.0438737875057855,-0.4105965857115721,-1.2357957060712137,-7.516891632305326,-7.8816196064631825,-0.5760796191738815,0.012364336958668622,7|5|5|21|5|6|19|5|5|5,68,12
366,0.0006575271970832324,-5.870779891762274,-5.870779891762274,4.888806654806889,4.888806654806889,4.443829226764352,2,0.06666666666666667,2,2,11021,62.306666666666665,4.888806654806889,-0.1843369828833628,0.005913783646525017,959.0,0.2799191418608107,7.0438737875057855,-0.4106356822466202,-1.2357364417510845,-7.516846225754486,-7.958130661759278,-0.5760796191738815,0.012364336958668622,7|5|5|20|5|6|18|5|5|5,67,11
367,0.0006509519251124001,-5.870779891762274,-5.870779891762274,4.888806654806889,4.888806654806889,4.443829226764352,0,0.0,0,2,11051,62.306666666666665,4.888806654806889,-0.1843369828833628,0.005913783646525017,959.0,0.2799191418608107,7.0438737875057855,-0.4106356822466202,-1.2357364417510845,-7.516846225754486,-7.958130661759278,-0.5760796191738815,0.012364336958668622,7|5|5|20|5|6|18|5|5|5,67,11
368,0.0006444424058612761,-5.870779891762274,-5.870779891762274,4.888806654806889,4.888806654806889,4.443829226764352,0,0.0,0,4,11081,62.306666666666665,4.888806654806889,-0.1843369828833628,0.005913783646525017,959.0,0.2799191418608107,7.0438737875057855,-0.4106356822466202,-1.2357364417510845,-7.516846225754486,-7.958130661759278,-0.5760796191738815,0.012364336958668622,7|5|5|20|5|6|18|5|5|5,67,11
369,0.0006379979818026633,-5.879146176254979,-5.879146176254979,4.875593504901475,4.875593504901475,4.443829226764352,2,0.06666666666666667,2,4,11111,62.345333333333336,4.875593504901475,-0.18457944976134943,0.005909882759718481,1019.0,0.2799191418608107,7.043739084771067,-0.41415784483226176,-1.2562708720076168,-7.517770970896096,-7.899276003839204,-0.5760796191738815,0.012321385629448827,5|5|5|22|5|6|18|5|5|5,67,11
370,0.0006316180019846367,-5.879146176254979,-5.879146176254979,4.875593504901475,4.875593504901475,4.443829226764352,0,0.0,0,0,11141,62.345333333333336,4.875593504901475,-0.18457944976134943,0.005909882759718481,1019.0,0.2799191418608107,7.043739084771067,-0.41415784483226176,-1.2562708720076168,-7.517770970896096,-7.899276003839204,-0.5760796191738815,0.012321385629448827,5|5|5|22|5|6|18|5|5|5,67,11
371,0.0006253018219647903,-5.881000519662056,-5.881000519662056,4.878819044371224,4.878819044371224,4.443829226764352,2,0.06666666666666667,1,1,11171,62.345333333333336,4.878819044371224,-0.18453172585637534,0.005908346528985435,972.0,0.28507992443011215,7.043739084771067,-0.41329802907900176,-1.252229152138918,-7.518135150114112,-7.945378819209929,-0.5759649150710913,0.012321385629448827,5|5|5|20|5|6|19|5|5|5,66,11
372,0.0006190488037451424,-5.881000519662056,-5.881000519662056,4.878819044371224,4.878819044371224,4.443829226764352,0,0.0,0,2,11201,62.345333333333336,4.878819044371224,-0.18453172585637534,0.005908346528985435,972.0,0.28507992443011215,7.043739084771067,-0.41329802907900176,-1.252229152138918,-7.518135150114112,-7.945378819209929,-0.5759649150710913,0.012321385629448827,5|5|5|20|5|6|19|5|5|5,66,11
373,0.0006128583157076909,-5.881000519662056,-5.881000519662056,4.878819044371224,4.878819044371224,4.443829226764352,0,0.0,0,1,11231,62.345333333333336,4.878819044371224,-0.18453172585637534,0.005908346528985435,972.0,0.28507992443011215,7.043739084771067,-0.41329802907900176,-1.252229152138918,-7.518135150114112,-7.945378819209929,-0.5759649150710913,0.012321385629448827,5|5|5|20|5|6|19|5|5|5,66,11
374,0.000606729732550614,-5.881000519662056,-5.881000519662056,4.878819044371224,4.878819044371224,4.443829226764352,0,0.0,0,3,11261,62.345333333333336,4.878819044371224,-0.18453172585637534,0.005908346528985435,972.0,0.28507992443011215,7.043739084771067,-0.41329802907900176,-1.252229152138918,-7.518135150114112,-7.945378819209929,-0.5759649150710913,0.012321385629448827,5|5|5|20|5|6|19|5|5|5,66,11
375,0.0006006624352251079,-5.884826072426852,-5.884826072426852,4.878819044371224,4.878819044371224,4.443829226764352,1,0.03333333333333333,1,0,11291,62.345333333333336,4.878819044371224,-0.18453172585637515,0.005908346528985435,933.0,0.28507992443011215,7.043739084771067,-0.41329802907900176,-1.2522291521389015,-7.518135150114112,-7.9836343468579765,-0.5759649150710913,0.012321385629448827,5|5|5|19|5|6|19|5|5|5,66,10
376,0.0005946558108728567,-5.885240105959175,-5.8860305282597905,4.877095433969525,4.878348413205557,4.443829226764352,2,0.06666666666666667,1,0,11321,62.345333333333336,4.877095433969525,-0.18451129095343335,0.005908877434237064,924.0,0.28507992443011215,7.043739084771067,-0.4137574831919532,-1.2504985277635576,-7.518009293590596,-7.992462545545988,-0.5759649150710913,0.012321385629448827,5|5|5|20|5|5|18|5|5|5,65,10
377,0.0005887092527641282,-5.885240105959175,-5.8860305282597905,4.877095433969525,4.878348413205557,4.443829226764352,0,0.0,0,1,11351,62.345333333333336,4.877095433969525,-0.18451129095343335,0.005908877434237064,924.0,0.28507992443011215,7.043739084771067,-0.4137574831919532,-1.2504985277635576,-7.518009293590596,-7.992462545545988,-0.5759649150710913,0.012321385629448827,5|5|5|20|5|5|18|5|5|5,65,10
378,0.0005828221602364869,-5.885240105959175,-5.8860305282597905,4.877095433969525,4.878348413205557,4.443829226764352,0,0.0,0,1,11381,62.345333333333336,4.877095433969525,-0.18451129095343335,0.005908877434237064,924.0,0.28507992443011215,7.043739084771067,-0.4137574831919532,-1.2504985277635576,-7.518009293590596,-7.992462545545988,-0.5759649150710913,0.012321385629448827,5|5|5|20|5|5|18|5|5|5,65,10
379,0.0005769939386341221,-5.88547273209582,-5.8860305282597905,4.875874515044232,4.878348413205557,4.443829226764352,1,0.03333333333333333,0,0,11411,62.345333333333336,4.875874515044232,-0.18452408296361722,0.005909329488206757,930.0,0.28439377344834466,7.043739084771067,-0.41408293737884677,-1.251581878376815,-7.517902129570477,-7.98657707975398,-0.5759801655358581,0.012321385629448827,5|5|5|21|5|5|17|5|5|5,65,10
380,0.0005712239992477808,-5.88547273209582,-5.8860305282597905,4.875874515044232,4.878348413205557,4.443829226764352,0,0.0,0,0,11441,62.345333333333336,4.875874515044232,-0.18452408296361722,0.005909329488206757,930.0,0.28439377344834466,7.043739084771067,-0.41408293737884677,-1.251581878376815,-7.517902129570477,-7.98657707975398,-0.5759801655358581,0.012321385629448827,5|5|5|21|5|5|17|5|5|5,65,10
381,0.000565511759255303,-5.8901261857877225,-5.8901261857877225,4.874088816883426,4.874088816883426,4.443829226764352,1,0.03333333333333333,1,1,11471,62.345333333333336,4.874088816883426,-0.1845477374129722,0.005910134539117349,897.0,0.28131428971107547,7.043739084771067,-0.41455894191192644,-1.2535851649476237,-7.5177112840127265,-8.01894714161002,-0.5760486104692373,0.012321385629448827,5|5|5|21|5|5|16|5|5|5,65,9
382,0.00055985664166275,-5.895126759574128,-5.895126759574128,4.881410716201694,4.881410716201694,4.443829226764352,3,0.1,3,2,11501,62.345333333333336,4.881410716201694,-0.1847735235672851,0.005909797729204541,924.0,0.28131428971107547,7.043739084771067,-0.41260718021851905,-1.2727069108831024,-7.517791128249681,-7.992462545545988,-0.5760486104692373,0.012321385629448827,5|5|5|20|5|5|18|5|5|5,67,8
383,0.0005542580752461226,-5.895126759574128,-5.895126759574128,4.881410716201694,4.881410716201694,4.443829226764352,0,0.0,0,2,11531,62.345333333333336,4.881410716201694,-0.1847735235672851,0.005909797729204541,924.0,0.28131428971107547,7.043739084771067,-0.41260718021851905,-1.2727069108831024,-7.517791128249681,-7.992462545545988,-0.5760486104692373,0.012321385629448827,5|5|5|20|5|5|18|5|5|5,67,8
384,0.0005487154944936614,-5.897967152523322,-5.897967152523322,4.881410716201694,4.881410716201694,4.443829226764352,1,0.03333333333333333,1,1,11561,62.345333333333336,4.881410716201694,-0.18476322902940073,0.005911121233553211,889.0,0.28131428971107547,7.043739084771067,-0.41260718021851905,-1.271835070275572,-7.517477377998256,-8.026794429332696,-0.5760486104692373,0.012321385629448827,5|5|5|20|5|5|17|5|5|5,67,7
385,0.0005432283395487247,-5.901792705288127,-5.901792705288127,4.881410716201694,4.881410716201694,4.443829226764352,1,0.03333333333333333,1,2,11591,62.345333333333336,4.881410716201694,-0.18476322902940073,0.005911121233553211,850.0,0.28131428971107547,7.043739084771067,-0.41260718021851905,-1.271835070275572,-7.517477377998256,-8.065049956980745,-0.5760486104692373,0.012321385629448827,5|5|5|19|5|5|17|5|5|5,66,7
386,0.0005377960561532374,-5.90828531161258,-5.90828531161258,4.881278277964367,4.881278277964367,4.443829226764352,2,0.06666666666666667,2,1,11621,62.345333333333336,4.881278277964367,-0.18475467331034945,0.005911515930561676,780.0,0.28131428971107547,7.043739084771067,-0.4126424836100465,-1.2711104895921734,-7.517383811032823,-8.133713724554164,-0.5760486104692373,0.012321385629448827,5|5|5|18|5|5|16|5|5|5,64,7
387,0.000532418095591705,-5.90828531161258,-5.90828531161258,4.881278277964367,4.881278277964367,4.443829226764352,0,0.0,0,3,11651,62.345333333333336,4.881278277964367,-0.18475467331034945,0.005911515930561676,780.0,0.28131428971107547,7.043739084771067,-0.4126424836100465,-1.2711104895921734,-7.517383811032823,-8.133713724554164,-0.5760486104692373,0.012321385629448827,5|5|5|18|5|5|16|5|5|5,64,7
388,0.000527093914635788,-5.911718499991239,-5.911718499991239,4.881278277964367,4.881278277964367,4.443829226764352,1,0.03333333333333333,1,1,11681,62.345333333333336,4.881278277964367,-0.18475467331034917,0.005911515930561676,745.0,0.28131428971107547,7.043739084771067,-0.4126424836100465,-1.2711104895921501,-7.517383811032823,-8.168045608340874,-0.5760486104692373,0.012321385629448827,5|5|5|17|5|5|16|5|5|5,63,7
389,0.0005218229754894301,-5.911718499991239,-5.911718499991239,4.881278277964367,4.881278277964367,4.443829226764352,0,0.0,0,1,11711,62.345333333333336,4.881278277964367,-0.18475467331034917,0.005911515930561676,745.0,0.28131428971107547,7.043739084771067,-0.4126424836100465,-1.2711104895921501,-7.517383811032823,-8.168045608340874,-0.5760486104692373,0.012321385629448827,5|5|5|17|5|5|16|5|5|5,63,7
390,0.0005166047457345358,-5.911718499991239,-5.911718499991239,4.881278277964367,4.881278277964367,4.443829226764352,0,0.0,0,1,11741,62.345333333333336,4.881278277964367,-0.18475467331034917,0.005911515930561676,745.0,0.28131428971107547,7.043739084771067,-0.4126424836100465,-1.2711104895921501,-7.517383811032823,-8.168045608340874,-0.5760486104692373,0.012321385629448827,5|5|5|17|5|5|16|5|5|5,63,7
391,0.0005114386982771904,-5.915866173680958,-5.915866173680958,4.882665174692627,4.882665174692627,4.443829226764352,2,0.06666666666666667,2,2,11771,62.345333333333336,4.882665174692627,-0.18484895303826382,0.005907085713992052,745.0,0.28131428971107547,7.043739084771067,-0.4122727855591356,-1.2790950048939678,-7.518434039212264,-8.168045608340874,-0.5760486104692373,0.012321385629448827,5|5|5|16|5|5|17|5|5|5,63,7
392,0.0005063243112944186,-5.915866173680958,-5.915866173680958,4.882665174692627,4.882665174692627,4.443829226764352,0,0.0,0,1,11801,62.345333333333336,4.882665174692627,-0.18484895303826382,0.005907085713992052,745.0,0.28131428971107547,7.043739084771067,-0.4122727855591356,-1.2790950048939678,-7.518434039212264,-8.168045608340874,-0.5760486104692373,0.012321385629448827,5|5|5|16|5|5|17|5|5|5,63,7
393,0.0005012610681814744,-5.915866173680958,-5.915866173680958,4.882665174692627,4.882665174692627,4.443829226764352,0,0.0,0,0,11831,62.345333333333336,4.882665174692627,-0.18484895303826382,0.005907085713992052,745.0,0.28131428971107547,7.043739084771067,-0.4122727855591356,-1.2790950048939678,-7.518434039212264,-8.168045608340874,-0.5760486104692373,0.012321385629448827,5|5|5|16|5|5|17|5|5|5,63,7
394,0.0004962484574996596,-5.914102562655633,-5.915866173680958,4.883604663675097,4.882665174692627,4.443829226764352,1,0.03333333333333333,0,0,11861,62.345333333333336,4.883604663675097,-0.1848219116018446,0.005906639740631664,749.0,0.2838886009535843,7.043739084771067,-0.4120223507296387,-1.2768048756408605,-7.518539761761714,-8.164121964479536,-0.575991393553506,0.012321385629448827,5|5|5|15|5|5|18|5|5|5,63,7
395,0.000491285972924663,-5.916947204455085,-5.916947204455085,4.883604663675097,4.883604663675097,4.443829226764352,1,0.03333333333333333,1,1,11891,62.345333333333336,4.883604663675097,-0.1848219116018442,0.005906639740631664,720.0,0.2838886009535843,7.043739084771067,-0.4120223507296387,-1.2768048756408252,-7.518539761761714,-8.192568382474237,-0.575991393553506,0.012321385629448827,5|5|5|14|5|5|18|5|5|5,62,7
396,0.0004863731131954163,-5.916947204455085,-5.916947204455085,4.883604663675097,4.883604663675097,4.443829226764352,0,0.0,0,3,11921,62.345333333333336,4.883604663675097,-0.1848219116018442,0.005906639740631664,720.0,0.2838886009535843,7.043739084771067,-0.4120223507296387,-1.2768048756408252,-7.518539761761714,-8.192568382474237,-0.575991393553506,0.012321385629448827,5|5|5|14|5|5|18|5|5|5,62,7
397,0.00048150938206346217,-5.922047941474818,-5.922047941474818,4.883604663675097,4.883604663675097,4.443829226764352,2,0.06666666666666667,2,1,11951,62.345333333333336,4.883604663675097,-0.18482191160184402,0.005906639740631664,668.0,0.2838886009535843,7.043739084771067,-0.4120223507296387,-1.2768048756408112,-7.518539761761714,-8.243575752671635,-0.575991393553506,0.012321385629448827,5|5|5|12|5|5|18|5|5|5,61,7
398,0.00047669428824282756,-5.926852376492682,-5.926852376492682,4.882665174692627,4.882665174692627,4.443829226764352,1,0.03333333333333333,1,2,11981,62.345333333333336,4.882665174692627,-0.18484895303826326,0.005907085713992052,633.0,0.28131428971107547,7.043739084771067,-0.4122727855591356,-1.2790950048939207,-7.518434039212264,-8.277907636458345,-0.5760486104692373,0.012321385629448827,5|5|5|12|5|5|17|5|5|5,60,7
399,0.00047192734536039926,-5.926852376492682,-5.926852376492682,4.882665174692627,4.882665174692627,4.443829226764352,0,0.0,0,3,12011,62.345333333333336,4.882665174692627,-0.18484895303826326,0.005907085713992052,633.0,0.28131428971107547,7.043739084771067,-0.4122727855591356,-1.2790950048939207,-7.518434039212264,-8.277907636458345,-0.5760486104692373,0.012321385629448827,5|5|5|12|5|5|17|5|5|5,60,7
400,0.0004672080719067953,-5.926852376492682,-5.926852376492682,4.882665174692627,4.882665174692627,4.443829226764352,0,0.0,0,1,12041,62.345333333333336,4.882665174692627,-0.18484895303826326,0.005907085713992052,633.0,0.28131428971107547,7.043739084771067,-0.4122727855591356,-1.2790950048939207,-7.518434039212264,-8.277907636458345,-0.5760486104692373,0.012321385629448827,5|5|5|12|5|5|17|5|5|5,60,7
401,0.00046253599118772736,-5.931076587573262,-5.931076587573262,4.882681479286519,4.882681479286519,4.443829226764352,2,0.06666666666666667,2,0,12071,62.345333333333336,4.882681479286519,-0.18485984831446772,0.005907624526492183,594.0,0.28081833231636216,7.043739084771067,-0.4122684393259519,-1.280017721807686,-7.518306308194563,-8.316163164106392,-0.5760596336710907,0.012321385629448827,5|5|5|13|5|5|15|5|5|5,59,7
402,0.0004579106312758501,-5.931326066063946,-5.931326066063946,4.882406443261377,4.882406443261377,4.443829226764352,1,0.03333333333333333,1,0,12101,62.345333333333336,4.882406443261377,-0.18487567551061068,0.005906827172925525,600.0,0.28081833231636216,7.043739084771067,-0.4123417542890297,-1.281358121197709,-7.5184953290181555,-8.310277698314385,-0.5760596336710907,0.012321385629448827,5|5|5|12|5|5|16|5|5|5,59,7
403,0.00045333152496309157,-5.931326066063946,-5.931326066063946,4.882406443261377,4.882406443261377,4.443829226764352,0,0.0,0,1,12131,62.345333333333336,4.882406443261377,-0.18487567551061068,0.005906827172925525,600.0,0.28081833231636216,7.043739084771067,-0.4123417542890297,-1.281358121197709,-7.5184953290181555,-8.310277698314385,-0.5760596336710907,0.012321385629448827,5|5|5|12|5|5|16|5|5|5,59,7
404,0.00044879820971346066,-5.931326066063946,-5.931326066063946,4.882406443261377,4.882406443261377,4.443829226764352,0,0.0,0,1,12161,62.345333333333336,4.882406443261377,-0.18487567551061068,0.005906827172925525,600.0,0.28081833231636216,7.043739084771067,-0.4123417542890297,-1.281358121197709,-7.5184953290181555,-8.310277698314385,-0.5760596336710907,0.012321385629448827,5|5|5|12|5|5|16|5|5|5,59,7
405,0.0004443102276163261,-5.933528864986565,-5.933528864986565,4.882681479286519,4.882681479286519,4.443829226764352,1,0.03333333333333333,1,1,12191,62.345333333333336,4.882681479286519,-0.18485984831446695,0.005907624526492183,569.0,0.28081833231636216,7.043739084771067,-0.4122684393259519,-1.2800177218076203,-7.518306308194563,-8.340685938239757,-0.5760596336710907,0.012321385629448827,5|5|5|12|5|5|15|5|5|5,58,7
406,0.0004398671253401628,-5.936225895115607,-5.936225895115607,4.88281046960291,4.88281046960291,4.443829226764352,2,0.06666666666666667,2,0,12221,62.345333333333336,4.88281046960291,-0.18485831030452143,0.005908030335817329,540.0,0.28081833231636216,7.043739084771067,-0.412234055029281,-1.279887468313938,-7.518210106940731,-8.369132356234458,-0.5760596336710907,0.012321385629448827,5|5|5|12|5|5|14|5|5|5,57,7
407,0.0004354684540867612,-5.934152073766379,-5.936225895115607,4.881888732218882,4.88281046960291,4.443829226764352,2,0.06666666666666667,0,0,12251,62.345333333333336,4.881888732218882,-0.184866366852217,0.005906478286803338,569.0,0.28081833231636216,7.043739084771067,-0.41247975790490504,-1.2805697743597644,-7.518578036044139,-8.340685938239757,-0.5760596336710907,0.012321385629448827,5|5|5|12|5|5|15|5|5|5,58,7
408,0.0004311137695458936,-5.934152073766379,-5.936225895115607,4.881888732218882,4.88281046960291,4.443829226764352,0,0.0,0,0,12281,62.345333333333336,4.881888732218882,-0.184866366852217,0.005906478286803338,569.0,0.28081833231636216,7.043739084771067,-0.41247975790490504,-1.2805697743597644,-7.518578036044139,-8.340685938239757,-0.5760596336710907,0.012321385629448827,5|5|5|12|5|5|15|5|5|5,58,7
409,0.00042680263185043466,-5.934622770838026,-5.936225895115607,4.882658942272572,4.88281046960291,4.443829226764352,1,0.03333333333333333,0,1,12311,62.345333333333336,4.882658942272572,-0.18487808219482288,0.005908270576689705,565.0,0.28081833231636216,7.043739084771067,-0.4122744469038484,-1.2815619423938873,-7.518153155383159,-8.344609582101095,-0.5760596336710907,0.012321385629448827,5|5|5|13|5|5|14|5|5|5,58,7
410,0.0004225346055319303,-5.934622770838026,-5.936225895115607,4.882658942272572,4.88281046960291,4.443829226764352,0,0.0,0,0,12341,62.345333333333336,4.882658942272572,-0.18487808219482288,0.005908270576689705,565.0,0.28081833231636216,7.043739084771067,-0.4122744469038484,-1.2815619423938873,-7.518153155383159,-8.344609582101095,-0.5760596336710907,0.012321385629448827,5|5|5|13|5|5|14|5|5|5,58,7
411,0.000418309259476611,-5.934622770838026,-5.936225895115607,4.882658942272572,4.88281046960291,4.443829226764352,0,0.0,0,1,12371,62.345333333333336,4.882658942272572,-0.18487808219482288,0.005908270576689705,565.0,0.28081833231636216,7.043739084771067,-0.4122744469038484,-1.2815619423938873,-7.518153155383159,-8.344609582101095,-0.5760596336710907,0.012321385629448827,5|5|5|13|5|5|14|5|5|5,58,7
412,0.0004141261668818449,-5.939778949930761,-5.939778949930761,4.872707300908574,4.872707300908574,4.443829226764352,2,0.06666666666666667,1,3,12401,62.345333333333336,4.872707300908574,-0.1849643603265156,0.005909596732426714,576.0,0.2730634632292627,7.043739084771067,-0.41492720564259805,-1.288868805469864,-7.517838776592992,-8.333819561482414,-0.5762319942169861,0.012321385629448827,5|5|5|14|5|6|13|5|5|5,59,7
413,0.00040998490521302645,-5.939778949930761,-5.939778949930761,4.872707300908574,4.872707300908574,4.443829226764352,0,0.0,0,2,12431,62.345333333333336,4.872707300908574,-0.1849643603265156,0.005909596732426714,576.0,0.2730634632292627,7.043739084771067,-0.41492720564259805,-1.288868805469864,-7.517838776592992,-8.333819561482414,-0.5762319942169861,0.012321385629448827,5|5|5|14|5|6|13|5|5|5,59,7
414,0.00040588505616089617,-5.942494346214841,-5.942494346214841,4.871543152907935,4.871543152907935,4.443829226764352,1,0.03333333333333333,1,2,12461,62.345333333333336,4.871543152907935,-0.18503167918259644,0.005910529127913791,580.0,0.26790268065996126,7.043739084771067,-0.4152375266910498,-1.294570014503529,-7.517617742700061,-8.329895917621077,-0.5763466983197764,0.012321385629448827,5|5|5|15|5|6|12|5|5|5,59,7
415,0.0004018262055992872,-5.942494346214841,-5.942494346214841,4.871543152907935,4.871543152907935,4.443829226764352,0,0.0,0,2,12491,62.345333333333336,4.871543152907935,-0.18503167918259644,0.005910529127913791,580.0,0.26790268065996126,7.043739084771067,-0.4152375266910498,-1.294570014503529,-7.517617742700061,-8.329895917621077,-0.5763466983197764,0.012321385629448827,5|5|5|15|5|6|12|5|5|5,59,7
416,0.0003978079435432943,-5.944855287902056,-5.944855287902056,4.870220572377906,4.870220572377906,4.443829226764352,1,0.03333333333333333,1,0,12521,62.345333333333336,4.870220572377906,-0.1850987614744481,0.005911367566176415,588.0,0.26323161603542583,7.043739084771067,-0.4155900802980787,-1.3002511890000803,-7.517418982328804,-8.322048629898399,-0.5764505178993922,0.012321385629448827,5|5|5|16|5|6|11|5|5|5,59,7
417,0.00039382986410786133,-5.944855287902056,-5.944855287902056,4.870220572377906,4.870220572377906,4.443829226764352,0,0.0,0,0,12551,62.345333333333336,4.870220572377906,-0.1850987614744481,0.005911367566176415,588.0,0.26323161603542583,7.043739084771067,-0.4155900802980787,-1.3002511890000803,-7.517418982328804,-8.322048629898399,-0.5764505178993922,0.012321385629448827,5|5|5|16|5|6|11|5|5|5,59,7
418,0.00038989156546678273,-5.944855287902056,-5.944855287902056,4.870220572377906,4.870220572377906,4.443829226764352,0,0.0,0,1,12581,62.345333333333336,4.870220572377906,-0.1850987614744481,0.005911367566176415,588.0,0.26323161603542583,7.043739084771067,-0.4155900802980787,-1.3002511890000803,-7.517418982328804,-8.322048629898399,-0.5764505178993922,0.012321385629448827,5|5|5|16|5|6|11|5|5|5,59,7
419,0.0003859926498121149,-5.947896111894623,-5.947896111894623,4.870220572377906,4.870220572377906,4.443829226764352,1,0.03333333333333333,1,0,12611,62.345333333333336,4.870220572377906,-0.1850987614744488,0.005911367566176415,557.0,0.26323161603542583,7.043739084771067,-0.4155900802980787,-1.3002511890001391,-7.517418982328804,-8.35245686982377,-0.5764505178993922,0.012321385629448827,5|5|5|15|5|6|11|5|5|5,58,7
420,0.00038213272331399375,-5.947896111894623,-5.947896111894623,4.870220572377906,4.870220572377906,4.443829226764352,0,0.0,0,4,12641,62.345333333333336,4.870220572377906,-0.1850987614744488,0.005911367566176415,557.0,0.26323161603542583,7.043739084771067,-0.4155900802980787,-1.3002511890001391,-7.517418982328804,-8.35245686982377,-0.5764505178993922,0.012321385629448827,5|5|5|15|5|6|11|5|5|5,58,7
421,0.0003783113960808538,-5.947896111894623,-5.947896111894623,4.870220572377906,4.870220572377906,4.443829226764352,0,0.0,0,3,12671,62.345333333333336,4.870220572377906,-0.1850987614744488,0.005911367566176415,557.0,0.26323161603542583,7.043739084771067,-0.4155900802980787,-1.3002511890001391,-7.517418982328804,-8.35245686982377,-0.5764505178993922,0.012321385629448827,5|5|5|15|5|6|11|5|5|5,58,7
422,0.00037452828212004526,-5.953776318995245,-5.953776318995245,4.8728161738564495,4.8728161738564495,4.443829226764352,3,0.1,3,1,12701,62.345333333333336,4.8728161738564495,-0.18509876147444376,0.005911367566176415,490.0,0.26323161603542583,7.043739084771067,-0.41489818393117106,-1.3002511889997137,-7.517418982328804,-8.418177904501187,-0.5764505178993922,0.012321385629448827,5|5|5|13|5|5|11|5|5|5,55,7
423,0.0003707829992988448,-5.954350982021714,-5.954350982021714,4.872285874389733,4.872285874389733,4.443829226764352,1,0.03333333333333333,1,1,12731,62.345333333333336,4.872285874389733,-0.18512327097311265,0.00591165145319742,496.0,0.2616434540630838,7.043739084771067,-0.41503954317966407,-1.302326889380805,-7.517351684004996,-8.412292438709178,-0.5764858165564615,0.012321385629448827,5|5|5|14|5|5|10|5|5|5,55,7
424,0.00036707516930585635,-5.954350982021714,-5.954350982021714,4.872285874389733,4.872285874389733,4.443829226764352,0,0.0,0,0,12761,62.345333333333336,4.872285874389733,-0.18512327097311265,0.00591165145319742,496.0,0.2616434540630838,7.043739084771067,-0.41503954317966407,-1.302326889380805,-7.517351684004996,-8.412292438709178,-0.5764858165564615,0.012321385629448827,5|5|5|14|5|5|10|5|5|5,55,7
425,0.0003634044176127978,-5.954350982021714,-5.954350982021714,4.872285874389733,4.872285874389733,4.443829226764352,0,0.0,0,2,12791,62.345333333333336,4.872285874389733,-0.18512327097311265,0.00591165145319742,496.0,0.2616434540630838,7.043739084771067,-0.41503954317966407,-1.302326889380805,-7.517351684004996,-8.412292438709178,-0.5764858165564615,0.012321385629448827,5|5|5|14|5|5|10|5|5|5,55,7
426,0.0003597703734366698,-5.954566544923204,-5.954566544923204,4.872285874389733,4.872285874389733,4.443829226764352,1,0.03333333333333333,1,1,12821,62.345333333333336,4.872285874389733,-0.18515228386811264,0.005911982084387276,506.0,0.26100295098368365,7.043739084771067,-0.41503954317966407,-1.3047839807322685,-7.517273304497554,-8.402483329055833,-0.5765000524460907,0.012321385629448827,5|5|5|15|5|5|9|5|5|5,55,7
427,0.0003561726697023031,-5.957755884872835,-5.957755884872835,4.86321522661768,4.86321522661768,4.443829226764352,1,0.03333333333333333,1,1,12851,62.345333333333336,4.86321522661768,-0.18516374245931871,0.005914532788737915,500.0,0.26100295098368365,7.043739084771067,-0.4174574599095096,-1.305754404585263,-7.516668633925729,-8.40836879484784,-0.5765000524460907,0.012321385629448827,5|5|5|15|5|6|8|5|5|5,55,7
428,0.00035261094300528004,-5.957755884872835,-5.957755884872835,4.86321522661768,4.86321522661768,4.443829226764352,0,0.0,0,0,12881,62.345333333333336,4.86321522661768,-0.18516374245931871,0.005914532788737915,500.0,0.26100295098368365,7.043739084771067,-0.4174574599095096,-1.305754404585263,-7.516668633925729,-8.40836879484784,-0.5765000524460907,0.012321385629448827,5|5|5|15|5|6|8|5|5|5,55,7
429,0.00034908483357522723,-5.957755884872835,-5.957755884872835,4.86321522661768,4.86321522661768,4.443829226764352,0,0.0,0,0,12911,62.345333333333336,4.86321522661768,-0.18516374245931871,0.005914532788737915,500.0,0.26100295098368365,7.043739084771067,-0.4174574599095096,-1.305754404585263,-7.516668633925729,-8.40836879484784,-0.5765000524460907,0.012321385629448827,5|5|5|15|5|6|8|5|5|5,55,7
430,0.00034559398523947496,-5.957755884872835,-5.957755884872835,4.86321522661768,4.86321522661768,4.443829226764352,0,0.0,0,1,12941,62.345333333333336,4.86321522661768,-0.18516374245931871,0.005914532788737915,500.0,0.26100295098368365,7.043739084771067,-0.4174574599095096,-1.305754404585263,-7.516668633925729,-8.40836879484784,-0.5765000524460907,0.012321385629448827,5|5|5|15|5|6|8|5|5|5,55,7
431,0.0003421380453870802,-6.004500836086726,-6.004500836086726,4.86321522661768,4.86321522661768,4.443829226764352,1,0.03333333333333333,1,0,12971,62.345333333333336,4.86321522661768,-0.18620804786073014,0.005915291648400592,485.0,0.15818572473537731,7.043739084771067,-0.4174574599095096,-1.3941962429504433,-7.516488738476046,-8.423082459327858,-0.5787852790623709,0.012321385629448827,5|5|5|15|5|6|7|5|5|5,54,7
432,0.0003387166649332094,-6.004500836086726,-6.004500836086726,4.86321522661768,4.86321522661768,4.443829226764352,0,0.0,0,1,13001,62.345333333333336,4.86321522661768,-0.18620804786073014,0.005915291648400592,485.0,0.15818572473537731,7.043739084771067,-0.4174574599095096,-1.3941962429504433,-7.516488738476046,-8.423082459327858,-0.5787852790623709,0.012321385629448827,5|5|5|15|5|6|7|5|5|5,54,7
433,0.0003353294982838773,-6.004500836086726,-6.004500836086726,4.86321522661768,4.86321522661768,4.443829226764352,0,0.0,0,4,13031,62.345333333333336,4.86321522661768,-0.18620804786073014,0.005915291648400592,485.0,0.15818572473537731,7.043739084771067,-0.4174574599095096,-1.3941962429504433,-7.516488738476046,-8.423082459327858,-0.5787852790623709,0.012321385629448827,5|5|5|15|5|6|7|5|5|5,54,7
434,0.00033197620330103854,-6.004500836086726,-6.004500836086726,4.86321522661768,4.86321522661768,4.443829226764352,0,0.0,0,0,13061,62.345333333333336,4.86321522661768,-0.18620804786073014,0.005915291648400592,485.0,0.15818572473537731,7.043739084771067,-0.4174574599095096,-1.3941962429504433,-7.516488738476046,-8.423082459327858,-0.5787852790623709,0.012321385629448827,5|5|5|15|5|6|7|5|5|5,54,7
435,0.00032865644126802817,-6.004500836086726,-6.004500836086726,4.86321522661768,4.86321522661768,4.443829226764352,0,0.0,0,0,13091,62.345333333333336,4.86321522661768,-0.18620804786073014,0.005915291648400592,485.0,0.15818572473537731,7.043739084771067,-0.4174574599095096,-1.3941962429504433,-7.516488738476046,-8.423082459327858,-0.5787852790623709,0.012321385629448827,5|5|5|15|5|6|7|5|5|5,54,7
436,0.0003253698768553479,-6.007345477886201,-6.007345477886201,4.86321522661768,4.86321522661768,4.443829226764352,1,0.03333333333333333,1,0,13121,62.345333333333336,4.86321522661768,-0.18620804786073025,0.005915291648400592,456.0,0.15818572473537731,7.043739084771067,-0.4174574599095096,-1.3941962429504526,-7.516488738476046,-8.451528877322561,-0.5787852790623709,0.012321385629448827,5|5|5|14|5|6|7|5|5|5,53,7
437,0.0003221161780867944,-6.007345477886201,-6.007345477886201,4.86321522661768,4.86321522661768,4.443829226764352,0,0.0,0,1,13151,62.345333333333336,4.86321522661768,-0.18620804786073025,0.005915291648400592,456.0,0.15818572473537731,7.043739084771067,-0.4174574599095096,-1.3941962429504526,-7.516488738476046,-8.451528877322561,-0.5787852790623709,0.012321385629448827,5|5|5|14|5|6|7|5|5|5,53,7
438,0.0003188950163059264,-6.009993937492604,-6.009993937492604,4.86321522661768,4.86321522661768,4.443829226764352,1,0.03333333333333333,1,0,13181,62.345333333333336,4.86321522661768,-0.18620804786073025,0.005915291648400592,429.0,0.15818572473537731,7.043739084771067,-0.4174574599095096,-1.3941962429504526,-7.516488738476046,-8.478013473386595,-0.5787852790623709,0.012321385629448827,5|5|5|13|5|6|7|5|5|5,52,7
439,0.00031570606614286713,-6.009993937492604,-6.009993937492604,4.86321522661768,4.86321522661768,4.443829226764352,0,0.0,0,0,13211,62.345333333333336,4.86321522661768,-0.18620804786073025,0.005915291648400592,429.0,0.15818572473537731,7.043739084771067,-0.4174574599095096,-1.3941962429504526,-7.516488738476046,-8.478013473386595,-0.5787852790623709,0.012321385629448827,5|5|5|13|5|6|7|5|5|5,52,7
440,0.00031254900548143846,-6.009993937492604,-6.009993937492604,4.86321522661768,4.86321522661768,4.443829226764352,0,0.0,0,2,13241,62.345333333333336,4.86321522661768,-0.18620804786073025,0.005915291648400592,429.0,0.15818572473537731,7.043739084771067,-0.4174574599095096,-1.3941962429504526,-7.516488738476046,-8.478013473386595,-0.5787852790623709,0.012321385629448827,5|5|5|13|5|6|7|5|5|5,52,7
441,0.0003094235154266241,-6.009993937492604,-6.009993937492604,4.86321522661768,4.86321522661768,4.443829226764352,0,0.0,0,0,13271,62.345333333333336,4.86321522661768,-0.18620804786073025,0.005915291648400592,429.0,0.15818572473537731,7.043739084771067,-0.4174574599095096,-1.3941962429504526,-7.516488738476046,-8.478013473386595,-0.5787852790623709,0.012321385629448827,5|5|5|13|5|6|7|5|5|5,52,7
442,0.0003063292802723578,-6.009993937492604,-6.009993937492604,4.86321522661768,4.86321522661768,4.443829226764352,0,0.0,0,2,13301,62.345333333333336,4.86321522661768,-0.18620804786073025,0.005915291648400592,429.0,0.15818572473537731,7.043739084771067,-0.4174574599095096,-1.3941962429504526,-7.516488738476046,-8.478013473386595,-0.5787852790623709,0.012321385629448827,5|5|5|13|5|6|7|5|5|5,52,7
443,0.00030326598746963426,-6.01244621490594,-6.01244621490594,4.86321522661768,4.86321522661768,4.443829226764352,1,0.03333333333333333,1,0,13331,62.345333333333336,4.86321522661768,-0.18620804786073025,0.005915291648400592,404.0,0.15818572473537731,7.043739084771067,-0.4174574599095096,-1.3941962429504526,-7.516488738476046,-8.502536247519958,-0.5787852790623709,0.012321385629448827,5|5|5|12|5|6|7|5|5|5,51,7
444,0.0003002333275949379,-6.01244621490594,-6.01244621490594,4.86321522661768,4.86321522661768,4.443829226764352,0,0.0,0,1,13361,62.345333333333336,4.86321522661768,-0.18620804786073025,0.005915291648400592,404.0,0.15818572473537731,7.043739084771067,-0.4174574599095096,-1.3941962429504526,-7.516488738476046,-8.502536247519958,-0.5787852790623709,0.012321385629448827,5|5|5|12|5|6|7|5|5|5,51,7
445,0.0002972309943189885,-6.01244621490594,-6.01244621490594,4.86321522661768,4.86321522661768,4.443829226764352,0,0.0,0,2,13391,62.345333333333336,4.86321522661768,-0.18620804786073025,0.005915291648400592,404.0,0.15818572473537731,7.043739084771067,-0.4174574599095096,-1.3941962429504526,-7.516488738476046,-8.502536247519958,-0.5787852790623709,0.012321385629448827,5|5|5|12|5|6|7|5|5|5,51,7
446,0.00029425868437579864,-6.01244621490594,-6.01244621490594,4.86321522661768,4.86321522661768,4.443829226764352,0,0.0,0,0,13421,62.345333333333336,4.86321522661768,-0.18620804786073025,0.005915291648400592,404.0,0.15818572473537731,7.043739084771067,-0.4174574599095096,-1.3941962429504526,-7.516488738476046,-8.502536247519958,-0.5787852790623709,0.012321385629448827,5|5|5|12|5|6|7|5|5|5,51,7
447,0.00029131609753204067,-6.01244621490594,-6.01244621490594,4.86321522661768,4.86321522661768,4.443829226764352,0,0.0,0,0,13451,62.345333333333336,4.86321522661768,-0.18620804786073025,0.005915291648400592,404.0,0.15818572473537731,7.043739084771067,-0.4174574599095096,-1.3941962429504526,-7.516488738476046,-8.502536247519958,-0.5787852790623709,0.012321385629448827,5|5|5|12|5|6|7|5|5|5,51,7
448,0.00028840293655672025,-6.01244621490594,-6.01244621490594,4.86321522661768,4.86321522661768,4.443829226764352,0,0.0,0,0,13481,62.345333333333336,4.86321522661768,-0.18620804786073025,0.005915291648400592,404.0,0.15818572473537731,7.043739084771067,-0.4174574599095096,-1.3941962429504526,-7.516488738476046,-8.502536247519958,-0.5787852790623709,0.012321385629448827,5|5|5|12|5|6|7|5|5|5,51,7
449,0.00028551890719115305,-6.0141901188766385,-6.0141901188766385,4.860720892985957,4.860720892985957,4.443829226764352,1,0.03333333333333333,1,1,13511,62.345333333333336,4.860720892985957,-0.18620804786073025,0.005915291648400592,393.0,0.15818572473537731,7.043739084771067,-0.4181223618183391,-1.3941962429504526,-7.516488738476046,-8.513326268138638,-0.5787852790623709,0.012321385629448827,5|5|5|12|5|5|7|5|5|5,50,7
450,0.00028266371811924154,-6.0141901188766385,-6.0141901188766385,4.860720892985957,4.860720892985957,4.443829226764352,0,0.0,0,2,13541,62.345333333333336,4.860720892985957,-0.18620804786073025,0.005915291648400592,393.0,0.15818572473537731,7.043739084771067,-0.4181223618183391,-1.3941962429504526,-7.516488738476046,-8.513326268138638,-0.5787852790623709,0.012321385629448827,5|5|5|12|5|5|7|5|5|5,50,7
451,0.00027983708093804913,-6.023532465812729,-6.023532465812729,4.860720892985957,4.860720892985957,4.443829226764352,2,0.06666666666666667,2,0,13571,62.345333333333336,4.860720892985957,-0.18644354764391485,0.0059206741508847985,393.0,0.157453180755738,7.043739084771067,-0.4181223618183391,-1.4141406325239407,-7.515212761174264,-8.513326268138638,-0.5788015606628474,0.012321385629448827,5|5|5|12|5|5|7|5|5|5,50,7
452,0.00027703871012866866,-6.047123962428381,-6.047123962428381,4.860720892985957,4.860720892985957,4.443829226764352,1,0.03333333333333333,1,1,13601,62.345333333333336,4.860720892985957,-0.18706625408573702,0.0059341711374203,405.0,0.157453180755738,7.043739084771067,-0.4181223618183391,-1.4668774108669027,-7.512013162379409,-8.501555336554624,-0.5788015606628474,0.012321385629448827,5|5|5|13|5|5|6|5|5|5,50,7
453,0.00027426832302738195,-6.047123962428381,-6.047123962428381,4.860720892985957,4.860720892985957,4.443829226764352,0,0.0,0,3,13631,62.345333333333336,4.860720892985957,-0.18706625408573702,0.0059341711374203,405.0,0.157453180755738,7.043739084771067,-0.4181223618183391,-1.4668774108669027,-7.512013162379409,-8.501555336554624,-0.5788015606628474,0.012321385629448827,5|5|5|13|5|5|6|5|5|5,50,7
454,0.00027152563979710814,-6.047123962428381,-6.047123962428381,4.860720892985957,4.860720892985957,4.443829226764352,0,0.0,0,0,13661,62.345333333333336,4.860720892985957,-0.18706625408573702,0.0059341711374203,405.0,0.157453180755738,7.043739084771067,-0.4181223618183391,-1.4668774108669027,-7.512013162379409,-8.501555336554624,-0.5788015606628474,0.012321385629448827,5|5|5|13|5|5|6|5|5|5,50,7
455,0.00026881038339913706,-6.049576239841744,-6.049576239841744,4.860720892985957,4.860720892985957,4.443829226764352,1,0.03333333333333333,1,1,13691,62.345333333333336,4.860720892985957,-0.18706625408573763,0.0059341711374203,380.0,0.157453180755738,7.043739084771067,-0.4181223618183391,-1.4668774108669544,-7.512013162379409,-8.526078110687989,-0.5788015606628474,0.012321385629448827,5|5|5|12|5|5|6|5|5|5,49,7
456,0.0002661222795651457,-6.049576239841744,-6.049576239841744,4.860720892985957,4.860720892985957,4.443829226764352,0,0.0,0,2,13721,62.345333333333336,4.860720892985957,-0.18706625408573763,0.0059341711374203,380.0,0.157453180755738,7.043739084771067,-0.4181223618183391,-1.4668774108669544,-7.512013162379409,-8.526078110687989,-0.5788015606628474,0.012321385629448827,5|5|5|12|5|5|6|5|5|5,49,7
457,0.00026346105676949426,-6.049576239841744,-6.049576239841744,4.860720892985957,4.860720892985957,4.443829226764352,0,0.0,0,2,13751,62.345333333333336,4.860720892985957,-0.18706625408573763,0.0059341711374203,380.0,0.157453180755738,7.043739084771067,-0.4181223618183391,-1.4668774108669544,-7.512013162379409,-8.526078110687989,-0.5788015606628474,0.012321385629448827,5|5|5|12|5|5|6|5|5|5,49,7
458,0.00026082644620179933,-6.051832335061994,-6.051832335061994,4.860720892985957,4.860720892985957,4.443829226764352,1,0.03333333333333333,1,2,13781,62.345333333333336,4.860720892985957,-0.18706625408573718,0.0059341711374203,357.0,0.157453180755738,7.043739084771067,-0.4181223618183391,-1.4668774108669167,-7.512013162379409,-8.548639062890683,-0.5788015606628474,0.012321385629448827,5|5|5|11|5|5|6|5|5|5,48,7
459,0.0002582181817397813,-6.055495560523285,-6.055495560523285,4.860720892985957,4.860720892985957,4.443829226764352,1,0.03333333333333333,1,2,13811,62.345333333333336,4.860720892985957,-0.18718531332668542,0.0059358687897527514,369.0,0.157453180755738,7.043739084771067,-0.4181223618183391,-1.476960493966548,-7.511610716519163,-8.536868131306667,-0.5788015606628474,0.012321385629448827,5|5|5|12|5|5|5|5|5|5,48,7
460,0.0002556359999223835,-6.055495560523285,-6.055495560523285,4.860720892985957,4.860720892985957,4.443829226764352,0,0.0,0,0,13841,62.345333333333336,4.860720892985957,-0.18718531332668542,0.0059358687897527514,369.0,0.157453180755738,7.043739084771067,-0.4181223618183391,-1.476960493966548,-7.511610716519163,-8.536868131306667,-0.5788015606628474,0.012321385629448827,5|5|5|12|5|5|5|5|5|5,48,7
461,0.0002530796399231597,-6.055495560523285,-6.055495560523285,4.860720892985957,4.860720892985957,4.443829226764352,0,0.0,0,2,13871,62.345333333333336,4.860720892985957,-0.18718531332668542,0.0059358687897527514,369.0,0.157453180755738,7.043739084771067,-0.4181223618183391,-1.476960493966548,-7.511610716519163,-8.536868131306667,-0.5788015606628474,0.012321385629448827,5|5|5|12|5|5|5|5|5|5,48,7
462,0.0002505488435239281,-6.055495560523285,-6.055495560523285,4.860720892985957,4.860720892985957,4.443829226764352,0,0.0,0,1,13901,62.345333333333336,4.860720892985957,-0.18718531332668542,0.0059358687897527514,369.0,0.157453180755738,7.043739084771067,-0.4181223618183391,-1.476960493966548,-7.511610716519163,-8.536868131306667,-0.5788015606628474,0.012321385629448827,5|5|5|12|5|5|5|5|5|5,48,7
