temperature_step,temperature,current_energy,best_energy,current_D,best_E_D,best_D,accepted,acceptance_rate,new_bests,infeasible_proposals,blackbox_calls,security_pct,raw_DD,raw_S,raw_V,raw_N,raw_P,raw_C,z_DD,z_S,z_V,z_N,z_P,z_C,sizes,n_covered,n_overlap
1,0.09130960199144361,-0.015425483108069807,-0.049486180137811635,6.449983452301429,6.439878739712123,6.426482065239164,10,0.3333333333333333,3,11,71,65.66466666666666,6.449983452301429,-0.17044344377148074,0.038388155191977295,8921.0,28.112105946945245,7.005308661950136,0.0055193258376821114,-0.05909775081580401,0.18153591215390544,-0.14811755576551844,0.04252152770650617,6.74566644042964e-05,45|39|5|41|5|40|41|7|5|17,82,52
2,0.09039650597152918,0.24313829694794306,-0.049486180137811635,6.447609376710415,6.439878739712123,6.426482065239164,9,0.3,0,11,101,65.59599999999999,6.447609376710415,-0.16922670760051975,0.03854758939830679,9128.0,29.361803332137605,7.005410190369461,0.0048864805069311415,0.043947185674766596,0.2193314225138425,0.05493101405873531,0.07029743482970031,9.983002766756297e-05,46|38|5|42|7|41|42|8|5|14,83,53
3,0.08949254091181388,0.4407736829283013,-0.049486180137811635,6.433280196824098,6.439878739712123,6.369682152755447,12,0.4,0,9,131,65.59599999999999,6.433280196824098,-0.16794773871901328,0.03832465261126551,9189.0,29.83628878210395,7.005362671913257,0.0010668234501509711,0.1522625874139622,0.16648197547099072,0.11476658294414341,0.08084339895328177,8.467828735074761e-05,47|35|5|44|7|40|43|8|6|14,86,53
4,0.08859761550269575,0.44324903010510014,-0.049486180137811635,6.37437629026511,6.439878739712123,6.369682152755447,13,0.43333333333333335,0,12,161,65.33,6.37437629026511,-0.16808598126816615,0.038462527997255934,9368.0,30.532191387908313,7.0051004247926985,-0.014634893196927432,0.14055487703456143,0.1991667468230798,0.2903496457390295,0.09631060435408009,1.0581408436465486e-06,48|34|5|45|6|40|44|9|6|13,86,53
5,0.08771163934766879,0.5411619627748965,-0.049486180137811635,6.3748535653684915,6.439878739712123,6.361386023920579,5,0.16666666666666666,0,8,191,65.33,6.3748535653684915,-0.16765818890178794,0.038489638414399514,9585.0,30.605568093824857,7.005175348181354,-0.014507668384962046,0.17678445438802978,0.2055935486719554,0.5032073252166288,0.09794148283129651,2.494822102016884e-05,49|33|5|45|5|41|45|9|8|13,88,54
6,0.0868345229541921,1.2395090924385397,-0.049486180137811635,6.387200302846575,6.439878739712123,6.339579569238482,8,0.26666666666666666,0,14,221,65.33,6.387200302846575,-0.16390973893644695,0.038867262329602345,9726.0,30.707423725378572,7.00783268966576,-0.011216460980872544,0.49423929614848505,0.2951131626104618,0.6415157713288017,0.1002053369415256,0.0008722684271364942,48|36|6|45|5|42|45|9|7|11,89,56
7,0.08596617772465018,1.3033999486844106,-0.049486180137811635,6.381540162120568,6.439878739712123,6.339579569238482,8,0.26666666666666666,0,15,251,65.33,6.381540162120568,-0.16372225738369428,0.038872343814859336,10070.0,30.60819269453157,7.0103496432111205,-0.012725256085546257,0.5101170395390623,0.2963177806977345,0.9789491434038899,0.09799981748601289,0.0016748245191389615,50|36|5|45|5|43|46|8|7|11,90,57
8,0.08510651594740368,1.2878276653209038,-0.049486180137811635,6.427182424644133,6.439878739712123,6.339579569238482,5,0.16666666666666666,0,19,281,65.33,6.427182424644133,-0.16416486859431254,0.038515361836519026,9911.0,30.60819269453157,7.669822840492561,-0.0005586288592364243,0.4726324597454409,0.21169154915499955,0.8229842999156951,0.09799981748601289,0.21195452275436572,48|35|5|44|5|44|47|9|7|11,91,57
9,0.08425545078792963,1.5741757340971463,-0.049486180137811635,6.420191391737613,6.439878739712123,5.526338575556917,11,0.36666666666666664,0,12,311,65.33,6.420191391737613,-0.16233405789249838,0.03807271415375074,10169.0,31.08159503839691,7.669878686475927,-0.002422193165597942,0.6276831412302313,0.10675738562113717,1.0760593289720113,0.10852170837808839,0.21197232981093508,48|35|5|45|5|41|51|9|9|11,95,57
10,0.08341289628005033,1.6599573257261646,-0.049486180137811635,6.403793688730381,6.439878739712123,5.526338575556917,9,0.3,0,10,341,65.33,6.403793688730381,-0.16204465501517648,0.038017824703554304,10734.0,30.40008954033769,7.668573972445397,-0.006793245975561745,0.6521925639182004,0.09374527967905784,1.6302740243860372,0.0933744946267166,0.21155630854766905,51|32|5|46|5|43|53|8|10|11,96,60
11,0.08257876731724982,1.8435695091128368,-0.049486180137811635,6.402708546243182,6.439878739712123,5.505634706881072,12,0.4,0,8,371,65.33,6.402708546243182,-0.1614430875139977,0.0381561855403207,11127.0,32.82848861134826,7.66902389072455,-0.007082506923621907,0.7031390931931545,0.12654513210599877,2.015772033762519,0.14734835090077633,0.21169976954102068,55|29|5|48|5|43|52|8|13|11,100,60
12,0.08175297964407732,1.9752145224240234,-0.049486180137811635,6.580715574641155,6.439878739712123,5.505634706881072,13,0.43333333333333335,0,5,401,65.20200000000001,6.580715574641155,-0.16049876026994733,0.037064949983355494,11435.0,34.91738592274156,7.670048308291945,0.040367926916354595,0.7831138183734124,-0.1321434250607958,2.317892611085563,0.19377640492300613,0.21202641544236542,55|29|5|48|5|41|56|11|14|9,105,61
13,0.08093544984763655,2.0631335607630605,-0.049486180137811635,6.592225789977554,6.439878739712123,5.505634706881072,10,0.3333333333333333,0,13,431,65.20200000000001,6.592225789977554,-0.16039097116755235,0.03700908605179317,12078.0,35.827249277330026,7.6702440264060305,0.04343614684125895,0.7922424376055452,-0.14538654178411095,2.9486183617956847,0.21399912470404903,0.2120888221423476,59|30|5|49|5|42|56|12|11|9,109,63
14,0.08012609534916018,1.8769300730504597,-0.049486180137811635,6.583926721999854,6.439878739712123,5.505634706881072,9,0.3,0,13,461,65.20200000000001,6.583926721999854,-0.16132962610048274,0.03719385732735282,11645.0,35.4291230443886,7.6702083570825765,0.04122390623731545,0.712748098356981,-0.10158461984772874,2.5238839138058204,0.20515032866708993,0.2120774486178388,57|30|5|48|5|41|56|12|10|9,108,62
15,0.07932483439566858,1.9815297396270568,-0.049486180137811635,6.421214796457061,6.439878739712123,5.505634706881072,9,0.3,0,13,491,65.20200000000001,6.421214796457061,-0.1600508224668417,0.03662339475169826,11788.0,34.11611562292272,7.667396081936341,-0.0021493893422391995,0.8210495053155442,-0.23681861187795425,2.6641541818486627,0.17596728593783978,0.21118072624679696,60|29|5|49|5|42|53|11|11|9,110,62
16,0.07853158605171189,2.3027658794435677,-0.049486180137811635,6.423025194036791,6.439878739712123,5.505634706881072,9,0.3,0,16,521,65.20200000000001,6.423025194036791,-0.15762274099844795,0.036075351687108334,11575.0,33.69019909860671,7.667854921389755,-0.0016668008098978259,1.0266828272105901,-0.3667378293549902,2.4552201462324015,0.16650081992629878,0.21132703184678184,58|30|5|49|6|42|52|11|14|8,111,62
17,0.07774627019119476,2.518545173963166,-0.049486180137811635,6.426878392417746,6.439878739712123,5.505634706881072,9,0.3,0,15,551,65.20200000000001,6.426878392417746,-0.15625579997459096,0.03588433999530471,11633.0,33.70599732820234,7.667832937279924,-0.0006396731931217923,1.142448557162095,-0.41201910583033513,2.512112982221806,0.16685195305913447,0.21132002199103586,58|29|5|51|6|41|52|11|14|8,111,63
18,0.07696880748928281,2.5040706521122496,-0.049486180137811635,6.457761841447639,6.439878739712123,5.505634706881072,11,0.36666666666666664,0,13,581,65.20200000000001,6.457761841447639,-0.15653289218657926,0.036142227503870014,11477.0,34.51343714318093,7.667759927178455,0.007592771717238474,1.1189817201699688,-0.3508842325426371,2.359090871629615,0.18479819634503378,0.21129674198182818,59|29|5|49|6|42|50|13|14|8,113,62
19,0.07619911941438998,2.6273879559317392,-0.049486180137811635,6.4400880869602535,6.439878739712123,5.505634706881072,10,0.3333333333333333,0,13,611,65.20200000000001,6.4400880869602535,-0.15579550241055448,0.036204785990422025,11485.0,34.05988704023256,7.66757492505169,0.0028815683138944605,1.1814309876880504,-0.3360541030427476,2.366938159352291,0.17471754347300272,0.21123775218277419,58|30|5|50|6|43|49|11|15|8,115,63
20,0.07543712822024608,2.7855129580694293,-0.049486180137811635,6.444342486539702,6.439878739712123,5.505634706881072,14,0.4666666666666667,0,14,641,65.20200000000001,6.444342486539702,-0.1550184061085347,0.03609594993283061,11698.0,35.62490335596516,7.667460572630074,0.004015642106318538,1.2472429862131211,-0.36185480439117695,2.5758721949685524,0.2095017627145122,0.21120128975669095,60|31|5|52|6|41|47|12|17|7,115,63
21,0.07468275693804362,2.862027474705323,-0.049486180137811635,6.42078403889194,6.439878739712123,5.505634706881072,12,0.4,0,13,671,65.20200000000001,6.42078403889194,-0.15502172040729237,0.03626275449933901,12031.0,37.91891610507727,7.701497822392801,-0.002264214209149329,1.246962299476633,-0.3223120747179474,2.9025155464249606,0.2604887342915981,0.22205441106377066,61|31|5|50|5|41|50|13|20|7,118,65
22,0.07393592936866318,2.9843689440464547,-0.049486180137811635,6.415857076103438,6.439878739712123,5.505634706881072,10,0.3333333333333333,0,14,701,65.20200000000001,6.415857076103438,-0.15449929568998516,0.03627968407051358,12278.0,38.7338320857197,7.700717185409979,-0.003577569776802199,1.2912062556446389,-0.3182987466031798,3.1448005548625964,0.27860114363143723,0.22180549706718108,62|31|5|50|5|42|50|13|21|7,120,66
23,0.07319657007497656,2.616111974923674,-0.049486180137811635,6.395718297340369,6.439878739712123,5.505634706881072,11,0.36666666666666664,0,5,731,65.20200000000001,6.395718297340369,-0.15704405428596654,0.036800572953661265,12127.0,40.634984531527685,7.701242679520038,-0.008945862242077848,1.0756915909498042,-0.19481670574992904,2.9966829990970782,0.3208563602842815,0.22197305617851898,61|28|5|49|5|40|53|13|23|8,119,66
24,0.07246460437422679,2.567768726032844,-0.049486180137811635,6.4212471469945065,6.439878739712123,5.505634706881072,10,0.3333333333333333,0,7,761,65.20200000000001,6.4212471469945065,-0.15784755643956466,0.03710200107151581,12190.0,44.106651699430294,7.704124094003044,-0.0021407658229852006,1.0076432906168231,-0.12336008540834956,3.0584803899131554,0.3980180043437852,0.2228918243262993,62|27|5|48|5|39|54|13|24|9,119,67
25,0.07173995833048452,2.674823292390865,-0.049486180137811635,6.430208765021225,6.439878739712123,5.505634706881072,15,0.5,0,6,791,65.158,6.430208765021225,-0.15773792289196156,0.03766470092310266,12216.0,45.64548382025195,7.702541536118099,0.0002480873987273018,1.0169281152317393,0.010033673433044964,3.0839840750118537,0.43222025088169486,0.22238720974020587,62|27|5|48|6|40|52|14|27|7,119,69
26,0.07102255874717968,2.67382628884869,-0.049486180137811635,6.435766267294926,6.439878739712123,5.505634706881072,6,0.2,0,17,821,65.158,6.435766267294926,-0.15806039862288288,0.037846324004222144,12528.0,45.646084202360996,7.702562628266784,0.0017295226899460888,0.9896177647994907,0.053089283656791844,3.3900282961962365,0.4322335950383659,0.22239393518511977,63|27|5|47|5|41|54|14|27|7,120,70
27,0.07031233315970788,2.7099628407134677,-0.049486180137811635,6.43889420807666,6.439878739712123,5.505634706881072,9,0.3,0,16,851,65.158,6.43889420807666,-0.15803806530633652,0.03792476267047093,12668.0,46.572506843521964,7.691237724212181,0.0025633220542454734,0.9915091651211608,0.07168397228150739,3.5273558313430744,0.45282436328563275,0.21878287499804672,62|27|5|46|5|42|56|14|28|7,120,72
28,0.0696092098281108,2.7338131917823327,-0.049486180137811635,6.459491656189579,6.439878739712123,5.505634706881072,14,0.4666666666666667,0,12,881,65.158,6.459491656189579,-0.15825947672839621,0.037924477401850544,13123.0,47.58209164881143,7.6915205486116385,0.008053879689808642,0.9727579136428649,0.07161634643542726,3.973670320570299,0.47526350264607226,0.21887305641802957,67|25|5|47|5|39|54|15|32|8,123,73
29,0.06891311772982968,2.5964795416350435,-0.049486180137811635,6.459226486119082,6.439878739712123,5.505634706881072,9,0.3,0,17,911,65.158,6.459226486119082,-0.15947649757564558,0.03829467165635013,13138.0,49.686204145514935,7.6924079415144035,0.007983194644393874,0.8696888680226768,0.1593746832644281,3.988383985050317,0.5220297309967804,0.21915601061932047,68|23|5|45|5|40|54|16|33|7,123,73
30,0.06822398655253138,2.7281186183949937,-0.049486180137811635,6.494304738499533,6.439878739712123,5.505634706881072,13,0.43333333333333335,0,14,941,65.158,6.494304738499533,-0.15910578065334324,0.03805263144552169,13918.0,50.729975288570856,7.692879628909406,0.017333827081666503,0.9010847471181861,0.10199657409642604,4.753494538011274,0.5452286995398161,0.21930641291541275,69|22|5|45|5|40|58|17|36|7,125,76
31,0.06754174668700606,2.60415758051671,-0.049486180137811635,6.52904929916918,6.439878739712123,5.505634706881072,9,0.3,0,15,971,65.158,6.52904929916918,-0.16008629755186765,0.03831914913708544,13670.0,53.164650572066805,7.683697233284991,0.02659550900620387,0.8180451334798584,0.16517732059060225,4.510228618608303,0.599342051580727,0.216378513208589,69|21|5|44|5|38|58|20|35|7,125,77
32,0.066866329220136,2.4451689220899913,-0.049486180137811635,6.522254903605969,6.439878739712123,5.505634706881072,10,0.3333333333333333,0,12,1001,65.158,6.522254903605969,-0.1616343191292391,0.03875655846359462,13979.0,55.074338827933715,7.694024298376295,0.024784361322563106,0.6869437583968069,0.2688696781606252,4.813330106896681,0.6417869860566434,0.21967140235102403,70|20|5|43|5|39|57|19|40|7,126,78
33,0.06619766592793463,2.492967705492294,-0.049486180137811635,6.518236549540778,6.439878739712123,5.505634706881072,9,0.3,0,8,1031,65.158,6.518236549540778,-0.1616150343870221,0.03878628184649446,14368.0,55.42667787171074,7.694070620857752,0.023713208989804384,0.6885769760855827,0.2759159102847501,5.194904472411825,0.6496181111528356,0.2196861727426979,70|20|5|41|5|40|60|18|42|7,128,79
34,0.06553568926865529,3.020017418265105,-0.049486180137811635,6.541019407527247,6.439878739712123,5.505634706881072,10,0.3333333333333333,0,12,1061,65.01666666666667,6.541019407527247,-0.15784622077435553,0.03733272279225626,14853.0,56.08615911175261,7.69410343589312,0.0297863202894076,1.0077564076095882,-0.06866514015622185,5.670646290599086,0.6642758114008619,0.21969663614858492,70|19|5|45|5|39|62|18|42|8,131,80
35,0.06488033237596873,3.0484840224137026,-0.049486180137811635,6.566897658626255,6.439878739712123,5.505634706881072,12,0.4,0,9,1091,65.01666666666667,6.566897658626255,-0.15734131585176647,0.03731837959189733,14452.0,53.89732258915829,7.70293009529597,0.036684554885641985,1.0505166188399933,-0.07206534259860284,5.277300993499928,0.6156264978311798,0.2225111057635862,70|21|5|45|5|39|59|17|41|8,131,81
36,0.06423152905220904,3.015689216214919,-0.049486180137811635,6.567017505585705,6.439878739712123,5.505634706881072,9,0.3,0,13,1121,65.01666666666667,6.567017505585705,-0.1578201017205562,0.0374638157684057,14741.0,54.138695386667806,7.7029323566996935,0.03671650188386716,1.0099684206196242,-0.03758820847236864,5.560784262481616,0.620991275324619,0.22251182683503323,72|22|5|44|5|39|58|17|43|8,131,82
37,0.06358921376168694,3.3702748592470493,-0.049486180137811635,6.588395460189714,6.439878739712123,5.505634706881072,11,0.36666666666666664,0,11,1151,65.06066666666668,6.588395460189714,-0.15582912570116147,0.0368677773282509,14538.0,63.18710484144829,7.713360293885171,0.042415115189762445,1.1785834436370954,-0.17888522094179182,5.3616593365187,0.8221021871394253,0.2258368800648195,69|22|5|45|5|40|58|18|43|9,131,84
38,0.06295332162407007,3.3433062268658866,-0.049486180137811635,6.63606782063079,6.439878739712123,5.505634706881072,11,0.36666666666666664,0,14,1181,65.06066666666668,6.63606782063079,-0.155947399565382,0.03676190447400721,14528.0,62.63009388518843,7.713842338037917,0.05512289535700066,1.1685668738021795,-0.20398346460936292,5.351850226865355,0.8097220023274887,0.2259905847178568,68|24|5|46|5|40|59|20|40|9,131,84
39,0.062323788407829366,3.392012749535227,-0.049486180137811635,6.636042640663116,6.439878739712123,5.505634706881072,10,0.3333333333333333,0,12,1211,65.06066666666668,6.636042640663116,-0.1556948334313008,0.03674878285077715,14393.0,64.4956031338815,7.713841533398357,0.055116183260287735,1.1899566063236602,-0.20709407969096022,5.219427246545189,0.851185009486764,0.22599032815039563,67|23|5|46|5|40|58|20|42|9,131,85
40,0.06170055052375107,3.379624241888886,-0.049486180137811635,6.623446985876617,6.439878739712123,5.505634706881072,10,0.3333333333333333,0,14,1241,65.06066666666668,6.623446985876617,-0.15602563633097657,0.036817554788363946,14962.0,62.977789415782766,7.713229150881271,0.05175862322742356,1.1619410310481562,-0.19079098803092542,5.777565585820553,0.8174499202053447,0.22579506379177092,70|22|5|46|5|39|60|19|43|9,131,85
41,0.06108354501851356,3.3278063889984533,-0.049486180137811635,6.615576144002913,6.439878739712123,5.505634706881072,6,0.2,0,17,1271,65.06066666666668,6.615576144002913,-0.1564217401398681,0.03699201938074921,14959.0,62.706909269982695,7.71321207807725,0.04966053269159285,1.1283951459129569,-0.14943237082608285,5.77462285292455,0.811429309247515,0.22578961995555075,72|22|5|45|5|38|59|19|43|9,132,85
42,0.060472709568328425,3.442266557444753,-0.049486180137811635,6.641203240802531,6.439878739712123,5.505634706881072,8,0.26666666666666666,0,12,1301,65.06066666666668,6.641203240802531,-0.1559913851751739,0.036808594224655336,15414.0,63.75687264529616,7.714324381116276,0.05649181835567511,1.1648417487704101,-0.19291518136607289,6.220937342151774,0.8347659070039177,0.22614428902831468,72|22|5|45|5|38|61|20|45|9,134,86
43,0.05986798247264514,3.318892635928022,-0.049486180137811635,6.6419812252067,6.439878739712123,5.505634706881072,15,0.5,0,8,1331,65.06066666666668,6.6419812252067,-0.15694695681553011,0.0371527343262323,15299.0,64.5458662892631,7.714287337487759,0.05669920172604421,1.0839147398240705,-0.11133324814190015,6.1081325811383,0.8523021637291753,0.22613247729273828,71|21|5|43|5|40|61|20|46|9,136,84
44,0.05926930264791869,3.0469471060267668,-0.049486180137811635,6.70862416922562,6.439878739712123,5.505634706881072,17,0.5666666666666667,0,5,1361,65.02600000000001,6.70862416922562,-0.15972260147896636,0.03718137042916335,15720.0,67.49489563179212,8.360107379445159,0.07446387447256719,0.8488464194352056,-0.10454476686228069,6.521096097544149,0.917847603843105,0.43205872887792224,75|19|5|43|5|37|60|24|47|9,137,87
45,0.0586766096214395,2.50254182777213,-0.049486180137811635,6.699319743389329,6.439878739712123,5.505634706881072,11,0.36666666666666664,0,5,1391,65.02600000000001,6.699319743389329,-0.16423193441445852,0.038435756613909036,15747.0,73.82771508313753,8.361076287259795,0.07198364070574748,0.46695268023155273,0.1928203164055921,6.547580693608182,1.0586015231460988,0.4323676749332272,74|16|5|42|5|38|60|24|50|9,136,87
46,0.05808984352522511,2.4431770148385086,-0.049486180137811635,6.70038393405046,6.439878739712123,5.505634706881072,10,0.3333333333333333,0,10,1421,64.982,6.70038393405046,-0.16483336348530933,0.03871249500926978,15813.0,74.09264485132329,8.361083168081995,0.0722673166314318,0.41601787456989736,0.2584239853399312,6.612320817320263,1.064489880377609,0.43236986895297175,73|16|5|40|5|38|62|25|51|8,138,87
47,0.057508945089972854,2.359452896645695,-0.049486180137811635,6.672086758363956,6.439878739712123,5.505634706881072,13,0.43333333333333335,0,5,1451,64.982,6.672086758363956,-0.16512302938130222,0.03870108893023319,16465.0,75.58076431350993,7.694592344601018,0.06472428153413935,0.391486176927921,0.2557200575673508,7.251874766718395,1.0975649819659439,0.21985252963445395,76|14|5|40|5|35|65|25|52|8,139,88
48,0.056933855639073126,2.5058377375129135,-0.049486180137811635,6.713800027714963,6.439878739712123,5.505634706881072,15,0.5,0,4,1481,64.898,6.713800027714963,-0.1650389900866977,0.039130185342114834,16556.0,81.49363338383985,7.666579216311898,0.07584357690917307,0.39860343371859813,0.357441753645341,7.34113766456384,1.2289850393935358,0.2109202603814444,75|13|6|41|5|35|64|29|53|7,140,88
49,0.05636451708268239,0.8440730031668362,-0.049486180137811635,6.606859803569469,6.439878739712123,5.505634706881072,14,0.4666666666666667,0,5,1511,65.12333333333333,6.606859803569469,-0.17418675449559012,0.037426871183936894,16661.0,93.31317161886115,7.518719121348513,0.047337061878186766,-0.3761173521363353,-0.04634630033471651,7.444133315923969,1.4916873544859695,0.16377357378659335,75|10|6|44|5|35|63|30|53|6,139,89
50,0.055800871911855565,-0.5609404353351612,-0.5609404353351612,6.709038329831651,6.709038329831651,5.505634706881072,11,0.36666666666666664,5,8,1541,65.39133333333332,6.709038329831651,-0.18186475427969587,0.03579444705042083,16816.0,97.61718594974673,7.510564060854308,0.07457427517198056,-1.0263643152909767,-0.433329148435762,7.596174515550826,1.587348835199697,0.16117325027552315,75|7|6|42|5|38|64|32|52|7,139,89
51,0.05524286319273701,-2.206308879679958,-2.238198327104634,6.535228395006273,6.512331000025087,5.505634706881072,14,0.4666666666666667,9,7,1571,65.06266666666666,6.535228395006273,-0.1893258303651894,0.032959717228618055,17052.0,95.73158115128875,7.501286814872473,0.028242639351829087,-1.658240090606976,-1.1053308650946572,7.827669503369782,1.5454391822120208,0.15821510657301016,76|5|5|45|5|39|61|33|53|6,139,89
52,0.05469043456080964,-2.198274621579891,-2.238198327104634,6.532927238250522,6.512331000025087,5.505634706881072,10,0.3333333333333333,0,16,1601,65.06266666666666,6.532927238250522,-0.1895148593090314,0.0329700344187301,17138.0,98.72728750728406,7.486954964699195,0.027629231626432736,-1.6742488819768362,-1.1028850695860106,7.912027846388554,1.61202207059638,0.1536452512066165,74|5|5|45|5|38|61|35|56|6,141,89
53,0.05414353021520154,-2.3279473320292037,-2.350787189841059,6.536866687325041,6.536866687325041,5.505634706881072,9,0.3,2,10,1631,65.06266666666666,6.536866687325041,-0.19074346559127664,0.033494841350519666,17215.0,99.41139531329533,7.487059249231192,0.02867935065464601,-1.7782990938036831,-0.978474215202438,7.987557990719314,1.6272271235213296,0.15367850338427777,74|5|5|42|5|39|63|35|56|7,141,89
54,0.05360209491304952,-2.9342978355761296,-3.040318649193817,6.541030718770609,6.540217574266583,5.505634706881072,12,0.4,3,11,1661,65.06266666666666,6.541030718770609,-0.19201013658322102,0.03308974619543442,17057.0,69.7905806280184,7.48567536627265,0.029789335470379083,-1.8855729918224031,-1.0745061677129464,7.832574058196454,0.9688717429625741,0.15323723830767633,74|5|5|43|6|37|61|34|58|6,141,88
55,0.053066073963919026,-2.9095653754410367,-3.040318649193817,6.53110489008401,6.540217574266583,5.505634706881072,10,0.3333333333333333,0,9,1691,65.06266666666666,6.53110489008401,-0.19211679078518767,0.03314112156173684,17023.0,73.61471498863551,7.486874063528485,0.027143457486575918,-1.8946054967568342,-1.06232711132328,7.799223085375079,1.0538673603701967,0.15361945505017843,73|5|5|43|6|36|61|35|59|6,141,88
56,0.052535413224279834,-2.8741064438835258,-3.065747515785898,6.483701409844352,6.483087158132711,5.505634706881072,12,0.4,1,6,1721,65.09733333333332,6.483701409844352,-0.19247022669138417,0.03318987751044848,17604.0,77.66491420113617,7.488001174128665,0.014507351355599487,-1.9245378529871418,-1.0507690146822677,8.369132356234458,1.1438875192421274,0.1539788456635659,77|5|5|41|5|36|63|37|57|6,142,90
57,0.052010059092037035,-2.538702115286403,-3.065747515785898,6.364618096577148,6.483087158132711,5.505634706881072,11,0.36666666666666664,0,7,1751,65.09733333333332,6.364618096577148,-0.18901763196268082,0.03211757815279141,17333.0,76.3331237220803,7.1796059847501414,-0.01723608556643953,-1.6321388818396638,-1.304968551998144,8.103305484628793,1.1142870022752809,0.05564392071583354,74|5|5|43|5|36|64|37|56|6,143,91
58,0.051489958501116664,-2.5082468133628044,-3.065747515785898,6.370991749785223,6.483087158132711,5.505634706881072,11,0.36666666666666664,0,9,1781,65.09733333333332,6.370991749785223,-0.18919983901728024,0.03211001247864572,17891.0,76.85263816569099,7.179649529238645,-0.015537093045803934,-1.6475699299316282,-1.306762072486228,8.650653803285477,1.1258337856052847,0.05565780531636036,76|5|5|44|5|35|63|39|58|5,145,91
59,0.0509750589161055,-2.6424519962101685,-3.065747515785898,6.371548646998315,6.483087158132711,5.505634706881072,9,0.3,0,11,1811,65.09733333333332,6.371548646998315,-0.19042502028927477,0.032750816539460124,17918.0,76.36430267549167,7.179590092603109,-0.015388643770495534,-1.7513300789065702,-1.1548529114800437,8.67713839934951,1.1149799890130416,0.05563885334403435,79|5|5|42|5|35|62|37|58|6,145,92
60,0.050465308326944444,-2.7048545823085024,-3.065747515785898,6.378450674719432,6.483087158132711,5.505634706881072,8,0.26666666666666666,0,14,1841,65.26933333333334,6.378450674719432,-0.19100275981231998,0.03277408978004544,18134.0,77.06046086165668,7.191708063112039,-0.013548805126538471,-1.8002586255226098,-1.1493357516063736,8.889015167861775,1.1304528749701441,0.05950279079038628,80|5|5|41|5|36|61|38|59|6,144,94
61,0.049960655243674996,-2.5283520925941962,-3.065747515785898,6.38686918011438,6.483087158132711,5.505634706881072,12,0.4,0,7,1871,65.26933333333334,6.38686918011438,-0.19046587673472012,0.03258779941052018,18853.0,80.19916230534153,7.191673673757936,-0.011304726693964564,-1.7547901961666839,-1.1934977903146615,9.594290151937322,1.200213987396419,0.05949182539704944,81|5|5|40|5|36|63|38|62|8,146,96
62,0.04946104869123825,-2.5780653889630942,-3.065747515785898,6.345338274647232,6.483087158132711,5.505634706881072,6,0.2,0,9,1901,65.26933333333334,6.345338274647232,-0.1905753521542238,0.03263395997519957,18628.0,79.88785774543024,7.19141573315218,-0.022375410250219448,-1.7640616289713202,-1.1825549560212802,9.373585184737047,1.1932948991070633,0.05940957842633911,82|5|5|40|5|34|62|38|61|8,145,96
63,0.04896643820432586,-2.758677797736325,-3.065747515785898,6.362056484701763,6.483087158132711,5.505634706881072,14,0.4666666666666667,0,3,1931,65.39933333333335,6.362056484701763,-0.19243310645216802,0.03325601055540504,19326.0,78.8300831293778,7.186096433894092,-0.01791892149663048,-1.9213941536513015,-1.0350914995283114,10.05826103854057,1.1697846878824294,0.057713466063585725,84|5|5|39|5|32|66|37|62|9,148,97
64,0.048476773822282604,-2.7704085870062922,-3.065747515785898,6.23638345108046,6.483087158132711,5.505634706881072,10,0.3333333333333333,0,6,1961,64.93933333333334,6.23638345108046,-0.19297803895850874,0.033357856626421975,19862.0,83.12859139367005,7.196453925466161,-0.051418946866329245,-1.9675442861514119,-1.0109478460372634,10.584029315959892,1.2653237901738903,0.0610160569971168,86|5|5|38|5|33|67|38|62|9,149,98
65,0.04799200608405978,-2.9207328557124677,-3.065747515785898,6.2160300420299315,6.483087158132711,5.505634706881072,12,0.4,0,8,1991,64.93933333333334,6.2160300420299315,-0.19393756845669013,0.033533862585161216,20070.0,81.00416016512635,7.1962632205369825,-0.056844452242503965,-2.048806484613745,-0.9692238321629022,10.788058796749482,1.2181059555262166,0.06095524880184087,87|5|5|38|5|32|66|36|65|9,150,98
66,0.04751208602321918,-2.8290534279906363,-3.065747515785898,6.200528656457901,6.483087158132711,5.487408096343968,9,0.3,0,5,2021,64.93933333333334,6.200528656457901,-0.19352072113787208,0.03355574225319598,20410.0,80.04027231384568,7.196097804030888,-0.06097657824411968,-2.0135038392917557,-0.9640370329250347,11.121568524963232,1.1966824815303692,0.06090250407600809,90|5|5|38|5|30|67|35|64|9,151,97
67,0.047036965162986985,-3.012816099105862,-3.1750712881726675,6.23401477758859,6.197459764148726,5.487408096343968,9,0.3,2,5,2051,64.82266666666668,6.23401477758859,-0.1950377325101588,0.03433305727455084,19932.0,81.77471154488666,7.194459188046863,-0.05205035218681581,-2.141978971570674,-0.7797665515840596,10.652693083533311,1.2352323125238964,0.06038001479810462,88|5|5|38|6|30|66|35|64|9,151,97
68,0.04656659551135711,-2.777354215921456,-3.1750712881726675,6.1217452738982425,6.197459764148726,5.487408096343968,15,0.5,0,2,2081,64.48333333333333,6.1217452738982425,-0.19415628522377482,0.03403674394974064,20836.0,87.94320631531116,7.156743582413951,-0.08197746632972289,-2.0673295267584226,-0.8500106578864812,11.539436596195753,1.3723339339751146,0.048354012522438504,90|5|5|38|6|29|69|38|64|8,155,98
69,0.04610092955624354,-2.7270796466526668,-3.1750712881726675,6.1159003019549925,6.197459764148726,5.487408096343968,8,0.26666666666666666,0,6,2111,64.44466666666666,6.1159003019549925,-0.1941172229558908,0.034228185489856316,21015.0,88.36679052525491,7.158368667990376,-0.08353553095776464,-2.0640213577326687,-0.8046274814694282,11.71501965899064,1.381748561719125,0.04887218749304492,91|5|5|38|5|29|68|38|65|9,155,99
70,0.04563992026068111,-2.8049631042525305,-3.1750712881726675,6.115158518759584,6.197459764148726,5.487408096343968,8,0.26666666666666666,0,2,2141,64.48333333333333,6.115158518759584,-0.1950181113865322,0.03418089872752801,21803.0,88.65308208556525,7.158579670426727,-0.08373326435489013,-2.1403172658646783,-0.815837292441697,12.487977499674273,1.3881117084165233,0.048939467753752505,94|5|5|37|5|27|69|38|67|10,157,100
71,0.0451835210580743,-3.1119840090744386,-3.1750712881726675,6.0946221442628845,6.197459764148726,5.487408096343968,10,0.3333333333333333,0,3,2171,64.61466666666665,6.0946221442628845,-0.1966952109487699,0.034311389063401906,21858.0,84.66078670697027,7.196363025592643,-0.08920754190526864,-2.282350207765844,-0.7849032228029593,12.541927602767673,1.2993785263212894,0.06098707265317134,94|5|5|36|5|27|71|38|66|9,157,101
72,0.044731685847493555,-3.2713595460898595,-3.2837122272231194,6.060874843873775,6.060874843873775,5.487408096343968,11,0.36666666666666664,4,3,2201,64.61466666666665,6.060874843873775,-0.19780206696684488,0.034372537587603426,22210.0,84.23982261865368,7.1963690018905275,-0.09820338919738303,-2.3760894347312584,-0.7704073393086918,12.887208262565437,1.2900221336794964,0.06098897825619026,95|5|5|35|5|26|74|38|65|8,158,102
73,0.04428436898901862,-3.3692999354826347,-3.3772675236552074,6.085195295765315,6.060829055162285,5.487408096343968,8,0.26666666666666666,1,6,2231,64.61466666666665,6.085195295765315,-0.19856460282579486,0.03456263363908809,22030.0,86.02488040076517,7.196502217577831,-0.09172040926213136,-2.4406683147157526,-0.7253431247421932,12.710644288805216,1.3296970179778516,0.061031455425303215,94|5|5|35|5|26|73|40|65|8,158,104
74,0.04384152529912844,-3.509619198457012,-3.5553495695328357,6.093774145077389,6.0761665330850185,5.487408096343968,10,0.3333333333333333,3,1,2261,64.61466666666665,6.093774145077389,-0.2000343670289689,0.03487735504329208,22598.0,87.40330833575418,7.18397785212355,-0.08943358876201267,-2.5651421017098266,-0.6507351948196598,13.267801717115246,1.3603341040051842,0.057037934840735806,97|5|5|32|5|24|75|40|65|8,158,107
75,0.04340311004613715,-3.978068369097475,-3.9973005285237924,5.8668053266179205,5.885509573278009,5.487408096343968,14,0.4666666666666667,7,5,2291,64.244,5.8668053266179205,-0.20251013185960504,0.03480432729476128,22336.0,91.88099697873676,7.158832274846854,-0.14993551950583991,-2.77481370992461,-0.6680471700206049,13.010803044197592,1.4598556884685474,0.049020013227709824,94|5|5|32|5|22|72|44|69|6,158,105
76,0.04296907894567578,-4.149842048709762,-4.149842048709762,5.8746070840305045,5.8746070840305045,5.487408096343968,5,0.16666666666666666,4,3,2321,64.244,5.8746070840305045,-0.2036392277965334,0.035047808755181896,22110.0,92.8424441328591,7.158933690092386,-0.14785584446562913,-2.8704364273956062,-0.6103273978861259,12.789117166031982,1.4812249152695227,0.04905235050436466,93|5|5|30|5|22|71|45|70|6,156,105
77,0.04253938815621902,-4.266618742514265,-4.266618742514265,5.862322558355369,5.862322558355369,5.487408096343968,8,0.26666666666666666,7,7,2351,64.244,5.862322558355369,-0.20389311645460367,0.035126212015597506,21545.0,90.6532483869077,7.158672597741914,-0.1511304683838505,-2.8919381639847836,-0.59174110257653,12.234902470617955,1.432567617563264,0.04896909856797794,93|5|5|29|5|22|70|44|68|6,156,104
78,0.042113994274656834,-4.529304703738799,-4.565784690121733,5.882658098475472,5.882212040822896,5.487408096343968,12,0.4,6,8,2381,64.244,5.882658098475472,-0.20571301394381097,0.03552305365285144,21347.0,91.4132627639694,7.184291724238585,-0.14570972623814235,-3.0460646095285213,-0.49766573093960537,12.040682099481714,1.4494597780172194,0.05713801613881739,92|5|5|27|5|23|68|43|71|6,156,105
79,0.041692854331910265,-4.709514019654852,-4.709514019654852,5.875354613321694,5.875354613321694,5.487408096343968,9,0.3,7,12,2411,64.244,5.875354613321694,-0.20670235820991914,0.03567118170651001,21098.0,91.06895435727608,7.184324983887171,-0.14765657936079454,-3.1298518096640344,-0.46255045978455805,11.796435269113408,1.4418071427157728,0.057148621314125465,92|5|5|25|5|22|67|45|70|6,154,106
80,0.04127592578859116,-4.874036042798019,-4.9807274274322255,5.867170935245499,5.8579164113601365,5.487408096343968,10,0.3333333333333333,3,11,2441,64.244,5.867170935245499,-0.20693711740060516,0.035628960541978685,20965.0,81.32753116718017,7.2077229970142165,-0.14983806106192146,-3.1497334787326157,-0.4725594189545527,11.665974110723912,1.2252932338431979,0.0646093144248407,92|5|5|26|6|21|68|45|68|5,154,105
81,0.04086316653070525,-4.938428646505445,-4.9807274274322255,5.838808016016618,5.8579164113601365,5.487408096343968,6,0.2,0,5,2471,64.244,5.838808016016618,-0.20720269727831134,0.035594863740882464,20738.0,82.309310296367,7.2299853779746845,-0.15739862108301073,-3.172225340390506,-0.4806424146224312,11.443307321592966,1.247114361286452,0.07170789973454368,90|5|5|26|5|21|68|45|69|6,155,105
82,0.0404545348653982,-4.969702188732996,-4.996394924436466,5.837234817058668,5.837234817058668,5.487408096343968,9,0.3,2,2,2501,64.244,5.837234817058668,-0.20743205031477457,0.03569050968873218,20840.0,81.11221737614771,7.229700646695153,-0.15781798077764253,-3.191649164256618,-0.45796856378411777,11.543360240057092,1.2205076466018996,0.07161711028656477,92|5|5|26|5|22|66|43|70|6,155,107
83,0.04004998951674422,-5.231972419407684,-5.2447436919482655,5.805144119176284,5.812803368447965,5.487408096343968,15,0.5,7,7,2531,64.244,5.805144119176284,-0.2090255677408784,0.03585525370502645,21038.0,79.06884103252202,7.229398402724768,-0.1663722359126835,-3.326603565948973,-0.41891430862810913,11.737580611193334,1.1750913464553299,0.07152073674000074,92|5|5|25|5|22|67|41|72|6,156,106
84,0.03964948962157677,-5.23806101306663,-5.419996098441725,5.786806829918564,5.8088281845175995,5.487408096343968,12,0.4,5,5,2561,64.244,5.786806829918564,-0.20881964346613416,0.035787694517647066,20890.0,77.84863122116799,7.229434285139388,-0.1712603144259803,-3.3091639152512142,-0.43492990543943205,11.59240578832382,1.1479708332874459,0.07153217821078281,93|5|5|24|5|22|67|41|70|6,157,104
85,0.03925299472536101,-5.246242512289408,-5.419996098441725,5.91121446106857,5.8088281845175995,5.487408096343968,11,0.36666666666666664,0,7,2591,64.244,5.91121446106857,-0.20972490282469702,0.0359656324269728,21226.0,78.46687561255794,7.549748764941996,-0.13809760099719542,-3.3858299956529576,-0.39274790290574974,11.921991872676232,1.1617119989473546,0.1736676894505535,95|5|5|25|5|23|65|41|71|5,157,105
86,0.038860464778107395,-5.4348870525236865,-5.4348870525236865,5.9111190605373585,5.9111190605373585,5.487408096343968,8,0.26666666666666666,2,5,2621,64.244,5.9111190605373585,-0.20992885232489264,0.03601477043011288,20410.0,71.28479086891396,7.549489072946953,-0.13812303143460736,-3.403102403424268,-0.38109923635229276,11.121568524963232,1.0020822188469036,0.17358488403165714,94|5|5|25|5|23|64|40|68|5,155,104
87,0.03847186013032632,-5.6518741871704155,-5.663857391690084,5.904221671473135,5.904221671473135,5.487408096343968,12,0.4,8,6,2651,64.244,5.904221671473135,-0.2106839914336307,0.03602994013648097,19709.0,69.46018843521685,7.549470675806555,-0.13996163357524205,-3.4670548553678984,-0.3775031022014601,10.433949938263705,0.9615284109125739,0.17357901791739022,90|5|5|24|5|22|65|40|68|5,156,103
88,0.03808714152902306,-5.62774932915362,-5.663857391690084,5.932442416804724,5.904221671473135,5.487408096343968,11,0.36666666666666664,0,5,2681,64.244,5.932442416804724,-0.21060732135531796,0.036081971635326254,19752.0,68.85770821055011,7.549006857312284,-0.13243897213134895,-3.4605616947805675,-0.36516850287723573,10.47612910977309,0.9481376213004723,0.17343112469987457,91|5|5|24|5|23|64|41|67|5,155,104
89,0.03770627011373283,-5.6310926313906755,-5.663857391690084,5.944206904014811,5.904221671473135,5.487408096343968,14,0.4666666666666667,0,9,2711,64.244,5.944206904014811,-0.21100518874370042,0.03611241747059754,20338.0,68.95451326064378,7.541136642834262,-0.12930297223826928,-3.4942569368108582,-0.3579510060244291,11.050942935459142,0.9502892206494971,0.17092162722172516,93|5|5|23|5|24|64|42|68|5,157,104
90,0.0373292074125955,-6.103198876309474,-6.111097119048799,5.940786581845743,5.9434359777008385,5.487408096343968,9,0.3,2,11,2741,64.244,5.940786581845743,-0.21395843232834263,0.036263070737972344,20351.0,69.7283778176887,7.549237851051651,-0.1302147102311754,-3.744366044178226,-0.322237107113331,11.063694778008491,0.9674892166782179,0.17350477938972192,92|5|5|22|5|23|63|42|71|5,156,104
91,0.03695591533846955,-6.312498696342675,-6.312498696342675,5.908749274275433,5.908749274275433,5.487408096343968,9,0.3,6,2,2771,64.244,5.908749274275433,-0.21491598567742973,0.03626034717296755,20042.0,69.02205434721918,7.548687547043823,-0.13875473338058325,-3.8254608833043457,-0.32288275607238803,10.760593289720113,0.9517903960299906,0.17332930939157673,90|5|5|21|5|22|63|42|72|5,155,101
92,0.03658635618508485,-6.429919216048594,-6.458387681044392,5.888004988713529,5.888004988713529,5.487408096343968,10,0.3333333333333333,6,5,2801,64.244,5.888004988713529,-0.2152717442683129,0.03634763814190591,19532.0,67.9570341951607,7.54795232058886,-0.144284432732746,-3.855589946842069,-0.3021895384950975,10.260328697399489,0.9281191447507435,0.17309487500103365,89|5|5|21|5|22|61|41|72|5,152,101
93,0.036220492623234,-6.4173642816702685,-6.458387681044392,5.917975869549421,5.888004988713529,5.487408096343968,9,0.3,0,7,2831,64.244,5.917975869549421,-0.21523307518499868,0.03647800670953211,19244.0,68.91897930184385,7.54872692002765,-0.13629524651336916,-3.852315076472173,-0.27128433526572976,9.977826339383135,0.9494994390983462,0.17334186386565073,88|5|5|21|5|23|58|45|71|5,153,101
94,0.03585828769700166,-6.571000108105124,-6.571000108105124,5.917951366179009,5.917951366179009,5.487408096343968,3,0.1,2,6,2861,64.244,5.917951366179009,-0.2160059286598064,0.036465047550737574,19028.0,68.91897930184385,7.548725558190851,-0.13630177825296982,-3.91776775152923,-0.2743564364901219,9.76594957087087,0.9494994390983462,0.1733414296302151,87|5|5|20|5|23|58|45|71|5,152,100
95,0.03549970482003165,-6.6577892134387975,-6.677615428889314,5.930979360281955,5.930979360281955,5.487408096343968,9,0.3,5,7,2891,64.244,5.930979360281955,-0.2163669980222868,0.03659409090855726,18742.0,67.44467591993511,7.548965732446975,-0.1328289717137395,-3.948346582350128,-0.24376538780841434,9.485409034785187,0.9167314151810961,0.17341801162067327,88|5|5|20|5|23|56|47|68|5,153,99
96,0.03514470777183133,-6.733470152834548,-6.752900640500353,5.934209903949115,5.9292142510425085,5.487408096343968,9,0.3,4,6,2921,64.244,5.934209903949115,-0.21682923649925426,0.036705301090340495,18776.0,66.11473624627536,7.549055800568118,-0.13196782201686913,-3.9874933880746517,-0.21740187602204095,9.518760007606561,0.8871720344120163,0.17344673075196254,89|5|5|20|5|24|53|47|69|5,154,100
97,0.034793260694113017,-8.199374804155608,-8.278193355999134,5.917873720086357,5.923685826300518,5.487408096343968,8,0.26666666666666666,3,8,2951,64.244,5.917873720086357,-0.2247890551803045,0.035566999741627595,19000.0,66.08218404206589,7.548996504931472,-0.13632247597943317,-4.661607489422903,-0.4872478608234191,9.738484063841502,0.8864485256558239,0.1734278237385585,89|5|5|19|5|22|55|47|70|5,154,101
98,0.034445328087171885,-8.181606594697337,-8.278193355999134,5.913559619485593,5.923685826300518,5.487408096343968,6,0.2,0,5,2981,64.244,5.913559619485593,-0.2245678330945573,0.03561510034994196,18773.0,65.9048395117373,7.5488955924059855,-0.13747246397135612,-4.642872272766914,-0.4758451193307449,9.515817274710558,0.8825068472450498,0.17339564675927438,88|5|5|19|5|22|54|46|71|6,154,100
99,0.03410087480630017,-8.230919938119735,-8.278193355999134,5.928130949196708,5.923685826300518,5.487408096343968,8,0.26666666666666666,0,6,3011,64.244,5.928130949196708,-0.22477870241728543,0.035664176263760984,18695.0,64.58954797447716,7.54243744632338,-0.13358825825970325,-4.66073071775024,-0.46421117168630444,9.439306219414462,0.8532730375149946,0.17133640156931434,89|5|5|18|6|23|53|44|71|7,154,100
100,0.033759866058237165,-8.386305911739644,-8.410943168042678,5.8835979036437145,5.8835979036437145,5.487408096343968,10,0.3333333333333333,4,1,3041,64.244,5.8835979036437145,-0.22559656500005634,0.03550271305196183,19162.0,61.67265808457154,7.547199401296534,-0.1454592071246024,-4.729995197520805,-0.5024876785589373,9.8973916402257,0.7884419322965648,0.17285479907036888,92|5|5|18|5|23|54|42|71|7,154,100
101,0.03342226739765479,-8.726611118856704,-8.726611118856704,5.883424706354791,5.883424706354791,5.487408096343968,3,0.1,2,5,3071,64.244,5.883424706354791,-0.22745747420137027,0.035053598570685546,19299.0,62.998621111385184,7.547199401296534,-0.14550537545050096,-4.887594909800798,-0.6089548628643874,10.031776442476536,0.8179129276894983,0.17285479907036888,93|5|5|17|5|23|54|42|71|6,153,100
102,0.03308804472367824,-9.408844575058007,-9.408844575058007,5.9998991638424,5.9998991638424,5.487408096343968,11,0.36666666666666664,5,1,3101,64.244,5.9998991638424,-0.22976970216569687,0.032324717211285076,19345.0,62.761802563588674,7.5467993114879715,-0.11445736802740823,-5.083416641267507,-1.2558641181913535,10.076898346881926,0.8126493734350154,0.1727272263887826,94|6|5|15|5|22|54|43|70|7,154,99
103,0.03275716427644146,-9.696396122008615,-9.718393373424096,6.077327889862682,6.077327889862682,5.487408096343968,6,0.2,3,7,3131,64.05066666666667,6.077327889862682,-0.23134531006649403,0.03129430633140435,19733.0,67.20457167042906,7.505317908590007,-0.09381758388852042,-5.216854291882803,-1.500133563137429,10.457491801431734,0.9113948325706287,0.15950046157147743,95|5|5|14|6|22|54|44|71|7,153,100
104,0.03242959263367704,-10.514999427301186,-10.547508351040674,6.081068633051252,6.07616858472141,5.487408096343968,8,0.26666666666666666,4,9,3161,64.01266666666668,6.081068633051252,-0.2347519393429438,0.029040252385005082,19884.0,68.07688559339994,7.505815579768977,-0.09282043288398402,-5.505360465872381,-2.034480120531304,10.605609357197253,0.9307829746871129,0.1596591490598631,95|5|5|13|5|21|54|45|72|7,153,99
105,0.03210529670734027,-10.411679976414069,-10.547508351040674,6.081068633051252,6.07616858472141,5.487408096343968,7,0.23333333333333334,0,9,3191,64.01266666666668,6.081068633051252,-0.23464618068862278,0.028973430570543322,20704.0,69.23694721648585,7.505815579768977,-0.09282043288398402,-5.496403804536974,-2.050320915545768,11.409956348771592,0.956566627819312,0.1596591490598631,94|5|5|13|5|21|55|45|78|7,154,102
106,0.031784243740266865,-10.296452184946713,-10.547508351040674,6.1064371128082175,6.07616858472141,5.487408096343968,10,0.3333333333333333,0,9,3221,64.01266666666668,6.1064371128082175,-0.2343500772699414,0.028985395603820362,21076.0,71.17072262687608,7.499000128051288,-0.08605808545780562,-5.471326915478464,-2.0474844819498004,11.774855227876047,0.9995469259559272,0.15748597335470899,95|5|5|13|5|24|54|45|79|7,155,102
107,0.0314664013028642,-10.09176114171579,-10.547508351040674,6.148736031118558,6.07616858472141,5.487408096343968,6,0.2,0,3,3251,63.525333333333336,6.148736031118558,-0.23352435503465654,0.029081840832491563,21394.0,72.15473404093973,7.49897132866228,-0.07478267659979092,-5.401396804642212,-2.024621153412413,12.086784914852437,1.0214176684004972,0.15747679037827406,96|5|5|13|5|23|54|45|80|8,155,104
108,0.031151737289835554,-10.46018641274026,-10.547508351040674,6.148742843852362,6.07616858472141,5.487408096343968,6,0.2,0,12,3281,63.525333333333336,6.148742843852362,-0.23503607271640217,0.028155468307711633,21331.0,72.47871931881218,7.4990268614079705,-0.07478086056377518,-5.529423616226286,-2.2442272414881534,12.02498752403636,1.0286185996772177,0.15749449755584274,96|5|5|12|5|23|55|47|78|7,155,103
109,0.0308402199169372,-13.968584297222288,-14.002984203571085,6.052948830133655,6.037749464832474,5.487408096343968,7,0.23333333333333334,2,6,3311,63.525333333333336,6.052948830133655,-0.25102641286447086,0.02137341083602758,21569.0,73.01644462812627,7.499817486223994,-0.10031618661878314,-6.88363961172757,-3.8519833769750096,12.258444333785985,1.040570139647032,0.157746596274056,96|5|5|11|5|23|57|49|77|7,154,103
110,0.030531817717767827,-15.039944726978293,-15.088457104196667,6.048779292476732,6.048725599315217,5.487408096343968,11,0.36666666666666664,6,3,3341,63.525333333333336,6.048779292476732,-0.25501731507166053,0.017912545689033325,21607.0,74.11336224341326,7.499982286780937,-0.10142763919744632,-7.221627644215446,-4.672416880731647,12.295718950468698,1.0649503473397266,0.15779914459827277,95|5|5|9|5|23|57|50|78|8,153,102
111,0.03022649954059015,-15.22069358204815,-15.264047473686174,6.07265206054056,6.051091219741768,5.487408096343968,7,0.23333333333333334,3,13,3371,63.525333333333336,6.07265206054056,-0.25550350397662547,0.01698379796517165,21568.0,74.93279131376914,7.500243150996893,-0.09506399607737133,-7.262802802832588,-4.892586034058991,12.257463422820651,1.0831630650919903,0.157882323791662,96|6|5|8|5|23|55|50|78|8,153,101
112,0.02992423454518425,-16.12298289835773,-16.12298289835773,6.066063612655097,6.066063612655097,5.487408096343968,12,0.4,6,5,3401,63.525333333333336,6.066063612655097,-0.2588725872475562,0.014270872837059906,21433.0,75.37328960326535,7.500432055521473,-0.0968202453294983,-7.5481292194955385,-5.5357127014528995,12.125040442500485,1.0929536269687674,0.15794255790972406,95|5|5|7|5|21|57|51|77|8,152,100
113,0.029624992199732407,-16.304146846755145,-16.32435203805274,6.0151396903483105,6.0151396903483105,5.487408096343968,6,0.2,4,8,3431,64.01266666666668,6.0151396903483105,-0.25962239731149506,0.01405297248851374,21384.0,74.47768298751205,7.500432055521473,-0.1103947779085602,-7.611630356605277,-5.587368209204418,12.076975805199092,1.0730477789828148,0.15794255790972406,94|5|5|7|5|21|57|51|78|7,152,101
114,0.029328742277735083,-16.345971568177585,-16.404368168165117,5.9902933753118885,5.990356801606951,5.487408096343968,12,0.4,4,1,3461,64.01266666666668,5.9902933753118885,-0.2595523738933062,0.014011250043079663,21216.0,72.19016982159823,7.499076266878377,-0.1170179345244165,-7.605700099206564,-5.597258941908206,11.912182763022885,1.0222052678338247,0.15751025098972152,93|5|5|6|5|21|59|49|78|7,153,101
115,0.029035454854957732,-16.282767731393545,-16.404368168165117,5.993223513225682,5.990356801606951,5.487408096343968,7,0.23333333333333334,0,7,3491,64.13000000000001,5.993223513225682,-0.25883686301360914,0.013755819900540683,20922.0,72.22121512581964,7.499076266878377,-0.11623686247084784,-7.5451037473298355,-5.65781127142914,11.623794939214525,1.0228952840704615,0.15751025098972152,90|5|5|6|5|21|61|49|78|8,152,101
116,0.028745100306408155,-16.352615685229082,-16.404368168165117,5.985174418473302,5.990356801606951,5.487408096343968,7,0.23333333333333334,0,2,3521,64.13000000000001,5.985174418473302,-0.2589573520238064,0.013741914965863545,20739.0,69.62106590848342,7.506605668875798,-0.11838246897558434,-7.5553079170585775,-5.661107578506167,11.444288232558302,0.9651040907600423,0.15991107696177953,89|5|5|6|5|21|63|48|77|8,152,99
117,0.028457649303344074,-16.362046615267257,-16.404368168165117,5.979256709639318,5.990356801606951,5.487408096343968,7,0.23333333333333334,0,4,3551,64.13000000000001,5.979256709639318,-0.25893345361988485,0.01376138399056653,20569.0,69.84357202322539,7.5065663289993,-0.11995992270894706,-7.553283970065718,-5.65649224694213,11.277533368451426,0.9700495353537866,0.15989853304431229,87|5|5|6|5|20|61|48|80|8,153,100
118,0.02817307281031063,-16.275331371187484,-16.404368168165117,5.999414167240016,5.990356801606951,5.487408096343968,10,0.3333333333333333,0,2,3581,64.13000000000001,5.999414167240016,-0.2584551500873199,0.013603341112163594,20816.0,69.37836702624062,7.506575497729634,-0.11458665112033521,-7.512776620721904,-5.693957928777355,11.519818376889063,0.9597098395661494,0.15990145658670307,88|5|5|7|5|20|64|48|78|8,154,101
119,0.027891342082207525,-16.240224091223457,-16.404368168165117,5.9998422320518925,5.990356801606951,5.487408096343968,6,0.2,0,12,3611,64.13000000000001,5.9998422320518925,-0.2586138310260747,0.013578948407804431,21208.0,71.74359489305395,7.506732871154733,-0.1144725440470474,-7.526215250760608,-5.69974046899591,11.90433547530021,1.01227964593066,0.15995163669482027,89|5|5|7|5|19|64|49|79|8,153,103
120,0.02761242866138545,-16.417785556340938,-16.417785556340938,5.997160755879098,5.997160755879098,5.487408096343968,11,0.36666666666666664,1,4,3641,64.13000000000001,5.997160755879098,-0.2593579013652406,0.013757109376428742,20762.0,69.21710408084058,7.506053085499728,-0.11518733159715576,-7.589230292701304,-5.6575055879725715,11.466849184760996,0.956125592174006,0.15973488016401913,89|5|5|7|5|22|63|46|78|8,151,103
121,0.027336304374771598,-16.363185693166706,-16.425315126904675,6.00781896602339,5.997160755879098,5.487408096343968,15,0.5,1,5,3671,64.01266666666668,6.00781896602339,-0.2593281309194101,0.013749327939437738,20993.0,71.56474587018889,7.499091318146731,-0.11234622638992994,-7.5867090446500685,-5.659350257251389,11.69343961775328,1.0083045285086056,0.15751505023885046,89|5|5|7|5|22|62|50|78|6,150,104
122,0.027062941331023882,-16.390022958539504,-16.425315126904675,5.999015807679913,5.997160755879098,5.487408096343968,6,0.2,0,9,3701,63.89,5.999015807679913,-0.2594174918787497,0.013746963558705264,20928.0,71.32212316358601,7.4990768411066675,-0.11469283981480033,-7.594276991259737,-5.659910757902575,11.629680405006532,1.0029119704025948,0.15751043408821921,90|5|5|7|5|23|61|50|77|5,150,105
123,0.026792311917713644,-16.549370028167793,-16.552954376569616,6.007088231862543,6.007088231862543,5.487408096343968,10,0.3333333333333333,5,6,3731,63.89,6.007088231862543,-0.2599308930393451,0.013938547700088557,20280.0,68.2901254889405,7.499138971042086,-0.11254101450175857,-7.6377567457458335,-5.6144937763955625,10.994050099469739,0.9355224673064263,0.15753024484645028,88|5|5|7|5|23|59|51|76|5,150,103
124,0.026524388798536507,-17.041477517967845,-17.041477517967845,6.011120039429792,6.011120039429792,5.487408096343968,9,0.3,5,4,3761,63.44133333333333,6.011120039429792,-0.26145588082680943,0.012110294948434411,20013.0,68.90242774408665,7.506715107417542,-0.1114662759369557,-7.766907397677261,-6.047899802658977,10.732146871725412,0.9491315624135941,0.15994597254757162,86|5|5|6|5|21|60|50|77|6,151,102
125,0.026259144910551143,-17.030045143393178,-17.07163194403323,6.006401359678832,6.006401359678832,5.487408096343968,7,0.23333333333333334,2,6,3791,63.44133333333333,6.006401359678832,-0.26149142538860326,0.012108017039328806,20145.0,69.44641840814562,7.506635446567087,-0.11272411054803845,-7.769917653474733,-6.048439804326009,10.861627119149572,0.9612223568249634,0.15992057187979006,87|5|5|6|5|20|60|50|77|6,152,100
126,0.02599655346144563,-17.11493346760051,-17.133261509536634,6.013960315915785,6.013960315915785,5.487408096343968,8,0.26666666666666666,3,3,3821,63.44133333333333,6.013960315915785,-0.2620421101140079,0.012320811098291326,20023.0,68.85246030987065,7.504857811954524,-0.11070915778999946,-7.81655493928077,-5.997994794781259,10.741955981378757,0.9480209809012912,0.159353755106276,89|5|5|5|5|21|57|50|76|6,151,101
127,0.025736587926831173,-17.126990948904663,-17.157932802404442,5.988140863566796,5.97593413666344,5.487408096343968,8,0.26666666666666666,3,2,3851,63.47933333333333,5.988140863566796,-0.2620120163938285,0.012294339926932065,19971.0,68.78912613492696,7.496515794323344,-0.11759171870063408,-7.814006313244441,-6.004270056874519,10.69094861118136,0.9466133087865821,0.15669381842137534,90|5|5|5|5|19|57|50|75|6,152,101
128,0.02547922204756286,-17.253786933729938,-17.256509694748562,6.0016335658476585,5.994602592965831,5.265236830685623,10,0.3333333333333333,3,6,3881,63.47933333333333,6.0016335658476585,-0.2624543485316942,0.012434194068425136,19207.0,68.9352877288903,7.504479114312746,-0.11399503725124115,-7.851467258469822,-5.971116201278705,9.941532633665757,0.9498619119340383,0.15923300353340866,86|5|5|5|5|20|57|49|75|6,151,99
129,0.02522442982708723,-17.28884603152906,-17.311645913358177,5.9873356174802215,5.988103943313826,5.265236830685623,4,0.13333333333333333,2,4,3911,63.47933333333333,5.9873356174802215,-0.2624319830052928,0.01239432123433612,19382.0,64.68249848507112,7.50313457957788,-0.11780636907989042,-7.849573130307437,-5.980568464683065,10.113192052599304,0.8553389654587537,0.1588042850358566,86|5|5|5|5|21|58|46|77|6,151,100
130,0.02497218552881636,-17.27946715746009,-17.341469432481638,5.969214454471667,5.9516058020820095,5.265236830685623,6,0.2,1,4,3941,63.44133333333333,5.969214454471667,-0.2621863458891309,0.012460641319411983,19646.0,66.13607525074589,7.018237648502225,-0.12263683591133726,-7.8287702137518815,-5.964846609754541,10.372152547447628,0.8876463173970797,0.004189994777959223,86|5|5|5|5|22|58|45|79|6,151,100
131,0.024722463673528195,-17.22829457501031,-17.341469432481638,5.989813612644606,5.9516058020820095,5.265236830685623,8,0.26666666666666666,0,5,3971,63.44133333333333,5.989813612644606,-0.26211018410246056,0.01243198362971389,20085.0,65.46872137816375,7.021577601606472,-0.11714582243371795,-7.822320100195829,-5.97164020839822,10.8027724612295,0.8728136391801109,0.005254972602343889,88|5|5|5|5|22|58|46|79|6,152,100
132,0.024475239036792912,-17.262596868349274,-17.341469432481638,5.979907343007414,5.9516058020820095,5.265236830685623,3,0.1,0,8,4001,63.44133333333333,5.979907343007414,-0.26206488936812306,0.012398413309643242,19763.0,65.13171891478669,7.0214266617524626,-0.11978648666057992,-7.818484105890277,-5.979598396350649,10.48691913039177,0.8653233865525853,0.005206843903431481,86|5|5|5|5|22|59|45|79|6,152,99
133,0.024230486646424982,-17.273536554304567,-17.341469432481638,5.977732261094278,5.9516058020820095,5.265236830685623,7,0.23333333333333334,0,7,4031,63.44133333333333,5.977732261094278,-0.2621757061927289,0.012368608070943804,19786.0,66.00099706258993,7.021593351414807,-0.12036628725241413,-7.8278691417970965,-5.986664033229833,10.509480082594466,0.8846440552070122,0.005259994588009975,83|5|5|5|5|22|60|46|81|6,152,98
134,0.023988181779960732,-17.35044194775342,-17.35044194775342,5.971714834937554,5.971714834937554,5.265236830685623,8,0.26666666666666666,1,8,4061,63.44133333333333,5.971714834937554,-0.2625123490324183,0.012270651034295347,19789.0,65.3770346181891,7.021403113215342,-0.12197032212848778,-7.856379299433328,-6.009885751321019,10.51242281549047,0.8707757994921529,0.005199335214223268,85|5|5|5|5|21|61|45|79|6,152,98
135,0.023748299962161126,-17.27132927453757,-17.35044194775342,5.985033416509444,5.971714834937554,5.265236830685623,8,0.26666666666666666,0,6,4091,63.44133333333333,5.985033416509444,-0.26213501966139563,0.012077923184514231,20129.0,65.4784776752739,7.021505829777826,-0.1184200551564085,-7.824423414500318,-6.055573860609163,10.84593254370422,0.8730304836783139,0.005232087428948517,84|5|5|5|5|22|64|46|79|6,155,99
136,0.023510816962539514,-17.35467541427249,-17.35467541427249,6.020811562057205,6.020811562057205,5.265236830685623,7,0.23333333333333334,1,4,4121,63.44133333333333,6.020811562057205,-0.26270052429445556,0.012294421729268992,19718.0,67.05455210822774,7.021758361570032,-0.10888285573507138,-7.87231579280675,-6.004250664793335,10.442778136951716,0.9080604818104046,0.005312609744758595,83|5|5|5|5|22|60|47|80|6,153,99
137,0.02327570879291412,-17.437958759800754,-17.437958759800754,6.006874382325967,6.006874382325967,5.265236830685623,7,0.23333333333333334,4,3,4151,63.44133333333333,6.006874382325967,-0.26283690289330747,0.012276614796253771,19324.0,65.64271919232449,7.021631964460402,-0.11259801929184086,-7.883865645924266,-6.008471980511899,10.0562992166099,0.8766809331210547,0.005272306748093597,81|5|5|5|5|21|60|45|81|6,152,96
138,0.02304295170498498,-17.41051396177506,-17.454364753311122,6.001777389728113,6.006874382325967,5.265236830685623,6,0.2,1,5,4181,63.47933333333333,6.001777389728113,-0.2627226876016263,0.01227244155799757,19446.0,65.46183773509969,7.0216034995106975,-0.11395669884637301,-7.874192795097254,-6.009461289352066,10.175970354380716,0.8726606425965524,0.005263230411012882,82|5|5|5|5|20|60|45|81|6,151,97
139,0.022812522187935128,-17.316193500944866,-17.454364753311122,6.008941464078188,6.006874382325967,5.265236830685623,7,0.23333333333333334,0,6,4211,63.518,6.008941464078188,-0.2619762564700286,0.012321477120113443,19030.0,65.57077135335877,7.020122829601018,-0.11204700775702489,-7.810977818518293,-5.997836907491841,9.76791139280154,0.875081812792801,0.00479110383623028,83|5|5|5|6|19|60|44|78|7,150,96
140,0.022584396966055777,-17.55207968683831,-17.55298369974779,5.938993679912397,5.938997550192032,5.265236830685623,6,0.2,3,1,4241,64.12666666666667,5.938993679912397,-0.2631028553151193,0.012046207441804103,19461.0,62.33492592322919,7.019448727864873,-0.1306926350374905,-7.906389058204734,-6.063092402017375,10.190684018860734,0.8031615677820805,0.004576159680439367,86|5|5|5|5|18|60|42|79|6,150,96
141,0.02235855299639522,-17.71107328361207,-17.71107328361207,5.663339388958331,5.663339388958331,5.265236830685623,5,0.16666666666666666,2,3,4271,62.54066666666666,5.663339388958331,-0.26372386258061536,0.012024099147163448,19620.0,62.91546485182019,7.0209815639682605,-0.20417240610798199,-7.958981933932827,-6.068333399532078,10.34664886234893,0.8160646878117828,0.005064919973644775,86|5|5|6|5|18|60|42|80|5,151,96
142,0.022134967466431267,-17.723877469874303,-17.731566057129953,5.639351194175837,5.639351194175837,5.265236830685623,5,0.16666666666666666,2,9,4301,62.54066666666666,5.639351194175837,-0.2634962309584393,0.011951554851147033,19370.0,61.85350964580215,7.020712935219952,-0.2105668179450383,-7.939703896006289,-6.085530767366533,10.10142112101529,0.7924615583495176,0.004979264980591964,85|5|5|6|5|18|62|40|79|5,150,95
143,0.021913617791766954,-17.68961584886633,-17.742199151882865,5.645533971729481,5.648287465491956,5.265236830685623,6,0.2,1,9,4331,62.54066666666666,5.645533971729481,-0.2632076090056007,0.011896134129444031,19215.0,62.34711497383766,7.020804628122368,-0.20891870618284092,-7.9152606095241005,-6.098668816656609,9.949379921388433,0.8034324829185227,0.00500850218982194,84|5|5|6|5|17|63|41|78|5,149,95
144,0.021694481613849285,-17.67649631234656,-17.742199151882865,5.646580363894429,5.648287465491956,5.265236830685623,4,0.13333333333333333,0,7,4361,62.54066666666666,5.646580363894429,-0.26310931684437067,0.011890954690844332,19182.0,62.35067636762895,7.020825321517309,-0.20863977471232314,-7.906936282728203,-6.099896655586286,9.917009859532392,0.8035116388360656,0.005015100488072016,84|5|5|6|5|16|63|41|78|5,149,95
145,0.02147753679771079,-17.8145892228059,-17.831081722721954,5.600490415318856,5.600490415318856,5.265236830685623,5,0.16666666666666666,4,8,4391,62.54066666666666,5.600490415318856,-0.26374549113381607,0.01204339727753716,19100.0,59.786984321524905,7.02341368750378,-0.22092573934672885,-7.960813648107305,-6.0637585802178355,9.83657516037496,0.7465307464945993,0.005840427159119585,85|5|5|6|5|16|61|39|79|5,148,95
146,0.021262761429733684,-17.930315013255015,-17.930315013255015,5.600490415318856,5.600490415318856,5.265236830685623,7,0.23333333333333334,5,5,4421,62.54066666666666,5.600490415318856,-0.26411400391844336,0.012107387951027056,18534.0,59.30353222650773,7.02341368750378,-0.22092573934672885,-7.992022859597985,-6.048588936146422,9.281379553995599,0.7357854887635498,0.005840427159119585,84|5|5|6|5|16|59|39|78|5,149,92
147,0.021050133815436346,-18.130011859012775,-18.130011859012775,5.6006388507310625,5.6006388507310625,5.265236830685623,10,0.3333333333333333,8,5,4451,62.54066666666666,5.6006388507310625,-0.2651992953998472,0.012474657492053082,18023.0,58.466119458452866,7.023336640740146,-0.22088617166915014,-8.083935793925145,-5.961523932579678,8.780134050709638,0.7171730634317255,0.005815860019357519,84|5|5|5|5|16|56|39|77|5,149,90
148,0.02083963247728198,-18.25164150014721,-18.25164150014721,5.570710703522442,5.570710703522442,5.265236830685623,7,0.23333333333333334,7,6,4481,62.54066666666666,5.570710703522442,-0.26592423643097396,0.012618170432443445,17613.0,61.37919322973054,7.02315931951076,-0.22886396660149838,-8.145330781840121,-5.92750272125882,8.377960554922469,0.7819193511912753,0.005759319352110219,82|5|5|5|5|17|55|39|77|5,149,88
149,0.020631236152509162,-18.280295722332482,-18.32060077829436,5.598580038900423,5.596318112383135,5.265236830685623,10,0.3333333333333333,4,6,4511,62.510666666666665,5.598580038900423,-0.266203010797987,0.01272786129681843,17538.0,61.86687651094101,7.023604010183593,-0.22143497873276952,-8.168940079919402,-5.9014993792137185,8.304392232522378,0.7927586517170996,0.005901113470319905,82|5|5|5|5|20|54|38|77|5,149,88
150,0.02042492379098407,-18.339081081873996,-18.353273363856317,5.592588964307785,5.592588964307785,5.265236830685623,6,0.2,3,8,4541,62.54066666666666,5.592588964307785,-0.2663083523468706,0.012667839465620953,17328.0,60.828788681001456,7.02300296208145,-0.22303198920559641,-8.177861416749517,-5.915728168600096,8.09840092980212,0.7696860010964207,0.005709463204525106,81|5|5|5|5|19|56|37|76|5,148,89
151,0.02022067455307423,-18.418863992171094,-18.418863992171094,5.5874934658507645,5.5874934658507645,5.265236830685623,8,0.26666666666666666,4,7,4571,62.54066666666666,5.5874934658507645,-0.2666897058453251,0.01271989027143472,17182.0,60.326604601514475,7.022383599241296,-0.2243902704745584,-8.210158103547002,-5.903388992361394,7.955187928863275,0.7585244042843813,0.005511973099297854,79|5|5|6|5|19|54|38|78|5,150,87
152,0.02001846780754349,-18.56410370649926,-18.565515779835444,5.586039169085691,5.586684246252019,5.265236830685623,8,0.26666666666666666,3,3,4601,62.54066666666666,5.586039169085691,-0.26727995400561994,0.012821037133502914,17107.0,55.87201175844561,7.022356987957341,-0.22477793501261553,-8.260146002027263,-5.879411093507788,7.8816196064631825,0.659516149528626,0.005503487822287664,78|5|5|6|5|19|54|37|79|5,149,88
153,0.019818283129468053,-18.580299319630882,-18.590541042565864,5.574716447052603,5.574716447052603,5.265236830685623,8,0.26666666666666666,1,8,4631,62.54066666666666,5.574716447052603,-0.2675445361983103,0.012821136918053352,17511.0,55.12861527818984,7.023976118022583,-0.2277961757953237,-8.28255337011001,-5.879387438558849,8.277907636458345,0.6429933402181821,0.006019763817925071,79|5|5|6|5|19|54|36|81|5,149,88
154,0.019620100298173373,-18.724622486662273,-18.724622486662273,5.551880047384122,5.551880047384122,5.265236830685623,8,0.26666666666666666,6,8,4661,62.54066666666666,5.551880047384122,-0.2682104812316276,0.012904241308129416,17298.0,53.86329082043782,7.021882048978248,-0.2338835594304795,-8.33895200878136,-5.859686692348937,8.068973600842083,0.6148701041166548,0.0053520487257245775,78|5|5|5|5|20|53|34|82|5,149,86
155,0.01942389929519164,-18.723907588811628,-18.724622486662273,5.551779262112247,5.551880047384122,5.174613060977822,8,0.26666666666666666,0,10,4691,62.54066666666666,5.551779262112247,-0.26805849962668515,0.012959355944045046,16920.0,54.33529261062621,7.023760872948708,-0.23391042525099334,-8.326080742846477,-5.846621203827431,7.6981892559456195,0.6253608661536068,0.005951130749336991,77|5|5|6|5|21|51|33|82|5,150,85
156,0.019229660302239722,-18.767249279860224,-18.767249279860224,5.54407166969035,5.54407166969035,5.174613060977822,6,0.2,4,10,4721,62.54066666666666,5.54407166969035,-0.26808238724595707,0.012932608055939997,16624.0,53.908952745204374,7.021893487940727,-0.23596499920558503,-8.328103776491348,-5.852962064457374,7.40783961020659,0.6158849909175796,0.005355696154593894,78|5|5|5|5|22|51|33|79|5,150,85
157,0.019037363699217325,-18.84360150275429,-18.84360150275429,5.54407166969035,5.54407166969035,5.174613060977822,5,0.16666666666666666,5,10,4751,62.54066666666666,5.54407166969035,-0.2683867890746135,0.013000837039498715,16368.0,53.20988879003758,7.021893487940727,-0.23596499920558503,-8.353883454822716,-5.836787685606627,7.156726403080944,0.600347521029302,0.005355696154593894,77|5|5|5|5|22|50|33|79|5,150,85
158,0.01884699006222515,-19.022070642270414,-19.022070642270414,5.544464746475132,5.544464746475132,5.174613060977822,5,0.16666666666666666,4,11,4781,62.54066666666666,5.544464746475132,-0.26965916401659984,0.01344840419434748,16107.0,54.059481597518214,7.022207265683502,-0.23586021871383597,-8.461640418261736,-5.730687310867127,6.900708641128623,0.6192306612140624,0.00545574736112591,76|5|5|5|5|21|47|34|80|5,149,84
159,0.0186585201616029,-19.062214494414363,-19.086887886662183,5.52159936075985,5.52159936075985,4.976636755597239,5,0.16666666666666666,3,11,4811,62.54066666666666,5.52159936075985,-0.26959082958349845,0.01343257758587769,15836.0,52.519093604292095,7.021917816397754,-0.24195532901298022,-8.455853200385661,-5.734439170384316,6.634881769522957,0.5849938336904565,0.005363453529151639,75|5|5|5|5|21|48|33|79|6,149,84
160,0.01847193495998687,-19.128620771891704,-19.128620771891704,5.488951735929406,5.488951735929406,4.976636755597239,6,0.2,2,7,4841,62.54066666666666,5.488951735929406,-0.2701100843436671,0.013473501424030362,16043.0,52.980563360369445,7.021689000802415,-0.25065804134962955,-8.49982869405554,-5.724737755710032,6.837930339347212,0.5952505096160403,0.005290493362555505,76|5|5|5|5|20|47|31|81|6,149,85
161,0.018287215610387,-19.247740775744163,-19.286674923080355,5.463920280872841,5.4640385378286425,4.976636755597239,7,0.23333333333333334,4,7,4871,62.54066666666666,5.463920280872841,-0.27067803125992995,0.013596315587448529,15882.0,51.63588608366928,7.021249264613508,-0.2573305498048823,-8.547927908423512,-5.695623401314681,6.680003673928348,0.5653635693128528,0.005150279031650617,76|5|5|5|5|20|47|31|80|6,149,84
162,0.01810434345428313,-19.22899008766355,-19.286674923080355,5.470876780646108,5.4640385378286425,4.976636755597239,7,0.23333333333333334,0,5,4901,62.54066666666666,5.470876780646108,-0.27064735389320704,0.013614472903576036,16001.0,51.4416977732522,7.021457601341439,-0.25547619082130757,-8.54532985357719,-5.6913190236933096,6.79673207880316,0.5610475192526821,0.005216709304269979,78|5|5|5|5|20|46|32|79|6,150,86
163,0.0179233000197403,-19.2522898509585,-19.286674923080355,5.477700883338012,5.4640385378286425,4.976636755597239,4,0.13333333333333333,0,9,4931,62.75933333333334,5.477700883338012,-0.27078891934679256,0.013659841723959384,15927.0,51.50833936334774,7.021457601341439,-0.25365712425852305,-8.557318979504512,-5.680563880488513,6.724144667368402,0.5625287023286559,0.005216709304269979,77|5|5|5|5|20|45|32|80|7,149,85
164,0.017744067019542897,-19.32503268170091,-19.32503268170091,5.477701203679791,5.477701203679791,4.976636755597239,6,0.2,3,9,4961,62.75933333333334,5.477701203679791,-0.27128993008061525,0.013752615197412003,16025.0,50.74423407671776,7.021458078561547,-0.2536570388666342,-8.599749393327977,-5.6585709791047325,6.820273941971189,0.545545616883127,0.0052168614707275235,78|5|5|5|5|20|43|34|80|6,150,84
165,0.01756662634934747,-19.31906161883179,-19.331634285309903,5.48067944977477,5.472076855397764,4.924472706267631,6,0.2,1,6,4991,62.75933333333334,5.48067944977477,-0.2715085637867168,0.013800275035974066,16417.0,50.57523575032597,7.021372985711256,-0.2528631428583653,-8.6182654010687,-5.647272726592956,7.204791040382337,0.54178944208957,0.005189728754864597,81|5|5|5|5|20|42|34|80|6,150,86
166,0.017390960085853994,-19.245467341550214,-19.331634285309903,5.496356245708229,5.472076855397764,4.924472706267631,3,0.1,0,16,5021,62.75933333333334,5.496356245708229,-0.2711895876729128,0.013747991632941789,16571.0,51.157132480035784,7.021447842484311,-0.24868425860329896,-8.591251431916307,-5.659667042382851,7.355851329043858,0.5547227407514875,0.005213597593983043,81|5|5|5|5|20|43|35|80|6,151,87
167,0.017217050484995455,-19.244151936667123,-19.331634285309903,5.482225231372356,5.472076855397764,4.924472706267631,7,0.23333333333333334,0,6,5051,62.54066666666666,5.482225231372356,-0.27100060064361564,0.013748301439603603,16288.0,51.22888856597494,7.021431436305969,-0.252451091670907,-8.575246190273752,-5.659593599542913,7.078253525854178,0.5563175991565591,0.00520836631810225,79|5|5|5|5|19|44|35|80|5,150,86
168,0.0170448799801455,-19.342042167775116,-19.342042167775116,5.48061323940176,5.48061323940176,4.924472706267631,7,0.23333333333333334,1,7,5081,62.54066666666666,5.48061323940176,-0.2712111255278412,0.01373701011272104,15768.0,50.379447443219874,7.021328793057351,-0.2528807922228444,-8.593075464887637,-5.662270324142936,6.568179823880207,0.5374378303326571,0.00517563748024463,78|5|5|5|5|19|45|33|78|5,149,85
169,0.016874431180344044,-19.549013782218847,-19.549013782218847,5.487705860551279,5.487705860551279,4.924472706267631,9,0.3,9,5,5111,62.54066666666666,5.487705860551279,-0.27230262875916067,0.014015120890476143,15197.0,50.294166131628685,7.021385246715175,-0.25099014805201497,-8.68551447001866,-5.596341317916193,6.008079662674175,0.5355423588223791,0.005193638299960197,77|5|5|5|5|19|42|33|77|5,148,82
170,0.016705686868540605,-19.627353249814156,-19.627353249814156,5.491320510590928,5.491320510590928,4.924472706267631,5,0.16666666666666666,4,7,5141,62.54066666666666,5.491320510590928,-0.27291815203462627,0.014194512640881207,15238.0,50.26529033687421,7.021320696521401,-0.2500266090608604,-8.737642908658506,-5.553814667475136,6.048297012252892,0.5349005623341154,0.005173055817876299,78|5|5|5|5|20|42|33|76|5,148,83
171,0.016538629999855198,-19.632163194585768,-19.648572103323943,5.490395495307143,5.490395495307143,4.924472706267631,2,0.06666666666666667,1,8,5171,62.54066666666666,5.490395495307143,-0.2730123793182141,0.014118649483194273,15411.0,50.57417836775584,7.0212353904653915,-0.25027318570965457,-8.745622982469675,-5.571798805435897,6.21799460925577,0.5417659405919998,0.0051458551192137564,78|5|5|5|5|20|43|32|77|5,148,83
172,0.016373243699856644,-19.66693084844083,-19.669264838175607,5.490395495307143,5.490395495307143,4.924472706267631,3,0.1,1,7,5201,62.54066666666666,5.490395495307143,-0.2732021284797943,0.014166474358117345,15330.0,50.542558760070555,7.0212353904653915,-0.25027318570965457,-8.76169276881352,-5.560461429365657,6.138540821063671,0.541063159825436,0.0051458551192137564,79|5|5|5|5|20|42|32|76|5,149,83
173,0.01620951126285808,-19.76607400535097,-19.76607400535097,5.4936722694404105,5.4936722694404105,4.924472706267631,7,0.23333333333333334,7,9,5231,62.54066666666666,5.4936722694404105,-0.2735002404339886,0.014198545710146735,14782.0,50.58204444905439,7.0211792251891305,-0.24939971259110147,-8.786939760002058,-5.552858587128786,5.601001612060332,0.5419407729523463,0.005127946252875991,76|5|5|5|5|20|41|32|76|5,147,82
174,0.016047416150229497,-19.845872241799466,-19.845872241799466,5.4936722694404105,5.4936722694404105,4.924472706267631,2,0.06666666666666667,2,10,5261,62.54066666666666,5.4936722694404105,-0.2737412120232118,0.014238552151195492,14550.0,48.69530098046706,7.0211792251891305,-0.24939971259110147,-8.807347554806025,-5.543374650827202,5.373430268102715,0.5000058117611549,0.005127946252875991,76|5|5|5|5|20|40|32|75|5,146,82
175,0.015886941988727202,-19.95325680690209,-19.95325680690209,5.467740912070001,5.467740912070001,4.924472706267631,7,0.23333333333333334,5,5,5291,62.54066666666666,5.467740912070001,-0.2742825434854691,0.01425192851507423,14671.0,46.698617533414385,7.020883630662354,-0.2563121034576827,-8.853192716214021,-5.54020364686766,5.492120494908196,0.45562731290463565,0.005033692948652547,77|5|5|5|5|20|40|29|76|5,147,80
176,0.01572807256883993,-20.037018016359735,-20.07715633773886,5.469251578982964,5.460858398025733,4.924472706267631,6,0.2,4,6,5321,62.54066666666666,5.469251578982964,-0.274626384272047,0.014336519432800773,14367.0,46.14701227886832,7.020875717428349,-0.25590941261422046,-8.882312465311152,-5.520150504064147,5.19392356144649,0.4433672757944683,0.005031169733963178,76|5|5|5|5|20|40|29|75|5,145,80
177,0.01557079184315153,-20.286623408269747,-20.286623408269747,5.460300067736605,5.460300067736605,4.924472706267631,8,0.26666666666666666,6,5,5351,62.54066666666666,5.460300067736605,-0.27597881707992966,0.01458322708635274,13928.0,45.75474614591214,7.021087815973521,-0.2582955717225761,-8.996849499815488,-5.461665929829,4.763303647664619,0.43464872696363405,0.005098799500053486,75|5|5|5|5|20|37|28|75|5,144,76
178,0.015415083924720015,-20.282276826849138,-20.289234926041345,5.459854082608333,5.460300067736605,4.924472706267631,4,0.13333333333333333,1,7,5381,62.54066666666666,5.459854082608333,-0.2760165977300269,0.014586280228951235,14024.0,45.852500663134364,7.021086174059984,-0.2584144557240291,-9.000049129104694,-5.460942151128253,4.857471100336737,0.43682142927013634,0.005098275959317285,76|5|5|5|5|20|37|27|75|5,143,76
179,0.015260933085472815,-20.304120544652157,-20.336677884561556,5.463570111636547,5.459854082608333,4.924472706267631,7,0.23333333333333334,3,10,5411,62.54066666666666,5.463570111636547,-0.27592120287758826,0.014527301805422948,13760.0,45.30643693569263,7.020854183702929,-0.25742389264830323,-8.991970174319201,-5.474923590047761,4.598510605488413,0.4246845587313281,0.005024303487841579,75|5|5|5|5|19|38|27|74|5,140,77
180,0.015108323754618087,-20.44265090053906,-20.44265090053906,5.4553635170254235,5.4553635170254235,4.924472706267631,8,0.26666666666666666,5,6,5441,62.54066666666666,5.4553635170254235,-0.2765638062110492,0.014628696893210894,13434.0,44.63104041560902,7.02064064389731,-0.2596114830943165,-9.046392013059158,-5.450886846746791,4.278733630789347,0.40967312377479,0.004956214161282217,75|5|5|5|5|19|37|25|73|5,141,77
181,0.014957240517071906,-20.473006813394765,-20.473006813394765,5.451031506011474,5.451031506011474,4.924472706267631,2,0.06666666666666667,2,2,5471,62.54066666666666,5.451031506011474,-0.27696868168585126,0.014710940376200096,13608.0,45.76190153809384,7.020595844620029,-0.2607662453745558,-9.08068076733743,-5.431390187372882,4.44941213875756,0.43480776347201117,0.004941929458664152,75|5|5|5|5|19|36|24|75|5,141,77
182,0.014807668111901187,-20.6408921117738,-20.6408921117738,5.462127674465197,5.462127674465197,4.924472706267631,7,0.23333333333333334,6,8,5501,62.54066666666666,5.462127674465197,-0.27816874516083495,0.014933990229491365,13668.0,45.76875204657179,7.020740077213093,-0.25780839583440457,-9.18231369936959,-5.37851393681828,4.508266796677634,0.4349600236027315,0.004987919479593174,77|5|5|5|5|18|33|24|75|5,140,77
183,0.014659591430782175,-20.713872875141004,-20.713872875141004,5.446484336055843,5.446484336055843,4.924472706267631,3,0.1,3,6,5531,62.54066666666666,5.446484336055843,-0.278492295776651,0.014961919162648477,13554.0,45.217577205388075,7.020672128844262,-0.2619783614863782,-9.20971508140619,-5.371893097371191,4.396442946629494,0.4227095529057766,0.0049662534550264864,76|5|5|5|5|18|32|23|76|5,140,76
184,0.014512995516474354,-20.73765529474162,-20.73765529474162,5.452398531343659,5.452398531343659,4.924472706267631,2,0.06666666666666667,2,8,5561,62.54066666666666,5.452398531343659,-0.2787030168986413,0.014963620690583528,13662.0,45.15808169925644,7.02191723336847,-0.2604018443412583,-9.227560975323817,-5.371489732759684,4.502381330885626,0.4213871994527402,0.005363267624368105,76|5|5|5|5|18|32|22|77|5,140,76
185,0.01436786556130961,-20.88687119050469,-20.88687119050469,5.452398531343659,5.452398531343659,4.924472706267631,3,0.1,3,8,5591,62.54066666666666,5.452398531343659,-0.2795457352952937,0.015092977440546293,13448.0,45.084469801747694,7.02191723336847,-0.2604018443412583,-9.298930484782796,-5.340824391263007,4.2924663843040305,0.4197510935821575,0.005363267624368105,75|5|5|5|5|18|31|22|77|5,139,75
186,0.014224186905696514,-21.068112074183954,-21.070579112942806,5.452398531343659,5.452398531343659,4.924472706267631,6,0.2,3,7,5621,62.54066666666666,5.452398531343659,-0.2806582430535605,0.015274577904445558,13295.0,45.145449560587096,7.02191723336847,-0.2604018443412583,-9.393148355535606,-5.297774142682793,4.142387006607843,0.4211064361938869,0.005363267624368105,76|5|5|5|5|18|31|22|75|5,140,73
187,0.01408194503663955,-21.19834000575383,-21.19834000575383,5.475290685396495,5.475290685396495,4.924472706267631,6,0.2,5,10,5651,62.54066666666666,5.475290685396495,-0.2817145440728095,0.015583467527129668,12957.0,48.67272623798709,7.021469150898941,-0.25429959854167045,-9.48260609834066,-5.224548696255651,3.810839100324762,0.49950406313154,0.005220391997480805,74|5|5|5|5|19|29|23|75|5,140,72
188,0.013941125586273154,-21.298322557692256,-21.3103498576895,5.477112405039995,5.477112405039995,4.924472706267631,8,0.26666666666666666,6,6,5681,62.54066666666666,5.477112405039995,-0.282177114611725,0.01566543511610103,12559.0,49.31913284072992,7.021612002382539,-0.2538139919440162,-9.521781026268801,-5.2051174403823435,3.4204365361216076,0.513871165099062,0.005265941637689402,73|5|5|5|5|18|27|24|74|5,136,73
189,0.013801714330410423,-21.417355419629313,-21.417355419629313,5.477254738936001,5.477254738936001,4.924472706267631,5,0.16666666666666666,4,5,5711,62.54066666666666,5.477254738936001,-0.28292999843043287,0.015676198040758496,12692.0,48.790150222761156,7.021667617959631,-0.2537760507167716,-9.585542478533556,-5.202565978937779,3.550897694511104,0.5021139411178156,0.005283675226888046,75|5|5|5|5|19|26|24|73|5,136,75
190,0.013663697187106319,-21.5455863106159,-21.572656326838565,5.48852951473546,5.487261171766042,4.924472706267631,8,0.26666666666666666,3,9,5741,62.54066666666666,5.48852951473546,-0.28390316236235424,0.015767262098146592,12966.0,48.425124090166996,7.0215622252361225,-0.25077059071922175,-9.667959372148669,-5.180978312127329,3.819667299012773,0.4940008314349355,0.00525006969115605,76|5|5|5|5|22|24|23|74|5,137,76
191,0.013527060215235255,-21.56193216872144,-21.572656326838565,5.483494499630019,5.487261171766042,4.924472706267631,3,0.1,0,8,5771,62.54066666666666,5.483494499630019,-0.2838495020955417,0.015772222188324865,12782.0,47.828719302249766,7.021537662435884,-0.2521127492468609,-9.66341490399055,-5.1798024719859,3.639179681391214,0.4807450751268054,0.005242237593895394,77|5|5|5|5|22|24|22|72|5,136,75
192,0.013391789613082903,-21.77301557546601,-21.80661698885359,5.479465311214696,5.476117956132232,4.924472706267631,6,0.2,1,8,5801,62.54066666666666,5.479465311214696,-0.28533883459792897,0.01585978368645962,13037.0,48.44718689909139,7.021460538334255,-0.253186789637573,-9.789545923010579,-5.159045122693839,3.889311977551527,0.494491201774845,0.00521764579413132,78|5|5|5|5|21|23|23|73|5,135,76
193,0.013257871716952075,-21.817551218974106,-21.817551218974106,5.479465311214696,5.479465311214696,4.924472706267631,2,0.06666666666666667,1,4,5831,62.54066666666666,5.479465311214696,-0.28541763109214413,0.015860262649308836,12729.0,48.354155276793385,7.021460538334255,-0.253186789637573,-9.796219168974547,-5.158931579648427,3.5871914002284826,0.492423471033717,0.00521764579413132,76|5|5|5|5|21|23|23|73|5,134,76
194,0.013125292999782554,-21.925469083892686,-21.939159737844204,5.486177056829122,5.487340464746706,4.924472706267631,5,0.16666666666666666,3,9,5861,62.54066666666666,5.486177056829122,-0.28622682535925853,0.015910439690185314,12949.0,48.33721740167741,7.021551144526476,-0.2513976735330332,-9.864749532296845,-5.147036598565393,3.8029918126020856,0.49204700801822204,0.005246536494825477,78|5|5|5|5|21|21|23|73|5,134,75
195,0.012994040069784728,-22.11861460001601,-22.11861460001601,5.475874412644479,5.475874412644479,4.924472706267631,7,0.23333333333333334,5,4,5891,62.54066666666666,5.475874412644479,-0.2870246826193907,0.015996016245842713,12611.0,45.43582228746959,7.02152624481033,-0.25414399731957094,-9.932319768689112,-5.1267498002027345,3.4714439063190046,0.42756029133398976,0.005238596968520432,80|5|5|5|5|21|20|22|69|5,133,74
196,0.012864099669086882,-22.11861460001601,-22.11861460001601,5.475874412644479,5.475874412644479,4.924472706267631,0,0.0,0,4,5921,62.54066666666666,5.475874412644479,-0.2870246826193907,0.015996016245842713,12611.0,45.43582228746959,7.02152624481033,-0.25414399731957094,-9.932319768689112,-5.1267498002027345,3.4714439063190046,0.42756029133398976,0.005238596968520432,80|5|5|5|5|21|20|22|69|5,133,74
197,0.012735458672396012,-22.23717156172652,-22.23717156172652,5.475874412644479,5.475874412644479,4.924472706267631,3,0.1,3,11,5951,62.54066666666666,5.475874412644479,-0.28761198994944187,0.01599914857576926,12413.0,45.43325605102187,7.02152624481033,-0.25414399731957094,-9.982058609343264,-5.126007249335419,3.277223535182762,0.4275032538895071,0.005238596968520432,79|5|5|5|5|21|19|22|69|5,132,73
198,0.012608104085672051,-22.329748073969856,-22.329748073969856,5.475874412644479,5.475874412644479,4.924472706267631,3,0.1,3,10,5981,62.54066666666666,5.475874412644479,-0.2880468383335712,0.01600622034179171,12239.0,45.19096611764992,7.02152624481033,-0.25414399731957094,-10.01888575823146,-5.1243308148229145,3.1065450272145485,0.4221180920367532,0.005238596968520432,79|5|5|5|5|21|18|22|68|5,132,72
199,0.01248202304481533,-22.42935817990725,-22.42935817990725,5.482421687182095,5.482421687182095,4.924472706267631,5,0.16666666666666666,4,6,6011,62.54066666666666,5.482421687182095,-0.288378434114391,0.0160191020998179,11800.0,44.860396412217625,7.021644303948678,-0.2523987234386726,-10.046968482317926,-5.121277062242826,2.6759251134326774,0.4147708145721246,0.005276241318720075,77|5|5|5|5|22|17|22|67|5,131,72
200,0.012357202814367177,-22.54003695855794,-22.5702809589843,5.484383838278207,5.484383838278207,4.924472706267631,6,0.2,4,7,6041,62.54066666666666,5.484383838278207,-0.2891415237759046,0.01606986655834048,11767.0,46.22556526090213,7.022261741894746,-0.2518756827384933,-10.111594263636789,-5.109242827794784,2.643555051576637,0.4451132027357215,0.005473117652001497,77|5|5|5|5|22|16|22|67|5,131,71
201,0.012233630786223505,-23.806936588817603,-23.8430828778481,5.487534948183906,5.484383838278207,4.924472706267631,8,0.26666666666666666,4,5,6071,62.54066666666666,5.487534948183906,-0.2966130433329024,0.01540533653498874,11859.0,52.30202949814155,7.02223177669509,-0.25103570729792496,-10.744354492693526,-5.266776471046805,2.733798860387416,0.5801693437590091,0.005463562945051832,75|5|5|5|5|22|14|23|70|5,131,72
202,0.01211129447836127,-23.92872442827052,-23.92872442827052,5.479935153397734,5.479935153397734,4.924472706267631,6,0.2,3,6,6101,62.54066666666666,5.479935153397734,-0.2972232067269405,0.015387460534874739,11763.0,51.86474872238202,7.0221197410587965,-0.2530615461816145,-10.796029004956832,-5.2710141598280105,2.6396314077152985,0.5704502946850722,0.005427839249398205,74|5|5|5|5|21|14|22|71|5,132,71
203,0.011990181533577659,-24.10671360860686,-24.10671360860686,5.436349995373642,5.436349995373642,4.924472706267631,4,0.13333333333333333,4,10,6131,62.54066666666666,5.436349995373642,-0.2979680903778231,0.01542711325586701,11538.0,49.81472812289615,7.021802235375348,-0.2646798214589442,-10.859112925966132,-5.26161407648601,2.4189264405150226,0.5248863186004222,0.005326599351281332,74|5|5|5|5|21|14|20|70|5,131,69
204,0.011870279718241882,-24.137875841230347,-24.140649836424974,5.436465914930177,5.436465914930177,4.924472706267631,3,0.1,1,9,6161,62.54066666666666,5.436465914930177,-0.29820970875948116,0.01535711747434899,11671.0,50.26463671959915,7.0216933744158245,-0.26464892136866336,-10.879575497382286,-5.278207292875527,2.549387598904519,0.5348860349669774,0.005291887933421582,75|5|5|5|5|21|13|20|70|6,131,69
205,0.011751576921059463,-24.422078662077254,-24.422078662077254,5.415500006824062,5.415500006824062,4.924472706267631,4,0.13333333333333333,3,9,6191,62.54066666666666,5.415500006824062,-0.2993294520337878,0.015237853572819971,11356.0,46.30461371677186,7.0222594485711625,-0.2702376975222659,-10.974406141313533,-5.306480021354451,2.240400644824133,0.44687014213119897,0.00547238640258442,75|5|5|5|6|21|13|19|68|5,131,67
206,0.011634061151848868,-24.428418065301955,-24.428418065301955,5.4101824482739405,5.4101824482739405,4.924472706267631,2,0.06666666666666667,2,11,6221,62.54066666666666,5.4101824482739405,-0.2993414231630617,0.015245564753178023,11303.0,46.43029599998852,7.022220808469121,-0.2716551722278636,-10.975419971826009,-5.304652007129525,2.1884123636614015,0.44966356993781925,0.005460065615279377,74|5|5|5|6|20|13|19|69|5,131,67
207,0.01151772054033038,-24.530153212344633,-24.533255776992718,5.407871047029531,5.4101824482739405,4.924472706267631,7,0.23333333333333334,4,1,6251,62.54066666666666,5.407871047029531,-0.29992341335761863,0.015138439712470452,11372.0,46.73543918740074,7.022197261035712,-0.27227131077482203,-11.024708506240897,-5.330047094414019,2.256095220269486,0.45644571490608504,0.00545255727800083,73|5|5|5|6|19|12|19|71|5,131,66
208,0.011402543334927077,-25.487007396863685,-25.487007396863685,5.442742352646624,5.442742352646624,4.924472706267631,5,0.16666666666666666,5,8,6281,62.54066666666666,5.442742352646624,-0.30450991251564624,0.013764063853146422,11004.0,47.606032648765506,7.022421107192982,-0.2629758430902644,-11.413137424302677,-5.655856958090175,1.8951199850263682,0.4757956178597554,0.005523932889012498,72|5|5|5|6|19|11|21|69|5,130,65
209,0.011288517901577805,-25.598220214007654,-25.598220214007654,5.4276676328225,5.4276676328225,4.924472706267631,6,0.2,5,5,6311,62.510666666666665,5.4276676328225,-0.30498105842143647,0.01365800440917668,10885.0,47.32067333845218,7.0225667002599605,-0.26699423496000324,-11.453038596881118,-5.680999434761983,1.7783915801515557,0.4694531914500357,0.005570356710807805,72|5|5|5|6|21|10|20|68|5,129,66
210,0.011175632722562027,-25.6379235324255,-25.6379235324255,5.42752478787843,5.42752478787843,4.924472706267631,5,0.16666666666666666,3,6,6341,62.510666666666665,5.42752478787843,-0.30489677723782904,0.013671965305591172,10370.0,46.863679441688845,7.0225667002599605,-0.26703231241474734,-11.445900854600211,-5.677689861382369,1.2732224330042576,0.4592959964500548,0.005570356710807805,69|5|5|5|6|22|10|20|67|5,127,64
211,0.011063876395336406,-25.728676679561477,-25.747352396816986,5.434387856949666,5.434387856949666,4.924472706267631,4,0.13333333333333333,3,11,6371,62.466,5.434387856949666,-0.30534799823130554,0.013568825484736684,10472.0,45.61314303933443,7.022328591426643,-0.2652028587811762,-11.484114593721056,-5.702140211513454,1.3732753514683826,0.43150144124209705,0.005494433301299085,71|5|5|5|7|22|9|19|66|5,127,64
212,0.010953237631383042,-26.287826702294417,-26.287826702294417,5.438361349482629,5.438361349482629,4.924472706267631,3,0.1,3,8,6401,62.466,5.438361349482629,-0.3083315455906159,0.012782361639320556,10575.0,48.16596742653151,7.02162875315972,-0.26414366496031494,-11.736790116561743,-5.888579515232949,1.4743091808978424,0.4882407878397509,0.00527128279239503,71|5|5|5|6|22|8|19|67|5,127,63
213,0.010843705255069213,-26.385594868204155,-26.385594868204155,5.419904110004103,5.419904110004103,4.924472706267631,5,0.16666666666666666,3,10,6431,62.466,5.419904110004103,-0.3089917949324139,0.012696577295301043,10789.0,48.902034255592895,7.021509680900424,-0.2690637179976947,-11.792706389224026,-5.908915571953482,1.684224127479438,0.5046006875424506,0.005233315398335372,71|5|5|5|6|21|7|19|69|5,127,63
214,0.01073526820251852,-26.406621570697297,-26.406621570697297,5.419459638142581,5.419459638142581,4.924472706267631,3,0.1,2,5,6461,62.466,5.419459638142581,-0.3090064931815144,0.01270203847513784,10623.0,48.65164430525711,7.021508183523179,-0.2691821986152787,-11.793951178506397,-5.907620943380034,1.5213929072339012,0.4990354938503493,0.005232837944457663,72|5|5|5|6|21|7|18|67|5,126,62
215,0.010627915520493334,-27.442268912761303,-27.442268912761303,5.43780468130243,5.43780468130243,4.924472706267631,9,0.3,8,7,6491,62.5,5.43780468130243,-0.3134808748530813,0.011106364669669402,10361.0,42.52006743250452,7.023426156135792,-0.26429205318348264,-12.17288490808972,-6.285891750091513,1.2643942343162466,0.3627544135229817,0.0058444029085325125,72|5|5|5|5|21|5|19|65|5,126,59
216,0.010521636365288401,-27.47733334545916,-27.47733334545916,5.436311526210465,5.436311526210465,4.924472706267631,3,0.1,3,7,6521,62.5,5.436311526210465,-0.3135068420218248,0.011110313786821317,10048.0,42.5175252096971,7.023392070358863,-0.26469007598933336,-12.175084058010533,-6.2849555714529135,0.9573691021665297,0.3626979098082248,0.005833534313847715,71|5|5|5|5|20|5|19|64|5,125,57
217,0.010416420001635517,-27.499143983854758,-27.513320996673222,5.429006173232347,5.429006173232347,4.924472706267631,3,0.1,2,6,6551,62.5,5.429006173232347,-0.3136781646865023,0.011095676384824714,10138.0,42.70427645079657,7.023308125681502,-0.26663742700847903,-12.189593311143971,-6.288425517404549,1.04565108904664,0.3668486627740092,0.005806767704534781,71|5|5|5|5|19|5|19|65|5,125,57
218,0.010312255801619163,-27.506712122185917,-27.513320996673222,5.44022989175267,5.429006173232347,4.924472706267631,4,0.13333333333333333,0,10,6581,62.5,5.44022989175267,-0.31379580214348685,0.01108889872852187,10250.0,42.62889862348129,7.023434755675223,-0.2636455770917642,-12.199555983885354,-6.290032230197918,1.1555131171641106,0.36517330715954965,0.005847144958647544,73|5|5|5|5|21|5|19|63|5,125,59
219,0.010209133243602972,-27.535184064811176,-27.535184064811176,5.44022989175267,5.44022989175267,4.924472706267631,2,0.06666666666666667,2,4,6611,62.5,5.44022989175267,-0.31380438145490064,0.011089173103868661,10002.0,42.38371712860497,7.023434755675223,-0.2636455770917642,-12.200282562597211,-6.289967186713831,0.9122471977611399,0.35972387715297066,0.005847144958647544,73|5|5|5|5|21|5|19|61|5,123,59
220,0.010107041911166941,-27.558533722339497,-27.558533722339497,5.440618557864563,5.440618557864563,4.924472706267631,3,0.1,2,7,6641,62.5,5.440618557864563,-0.31373887939019546,0.01108960516414779,9684.0,42.077190264863646,7.023436338301215,-0.2635419723307939,-12.194735216953482,-6.289864762402689,0.6003175107847502,0.35291097844731123,0.005847649594950272,73|5|5|5|5|21|5|20|58|5,122,58
221,0.010005971492055272,-27.578501032525416,-27.579775955523306,5.433665797054858,5.440618557864563,4.924472706267631,2,0.06666666666666667,1,8,6671,62.5,5.433665797054858,-0.3137252812658843,0.011095635291186982,9528.0,41.553832100056,7.023350899059051,-0.26539533463775017,-12.193583596832804,-6.28843525907195,0.447295400192559,0.34127876416079017,0.005820406428535434,73|5|5|5|5|20|5|20|57|5,122,57
222,0.00990591177713472,-27.740416183550078,-27.740416183550078,5.402834539335256,5.402834539335256,4.924472706267631,2,0.06666666666666667,2,7,6701,62.5,5.402834539335256,-0.3144826923778715,0.01110864696998072,9489.0,39.47692831011022,7.023082034758739,-0.2736138671743222,-12.257728463891647,-6.285350707444224,0.40903987254451113,0.29511727942305555,0.005734676327344101,73|5|5|5|5|20|5|19|57|5,122,56
223,0.009806852659363373,-27.78931721944845,-27.78931721944845,5.396482427492353,5.396482427492353,4.924472706267631,4,0.13333333333333333,3,2,6731,62.5,5.396482427492353,-0.3147287064456509,0.011084473512251877,9450.0,39.58214792824553,7.022978037273179,-0.2753071175221226,-12.278563304340327,-6.291081273005154,0.37078434489646334,0.2974559018571696,0.005701515677342303,73|5|5|5|5|19|5|19|57|5,122,56
224,0.00970878413276974,-27.83901991255639,-27.83901991255639,5.393147226395559,5.393147226395559,4.924472706267631,3,0.1,3,8,6761,62.5,5.393147226395559,-0.3148883011755615,0.011085954469963476,9240.0,39.46051331644844,7.022938622087953,-0.27619616522102935,-12.292079323014187,-6.290730196822571,0.16479304217620594,0.2947524380264265,0.0056889477469252115,71|5|5|5|5|19|5|18|58|5,121,55
225,0.009611696291442042,-27.882322441834514,-27.882322441834514,5.391337173477071,5.391337173477071,4.924472706267631,5,0.16666666666666666,4,2,6791,62.5,5.391337173477071,-0.31484882690307076,0.011093003361827143,8771.0,39.04428978572933,7.02474867500644,-0.2766786618787656,-12.288736261470609,-6.289059184863515,-0.2952542005657023,0.28550140952246394,0.006266101425131262,70|5|5|6|5|19|5|18|55|5,121,52
226,0.009515579328527621,-27.86133823726628,-27.896467375794924,5.382508751796574,5.391337173477071,4.924472706267631,4,0.13333333333333333,1,3,6821,62.5,5.382508751796574,-0.31471129054209346,0.011091014421921527,8803.0,38.786957440414135,7.024738184058947,-0.27903200962369434,-12.27708835790672,-6.289530683424196,-0.2638650496749964,0.27978191342047887,0.006262756280427714,71|5|5|6|5|19|5|18|54|5,121,51
227,0.009420423535242346,-27.849866188691205,-27.896467375794924,5.391226191150309,5.391337173477071,4.924472706267631,4,0.13333333333333333,0,5,6851,62.5,5.391226191150309,-0.3145598766846679,0.011102544327948155,8549.0,39.44441308390023,7.023132937540122,-0.2767082458766605,-12.264265174299146,-6.2867974011963055,-0.5130164348699744,0.29439459254381617,0.0057509071939704235,69|5|5|5|5|19|5|19|54|5,120,50
228,0.009326219299889922,-27.914119422743088,-27.914119422743088,5.384318804715061,5.384318804715061,4.924472706267631,3,0.1,2,2,6881,62.5,5.384318804715061,-0.3147741199686898,0.011089132046463498,8375.0,38.775529800151574,7.0229281311404606,-0.27854951296595837,-12.282409358817088,-6.289976919791933,-0.6836949428381877,0.2795279214714429,0.005685602602221946,68|5|5|5|5|19|5|18|54|5,120,50
229,0.009232957106891022,-27.979873319503177,-27.979873319503177,5.384318804715061,5.384318804715061,4.924472706267631,5,0.16666666666666666,5,8,6911,62.5,5.384318804715061,-0.3148645674356472,0.011095249040566631,7895.0,38.40881749413809,7.0229281311404606,-0.27854951296595837,-12.290069321355226,-6.288526823734635,-1.1545322061987762,0.27137733471863873,0.005685602602221946,66|5|5|5|5|19|5|18|52|5,116,50
230,0.009140627535822113,-27.992741490912465,-27.992741490912465,5.384318804715061,5.384318804715061,4.924472706267631,1,0.03333333333333333,1,3,6941,62.5,5.384318804715061,-0.3148683454566908,0.011096560510508051,7792.0,38.20362467318185,7.0229281311404606,-0.27854951296595837,-12.29038928056067,-6.288215926362617,-1.2555660356282357,0.2668166972357096,0.005685602602221946,66|5|5|5|5|19|5|18|51|5,116,49
231,0.009049221260463891,-28.047063697687364,-28.047063697687364,5.3736072193794575,5.3736072193794575,4.924472706267631,3,0.1,1,3,6971,62.5,5.3736072193794575,-0.31518166376711376,0.01109034636274389,7890.0,37.55130198757183,7.022775607011924,-0.28140484612815225,-12.316924092436416,-6.2896890536895915,-1.1594367610254488,0.2523181037805689,0.005636968741354584,67|5|5|5|5|19|5|17|51|5,116,49
232,0.008958729047859252,-28.046656987717444,-28.047063697687364,5.369857554802066,5.3736072193794575,4.924472706267631,1,0.03333333333333333,0,5,7001,62.5,5.369857554802066,-0.3151550158783901,0.01109484151756859,7853.0,37.55130198757183,7.022707857920237,-0.28240437526221446,-12.314667292592153,-6.288623431232167,-1.1957304667428275,0.2523181037805689,0.005615366258320598,67|5|5|5|5|18|5|17|51|5,116,48
233,0.008869141757380659,-28.06861106946624,-28.06861106946624,5.369857554802066,5.369857554802066,4.924472706267631,2,0.06666666666666667,2,6,7031,62.5,5.369857554802066,-0.3151096216811088,0.011115034312287471,7653.0,36.43386359469463,7.022707857920237,-0.28240437526221446,-12.310822874806659,-6.283836522578348,-1.3919126598097393,0.22748179910055943,0.005615366258320598,67|5|5|5|5|18|5|17|49|5,115,48
234,0.008780450339806851,-28.378075645323268,-28.378075645323268,5.362126233101806,5.362126233101806,4.924472706267631,6,0.2,5,0,7061,62.5,5.362126233101806,-0.31645246239653035,0.010922606115674534,7560.0,32.07620922860501,7.025239028014315,-0.28446527461060184,-12.424547558546667,-6.329453596016137,-1.4831373795858533,0.13062810925399226,0.006422455440654332,67|5|5|5|5|19|5|16|48|5,113,48
235,0.008692645836408783,-28.38429287972321,-28.38484973493837,5.358591907519573,5.358655136878753,4.924472706267631,5,0.16666666666666666,1,1,7091,62.5,5.358591907519573,-0.31650932177431146,0.010926590504045085,7597.0,32.0989985580888,7.025243999780366,-0.2854074019171358,-12.429362958230003,-6.3285090559741715,-1.4468436738684747,0.13113462731719863,0.006424040738539199,67|5|5|5|5|19|5|14|49|5,111,49
236,0.008605719378044696,-28.368124493844967,-28.38484973493837,5.3585918941717345,5.358655136878753,4.924472706267631,4,0.13333333333333333,0,2,7121,62.5,5.3585918941717345,-0.3165615052804913,0.010919673575557773,7842.0,32.26049941614086,7.025243819079263,-0.28540740547520166,-12.4337823600761,-6.330148784664267,-1.2065204873615076,0.1347241625812735,0.006423983120165079,69|5|5|5|5|19|5|13|49|5,112,49
237,0.008519662184264249,-28.378223526281285,-28.38484973493837,5.3585918941717345,5.358655136878753,4.924472706267631,2,0.06666666666666667,0,5,7151,62.5,5.3585918941717345,-0.3165891292533235,0.010919889798916147,7842.0,31.77046906974617,7.025243819079263,-0.28540740547520166,-12.436121824122658,-6.3300975267042,-1.2065204873615076,0.12383269593480173,0.006423983120165079,69|5|5|5|5|19|5|13|49|5,112,49
238,0.008434465562421606,-28.378223526281285,-28.38484973493837,5.3585918941717345,5.358655136878753,4.924472706267631,0,0.0,0,5,7181,62.5,5.3585918941717345,-0.3165891292533235,0.010919889798916147,7842.0,31.77046906974617,7.025243819079263,-0.28540740547520166,-12.436121824122658,-6.3300975267042,-1.2065204873615076,0.12383269593480173,0.006423983120165079,69|5|5|5|5|19|5|13|49|5,112,49
239,0.00835012090679739,-28.39637122953955,-28.39637122953955,5.3585918941717345,5.3585918941717345,4.924472706267631,1,0.03333333333333333,1,3,7211,62.5,5.3585918941717345,-0.31661538909429165,0.010919314909666623,7705.0,31.753083307940713,7.025243819079263,-0.28540740547520166,-12.438345760345971,-6.330233810084576,-1.3409052896123423,0.12344627814206544,0.006423983120165079,68|5|5|5|5|19|5|13|49|5,112,48
240,0.008266619697729415,-28.423190267250245,-28.423190267250245,5.3585918941717345,5.3585918941717345,4.924472706267631,2,0.06666666666666667,2,2,7241,62.5,5.3585918941717345,-0.31661919340731864,0.010920274563554145,7437.0,31.753083307940713,7.025243819079263,-0.28540740547520166,-12.43866794620977,-6.330006314308839,-1.6037894283220042,0.12344627814206544,0.006423983120165079,66|5|5|5|5|19|5|13|49|5,112,48
241,0.008183953500752121,-28.44313529080972,-28.44313529080972,5.358204100887905,5.358204100887905,4.924472706267631,1,0.03333333333333333,1,5,7271,62.5,5.358204100887905,-0.3167174686342683,0.010919178926608184,7412.0,31.69787846813785,7.0252423860015,-0.2855107775708068,-12.446990838847725,-6.330266046260315,-1.628312202455368,0.12221928949562678,0.006423526168827526,66|5|5|5|5|19|5|12|49|5,111,48
242,0.0081021139657446,-28.442533973114205,-28.44313529080972,5.358204100887905,5.358204100887905,4.924472706267631,2,0.06666666666666667,0,4,7301,62.5,5.358204100887905,-0.3167044912728406,0.01091771571744678,7380.0,31.852252897888928,7.0252423860015,-0.2855107775708068,-12.445891790906153,-6.330612914967424,-1.659701353346074,0.12565043200562087,0.006423526168827526,65|5|5|5|5|19|5|12|50|5,111,49
243,0.008021092826087154,-28.50579375742328,-28.50579375742328,5.353550224002999,5.353550224002999,4.792682459778716,2,0.06666666666666667,2,5,7331,62.5,5.353550224002999,-0.31700226248014396,0.01087507607387279,7389.0,31.18859299675512,7.0250140284556695,-0.28675133800942576,-12.471109924366473,-6.340721078877459,-1.650873154658063,0.11089985639131447,0.006350712055949468,66|5|5|5|5|19|5|11|49|5,111,48
244,0.007940881897826282,-28.491127170312694,-28.50579375742328,5.353550224002999,5.353550224002999,4.792682459778716,2,0.06666666666666667,0,4,7361,62.5,5.353550224002999,-0.3170642425623858,0.010866295011969236,7621.0,31.498895975004316,7.0250140284556695,-0.28675133800942576,-12.47635899461746,-6.342802719472584,-1.4233018107004454,0.11779668342002236,0.006350712055949468,67|5|5|5|5|19|5|11|50|5,112,49
245,0.00786147307884802,-28.56192800477085,-28.56436738622978,5.343517796577218,5.343517796577218,4.792682459778716,6,0.2,1,3,7391,62.5,5.343517796577218,-0.3174009402858376,0.010824409907362853,7600.0,31.133992139613035,7.024906304679614,-0.28942563148033906,-12.504873800339235,-6.352732012197922,-1.443900940972471,0.10968629192779288,0.006316363240538683,67|5|5|5|5|19|5|10|50|5,112,49
246,0.007782858348059539,-28.573937509964967,-28.57625567693851,5.331008928980728,5.343517796577218,4.792682459778716,2,0.06666666666666667,1,3,7421,62.5,5.331008928980728,-0.3173638363261467,0.010833009387168559,7464.0,30.898455626619306,7.024773962902656,-0.2927600570906204,-12.501731479710369,-6.350693417497517,-1.577304832257971,0.10445123231531891,0.006274164726577408,67|5|5|5|5|18|5|10|49|5,112,48
247,0.007705029764578943,-28.614492080764816,-28.614492080764816,5.331008928980728,5.331008928980728,4.792682459778716,2,0.06666666666666667,1,3,7451,62.5,5.331008928980728,-0.31744928315685617,0.01083564170734545,7234.0,30.553572296042102,7.024773962902656,-0.2927600570906204,-12.508967940213408,-6.350069399058771,-1.8029143542849195,0.09678581869442399,0.006274164726577408,66|5|5|5|5|18|5|10|48|5,111,48
248,0.007627979466933154,-28.62123752475039,-28.63354700067045,5.331008920443847,5.331008920443847,4.792682459778716,2,0.06666666666666667,1,6,7481,62.5,5.331008920443847,-0.31760056666959224,0.010828883931243788,7445.0,30.462028792405732,7.024773676082776,-0.2927600593662535,-12.521780084977419,-6.3516713990469835,-1.5959421405993277,0.09475116303709122,0.006274073271158097,67|5|5|5|5|18|5|9|49|5,112,48
249,0.007551699672263822,-28.60795972481512,-28.63354700067045,5.331008920443847,5.331008920443847,4.792682459778716,3,0.1,0,2,7511,62.5,5.331008920443847,-0.31758705533489306,0.01082577163253719,7544.0,30.610245722019393,7.024773676082776,-0.2927600593662535,-12.520635815036893,-6.352409201308597,-1.4988319550312064,0.0980454482935178,0.006274073271158097,67|5|5|5|5|18|5|9|50|5,112,48
250,0.007476182675541184,-28.60295699726273,-28.63354700067045,5.331008920443847,5.331008920443847,4.792682459778716,2,0.06666666666666667,0,3,7541,62.5,5.331008920443847,-0.31754175261426426,0.010827251786019575,7512.0,30.636598385531563,7.024773676082776,-0.2927600593662535,-12.516799144375284,-6.35205831577678,-1.5302211059219122,0.09863116539818324,0.006274073271158097,66|5|5|5|5|18|5|9|51|5,112,48
251,0.007401420848785772,-28.59428808450466,-28.63354700067045,5.337198254221255,5.331008920443847,4.792682459778716,3,0.1,0,1,7571,62.5,5.337198254221255,-0.31747332877001383,0.010834137353552535,7457.0,30.636598385531563,7.024825964666591,-0.29111019994462545,-12.511004354302052,-6.350426021521881,-1.584171209015313,0.09863116539818324,0.006290746014904236,65|5|5|5|5|20|5|9|51|5,112,49
252,0.007327406640297914,-28.62813209621197,-28.63354700067045,5.3338127892113825,5.331008920443847,4.792682459778716,4,0.13333333333333333,0,4,7601,62.5,5.3338127892113825,-0.31757665765162046,0.010833854383677937,7339.0,30.291460896906884,7.024851212601026,-0.2920126462407871,-12.519755239084567,-6.3504931024267455,-1.6999187029247909,0.09096010283346805,0.0062987965741322345,65|5|5|5|5|20|5|8|50|5,113,46
253,0.007254132573894935,-28.655614090476483,-28.67239252394251,5.336793103639557,5.339218373719814,4.792682459778716,4,0.13333333333333333,3,2,7631,62.5,5.336793103639557,-0.31755038131669766,0.01084559926258159,7111.0,29.23316918679518,7.02489130819676,-0.29121819888739253,-12.517529905994332,-6.347708858678187,-1.9235664030210704,0.0674383986212244,0.006311581460320662,64|5|5|5|5|20|5|8|49|5,111,46
254,0.0071815912481559855,-28.663878778103133,-28.67239252394251,5.336793103639557,5.339218373719814,4.792682459778716,3,0.1,0,4,7661,62.5,5.336793103639557,-0.31753376703655534,0.010845379035413804,6984.0,29.35958545335264,7.02489130819676,-0.29121819888739253,-12.516122848751388,-6.347761065782253,-2.048142095618559,0.07024814001971542,0.006311581460320662,63|5|5|5|5|20|5|8|49|5,112,44
255,0.007109775335674425,-28.68588929097884,-28.68588929097884,5.336793103639557,5.336793103639557,4.792682459778716,3,0.1,1,4,7691,62.5,5.336793103639557,-0.31753058027540854,0.010846742834239613,6762.0,29.275386097192488,7.02489130819676,-0.29121819888739253,-12.515852963128014,-6.347437763312624,-2.2659043299228316,0.06837671616603012,0.006311581460320662,62|5|5|5|5|20|5|8|48|5,112,44
256,0.007038677582317681,-28.70678086544858,-28.70678086544858,5.3371516779908355,5.3371516779908355,4.792682459778716,3,0.1,3,4,7721,62.5,5.3371516779908355,-0.31756100406135107,0.010849263121177755,6624.0,29.04186714080756,7.024884725704003,-0.29112261553495306,-12.518429542311795,-6.346840303499743,-2.4012700431390006,0.06318649898152784,0.006309482565936019,61|5|5|5|5|20|5|7|48|5,112,43
257,0.006968290806494504,-28.991872706127122,-28.991872706127122,5.3330893924610745,5.3330893924610745,4.792682459778716,4,0.13333333333333333,4,3,7751,62.5,5.3330893924610745,-0.31876866088983496,0.010652492298158428,6423.0,25.766470155774968,7.024773599155732,-0.29220547845617467,-12.620705552644619,-6.393486840972326,-2.598433147171247,-0.009612823099034756,0.006274048742192059,61|5|5|5|5|20|5|6|46|5,111,42
258,0.006898607898429559,-28.982320504202956,-28.991872706127122,5.3330893924610745,5.3330893924610745,4.792682459778716,1,0.03333333333333333,0,4,7781,62.5,5.3330893924610745,-0.31876988049521443,0.010651370727193802,6516.0,25.83569017354325,7.024773599155732,-0.29220547845617467,-12.620808840573316,-6.39375272084835,-2.507208427395133,-0.008074331615113095,0.006274048742192059,61|5|5|5|5|20|5|6|47|5,112,42
259,0.0068296218194452635,-29.019955771476262,-29.019955771476262,5.3330893924610745,5.3330893924610745,4.792682459778716,3,0.1,2,10,7811,62.5,5.3330893924610745,-0.31890998978574325,0.01065239199312212,6351.0,26.030085077691147,7.024773599155732,-0.29220547845617467,-12.632674644589711,-6.393510619307767,-2.669058736675335,-0.0037536897806875946,0.006274048742192059,58|5|5|5|5|20|5|6|49|5,111,42
260,0.006761325601250811,-29.22490255955453,-29.22490255955453,5.321544416492855,5.321544416492855,4.792682459778716,5,0.16666666666666666,4,6,7841,62.5,5.321544416492855,-0.3196685942678036,0.010510983812801127,6109.0,23.07011757926564,7.024874044457276,-0.2952829643470092,-12.696920577718853,-6.427032875712747,-2.9064391902862985,-0.06954224251202355,0.0063060767423971575,58|5|5|5|5|19|5|5|47|5,109,41
261,0.0066937123452383025,-29.250290258949395,-29.250290258949395,5.325668066297266,5.325668066297266,4.792682459778716,3,0.1,3,6,7871,62.5,5.325668066297266,-0.31963860217105894,0.010510559898353226,5827.0,22.722608027758376,7.024917128830613,-0.29418374386125407,-12.694380558133647,-6.427133368971228,-3.183056082510644,-0.07726602679889145,0.006319814630550002,56|5|5|5|5|20|5|5|46|5,108,41
262,0.006626775221785919,-29.27046778256142,-29.28216803398046,5.323108396679356,5.325668066297266,4.792682459778716,6,0.2,2,7,7901,62.5,5.323108396679356,-0.3196817882641027,0.010513163807944889,5788.0,21.94452237824695,7.0248132675073816,-0.2948660620536867,-12.698037972387597,-6.426516085552483,-3.221311610158692,-0.0945598412781407,0.006286697397283387,56|5|5|5|5|19|5|5|46|5,108,41
263,0.00656050746956806,-29.288404370728337,-29.29285233927751,5.322983453662354,5.322983453662354,4.792682459778716,3,0.1,1,3,7931,62.5,5.322983453662354,-0.31970042829859135,0.01050742806437464,5624.0,22.12635815901486,7.0248132675073816,-0.2948993674822162,-12.699616590017209,-6.427875802269003,-3.3821810084735597,-0.09051833985697424,0.006286697397283387,54|5|5|5|5|18|5|5|47|5,108,39
264,0.006494902394872379,-29.31739738255789,-29.31739738255789,5.328908592258345,5.328908592258345,4.792682459778716,4,0.13333333333333333,3,7,7961,62.5,5.328908592258345,-0.31979872353221817,0.010502335560511288,5488.0,22.12635815901486,7.024943306500164,-0.2933199332347482,-12.707941177013256,-6.429083032429685,-3.5155848997590597,-0.09051833985697424,0.0063281616452223344,52|5|5|5|5|20|5|5|47|5,108,39
265,0.006429953370923655,-29.357701637288685,-29.357701637288685,5.328908592258345,5.328908592258345,4.792682459778716,4,0.13333333333333333,4,4,7991,62.5,5.328908592258345,-0.3197903809859562,0.010506362375824248,5092.0,21.824862823451653,7.024943306500164,-0.2933199332347482,-12.707234649854573,-6.428128434646798,-3.904025642031545,-0.09721940728170193,0.0063281616452223344,49|5|5|5|5|20|5|5|46|5,106,37
266,0.006365653837214418,-29.41637584475428,-29.41637584475428,5.328908592258345,5.328908592258345,4.792682459778716,4,0.13333333333333333,3,7,8021,62.5,5.328908592258345,-0.3199624582995633,0.010519689923591103,4993.0,19.899507466659024,7.024943306500164,-0.2933199332347482,-12.72180781392687,-6.424969003046193,-4.001135827599667,-0.14001256041067703,0.0063281616452223344,47|5|5|5|5|20|5|5|47|5,105,37
267,0.006301997298842274,-29.416657646031975,-29.416657646031975,5.322983453662354,5.322983453662354,4.792682459778716,2,0.06666666666666667,1,9,8051,62.5,5.322983453662354,-0.3199156231125717,0.010526779928280963,4917.0,19.899507466659024,7.0248132675073816,-0.2948993674822162,-12.71784135925555,-6.423288244870912,-4.075685060965093,-0.14001256041067703,0.006286697397283387,47|5|5|5|5|18|5|5|47|5,105,36
268,0.006238977325853851,-29.415772563788845,-29.416657646031975,5.321173400743868,5.322983453662354,4.792682459778716,1,0.03333333333333333,0,5,8081,62.5,5.321173400743868,-0.3199156231125723,0.010526779928280963,4928.0,19.899507466659024,7.02662332042587,-0.29538186413995166,-12.717841359255601,-6.423288244870912,-4.064895040346413,-0.14001256041067703,0.00686385107548972,47|5|5|6|5|18|5|5|47|5,105,37
269,0.006176587552595313,-29.40440648596396,-29.416657646031975,5.32171225776965,5.322983453662354,4.792682459778716,2,0.06666666666666667,0,7,8111,62.5,5.32171225776965,-0.3199282731927734,0.010523580564343354,5060.0,19.970236239932788,7.026687814415016,-0.29523822374619213,-12.718912689871088,-6.4240466868366175,-3.935414792922251,-0.13844053516627186,0.006884415636159702,47|5|5|6|5|19|5|5|48|5,106,37
270,0.00611482167706936,-29.4098665964617,-29.416657646031975,5.32171225776965,5.322983453662354,4.792682459778716,2,0.06666666666666667,0,13,8141,62.5,5.32171225776965,-0.32001198031696576,0.010518889205453016,5157.0,19.9485834381012,7.026687814415016,-0.29523822374619213,-12.726001815272364,-6.425158821475877,-3.840266429284799,-0.13892179264488821,0.006884415636159702,47|5|5|6|5|19|5|5|49|5,106,38
271,0.006053673460298666,-29.4083562951008,-29.416657646031975,5.32171225776965,5.322983453662354,4.792682459778716,1,0.03333333333333333,0,6,8171,62.5,5.32171225776965,-0.32005633742466033,0.01051639887883508,5252.0,19.9485834381012,7.026687814415016,-0.29523822374619213,-12.729758402324165,-6.425749178888221,-3.747079887578016,-0.13892179264488821,0.006884415636159702,48|5|5|6|5|19|5|5|49|5,107,38
272,0.005993136725695679,-29.42809462806442,-29.42809462806442,5.32171225776965,5.32171225776965,4.745651114270235,1,0.03333333333333333,1,5,8201,62.5,5.32171225776965,-0.3201182934462998,0.010517026452178236,5157.0,19.9485834381012,7.026687814415016,-0.29523822374619213,-12.735005434891631,-6.425600406204247,-3.840266429284799,-0.13892179264488821,0.006884415636159702,47|5|5|6|5|19|5|5|49|5,107,37
273,0.005933205358438723,-29.467884758882757,-29.467884758882757,5.32171225776965,5.32171225776965,4.745651114270235,3,0.1,3,5,8231,62.5,5.32171225776965,-0.3203153480899899,0.01053733473701181,5072.0,19.905160524432002,7.026687814415016,-0.29523822374619213,-12.751693919814524,-6.420786119436742,-3.9236438613382365,-0.13988691494680328,0.006884415636159702,45|5|5|6|5|19|5|5|50|5,108,36
274,0.005873873304854335,-29.467884758882757,-29.467884758882757,5.32171225776965,5.32171225776965,4.745651114270235,0,0.0,0,10,8261,62.5,5.32171225776965,-0.3203153480899899,0.01053733473701181,5072.0,19.905160524432002,7.026687814415016,-0.29523822374619213,-12.751693919814524,-6.420786119436742,-3.9236438613382365,-0.13988691494680328,0.006884415636159702,45|5|5|6|5|19|5|5|50|5,108,36
275,0.0058151345718057915,-29.466883855251425,-29.467884758882757,5.324054973434416,5.32171225776965,4.745651114270235,1,0.03333333333333333,0,8,8291,62.5,5.324054973434416,-0.3203337940627583,0.01053454148713229,5111.0,19.905160524432002,7.026727420856783,-0.2946137378724752,-12.753256102428793,-6.421448287908551,-3.8853883336901887,-0.13988691494680328,0.006897044550658879,45|5|5|6|5|20|5|5|50|5,108,37
276,0.005756983226087734,-29.46672248643541,-29.467884758882757,5.317990878733988,5.32171225776965,4.745651114270235,1,0.03333333333333333,0,3,8321,62.5,5.317990878733988,-0.3203575174176554,0.010540465880827226,5163.0,19.905160524432002,7.026684343044084,-0.2962302129463622,-12.755265224584488,-6.42004384974921,-3.8343809634927917,-0.13988691494680328,0.0068833087544318905,46|5|5|6|5|19|5|5|50|5,108,37
277,0.005699413393826856,-29.497702098249594,-29.497702098249594,5.317990878733988,5.317990878733988,4.745651114270235,4,0.13333333333333333,4,1,8351,62.5,5.317990878733988,-0.32043681934849727,0.010546623896495678,4997.0,19.725705098627238,7.026684343044084,-0.2962302129463622,-12.761981275789514,-6.418584029110014,-3.9972121837383283,-0.14387551034515178,0.0068833087544318905,43|5|5|6|5|19|5|5|51|5,107,36
278,0.005642419259888587,-29.494225413562642,-29.51091198140878,5.317990878733988,5.317990878733988,4.745651114270235,3,0.1,1,3,8381,62.5,5.317990878733988,-0.3203555394862219,0.010544379172120411,4896.0,19.715161633119784,7.026684343044084,-0.2962302129463622,-12.75509771430263,-6.419116163997087,-4.096284191237118,-0.14410985053195352,0.0068833087544318905,43|5|5|6|5|19|5|5|50|5,107,35
279,0.0055859950672897014,-29.4959008962387,-29.51091198140878,5.321978632802682,5.317990878733988,4.745651114270235,4,0.13333333333333333,0,5,8411,62.5,5.321978632802682,-0.320427555833089,0.010540547231444408,4997.0,19.715161633119784,7.026725722248732,-0.29516721750000474,-12.761196752094316,-6.420024564752814,-3.9972121837383283,-0.14410985053195352,0.006896502932303544,43|5|5|6|5|19|5|5|51|5,108,35
280,0.005530135116616804,-29.49238643529031,-29.51091198140878,5.324183528226896,5.317990878733988,4.745651114270235,2,0.06666666666666667,0,8,8441,62.5,5.324183528226896,-0.32047501907567433,0.010537762503869605,5112.0,19.715161633119784,7.026823571044871,-0.2945794696712122,-12.765216396561677,-6.420684712925068,-3.884407422724854,-0.14410985053195352,0.006927703010501855,44|5|5|5|5|20|5|5|51|5,108,36
281,0.005474833765450636,-29.467201385138797,-29.51091198140878,5.324183528226896,5.317990878733988,4.745651114270235,3,0.1,0,5,8471,62.5,5.324183528226896,-0.3203789993627435,0.010539375550285477,5201.0,19.715161633119784,7.026823571044871,-0.2945794696712122,-12.75708452257211,-6.4203023237632575,-3.7971063468100783,-0.14410985053195352,0.006927703010501855,45|5|5|5|5|20|5|5|51|5,109,36
282,0.00542008542779613,-29.468528568460872,-29.51091198140878,5.324183528226896,5.317990878733988,4.745651114270235,1,0.03333333333333333,0,7,8501,62.5,5.324183528226896,-0.3203968313655993,0.010538474381612995,5215.0,19.7535604785902,7.026823571044871,-0.2945794696712122,-12.75859470830147,-6.420515955020194,-3.7833735932953942,-0.14325639370467536,0.006927703010501855,44|5|5|5|5|20|5|5|52|5,109,36
283,0.005365884573518168,-29.505105859545523,-29.51091198140878,5.316199167078895,5.317990878733988,4.745651114270235,2,0.06666666666666667,0,5,8531,62.5,5.316199167078895,-0.32055812739697587,0.01052232428860678,5162.0,19.7535604785902,7.026725489020731,-0.29670782046621935,-12.772254809567505,-6.424344499857485,-3.835361874458126,-0.14325639370467536,0.00689642856519695,45|5|5|5|5|19|5|5|51|5,109,35
284,0.005312225727782987,-29.497165754557987,-29.51091198140878,5.321689208618886,5.317990878733988,4.745651114270235,3,0.1,0,4,8561,62.5,5.321689208618886,-0.32055632512232507,0.010519447594542163,5245.0,19.60620291848129,7.026778118351776,-0.29524436784181146,-12.772102175593632,-6.425026449627391,-3.7539462643353576,-0.1465315785230028,0.006913209959643221,47|5|5|5|5|19|5|5|50|5,110,35
285,0.005259103470505157,-29.494464293548806,-29.51091198140878,5.321689208618886,5.317990878733988,4.745651114270235,2,0.06666666666666667,0,4,8591,62.5,5.321689208618886,-0.32062599385360163,0.010515020081689136,5356.0,19.978610124412555,7.026778118351776,-0.29524436784181146,-12.77800239468887,-6.426076036863141,-3.645065147183222,-0.13825441631836008,0.006913209959643221,46|5|5|5|5|19|5|5|52|5,111,35
286,0.005206512435800105,-29.518666177935224,-29.518666177935224,5.3257664883241835,5.3257664883241835,4.745651114270235,4,0.13333333333333333,1,4,8621,62.5,5.3257664883241835,-0.32068334009665483,0.01051430276195514,5201.0,19.952257460900384,7.026819029862563,-0.29415750799900364,-12.782859026812105,-6.426246084847584,-3.7971063468100783,-0.1388401334230255,0.006926255008597636,45|5|5|5|5|20|5|5|51|5,110,35
287,0.005154447311442104,-29.57529523444288,-29.57529523444288,5.329930924705473,5.329930924705473,4.745651114270235,5,0.16666666666666666,4,2,8651,62.5,5.329930924705473,-0.32088712909650285,0.010520944439042022,4965.0,19.873785730523885,7.026899324519076,-0.29304741524160205,-12.800117841868314,-6.4246716073190555,-4.028601334629034,-0.1405842544562935,0.006951857771850286,43|5|5|5|5|21|5|5|50|5,109,33
288,0.005102902838327683,-29.58947434217214,-29.58947434217214,5.329930924705473,5.329930924705473,4.745651114270235,2,0.06666666666666667,2,8,8681,62.5,5.329930924705473,-0.3209275983836104,0.010522517827642542,4880.0,19.9481846784006,7.026899324519076,-0.29304741524160205,-12.803545170831931,-6.424298619448258,-4.111978766682472,-0.13893065552044476,0.006951857771850286,42|5|5|5|5|21|5|5|50|5,108,33
289,0.005051873809944406,-29.58947434217214,-29.58947434217214,5.329930924705473,5.329930924705473,4.745651114270235,0,0.0,0,9,8711,62.5,5.329930924705473,-0.3209275983836104,0.010522517827642542,4880.0,19.9481846784006,7.026899324519076,-0.29304741524160205,-12.803545170831931,-6.424298619448258,-4.111978766682472,-0.13893065552044476,0.006951857771850286,42|5|5|5|5|21|5|5|50|5,108,33
290,0.005001355071844962,-29.603951900835227,-29.603951900835227,5.329930924705473,5.329930924705473,4.745651114270235,2,0.06666666666666667,1,7,8741,62.5,5.329930924705473,-0.3210807900165623,0.01051480660539186,4981.0,20.171052159851513,7.026899324519076,-0.29304741524160205,-12.816518913591587,-6.426126643604261,-4.012906759183681,-0.13397717915175741,0.006951857771850286,42|5|5|5|5|21|5|5|51|5,108,33
291,0.004951341521126512,-29.61516656103084,-29.61516656103084,5.329930924705473,5.329930924705473,4.745651114270235,1,0.03333333333333333,1,3,8771,62.5,5.329930924705473,-0.3210845304971973,0.010515752466437584,4880.0,20.100323386577745,7.026899324519076,-0.29304741524160205,-12.816835693513708,-6.4259024175628365,-4.111978766682472,-0.13554920439616266,0.006951857771850286,42|5|5|5|5|21|5|5|50|5,107,33
292,0.0049018281059152475,-29.61013879494469,-29.622654404262462,5.329930924705473,5.329930924705473,4.745651114270235,2,0.06666666666666667,1,3,8801,62.5,5.329930924705473,-0.3210734803137423,0.010514220612736016,4898.0,20.241780933125277,7.026899324519076,-0.29304741524160205,-12.81589985756216,-6.426265559160744,-4.094322369306449,-0.13240515390735222,0.006951857771850286,41|5|5|5|5|21|5|5|51|5,107,33
293,0.004852809824856095,-29.597998299558526,-29.622654404262462,5.329930924705473,5.329930924705473,4.745651114270235,1,0.03333333333333333,0,8,8831,62.5,5.329930924705473,-0.3210676588881888,0.010512895502801482,5001.0,20.350495351966934,7.026899324519076,-0.29304741524160205,-12.815406843184219,-6.426579690032731,-3.99328853987699,-0.1299888556606906,0.006951857771850286,41|5|5|5|5|21|5|5|52|5,107,34
294,0.004804281726607534,-29.68739558427359,-29.68739558427359,5.329930924705473,5.329930924705473,4.745651114270235,4,0.13333333333333333,3,4,8861,62.5,5.329930924705473,-0.32137240521208443,0.010513578943074236,4637.0,20.156540839505446,7.026899324519076,-0.29304741524160205,-12.841215696690037,-6.4264176735213185,-4.350340131258769,-0.13429970930261087,0.006951857771850286,39|5|5|5|5|21|5|5|50|5,104,33
295,0.004756238909341459,-29.699558481607983,-29.699558481607983,5.329930924705473,5.329930924705473,4.745651114270235,1,0.03333333333333333,1,7,8891,62.5,5.329930924705473,-0.3213780666585513,0.010517553072949024,4538.0,19.979811618387217,7.026899324519076,-0.29304741524160205,-12.841695162498276,-6.425475565360766,-4.447450316826891,-0.13822771178537097,0.006951857771850286,39|5|5|5|5|21|5|5|49|5,103,33
296,0.0047086765202480445,-29.716504756820164,-29.716504756820164,5.329930924705473,5.329930924705473,4.745651114270235,2,0.06666666666666667,2,8,8921,62.5,5.329930924705473,-0.32136649987591204,0.010519706117993927,4346.0,19.950372503526562,7.026899324519076,-0.29304741524160205,-12.840715575952803,-6.42496516399726,-4.635785222171126,-0.1388820286862843,0.006951857771850286,39|5|5|5|5|21|5|5|47|5,101,33
297,0.004661589755045564,-29.72118655249971,-29.72118655249971,5.329930924705473,5.329930924705473,4.745651114270235,1,0.03333333333333333,1,5,8951,62.5,5.329930924705473,-0.32135066322704287,0.010521299121375624,4269.0,19.950372503526562,7.026899324519076,-0.29304741524160205,-12.839374376014893,-6.424587526241834,-4.711315366501887,-0.1388820286862843,0.006951857771850286,38|5|5|5|5|21|5|5|47|5,101,32
298,0.004614973857495108,-29.73355561273707,-29.73465864642992,5.329930924705473,5.329930924705473,4.745651114270235,2,0.06666666666666667,1,4,8981,62.5,5.329930924705473,-0.32140227202734656,0.010506793470591119,4269.0,19.77866061903848,7.026899324519076,-0.29304741524160205,-12.843745106232808,-6.428026239220217,-4.711315366501887,-0.14269851531096864,0.006951857771850286,38|5|5|5|5|21|5|5|47|5,101,32
299,0.0045688241189201576,-29.747752970204527,-29.749200918348105,5.331359038021176,5.329930924705473,4.745651114270235,3,0.1,2,10,9011,62.5,5.331359038021176,-0.32140941773848253,0.010511766581955538,4132.0,19.73304295498026,7.026825694321331,-0.29266673029330176,-12.84435027386714,-6.4268473122733445,-4.845700168752722,-0.1437124183686782,0.0069283800386737695,36|5|5|6|5|21|5|5|47|5,99,33
300,0.004523135877730956,-29.747752970204527,-29.749200918348105,5.331359038021176,5.329930924705473,4.745651114270235,0,0.0,0,10,9041,62.5,5.331359038021176,-0.32140941773848253,0.010511766581955538,4132.0,19.73304295498026,7.026825694321331,-0.29266673029330176,-12.84435027386714,-6.4268473122733445,-4.845700168752722,-0.1437124183686782,0.0069283800386737695,36|5|5|6|5|21|5|5|47|5,99,33
301,0.004477904518953646,-29.747438103346283,-29.750260258796366,5.331359038021176,5.331359038021176,4.745651114270235,3,0.1,1,7,9071,62.5,5.331359038021176,-0.3213829674397604,0.010510555981199798,4096.0,19.688906294512194,7.026825694321331,-0.29266673029330176,-12.842110207847055,-6.427134297572539,-4.881012963504766,-0.1446934044829288,0.0069283800386737695,38|5|5|6|5|21|5|5|45|5,99,33
302,0.00443312547376411,-29.761799021120822,-29.761799021120822,5.331359038021176,5.331359038021176,4.745651114270235,2,0.06666666666666667,2,6,9101,62.5,5.331359038021176,-0.321378372408388,0.0105147811314125,4007.0,19.06712210906577,7.026825694321331,-0.29266673029330176,-12.841721056338912,-6.426132682471785,-4.968314039419542,-0.15851324598237498,0.0069283800386737695,38|5|5|6|5|21|5|5|44|5,98,33
303,0.0043887942190264685,-29.75603603503163,-29.761799021120822,5.331359038021176,5.331359038021176,4.745651114270235,1,0.03333333333333333,0,7,9131,62.5,5.331359038021176,-0.3213880354147303,0.010513487658682211,4084.0,19.06712210906577,7.026825694321331,-0.29266673029330176,-12.842539412773622,-6.426439313420709,-4.8927838950887805,-0.15851324598237498,0.0069283800386737695,39|5|5|6|5|21|5|5|44|5,98,34
304,0.004344906276836204,-29.741518135784712,-29.761799021120822,5.326460458435416,5.331359038021176,4.745651114270235,2,0.06666666666666667,0,7,9161,62.5,5.326460458435416,-0.3212817055036868,0.010529024000457481,4043.0,19.06712210906577,7.026786916691089,-0.29397251989406026,-12.83353437191758,-6.422756264594229,-4.933001244667498,-0.15851324598237498,0.006916015399111206,39|5|5|6|5|20|5|5|44|5,98,34
305,0.004301457214067842,-29.741518135784712,-29.761799021120822,5.326460458435416,5.331359038021176,4.745651114270235,0,0.0,0,7,9191,62.5,5.326460458435416,-0.3212817055036868,0.010529024000457481,4043.0,19.06712210906577,7.026786916691089,-0.29397251989406026,-12.83353437191758,-6.422756264594229,-4.933001244667498,-0.15851324598237498,0.006916015399111206,39|5|5|6|5|20|5|5|44|5,98,34
306,0.004258442641927164,-29.76506446274722,-29.76506446274722,5.325463275177521,5.325463275177521,4.745651114270235,3,0.1,1,4,9221,62.5,5.325463275177521,-0.32129263128463387,0.010537207690106574,3840.0,18.84425462761486,7.026719833500509,-0.2942383339949467,-12.83445967226672,-6.420816237205905,-5.132126170630413,-0.16346672235106233,0.0068946252453796625,38|5|5|6|5|19|5|5|43|5,96,34
307,0.004215858215507892,-29.76506446274722,-29.76506446274722,5.325463275177521,5.325463275177521,4.745651114270235,0,0.0,0,8,9251,62.5,5.325463275177521,-0.32129263128463387,0.010537207690106574,3840.0,18.84425462761486,7.026719833500509,-0.2942383339949467,-12.83445967226672,-6.420816237205905,-5.132126170630413,-0.16346672235106233,0.0068946252453796625,38|5|5|6|5|19|5|5|43|5,96,34
308,0.004173699633352813,-29.779341315145068,-29.779341315145068,5.330691474346092,5.330691474346092,4.745651114270235,2,0.06666666666666667,2,4,9281,62.5,5.330691474346092,-0.3213462196274108,0.010531855855140892,3794.0,18.7119837732436,7.026862365994783,-0.2928446793680301,-12.838998049204852,-6.422084944458551,-5.177248075035803,-0.16640658844156883,0.0069400731726163975,38|5|5|6|5|20|5|5|42|5,95,35
309,0.004131962637019285,-29.779341315145068,-29.779341315145068,5.330691474346092,5.330691474346092,4.745651114270235,0,0.0,0,7,9311,62.5,5.330691474346092,-0.3213462196274108,0.010531855855140892,3794.0,18.7119837732436,7.026862365994783,-0.2928446793680301,-12.838998049204852,-6.422084944458551,-5.177248075035803,-0.16640658844156883,0.0069400731726163975,38|5|5|6|5|20|5|5|42|5,95,35
310,0.0040906430106490916,-29.771816838706364,-29.779341315145068,5.328213872354072,5.330691474346092,4.745651114270235,1,0.03333333333333333,0,9,9341,62.5,5.328213872354072,-0.32132030825619173,0.010532464318109457,3832.0,18.7119837732436,7.026840328277017,-0.2935051212082325,-12.836803624755762,-6.421940702084462,-5.13997345835309,-0.16640658844156883,0.006933046223438213,39|5|5|6|5|19|5|5|42|5,95,35
311,0.004049736580542601,-29.776389222690195,-29.779341315145068,5.328213872354072,5.330691474346092,4.745651114270235,2,0.06666666666666667,0,8,9371,62.5,5.328213872354072,-0.3213335672147055,0.010516372599906478,3828.0,18.70956555734913,7.026840328277017,-0.2935051212082325,-12.837926521050449,-6.425755408577202,-5.143897102214428,-0.16646033596547702,0.006933046223438213,40|5|5|6|5|19|5|5|41|5,95,34
312,0.004009239214737175,-29.776389222690195,-29.779341315145068,5.328213872354072,5.330691474346092,4.745651114270235,0,0.0,0,11,9401,62.5,5.328213872354072,-0.3213335672147055,0.010516372599906478,3828.0,18.70956555734913,7.026840328277017,-0.2935051212082325,-12.837926521050449,-6.425755408577202,-5.143897102214428,-0.16646033596547702,0.006933046223438213,40|5|5|6|5|19|5|5|41|5,95,34
313,0.0039691468225898025,-29.776389222690195,-29.779341315145068,5.328213872354072,5.330691474346092,4.745651114270235,0,0.0,0,3,9431,62.5,5.328213872354072,-0.3213335672147055,0.010516372599906478,3828.0,18.70956555734913,7.026840328277017,-0.2935051212082325,-12.837926521050449,-6.425755408577202,-5.143897102214428,-0.16646033596547702,0.006933046223438213,40|5|5|6|5|19|5|5|41|5,95,34
314,0.003929455354363905,-29.869928514975168,-29.877537719030478,5.328213872354072,5.328213872354072,4.745651114270235,3,0.1,2,5,9461,62.5,5.328213872354072,-0.3216423063335845,0.010522320157728169,3747.0,15.649661693109056,7.026840328277017,-0.2935051212082325,-12.864073522887265,-6.424345479124538,-5.223350890406527,-0.23447008500240316,0.006933046223438213,40|5|5|6|5|19|5|5|40|5,95,34
315,0.0038901608008202657,-29.878552481468446,-29.878552481468446,5.328213872354072,5.328213872354072,4.745651114270235,1,0.03333333333333333,1,9,9491,62.5,5.328213872354072,-0.3216982897590971,0.010519563623056026,3749.0,15.738657479457881,7.026840328277017,-0.2935051212082325,-12.868814738496821,-6.424998943880672,-5.221389068475858,-0.2324920551807275,0.006933046223438213,39|5|5|6|5|19|5|5|41|5,95,34
316,0.003851259192812063,-29.91832773724148,-29.91832773724148,5.328213872354072,5.328213872354072,4.745651114270235,3,0.1,3,7,9521,62.5,5.328213872354072,-0.32182913880153874,0.010521076335553584,3591.0,15.532319004827631,7.026840328277017,-0.2935051212082325,-12.879896295526231,-6.424640339901079,-5.3763730009987185,-0.23707815608417876,0.006933046223438213,38|5|5|6|5|19|5|5|40|5,95,32
317,0.003812746600883942,-29.924577222495532,-29.93174747586104,5.323539096580076,5.325413157011672,4.745651114270235,3,0.1,1,6,9551,62.5,5.323539096580076,-0.3218996089603176,0.010515835264066848,3668.0,15.532319004827631,7.026846850692928,-0.29475125255808476,-12.885864387220353,-6.425882789537418,-5.300842856667957,-0.23707815608417876,0.006935125961712755,39|5|5|6|5|19|5|5|40|5,95,33
318,0.0037746191348751027,-29.93988442338387,-29.93988442338387,5.323539096580076,5.323539096580076,4.745651114270235,3,0.1,2,8,9581,62.5,5.323539096580076,-0.3219499086275744,0.010522293825067261,3591.0,15.532319004827631,7.026846850692928,-0.29475125255808476,-12.890124247444511,-6.424351721551311,-5.3763730009987185,-0.23707815608417876,0.006935125961712755,38|5|5|6|5|19|5|5|40|5,94,33
319,0.0037368729435263517,-29.939585071979533,-29.93988442338387,5.325413157011672,5.323539096580076,4.745651114270235,1,0.03333333333333333,0,11,9611,62.5,5.325413157011672,-0.32197533903399406,0.01052386733087842,3631.0,15.532319004827631,7.026828186293284,-0.29425169374109933,-12.892277939162556,-6.423978705894531,-5.337136562385336,-0.23707815608417876,0.006929174629132483,39|5|5|6|5|18|5|5|40|5,94,33
320,0.0036995042140910883,-29.945524315630884,-29.945524315630884,5.325413157011672,5.325413157011672,4.745651114270235,1,0.03333333333333333,1,9,9641,62.5,5.325413157011672,-0.3219666204615482,0.010525023369786363,3554.0,15.532319004827631,7.026828186293284,-0.29425169374109933,-12.891539566485381,-6.423704655039778,-5.412666706716097,-0.23707815608417876,0.006929174629132483,38|5|5|6|5|18|5|5|40|5,93,33
321,0.0036625091719501776,-29.945524315630884,-29.945524315630884,5.325413157011672,5.325413157011672,4.745651114270235,2,0.06666666666666667,0,7,9671,62.5,5.325413157011672,-0.3219666204615482,0.010525023369786363,3554.0,15.532319004827631,7.026828186293284,-0.29425169374109933,-12.891539566485381,-6.423704655039778,-5.412666706716097,-0.23707815608417876,0.006929174629132483,38|5|5|6|5|18|5|5|40|5,93,33
322,0.0036258840802306756,-29.954653938702048,-29.954653938702048,5.325413157011672,5.325413157011672,4.745651114270235,1,0.03333333333333333,1,4,9701,62.5,5.325413157011672,-0.32197345184985515,0.01052965028959792,3475.0,15.46287271703418,7.026828186293284,-0.29425169374109933,-12.892118114235526,-6.4226077963436525,-5.490158672977527,-0.23862167666976805,0.006929174629132483,38|5|5|6|5|18|5|5|39|5,92,33
323,0.003589625239428369,-29.98801964047338,-29.98801964047338,5.325413157011672,5.325413157011672,4.745651114270235,2,0.06666666666666667,2,10,9731,62.5,5.325413157011672,-0.3220522532925972,0.010528349761117883,3323.0,15.017057053493879,7.026828186293284,-0.29425169374109933,-12.898791779288405,-6.422916099930268,-5.639257139708381,-0.24853042306812476,0.006929174629132483,37|5|5|6|5|18|5|5|38|5,91,33
324,0.0035537289870340855,-29.98801964047338,-29.98801964047338,5.325413157011672,5.325413157011672,4.745651114270235,0,0.0,0,12,9761,62.5,5.325413157011672,-0.3220522532925972,0.010528349761117883,3323.0,15.017057053493879,7.026828186293284,-0.29425169374109933,-12.898791779288405,-6.422916099930268,-5.639257139708381,-0.24853042306812476,0.006929174629132483,37|5|5|6|5|18|5|5|38|5,91,33
325,0.0035181916971637446,-30.00189705397282,-30.011400836298282,5.321348004371815,5.325413157011672,4.745651114270235,2,0.06666666666666667,1,4,9791,62.5,5.321348004371815,-0.3221048441971005,0.01052715630486969,3288.0,14.990398885392178,7.026733629096024,-0.29533532093336773,-12.903245683547903,-6.4231990209484815,-5.67358902349509,-0.2491229303503204,0.006899024110525047,37|5|5|6|5|17|5|5|38|5,90,33
326,0.003483009780192107,-30.020642809879863,-30.020642809879863,5.326001124479461,5.326001124479461,4.745651114270235,1,0.03333333333333333,1,3,9821,62.5,5.326001124479461,-0.32220160078450305,0.010528196446904137,3250.0,14.990398885392178,7.02677514026386,-0.29409496222503806,-12.911439963164053,-6.422952444633751,-5.710863640177803,-0.2491229303503204,0.006912260366193722,36|5|5|6|5|18|5|5|38|5,90,33
327,0.003448179682390186,-30.131392994493776,-30.131392994493776,5.325963445359851,5.325963445359851,4.745651114270235,4,0.13333333333333333,4,4,9851,62.5,5.325963445359851,-0.32250601870653933,0.01048509265726452,2960.0,12.684773026417732,7.02677514026386,-0.2941050061575069,-12.937221004437813,-6.433170639119003,-5.9953278201248255,-0.30036801614351144,0.006912260366193722,35|5|5|6|5|18|5|5|35|5,88,31
328,0.003413697885566284,-30.143971016254216,-30.143971016254216,5.326050320436065,5.326050320436065,4.745651114270235,1,0.03333333333333333,1,1,9881,62.5,5.326050320436065,-0.3225321690792076,0.010488223104218746,2891.0,12.525085551621615,7.02677514026386,-0.29408184830754264,-12.93943566983128,-6.432428534629549,-6.06301067673291,-0.30391724695829114,0.006912260366193722,35|5|5|6|5|18|5|5|34|5,87,31
329,0.0033795609067106213,-30.15660403769123,-30.15660403769123,5.326050320436065,5.326050320436065,4.745651114270235,1,0.03333333333333333,1,7,9911,62.5,5.326050320436065,-0.3225794388043332,0.010505586628073318,2824.0,12.514961655341791,7.02677514026386,-0.29408184830754264,-12.94343892537652,-6.428312333590643,-6.1287317114103255,-0.3041422617547732,0.006912260366193722,35|5|5|6|5|18|5|5|33|5,86,31
330,0.003345765297643515,-30.149864792103788,-30.15660403769123,5.329063055179114,5.326050320436065,4.745651114270235,2,0.06666666666666667,0,9,9941,62.5,5.329063055179114,-0.32260370382448833,0.010500884115978623,2932.0,12.514961655341791,7.026835970522053,-0.2932787588346772,-12.945493920962665,-6.429427112211145,-6.022793327154193,-0.3041422617547732,0.006931656709197773,36|5|5|6|5|19|5|5|33|5,87,32
331,0.0033123076446670797,-30.149864792103788,-30.15660403769123,5.329063055179114,5.326050320436065,4.745651114270235,0,0.0,0,8,9971,62.5,5.329063055179114,-0.32260370382448833,0.010500884115978623,2932.0,12.514961655341791,7.026835970522053,-0.2932787588346772,-12.945493920962665,-6.429427112211145,-6.022793327154193,-0.3041422617547732,0.006931656709197773,36|5|5|6|5|19|5|5|33|5,87,32
332,0.0032791845682204088,-30.144154592137106,-30.15660403769123,5.329063055179114,5.326050320436065,4.745651114270235,1,0.03333333333333333,0,6,10001,62.5,5.329063055179114,-0.32261145836540345,0.01049972836183882,3005.0,12.514961655341791,7.026835970522053,-0.2932787588346772,-12.946150650165906,-6.4297010955586975,-5.95118682668477,-0.3041422617547732,0.006931656709197773,37|5|5|6|5|19|5|5|33|5,88,32
333,0.0032463927225382045,-30.144154592137106,-30.15660403769123,5.329063055179114,5.326050320436065,4.745651114270235,0,0.0,0,9,10031,62.5,5.329063055179114,-0.32261145836540345,0.01049972836183882,3005.0,12.514961655341791,7.026835970522053,-0.2932787588346772,-12.946150650165906,-6.4297010955586975,-5.95118682668477,-0.3041422617547732,0.006931656709197773,37|5|5|6|5|19|5|5|33|5,88,32
334,0.0032139287953128226,-30.14877361007136,-30.15660403769123,5.329063055179114,5.326050320436065,4.745651114270235,2,0.06666666666666667,0,10,10061,62.5,5.329063055179114,-0.32263351082265307,0.010497237497420379,2999.0,12.514961655341791,7.026835970522053,-0.2932787588346772,-12.94801826461757,-6.430291580462156,-5.957072292476777,-0.3041422617547732,0.006931656709197773,36|5|5|6|5|19|5|5|34|5,89,31
335,0.003181789507359694,-30.14877361007136,-30.15660403769123,5.329063055179114,5.326050320436065,4.745651114270235,0,0.0,0,12,10091,62.5,5.329063055179114,-0.32263351082265307,0.010497237497420379,2999.0,12.514961655341791,7.026835970522053,-0.2932787588346772,-12.94801826461757,-6.430291580462156,-5.957072292476777,-0.3041422617547732,0.006931656709197773,36|5|5|6|5|19|5|5|34|5,89,31
336,0.0031499716122860974,-30.14877361007136,-30.15660403769123,5.329063055179114,5.326050320436065,4.745651114270235,0,0.0,0,9,10121,62.5,5.329063055179114,-0.32263351082265307,0.010497237497420379,2999.0,12.514961655341791,7.026835970522053,-0.2932787588346772,-12.94801826461757,-6.430291580462156,-5.957072292476777,-0.3041422617547732,0.006931656709197773,36|5|5|6|5|19|5|5|34|5,89,31
337,0.0031184718961632363,-30.15716261929897,-30.15716261929897,5.325740319343999,5.325740319343999,4.745651114270235,2,0.06666666666666667,1,11,10151,62.5,5.325740319343999,-0.3226707747434922,0.010496848377834477,2994.0,12.452857427659723,7.027056734973931,-0.2941644837317828,-12.951174132296941,-6.430383825242488,-5.9619768473034505,-0.3055225969307081,0.007002049687279711,37|5|5|5|5|19|5|5|33|5,88,31
338,0.003087287177201604,-30.16437170840297,-30.16437170840297,5.325740319343999,5.325740319343999,4.745651114270235,1,0.03333333333333333,1,5,10181,62.5,5.325740319343999,-0.3226765794764345,0.01049851027953528,2929.0,12.448632498814948,7.027056734973931,-0.2941644837317828,-12.951665732983814,-6.429989854435369,-6.025736060050197,-0.30561650064898827,0.007002049687279711,37|5|5|5|5|19|5|5|32|5,87,31
339,0.003056414305429588,-30.16437170840297,-30.16437170840297,5.325740319343999,5.325740319343999,4.745651114270235,0,0.0,0,7,10211,62.5,5.325740319343999,-0.3226765794764345,0.01049851027953528,2929.0,12.448632498814948,7.027056734973931,-0.2941644837317828,-12.951665732983814,-6.429989854435369,-6.025736060050197,-0.30561650064898827,0.007002049687279711,37|5|5|5|5|19|5|5|32|5,87,31
340,0.003025850162375292,-30.2018299110913,-30.2018299110913,5.325740319343999,5.325740319343999,4.745651114270235,3,0.1,3,6,10241,62.5,5.325740319343999,-0.3227774302160006,0.010498766640550479,2722.0,12.439480332755856,7.027056734973931,-0.2941644837317828,-12.960206744833082,-6.429929081432957,-6.2287846298744505,-0.3058199176661362,0.007002049687279711,35|5|5|5|5|19|5|5|31|5,85,30
341,0.002995591660751539,-30.2018299110913,-30.2018299110913,5.325740319343999,5.325740319343999,4.745651114270235,0,0.0,0,8,10271,62.5,5.325740319343999,-0.3227774302160006,0.010498766640550479,2722.0,12.439480332755856,7.027056734973931,-0.2941644837317828,-12.960206744833082,-6.429929081432957,-6.2287846298744505,-0.3058199176661362,0.007002049687279711,35|5|5|5|5|19|5|5|31|5,85,30
342,0.0029656357441440236,-30.20669753459107,-30.21184804618291,5.325740319343999,5.325740319343999,4.745651114270235,2,0.06666666666666667,1,8,10301,62.5,5.325740319343999,-0.32280666938339103,0.01049955115845159,2732.0,12.350484546407031,7.027056734973931,-0.2941644837317828,-12.96268299910964,-6.429743103435252,-6.218975520221105,-0.30779794748781186,0.007002049687279711,36|5|5|5|5|19|5|5|30|5,85,30
343,0.002935979386702583,-30.213052276376366,-30.213052276376366,5.3264292113891525,5.3264292113891525,4.745651114270235,3,0.1,1,9,10331,62.5,5.3264292113891525,-0.3227555265551631,0.010509031825602125,2566.0,12.350484546407031,7.026796224177379,-0.29398084926124735,-12.958351731894552,-6.427495614256131,-6.381806740466642,-0.30779794748781186,0.006918983185241842,34|5|5|6|5|18|5|5|30|5,84,29
344,0.002906619592835557,-30.213052276376366,-30.213052276376366,5.3264292113891525,5.3264292113891525,4.745651114270235,0,0.0,0,6,10361,62.5,5.3264292113891525,-0.3227555265551631,0.010509031825602125,2566.0,12.350484546407031,7.026796224177379,-0.29398084926124735,-12.958351731894552,-6.427495614256131,-6.381806740466642,-0.30779794748781186,0.006918983185241842,34|5|5|6|5|18|5|5|30|5,84,29
345,0.0028775533969072017,-30.220459716681546,-30.220459716681546,5.3264292113891525,5.3264292113891525,4.745651114270235,1,0.03333333333333333,1,5,10391,62.5,5.3264292113891525,-0.32276289053716767,0.01051250747380779,2499.0,12.350484546407031,7.026796224177379,-0.29398084926124735,-12.958975384808051,-6.426671676277017,-6.447527775144057,-0.30779794748781186,0.006918983185241842,33|5|5|6|5|18|5|5|30|5,84,28
346,0.0028487778629381296,-30.22597889013513,-30.22597889013513,5.323677194038811,5.323677194038811,4.745651114270235,2,0.06666666666666667,2,6,10421,62.5,5.323677194038811,-0.3227369670753298,0.01051789753214679,2399.0,12.350484546407031,7.026757000140084,-0.29471444061651064,-12.956779936408921,-6.4253939077825235,-6.5456188716775126,-0.30779794748781186,0.006906476204276004,32|5|5|6|5|17|5|5|30|5,84,27
347,0.0028202900843087484,-30.225443188944173,-30.22597889013513,5.314051998958031,5.323677194038811,4.745651114270235,1,0.03333333333333333,0,8,10451,62.5,5.314051998958031,-0.3227038791117815,0.010524253026933826,2366.0,12.350484546407031,7.0266360357243896,-0.29728018021953523,-12.953977729008656,-6.423887272697142,-6.577988933533553,-0.30779794748781186,0.006867905477013166,32|5|5|6|5|16|5|5|30|5,83,27
348,0.002792087183465661,-30.23224768825022,-30.23224768825022,5.314051998958031,5.314051998958031,4.745643127848793,1,0.03333333333333333,1,4,10481,62.5,5.314051998958031,-0.32271047124709523,0.010525908234421288,2307.0,12.341778969186944,7.0266360357243896,-0.29728018021953523,-12.95453601451126,-6.42349488882181,-6.635862680488293,-0.3079914385738812,0.006867905477013166,32|5|5|6|5|16|5|5|29|5,82,27
349,0.002764166311631004,-30.310444905643898,-30.310444905643898,5.318770822278203,5.318770822278203,4.745643127848793,4,0.13333333333333333,3,4,10511,62.5,5.318770822278203,-0.3230873447283275,0.010526882157624345,2220.0,11.693181952678366,7.026672670288057,-0.2960223073379334,-12.986453290306462,-6.423264010358785,-6.721201934472399,-0.3224072249109472,0.006879586778125405,31|5|5|6|5|17|5|5|28|5,81,27
350,0.002736524648514694,-30.315903933055065,-30.315903933055065,5.315668167596894,5.315668167596894,4.745643127848793,2,0.06666666666666667,1,4,10541,62.5,5.315668167596894,-0.32310929628682244,0.010527238855199173,2217.0,11.632570826600373,7.026746300485803,-0.29684936631424846,-12.988312359679894,-6.423179451548005,-6.724144667368402,-0.32375437425167775,0.006903064511302204,32|5|5|5|5|17|5|5|27|5,80,27
351,0.002709159402029547,-30.340165160743634,-30.340165160743634,5.319858854168828,5.319858854168828,4.745643127848793,2,0.06666666666666667,2,5,10571,62.5,5.319858854168828,-0.3232410290418469,0.010530828053023408,2199.0,11.476854010503633,7.026778789845233,-0.29573227617620595,-12.999468758001232,-6.422328595469672,-6.741801064744425,-0.3272153527834979,0.006913424072122919,32|5|5|5|5|18|5|5|26|5,79,28
352,0.0026820678080092513,-30.340165160743634,-30.340165160743634,5.319858854168828,5.319858854168828,4.741747014607538,0,0.0,0,4,10601,62.5,5.319858854168828,-0.3232410290418469,0.010530828053023408,2199.0,11.476854010503633,7.026778789845233,-0.29573227617620595,-12.999468758001232,-6.422328595469672,-6.741801064744425,-0.3272153527834979,0.006913424072122919,32|5|5|5|5|18|5|5|26|5,79,28
353,0.002655247129929159,-30.34374871276791,-30.34374871276791,5.322466462199816,5.322466462199816,4.741747014607538,1,0.03333333333333333,1,8,10631,62.5,5.322466462199816,-0.32325063670761267,0.010529942953773443,2173.0,11.476854010503633,7.026803690006482,-0.29503717928329937,-13.000282427662977,-6.422538417305536,-6.767304749843123,-0.3272153527834979,0.006921363740353719,31|5|5|5|5|19|5|5|26|5,79,28
354,0.0026286946586298672,-30.336945145356907,-30.34374871276791,5.322466462199816,5.322466462199816,4.741747014607538,1,0.03333333333333333,0,4,10661,62.5,5.322466462199816,-0.3232458719157467,0.010528397113796857,2236.0,11.476854010503633,7.026803690006482,-0.29503717928329937,-12.999878899201397,-6.422904874493081,-6.705507359027046,-0.3272153527834979,0.006921363740353719,32|5|5|5|5|19|5|5|26|5,79,29
355,0.0026024077120435684,-30.367534287579847,-30.367534287579847,5.322466462199816,5.322466462199816,4.741747014607538,1,0.03333333333333333,1,4,10691,62.5,5.322466462199816,-0.32338812359863683,0.010525740250869425,2173.0,11.476854010503633,7.026803690006482,-0.29503717928329937,-13.011926141634826,-6.423534711042028,-6.767304749843123,-0.3272153527834979,0.006921363740353719,31|5|5|5|5|19|5|5|26|5,79,28
356,0.0025763836349231325,-30.364479633289488,-30.367534287579847,5.322466462199816,5.322466462199816,4.741747014607538,1,0.03333333333333333,0,4,10721,62.5,5.322466462199816,-0.32340276793816736,0.010520301655141806,2236.0,11.476854010503633,7.026803690006482,-0.29503717928329937,-13.013166365335643,-6.424823985821255,-6.705507359027046,-0.3272153527834979,0.006921363740353719,32|5|5|5|5|19|5|5|26|5,80,28
357,0.002550619798573901,-30.374342398949732,-30.374342398949732,5.325208400601823,5.325208400601823,4.741747014607538,3,0.1,2,6,10751,62.5,5.325208400601823,-0.3234870194856237,0.010519014928549364,2275.0,11.476854010503633,7.026827258839705,-0.29430627462235054,-13.020301597741872,-6.4251290175291595,-6.667251831378998,-0.3272153527834979,0.006928878901179494,32|5|5|5|5|20|5|5|26|5,79,29
358,0.002525113600588162,-30.37909696042258,-30.37909696042258,5.325208400601823,5.325208400601823,4.741747014607538,1,0.03333333333333333,1,6,10781,62.5,5.325208400601823,-0.32347982796846503,0.010520762026709197,2212.0,11.476854010503633,7.026827258839705,-0.29430627462235054,-13.019692550812412,-6.424714850029474,-6.7290492221950755,-0.3272153527834979,0.006928878901179494,31|5|5|5|5|20|5|5|26|5,79,28
359,0.0024998624645822805,-30.385331522002026,-30.385331522002026,5.320863060055322,5.320863060055322,4.741747014607538,2,0.06666666666666667,2,7,10811,62.5,5.320863060055322,-0.3234561367894077,0.010526939653902001,2112.0,11.476854010503633,7.0267509512266315,-0.2954645900887092,-13.017686153616692,-6.423250380277714,-6.8271403187285316,-0.3272153527834979,0.006904547447048647,30|5|5|5|5|19|5|5|26|5,78,28
360,0.0024748638399364575,-30.385331522002026,-30.385331522002026,5.320863060055322,5.320863060055322,4.741747014607538,0,0.0,0,4,10841,62.5,5.320863060055322,-0.3234561367894077,0.010526939653902001,2112.0,11.476854010503633,7.0267509512266315,-0.2954645900887092,-13.017686153616692,-6.423250380277714,-6.8271403187285316,-0.3272153527834979,0.006904547447048647,30|5|5|5|5|19|5|5|26|5,78,28
361,0.002450115201537093,-30.39031449295872,-30.39031449295872,5.320863060055322,5.320863060055322,4.741747014607538,1,0.03333333333333333,1,5,10871,62.5,5.320863060055322,-0.3234851754451655,0.01052453890162487,2106.0,11.549622771341198,7.0267509512266315,-0.2954645900887092,-13.020145426637207,-6.423819503175809,-6.833025784520538,-0.3255979865583273,0.006904547447048647,29|5|5|5|5|19|5|5|27|5,78,28
362,0.002425614049521722,-30.421815573321513,-30.421815573321513,5.330129247064892,5.330129247064892,4.741747014607538,1,0.03333333333333333,1,7,10901,62.5,5.330129247064892,-0.3237058012126049,0.010520820526966597,2145.0,11.549622771341198,7.026835596362087,-0.2929945494526537,-13.038830141316168,-6.42470098194473,-6.794770256872491,-0.3255979865583273,0.006931537404508679,29|5|5|5|5|20|5|5|27|5,79,28
363,0.002401357909026505,-30.424389165037784,-30.424389165037784,5.330129247064892,5.330129247064892,4.741747014607538,1,0.03333333333333333,1,4,10931,62.5,5.330129247064892,-0.32369196065585387,0.010526500918858877,2088.0,11.549622771341198,7.026835596362087,-0.2929945494526537,-13.037657989681788,-6.423354386909975,-6.850682181896561,-0.3255979865583273,0.006931537404508679,28|5|5|5|5|20|5|5|27|5,78,28
364,0.0023773443299362398,-30.434788175270963,-30.434788175270963,5.330129247064892,5.330129247064892,4.741747014607538,1,0.03333333333333333,1,5,10961,62.5,5.330129247064892,-0.32371884851073246,0.010529331745491729,2035.0,11.461305426759242,7.026835596362087,-0.2929945494526537,-13.039935112171,-6.422683310484206,-6.902670463059293,-0.32756093726106716,0.006931537404508679,28|5|5|5|5|20|5|5|26|5,77,28
365,0.0023535708866368773,-30.44115788229242,-30.44115788229242,5.330129247064892,5.330129247064892,4.741747014607538,1,0.03333333333333333,1,4,10991,62.5,5.330129247064892,-0.3237261439366458,0.010530186840052635,1984.0,11.440364133207794,7.026835596362087,-0.2929945494526537,-13.040552959094475,-6.422480601566969,-6.952696922291355,-0.3280263806809036,0.006931537404508679,28|5|5|5|5|20|5|5|25|5,77,27
366,0.0023300351777705086,-30.44115788229242,-30.44115788229242,5.330129247064892,5.330129247064892,4.741747014607538,0,0.0,0,4,11021,62.5,5.330129247064892,-0.3237261439366458,0.010530186840052635,1984.0,11.440364133207794,7.026835596362087,-0.2929945494526537,-13.040552959094475,-6.422480601566969,-6.952696922291355,-0.3280263806809036,0.006931537404508679,28|5|5|5|5|20|5|5|25|5,77,27
367,0.0023067348259928036,-30.44115788229242,-30.44115788229242,5.330129247064892,5.330129247064892,4.741747014607538,0,0.0,0,5,11051,62.5,5.330129247064892,-0.3237261439366458,0.010530186840052635,1984.0,11.440364133207794,7.026835596362087,-0.2929945494526537,-13.040552959094475,-6.422480601566969,-6.952696922291355,-0.3280263806809036,0.006931537404508679,28|5|5|5|5|20|5|5|25|5,77,27
368,0.0022836674777328755,-30.482620199660435,-30.482620199660435,5.330129247064892,5.330129247064892,4.741747014607538,2,0.06666666666666667,1,6,11081,62.5,5.330129247064892,-0.32396528051985446,0.010522108389244356,1984.0,11.440364133207794,7.026835596362087,-0.2929945494526537,-13.060805347917475,-6.4243956810109974,-6.952696922291355,-0.3280263806809036,0.006931537404508679,28|5|5|5|5|20|5|5|25|5,77,27
369,0.002260830802955547,-30.486689665850875,-30.486689665850875,5.330129247064892,5.330129247064892,4.741747014607538,1,0.03333333333333333,1,7,11111,62.5,5.330129247064892,-0.3240187899626409,0.010522034802381964,2035.0,11.440364133207794,7.026835596362087,-0.2929945494526537,-13.065337042844583,-6.424413125529861,-6.902670463059293,-0.3280263806809036,0.006931537404508679,28|5|5|5|5|20|5|5|26|5,77,28
370,0.0022382224949259915,-30.486689665850875,-30.486689665850875,5.330129247064892,5.330129247064892,4.741747014607538,0,0.0,0,4,11141,62.5,5.330129247064892,-0.3240187899626409,0.010522034802381964,2035.0,11.440364133207794,7.026835596362087,-0.2929945494526537,-13.065337042844583,-6.424413125529861,-6.902670463059293,-0.3280263806809036,0.006931537404508679,28|5|5|5|5|20|5|5|26|5,77,28
371,0.0022158402699767317,-30.499338598987297,-30.499338598987297,5.330129247064892,5.330129247064892,4.741747014607538,1,0.03333333333333333,1,10,11171,62.5,5.330129247064892,-0.324056778910355,0.01052492428479397,1984.0,11.300507156395268,7.026835596362087,-0.2929945494526537,-13.068554312781954,-6.423728144151322,-6.952696922291355,-0.3311348567363908,0.006931537404508679,28|5|5|5|5|20|5|5|25|5,76,28
372,0.0021936818672769645,-30.51562842683725,-30.51562842683725,5.330129247064892,5.330129247064892,4.741747014607538,2,0.06666666666666667,2,4,11201,62.5,5.330129247064892,-0.3240940080985723,0.01053576625612442,1888.0,11.133826559680788,7.026835596362087,-0.2929945494526537,-13.071707238968424,-6.421157943883913,-7.046864374963473,-0.33483951742339974,0.006931537404508679,28|5|5|5|5|20|5|5|23|5,74,28
373,0.002171745048604195,-30.51562842683725,-30.51562842683725,5.330129247064892,5.330129247064892,4.741747014607538,0,0.0,0,5,11231,62.5,5.330129247064892,-0.3240940080985723,0.01053576625612442,1888.0,11.133826559680788,7.026835596362087,-0.2929945494526537,-13.071707238968424,-6.421157943883913,-7.046864374963473,-0.33483951742339974,0.006931537404508679,28|5|5|5|5|20|5|5|23|5,74,28
374,0.002150027598118153,-30.51562842683725,-30.51562842683725,5.330129247064892,5.330129247064892,4.741747014607538,0,0.0,0,10,11261,62.5,5.330129247064892,-0.3240940080985723,0.01053576625612442,1888.0,11.133826559680788,7.026835596362087,-0.2929945494526537,-13.071707238968424,-6.421157943883913,-7.046864374963473,-0.33483951742339974,0.006931537404508679,28|5|5|5|5|20|5|5|23|5,74,28
375,0.0021285273221369715,-30.527727918177554,-30.533641287674982,5.330129247064892,5.330129247064892,4.741747014607538,2,0.06666666666666667,1,6,11291,62.5,5.330129247064892,-0.3241354552098765,0.010536977527877148,1843.0,11.061057798843223,7.026835596362087,-0.2929945494526537,-13.075217379501755,-6.420870799518015,-7.091005368403528,-0.33645688364857035,0.006931537404508679,28|5|5|5|5|20|5|5|22|5,74,27
376,0.0021072420489156017,-30.52274839756358,-30.533641287674982,5.323322739401557,5.330129247064892,4.741747014607538,3,0.1,0,5,11321,62.5,5.323322739401557,-0.32412969726079127,0.010534030715720464,1906.0,11.061057798843223,7.026761373904128,-0.29480892579760515,-13.074729740922443,-6.421569371499279,-7.0292079775874505,-0.33645688364857035,0.00690787082317331,29|5|5|5|5|19|5|5|23|5,75,27
377,0.0020861696284264456,-30.52274839756358,-30.533641287674982,5.323322739401557,5.330129247064892,4.741747014607538,0,0.0,0,7,11351,62.5,5.323322739401557,-0.32412969726079127,0.010534030715720464,1906.0,11.061057798843223,7.026761373904128,-0.29480892579760515,-13.074729740922443,-6.421569371499279,-7.0292079775874505,-0.33645688364857035,0.00690787082317331,29|5|5|5|5|19|5|5|23|5,75,27
378,0.002065307932142181,-30.52531352766666,-30.533641287674982,5.31918447930772,5.330129247064892,4.741747014607538,1,0.03333333333333333,0,3,11381,62.5,5.31918447930772,-0.324119301053862,0.010537529829980167,1869.0,11.061057798843223,7.026709334024224,-0.29591204087436623,-13.073849290001085,-6.4207398706518894,-7.065501683304829,-0.33645688364857035,0.006891277381184282,29|5|5|5|5|18|5|5|23|5,75,26
379,0.0020446548528207592,-30.52531352766666,-30.533641287674982,5.31918447930772,5.330129247064892,4.741747014607538,0,0.0,0,5,11411,62.5,5.31918447930772,-0.324119301053862,0.010537529829980167,1869.0,11.061057798843223,7.026709334024224,-0.29591204087436623,-13.073849290001085,-6.4207398706518894,-7.065501683304829,-0.33645688364857035,0.006891277381184282,29|5|5|5|5|18|5|5|23|5,75,26
380,0.0020242083042925517,-30.531589498665312,-30.533641287674982,5.327351529397876,5.330129247064892,4.741747014607538,1,0.03333333333333333,0,9,11441,62.5,5.327351529397876,-0.3241552403466952,0.010533992040032105,1849.0,11.061057798843223,7.0268066003334955,-0.29373499161143307,-13.07689297542435,-6.421578539967036,-7.08511990261152,-0.33645688364857035,0.006922291727554134,28|5|5|5|5|19|5|5|23|5,75,26
381,0.002003966221249626,-30.533118183018544,-30.533641287674982,5.31619919543465,5.330129247064892,4.741747014607538,1,0.03333333333333333,0,4,11471,62.5,5.31619919543465,-0.3241309004094107,0.010542184141161995,1812.0,11.061057798843223,7.0266800007824015,-0.29670781290756904,-13.074831635134219,-6.419636518551101,-7.121413608328899,-0.33645688364857035,0.006881924180380885,28|5|5|5|5|18|5|5|23|5,74,26
382,0.00198392655903713,-30.52778579476956,-30.533641287674982,5.309863376757736,5.330129247064892,4.741747014607538,1,0.03333333333333333,0,1,11501,62.5,5.309863376757736,-0.3241041279103255,0.010545046020302762,1834.0,11.061057798843223,7.026613302671544,-0.2983967200684641,-13.072564282084501,-6.418958080810518,-7.0998335670915385,-0.33645688364857035,0.006860656813212994,29|5|5|5|5|17|5|5|23|5,74,26
383,0.001964087293446759,-30.52778579476956,-30.533641287674982,5.309863376757736,5.330129247064892,4.741747014607538,0,0.0,0,1,11531,62.5,5.309863376757736,-0.3241041279103255,0.010545046020302762,1834.0,11.061057798843223,7.026613302671544,-0.2983967200684641,-13.072564282084501,-6.418958080810518,-7.0998335670915385,-0.33645688364857035,0.006860656813212994,29|5|5|5|5|17|5|5|23|5,74,26
384,0.0019444464205122913,-30.52778579476956,-30.533641287674982,5.309863376757736,5.330129247064892,4.741747014607538,0,0.0,0,4,11561,62.5,5.309863376757736,-0.3241041279103255,0.010545046020302762,1834.0,11.061057798843223,7.026613302671544,-0.2983967200684641,-13.072564282084501,-6.418958080810518,-7.0998335670915385,-0.33645688364857035,0.006860656813212994,29|5|5|5|5|17|5|5|23|5,74,26
385,0.0019250019563071684,-30.52778579476956,-30.533641287674982,5.309863376757736,5.330129247064892,4.741747014607538,0,0.0,0,4,11591,62.5,5.309863376757736,-0.3241041279103255,0.010545046020302762,1834.0,11.061057798843223,7.026613302671544,-0.2983967200684641,-13.072564282084501,-6.418958080810518,-7.0998335670915385,-0.33645688364857035,0.006860656813212994,29|5|5|5|5|17|5|5|23|5,74,26
386,0.0019057519367440968,-30.53158604282149,-30.533641287674982,5.327703647004236,5.330129247064892,4.741747014607538,2,0.06666666666666667,0,7,11621,62.5,5.327703647004236,-0.32415575209168984,0.01053394510905065,1849.0,11.061057798843223,7.02681811232076,-0.29364112940085163,-13.076936314918754,-6.42158966543651,-7.08511990261152,-0.33645688364857035,0.006925962441114756,28|5|5|5|5|19|5|5|23|5,75,26
387,0.0018866944173766558,-30.5506444150107,-30.5506444150107,5.327703647004236,5.327703647004236,4.741747014607538,1,0.03333333333333333,1,3,11651,62.5,5.327703647004236,-0.32422951688998786,0.010538889477523287,1804.0,10.814851614995945,7.02681811232076,-0.29364112940085163,-13.083183428415722,-6.420417552286308,-7.1292608960515755,-0.3419290885013039,0.006925962441114756,28|5|5|5|5|19|5|5|22|5,74,26
388,0.0018678274732028893,-30.5506444150107,-30.5506444150107,5.327703647004236,5.327703647004236,4.741747014607538,0,0.0,0,5,11681,62.5,5.327703647004236,-0.32422951688998786,0.010538889477523287,1804.0,10.814851614995945,7.02681811232076,-0.29364112940085163,-13.083183428415722,-6.420417552286308,-7.1292608960515755,-0.3419290885013039,0.006925962441114756,28|5|5|5|5|19|5|5|22|5,74,26
389,0.0018491491984708604,-30.558041137084405,-30.55864886976427,5.322866615635356,5.319084537174917,4.741747014607538,4,0.13333333333333333,2,4,11711,62.5,5.322866615635356,-0.3242142517184782,0.010541761640493127,1712.0,10.814851614995945,7.026761664583561,-0.29493051240452584,-13.08189062668411,-6.419736676658792,-7.219504704862355,-0.3419290885013039,0.006907963509250307,27|5|5|5|5|18|5|5|22|5,74,26
390,0.0018306577064861518,-30.581978131692384,-30.581978131692384,5.324007101209341,5.324007101209341,4.741747014607538,1,0.03333333333333333,1,3,11741,62.5,5.324007101209341,-0.3243408457687922,0.010562011571279607,1659.0,10.814851614995945,7.026761664583561,-0.2946264989295476,-13.092611830003305,-6.414936223315382,-7.271492986025087,-0.3419290885013039,0.006907963509250307,26|5|5|5|5|18|5|5|22|5,74,26
391,0.0018123511294212903,-30.581978131692384,-30.581978131692384,5.324007101209341,5.324007101209341,4.741747014607538,0,0.0,0,7,11771,62.5,5.324007101209341,-0.3243408457687922,0.010562011571279607,1659.0,10.814851614995945,7.026761664583561,-0.2946264989295476,-13.092611830003305,-6.414936223315382,-7.271492986025087,-0.3419290885013039,0.006907963509250307,26|5|5|5|5|18|5|5|22|5,74,26
392,0.0017942276181270773,-30.581978131692384,-30.581978131692384,5.324007101209341,5.324007101209341,4.741747014607538,0,0.0,0,5,11801,62.5,5.324007101209341,-0.3243408457687922,0.010562011571279607,1659.0,10.814851614995945,7.026761664583561,-0.2946264989295476,-13.092611830003305,-6.414936223315382,-7.271492986025087,-0.3419290885013039,0.006907963509250307,26|5|5|5|5|18|5|5|22|5,74,26
393,0.0017762853419458066,-30.581978131692384,-30.581978131692384,5.324007101209341,5.324007101209341,4.741747014607538,0,0.0,0,2,11831,62.5,5.324007101209341,-0.3243408457687922,0.010562011571279607,1659.0,10.814851614995945,7.026761664583561,-0.2946264989295476,-13.092611830003305,-6.414936223315382,-7.271492986025087,-0.3419290885013039,0.006907963509250307,26|5|5|5|5|18|5|5|22|5,74,26
394,0.0017585224885263485,-30.583607610693626,-30.583607610693626,5.315463763156407,5.315463763156407,4.741747014607538,1,0.03333333333333333,1,4,11861,62.5,5.315463763156407,-0.3243211630166855,0.010568448625009238,1624.0,10.814851614995945,7.026662744017671,-0.29690385337280584,-13.090944905004116,-6.413410253847933,-7.305824869811796,-0.3419290885013039,0.006876421686428264,26|5|5|5|5|17|5|5|22|5,74,25
395,0.001740937263641085,-30.59030636493601,-30.59030636493601,5.315463763156407,5.315463763156407,4.741747014607538,1,0.03333333333333333,1,3,11891,62.5,5.315463763156407,-0.3243324266432263,0.010570234807464478,1573.0,10.814851614995945,7.026662744017671,-0.29690385337280584,-13.091898817371687,-6.412986821016008,-7.355851329043858,-0.3419290885013039,0.006876421686428264,25|5|5|5|5|17|5|5|22|5,74,24
396,0.0017235278910046742,-30.599130204362485,-30.599130204362485,5.321378098118621,5.321378098118621,4.741747014607538,2,0.06666666666666667,2,5,11921,62.5,5.321378098118621,-0.3243787535846946,0.010568462464573918,1549.0,10.814851614995945,7.026729805496417,-0.2953272989953878,-13.095822228917537,-6.413406973037483,-7.3793931922118885,-0.3419290885013039,0.006897804917121929,23|5|5|5|5|19|5|5|22|5,74,24
397,0.0017062926120946275,-30.602498894910468,-30.602498894910468,5.321378098118621,5.321378098118621,4.741747014607538,1,0.03333333333333333,1,4,11951,62.5,5.321378098118621,-0.32437465398224063,0.010569768790544585,1506.0,10.814851614995945,7.026729805496417,-0.2953272989953878,-13.095475035101337,-6.413097295096378,-7.421572363721274,-0.3419290885013039,0.006897804917121929,23|5|5|5|5|19|5|5|21|5,74,23
398,0.0016892296859736813,-30.602498894910468,-30.602498894910468,5.321378098118621,5.321378098118621,4.741747014607538,0,0.0,0,5,11981,62.5,5.321378098118621,-0.32437465398224063,0.010569768790544585,1506.0,10.814851614995945,7.026729805496417,-0.2953272989953878,-13.095475035101337,-6.413097295096378,-7.421572363721274,-0.3419290885013039,0.006897804917121929,23|5|5|5|5|19|5|5|21|5,74,23
399,0.0016723373891139445,-30.602498894910468,-30.602498894910468,5.321378098118621,5.321378098118621,4.741747014607538,0,0.0,0,8,12011,62.5,5.321378098118621,-0.32437465398224063,0.010569768790544585,1506.0,10.814851614995945,7.026729805496417,-0.2953272989953878,-13.095475035101337,-6.413097295096378,-7.421572363721274,-0.3419290885013039,0.006897804917121929,23|5|5|5|5|19|5|5|21|5,74,23
400,0.0016556140152228051,-30.602498894910468,-30.602498894910468,5.321378098118621,5.321378098118621,4.741747014607538,0,0.0,0,5,12041,62.5,5.321378098118621,-0.32437465398224063,0.010569768790544585,1506.0,10.814851614995945,7.026729805496417,-0.2953272989953878,-13.095475035101337,-6.413097295096378,-7.421572363721274,-0.3419290885013039,0.006897804917121929,23|5|5|5|5|19|5|5|21|5,74,23
401,0.0016390578750705772,-30.615091793391056,-30.615091793391056,5.32206400415626,5.32206400415626,4.741747014607538,2,0.06666666666666667,2,5,12071,62.5,5.32206400415626,-0.3244297593976623,0.010569927632255146,1461.0,10.900629063434344,7.026729805496417,-0.29514446048978293,-13.10014189236089,-6.413059640043205,-7.465713357161329,-0.3400225898006422,0.006897804917121929,21|5|5|5|5|19|5|5|22|5,74,22
402,0.0016226672963198714,-30.63322052886233,-30.63322052886233,5.304956651537606,5.304956651537606,4.741747014607538,1,0.03333333333333333,1,8,12101,62.5,5.304956651537606,-0.32450079981232605,0.01058776971933753,1424.0,10.900629063434344,7.026596855997495,-0.29970468100980513,-13.106158278815078,-6.4088299906932304,-7.502007062878708,-0.3400225898006422,0.0068554126248664155,21|5|5|5|5|18|5|5|22|5,74,21
403,0.0016064406233566727,-30.642774477174804,-30.642774477174804,5.304956651537606,5.304956651537606,4.741747014607538,1,0.03333333333333333,1,6,12131,62.5,5.304956651537606,-0.3245280252552532,0.010589698710774156,1381.0,10.814851614995945,7.026596855997495,-0.29970468100980513,-13.108463991511318,-6.408372703530672,-7.544186234388094,-0.3419290885013039,0.0068554126248664155,21|5|5|5|5|18|5|5|21|5,73,21
404,0.0015903762171231059,-30.658398603526106,-30.658398603526106,5.304956651537606,5.304956651537606,4.741747014607538,1,0.03333333333333333,1,3,12161,62.5,5.304956651537606,-0.32459895594480914,0.010599710116311905,1340.0,10.745126697856492,7.026596855997495,-0.29970468100980513,-13.11447108538669,-6.405999397384954,-7.584403583966811,-0.34347880193239966,0.0068554126248664155,21|5|5|5|5|18|5|5|20|5,73,20
405,0.0015744724549518747,-30.671421039573353,-30.671421039573353,5.304956868653274,5.304956868653274,4.741747014607538,2,0.06666666666666667,2,8,12191,62.5,5.304956868653274,-0.3246279607087021,0.010604360212704032,1260.0,10.671917545332514,7.026596855997495,-0.2997046231343788,-13.116927488117705,-6.4048970444432,-7.662876461193576,-0.34510595635007557,0.0068554126248664155,20|5|5|5|5|18|5|5|19|5,71,20
406,0.001558727730402356,-30.66349629631285,-30.671421039573353,5.308892495171232,5.304956868653274,4.7017502577678325,2,0.06666666666666667,0,6,12221,62.5,5.308892495171232,-0.32462916357140176,0.010600917221509023,1336.0,10.674335761226985,7.026632509489812,-0.2986555230657472,-13.11702935811504,-6.405713240743706,-7.588327227828149,-0.3450522088261674,0.00686678110145725,20|5|5|5|5|19|5|5|20|5,71,21
407,0.0015431404530983324,-30.66349629631285,-30.671421039573353,5.308892495171232,5.304956868653274,4.7017502577678325,0,0.0,0,5,12251,62.5,5.308892495171232,-0.32462916357140176,0.010600917221509023,1336.0,10.674335761226985,7.026632509489812,-0.2986555230657472,-13.11702935811504,-6.405713240743706,-7.588327227828149,-0.3450522088261674,0.00686678110145725,20|5|5|5|5|19|5|5|20|5,71,21
408,0.001527709048567349,-30.66349629631285,-30.671421039573353,5.308892495171232,5.304956868653274,4.7017502577678325,0,0.0,0,4,12281,62.5,5.308892495171232,-0.32462916357140176,0.010600917221509023,1336.0,10.674335761226985,7.026632509489812,-0.2986555230657472,-13.11702935811504,-6.405713240743706,-7.588327227828149,-0.3450522088261674,0.00686678110145725,20|5|5|5|5|19|5|5|20|5,71,21
409,0.0015124319580816755,-30.669568946064366,-30.671421039573353,5.3040268478652655,5.304956868653274,4.7017502577678325,3,0.1,0,9,12311,62.5,5.3040268478652655,-0.32460387365390675,0.010619711605759917,1221.0,10.674335761226985,7.026592048256109,-0.2999525340751342,-13.114887564352086,-6.401257839603531,-7.701131988841624,-0.3450522088261674,0.0068538796279047605,19|5|5|5|5|18|5|5|19|5,70,19
410,0.0014973076385008588,-30.669568946064366,-30.671421039573353,5.3040268478652655,5.304956868653274,4.701188108962622,0,0.0,0,9,12341,62.5,5.3040268478652655,-0.32460387365390675,0.010619711605759917,1221.0,10.674335761226985,7.026592048256109,-0.2999525340751342,-13.114887564352086,-6.401257839603531,-7.701131988841624,-0.3450522088261674,0.0068538796279047605,19|5|5|5|5|18|5|5|19|5,70,19
411,0.0014823345621158503,-30.672155215002242,-30.672155215002242,5.310603716622947,5.310603716622947,4.701188108962622,1,0.03333333333333333,1,10,12371,62.5,5.310603716622947,-0.3246282737109259,0.010617898341762964,1221.0,10.674335761226985,7.026644475072562,-0.29819937141257424,-13.116953996160321,-6.401687692392088,-7.701131988841624,-0.3450522088261674,0.006870596448525409,18|5|5|5|5|19|5|5|19|5,70,19
412,0.0014675112164946917,-30.672155215002242,-30.672155215002242,5.310603716622947,5.310603716622947,4.701188108962622,0,0.0,0,9,12401,62.5,5.310603716622947,-0.3246282737109259,0.010617898341762964,1221.0,10.674335761226985,7.026644475072562,-0.29819937141257424,-13.116953996160321,-6.401687692392088,-7.701131988841624,-0.3450522088261674,0.006870596448525409,18|5|5|5|5|19|5|5|19|5,70,19
413,0.0014528361043297448,-30.672155215002242,-30.672155215002242,5.310603716622947,5.310603716622947,4.701188108962622,0,0.0,0,6,12431,62.5,5.310603716622947,-0.3246282737109259,0.010617898341762964,1221.0,10.674335761226985,7.026644475072562,-0.29819937141257424,-13.116953996160321,-6.401687692392088,-7.701131988841624,-0.3450522088261674,0.006870596448525409,18|5|5|5|5|19|5|5|19|5,70,19
414,0.0014383077432864474,-30.672155215002242,-30.672155215002242,5.310603716622947,5.310603716622947,4.701188108962622,0,0.0,0,7,12461,62.5,5.310603716622947,-0.3246282737109259,0.010617898341762964,1221.0,10.674335761226985,7.026644475072562,-0.29819937141257424,-13.116953996160321,-6.401687692392088,-7.701131988841624,-0.3450522088261674,0.006870596448525409,18|5|5|5|5|19|5|5|19|5,70,19
415,0.0014239246658535828,-30.672155215002242,-30.672155215002242,5.310603716622947,5.310603716622947,4.701188108962622,0,0.0,0,8,12491,62.5,5.310603716622947,-0.3246282737109259,0.010617898341762964,1221.0,10.674335761226985,7.026644475072562,-0.29819937141257424,-13.116953996160321,-6.401687692392088,-7.701131988841624,-0.3450522088261674,0.006870596448525409,18|5|5|5|5|19|5|5|19|5,70,19
416,0.0014096854191950469,-30.672155215002242,-30.672155215002242,5.310603716622947,5.310603716622947,4.701188108962622,0,0.0,0,4,12521,62.5,5.310603716622947,-0.3246282737109259,0.010617898341762964,1221.0,10.674335761226985,7.026644475072562,-0.29819937141257424,-13.116953996160321,-6.401687692392088,-7.701131988841624,-0.3450522088261674,0.006870596448525409,18|5|5|5|5|19|5|5|19|5,70,19
417,0.0013955885650030963,-30.67570626645307,-30.67570626645307,5.310571947190748,5.310571947190748,4.701188108962622,1,0.03333333333333333,1,5,12551,62.5,5.310571947190748,-0.32463074311398865,0.010620504187574155,1186.0,10.674335761226985,7.026644475072562,-0.29820784002953976,-13.117163128992766,-6.401069949972688,-7.735463872628333,-0.3450522088261674,0.006870596448525409,17|5|5|5|5|19|5|5|19|5,70,18
418,0.0013816326793530654,-30.67570626645307,-30.67570626645307,5.310571947190748,5.310571947190748,4.701188108962622,0,0.0,0,8,12581,62.5,5.310571947190748,-0.32463074311398865,0.010620504187574155,1186.0,10.674335761226985,7.026644475072562,-0.29820784002953976,-13.117163128992766,-6.401069949972688,-7.735463872628333,-0.3450522088261674,0.006870596448525409,17|5|5|5|5|19|5|5|19|5,70,18
419,0.0013678163525595347,-30.67302957186529,-30.67570626645307,5.310658513242749,5.310571947190748,4.701188108962622,2,0.06666666666666667,0,4,12611,62.5,5.310658513242749,-0.3246358803686936,0.010612264188493635,1232.0,10.674335761226985,7.026570844874817,-0.29818476455459814,-13.117598201194484,-6.403023326088037,-7.690341968222944,-0.3450522088261674,0.006847118715348893,18|5|5|6|5|19|5|5|19|5,71,19
420,0.0013541381890339393,-30.67302957186529,-30.67570626645307,5.310658513242749,5.310571947190748,4.701188108962622,0,0.0,0,5,12641,62.5,5.310658513242749,-0.3246358803686936,0.010612264188493635,1232.0,10.674335761226985,7.026570844874817,-0.29818476455459814,-13.117598201194484,-6.403023326088037,-7.690341968222944,-0.3450522088261674,0.006847118715348893,18|5|5|6|5|19|5|5|19|5,71,19
421,0.0013405968071436,-30.67302957186529,-30.67570626645307,5.310658513242749,5.310571947190748,4.701188108962622,0,0.0,0,7,12671,62.5,5.310658513242749,-0.3246358803686936,0.010612264188493635,1232.0,10.674335761226985,7.026570844874817,-0.29818476455459814,-13.117598201194484,-6.403023326088037,-7.690341968222944,-0.3450522088261674,0.006847118715348893,18|5|5|6|5|19|5|5|19|5,71,19
422,0.001327190839072164,-30.67302957186529,-30.67570626645307,5.310658513242749,5.310571947190748,4.701188108962622,0,0.0,0,4,12701,62.5,5.310658513242749,-0.3246358803686936,0.010612264188493635,1232.0,10.674335761226985,7.026570844874817,-0.29818476455459814,-13.117598201194484,-6.403023326088037,-7.690341968222944,-0.3450522088261674,0.006847118715348893,18|5|5|6|5|19|5|5|19|5,71,19
423,0.0013139189306814424,-30.67302957186529,-30.67570626645307,5.310658513242749,5.310571947190748,4.701188108962622,0,0.0,0,6,12731,62.5,5.310658513242749,-0.3246358803686936,0.010612264188493635,1232.0,10.674335761226985,7.026570844874817,-0.29818476455459814,-13.117598201194484,-6.403023326088037,-7.690341968222944,-0.3450522088261674,0.006847118715348893,18|5|5|6|5|19|5|5|19|5,71,19
424,0.0013007797413746279,-30.67302957186529,-30.67570626645307,5.310658513242749,5.310571947190748,4.701188108962622,0,0.0,0,8,12761,62.5,5.310658513242749,-0.3246358803686936,0.010612264188493635,1232.0,10.674335761226985,7.026570844874817,-0.29818476455459814,-13.117598201194484,-6.403023326088037,-7.690341968222944,-0.3450522088261674,0.006847118715348893,18|5|5|6|5|19|5|5|19|5,71,19
425,0.0012877719439608815,-30.67302957186529,-30.67570626645307,5.310658513242749,5.310571947190748,4.701188108962622,0,0.0,0,7,12791,62.5,5.310658513242749,-0.3246358803686936,0.010612264188493635,1232.0,10.674335761226985,7.026570844874817,-0.29818476455459814,-13.117598201194484,-6.403023326088037,-7.690341968222944,-0.3450522088261674,0.006847118715348893,18|5|5|6|5|19|5|5|19|5,71,19
426,0.0012748942245212726,-30.67302957186529,-30.67570626645307,5.310658513242749,5.310571947190748,4.701188108962622,0,0.0,0,3,12821,62.5,5.310658513242749,-0.3246358803686936,0.010612264188493635,1232.0,10.674335761226985,7.026570844874817,-0.29818476455459814,-13.117598201194484,-6.403023326088037,-7.690341968222944,-0.3450522088261674,0.006847118715348893,18|5|5|6|5|19|5|5|19|5,71,19
427,0.0012621452822760598,-30.67413380019456,-30.67570626645307,5.310431841441062,5.310571947190748,4.701188108962622,1,0.03333333333333333,0,8,12851,62.5,5.310431841441062,-0.3246358803686934,0.010612264188493635,1221.0,10.674335761226985,7.026791609326695,-0.2982451873110821,-13.117598201194465,-6.403023326088037,-7.701131988841624,-0.3450522088261674,0.006917511693431115,18|5|5|5|5|19|5|5|19|5,70,19
428,0.0012495238294532992,-30.67663991734228,-30.67663991734228,5.310431841441062,5.310431841441062,4.701188108962622,1,0.03333333333333333,1,6,12881,62.5,5.310431841441062,-0.3246422274513227,0.010629155552807181,1186.0,10.674335761226985,7.026791609326695,-0.2982451873110821,-13.118135733275821,-6.399019055300707,-7.735463872628333,-0.3450522088261674,0.006917511693431115,17|5|5|5|5|19|5|5|19|5,70,18
429,0.0012370285911587663,-30.67937097738138,-30.67937097738138,5.295719502596561,5.295719502596561,4.701188108962622,1,0.03333333333333333,1,7,12911,62.5,5.295719502596561,-0.32462018101982315,0.010638471126971243,1149.0,10.674335761226985,7.026676950717871,-0.302166981114704,-13.116268629142702,-6.396810703103696,-7.771757578345712,-0.3450522088261674,0.006880951636459826,17|5|5|5|5|18|5|5|19|5,70,17
430,0.0012246583052471787,-30.67937097738138,-30.67937097738138,5.295719502596561,5.295719502596561,4.701188108962622,0,0.0,0,5,12941,62.5,5.295719502596561,-0.32462018101982315,0.010638471126971243,1149.0,10.674335761226985,7.026676950717871,-0.302166981114704,-13.116268629142702,-6.396810703103696,-7.771757578345712,-0.3450522088261674,0.006880951636459826,17|5|5|5|5|18|5|5|19|5,70,17
431,0.0012124117221947069,-30.680129049106466,-30.680129049106466,5.290515176858173,5.290515176858173,4.701188108962622,1,0.03333333333333333,1,5,12971,62.54333333333334,5.290515176858173,-0.32460063948517287,0.01064488362871824,1114.0,10.674335761226985,7.0266292946255975,-0.3035542719220028,-13.114613663797687,-6.395290553935011,-7.806089462132421,-0.3450522088261674,0.0068657560094902825,17|5|5|5|5|17|5|5|19|5,69,17
432,0.0012002876049727598,-30.680129049106466,-30.680129049106466,5.290515176858173,5.290515176858173,4.701188108962622,0,0.0,0,3,13001,62.54333333333334,5.290515176858173,-0.32460063948517287,0.01064488362871824,1114.0,10.674335761226985,7.0266292946255975,-0.3035542719220028,-13.114613663797687,-6.395290553935011,-7.806089462132421,-0.3450522088261674,0.0068657560094902825,17|5|5|5|5|17|5|5|19|5,69,17
433,0.0011882847289230321,-30.680129049106466,-30.680129049106466,5.290515176858173,5.290515176858173,4.701188108962622,0,0.0,0,5,13031,62.54333333333334,5.290515176858173,-0.32460063948517287,0.01064488362871824,1114.0,10.674335761226985,7.0266292946255975,-0.3035542719220028,-13.114613663797687,-6.395290553935011,-7.806089462132421,-0.3450522088261674,0.0068657560094902825,17|5|5|5|5|17|5|5|19|5,69,17
434,0.0011764018816338019,-30.680129049106466,-30.680129049106466,5.290515176858173,5.290515176858173,4.701188108962622,0,0.0,0,6,13061,62.54333333333334,5.290515176858173,-0.32460063948517287,0.01064488362871824,1114.0,10.674335761226985,7.0266292946255975,-0.3035542719220028,-13.114613663797687,-6.395290553935011,-7.806089462132421,-0.3450522088261674,0.0068657560094902825,17|5|5|5|5|17|5|5|19|5,69,17
435,0.0011646378628174638,-30.69795599965072,-30.69795599965072,5.2832722495472355,5.2832722495472355,4.701188108962622,3,0.1,3,4,13091,62.54333333333334,5.2832722495472355,-0.3246545884680268,0.01065606174863082,1044.0,10.565621342385331,7.026573977717776,-0.3054849824465727,-13.119182583210614,-6.392640666205853,-7.87475322970584,-0.3474685070728289,0.0068481176540090396,16|5|5|5|5|17|5|5|18|5,67,17
436,0.001152991484189289,-30.69795599965072,-30.69795599965072,5.2832722495472355,5.2832722495472355,4.701188108962622,0,0.0,0,4,13121,62.54333333333334,5.2832722495472355,-0.3246545884680268,0.01065606174863082,1044.0,10.565621342385331,7.026573977717776,-0.3054849824465727,-13.119182583210614,-6.392640666205853,-7.87475322970584,-0.3474685070728289,0.0068481176540090396,16|5|5|5|5|17|5|5|18|5,67,17
437,0.0011414615693473961,-30.69795599965072,-30.69795599965072,5.2832722495472355,5.2832722495472355,4.701188108962622,0,0.0,0,4,13151,62.54333333333334,5.2832722495472355,-0.3246545884680268,0.01065606174863082,1044.0,10.565621342385331,7.026573977717776,-0.3054849824465727,-13.119182583210614,-6.392640666205853,-7.87475322970584,-0.3474685070728289,0.0068481176540090396,16|5|5|5|5|17|5|5|18|5,67,17
438,0.0011300469536539221,-30.69795599965072,-30.69795599965072,5.2832722495472355,5.2832722495472355,4.701188108962622,0,0.0,0,5,13181,62.54333333333334,5.2832722495472355,-0.3246545884680268,0.01065606174863082,1044.0,10.565621342385331,7.026573977717776,-0.3054849824465727,-13.119182583210614,-6.392640666205853,-7.87475322970584,-0.3474685070728289,0.0068481176540090396,16|5|5|5|5|17|5|5|18|5,67,17
439,0.0011187464841173828,-30.69795599965072,-30.69795599965072,5.2832722495472355,5.2832722495472355,4.701188108962622,0,0.0,0,3,13211,62.54333333333334,5.2832722495472355,-0.3246545884680268,0.01065606174863082,1044.0,10.565621342385331,7.026573977717776,-0.3054849824465727,-13.119182583210614,-6.392640666205853,-7.87475322970584,-0.3474685070728289,0.0068481176540090396,16|5|5|5|5|17|5|5|18|5,67,17
440,0.001107559019276209,-30.700867428365903,-30.700867428365903,5.2782984269960895,5.2782984269960895,4.701188108962622,1,0.03333333333333333,1,3,13241,62.54333333333334,5.2782984269960895,-0.3246470202142393,0.010659229509290281,1011.0,10.565621342385331,7.026536619235247,-0.30681082918430536,-13.11854163059534,-6.391889716120681,-7.907123291561881,-0.3474685070728289,0.006836205524046709,16|5|5|5|5|16|5|5|18|5,67,17
441,0.001096483429083447,-31.129844652086092,-31.129844652086092,5.179642633781839,5.179642633781839,4.701188108962622,3,0.1,3,3,13271,62.5,5.179642633781839,-0.3268218685603864,0.01042275711091637,957.0,10.472082824600552,7.026917200394129,-0.3331090053348405,-13.30272873298776,-6.447947918361858,-7.960092483689947,-0.3495475041270088,0.006957557675390489,14|5|5|5|5|15|5|5|19|5,65,17
442,0.0010855185947926125,-31.138138864452618,-31.138138864452618,5.179642633781839,5.179642633781839,4.701188108962622,1,0.03333333333333333,1,6,13301,62.5,5.179642633781839,-0.32685188185753217,0.0104276893373176,920.0,10.457160814721597,7.026917200394129,-0.3331090053348405,-13.305270548027098,-6.446778683613951,-7.996386189407326,-0.34987916230714133,0.006957557675390489,14|5|5|5|5|15|5|5|18|5,64,17
443,0.0010746634088446864,-31.138138864452618,-31.138138864452618,5.179642633781839,5.179642633781839,4.701188108962622,0,0.0,0,7,13331,62.5,5.179642633781839,-0.32685188185753217,0.0104276893373176,920.0,10.457160814721597,7.026917200394129,-0.3331090053348405,-13.305270548027098,-6.446778683613951,-7.996386189407326,-0.34987916230714133,0.006957557675390489,14|5|5|5|5|15|5|5|18|5,64,17
444,0.0010639167747562395,-31.138138864452618,-31.138138864452618,5.179642633781839,5.179642633781839,4.701188108962622,0,0.0,0,6,13361,62.5,5.179642633781839,-0.32685188185753217,0.0104276893373176,920.0,10.457160814721597,7.026917200394129,-0.3331090053348405,-13.305270548027098,-6.446778683613951,-7.996386189407326,-0.34987916230714133,0.006957557675390489,14|5|5|5|5|15|5|5|18|5,64,17
445,0.001053277607008677,-31.138138864452618,-31.138138864452618,5.179642633781839,5.179642633781839,4.701188108962622,0,0.0,0,6,13391,62.5,5.179642633781839,-0.32685188185753217,0.0104276893373176,920.0,10.457160814721597,7.026917200394129,-0.3331090053348405,-13.305270548027098,-6.446778683613951,-7.996386189407326,-0.34987916230714133,0.006957557675390489,14|5|5|5|5|15|5|5|18|5,64,17
446,0.0010427448309385902,-31.170782912402206,-31.170782912402206,5.16441597850952,5.16441597850952,4.701188108962622,4,0.13333333333333333,4,9,13421,62.5,5.16441597850952,-0.3269381343906156,0.010430271452390234,802.0,10.21487088134965,7.026826293934021,-0.33716789786906104,-13.312575243166318,-6.4461665668090005,-8.112133683316804,-0.3552643241598951,0.0069285712312439395,13|5|5|5|5|13|5|5|17|5,62,15
447,0.0010323173826292044,-31.174429051538198,-31.174429051538198,5.155916395049647,5.155916395049647,4.701188108962622,1,0.03333333333333333,1,3,13451,62.5,5.155916395049647,-0.3269322461363383,0.010430957584075636,777.0,10.21487088134965,7.026783352564412,-0.3394335888716004,-13.312076569088466,-6.446003912270675,-8.136656457450167,-0.3552643241598951,0.006914878941276245,13|5|5|5|5|12|5|5|17|5,61,15
448,0.0010219942088029123,-31.174429051538198,-31.174429051538198,5.155916395049647,5.155916395049647,4.701188108962622,0,0.0,0,9,13481,62.5,5.155916395049647,-0.3269322461363383,0.010430957584075636,777.0,10.21487088134965,7.026783352564412,-0.3394335888716004,-13.312076569088466,-6.446003912270675,-8.136656457450167,-0.3552643241598951,0.006914878941276245,13|5|5|5|5|12|5|5|17|5,61,15
449,0.001011774266714883,-31.193681740847783,-31.193681740847783,5.155916395049647,5.155916395049647,4.701188108962622,1,0.03333333333333333,1,8,13511,62.5,5.155916395049647,-0.3270291819380173,0.010427739014053406,752.0,10.21487088134965,7.026783352564412,-0.3394335888716004,-13.320286026295433,-6.446766907235306,-8.161179231583532,-0.3552643241598951,0.006914878941276245,12|5|5|5|5|12|5|5|17|5,61,14
450,0.001001656524047734,-31.22110508040917,-31.22110508040917,5.1462886524349365,5.1462886524349365,4.701188108962622,2,0.06666666666666667,2,2,13541,62.5,5.1462886524349365,-0.32713514251478265,0.01043306052592043,696.0,10.031713065591795,7.026710516899381,-0.3420000075578686,-13.329259788368,-6.445505388383543,-8.216110245642268,-0.35933520927148893,0.006891654552890541,12|5|5|5|5|11|5|5|16|5,60,13
451,0.0009916399588072568,-31.240671421116616,-31.240671421116616,5.1462886524349365,5.1462886524349365,4.701188108962622,1,0.03333333333333333,1,3,13571,62.5,5.1462886524349365,-0.32722363902157436,0.010439339730981363,665.0,9.82652024463555,7.026710516899381,-0.3420000075578686,-13.336754524810978,-6.444016838558531,-8.246518485567638,-0.36389584675441816,0.006891654552890541,12|5|5|5|5|11|5|5|15|5,59,13
452,0.0009817235592191843,-31.26819659603285,-31.26819659603285,5.1462886524349365,5.1462886524349365,4.701188108962622,1,0.03333333333333333,1,8,13601,62.5,5.1462886524349365,-0.32736461701780184,0.010429240002194903,642.0,9.809134482830093,7.026710516899381,-0.3420000075578686,-13.34869389919183,-6.446411082634311,-8.269079437770333,-0.36428226454715446,0.006891654552890541,11|5|5|5|5|11|5|5|15|5,58,13
453,0.0009719063236269924,-31.26819659603285,-31.26819659603285,5.1462886524349365,5.1462886524349365,4.701188108962622,0,0.0,0,4,13631,62.5,5.1462886524349365,-0.32736461701780184,0.010429240002194903,642.0,9.809134482830093,7.026710516899381,-0.3420000075578686,-13.34869389919183,-6.446411082634311,-8.269079437770333,-0.36428226454715446,0.006891654552890541,11|5|5|5|5|11|5|5|15|5,58,13
454,0.0009621872603907225,-31.26819659603285,-31.26819659603285,5.1462886524349365,5.1462886524349365,4.701188108962622,0,0.0,0,2,13661,62.5,5.1462886524349365,-0.32736461701780184,0.010429240002194903,642.0,9.809134482830093,7.026710516899381,-0.3420000075578686,-13.34869389919183,-6.446411082634311,-8.269079437770333,-0.36428226454715446,0.006891654552890541,11|5|5|5|5|11|5|5|15|5,58,13
455,0.0009525653877868153,-31.26819659603285,-31.26819659603285,5.1462886524349365,5.1462886524349365,4.701188108962622,0,0.0,0,4,13691,62.5,5.1462886524349365,-0.32736461701780184,0.010429240002194903,642.0,9.809134482830093,7.026710516899381,-0.3420000075578686,-13.34869389919183,-6.446411082634311,-8.269079437770333,-0.36428226454715446,0.006891654552890541,11|5|5|5|5|11|5|5|15|5,58,13
456,0.0009430397339089472,-31.26819659603285,-31.26819659603285,5.1462886524349365,5.1462886524349365,4.701188108962622,0,0.0,0,4,13721,62.5,5.1462886524349365,-0.32736461701780184,0.010429240002194903,642.0,9.809134482830093,7.026710516899381,-0.3420000075578686,-13.34869389919183,-6.446411082634311,-8.269079437770333,-0.36428226454715446,0.006891654552890541,11|5|5|5|5|11|5|5|15|5,58,13
457,0.0009336093365698577,-31.26819659603285,-31.26819659603285,5.1462886524349365,5.1462886524349365,4.701188108962622,0,0.0,0,4,13751,62.5,5.1462886524349365,-0.32736461701780184,0.010429240002194903,642.0,9.809134482830093,7.026710516899381,-0.3420000075578686,-13.34869389919183,-6.446411082634311,-8.269079437770333,-0.36428226454715446,0.006891654552890541,11|5|5|5|5|11|5|5|15|5,58,13
458,0.000924273243204159,-31.300049603914147,-31.300049603914147,5.1462886524349365,5.1462886524349365,4.701188108962622,1,0.03333333333333333,1,5,13781,62.5,5.1462886524349365,-0.32752413108455664,0.010441197568461536,613.0,9.502528992691829,7.026710516899381,-0.3420000075578686,-13.362203086532844,-6.443576419169584,-8.297525855765036,-0.37109691081148266,0.006891654552890541,11|5|5|5|5|11|5|5|14|5,57,13
459,0.0009150305107721175,-31.300049603914147,-31.300049603914147,5.1462886524349365,5.1462886524349365,4.701188108962622,0,0.0,0,4,13811,62.5,5.1462886524349365,-0.32752413108455664,0.010441197568461536,613.0,9.502528992691829,7.026710516899381,-0.3420000075578686,-13.362203086532844,-6.443576419169584,-8.297525855765036,-0.37109691081148266,0.006891654552890541,11|5|5|5|5|11|5|5|14|5,57,13
460,0.0009058802056643963,-31.300049603914147,-31.300049603914147,5.1462886524349365,5.1462886524349365,4.701188108962622,0,0.0,0,1,13841,62.5,5.1462886524349365,-0.32752413108455664,0.010441197568461536,613.0,9.502528992691829,7.026710516899381,-0.3420000075578686,-13.362203086532844,-6.443576419169584,-8.297525855765036,-0.37109691081148266,0.006891654552890541,11|5|5|5|5|11|5|5|14|5,57,13
461,0.0008968214036077523,-31.300049603914147,-31.300049603914147,5.1462886524349365,5.1462886524349365,4.701188108962622,0,0.0,0,5,13871,62.5,5.1462886524349365,-0.32752413108455664,0.010441197568461536,613.0,9.502528992691829,7.026710516899381,-0.3420000075578686,-13.362203086532844,-6.443576419169584,-8.297525855765036,-0.37109691081148266,0.006891654552890541,11|5|5|5|5|11|5|5|14|5,57,13
462,0.0008878531895716747,-31.607180974477824,-31.607180974477824,5.1462886524349365,5.1462886524349365,4.701188108962622,1,0.03333333333333333,1,2,13901,62.5,5.1462886524349365,-0.32899680913693663,0.010378910199155926,586.0,5.213980996675991,7.026710516899381,-0.3420000075578686,-13.48692364633892,-6.45834227755143,-8.324010451829068,-0.4664146351198848,0.006891654552890541,11|5|5|5|5|11|5|5|13|5,57,12
