temperature_step,temperature,current_energy,best_energy,current_D,best_E_D,best_D,accepted,acceptance_rate,new_bests,infeasible_proposals,blackbox_calls,security_pct,raw_DD,raw_S,raw_V,raw_N,raw_P,raw_C,z_DD,z_S,z_V,z_N,z_P,z_C,sizes,n_covered,n_overlap
1,0.0018227192152043253,-0.054258281218619336,-0.055934042102172794,6.929049057376938,6.922342483811268,6.922342483811268,19,0.76,3,0,66,83.43266666666668,6.929049057376938,-0.21731775741500703,0.03318241994519279,9036.0,8.764909389531994,5.991485657251493,-0.054258281218619336,2.3974757615703313,2.7646074014997546,0.2372282216364861,0.21094676147214886,0.004532528246955928,16|42|13|39|10|16|41|40|40|5|8,115,66
2,0.0017862648309002387,-0.06615432684475399,-0.06686011916274555,6.8814398155601335,6.878615159519316,6.878615159519316,16,0.64,4,1,91,83.38600000000001,6.8814398155601335,-0.21064927073065529,0.03404306512606437,9511.0,17.27429153798631,6.0239773252322895,-0.06615432684475399,2.9267915588109132,2.902131602245286,0.6861660912672864,0.41574369964576763,0.010584825554826104,18|42|11|40|10|16|42|44|39|5|10,117,68
3,0.0017505395342822339,-0.08362166140825512,-0.08377607245213128,6.811533681936892,6.810915712490731,6.810915712490731,17,0.68,6,4,116,83.30400000000002,6.811533681936892,-0.21061307723062858,0.03435365586252398,9631.0,17.344557855055115,6.058566493534029,-0.08362166140825512,2.9296644432040875,2.951761512154637,0.7995819741213834,0.41743481262452153,0.017027829044761255,18|42|9|41|11|14|43|45|38|5|11,118,71
4,0.001715528743596589,-0.0871935350097384,-0.0871935350097384,6.797238663291496,6.797238663291496,6.797238663291496,14,0.56,4,4,141,83.30466666666668,6.797238663291496,-0.2090262824286743,0.03529571472210124,9804.0,16.50099690454999,6.059251508549947,-0.0871935350097384,3.055617391063245,3.1022949661239108,0.9630898719027065,0.39713266884811843,0.01715542835850354,19|41|9|39|12|13|44|45|41|6|13,119,75
5,0.0016812181687246572,-0.14612955584665469,-0.14656222592278031,6.561370429768531,6.559638838033887,6.559638838033887,20,0.8,5,0,166,83.20333333333335,6.561370429768531,-0.19852143864053254,0.038075666960076186,9928.0,36.3955013064155,6.278037862294894,-0.14612955584665469,3.8894467181362087,3.5465090489252424,1.0802862841852734,0.875937535864664,0.05790926286622715,19|41|7|39|13|14|45|46|39|8|15,121,75
6,0.001647593805350164,-0.1834268538034463,-0.1847940121435963,6.412102670267236,6.406631156954017,6.406631156954017,16,0.64,7,2,191,83.284,6.412102670267236,-0.18761543438040518,0.0344645725216065,10021.0,59.01206244214426,6.303860818944243,-0.1834268538034463,4.755118438408929,2.9694851051389612,1.1681835933971985,1.420254666275249,0.06271936406209311,20|41|6|38|12|16|45|47|39|7|16,123,76
7,0.0016146419292431607,-0.18258569710795855,-0.1855472835434876,6.415469068966424,6.403616484569748,6.403616484569748,16,0.64,1,3,216,83.196,6.415469068966424,-0.16522694772844904,0.03956643181396838,10725.0,67.06635760550841,6.30928334276213,-0.18258569710795855,6.532220234083027,3.7847213222147196,1.8335567728079005,1.6140989383770947,0.0637294299757377,20|41|5|38|15|16|47|49|42|8|16,127,76
8,0.0015823490906582975,-0.18658136453081253,-0.18870994688740642,6.399477982303453,6.390959168966067,6.390959168966067,13,0.52,1,4,241,83.238,6.399477982303453,-0.15937506062446116,0.03596431296949657,10707.0,72.3589501052321,6.31454844876638,-0.18658136453081253,6.996717868168104,3.2091316063985813,1.816544390379786,1.7414767808613407,0.06471017331319899,19|43|5|37|14|17|48|50|38|9|17,128,77
9,0.0015507021088451316,-0.19220119187864815,-0.19220119187864815,6.376986834607785,6.376986834607785,6.376986834607785,17,0.68,3,6,266,82.206,6.376986834607785,-0.1411273649497873,0.03781362992996805,11200.0,112.6562786501021,5.908459749273578,-0.19220119187864815,8.445141482255663,3.504637632071598,2.2824946424387007,2.7113203439530293,-0.010932897524205063,17|45|5|38|16|16|50|50|38|10|19,131,79
10,0.001519688066668229,-0.19619333228931207,-0.19695399887781204,6.361009863423312,6.357965594706462,6.357965594706462,17,0.68,2,6,291,82.206,6.361009863423312,-0.13535861640944,0.03699541053971487,11341.0,115.11509715640574,5.909186970181431,-0.19619333228931207,8.903039934670616,3.37389273257061,2.4157583047922646,2.7704972022525576,-0.01079743642244111,16|45|5|38|18|15|49|51|38|14|20,132,81
11,0.0014892943053348643,-0.1965061774344165,-0.19695399887781204,6.359757823826913,6.357965594706462,6.357965594706462,15,0.6,0,5,316,82.206,6.359757823826913,-0.13377609706374,0.03648445048700694,11803.0,117.50566235246777,5.909180259968437,-0.1965061774344165,9.028653515197584,3.2922454121378273,2.852409453780538,2.828031394996134,-0.010798686349162746,16|44|5|41|19|15|50|51|39|16|21,134,85
12,0.001459508419228167,-0.211663327702251,-0.2116736607410609,6.299097293846292,6.299055939924252,6.299055939924252,15,0.6,2,6,341,82.09,6.299097293846292,-0.1274548435140637,0.03510078088096921,12372.0,129.6044159694872,6.0618205786552,-0.211663327702251,9.530407439376265,3.0711461009518666,3.390189764980381,3.1192144272369244,0.01763397492283951,17|45|5|41|21|15|51|52|38|19|24,139,90
13,0.0014303182508436036,-0.21346013653292714,-0.21346013653292714,6.291906273501658,6.291906273501658,6.291906273501658,15,0.6,1,8,366,82.12733333333334,6.291906273501658,-0.1239250627421911,0.03619719048846277,12095.0,121.47517280979712,6.039214058503957,-0.21346013653292714,9.81058625831768,3.2463435671220413,3.1283881020588407,2.9235663672804475,0.013423006709925649,17|42|5|44|22|13|48|52|38|20|24,140,88
14,0.0014017118858267316,-0.2143180675712642,-0.21587486188338936,6.288472742095507,6.282242285421555,6.282242285421555,15,0.6,1,2,391,82.21533333333333,6.288472742095507,-0.12295633013258557,0.035567622461739196,12853.0,120.96915336376905,6.0375140691483375,-0.2143180675712642,9.887480087133378,3.145743643234221,3.844798428753886,2.911387899867078,0.013106345804535919,16|43|5|46|23|12|50|53|40|20|25,144,89
15,0.0013736776481101968,-0.211157494057991,-0.21587486188338936,6.301121693974326,6.282242285421555,6.282242285421555,15,0.6,0,3,416,82.21533333333333,6.301121693974326,-0.11176887462697604,0.030890560357487284,13317.0,124.08383141936378,6.040032583865019,-0.211157494057991,10.775492196978492,2.3983866115326378,4.283339842456394,2.9863494561885586,0.013575475301015119,17|44|5|49|22|12|50|53|40|20|27,148,90
16,0.001346204095147993,-0.21558633882264652,-0.21587486188338936,6.28339698544544,6.282242285421555,6.282242285421555,17,0.68,0,3,441,82.21533333333333,6.28339698544544,-0.10722705266237081,0.028593226796965986,13612.0,128.49017147813146,6.044324575336989,-0.21558633882264652,11.136002493829075,2.0312911245903607,4.5621538878060495,3.092397690577856,0.014374954368896836,16|44|5|48|24|12|51|54|42|19|27,149,91
17,0.001319280013245033,-0.21287573340802524,-0.21601462460440482,6.2942451170608,6.281682940123889,6.281682940123889,16,0.64,1,2,466,82.21533333333333,6.2942451170608,-0.10616035818622303,0.029006865666632343,13741.0,138.67851278701102,6.0433236817170854,-0.21287573340802524,11.220672114356205,2.097387300125257,4.684075961874203,3.337602462055341,0.014188515625130644,17|45|5|46|22|12|54|54|41|19|28,149,92
18,0.0012928944129801325,-0.21324756788602764,-0.21601462460440482,6.292756995870331,6.281682940123889,6.281682940123889,15,0.6,0,3,491,82.21533333333333,6.292756995870331,-0.10599666430944574,0.02961220038953326,13961.0,142.60162823725926,6.043560596574379,-0.21324756788602764,11.233665430379931,2.1941149363227437,4.892005080440048,3.432020836773463,0.01423264629745677,18|44|5|46|20|13|55|55|40|21|30,149,93
19,0.0012670365247205299,-0.21686343024408666,-0.21705445942876983,6.278285929535236,6.277521410388834,6.277521410388834,15,0.6,1,3,516,82.29933333333334,6.278285929535236,-0.10116810074776329,0.02944892669893479,14211.0,174.40065598689694,6.049567593715115,-0.21686343024408666,11.616936042163005,2.168025109409882,5.128288169719417,4.197334158752623,0.01535158339372251,18|43|5|47|22|13|55|52|43|22|33,150,97
20,0.0012416957942261192,-0.21701972018696564,-0.21705445942876983,6.277660440535117,6.277521410388834,6.277521410388834,16,0.64,0,1,541,82.29933333333334,6.277660440535117,-0.09922740018384214,0.02879231600530846,14407.0,176.60426882329273,6.04914480165198,-0.21701972018696564,11.770980507544888,2.0631039841321193,5.313534111714442,4.250368933068866,0.015272828949136575,18|41|5|47|21|13|57|50|47|24|32,153,99
21,0.0012168618783415968,-0.21827414474252674,-0.2192750443069636,6.272640099836739,6.268634393159478,6.268634393159478,17,0.68,1,3,566,82.29933333333334,6.272640099836739,-0.08538343927687447,0.027373399341385364,15106.0,199.38073657979666,6.046900815355792,-0.21827414474252674,12.869854592670453,1.836372475645748,5.974181629339556,4.798534566902745,0.014854836489428211,18|41|5|50|22|13|57|51|50|22|33,155,101
22,0.0011925246407747648,-0.21487422734556513,-0.2192750443069636,6.28624693143408,6.268634393159478,6.268634393159478,14,0.56,0,0,591,82.29933333333334,6.28624693143408,-0.08476323455395678,0.026840434358436117,15640.0,201.65270750689035,6.047513378672665,-0.21487422734556513,12.919083776577185,1.751208943757701,6.478882308040288,4.853214528546351,0.014968940059482056,20|40|5|52|24|14|56|51|51|24|35,159,105
23,0.0011686741479592694,-0.21249045952293474,-0.2192750443069636,6.295787024190063,6.268634393159478,6.268634393159478,18,0.72,0,2,616,82.25600000000001,6.295787024190063,-0.08556023979698546,0.02683145356844543,16331.0,207.00693489586155,6.049137071601168,-0.21249045952293474,12.855820927659964,1.7497738855095601,7.131968766808463,4.982075749774476,0.015271389054891948,20|41|5|54|25|15|55|52|49|27|40,159,107
24,0.001145300665000084,-0.21231490893352942,-0.2192750443069636,6.296489596349312,6.268634393159478,6.268634393159478,15,0.6,0,1,641,82.25600000000001,6.296489596349312,-0.08638335981379293,0.026946919625352287,16935.0,206.84775434365466,6.049150975993466,-0.21231490893352942,12.790485200298686,1.7682244357970458,7.702828710507417,4.978244720783179,0.015273979057846625,20|41|5|56|25|15|57|53|49|28|40,160,110
25,0.0011223946517000822,-0.2150697002576556,-0.2192750443069636,6.285464628017229,6.268634393159478,6.268634393159478,18,0.72,0,1,666,82.16866666666667,6.285464628017229,-0.08251124560508785,0.025464945780389703,17676.0,221.6083365734788,6.048216724930157,-0.2150697002576556,13.097836975356861,1.5314168952634843,8.403171787131466,5.333490494634927,0.015099953975518422,19|41|5|58|28|15|57|55|49|31|40,161,115
26,0.0010999467586660806,-0.2149584997083128,-0.2192750443069636,6.285909664461288,6.268634393159478,6.268634393159478,13,0.52,0,5,691,82.16866666666667,6.285909664461288,-0.0824786547519072,0.025249342330673774,18170.0,229.1737405457181,6.048224377159775,-0.2149584997083128,13.100423897135464,1.4969651923327423,8.870067171547499,5.515568528331249,0.015101379373831103,19|40|5|62|27|15|55|56|50|31|42,161,118
27,0.001077947823492759,-0.21667813501097544,-0.2192750443069636,6.27902750079664,6.268634393159478,6.268634393159478,15,0.6,0,1,716,82.16866666666667,6.27902750079664,-0.08166015065309547,0.02509863259083668,18355.0,234.85670057332368,6.056819489116323,-0.21667813501097544,13.165393232775568,1.4728829840356208,9.04491665761423,5.652341421252516,0.01670241053622657,19|39|5|63|29|16|56|57|47|32|42,162,120
28,0.0010563888670229037,-0.2210416434524692,-0.2210416434524692,6.26156427519297,6.26156427519297,6.26156427519297,15,0.6,1,2,741,82.128,6.26156427519297,-0.08091505173643941,0.024666139313108494,18442.0,238.85204050448462,6.061712406832801,-0.2210416434524692,13.224535980712421,1.4037740252343294,9.127143172683452,5.748498036455558,0.017613825510076838,19|36|5|63|30|15|55|58|46|35|44,162,122
29,0.0010352610896824455,-0.22516956481433736,-0.2255063747525498,6.245043894177771,6.243695944926515,6.243695944926515,12,0.48,2,2,766,82.09466666666667,6.245043894177771,-0.08024921509770254,0.02460630252630411,18927.0,238.50831114625376,6.061286186815545,-0.22516956481433736,13.27738722987095,1.3942125863703834,9.585532365885426,5.740225435825106,0.017534432532636483,17|35|5|67|29|14|54|59|48|35|44,162,122
30,0.0010145558678887965,-0.2433930305003426,-0.2433930305003426,6.172111643255733,6.172111643255733,6.172111643255733,15,0.6,1,2,791,82.09466666666667,6.172111643255733,-0.0772426818775993,0.02475641402284511,19516.0,254.16101949813773,6.063117739734568,-0.2433930305003426,13.516032908217078,1.4181992001844639,10.14221532422762,6.116942180785579,0.017875600083886067,16|35|5|67|27|15|55|60|51|35|46,161,124
31,0.0009942647505310205,-0.24514937069981924,-0.24518228542363818,6.165082582684063,6.164950854453113,6.164950854453113,17,0.68,4,2,816,82.05600000000001,6.165082582684063,-0.07266999890912268,0.021676147008391457,20195.0,258.8690511465967,6.064528264480118,-0.24514937069981924,13.878992818846775,0.9259972235039363,10.783960194710383,6.23025128473786,0.01813834175431131,15|34|5|66|26|14|57|60|54|36|50,161,126
32,0.0009743794555204001,-0.24646430242046133,-0.24647133849155115,6.159820085865531,6.159791926759516,6.159791926759516,10,0.4,1,5,841,82.09666666666666,6.159820085865531,-0.07203660593988499,0.02147171852406697,20429.0,258.9901865222375,6.065911593404093,-0.24646430242046133,13.929268829034418,0.8933311904612901,11.005121166275872,6.233166673141264,0.018396017596851014,15|33|5|65|27|14|57|63|55|36|49,162,125
33,0.0009548918664099921,-0.25157069410684685,-0.25157069410684685,6.139383762380494,6.139383762380494,6.139383762380494,15,0.6,4,3,866,82.13533333333334,6.139383762380494,-0.0725112097790309,0.02127832251842416,20653.0,257.9771028024108,6.066504469752666,-0.25157069410684685,13.891596817169946,0.8624280590727296,11.216830814270187,6.208784592243449,0.018506454030292704,14|33|5|66|30|13|56|63|54|36|51,163,127
34,0.0009357940290817922,-0.253872137245913,-0.2539334993090097,6.130173141777736,6.129927564264657,6.129927564264657,13,0.52,4,1,891,82.05600000000001,6.130173141777736,-0.07171927215805737,0.02075090441731693,20659.0,257.25388704381413,6.071157678866639,-0.253872137245913,13.954457420040171,0.7781508744377758,11.222501608412893,6.1913788193664585,0.0193732179345065,14|32|5|67|33|13|52|65|53|35|52,162,128
35,0.0009170781485001564,-0.25099677202048665,-0.2539598907554873,6.141680659706905,6.129821942884516,6.129821942884516,15,0.6,1,1,916,82.05600000000001,6.141680659706905,-0.07818797564899008,0.023897014358807155,21305.0,225.0469599687726,6.071320113188038,-0.25099677202048665,13.440999553587398,1.2808740230445563,11.833057111110781,5.416248505804547,0.019403474947063966,14|34|5|68|32|13|51|67|54|36|53,162,130
36,0.0008987365855301532,-0.2525718371383217,-0.2539598907554873,6.135377081322212,6.129821942884516,6.129821942884516,13,0.52,0,1,941,82.05600000000001,6.135377081322212,-0.07807518816892882,0.02347549825927824,22104.0,226.40423976438325,6.0712464637104775,-0.2525718371383217,13.449952138747006,1.2135191293235656,12.588217864447643,5.448914419914006,0.019389756090431955,12|35|5|67|34|13|51|69|57|37|54,164,131
37,0.0008807618538195502,-0.2911061229691187,-0.2911061229691187,5.98115876457956,5.98115876457956,5.98115876457956,16,0.64,3,0,966,81.65599999999999,5.98115876457956,-0.07473266868375167,0.022264816898677157,21933.0,237.23929817914822,6.108918875520628,-0.2911061229691187,13.715266962009748,1.020061953039185,12.426600231380554,5.709683856468132,0.026407082400497262,12|33|5|63|36|12|51|70|57|40|54,164,130
38,0.0008631466167431592,-0.29269750752203205,-0.2927101459160302,5.974789874077263,5.974739293878184,5.974739293878184,19,0.76,4,3,991,81.65599999999999,5.974789874077263,-0.07440158334085342,0.022155772444421705,21865.0,236.1923187434559,6.109272934982046,-0.29269750752203205,13.741547092798957,1.0026375233781406,12.362331231096567,5.684486000851849,0.02647303386616029,13|33|5|62|36|11|55|72|58|38|48,166,130
39,0.0008458836844082961,-0.29758292601774816,-0.2982745562524534,5.955237908840357,5.952469930965461,5.952469930965461,20,0.8,2,3,1016,81.61533333333334,5.955237908840357,-0.06310425235521057,0.027135004829260952,22370.0,241.17410698797602,6.102768453520239,-0.29758292601774816,14.638280645763619,1.798278943641271,12.83962307144089,5.804383657498092,0.025261429227591014,11|35|6|61|37|10|54|76|59|40|45,166,130
40,0.0008289660107201302,-0.31335467431721625,-0.31335467431721625,5.892117692067354,5.892117692067354,5.892117692067354,13,0.52,2,2,1041,81.22933333333334,5.892117692067354,-0.06206492741013727,0.027761739877970804,22681.0,244.75091341971938,6.160733351354877,-0.31335467431721625,14.720777790608254,1.8984261803523945,13.133559234504425,5.890467346405377,0.03605868332125269,11|35|6|62|35|10|55|75|60|42|46,166,131
41,0.0008123866905057276,-0.33784765452508214,-0.33785020500289276,5.794094176171561,5.794083968887675,5.794083968887675,20,0.8,4,1,1066,81.26066666666667,5.794094176171561,-0.06388740208430059,0.02880968395537379,23408.0,250.0394951662952,6.1963519479556215,-0.33784765452508214,14.576117587961496,2.065879243326511,13.820670458128829,6.017748661321567,0.04269344077489313,14|33|5|63|35|9|58|75|60|45|47,167,132
42,0.000796138956695613,-0.33790203477964004,-0.33790203477964004,5.793876540599988,5.793876540599988,5.793876540599988,17,0.68,1,1,1091,81.26066666666667,5.793876540599988,-0.06283197200051167,0.027690027204962556,23388.0,246.8209448753949,6.196587193759455,-0.33790203477964004,14.659893089462216,1.8869670700732928,13.80176781098648,5.940287191918184,0.04273726054881392,14|33|5|64|39|9|56|71|63|47|45,168,132
43,0.0007802161775617007,-0.33790203477964004,-0.33790203477964004,5.793876540599988,5.793876540599988,5.793876540599988,14,0.56,0,5,1116,81.26066666666667,5.793876540599988,-0.06195158309069126,0.027396481383971636,24527.0,248.980225574896,6.196587193759455,-0.33790203477964004,14.729774575283711,1.8400608010193205,14.878273565743283,5.992255016162103,0.04273726054881392,14|33|5|69|39|9|56|70|67|48|45,170,133
44,0.0007646118540104667,-0.34793632538674885,-0.3503335539363925,5.753718240691957,5.7441242766725695,5.7441242766725695,19,0.76,3,0,1141,80.88066666666667,5.753718240691957,-0.05865690550119544,0.02676212434770063,24012.0,257.79602181594623,6.196657555829659,-0.34793632538674885,14.991291914596532,1.738695631795778,14.391530401827785,6.204426481285165,0.04275036705255894,16|33|5|70|41|8|58|66|65|46|44,171,134
45,0.0007493196169302573,-0.34907302219420633,-0.3503335539363925,5.749169058982386,5.7441242766725695,5.7441242766725695,18,0.72,0,3,1166,80.88066666666667,5.749169058982386,-0.05674030520286697,0.026039208413372313,24753.0,257.63966824431293,6.193600293441829,-0.34907302219420633,15.143423404531404,1.6231794605740566,15.091873478451832,6.20066348977951,0.042180883795181964,14|34|5|70|43|8|55|69|68|48|43,171,136
46,0.0007343332245916522,-0.35727474478409227,-0.35727474478409227,5.716344891492781,5.716344891492781,5.716344891492781,13,0.52,2,2,1191,80.73333333333333,5.716344891492781,-0.05579364722425306,0.025684222865582897,25568.0,259.31874160423865,6.2016404692853895,-0.35727474478409227,15.218565044064105,1.5664556156946667,15.862156349502575,6.241074071544737,0.04367854573859294,12|33|5|72|45|8|56|70|69|48|44,172,137
47,0.0007196465600998192,-0.3659665306130042,-0.3660084486140949,5.681559438716824,5.681391678411162,5.681391678411162,15,0.6,3,2,1216,80.806,5.681559438716824,-0.055976152724596245,0.02576701020500424,25997.0,260.56198584266343,6.211533308600675,-0.3659665306130042,15.204078542255287,1.579684368889147,16.26761813070597,6.27099546994822,0.04552130754418823,13|31|5|71|45|7|57|70|71|51|44,173,137
48,0.0007052536288978228,-0.3692895281206211,-0.3692895281206211,5.668260448710497,5.668260448710497,5.668260448710497,18,0.72,5,2,1241,80.84533333333334,5.668260448710497,-0.054555451556068266,0.02457923593278065,26605.0,268.9333468723635,6.2218805111968685,-0.3692895281206211,15.316847691727332,1.3898875616982544,16.842258603833397,6.472470627288514,0.04744870463731199,12|30|5|70|48|7|59|70|69|55|46,173,137
49,0.0006911485563198663,-0.3720110485545802,-0.3720110485545802,5.657368634025029,5.657368634025029,5.657368634025029,13,0.52,5,2,1266,80.91133333333333,5.657368634025029,-0.05101668949877522,0.02349765440667727,27522.0,278.6762360700691,6.231331747947994,-0.3720110485545802,15.597739406484186,1.2170595040684362,17.708944975310118,6.7069546170594245,0.04920920812327307,13|27|5|72|50|7|60|72|68|57|47,173,138
50,0.000677325585193469,-0.37494178631226793,-0.37494178631226793,5.645639509323216,5.645639509323216,5.645639509323216,17,0.68,3,3,1291,80.82733333333334,5.645639509323216,-0.04860845095908244,0.023156850057812005,28347.0,281.52770177802154,6.238653006216324,-0.37494178631226793,15.788895025880446,1.1626017010969112,18.488679169932034,6.775581391143347,0.05057295564567857,12|25|5|73|51|7|62|74|67|58|49,176,138
51,0.0006637790734895996,-0.38096159187264217,-0.3809973972493196,5.621547606213466,5.621404309281851,5.621404309281851,14,0.56,3,0,1316,80.48266666666669,5.621547606213466,-0.04609986465272879,0.02283542209946657,28428.0,295.47876637355216,6.24482150508193,-0.38096159187264217,15.988015819479731,1.1112400900042216,18.56523489085855,7.111344348263098,0.05172197603761335,10|24|5|73|52|7|63|73|65|61|49,176,138
52,0.0006505034920198076,-0.38146186140872895,-0.38146186140872895,5.619545474239055,5.619545474239055,5.619545474239055,13,0.52,2,1,1341,80.48266666666669,5.619545474239055,-0.04337946203404363,0.02050995555291442,28723.0,297.99973465106336,6.240966859209194,-0.38146186140872895,16.203949681101395,0.7396491774156166,18.844048936208207,7.17201697706975,0.0510039623347729,10|25|5|73|51|7|64|73|65|62|50,176,140
53,0.0006374934221794114,-0.3813897100361097,-0.38146186140872895,5.61983423171817,5.619545474239055,5.619545474239055,9,0.36,0,2,1366,80.52733333333335,5.61983423171817,-0.043944061551435404,0.020433037690999696,29092.0,287.6927310273036,6.23763431191847,-0.3813897100361097,16.159134199296332,0.7273583196754212,19.192802775984553,6.923956336818234,0.05038320112891787,9|26|5|72|51|7|64|74|66|62|52,177,141
54,0.0006247435537358231,-0.3811212465806794,-0.3819348916649907,5.620908651064753,5.617652356764156,5.617652356764156,17,0.68,1,0,1391,80.63866666666667,5.620908651064753,-0.04359694390353047,0.02017094219294007,29719.0,287.72098328708927,6.237642166194564,-0.3811212465806794,16.186686905515003,0.6854775601118233,19.78540076389721,6.924636289392892,0.05038466416288983,8|26|5|73|52|7|65|75|70|61|49,177,141
55,0.0006122486826611066,-0.38484683720904944,-0.38484683720904944,5.605998440503118,5.605998440503118,5.605998440503118,13,0.52,2,1,1416,80.63866666666667,5.605998440503118,-0.04356879636783407,0.02021176476714592,29654.0,288.1703770789614,6.250203822303094,-0.38484683720904944,16.188921135858816,0.6920006802254444,19.723967160684573,6.93545193628758,0.05272455257652811,8|24|5|74|53|7|64|75|67|62|51,177,142
56,0.0006000037090078844,-0.39645422627819316,-0.39645422627819316,5.559544432976404,5.559544432976404,5.559544432976404,17,0.68,6,1,1441,80.26133333333334,5.559544432976404,-0.03829886823606831,0.018734475305580672,30030.0,293.7032732744179,6.253222154666697,-0.39645422627819316,16.60722536926336,0.45594166660752994,20.079336926960746,7.068613214074097,0.05328678424925388,7|25|5|75|55|7|62|77|67|63|49,177,142
57,0.0005880036348277267,-0.3960628683949272,-0.39645422627819316,5.56111068891446,5.559544432976404,5.559544432976404,20,0.8,0,1,1466,80.30733333333333,5.56111068891446,-0.04009249746373314,0.01877663165125808,30601.0,286.0725195694672,6.256286341883181,-0.3960628683949272,16.46485479411874,0.462677912710444,20.619007502874823,6.884962395781166,0.05385755741030223,6|23|5|75|53|7|62|77|69|63|55,177,143
58,0.0005762435621311721,-0.40022363483922235,-0.40022363483922235,5.5444588583805805,5.5444588583805805,5.5444588583805805,11,0.44,4,1,1491,80.15066666666668,5.5444588583805805,-0.03898221550074104,0.01837454914969446,31334.0,288.71319722543797,6.264804130421477,-0.40022363483922235,16.552984201917074,0.3984283521594835,21.31178952064193,6.948516093242565,0.055444185362730145,7|22|5|77|54|6|61|77|70|64|57,177,144
59,0.0005647186908885486,-0.42760331937217927,-0.42760331937217927,5.434882444270868,5.434882444270868,5.434882444270868,15,0.6,4,2,1516,80.02600000000001,5.434882444270868,-0.03343210554969329,0.020416479070526843,32173.0,296.0151033127491,6.287584732896677,-0.42760331937217927,16.993528063301017,0.7247123848621086,22.104755568263492,7.124252472620505,0.0596875802882786,7|22|5|76|54|5|62|78|72|69|55,178,145
60,0.0005534243170707776,-0.42854147157002415,-0.42854147157002415,5.431127859238844,5.431127859238844,5.431127859238844,17,0.68,4,2,1541,79.98800000000001,5.431127859238844,-0.03349550282813519,0.0200512671947363,32471.0,302.10973218545746,6.293375179340711,-0.42854147157002415,16.988495859958675,0.6663544547450693,22.386405010684502,7.270933078880729,0.060766179990987185,8|21|5|77|56|6|61|78|73|65|59,179,147
61,0.000542355830729362,-0.4299826805202089,-0.4302142982271715,5.425359987496057,5.424433028759818,5.424433028759818,16,0.64,5,1,1566,80.07200000000002,5.425359987496057,-0.033516825669773695,0.020083176004089945,32230.0,304.12998872619255,6.297352068808866,-0.4299826805202089,16.98680334448169,0.6714532266903875,22.15862811261919,7.319554981934281,0.06150696428793485,9|20|5|75|56|6|62|77|73|65|60,179,147
62,0.0005315087141147748,-0.43041554035116586,-0.43046268095133455,5.423627636342364,5.423438974638858,5.423438974638858,13,0.52,1,0,1591,80.07200000000002,5.423627636342364,-0.03287801760504785,0.019728873598409923,32595.0,303.4537950033062,6.301333420717737,-0.43041554035116586,17.037509181663243,0.6148385424438323,22.50360142296707,7.3032808974422005,0.062248579813920846,9|19|5|75|57|6|62|78|77|65|56,179,147
63,0.0005208785398324793,-0.4304014971149606,-0.43046268095133455,5.423683838869607,5.423438974638858,5.423438974638858,16,0.64,0,2,1616,80.10866666666668,5.423683838869607,-0.03398391626678177,0.020209360873622288,32990.0,305.95882455042477,6.301333420717737,-0.4304014971149606,16.94972770146975,0.6916165573106098,22.87692870402847,7.363569925756379,0.062248579813920846,9|19|5|76|59|6|61|79|76|66|56,180,147
64,0.0005104609690358297,-0.4342915356758139,-0.43436231081330706,5.40811549016443,5.407832240524892,5.407832240524892,13,0.52,1,1,1641,80.11133333333333,5.40811549016443,-0.032119254389437926,0.019630248015236492,33786.0,310.0088734478136,6.319019239414524,-0.4342915356758139,17.09773654289197,0.5990789648612885,23.62925406029398,7.461043232180787,0.06554295771256576,7|19|5|77|59|6|63|80|76|68|56,180,147
65,0.0005002517496551131,-0.44246041652568985,-0.44266706488943863,5.375422758816797,5.374595730051949,5.374595730051949,16,0.64,4,3,1666,79.87000000000002,5.375422758816797,-0.03353188544688344,0.01965613897807923,33677.0,287.6460855328173,6.312947459641294,-0.44246041652568985,16.985607964134633,0.6032161331748016,23.526234633368176,6.922833710723445,0.0644119534071784,9|19|5|82|57|5|61|79|75|67|56,180,147
66,0.0004902467146620108,-0.4456974510739635,-0.4456974510739635,5.362467801730928,5.362467801730928,5.362467801730928,17,0.68,4,1,1691,79.944,5.362467801730928,-0.0329609979076756,0.020999979098171574,33719.0,302.1665237902922,6.319084263959281,-0.4456974510739635,17.030922562071762,0.8179510117903069,23.56593019236711,7.272299893366341,0.06555506998323818,12|17|5|79|58|5|61|81|74|68|57,180,148
67,0.0004804417803687706,-0.44390473631491906,-0.4456974510739635,5.3696424371647735,5.362467801730928,5.362467801730928,17,0.68,0,0,1716,79.90733333333334,5.3696424371647735,-0.03344698087336485,0.02103144262625433,34194.0,298.8071787939326,6.319107652924264,-0.44390473631491906,16.992347324074697,0.8229786313580291,24.01486806199791,7.191449890684504,0.06555942669923938,13|17|5|79|58|6|64|82|75|67|56,179,152
68,0.00047083294476139517,-0.4442527868676174,-0.4456974510739635,5.368249501776943,5.362467801730928,5.362467801730928,16,0.64,0,2,1741,79.944,5.368249501776943,-0.03315304757872412,0.02051174856876912,34829.0,304.5114664603614,6.323624990915047,-0.4442527868676174,17.01567848503411,0.7399356869759117,24.615027108767507,7.328736079994777,0.06640088157857994,14|16|5|81|61|6|64|82|74|67|57,178,153
69,0.00046141628586616725,-0.4444556294616866,-0.4456974510739635,5.36743770410776,5.362467801730928,5.362467801730928,19,0.76,0,1,1766,79.90733333333334,5.36743770410776,-0.03483965889232566,0.022091071722781172,35223.0,305.79121535330086,6.323624990915047,-0.4444556294616866,16.88180253171041,0.9922988667179564,24.98740925747179,7.359536042945399,0.06640088157857994,12|16|5|79|63|6|62|81|75|71|59,180,153
70,0.0004521879601488439,-0.4492695645655757,-0.4492695645655757,5.348171823019682,5.348171823019682,5.348171823019682,12,0.48,2,3,1791,79.98333333333335,5.348171823019682,-0.03503328423010804,0.02211140798573271,35272.0,302.52966664788414,6.331409294497011,-0.4492695645655757,16.866433385023086,0.9955484385167888,25.033720742970548,7.281039722422903,0.06785088161060693,12|14|5|78|63|6|66|81|76|69|58,180,153
71,0.000443144200945867,-0.4501945610353435,-0.4501945610353435,5.344469888612831,5.344469888612831,5.344469888612831,17,0.68,2,1,1816,79.98333333333335,5.344469888612831,-0.0343019902376546,0.02319965717839823,34882.0,320.50714337099276,6.331409163457298,-0.4501945610353435,16.92448035744054,1.1694419358134713,24.66511912369473,7.713707115278083,0.06785085720154,14|13|5|78|65|6|65|80|75|69|56,179,152
72,0.00043428131692694965,-0.45200083684773346,-0.45200083684773346,5.337240980398912,5.337240980398912,5.337240980398912,12,0.48,4,4,1841,79.98333333333335,5.337240980398912,-0.034248873539122066,0.023132642096092112,34990.0,324.75939222182615,6.330954847485729,-0.45200083684773346,16.92869653255813,1.1587334628714496,24.767193418263417,7.816046806904361,0.06776623072643023,16|13|5|77|66|7|65|80|74|68|59,179,153
73,0.00042559569058841064,-0.45174975444672416,-0.4520013683598965,5.338245838914193,5.337238853230616,5.337238853230616,14,0.56,1,4,1866,79.98333333333335,5.338245838914193,-0.03401930141365484,0.023145863202026273,35498.0,328.7657407596866,6.330946821337296,-0.45174975444672416,16.94691898067384,1.160846089615872,25.247320655679097,7.912468368363934,0.06776473567740468,16|13|5|78|65|8|67|81|74|70|57,180,154
74,0.0004170837767766424,-0.4532798312684044,-0.45337635774621526,5.33212230848307,5.331735999236431,5.331735999236431,15,0.6,4,2,1891,79.90733333333334,5.33212230848307,-0.03425272275551005,0.023012293582698407,36005.0,327.23911907236936,6.326387757764536,-0.4532798312684044,16.928390998313617,1.1395027351764184,25.726502760737656,7.875726870349438,0.06691550847847687,16|13|5|78|66|7|66|82|75|69|60,181,155
75,0.00040874210124110954,-0.4529359702652707,-0.45337635774621526,5.333498476847253,5.331735999236431,5.331735999236431,17,0.68,0,2,1916,79.90733333333334,5.333498476847253,-0.03556868267559009,0.022964304276893333,37007.0,317.04753590803955,6.326387757764536,-0.4529359702652707,16.82393575873604,1.1318344288036435,26.673525382569366,7.630444076512793,0.06691550847847687,15|13|5|79|65|7|66|80|79|74|60,180,158
76,0.0004005672592162873,-0.45410646092102924,-0.45455774396030424,5.328814048556906,5.327007965761001,5.327007965761001,19,0.76,2,2,1941,79.90733333333334,5.328814048556906,-0.03379176007855597,0.021507748479630887,37859.0,329.23344592377214,6.345635647997986,-0.45410646092102924,16.964980233382896,0.8990884885348197,27.478778150833453,7.923724718578515,0.07050085701493673,15|13|5|80|68|7|66|81|80|73|61,181,161
77,0.00039255591403196155,-0.46860822057355894,-0.46935859637743366,5.270776461633932,5.2677733777333735,5.2677733777333735,12,0.48,3,5,1966,75.836,5.270776461633932,-0.0301387806140892,0.02205370458186694,38178.0,341.3621775102805,8.368483753539982,-0.46860822057355894,17.254938034764585,0.9863278971446752,27.780275372753927,8.21562923638158,0.447301400176897,14|13|5|79|68|9|66|83|80|74|61,181,161
78,0.0003847047957513223,-0.4683495870598852,-0.46935859637743366,5.271811540506475,5.2677733777333735,5.2677733777333735,17,0.68,0,4,1991,75.836,5.271811540506475,-0.027508345765560924,0.020461429637748395,38686.0,346.49354320615794,8.36768138704752,-0.4683495870598852,17.463730641669745,0.7318951251685634,28.260402610169603,8.339126802342433,0.44715194153521937,15|13|5|83|67|9|65|81|82|73|63,181,160
79,0.00037701069983629584,-0.48244142866255335,-0.4831364155853225,5.2154144892853855,5.212633077587288,5.212633077587288,17,0.68,1,0,2016,74.038,5.2154144892853855,-0.024233247346609196,0.019986825146634732,38753.0,348.16230140349114,8.36446928927365,-0.48244142866255335,17.72369387061894,0.6560571320428165,28.323726478096475,8.379289127103936,0.44655361673635396,15|15|5|82|68|8|66|81|82|75|60,182,159
80,0.0003694704858395699,-0.48286651728800306,-0.4831364155853225,5.213713239323957,5.212633077587288,5.212633077587288,12,0.48,0,4,2041,74.038,5.213713239323957,-0.020121084963461145,0.020518590958778244,39462.0,364.68779283807487,8.382180612299315,-0.48286651728800306,18.050099637511515,0.7410290460489751,28.993825319292764,8.777011310521432,0.44985274538467107,14|14|6|81|68|8|71|80|82|76|62,182,159
81,0.0003620810761227785,-0.4833791722817115,-0.4833791722817115,5.211661539428789,5.211661539428789,5.211661539428789,14,0.56,2,2,2066,74.038,5.211661539428789,-0.020734842986196364,0.020698631036767504,39478.0,362.77402068852416,8.380465022561019,-0.4833791722817115,18.001382164943227,0.7697980072631211,29.008947437006643,8.730952187808143,0.44953317856031977,13|15|6|81|67|8|70|80|83|76|63,182,159
82,0.0003548394546003229,-0.49036542353599966,-0.4908456583243777,5.183701817701794,5.181779866921906,5.181779866921906,15,0.6,2,3,2091,73.71066666666665,5.183701817701794,-0.020724444580773573,0.020591616837960944,39744.0,366.47083490862383,8.369162976605246,-0.49036542353599966,18.002207545650563,0.7526979961477488,29.26035264399989,8.819924127258604,0.4474279206107439,13|15|6|79|69|8|71|78|85|77|63,182,160
83,0.00034774266550831643,-0.49053896989940887,-0.4908456583243777,5.183007266668481,5.181779866921906,5.181779866921906,13,0.52,0,2,2116,73.71066666666665,5.183007266668481,-0.020659734263100856,0.020521953204522478,40601.0,368.58395923981334,8.369160871399293,-0.49053896989940887,18.00734397240073,0.7415663059662589,30.07033107404957,8.870781097301535,0.4474275284692162,12|15|6|81|71|8|71|78|85|78|64,182,162
84,0.0003407878121981501,-0.4915989127919159,-0.4915989127919159,5.1787652623027185,5.1787652623027185,5.1787652623027185,18,0.72,2,1,2141,73.71066666666665,5.1787652623027185,-0.01972071366083012,0.020458136506525743,40675.0,388.46004976547283,8.369149033592722,-0.4915989127919159,18.081879389841486,0.7313689091977881,30.14027086847626,9.349142794014865,0.4474253234139114,11|15|6|83|72|8|73|79|81|77|64,182,160
85,0.0003339720559541871,-0.4950702348155251,-0.4951138725091618,5.164872661783187,5.164698019084767,5.164698019084767,13,0.52,1,4,2166,73.71066666666665,5.164872661783187,-0.01950651084446517,0.020486319210572493,40554.0,389.8735124176467,8.375271221369376,-0.4950702348155251,18.09888188829161,0.7358722793845032,30.02590985326505,9.383160871748105,0.44856571733338696,12|15|5|84|73|8|75|80|79|74|63,182,159
86,0.00032729261483510337,-0.49522613191494474,-0.49524661368042644,5.16424874498444,5.164166774777171,5.164166774777171,14,0.56,1,0,2191,73.71066666666665,5.16424874498444,-0.018965605143624758,0.020259464388338415,40574.0,384.2395128156902,8.375271221369376,-0.49522613191494474,18.141816656826755,0.6996226973193173,30.044812500407396,9.247566318815533,0.44856571733338696,12|15|5|85|73|8|71|80|80|75|64,182,160
87,0.0003207467625384013,-0.495740237663471,-0.4960182222620631,5.16219123901395,5.161078715038197,5.161078715038197,13,0.52,1,2,2216,73.71066666666665,5.16219123901395,-0.018047541867327693,0.02027512247000433,40576.0,383.3260628212301,8.374953763698041,-0.495740237663471,18.214688571852214,0.7021247332502366,30.04670276512163,9.22558214196503,0.4485065837668764,11|16|5|85|71|8|71|81|79|76|65,182,161
88,0.00031433182728763325,-0.4958270438497831,-0.4960182222620631,5.161843831409338,5.161078715038197,5.161078715038197,19,0.76,0,3,2241,73.71066666666665,5.161843831409338,-0.02340658338890904,0.02422983965253829,41600.0,379.31898099159827,8.37495318915872,-0.4958270438497831,17.789310900768662,1.334056836967848,31.014518298809925,9.129142932231241,0.44850647674612304,10|16|5|84|72|8|74|82|81|77|65,182,163
89,0.0003080451907418806,-0.49590153628758893,-0.4960182222620631,5.161545704737965,5.161078715038197,5.161078715038197,10,0.4,0,2,2266,73.71066666666665,5.161545704737965,-0.02291202416348944,0.02440358902882589,42130.0,375.7730646610512,8.374865433519435,-0.49590153628758893,17.828566885383573,1.361820594477985,31.515438448082186,9.043802681335613,0.44849013030248375,9|16|5|85|68|8|74|85|83|76|67,182,164
90,0.000301884286927043,-0.4963086078052502,-0.4963086078052502,5.159916561161171,5.159916561161171,5.159916561161171,15,0.6,2,2,2291,73.71066666666665,5.159916561161171,-0.026237888219898767,0.024262766048373286,43251.0,360.38866189531905,8.375024989593216,-0.4963086078052502,17.564574098434907,1.339318211075646,32.574931820410875,8.673543298564327,0.44851985117727444,7|16|5|87|67|8|76|87|82|79|67,182,165
91,0.00029584660118850214,-0.49778374001284775,-0.49778374001284775,5.154012924928558,5.154012924928558,5.154012924928558,12,0.48,2,2,2316,73.59933333333333,5.154012924928558,-0.02506474844292209,0.023759505608190123,43514.0,360.9839748800857,8.37207120795592,-0.49778374001284775,17.65769288920676,1.2589012270022049,32.82350163033277,8.687870810763007,0.44796964351597446,6|19|5|87|67|6|76|87|84|79|66,182,165
92,0.0002899296691647321,-0.49871540834996314,-0.49871540834996314,5.150284288997863,5.150284288997863,5.150284288997863,11,0.44,4,3,2341,73.67799999999998,5.150284288997863,-0.024631686916333242,0.02379210661065664,43818.0,361.1590375475292,8.371325881267639,-0.49871540834996314,17.69206745094031,1.2641106058581586,33.11082186689649,8.692084077678919,0.4478308098090799,7|19|5|88|66|5|76|87|83|80|68,182,166
93,0.00028413107578143746,-0.5096859334998038,-0.5096859334998038,5.106379078717848,5.106379078717848,5.106379078717848,13,0.52,4,4,2366,73.52533333333332,5.106379078717848,-0.025041651579225353,0.024051863555856468,43998.0,367.4444301799947,8.372110045921023,-0.5096859334998038,17.659526218926093,1.3056176834212145,33.28094569117763,8.843355832066136,0.4479768779525623,7|18|5|88|64|5|75|89|83|80|70,182,167
94,0.0002784484542658087,-0.510158408066244,-0.510158408066244,5.1044881851728094,5.1044881851728094,5.1044881851728094,14,0.56,2,8,2391,73.52533333333332,5.1044881851728094,-0.024990623840020796,0.023937981640352865,44171.0,367.0138689333577,8.372115888292834,-0.510158408066244,17.66357658143515,1.2874202662310752,33.44445358895895,8.832993431662777,0.4479779662245219,6|18|5|89|67|5|76|87|82|79|71,182,167
95,0.00027287948518049253,-0.5101173087832545,-0.510158408066244,5.104652668881417,5.1044881851728094,5.1044881851728094,11,0.44,0,9,2416,73.52533333333332,5.104652668881417,-0.02551149394991883,0.02402327815712826,44162.0,364.89524890421967,8.372109010759154,-0.5101173087832545,17.622232151952154,1.3010499658525088,33.4359473977449,8.78200419559943,0.44797668513059336,6|19|5|89|69|5|76|86|80|81|70,182,167
96,0.0002674218954768827,-0.5100470169760245,-0.510158408066244,5.104933984181755,5.1044881851728094,5.1044881851728094,17,0.68,0,6,2441,73.52533333333332,5.104933984181755,-0.02528394905891584,0.023842331255649496,44220.0,366.15092319308644,8.372092729701238,-0.5100470169760245,17.640293686913587,1.2721361015140753,33.490765074457705,8.812224750419613,0.4479736524206984,5|19|5|87|71|5|78|85|79|82|70,183,164
97,0.00026207345756734505,-0.5101875150309018,-0.5101875150309018,5.104371695999642,5.104371695999642,5.104371695999642,14,0.56,1,7,2466,73.52533333333332,5.104371695999642,-0.025366090810617067,0.023677890385803226,44433.0,366.3693356372241,8.372080650325914,-0.5101875150309018,17.633773627888726,1.2458597687138309,33.69207826652373,8.817481324755805,0.44797140236782956,5|18|5|85|73|5|76|86|80|82|72,183,165
98,0.00025683198841599815,-0.5097657545989951,-0.5102409316886416,5.106059626175977,5.104157916845182,5.104157916845182,17,0.68,1,4,2491,73.52533333333332,5.106059626175977,-0.021513248765107813,0.02141763721999644,44471.0,388.66744017570886,8.372075074282268,-0.5097657545989951,17.93959566150639,0.8846894316007528,33.7279932960942,9.354134098939468,0.4479703637054263,5|18|5|83|73|5|73|86|84|83|72,183,163
99,0.0002516953486476782,-0.5097811829770884,-0.5102409316886416,5.105997880163346,5.104157916845182,5.104157916845182,10,0.4,0,9,2516,73.52533333333332,5.105997880163346,-0.02140233700680008,0.02134939119840763,44065.0,389.73082429358897,8.37207133976083,-0.5097811829770884,17.948399359939167,0.8737842644288889,33.3442695591045,9.379726769199772,0.44796966806757654,5|18|5|81|76|5|74|84|82|83|72,183,162
100,0.00024666144167472464,-0.5093310742199858,-0.5102409316886416,5.107799263356908,5.104157916845182,5.104157916845182,14,0.56,0,7,2541,73.52533333333332,5.107799263356908,-0.019642650791818386,0.02132690465382946,44075.0,390.5148276566421,8.37243654897232,-0.5093310742199858,18.088075684698428,0.870191094863343,33.353720882675674,9.398595529054477,0.44803769642268665,6|19|5|81|76|5|75|82|83|82|73,183,162
101,0.00024172821284123016,-0.5105603798846615,-0.5105603798846615,5.102879451135632,5.102879451135632,5.102879451135632,16,0.64,1,5,2566,73.52533333333332,5.102879451135632,-0.01996351268098013,0.021243586338572748,44427.0,389.082393333441,8.37228926162709,-0.5105603798846615,18.062607047704024,0.8568774959868122,33.68640747238103,9.364120856462687,0.4480102608720234,5|20|5|82|80|5|76|81|81|83|71,185,163
102,0.00023689364858440554,-0.5101189194186349,-0.5105603798846615,5.104646222947052,5.102879451135632,5.102879451135632,12,0.48,0,9,2591,73.52533333333332,5.104646222947052,-0.021675763928234847,0.021043141351318986,44868.0,390.9897695742378,8.372286916249507,-0.5101189194186349,17.926695906703536,0.8248479938433091,34.10321084186983,9.41002604760882,0.44800982399317685,6|19|5|83|82|5|76|80|82|82|72,186,164
103,0.00023215577561271742,-0.5475664317782059,-0.5476170588905565,4.954777289404311,4.954574674307653,4.954574674307653,14,0.56,1,6,2616,72.22533333333332,4.954777289404311,-0.02440878721051718,0.020516592312937544,44781.0,399.8565567598351,8.364617335173842,-0.5475664317782059,17.709760271076785,0.7407096784653011,34.02098432680061,9.623424721609759,0.44658119358478476,6|19|5|83|85|7|75|80|79|83|71,186,165
104,0.00022751266010046306,-0.5508142238659096,-0.5509280765793182,4.941779279499701,4.94132362881253,4.94132362881253,15,0.6,1,1,2641,72.14266666666667,4.941779279499701,-0.025342461730030783,0.020688453750946044,44849.0,401.77984735786595,8.365328785352498,-0.5508142238659096,17.63564920269612,0.7681717585726471,34.0852533270846,9.669712926654865,0.4467137170367512,6|17|5|80|85|8|74|81|79|84|74,186,165
105,0.00022296240689845378,-0.5507959294527278,-0.5509280765793182,4.941852495690059,4.94132362881253,4.94132362881253,13,0.52,0,3,2666,72.14266666666667,4.941852495690059,-0.02711461255540055,0.021772782515097254,44662.0,391.4618095498281,8.36442555386717,-0.5507959294527278,17.494983490764458,0.9414388028199275,33.90851357630363,9.421386724566313,0.4465454700421598,6|17|5|81|83|8|74|80|79|84|75,186,164
106,0.0002185031587604847,-0.5504950404349684,-0.5509280765793182,4.943056685591202,4.94132362881253,4.94132362881253,10,0.4,0,6,2691,72.14266666666667,4.943056685591202,-0.027043060898648465,0.021644179788119212,45151.0,391.4101305893909,8.36442555386717,-0.5504950404349684,17.50066295359168,0.9208891179620627,34.370683298934075,9.420142957077571,0.4465454700421598,6|17|5|84|82|8|75|79|79|85|75,185,165
107,0.000214133095585275,-0.5876410458473703,-0.5876410458473703,4.794394414968926,4.794394414968926,4.794394414968926,12,0.48,1,4,2716,71.97399999999999,4.794394414968926,-0.02772102356046162,0.021827950305118596,45633.0,385.7033611795397,8.36698065720866,-0.5876410458473703,17.446849192865564,0.9502541734258478,34.8262370950647,9.282797039170628,0.4470214149854657,5|16|5|83|80|9|77|79|79|89|75,185,166
108,0.0002098504336735695,-0.5877075188597869,-0.5877887560031881,4.794128382892227,4.7938032631905845,4.7938032631905845,14,0.56,2,3,2741,71.97399999999999,4.794128382892227,-0.02797379299218269,0.021780221764547667,45943.0,385.0503660916719,8.36698065720866,-0.5877075188597869,17.426785442332264,0.9426275352471266,35.119228125771116,9.267081280693143,0.4470214149854657,5|16|5|84|81|9|79|82|77|87|74,185,167
109,0.0002056534250000981,-0.5876308732763179,-0.5877887560031881,4.794435126681907,4.7938032631905845,4.7938032631905845,12,0.48,0,8,2766,71.97399999999999,4.794435126681907,-0.01924625091886656,0.02018977102958478,46638.0,395.7936123295033,8.36698065720866,-0.5876308732763179,18.119540202018364,0.6884862572707496,35.77609511396776,9.525641055911697,0.4470214149854657,6|17|5|84|81|8|79|81|77|90|76,185,167
110,0.00020154035650009615,-0.5879499495253243,-0.5880971829503533,4.793158149543927,4.792568905692985,4.792568905692985,14,0.56,1,2,2791,71.97399999999999,4.793158149543927,-0.019302579234549703,0.020180187657149982,46316.0,396.04716422460825,8.36698065720866,-0.5879499495253243,18.115069102541927,0.6869549111784985,35.471762494975934,9.531743338178458,0.4470214149854657,6|17|5|85|80|8|79|81|77|89|75,185,167
111,0.00019750954937009424,-0.5880348473371476,-0.5880971829503533,4.792818379457308,4.792568905692985,4.792568905692985,10,0.4,0,11,2816,71.97399999999999,4.792818379457308,-0.01968423214397612,0.020299747227069245,47004.0,394.64846748718145,8.36698065720866,-0.5880348473371476,18.08477513577188,0.7060595720306917,36.122013556672755,9.49808063455779,0.4470214149854657,6|17|5|85|79|8|80|80|78|92|76,185,168
112,0.00019355935838269236,-0.5882033219544986,-0.5882033219544986,4.792144126091984,4.792144126091984,4.792144126091984,16,0.64,2,4,2841,71.97399999999999,4.792144126091984,-0.02165046411323428,0.020279636689059327,47691.0,395.68404059001966,8.36698065720866,-0.5882033219544986,17.92870409722425,0.7028460692680599,36.77131948601246,9.523003971765618,0.4470214149854657,6|16|5|84|79|8|83|79|77|95|77,185,169
113,0.00018968817121503852,-0.5886043752446112,-0.5887266116414572,4.790539068102929,4.790049865021573,4.790049865021573,14,0.56,1,4,2866,71.97399999999999,4.790539068102929,-0.0219028808796251,0.020319989532121583,48721.0,397.8186912900824,8.366533529458222,-0.5886043752446112,17.90866833974834,0.7092941301104231,37.74480581384346,9.574379021071923,0.4469381274767464,7|16|5|86|82|7|83|80|74|96|79,185,169
114,0.00018589440779073773,-0.5887206485266329,-0.5887266116414572,4.790073730042319,4.790049865021573,4.790049865021573,14,0.56,0,6,2891,71.97399999999999,4.790073730042319,-0.02216944823696503,0.02031315178187926,48339.0,395.8979404856808,8.36653985240296,-0.5887206485266329,17.887509369213117,0.7082015124349013,37.383765253424585,9.528151941728986,0.4469393052661243,7|14|5|85|83|7|83|80|75|96|76,185,171
115,0.00018217651963492297,-0.5880750590509576,-0.5887409287135557,4.792657447895105,4.789992566573916,4.789992566573916,15,0.6,1,5,2916,71.97399999999999,4.792657447895105,-0.022081522286239705,0.020386119004680334,48077.0,398.6020192765169,8.36652908698171,-0.5880750590509576,17.894488553083352,0.7198610897140959,37.136140575859805,9.593231526507541,0.44693729996648607,8|15|5|86|82|7|83|78|74|96|77,185,171
116,0.0001785329892422245,-0.5876001393017342,-0.5887409287135557,4.794558127322114,4.789992566573916,4.789992566573916,13,0.52,0,4,2941,71.97399999999999,4.794558127322114,-0.022021621751656537,0.02021034544017237,49389.0,401.05897138600585,8.367215385447178,-0.5876001393017342,17.899243199934855,0.6917738831527686,38.37615422839794,9.65236346587566,0.44706513835131134,8|15|5|84|82|7|85|79|76|98|80,185,172
117,0.00017496232945738002,-0.5879533177608472,-0.5887409287135557,4.793144669506564,4.789992566573916,4.789992566573916,12,0.48,0,7,2966,71.97399999999999,4.793144669506564,-0.02127871149364523,0.020067419498626712,49503.0,412.5975356542766,8.367234771936603,-0.5879533177608472,17.95821222156014,0.6689354634256479,38.483899317109326,9.93006431322691,0.4470687495170363,7|14|5|83|86|7|84|76|75|101|79,185,172
118,0.0001714630828682324,-0.5880698385317698,-0.5887409287135557,4.792678340969008,4.789992566573916,4.789992566573916,13,0.52,0,8,2991,71.97399999999999,4.792678340969008,-0.021473816343592193,0.02010239782119073,49646.0,412.8457545838313,8.367240915012667,-0.5880698385317698,17.942725637559377,0.6745247189759602,38.619053244177124,9.936038245985209,0.4470698938018648,7|14|5|81|86|7|87|74|79|100|78,185,172
119,0.00016803382121086775,-0.5880380098816604,-0.5887409287135557,4.792805722617278,4.789992566573916,4.789992566573916,9,0.36,0,9,3016,71.97399999999999,4.792805722617278,-0.0234785163519035,0.020062215723785807,49941.0,402.6523169001674,8.367240915012667,-0.5880380098816604,17.783601171491608,0.6681039419208966,38.89786728952678,9.690710819074768,0.4470698938018648,6|14|5|81|87|7|88|74|80|99|78,185,172
120,0.0001646731447866504,-0.5884586041841231,-0.5887409287135557,4.791122459415201,4.789992566573916,4.789992566573916,11,0.44,0,8,3041,71.97399999999999,4.791122459415201,-0.02356061075732024,0.020162174067912642,49637.0,401.3938715136749,8.36653985240296,-0.5884586041841231,17.777084870611212,0.6840764840200326,38.61054705296307,9.660423571714606,0.4469393052661243,6|14|5|79|88|7|88|75|80|99|76,185,171
121,0.0001613796818909174,-0.5883717970507683,-0.5887409287135557,4.791469870809978,4.789992566573916,4.789992566573916,15,0.6,0,5,3066,71.97399999999999,4.791469870809978,-0.027279340136796802,0.023113447761615526,50840.0,400.47200846168863,8.36653985240296,-0.5883717970507683,17.481908123713204,1.1556663620889163,39.74754127857539,9.638236916189154,0.4469393052661243,6|14|5|80|87|7|89|75|83|101|77,185,172
122,0.00015815208825309903,-0.588500807000336,-0.5887409287135557,4.79095355924908,4.789992566573916,4.789992566573916,11,0.44,0,7,3091,71.97399999999999,4.79095355924908,-0.02726819599381951,0.022875617956164444,50903.0,404.7257510007815,8.36653985240296,-0.588500807000336,17.482792697860805,1.117663065684,39.80708461707379,9.740612556698299,0.4469393052661243,5|14|5|80|87|7|89|73|84|102|77,185,172
123,0.00015498904648803704,-0.5885925026490225,-0.5887409287135557,4.790586583495198,4.789992566573916,4.789992566573916,15,0.6,0,5,3116,71.97399999999999,4.790586583495198,-0.026225645976099957,0.023133785586707024,50953.0,436.64027465222586,8.36653985240296,-0.5885925026490225,17.565545835103677,1.1589161835051915,39.85434123492966,10.508705540778532,0.4469393052661243,5|14|5|82|85|7|88|72|82|104|79,185,171
124,0.0001518892655582763,-0.5888579026458244,-0.5888579026458244,4.7895244244363795,4.7895244244363795,4.7895244244363795,9,0.36,1,2,3141,71.97399999999999,4.7895244244363795,-0.025745733514077662,0.02286096164848411,51216.0,440.9353261272003,8.36653985240296,-0.5888579026458244,17.603639222623983,1.1153211052054932,40.10291104485156,10.612075371399271,0.4469393052661243,5|14|5|81|85|7|88|70|85|105|79,185,171
125,0.00014885148024711077,-0.5895247150696212,-0.5896075152348622,4.786855770084445,4.7865243950029,4.7865243950029,12,0.48,1,4,3166,71.97399999999999,4.786855770084445,-0.018076478146244957,0.020926818877504208,52055.0,454.2435098569138,8.375870238921674,-0.5895247150696212,18.21239173446327,0.8062605949992002,40.89587709247312,10.93236599097056,0.44867729770289233,5|13|6|80|88|8|88|70|85|108|78,185,171
126,0.00014587445064216857,-0.5895934596239438,-0.5896075152348622,4.786580647055063,4.7865243950029,4.7865243950029,10,0.4,0,10,3191,71.97399999999999,4.786580647055063,-0.025341484465620255,0.02247744961065641,52116.0,445.42305908356934,8.367155194189467,-0.5895934596239438,17.635726773742604,1.0540389558938201,40.95353016625729,10.7200825043228,0.44705392638807145,5|13|5|81|89|8|87|70|85|109|76,185,171
127,0.0001429569616293252,-0.5893374032163554,-0.5896075152348622,4.7876054120745275,4.7865243950029,4.7865243950029,15,0.6,0,7,3216,71.97399999999999,4.7876054120745275,-0.0254371561452913,0.022280708201297496,51753.0,431.0361475936784,8.367155194189467,-0.5893374032163554,17.628132767216766,1.022601255809061,40.61044712062365,10.373829936098476,0.44705392638807145,5|13|5|78|91|8|90|66|84|108|77,185,170
128,0.0001400978223967387,-0.5893711976999335,-0.5896075152348622,4.787470162951306,4.7865243950029,4.7865243950029,9,0.36,0,9,3241,71.97399999999999,4.787470162951306,-0.02571693856541075,0.022324990546947202,51580.0,430.96253852905124,8.367155194189467,-0.5893711976999335,17.6059248418254,1.0296772196649742,40.44693922284232,10.372058372570777,0.44705392638807145,5|13|5|78|90|8|90|65|82|108|80,185,171
129,0.00013729586594880393,-0.5893453039119737,-0.5896075152348622,4.787573792649045,4.7865243950029,4.7865243950029,15,0.6,0,6,3266,71.97399999999999,4.787573792649045,-0.02344594790685134,0.020995272423900906,51332.0,440.59749609575954,8.36795071534117,-0.5893453039119737,17.786186314609328,0.8171989229717911,40.21254639827718,10.603944751002262,0.4472021099324697,5|13|5|77|93|8|91|64|81|107|78,185,171
130,0.00013454994862982785,-0.5900268755664706,-0.590077097315794,4.784846070283629,4.7846450774929865,4.7846450774929865,14,0.56,3,5,3291,71.97399999999999,4.784846070283629,-0.02389480921431566,0.021526216426666,52183.0,442.67851377278873,8.367957705804715,-0.5900268755664706,17.75055763421195,0.902039518427118,41.016854034184156,10.65402900401917,0.44720341206210246,5|11|5|77|92|8|90|65|83|110|79,185,171
131,0.0001318589496572313,-0.5899532718985542,-0.590077097315794,4.785140640003228,4.7846450774929865,4.7846450774929865,16,0.64,0,4,3316,71.97399999999999,4.785140640003228,-0.023967283988833743,0.021249767965544373,52383.0,448.4754073200137,8.368732568763878,-0.5899532718985542,17.744804898266047,0.8578652704233329,41.20588050560765,10.79354395688866,0.44734774755772816,5|11|5|76|91|8|91|63|84|112|79,186,170
132,0.00012922177066408667,-0.5899649316197377,-0.590077097315794,4.785093976557005,4.7846450774929865,4.7846450774929865,13,0.52,0,4,3341,71.97399999999999,4.785093976557005,-0.02402595745839773,0.02131200668728482,52311.0,456.0754432517317,8.368747741444134,-0.5899649316197377,17.740147650559155,0.8678105192355212,41.13783097589519,10.976455484620208,0.44735057380758136,5|11|5|76|90|8|89|65|82|113|81,186,170
133,0.00012663733525080493,-0.5898528752064391,-0.590077097315794,4.785542438259786,4.7846450774929865,4.7846450774929865,16,0.64,0,3,3366,71.97399999999999,4.785542438259786,-0.024543398712358385,0.021434241967650994,51327.0,453.0178521385815,8.368761559869625,-0.5898528752064391,17.699075388915738,0.8873427371679332,40.2078207364916,10.902867850731445,0.44735314779730245,5|11|5|78|85|8|89|63|80|113|82,185,169
134,0.00012410458854578884,-0.5895263595324559,-0.590077097315794,4.786849188769005,4.7846450774929865,4.7846450774929865,11,0.44,0,11,3391,71.97399999999999,4.786849188769005,-0.026830205851362973,0.02122865340127246,51709.0,457.34875476118407,8.368751273849284,-0.5895263595324559,17.517558471927945,0.8544913323125725,40.56886129691048,11.007100517823288,0.4473512317967679,6|11|5|78|85|9|89|64|80|114|82,185,169
135,0.00012162249677487305,-0.5895803177547334,-0.590077097315794,4.786633242215575,4.7846450774929865,4.7846450774929865,14,0.56,0,6,3416,71.97399999999999,4.786633242215575,-0.022052542307472445,0.021355255450263663,52219.0,455.34305780412467,8.368755418837553,-0.5895803177547334,17.896788859178468,0.8747213248661004,41.05087879904038,10.958829023072694,0.44735200389321295,6|12|5|78|85|8|91|64|78|116|82,185,169
136,0.00011919004683937559,-0.589448665616635,-0.590077097315794,4.78716012809643,4.7846450774929865,4.7846450774929865,13,0.52,0,6,3441,71.97399999999999,4.78716012809643,-0.02128560071931239,0.020804541396332414,51509.0,459.6453072570403,8.368759901558501,-0.589448665616635,17.957665384451662,0.7867216337163427,40.37983482548698,11.062372088814111,0.44735283889989663,6|12|5|80|85|8|91|64|78|115|77,185,168
137,0.00011680624590258808,-0.589464925646247,-0.590077097315794,4.787095053725831,4.7846450774929865,4.7846450774929865,9,0.36,0,8,3466,71.97399999999999,4.787095053725831,-0.01934114003366192,0.018186537694915902,51231.0,438.13265542679903,8.36874899818844,-0.589464925646247,18.11200831212718,0.3683856288350573,40.11708803020832,10.54462295615484,0.4473508079042178,6|12|5|80|85|8|92|64|76|115|76,185,168
138,0.00011447012098453632,-0.5894146919047677,-0.590077097315794,4.787296094510358,4.7846450774929865,4.7846450774929865,12,0.48,0,9,3491,71.97399999999999,4.787296094510358,-0.019741260595024627,0.018135114809384827,51603.0,433.99901386516024,8.36874155804566,-0.5894146919047677,18.080248462560856,0.360168663946544,40.46867726705602,10.445137808988823,0.4473494220118053,6|12|5|81|87|8|90|64|76|116|76,185,168
139,0.00011218071856484559,-0.5892065606701306,-0.590077097315794,4.788129057882464,4.7846450774929865,4.7846450774929865,15,0.6,0,5,3516,71.97399999999999,4.788129057882464,-0.024209167599930092,0.017989999705214563,51710.0,437.3548702869029,8.36874619924489,-0.5892065606701306,17.725605217362833,0.3369804335809134,40.569806429267594,10.525903851473824,0.44735028653860115,6|11|5|81|86|9|89|64|79|116|76,185,167
140,0.00010993710419354867,-0.5894712983047499,-0.590077097315794,4.787069549667658,4.7846450774929865,4.7846450774929865,16,0.64,0,3,3541,71.97399999999999,4.787069549667658,-0.025062924039561726,0.01866923870519876,51550.0,423.8774526438897,8.36780808042546,-0.5894712983047499,17.657837702500224,0.4455173808202183,40.41858525212879,10.201540246734604,0.44717554100049406,6|11|5|78|85|9|91|64|84|113|76,186,168
141,0.0001077383621096777,-0.5895922887518846,-0.590077097315794,4.7865853330097705,4.7846450774929865,4.7846450774929865,13,0.52,0,6,3566,71.97399999999999,4.7865853330097705,-0.025342321828536966,0.018632264801655186,51875.0,425.42512660096264,8.367794049545846,-0.5895922887518846,17.635660307475096,0.43960924742647384,40.72575326819197,10.238788413777751,0.4471729274364578,5|11|5|79|86|9|90|64|86|113|75,186,168
142,0.00010558359486748414,-0.5902829743592458,-0.5902829743592458,4.783821135634131,4.783821135634131,4.783821135634131,10,0.4,1,9,3591,71.97399999999999,4.783821135634131,-0.02603948080925209,0.018697940685684943,51114.0,424.7328567026212,8.3678327128027,-0.5902829743592458,17.58032282550237,0.45010372721929826,40.006507544425574,10.222127420876422,0.4471801293297404,6|10|5|79|85|9|88|64|85|110|79,186,167
143,0.00010347192297013446,-0.5902710742385018,-0.5902829743592458,4.783868761185004,4.783821135634131,4.783821135634131,14,0.56,0,3,3616,71.97399999999999,4.783868761185004,-0.02171395746783307,0.015580889274703661,51668.0,424.74812099297094,8.367815456610508,-0.5902710742385018,17.923664267769723,-0.047976101152963704,40.53011087026866,10.222494789490556,0.4471769149793533,6|10|5|83|85|9|87|65|86|109|79,186,170
144,0.00010140248451073176,-0.5905876368884416,-0.5906924536726325,4.782601843738248,4.782182355802354,4.782182355802354,16,0.64,5,4,3641,71.97399999999999,4.782601843738248,-0.023960176073067375,0.016251700297116853,52631.0,434.7705329047893,8.368675447297148,-0.5905876368884416,17.745369094054187,0.059214122831375456,41.440273330172786,10.463706106228523,0.4473371074114754,7|10|5|83|87|9|86|66|86|109|83,186,170
145,9.937443482051713e-05,-0.5905487348167633,-0.5906924536726325,4.782757533973131,4.782182355802354,4.782182355802354,18,0.72,0,1,3666,71.97399999999999,4.782757533973131,-0.02690936260714445,0.018903080979460776,52995.0,434.4806961585915,8.368664434414761,-0.5905487348167633,17.511275349043142,0.48288350170621824,41.784301508163544,10.456730549465886,0.44733505601668505,7|10|5|83|91|9|84|65|87|108|84,187,170
146,9.738694612410679e-05,-0.5906802837697687,-0.5906924536726325,4.782231061050009,4.782182355802354,4.782182355802354,17,0.68,0,4,3691,71.97399999999999,4.782231061050009,-0.026546966598371777,0.018895063862002775,52452.0,429.721175786013,8.368665261446289,-0.5906802837697687,17.540040785847633,0.48160243060374835,41.271094638248755,10.342182256478939,0.44733521006973925,8|10|5|82|92|9|82|65|83|110|84,186,170
147,9.543920720162465e-05,-0.5905249196713489,-0.5906924536726325,4.782852844721977,4.782182355802354,4.782182355802354,17,0.68,0,2,3716,71.97399999999999,4.782852844721977,-0.02526043791047732,0.01902852768428167,51931.0,430.3978610920133,8.368731992412673,-0.5905249196713489,17.64215990077422,0.502928879522873,40.778680680190554,10.35846817199645,0.447347640199471,9|10|5|81|91|9|80|68|85|108|83,185,172
148,9.353042305759215e-05,-0.5905793572181346,-0.5906924536726325,4.782634979860805,4.782182355802354,4.782182355802354,15,0.6,0,5,3741,71.97399999999999,4.782634979860805,-0.02880463933894033,0.021565066616673626,52397.0,416.0331126928063,8.368746366634031,-0.5905793572181346,17.36083643212423,0.908247467357013,41.2191123586073,10.012749007141883,0.44735031771855926,8|10|5|81|89|9|81|67|89|107|85,186,173
149,9.165981459644031e-05,-0.5907226723743466,-0.5907226723743466,4.782061417339061,4.782061417339061,4.782061417339061,15,0.6,2,4,3766,71.97399999999999,4.782061417339061,-0.024923830785161957,0.022279749625984172,53213.0,414.7788339585671,8.36873915278648,-0.5907226723743466,17.66887832690698,1.022448083158183,41.990340362015154,9.982562039403557,0.4473489739786768,8|11|5|84|91|8|78|68|87|110|85,186,173
150,8.98266183045115e-05,-0.590808255542419,-0.590808255542419,4.781718904383726,4.781718904383726,4.781718904383726,10,0.4,3,6,3791,71.97399999999999,4.781718904383726,-0.025162132596332275,0.022423580215262334,53133.0,413.29701045516845,8.368753126715736,-0.590808255542419,17.649962953879474,1.0454310583410644,41.91472977344576,9.946898707904822,0.4473515769344397,8|11|5|83|89|8|78|70|86|110|87,186,173
151,8.803008593842126e-05,-0.5907853157033326,-0.5908247202879774,4.781810712063406,4.7816530107181014,4.7816530107181014,13,0.52,1,5,3816,71.97399999999999,4.781810712063406,-0.02478854388354127,0.02236580082984538,53620.0,416.11059631903436,8.368084816935328,-0.5907853157033326,17.67961681939818,1.03619837572616,42.37500923136197,10.014613820489462,0.4472270893431231,8|11|5|84|90|8|78|71|87|110|86,186,174
152,8.626948421965284e-05,-0.5906655302352366,-0.5908247202879774,4.78229010626682,4.7816530107181014,4.7816530107181014,14,0.56,0,4,3841,71.97399999999999,4.78229010626682,-0.02039135527578763,0.020852177098433285,53554.0,423.0878187099337,8.377526022472324,-0.5906655302352366,18.028646742332878,0.7943334370517664,42.31263049579221,10.182535974846127,0.44898572429188544,8|10|6|84|87|8|79|72|86|110|88,186,174
153,8.454409453525978e-05,-0.5906289775471317,-0.5908247202879774,4.782436394018375,4.7816530107181014,4.7816530107181014,12,0.48,0,4,3866,71.97399999999999,4.782436394018375,-0.020024815091644374,0.020756533033999876,53196.0,424.6183663493771,8.377502108999881,-0.5906289775471317,18.057741125957538,0.7790502822632411,41.97427311194416,10.219371959506166,0.4489812698746799,8|10|6|84|88|8|79|71|85|109|88,186,174
154,8.285321264455458e-05,-0.5906159191805467,-0.5908247202879774,4.782488654992485,4.7816530107181014,4.7816530107181014,11,0.44,0,9,3891,71.97399999999999,4.782488654992485,-0.019640453356058754,0.020535482224165506,53510.0,427.7872051695718,8.377444778709748,-0.5906159191805467,18.088250107699633,0.7437281348530412,42.27104467207904,10.295637013374908,0.4489705908304143,8|10|6|83|90|8|80|72|86|109|86,186,174
155,8.119614839166349e-05,-0.5903854618644957,-0.5908247202879774,4.783410969720685,4.7816530107181014,4.7816530107181014,9,0.36,0,7,3916,71.97399999999999,4.783410969720685,-0.019590768966207997,0.020512784277023192,54091.0,429.3181158677225,8.377473756067994,-0.5903854618644957,18.092193840913644,0.7401011848524034,42.8201665715643,10.332481735838742,0.44897598850921017,8|10|6|85|89|8|80|71|86|110|88,186,174
156,7.957222542383021e-05,-0.5904599950148591,-0.5908247202879774,4.7831126801133195,4.7816530107181014,4.7816530107181014,14,0.56,0,7,3941,71.97399999999999,4.7831126801133195,-0.019881851244626877,0.020124898375646613,53828.0,396.54530379364803,8.377461260359633,-0.5904599950148591,18.069088981362007,0.6781201272076578,42.571596761642404,9.543732159075521,0.4489736609050342,8|10|6|87|91|8|80|70|86|107|87,186,173
157,7.79807809153536e-05,-0.5904595834272147,-0.5908247202879774,4.7831143273309165,4.7816530107181014,4.7816530107181014,12,0.48,0,3,3966,71.97399999999999,4.7831143273309165,-0.022026107235977897,0.020023415329106297,53931.0,390.4215930066151,8.37746153306909,-0.5904595834272147,17.898887161477862,0.6619039498852625,42.668945394425506,9.396351632785148,0.44897371170324846,8|10|6|86|91|8|80|70|89|105|88,186,173
158,7.642116529704654e-05,-0.5905083335017532,-0.5908247202879774,4.782919224339533,4.7816530107181014,4.7816530107181014,11,0.44,0,4,3991,71.97399999999999,4.782919224339533,-0.0226177774154897,0.019883878982348887,53403.0,379.56140306319355,8.377446609992404,-0.5905083335017532,17.851922926922715,0.6396071602334217,42.16991550986748,9.13497735089317,0.44897093194762305,8|10|6|86|91|8|82|65|88|105|88,186,173
159,7.48927419911056e-05,-0.5921657642235666,-0.5921657642235666,4.776286010033759,4.776286010033759,4.776286010033759,14,0.56,1,4,4016,71.366,4.776286010033759,-0.018680316233722676,0.019229365910434934,53706.0,405.67769225682446,9.26712909951524,-0.5921657642235666,18.164461663698113,0.5350212180902103,42.45629061407407,9.763523110150663,0.6146941241020176,9|10|7|87|91|8|82|63|88|105|90,186,174
160,7.339488715128349e-05,-0.592557578531443,-0.592557578531443,4.774717927435792,4.774717927435792,4.774717927435792,14,0.56,3,5,4041,71.366,4.774717927435792,-0.01959766369690608,0.019318409316790127,53957.0,412.8426235437264,9.267126763242727,-0.592557578531443,18.091646566839486,0.5492496406304449,42.693518835710556,9.935962890640297,0.6146936889191934,7|10|7|86|93|9|84|64|88|104|89,186,174
161,7.192698940825781e-05,-0.5924715875487775,-0.592557578531443,4.775062072508571,4.774717927435792,4.774717927435792,14,0.56,0,7,4066,71.366,4.775062072508571,-0.01956586797061802,0.019326076291105346,53038.0,405.3732682131272,9.267128095072557,-0.5924715875487775,18.09417037486455,0.5504747616655377,41.8249421995196,9.756196478091136,0.614693937002182,7|10|7|88|92|9|81|64|89|102|87,186,171
162,7.048844962009266e-05,-0.5926811824158135,-0.5926811824158135,4.774223251523692,4.774223251523692,4.774223251523692,12,0.48,1,6,4091,71.366,4.774223251523692,-0.01950222476719406,0.019251762251787416,52781.0,405.01182766080115,9.267140044111041,-0.5926811824158135,18.099222098674442,0.5385999739033841,41.58204318374041,9.747497618743092,0.6146961627769095,7|10|7|87|91|9|81|65|89|101|88,186,169
163,6.90786806276908e-05,-0.592614429136367,-0.5926811824158135,4.7744904052589,4.774223251523692,4.774223251523692,12,0.48,0,4,4116,71.366,4.7744904052589,-0.01975301763310627,0.01912230674029465,53192.0,408.5927346436734,9.267142244464416,-0.592614429136367,18.079315239435438,0.5179140209162111,41.97049258251569,9.83367999640373,0.6146965726417652,8|10|7|88|91|9|80|65|90|102|88,186,169
164,6.769710701513699e-05,-0.5927936568571832,-0.5927936568571832,4.77377311682804,4.77377311682804,4.77377311682804,16,0.64,1,4,4141,71.366,4.77377311682804,-0.019909647148968316,0.019186886996763255,52698.0,408.30425329725995,9.267156710596858,-0.5927936568571832,18.06688266200307,0.5282334282076017,41.503597198099655,9.826737060308607,0.6146992672813412,8|10|7|87|89|9|80|67|91|100|88,186,169
165,6.634316487483424e-05,-0.592868128132311,-0.5929354683357453,4.773475074851959,4.7732055721844295,4.7732055721844295,12,0.48,3,8,4166,71.366,4.773475074851959,-0.020659091136469767,0.01936178099488643,52614.0,414.5736344835992,9.267163954432132,-0.592868128132311,18.00739502102714,0.5561800871114743,41.42420608010179,9.977623464139795,0.6147006166071053,9|10|7|85|89|9|80|66|90|101|90,185,170
166,6.501630157733755e-05,-0.5934535160283225,-0.593482484454051,4.7711322901339335,4.771016355408319,4.771016355408319,12,0.48,1,7,4191,71.366,4.7711322901339335,-0.020565396884166726,0.01899292486489424,52583.0,415.9425045866956,9.266796220193054,-0.5934535160283225,18.01483206787182,0.4972398343863103,41.39490697703115,10.01056832441058,0.6146321179093317,9|11|7|86|88|9|79|67|90|100|91,185,170
167,6.37159755457908e-05,-0.5936068936860174,-0.5936233845663359,4.770518456409351,4.770452458149633,4.770452458149633,14,0.56,1,4,4216,71.366,4.770518456409351,-0.020867411976514403,0.019141230586334174,52836.0,408.468512888135,9.266202682339951,-0.5936068936860174,17.990859408563697,0.5209378998148083,41.63402546338187,9.830690327501218,0.6145215582559284,9|11|7|85|87|9|79|66|93|100|92,185,170
168,6.244165603487499e-05,-0.5935918620965972,-0.5936233845663359,4.770578614431444,4.770452458149633,4.770452458149633,10,0.4,0,9,4241,71.366,4.770578614431444,-0.0181302050024125,0.01909762967698229,53299.0,414.9923624509297,9.26621194479667,-0.5935918620965972,18.20812712765641,0.5139708240167149,42.07162174472726,9.987701070732246,0.6145232835949258,10|12|7|84|87|9|79|69|93|100|93,185,170
169,6.11928229141775e-05,-0.5935851969790089,-0.5936233845663359,4.770605288942031,4.770452458149633,4.770452458149633,11,0.44,0,7,4266,71.366,4.770605288942031,-0.01783881222425877,0.019051656309653976,53442.0,417.2174440436502,9.266659362709845,-0.5935851969790089,18.23125663334179,0.5066246484522339,42.20677567179506,10.041252537739567,0.6146066251529216,10|12|7|83|88|9|82|69|93|101|90,185,170
170,5.9968966455893944e-05,-0.5935465574329555,-0.5936233845663359,4.7707599285213975,4.770452458149633,4.770452458149633,16,0.64,0,6,4291,71.366,4.7707599285213975,-0.017964367930945187,0.018963912656747076,53889.0,419.2370560305611,9.266486322039478,-0.5935465574329555,18.22129056125848,0.49260391609387155,42.62924983542657,10.08985892819216,0.6145743924714837,10|12|7|83|89|9|82|72|93|102|88,185,170
171,5.876958712677606e-05,-0.593569519024151,-0.5936233845663359,4.77066803378746,4.770452458149633,4.770452458149633,14,0.56,0,5,4316,71.366,4.77066803378746,-0.01677698648741081,0.01877744639800697,54927.0,421.6292540316132,9.266661224606578,-0.593569519024151,18.315539794279807,0.46280810270969275,43.61029722211451,10.147432417967737,0.6146069719726845,9|12|7|83|91|9|81|70|95|104|90,185,170
172,5.759419538424054e-05,-0.593560598975877,-0.5936233845663359,4.770703732770857,4.770452458149633,4.770452458149633,12,0.48,0,5,4341,71.32866666666668,4.770703732770857,-0.015317484216552156,0.018392336412027668,55021.0,429.9319277085673,9.379654185777778,-0.593560598975877,18.43138880840273,0.4012706140929651,43.69913966368355,10.347254463567577,0.6356544292810911,9|12|8|84|92|9|84|69|93|101|92,186,171
173,5.644231147655573e-05,-0.5935430550676447,-0.5936233845663359,4.770773945360459,4.770452458149633,4.770452458149633,11,0.44,0,8,4366,71.32866666666668,4.770773945360459,-0.015321593604759683,0.018332854072706774,54799.0,431.7698165049774,9.379647831011333,-0.5935430550676447,18.43106262283797,0.3917658130955364,43.48932028040347,10.391487287013726,0.6356532455642112,9|12|8|84|92|9|82|68|91|104|92,185,171
174,5.531346524702461e-05,-0.5935841667911101,-0.5936233845663359,4.7706094118637425,4.770452458149633,4.770452458149633,14,0.56,0,9,4391,71.32866666666668,4.7706094118637425,-0.016519629102236186,0.017996561305638363,55343.0,421.22931023418397,9.379642362901704,-0.5935841667911101,18.335967716829177,0.3380289247291247,44.003472282675375,10.137806893608143,0.6356522270069243,10|12|8|83|94|9|85|69|87|105|93,185,170
175,5.4207195942084116e-05,-0.5936551647862206,-0.5936551647862206,4.77032527032428,4.77032527032428,4.77032527032428,4,0.16,1,11,4416,71.32866666666668,4.77032527032428,-0.016447277909698358,0.01800485459324064,55297.0,421.52540188105786,9.379639407806962,-0.5936551647862206,18.34171064336892,0.3393541256067978,43.95999619424797,10.144932988269385,0.635651676554668,10|12|8|82|95|9|85|70|87|104|93,185,170
176,5.312305202324243e-05,-0.5935906045131305,-0.5936551647862206,4.770583647414441,4.77032527032428,4.77032527032428,11,0.44,0,6,4441,71.32866666666668,4.770583647414441,-0.018124671004344343,0.018912449749128406,54991.0,418.3850062731159,9.379631231948348,-0.5935906045131305,18.208566392625816,0.4843805559965881,43.67078569297003,10.069352482665083,0.6356501536187846,10|12|8|82|94|9|86|69|86|105|92,184,171
177,5.206059098277758e-05,-0.593510817521501,-0.5936551647862206,4.770902963454216,4.77032527032428,4.77032527032428,10,0.4,0,10,4466,71.32866666666668,4.770902963454216,-0.018171746291896596,0.01886935233201189,55055.0,415.7159243638285,9.37961664756513,-0.593510817521501,18.20482975873262,0.4774939342215802,43.731274163825546,10.005115174571458,0.6356474369523661,10|12|8|82|95|9|85|67|87|103|95,184,172
178,5.101937916312203e-05,-0.5936081307363523,-0.5936551647862206,4.770513505602135,4.77032527032428,4.77032527032428,18,0.72,0,5,4491,71.32866666666668,4.770513505602135,-0.017954961116111227,0.018698349669976827,54655.0,412.60427287711286,9.379639707993501,-0.5936081307363523,18.22203723376891,0.4501690796306159,43.353221220978554,9.930226459265787,0.6356517324711012,10|12|8|81|95|9|83|69|86|103|95,184,171
179,4.999899157985959e-05,-0.5939917775104663,-0.5939917775104663,4.768978110344327,4.768978110344327,4.768978110344327,11,0.44,3,7,4516,71.32866666666668,4.768978110344327,-0.018089489079870447,0.018784778199320354,54534.0,414.28949900892417,9.380510003303455,-0.5939917775104663,18.211358982501572,0.463979665785927,43.23886020576734,9.970785120976357,0.6358138443689759,10|12|8|78|96|9|85|69|85|103|95,185,172
180,4.899901174826239e-05,-0.5941288868182715,-0.5941288868182715,4.768429384288982,4.768429384288982,4.768429384288982,11,0.44,1,10,4541,71.32866666666668,4.768429384288982,-0.014966073070264086,0.018668653418124764,55112.0,398.5073225998989,9.380523732842864,-0.5941288868182715,18.459282314060196,0.4454238566376084,43.78514670818124,9.590952443362815,0.6358164018016831,10|12|8|77|97|8|83|69|90|104|94,185,171
181,4.801903151329714e-05,-0.5939939605707665,-0.5941288868182715,4.768969373504456,4.768429384288982,4.768429384288982,13,0.52,0,6,4566,71.32866666666668,4.768969373504456,-0.01481139528526464,0.0186162986561815,54689.0,397.58297409684167,9.380506711061225,-0.5939939605707665,18.471559971489505,0.43705798536859336,43.38535572112055,9.568705970008004,0.6358132311154859,10|13|8|77|97|8|85|69|90|102|92,185,172
182,4.70586508830312e-05,-0.5946271111366399,-0.5946271111366399,4.766435437493746,4.766435437493746,4.766435437493746,11,0.44,2,6,4591,71.32866666666668,4.766435437493746,-0.015015382565922596,0.01867341354708607,53481.0,397.5914987657525,9.383447424429082,-0.5946271111366399,18.45536833833505,0.44618448708718156,42.24363583372264,9.568911134855629,0.6363610045203485,10|13|8|76|95|9|84|68|89|101|92,185,173
183,4.611747786537057e-05,-0.5946779587699272,-0.5946779587699272,4.766231939848808,4.766231939848808,4.766231939848808,11,0.44,1,8,4616,71.32866666666668,4.766231939848808,-0.015345340162498278,0.018806999117995462,53620.0,394.3763128241834,9.383418140088054,-0.5946779587699272,18.429177723199402,0.46753039046149064,42.37500923136197,9.491530635895218,0.6363555496591676,10|13|8|77|96|9|84|68|91|100|90,185,173
184,4.519512830806316e-05,-0.5946779587699272,-0.5946779587699272,4.766231939848808,4.766231939848808,4.766231939848808,16,0.64,0,5,4641,71.32866666666668,4.766231939848808,-0.016808398984945187,0.02044528655428632,53407.0,399.4420728241515,9.374703095355844,-0.5946779587699272,18.313046405305254,0.7293155898385197,42.17369603929595,9.613449256943905,0.6347321783443464,11|13|7|77|96|9|80|71|90|101|90,185,173
185,4.42912257419019e-05,-0.5946983373545514,-0.5946983373545514,4.766150382582323,4.766150382582323,4.766150382582323,14,0.56,1,8,4666,71.32866666666668,4.766150382582323,-0.01657431046631361,0.02042510553935264,53881.0,400.875171313319,9.374718593295134,-0.5946983373545514,18.331627345288997,0.7260908254284322,42.62168877656963,9.647939914145857,0.6347350651809438,10|13|7|76|96|9|82|72|90|101|91,185,173
186,4.340540122706386e-05,-0.5947357118815222,-0.5947357118815222,4.76600080574408,4.76600080574408,4.76600080574408,15,0.6,1,4,4691,71.32866666666668,4.76600080574408,-0.018663223176135245,0.020506855723290782,53800.0,383.0058220928667,9.374844380979262,-0.5947357118815222,18.165818437106,0.7391538494908076,42.54513305564311,9.217874846711023,0.6347584959405608,9|13|7|75|95|9|82|74|89|100|93,185,173
187,4.253729320252258e-05,-0.5947357118815222,-0.5947357118815222,4.76600080574408,4.76600080574408,4.76600080574408,12,0.48,0,5,4716,71.32866666666668,4.76600080574408,-0.018696411544776057,0.020535917131930724,53998.0,381.9662192835638,9.374844380979262,-0.5947357118815222,18.1631840871196,0.7437976296275881,42.732269262352375,9.192854525782012,0.6347584959405608,10|13|7|75|94|9|80|75|92|100|93,185,173
188,4.1686547338472126e-05,-0.5947007649759176,-0.5947357118815222,4.766140666983014,4.76600080574408,4.76600080574408,7,0.28,0,9,4741,71.32866666666668,4.766140666983014,-0.018789009154082104,0.020614740562479347,53825.0,381.92010621908196,9.374839869627973,-0.5947007649759176,18.155834087080247,0.7563929819599424,42.56876136457105,9.19174471378263,0.6347576556008381,10|13|7|74|93|9|79|77|91|101|93,184,173
189,4.085281639170268e-05,-0.594661230342179,-0.5947550553139294,4.766298888798645,4.7659233912670365,4.7659233912670365,11,0.44,1,6,4766,71.32866666666668,4.766298888798645,-0.01875600427142022,0.02060532923919278,54140.0,383.02386846756633,9.374493664527243,-0.594661230342179,18.158453872738665,0.7548891279423873,42.866478057063055,9.21830917228474,0.6346931671849046,10|12|7|74|94|9|81|76|91|100|94,184,173
190,4.0035760063868626e-05,-0.5947060373409528,-0.5947550553139294,4.766119566416506,4.7659233912670365,4.7659233912670365,14,0.56,0,4,4791,71.32866666666668,4.766119566416506,-0.01946888346383571,0.02102596103646233,53996.0,396.3227227509869,9.37488468005608,-0.5947060373409528,18.10186858796107,0.8221027172511303,42.73037899763814,9.538375258276233,0.6347660025417695,9|12|7|75|91|10|81|79|92|99|93,184,173
191,3.9235044862591255e-05,-0.5949126901989901,-0.5949126901989901,4.765292519665037,4.765292519665037,4.765292519665037,9,0.36,1,10,4816,71.32866666666668,4.765292519665037,-0.019819365225581,0.021085839807969083,54103.0,397.8752888854095,9.37491653806435,-0.5949126901989901,18.074048852852084,0.8316708649339549,42.83150815984971,9.57574116629337,0.6347719368058335,10|12|7|73|91|10|81|79|91|99|96,184,174
192,3.845034396533943e-05,-0.5949603092609347,-0.5949603092609347,4.765101943106535,4.765101943106535,4.765101943106535,12,0.48,2,5,4841,71.32866666666668,4.765101943106535,-0.01946137983618854,0.020954579200424223,55105.0,400.83040135454894,9.37488221437932,-0.5949603092609347,18.102464193656676,0.8106964720677813,43.77853078168142,9.646862426930179,0.6347655432545198,10|13|7|73|93|10|82|78|91|102|96,184,174
193,3.7681337086032644e-05,-0.5952155955733744,-0.5952155955733744,4.764080260089889,4.764080260089889,4.764080260089889,7,0.28,2,7,4866,71.32866666666668,4.764080260089889,-0.019604684032805263,0.021010386991179717,55089.0,400.4784163944945,9.374861573944264,-0.5952155955733744,18.09108932276459,0.8196141096606051,43.76340866396754,9.638391137141483,0.6347616985134744,10|13|7|73|92|10|83|78|90|101|98,184,174
194,3.692771034431199e-05,-0.5952155955733744,-0.5952155955733744,4.764080260089889,4.764080260089889,4.764080260089889,9,0.36,0,9,4891,71.32866666666668,4.764080260089889,-0.019246803520510666,0.020799891881053606,55374.0,402.0521392374386,9.374861573944264,-0.5952155955733744,18.119496338876147,0.7859786784465245,44.03277138574602,9.67626622773515,0.6347616985134744,11|13|7|74|92|10|85|79|90|102|95,184,174
195,3.618915613742575e-05,-0.5953480335134625,-0.5953480335134625,4.763550229345763,4.763550229345763,4.763550229345763,11,0.44,1,9,4916,71.32866666666668,4.763550229345763,-0.017813090949649515,0.0194088194718368,55398.0,407.9834706166777,9.383646566445087,-0.5953480335134625,18.233298277513892,0.5636964586553616,44.05545456231684,9.819016721786229,0.6363980991591359,11|12|8|73|91|10|85|80|89|102|97,185,174
196,3.546537301467724e-05,-0.5953480335134625,-0.5953480335134625,4.763550229345763,4.763550229345763,4.763550229345763,8,0.32,0,9,4941,71.32866666666668,4.763550229345763,-0.017869570298371027,0.0194373620194378,55468.0,409.5229397551962,9.383646566445087,-0.5953480335134625,18.22881518968434,0.5682573289574452,44.12161382731506,9.856067421881843,0.6363980991591359,11|12|8|72|91|10|85|79|90|102|98,185,173
197,3.4756065554383696e-05,-0.5954041987106172,-0.5954041987106172,4.763325450243777,4.763325450243777,4.763325450243777,11,0.44,1,8,4966,71.32866666666668,4.763325450243777,-0.01921782508698738,0.01947400444431078,54968.0,410.3579591025934,9.383653262114443,-0.5954041987106172,18.12179652231644,0.5741124947168486,43.64904764875632,9.876163993252039,0.6363993463767808,10|12|8|72|92|10|85|79|86|105|95,185,172
198,3.406094424329602e-05,-0.5956854953435647,-0.5956854953435647,4.762199671153722,4.762199671153722,4.762199671153722,12,0.48,1,8,4991,71.32866666666668,4.762199671153722,-0.019435108709147126,0.019397248459893126,55300.0,405.19540417339294,9.383933677180464,-0.5956854953435647,18.10454948275037,0.5618475037030324,43.96283159131932,9.751915790009054,0.6364515799324777,10|12|8|73|91|10|85|80|86|106|95,185,173
199,3.33797253584301e-05,-0.5959841615383035,-0.5959841615383035,4.761004377227093,4.761004377227093,4.761004377227093,13,0.52,1,7,5016,71.32866666666668,4.761004377227093,-0.01937627645944622,0.019352202402670785,55948.0,406.52380589294813,9.384732450625364,-0.5959841615383035,18.10921933374175,0.5546495048599246,44.57527735873145,9.783886689903225,0.6366003692889683,10|12|8|75|93|10|82|84|85|106|95,185,174
200,3.2712130851261495e-05,-0.5959841615383035,-0.5959841615383035,4.761004377227093,4.761004377227093,4.761004377227093,12,0.48,0,4,5041,71.32866666666668,4.761004377227093,-0.012732941098648741,0.017103091759971326,55133.0,420.2267726090462,9.384732450625364,-0.5959841615383035,18.636538727074075,0.19525965361800635,43.80499448768071,10.113678627601267,0.6366003692889683,11|12|8|76|91|10|82|83|87|104|93,184,174
201,3.2057888234236266e-05,-0.5959841615383035,-0.5959841615383035,4.761004377227093,4.761004377227093,4.761004377227093,17,0.68,0,2,5066,71.32866666666668,4.761004377227093,-0.012260898932754104,0.01686345019994009,55728.0,427.5205688834609,9.384732450625364,-0.5959841615383035,18.67400740433154,0.15696685335468222,44.367348240165605,10.289219826551136,0.6366003692889683,11|12|8|76|93|10|81|84|86|105|94,183,174
202,3.141673046955154e-05,-0.5959513540247542,-0.5959841615383035,4.761135676391123,4.761004377227093,4.761004377227093,9,0.36,0,12,5091,71.32866666666668,4.761135676391123,-0.012162838948619609,0.016860565004861505,55148.0,427.8636426474404,9.384732450625364,-0.5959513540247542,18.681790984195523,0.15650582230960544,43.81917147303747,10.297476648868543,0.6366003692889683,12|12|8|77|93|10|82|85|82|103|94,182,174
203,3.0788395860160506e-05,-0.5960105892602382,-0.5960105892602382,4.760898610668709,4.760898610668709,4.760898610668709,12,0.48,1,6,5116,71.29,4.760898610668709,-0.01232445783869726,0.017132624736432553,54660.0,420.0038794653949,9.38480500292144,-0.5960105892602382,18.66896237169318,0.19997878651241666,43.35794688276414,10.108314215407374,0.6366138837710957,12|12|8|77|90|11|81|84|83|104|94,182,174
204,3.0172627942957294e-05,-0.5960105892602382,-0.5960105892602382,4.760898610668709,4.760898610668709,4.760898610668709,14,0.56,0,7,5141,71.29,4.760898610668709,-0.01249117810828545,0.01721179820758612,54995.0,418.671617020623,9.38480500292144,-0.5960105892602382,18.65572883362219,0.21263007252742333,43.6745662223985,10.076250398696246,0.6366138837710957,11|12|8|78|88|11|83|83|83|105|95,182,174
205,2.956917538409815e-05,-0.5960105892602382,-0.5960105892602382,4.760898610668709,4.760898610668709,4.760898610668709,11,0.44,0,7,5166,71.29,4.760898610668709,-0.015491860841899142,0.018333056950475653,55699.0,416.51241294773445,9.37608995818923,-0.5960105892602382,18.4175475417354,0.39179823133668185,44.3399394018092,10.02428441863976,0.6349905124562745,10|12|7|77|89|11|84|83|84|105|97,182,174
206,2.8977791876416186e-05,-0.5960105892602382,-0.5960105892602382,4.760898610668709,4.760898610668709,4.760898610668709,10,0.4,0,10,5191,71.29,4.760898610668709,-0.016210187428943926,0.018458276055289678,56062.0,416.65630323975483,9.37608995818923,-0.5960105892602382,18.36052986619697,0.4118072404967404,44.68302244744284,10.027747453995863,0.6349905124562745,9|12|7|76|89|11|86|83|84|105|98,181,174
207,2.8398236038887862e-05,-0.5960955528701802,-0.5960955528701802,4.760558577251009,4.760558577251009,4.760558577251009,11,0.44,1,12,5216,71.29,4.760558577251009,-0.01593681068714383,0.01840085812730939,56828.0,423.67691392270245,9.37610825928573,-0.5960955528701802,18.382229336388985,0.4026323158826773,45.40699383299483,10.196713842729249,0.6349939214433767,9|12|7|74|91|11|87|85|84|105|99,181,177
208,2.7830271318110105e-05,-0.5959928148682075,-0.5960955528701802,4.7609697456790245,4.760558577251009,4.760558577251009,12,0.48,0,4,5241,71.29,4.7609697456790245,-0.013421750137867026,0.015915625128542395,56782.0,424.56774388370724,9.376084632982064,-0.5959928148682075,18.58186402755103,0.005512004959970752,45.363517744567424,10.218153618880358,0.6349895205177563,9|12|7|75|90|11|86|85|85|104|100,181,177
209,2.72736658917479e-05,-0.5960955528701773,-0.5960955528701802,4.760558577251021,4.760558577251009,4.760558577251009,7,0.28,0,10,5266,71.29,4.760558577251021,-0.013627829645531215,0.015834795698717347,57041.0,432.83176329544636,9.37610825928573,-0.5960955528701773,18.565506322413796,-0.007403889976139276,45.608307025060846,10.417045364838547,0.6349939214433767,10|11|7|74|90|11|84|86|86|105|101,181,177
210,2.6728192573912944e-05,-0.5960955528701773,-0.5960955528701802,4.760558577251021,4.760558577251009,4.760558577251009,6,0.24,0,13,5291,71.29,4.760558577251021,-0.011398974728483726,0.01585616893283732,57794.0,432.58244172967704,9.37610825928573,-0.5960955528701773,18.742423241228227,-0.003988618497223889,46.31999168997031,10.41104489472222,0.6349939214433767,10|11|7|74|91|10|85|86|86|107|101,182,177
211,2.6193628722434685e-05,-0.5960955528701773,-0.5960955528701802,4.760558577251021,4.760558577251009,4.760558577251009,13,0.52,0,6,5316,71.29,4.760558577251021,-0.011352418978124742,0.01583258754211304,57994.0,427.7047047448069,9.37610825928573,-0.5960955528701773,18.746118636493126,-0.007756735700344241,46.509018161393804,10.293651459771239,0.6349939214433767,11|11|7|73|90|10|87|88|86|108|99,182,177
212,2.566975614798599e-05,-0.5961300328527729,-0.5961300328527729,4.760420584687709,4.760420584687709,4.760420584687709,14,0.56,1,5,5341,71.29,4.760420584687709,-0.011177419545964247,0.015714711276342778,57261.0,425.8892085740641,9.37610825928573,-0.5961300328527729,18.76000933888713,-0.026592418043335352,45.816236143626696,10.249957563957475,0.6349939214433767,10|11|7|72|89|10|83|88|90|107|98,182,176
213,2.5156361025026268e-05,-0.5961300328527729,-0.5961300328527729,4.760420584687709,4.760420584687709,4.760420584687709,7,0.28,0,9,5366,71.29,4.760420584687709,-0.010879704349843157,0.01568110742954587,56712.0,427.5324230999513,9.37610825928573,-0.5961300328527729,18.783640690923157,-0.03196204338422189,45.2973584795692,10.289505124261279,0.6349939214433767,10|11|7|72|90|10|82|87|90|107|96,183,176
214,2.465323380452574e-05,-0.596102067504022,-0.5961300328527729,4.7605325049924065,4.760420584687709,4.760420584687709,9,0.36,0,9,5391,71.29,4.7605325049924065,-0.010617151452500069,0.015588028311009363,56969.0,429.0039985849224,9.376095027891791,-0.596102067504022,18.804481010886768,-0.04683534037970215,45.54025749534839,10.324921814727833,0.6349914568013658,9|11|7|73|92|10|84|86|89|106|96,183,176
215,2.4160169128435224e-05,-0.5962451079974534,-0.5962451079974534,4.759960041700368,4.759960041700368,4.759960041700368,7,0.28,1,6,5416,71.29,4.759960041700368,-0.010668714760052296,0.015563080755523484,57155.0,429.3840862698972,9.376112240797545,-0.5962451079974534,18.80038813726532,-0.05082175976019036,45.71605211377224,10.3340694582068,0.6349946630886888,9|10|7|72|92|10|84|86|92|106|95,183,176
216,2.3676965745866518e-05,-0.5962451079974534,-0.5962451079974534,4.759960041700368,4.759960041700368,4.759960041700368,14,0.56,0,6,5441,71.29,4.759960041700368,-0.009402807537866275,0.01569996037343981,57212.0,427.97924290365347,9.376112240797545,-0.5962451079974534,18.900870408920202,-0.02894949408011895,45.769924658127934,10.300258822487203,0.6349946630886888,9|11|7|73|88|10|85|87|92|109|93,184,176
217,2.3203426430949188e-05,-0.596215941038109,-0.5962730733462039,4.760076770978662,4.759848121395672,4.759848121395672,17,0.68,1,2,5466,71.29,4.760076770978662,-0.009018442801959474,0.01578878802390316,57185.0,418.69983734034656,9.376099589325486,-0.596215941038109,18.931379628814888,-0.014755547601845064,45.74440608448577,10.076929582563281,0.6349923064700528,8|11|7|73|89|10|84|86|93|108|94,184,176
218,2.2739357902330203e-05,-0.5962357728257296,-0.5962730733462039,4.759997402052032,4.759848121395672,4.759848121395672,9,0.36,0,6,5491,71.29,4.759997402052032,-0.00890962551059444,0.015763349262642976,57496.0,420.23725128699704,9.376233585324902,-0.5962357728257296,18.940017077468358,-0.018820457727432578,46.0383422475493,10.113930819960595,0.635017266211332,8|11|7|71|90|10|81|88|94|108|96,184,175
219,2.2284570744283597e-05,-0.5963019135011404,-0.5963019135011404,4.759732700023432,4.759732700023432,4.759732700023432,13,0.52,1,4,5516,71.29,4.759732700023432,-0.009221056049918849,0.015853027804190147,57396.0,419.84634021847046,9.376140321221452,-0.5963019135011404,18.91529706046744,-0.004490545674930367,45.94382901183755,10.10452268802625,0.6349998936934741,7|11|7|70|87|10|81|89|94|109|97,184,173
220,2.1838879329397924e-05,-0.5963019135011404,-0.5963019135011404,4.759732700023432,4.759732700023432,4.759732700023432,17,0.68,0,3,5541,71.29,4.759732700023432,-0.010157526204693939,0.016063657969441737,57605.0,410.562549499285,9.376140321221452,-0.5963019135011404,18.840964086581483,0.02916646626556443,46.14136167447511,9.881087909711681,0.6349998936934741,9|11|7|70|88|10|84|87|91|110|98,184,172
221,2.1402101742809967e-05,-0.5963019135011404,-0.5963019135011404,4.759732700023432,4.759732700023432,4.759732700023432,7,0.28,0,8,5566,71.29,4.759732700023432,-0.010073675148652981,0.016045130370090463,57637.0,412.28127214609503,9.376140321221452,-0.5963019135011404,18.847619822834496,0.026205904411331943,46.171605909902866,9.922452738496611,0.6349998936934741,9|11|7|71|89|10|81|87|92|111|97,184,172
222,2.0974059707953767e-05,-0.5962776950243482,-0.5963019135011404,4.759829624947416,4.759732700023432,4.759732700023432,14,0.56,0,6,5591,71.29,4.759829624947416,-0.012432936696526974,0.017546480906232693,57678.0,419.3096368814322,9.376143476324103,-0.5962776950243482,18.660351786438415,0.26610968486675673,46.21035633654468,10.091605745501468,0.635000481401661,9|12|7|71|86|10|83|87|93|112|96,184,172
223,2.055457851379469e-05,-0.5962268554121813,-0.5963019135011404,4.760033090490976,4.759732700023432,4.759732700023432,13,0.52,0,5,5616,71.29,4.760033090490976,-0.012771048638532683,0.01771908507994939,57533.0,414.24970958924376,9.37618197289047,-0.5962268554121813,18.63351391442777,0.29369044818630813,46.073312144762646,9.969827501353677,0.6350076522451252,9|12|7|70|85|10|83|89|92|112|96,184,173
224,2.0143486943518795e-05,-0.596325766065831,-0.596325766065831,4.759637239518656,4.759637239518656,4.759637239518656,14,0.56,2,7,5641,71.29,4.759637239518656,-0.014966210288912672,0.017714101044571974,58816.0,410.76329522198284,9.376240541405885,-0.596325766065831,18.459271422233936,0.29289403928633334,47.28591695894436,9.885919295662239,0.6350185619364462,8|12|7|66|89|10|85|91|92|114|96,184,174
225,1.974061720464842e-05,-0.5964244654061538,-0.5964244654061538,4.75924223424478,4.75924223424478,4.75924223424478,10,0.4,1,9,5666,71.32866666666668,4.75924223424478,-0.01629698348779636,0.017586647301469555,59226.0,409.0786097315436,9.37605000509089,-0.5964244654061538,18.353640368284854,0.2725279528412366,47.67342122536253,9.845373645671641,0.6349830703012684,9|11|7|67|89|9|85|91|95|112|97,184,174
226,1.934580486055545e-05,-0.5965185629345308,-0.5965185629345308,4.758865645912518,4.758865645912518,4.758865645912518,10,0.4,1,3,5691,71.32866666666668,4.758865645912518,-0.015932739971704094,0.01765108668664622,59884.0,413.3145375018747,9.376068432900977,-0.5965185629345308,18.38255245227574,0.2828248500294363,48.29531831634583,9.947320534711757,0.6349865028916003,8|11|7|65|88|9|85|93|98|111|99,184,173
227,1.895888876334434e-05,-0.596759712908913,-0.596759712908913,4.757900538026646,4.757900538026646,4.757900538026646,12,0.48,1,4,5716,71.32866666666668,4.757900538026646,-0.01570818993209296,0.017687957855289687,59726.0,418.18203907276825,9.37636601245689,-0.596759712908913,18.400376268812117,0.2887165672096935,48.14598740392127,10.064467631984305,0.6350419337160871,8|11|7|63|88|9|84|92|97|113|100,184,173
228,1.8579710988077453e-05,-0.5967929515532311,-0.5967929515532311,4.757767513431353,4.757767513431353,4.757767513431353,8,0.32,1,6,5741,71.32866666666668,4.757767513431353,-0.015664212067885694,0.017700479165731496,60029.0,418.52795731803906,9.376285234482612,-0.5967929515532311,18.403867042559696,0.2907173722441824,48.43236250812786,10.072792912980496,0.6350268870180676,8|11|7|62|88|9|84|92|97|114|101,184,173
229,1.8208116768315905e-05,-0.5967929515532311,-0.5967929515532311,4.757767513431353,4.757767513431353,4.757767513431353,12,0.48,0,7,5766,71.32866666666668,4.757767513431353,-0.01416394441737318,0.01717034418810826,60588.0,431.91107227423146,9.376285234482612,-0.5967929515532311,18.522951837220642,0.2060060525211659,48.96069149575653,10.39488691680328,0.6350268870180676,8|11|7|62|88|9|87|91|97|115|101,184,173
230,1.7843954432949586e-05,-0.5967929515532311,-0.5967929515532311,4.757767513431353,4.757767513431353,4.757767513431353,11,0.44,0,5,5791,71.32866666666668,4.757767513431353,-0.014228543624770856,0.017168489705620578,60642.0,437.5022567429692,9.376285234482612,-0.5967929515532311,18.517824229926315,0.20570972108565305,49.011728643040875,10.529451029683013,0.6350268870180676,8|11|7|62|88|9|87|88|100|115|101,184,173
231,1.7487075344290594e-05,-0.5967929515532311,-0.5967929515532311,4.757767513431353,4.757767513431353,4.757767513431353,10,0.4,0,9,5816,71.32866666666668,4.757767513431353,-0.016382586586428303,0.017268385768590484,60526.0,427.80187657477404,9.376285234482612,-0.5967929515532311,18.34684556242508,0.22167231115517377,48.902093289615244,10.29599011290807,0.6350268870180676,6|11|7|62|87|9|91|88|98|114|101,185,173
232,1.713733383740478e-05,-0.5967929515532311,-0.5967929515532311,4.757767513431353,4.757767513431353,4.757767513431353,9,0.36,0,9,5841,71.32866666666668,4.757767513431353,-0.01648712816532891,0.01727638958375261,60550.0,428.9641626038115,9.376285234482612,-0.5967929515532311,18.338547501440658,0.22295125665739743,48.92477646618607,10.323963074502242,0.6350268870180676,6|11|7|62|87|9|90|89|98|115|100,185,173
233,1.6794587160656686e-05,-0.5967929515532311,-0.5967929515532311,4.757767513431353,4.757767513431353,4.757767513431353,10,0.4,0,6,5866,71.32866666666668,4.757767513431353,-0.016571595259144468,0.01725820543465891,61416.0,429.40370407464553,9.376285234482612,-0.5967929515532311,18.331842866758176,0.2200455754011384,49.7432610874498,10.334541603689992,0.6350268870180676,6|11|7|62|87|9|91|88|99|117|101,185,173
234,1.645869541744355e-05,-0.5967929515532311,-0.5967929515532311,4.757767513431353,4.757767513431353,4.757767513431353,15,0.6,0,4,5891,71.32866666666668,4.757767513431353,-0.016528603449716267,0.017210813037288084,61643.0,427.864567877811,9.376285234482612,-0.5967929515532311,18.335255371717615,0.2124726502111812,49.957806132515465,10.297498916565974,0.6350268870180676,6|11|7|63|88|9|91|85|98|118|103,185,176
235,1.6129521509094678e-05,-0.5967929515532311,-0.5967929515532311,4.757767513431353,4.757767513431353,4.757767513431353,14,0.56,0,7,5916,71.32866666666668,4.757767513431353,-0.01644242976318717,0.017122293536216422,61532.0,428.9038838794696,9.376285234482612,-0.5967929515532311,18.342095468391026,0.19832794353549255,49.852896440875426,10.322512334840201,0.6350268870180676,7|11|7|64|87|9|92|87|97|118|101,185,176
236,1.5806931078912785e-05,-0.5967929515532311,-0.5967929515532311,4.757767513431353,4.757767513431353,4.757767513431353,12,0.48,0,6,5941,71.32866666666668,4.757767513431353,-0.01475169994961557,0.01710666171402444,61256.0,429.59514805668385,9.376285234482612,-0.5967929515532311,18.476298330532014,0.1958301036580047,49.592039910311,10.339149122857567,0.6350268870180676,7|11|7|65|84|9|91|85|98|119|102,185,176
237,1.549079245733453e-05,-0.5967929515532311,-0.5967929515532311,4.757767513431353,4.757767513431353,4.757767513431353,11,0.44,0,5,5966,71.32866666666668,4.757767513431353,-0.014737379922681289,0.01715318669351974,61823.0,430.60313333376905,9.376285234482612,-0.5967929515532311,18.47743499269121,0.20326442242490209,50.12792995679661,10.363408498552502,0.6350268870180676,7|11|7|65|85|9|92|84|98|118|105,185,176
238,1.518097660818784e-05,-0.5967929515532311,-0.5967929515532311,4.757767513431353,4.757767513431353,4.757767513431353,13,0.52,0,5,5991,71.32866666666668,4.757767513431353,-0.014943882784326982,0.01716041966718779,61140.0,436.4886382436049,9.376285234482612,-0.5967929515532311,18.461043683535426,0.20442019363564068,49.48240455688538,10.505056078143122,0.6350268870180676,7|11|7|66|85|9|93|86|93|119|102,185,175
239,1.4877357076024083e-05,-0.5967929515532311,-0.5967929515532311,4.757767513431353,4.757767513431353,4.757767513431353,10,0.4,0,11,6016,71.32866666666668,4.757767513431353,-0.01499490815291804,0.017215675151084256,61074.0,433.06377836277863,9.376285234482612,-0.5967929515532311,18.456993509195474,0.2132495770198286,49.420025821315626,10.42262931612559,0.6350268870180676,7|11|7|66|86|9|94|85|94|118|101,185,174
240,1.4579809934503602e-05,-0.5967929515532311,-0.5967929515532311,4.757767513431353,4.757767513431353,4.757767513431353,11,0.44,0,6,6041,71.32866666666668,4.757767513431353,-0.015308191764461911,0.017080736977099747,61211.0,427.9180135019499,9.376285234482612,-0.5967929515532311,18.43212640329034,0.1916875385169372,49.549508954240714,10.298785202690098,0.6350268870180676,7|11|7|66|87|9|95|84|96|117|100,185,174
241,1.428821373581353e-05,-0.5967929515532311,-0.5967929515532311,4.757767513431353,4.757767513431353,4.757767513431353,14,0.56,0,3,6066,71.32866666666668,4.757767513431353,-0.01874870707327008,0.019631167487037398,61308.0,415.88937911227794,9.376285234482612,-0.5967929515532311,18.15903309294848,0.5992258890843459,49.641186792881115,10.009289743391426,0.6350268870180676,7|11|7|67|86|9|95|85|96|116|101,185,174
242,1.400244946109726e-05,-0.5967929515532311,-0.5967929515532311,4.757767513431353,4.757767513431353,4.757767513431353,14,0.56,0,5,6091,71.32866666666668,4.757767513431353,-0.018686132025780358,0.019552809376600346,61111.0,415.729049708482,9.376285234482612,-0.5967929515532311,18.16400003113359,0.5867048911756925,49.45499571852897,10.005431064767787,0.6350268870180676,7|11|7|67|86|9|94|85|97|116|100,185,173
243,1.3722400471875313e-05,-0.5967929515532311,-0.5967929515532311,4.757767513431353,4.757767513431353,4.757767513431353,14,0.56,0,5,6116,71.32866666666668,4.757767513431353,-0.0186402165410603,0.0194325707877597,60723.0,423.1698668469187,9.376285234482612,-0.5967929515532311,18.167644604865334,0.5674917285430564,49.08828436396739,10.184510643152738,0.6350268870180676,7|11|7|66|87|9|94|84|97|114|101,185,173
244,1.3447952462437806e-05,-0.5967929515532311,-0.5967929515532311,4.757767513431353,4.757767513431353,4.757767513431353,12,0.48,0,6,6141,71.32866666666668,4.757767513431353,-0.01989993639777663,0.019423839478506587,61426.0,420.3018792719506,9.376285234482612,-0.5967929515532311,18.067653459674585,0.5660965353168763,49.75271241102097,10.115486234114986,0.6350268870180676,6|11|7|66|90|9|94|86|95|115|101,185,172
245,1.317899341318905e-05,-0.5967929515532311,-0.5967929515532311,4.757767513431353,4.757767513431353,4.757767513431353,14,0.56,0,4,6166,71.32866666666668,4.757767513431353,-0.019709172784675308,0.019375943257889706,62572.0,420.4375983134862,9.376285234482612,-0.5967929515532311,18.082795454962685,0.5584431032109791,50.8358340922776,10.118752610412752,0.6350268870180676,6|11|7|65|91|9|96|88|95|113|105,184,172
246,1.2915413544925267e-05,-0.5967929515532311,-0.5967929515532311,4.757767513431353,4.757767513431353,4.757767513431353,15,0.6,0,4,6191,71.32866666666668,4.757767513431353,-0.020411703066748877,0.01933931175565135,62947.0,418.7741224209307,9.376285234482612,-0.5967929515532311,18.02703162218575,0.5525896828010298,51.19025872619665,10.078717415897147,0.6350268870180676,5|11|7|65|91|9|99|87|95|111|107,184,172
247,1.2657105274026763e-05,-0.5967929515532311,-0.5967929515532311,4.757767513431353,4.757767513431353,4.757767513431353,11,0.44,0,10,6216,71.32866666666668,4.757767513431353,-0.020368891978432554,0.019339813478757264,62312.0,419.6500525386986,9.376285234482612,-0.5967929515532311,18.030429782280464,0.552669854131411,50.590099679427055,10.09979859465294,0.6350268870180676,5|11|7|65|91|9|100|88|93|111|104,184,173
248,1.2403963168546227e-05,-0.5967929515532311,-0.5967929515532311,4.757767513431353,4.757767513431353,4.757767513431353,8,0.32,0,7,6241,71.32866666666668,4.757767513431353,-0.020494081624586366,0.019426091823098682,62967.0,421.6429515713414,9.376285234482612,-0.5967929515532311,18.020492766508102,0.5664564419273076,51.209161373339,10.147762079293074,0.6350268870180676,5|11|7|64|91|9|100|89|94|111|106,184,173
249,1.2155883905175301e-05,-0.5967929515532311,-0.5967929515532311,4.757767513431353,4.757767513431353,4.757767513431353,12,0.48,0,6,6266,71.32866666666668,4.757767513431353,-0.020811140187036264,0.019501760663739473,63013.0,419.33055382591203,9.376285234482612,-0.5967929515532311,17.99532602123306,0.5785477160804111,51.252637461766405,10.092109157630654,0.6350268870180676,5|11|7|64|91|9|97|90|93|111|109,184,175
250,1.1912766227071795e-05,-0.5967929515532311,-0.5967929515532311,4.757767513431353,4.757767513431353,4.757767513431353,9,0.36,0,7,6291,71.32866666666668,4.757767513431353,-0.020201079520371815,0.01971933395554873,63043.0,454.05979395485525,9.376285234482612,-0.5967929515532311,18.04375001357578,0.6133141839868954,51.28099143247993,10.92794446499147,0.6350268870180676,5|11|7|64|89|9|99|90|93|110|110,184,175
251,1.167451090253036e-05,-0.5967929515532311,-0.5967929515532311,4.757767513431353,4.757767513431353,4.757767513431353,11,0.44,0,8,6316,71.32866666666668,4.757767513431353,-0.02026867930094591,0.019725282215357107,63196.0,451.9774524395657,9.376285234482612,-0.5967929515532311,18.038384233685747,0.6142646682214619,51.425596683118904,10.877828350904316,0.6350268870180676,5|11|7|64|87|9|102|91|95|109|108,184,176
252,1.1441020684479753e-05,-0.5967929515532311,-0.5967929515532311,4.757767513431353,4.757767513431353,4.757767513431353,11,0.44,0,5,6341,71.32866666666668,4.757767513431353,-0.0206824904243437,0.01987965615202765,63195.0,450.0914103080878,9.376285234482612,-0.5967929515532311,18.005537686177103,0.6389323857994046,51.42465155076179,10.832436611873854,0.6350268870180676,5|11|7|62|86|9|103|91|95|110|108,184,177
253,1.1212200270790158e-05,-0.5967929515532311,-0.5967929515532311,4.757767513431353,4.757767513431353,4.757767513431353,12,0.48,0,7,6366,71.32866666666668,4.757767513431353,-0.021230168475991178,0.020136141433133012,63480.0,451.6633793963976,9.376285234482612,-0.5967929515532311,17.962065357557293,0.6799166776666834,51.694014272540265,10.87026949451715,0.6350268870180676,5|11|7|61|86|9|103|93|94|112|107,184,177
254,1.0987956265374354e-05,-0.5967929515532311,-0.5967929515532311,4.757767513431353,4.757767513431353,4.757767513431353,6,0.24,0,5,6391,71.32866666666668,4.757767513431353,-0.02127110410402281,0.020115878939011646,63532.0,450.37179094182363,9.376285234482612,-0.5967929515532311,17.958816063435144,0.6766788935355623,51.74316115511038,10.839184586557622,0.6350268870180676,5|11|7|61|86|9|100|92|95|113|109,184,177
255,1.0768197140066866e-05,-0.5968368531763247,-0.5968368531763247,4.757591814459131,4.757591814459131,4.757591814459131,14,0.56,1,5,6416,71.32866666666668,4.757591814459131,-0.0206393639858766,0.020226018163288513,62917.0,469.7384153021914,9.37629150878219,-0.5968368531763247,18.00896087741072,0.6942782586700649,51.16190475548313,11.305284863001592,0.6350280557462002,5|11|7|61|87|9|99|90|95|112|109,184,178
256,1.0552833197265529e-05,-0.5968835517849446,-0.5968835517849446,4.757404921652886,4.757404921652886,4.757404921652886,15,0.6,2,7,6441,71.29,4.757404921652886,-0.018969272800563167,0.020216275598155864,62977.0,481.60018734108144,9.374954475288023,-0.5968835517849446,18.14152553399061,0.6927214748608277,51.21861269691018,11.59076441398396,0.6347790034592551,6|11|7|62|87|10|99|88|94|114|109,185,178
257,1.0341776533320218e-05,-0.5969182223203021,-0.5969182223203021,4.757266166477121,4.757266166477121,4.757266166477121,8,0.32,1,9,6466,71.29,4.757266166477121,-0.019008504032902687,0.020213564459441415,63129.0,480.37268986495127,9.374958000896,-0.5969182223203021,18.13841152746927,0.6922882566274586,51.362272815192036,11.561221995939782,0.6347796601823164,6|11|7|60|86|10|99|89|96|115|108,185,179
258,1.0134941002653814e-05,-0.5969920623877695,-0.5969920623877695,4.756970650661336,4.756970650661336,4.756970650661336,8,0.32,2,7,6491,71.29,4.756970650661336,-0.01912934634172518,0.020226719389994156,62769.0,478.9700756766581,9.374947919097007,-0.5969920623877695,18.12881958463989,0.6943903090764092,51.022025166629746,11.527465010275025,0.6347777822225597,6|11|7|59|87|10|98|88|98|115|106,185,179
259,9.932242182600738e-06,-0.5969920623877695,-0.5969920623877695,4.756970650661336,4.756970650661336,4.756970650661336,9,0.36,0,6,6516,71.29,4.756970650661336,-0.01910367130253131,0.02023696972647953,62647.0,478.64262039013096,9.374947919097007,-0.5969920623877695,18.13085755884354,0.6960282306773833,50.90671901906141,11.51958408086093,0.6347777822225597,7|11|7|57|87|10|98|90|99|113|106,185,179
260,9.733597338948722e-06,-0.5969920623877695,-0.5969920623877695,4.756970650661336,4.756970650661336,4.756970650661336,13,0.52,0,10,6541,71.29,4.756970650661336,-0.018439278562632652,0.020009997446763773,62366.0,476.8787478673913,9.374947919097007,-0.5969920623877695,18.18359419752133,0.6597598798481952,50.6411368267114,11.477132621320912,0.6347777822225597,7|11|7|57|86|10|99|92|99|110|106,186,179
261,9.538925392169747e-06,-0.5969920623877695,-0.5969920623877695,4.756970650661336,4.756970650661336,4.756970650661336,8,0.32,0,10,6566,71.29,4.756970650661336,-0.018426367650393797,0.02006298320066496,62263.0,477.85863944480445,9.374947919097007,-0.5969920623877695,18.184619010215467,0.6682265785738891,50.5437881939283,11.500715860537966,0.6347777822225597,7|11|7|56|85|10|101|92|99|109|106,186,179
262,9.348146884326351e-06,-0.5969920623877695,-0.5969920623877695,4.756970650661336,4.756970650661336,4.756970650661336,12,0.48,0,5,6591,71.29,4.756970650661336,-0.018131721998333936,0.019979009183813127,62565.0,481.2869248938353,9.374947919097007,-0.5969920623877695,18.20800671504354,0.6548082038387342,50.829218165777775,11.58322506636488,0.6347777822225597,7|11|7|56|88|10|101|92|99|108|106,186,179
263,9.161183946639824e-06,-0.5969920623877695,-0.5969920623877695,4.756970650661336,4.756970650661336,4.756970650661336,12,0.48,0,5,6616,71.29,4.756970650661336,-0.0168832758337195,0.018759624806690665,62639.0,483.3193559746011,9.374947919097007,-0.5969920623877695,18.307103003034264,0.4599603552799024,50.89915796020447,11.63213997641688,0.6347777822225597,7|11|7|55|88|10|99|93|101|108|106,186,179
264,8.977960267707028e-06,-0.5969920623877695,-0.5969920623877695,4.756970650661336,4.756970650661336,4.756970650661336,12,0.48,0,8,6641,71.29,4.756970650661336,-0.019066828993841944,0.018492217481063764,62330.0,487.2291288168274,9.374947919097007,-0.5969920623877695,18.133781942878358,0.41723080825205827,50.60711206185517,11.726237232019365,0.6347777822225597,7|11|7|55|87|11|99|91|101|108|107,186,180
265,8.798401062352887e-06,-0.5969651719885314,-0.5969920623877695,4.757078268903575,4.756970650661336,4.756970650661336,12,0.48,0,10,6666,71.29,4.757078268903575,-0.01543229486831511,0.016769474554918964,62014.0,491.3453296992326,9.374972012723893,-0.5969651719885314,18.422275632573466,0.14195029861375166,50.30845023700605,11.825302631001033,0.6347822701975452,8|11|7|52|86|11|97|94|101|108|107,186,178
266,8.622433041105829e-06,-0.597004665460633,-0.597004665460633,4.7569202118212,4.7569202118212,4.7569202118212,15,0.6,1,8,6691,71.29,4.7569202118212,-0.013945071858067952,0.016699511620568947,61648.0,504.9147965636399,9.374950482653082,-0.597004665460633,18.540324999784588,0.13077078254587063,49.96253179430105,12.151881602070489,0.634778259742013,10|11|7|52|85|11|97|95|102|109|103,186,177
267,8.449984380283712e-06,-0.5988108527349385,-0.5988131051395053,4.749691657946126,4.749682643583114,4.749682643583114,14,0.56,1,3,6716,71.29,4.749691657946126,-0.015988437566874982,0.016686034166419873,60720.0,509.5424570072228,9.468838061319191,-0.5988108527349385,18.378131416681345,0.12861719341165984,49.08544896689604,12.263256396764026,0.6522669137544567,12|11|7|50|83|11|97|95|103|107|102,186,176
268,8.280984692678037e-06,-0.6000067039767161,-0.6000067039767161,4.744905733889007,4.744905733889007,4.744905733889007,15,0.6,3,2,6741,71.29,4.744905733889007,-0.015443224032466714,0.016483821541627416,62001.0,508.30661164999674,9.47480380127866,-0.6000067039767161,18.4214081225206,0.09630523695931992,50.29616351636352,12.233513068658594,0.6533781657812068,10|11|7|50|86|11|97|96|103|108|104,186,176
269,8.115364998824477e-06,-0.6004071887978267,-0.6004071887978267,4.743302950973453,4.743302950973453,4.743302950973453,13,0.52,3,9,6766,71.29,4.743302950973453,-0.013975260027267504,0.016602334483421112,62354.0,505.3185703639812,9.475552529343355,-0.6004071887978267,18.537928792728405,0.11524265502709352,50.62979523842599,12.16159930384742,0.6535176330702654,9|13|7|52|84|11|97|95|102|110|106,186,177
270,7.953057698847986e-06,-0.6004068863591818,-0.6004071887978267,4.743304161365127,4.743302950973453,4.743302950973453,14,0.56,0,5,6791,71.29,4.743304161365127,-0.014236049338774807,0.016715511417586044,62018.0,503.1332896573729,9.475552529343355,-0.6004068863591818,18.517228458624682,0.13332742185062887,50.31223076643452,12.109005732427601,0.6535176330702654,9|13|7|52|81|11|98|98|100|110|105,186,176
271,7.793996544871027e-06,-0.6009283507734567,-0.6009283507734567,4.7412172052304316,4.7412172052304316,4.7412172052304316,14,0.56,2,6,6816,71.29,4.7412172052304316,-0.01594928926956198,0.016736887968693173,61521.0,512.4701000172305,9.473995649115945,-0.6009283507734567,18.381238840176913,0.13674322335750158,49.84249998494713,12.3337165446402,0.6532276294294983,8|12|7|50|81|11|98|99|103|108|102,186,177
272,7.638116613973607e-06,-0.6009744069768923,-0.6009744069768923,4.741032883398166,4.741032883398166,4.741032883398166,10,0.4,1,9,6841,71.29,4.741032883398166,-0.015814161505933986,0.016705843713979165,60643.0,512.3014479008084,9.473995649115945,-0.6009744069768923,18.391964700978576,0.13178260031310016,49.01267377539799,12.329657561689714,0.6532276294294983,8|12|7|51|81|11|97|100|102|109|97,186,176
273,7.485354281694134e-06,-0.6009744069768923,-0.6009744069768923,4.741032883398166,4.741032883398166,4.741032883398166,11,0.44,0,8,6866,71.29,4.741032883398166,-0.01593125106577764,0.01679360562793025,59509.0,512.6891651175499,9.473995649115945,-0.6009744069768923,18.3826706352256,0.14580625063993766,47.940893682426776,12.338988826578351,0.6532276294294983,8|12|7|51|80|11|98|97|99|110|96,186,176
274,7.335647196060251e-06,-0.6010519140269648,-0.6010519140269648,4.740722691927371,4.740722691927371,4.740722691927371,12,0.48,1,6,6891,71.29,4.740722691927371,-0.015838763828254877,0.016714814301020297,59556.0,514.7285025243045,9.473995649115945,-0.6010519140269648,18.390011874427415,0.13321602821169184,47.9853149032113,12.388069952507351,0.6532276294294983,9|12|7|51|80|11|98|95|99|111|97,185,176
275,7.1889342521390464e-06,-0.6010684732217815,-0.601068473877232,4.740656420265754,4.740656417642572,4.740656417642572,11,0.44,1,6,6916,71.29,4.740656420265754,-0.016021754163247994,0.016887808831831715,59107.0,515.3634828883432,9.473995649115945,-0.6010684732217815,18.375486888528968,0.16085916746577478,47.56095047486555,12.403352147158712,0.6532276294294983,9|12|7|52|84|11|99|95|94|109|97,185,177
276,7.0451555670962655e-06,-0.6011135606686311,-0.6011199032372707,4.740475975500542,4.740450591865207,4.740450591865207,12,0.48,3,6,6941,71.29,4.740475975500542,-0.01597744344374805,0.016855161604788556,59244.0,514.7547501347045,9.473995649115945,-0.6011135606686311,18.379004082898337,0.1556424022930221,47.690433607790645,12.38870165879936,0.6532276294294983,8|12|7|51|83|11|99|99|95|110|93,185,177
277,6.90425245575434e-06,-0.6011135606686311,-0.6011199032372707,4.740475975500542,4.740450591865207,4.740450591865207,14,0.56,0,2,6966,71.29,4.740475975500542,-0.01610366586142605,0.01695791145189881,59477.0,511.9449075035955,9.473995649115945,-0.6011135606686311,18.368985090163502,0.17206100419148726,47.91064944699902,12.32107663531803,0.6532276294294983,8|12|7|52|79|11|104|100|95|108|93,185,177
278,6.766167406639253e-06,-0.601220145984878,-0.601220145984878,4.740049409710967,4.740049409710967,4.740049409710967,13,0.52,1,5,6991,71.29,4.740049409710967,-0.01623144561796923,0.016965833317601604,58906.0,509.9122177735529,9.473995649115945,-0.601220145984878,18.358842482566402,0.17332685482703844,47.37097887108494,12.272155500304098,0.6532276294294983,8|12|7|51|80|11|104|101|94|105|93,185,177
279,6.630844058506468e-06,-0.6012201752225459,-0.6012201752225459,4.740049292698706,4.740049292698706,4.740049292698706,13,0.52,1,6,7016,71.29,4.740049292698706,-0.016593794471684742,0.017050190389451037,59070.0,509.46797415926153,9.473995649115945,-0.6012201752225459,18.330080788727575,0.18680643868014044,47.525980577652206,12.261463803724624,0.6532276294294983,8|12|7|51|79|11|106|101|90|108|93,185,178
280,6.498227177336339e-06,-0.6012202222603515,-0.6012202222603515,4.740049104448397,4.740049104448397,4.740049104448397,10,0.4,2,8,7041,71.29,4.740049104448397,-0.016602765340643352,0.017073461657199755,58507.0,509.2805376687243,9.473995649115945,-0.6012202222603515,18.329368719726084,0.1905250007177929,46.99387106059507,12.256952733626427,0.6532276294294983,8|12|7|51|79|11|105|100|90|109|91,185,178
281,6.368262633789612e-06,-0.6012927789464272,-0.6012927789464272,4.7397587248616535,4.7397587248616535,4.7397587248616535,11,0.44,1,5,7066,71.29,4.7397587248616535,-0.017002163080384835,0.017181707553786733,58888.0,509.90515489998995,9.473995649115945,-0.6012927789464272,18.29766624463178,0.20782182726486312,47.35396648865682,12.271985516766495,0.6532276294294983,8|12|7|49|79|11|104|103|91|109|91,185,179
282,6.24089738111382e-06,-0.6013046560984241,-0.6013046560984241,4.739711191234154,4.739711191234154,4.739711191234154,9,0.36,1,8,7091,71.29,4.739711191234154,-0.01733391306082883,0.016828376281471588,58229.0,478.9771904179611,9.473995649115945,-0.6013046560984241,18.27133335777226,0.1513623223451552,46.73112426531641,11.52763624212351,0.6532276294294983,8|12|7|50|79|11|103|104|90|108|89,185,179
283,6.116079433491543e-06,-0.6027924817660502,-0.6027924817660502,4.733756754422341,4.733756754422341,4.733756754422341,16,0.64,1,4,7116,71.29,4.733756754422341,-0.01803519224370556,0.016941847468538003,57812.0,474.17029436944824,9.480291877699916,-0.6027924817660502,18.215668831869603,0.16949410842353893,46.33700407239842,11.411947749624309,0.6544004423282088,7|12|7|51|77|11|103|102|88|109|91,185,179
284,5.993757844821713e-06,-0.6038603474144819,-0.6038603474144819,4.7294830423434,4.7294830423434,4.7294830423434,12,0.48,2,7,7141,71.29,4.7294830423434,-0.018068023391953392,0.017034691764204916,58536.0,468.0823469564907,9.480620638818703,-0.6038603474144819,18.213062836501884,0.18432988260685962,47.02127989895147,11.265427947342049,0.654461681413729,5|12|7|52|77|11|103|103|88|111|91,185,179
285,5.873882687925279e-06,-0.603880396571112,-0.603880396571112,4.729402803482839,4.729402803482839,4.729402803482839,13,0.52,2,5,7166,71.29,4.729402803482839,-0.016607397141543502,0.017271534999920003,58464.0,471.06271926211855,9.480291877699916,-0.603880396571112,18.329001067288257,0.22217553307656568,46.953230369239016,11.337157141326,0.6544004423282088,6|12|7|52|78|10|105|101|89|110|90,185,179
286,5.756405034166773e-06,-0.603880396571112,-0.603880396571112,4.729402803482839,4.729402803482839,4.729402803482839,15,0.6,0,3,7191,71.29,4.729402803482839,-0.016553450807778605,0.017314712863512716,59930.0,476.25093194126265,9.480291877699916,-0.603880396571112,18.333283095283,0.22907500955358956,48.33879440477323,11.462022854575846,0.6544004423282088,5|12|7|52|77|10|108|103|89|111|92,185,179
287,5.641276933483438e-06,-0.603880396571112,-0.603880396571112,4.729402803482839,4.729402803482839,4.729402803482839,10,0.4,0,5,7216,71.29,4.729402803482839,-0.01636575166522186,0.017080474894377404,59665.0,483.92010096469454,9.480291877699916,-0.603880396571112,18.34818184607708,0.19164565979883058,48.0883343301371,11.64659822173339,0.6544004423282088,5|12|7|51|80|10|108|101|90|110|91,185,177
288,5.528451394813769e-06,-0.6049439391056032,-0.6049439391056032,4.725146392966406,4.725146392966406,4.725146392966406,17,0.68,2,6,7241,71.16466666666666,4.725146392966406,-0.014512175941093929,0.01665654388380146,59594.0,479.51987592163385,9.594786651918668,-0.6049439391056032,18.495310716329588,0.1239048826510858,48.02122993278176,11.540697158604218,0.6757276457878441,5|12|8|51|81|10|106|101|91|110|91,185,178
289,5.417882366917493e-06,-0.6049439391056032,-0.6049439391056032,4.725146392966406,4.725146392966406,4.725146392966406,9,0.36,0,5,7266,71.16466666666666,4.725146392966406,-0.01447668673953152,0.016780563727463334,59626.0,473.879229667429,9.594786651918668,-0.6049439391056032,18.498127696539285,0.1437222594926232,48.05147416820952,11.404942639412543,0.6757276457878441,5|12|8|50|81|10|106|102|92|108|92,185,178
290,5.309524719579144e-06,-0.6049447385469751,-0.6049447385469751,4.7251431935168755,4.7251431935168755,4.7251431935168755,12,0.48,1,6,7291,71.16466666666666,4.7251431935168755,-0.016283495222415775,0.017227197537541344,60128.0,462.48521865019865,9.48349103703689,-0.6049447385469751,18.35471100878865,0.2150907620091961,48.525930611482494,11.130720782979743,0.6549963570548415,5|12|7|52|78|10|108|103|94|107|92,186,178
291,5.203334225187561e-06,-0.6049447385469751,-0.6049447385469751,4.7251431935168755,4.7251431935168755,4.7251431935168755,12,0.48,0,5,7316,71.16466666666666,4.7251431935168755,-0.013737988624294676,0.015415102753144127,60009.0,460.9825311310182,9.48349103703689,-0.6049447385469751,18.55676237638415,-0.07446745830989035,48.41345986098551,11.094555313196986,0.6549963570548415,5|12|7|52|78|10|108|103|93|109|90,186,179
292,5.09926754068381e-06,-0.6049447385469751,-0.6049447385469751,4.7251431935168755,4.7251431935168755,4.7251431935168755,14,0.56,0,6,7341,71.16466666666666,4.7251431935168755,-0.0126293200627656,0.014850107510878117,59750.0,470.602131254514,9.48349103703689,-0.6049447385469751,18.644763719312284,-0.16474916887378732,48.16867058049208,11.326072081086457,0.6549963570548415,5|12|7|53|77|10|108|103|94|108|89,185,178
293,4.997282189870133e-06,-0.6049447385469751,-0.6049447385469751,4.7251431935168755,4.7251431935168755,4.7251431935168755,13,0.52,0,7,7366,71.16466666666666,4.7251431935168755,-0.012421897157295858,0.014750472288276183,59779.0,473.9458773815201,9.48349103703689,-0.6049447385469751,18.661228057590456,-0.18067007874347105,48.19607941884849,11.406546662776872,0.6549963570548415,5|12|7|53|80|10|107|103|92|107|91,185,177
294,4.89733654607273e-06,-0.6049447385469751,-0.6049447385469751,4.7251431935168755,4.7251431935168755,4.7251431935168755,10,0.4,0,10,7391,71.16466666666666,4.7251431935168755,-0.011967142510965095,0.014629055711237795,60566.0,474.13259691757844,9.48349103703689,-0.6049447385469751,18.69732452588457,-0.20007147444704393,48.93989858389995,11.411040477793616,0.6549963570548415,5|12|7|54|81|10|105|106|93|105|94,185,178
295,4.799389815151276e-06,-0.604941265897087,-0.6049447385469751,4.72515709143165,4.7251431935168755,4.7251431935168755,13,0.52,0,4,7416,71.16466666666666,4.72515709143165,-0.012068550275435764,0.014601444716129687,60421.0,475.5277666737053,9.48349103703689,-0.604941265897087,18.6892752136136,-0.20448349012833303,48.802854392117915,11.444618296876417,0.6549963570548415,5|12|7|53|81|10|106|104|93|104|96,185,177
296,4.70340201884825e-06,-0.604941265897087,-0.6049447385469751,4.72515709143165,4.7251431935168755,4.7251431935168755,12,0.48,0,8,7441,71.16466666666666,4.72515709143165,-0.012446513400722276,0.01466795351855315,60968.0,477.04473503661217,9.48349103703689,-0.604941265897087,18.659274126041804,-0.193855916653087,49.31984179146117,11.481127466474119,0.6549963570548415,5|12|7|54|80|10|106|103|93|106|98,185,176
297,4.609333978471285e-06,-0.604941265897087,-0.6049447385469751,4.72515709143165,4.7251431935168755,4.7251431935168755,8,0.32,0,7,7466,71.16466666666666,4.72515709143165,-0.012607765663747827,0.014654398515253216,61028.0,475.31977529437717,9.48349103703689,-0.604941265897087,18.646474614818292,-0.1960218975199508,49.37654973288822,11.439612528312992,0.6549963570548415,5|12|7|54|80|10|108|103|91|106|98,185,176
298,4.5171472989018594e-06,-0.604941265897087,-0.6049447385469751,4.72515709143165,4.7251431935168755,4.7251431935168755,17,0.68,0,6,7491,71.16466666666666,4.72515709143165,-0.01249533649341778,0.014649504707975613,59868.0,477.2778989791318,9.48349103703689,-0.604941265897087,18.655398758892236,-0.19680388869286766,48.28019619863195,11.486739067961448,0.6549963570548415,5|12|7|54|80|10|107|101|88|106|98,185,175
299,4.426804352923822e-06,-0.604941265897087,-0.6049447385469751,4.72515709143165,4.7251431935168755,4.7251431935168755,16,0.64,0,3,7516,71.16466666666666,4.72515709143165,-0.012734529251278106,0.01467656789305334,59385.0,474.1068218116429,9.48349103703689,-0.604941265897087,18.636412666347717,-0.19247940866304447,47.82369727014421,11.410420143357507,0.6549963570548415,5|12|7|53|80|10|107|100|87|106|98,185,174
300,4.338268265865345e-06,-0.604941265897087,-0.6049447385469751,4.72515709143165,4.7251431935168755,4.7251431935168755,10,0.4,0,7,7541,71.16466666666666,4.72515709143165,-0.012737128046834667,0.01467264834402046,58997.0,474.7321314016498,9.48349103703689,-0.604941265897087,18.636206385131754,-0.19310572117836444,47.45698591558263,11.425469589628676,0.6549963570548415,5|12|7|54|78|10|108|99|87|106|97,185,173
301,4.251502900548038e-06,-0.6049371244340855,-0.6049447385469751,4.725173666007749,4.7251431935168755,4.7251431935168755,10,0.4,0,6,7566,71.16466666666666,4.725173666007749,-0.012766818021531234,0.014677872378610613,59340.0,475.8537702655947,9.48349103703689,-0.6049371244340855,18.633849722612887,-0.19227096232809085,47.78116631407392,11.452464288076222,0.6549963570548415,5|12|7|53|78|10|108|102|86|107|96,185,172
302,4.166472842537077e-06,-0.6049371244340855,-0.6049447385469751,4.725173666007749,4.7251431935168755,4.7251431935168755,14,0.56,0,7,7591,71.16466666666666,4.725173666007749,-0.012659575175204803,0.014622469504999501,58849.0,477.25735417807186,9.48349103703689,-0.6049371244340855,18.642362198589606,-0.20112389740716466,47.317106326729245,11.486244612279583,0.6549963570548415,6|12|7|54|79|10|107|100|85|108|95,184,172
303,4.083143385686335e-06,-0.6049371244340855,-0.6049447385469751,4.725173666007749,4.7251431935168755,4.7251431935168755,8,0.32,0,9,7616,71.16466666666666,4.725173666007749,-0.012705668203623795,0.014606627822728492,59318.0,477.9645417597793,9.48349103703689,-0.6049371244340855,18.638703532202513,-0.2036552712429874,47.76037340221734,11.503264631938048,0.6549963570548415,6|12|7|54|81|10|106|99|87|109|95,184,173
304,4.001480517972608e-06,-0.6049371244340855,-0.6049447385469751,4.725173666007749,4.7251431935168755,4.7251431935168755,8,0.32,0,9,7641,71.16466666666666,4.725173666007749,-0.012971371010807019,0.014755601022918714,59111.0,473.0972158555629,9.48349103703689,-0.6049371244340855,18.617613185941,-0.17985054806087813,47.56473100429402,11.386121762469232,0.6549963570548415,6|12|7|54|82|10|106|98|86|109|95,184,173
305,3.921450907613156e-06,-0.604995230512073,-0.604995230512073,4.724941119293919,4.724941119293919,4.724941119293919,11,0.44,3,6,7666,71.16466666666666,4.724941119293919,-0.011825132899909297,0.014847181230490857,58600.0,474.0300853293808,9.48349103703689,-0.604995230512073,18.7085966381418,-0.16521676502183963,47.081768369806994,11.408573311667578,0.6549963570548415,5|13|7|54|81|10|105|100|85|109|93,184,173
306,3.843021889460892e-06,-0.604995230512073,-0.604995230512073,4.724941119293919,4.724941119293919,4.724941119293919,11,0.44,0,8,7691,71.16466666666666,4.724941119293919,-0.011773902808136822,0.014865354097645285,59314.0,477.59935706135246,9.48349103703689,-0.604995230512073,18.712663062527543,-0.1623128865290367,47.756592872788865,11.49447566150507,0.6549963570548415,5|13|7|55|80|10|107|101|86|108|94,183,174
307,3.7661614516716743e-06,-0.6049969132828895,-0.6049969132828895,4.724934384665855,4.724934384665855,4.724934384665855,10,0.4,1,7,7716,71.16466666666666,4.724934384665855,-0.015606849321823109,0.017175705010630673,59860.0,470.67316309926946,9.48349103703689,-0.6049969132828895,18.40842025067141,0.20686266898648678,48.27263513977501,11.327781618167405,0.6549963570548415,5|13|7|54|77|10|106|103|89|109|95,183,174
308,3.690838222638241e-06,-0.6049969132828895,-0.6049969132828895,4.724934384665855,4.724934384665855,4.724934384665855,14,0.56,0,5,7741,71.16466666666666,4.724934384665855,-0.014341312354990931,0.017327088077410357,59976.0,477.989676296958,9.48349103703689,-0.6049969132828895,18.50887313304847,0.23105246953146868,48.382270493200636,11.50386954968258,0.6549963570548415,7|13|7|54|75|10|105|105|89|109|96,183,173
309,3.617021458185476e-06,-0.6049969132828895,-0.6049969132828895,4.724934384665855,4.724934384665855,4.724934384665855,11,0.44,0,6,7766,71.16466666666666,4.724934384665855,-0.014094184013372596,0.017390407060183966,59004.0,476.60230487833417,9.48349103703689,-0.6049969132828895,18.52848911810718,0.24117033539709995,47.463601842082454,11.4704794146896,0.6549963570548415,7|13|7|52|75|10|105|105|87|108|95,183,172
310,3.5446810290217664e-06,-0.6052894159658863,-0.6052894159658863,4.723763757769783,4.723763757769783,4.723763757769783,15,0.6,2,6,7791,71.20333333333333,4.723763757769783,-0.014098828401411016,0.017266560964306486,58764.0,473.48624581252153,9.483297427830275,-0.6052894159658863,18.528120466556445,0.22138072205870116,47.236770076374256,11.395484621329368,0.6549602930251134,7|14|7|52|72|9|106|106|88|107|94,183,172
311,3.473787408441331e-06,-0.6056312161061795,-0.6056317781910489,4.72239583719822,4.722393587674697,4.722393587674697,17,0.68,2,2,7816,71.16399999999999,4.72239583719822,-0.013478501307440705,0.017064592157898354,58936.0,484.41223928373324,9.483386265417703,-0.6056312161061795,18.577359363751114,0.18910772582966434,47.39933284179846,11.65844260939147,0.654976841005708,7|15|7|53|71|9|106|104|90|109|93,184,172
312,3.404311660272504e-06,-0.6056280573736076,-0.6056317781910489,4.722408478782455,4.722393587674697,4.722393587674697,10,0.4,0,9,7841,71.16399999999999,4.722408478782455,-0.015301196703439908,0.01772551971764387,59230.0,479.5179233494837,9.483386265417703,-0.6056280573736076,18.432681641154172,0.29471865170814077,47.677201754791,11.540650165674421,0.654976841005708,7|15|7|54|71|9|103|109|91|107|93,184,171
313,3.336225427067054e-06,-0.609291612296273,-0.609291612296273,4.707746541723376,4.707746541723376,4.707746541723376,12,0.48,2,8,7866,68.67599999999999,4.707746541723376,-0.012094755735433156,0.016925510458859747,59544.0,497.66729898220945,11.110744407597084,-0.609291612296273,18.68719513688748,0.1668835852387127,47.973973314925885,11.977454682676901,0.9581085641500579,7|15|8|52|72|9|103|109|93|107|93,184,173
314,3.269500918525713e-06,-0.6093270143828626,-0.6093270143828626,4.707604858801653,4.707604858801653,4.707604858801653,10,0.4,2,6,7891,68.67599999999999,4.707604858801653,-0.013127759702916504,0.01699701651539658,59462.0,474.4365226508418,11.110744407597084,-0.6093270143828626,18.605199724062523,0.1783096798619743,47.896472461642254,11.41835511692001,0.9581085641500579,7|15|8|51|70|9|104|110|92|109|91,184,173
315,3.2041109001551986e-06,-0.6134694616938506,-0.6134694616938506,4.691026343390706,4.691026343390706,4.691026343390706,13,0.52,2,6,7916,68.67599999999999,4.691026343390706,-0.012657600332129757,0.016994046397265396,58641.0,459.0265882827538,11.110905380060787,-0.6134694616938506,18.6425189531407,0.177835078793858,47.120518796448806,11.047481260160138,0.9581385488590389,8|15|8|51|70|9|105|109|92|106|90,184,172
316,3.1400286821520946e-06,-0.617041109789307,-0.617041109789307,4.676732227244451,4.676732227244451,4.676732227244451,14,0.56,4,7,7941,69.37733333333334,4.676732227244451,-0.016233529705110026,0.017796498583888952,59745.0,441.37192560210815,10.246096928908711,-0.617041109789307,18.35867705669114,0.3060605055488763,48.1639449187065,10.622583095004748,0.7970487007224456,6|15|7|50|69|9|106|111|94|106|92,184,171
317,3.0772281085090527e-06,-0.6170412419315423,-0.6170412521395175,4.676731698397149,4.676731657543745,4.676731657543745,11,0.44,1,9,7966,69.37733333333334,4.676731698397149,-0.014691304273519662,0.015969034977243658,60316.0,441.3333335553051,10.246096928908711,-0.6170412419315423,18.481092279587592,0.014046470635061674,48.70361549462058,10.621654292785593,0.7970487007224456,6|14|7|51|71|9|106|111|95|107|91,184,171
318,3.0156835463388716e-06,-0.6170412882089896,-0.6170412882089896,4.676731513189876,4.676731513189876,4.676731513189876,10,0.4,1,6,7991,69.37733333333334,4.676731513189876,-0.014570401815430628,0.015969404346929037,59814.0,444.94158144871506,10.246096928908711,-0.6170412882089896,18.490688996807094,0.01410549294982095,48.22915905134761,10.708494689403107,0.7970487007224456,7|14|7|50|70|9|108|107|97|106|91,184,170
319,2.955369875412094e-06,-0.618052265918778,-0.618052265918778,4.672685472701348,4.672685472701348,4.672685472701348,11,0.44,3,5,8016,69.41466666666666,4.672685472701348,-0.013940509327833955,0.015999099183484394,60270.0,440.2958471638082,10.466103387164047,-0.618052265918778,18.54068715381481,0.01885048978976019,48.660139406193174,10.596684908091317,0.8380298068878727,6|15|6|51|71|9|108|107|99|106|90,184,170
320,2.896262477903852e-06,-0.618052265918778,-0.618052265918778,4.672685472701348,4.672685472701348,4.672685472701348,13,0.52,0,2,8041,69.41466666666666,4.672685472701348,-0.014329309464414424,0.015979256329326653,60941.0,437.12394193773946,10.466103387164047,-0.618052265918778,18.509825870887717,0.01567976076088233,49.294323217819,10.52034605444214,0.8380298068878727,5|16|6|50|72|9|108|109|96|107|93,184,171
321,2.838337228345775e-06,-0.618052265918778,-0.618052265918778,4.672685472701348,4.672685472701348,4.672685472701348,15,0.6,0,5,8066,69.41466666666666,4.672685472701348,-0.013683239947043553,0.01601961582936088,61094.0,447.0660642033482,10.466103387164047,-0.618052265918778,18.5611080909546,0.02212888533400229,49.43892846845797,10.759625024809488,0.8380298068878727,6|15|6|50|73|9|110|107|95|108|93,185,172
322,2.7815704837788594e-06,-0.6181610817109371,-0.6181610817109371,4.672249980309573,4.672249980309573,4.672249980309573,7,0.28,1,7,8091,69.41466666666666,4.672249980309573,-0.015427252164693605,0.01755032357108048,61110.0,446.0912672295682,10.466103387164047,-0.6181610817109371,18.422675900702355,0.2667237119056229,49.45405058617185,10.736164398398753,0.8380298068878727,6|15|6|50|73|9|112|106|95|107|93,185,172
323,2.7259390741032822e-06,-0.6181610817109371,-0.6181610817109371,4.672249980309573,4.672249980309573,4.672249980309573,13,0.52,0,7,8116,69.41466666666666,4.672249980309573,-0.015570712252345036,0.01748736086327439,61399.0,441.91445028931685,10.466103387164047,-0.6181610817109371,18.411288655850292,0.25666277592380726,49.7271938373788,10.635640141084659,0.8380298068878727,5|15|6|51|73|9|112|106|97|107|92,185,171
324,2.6714202926212164e-06,-0.6181610817109371,-0.6181610817109371,4.672249980309573,4.672249980309573,4.672249980309573,12,0.48,0,5,8141,69.41466666666666,4.672249980309573,-0.015412238865009094,0.017500181476760277,61662.0,447.21157107524454,10.466103387164047,-0.6181610817109371,18.42386759187126,0.25871140718544805,49.975763647300695,10.763126966704645,0.8380298068878727,5|15|6|51|73|9|113|109|97|105|91,186,172
325,2.617991886768792e-06,-0.6181610817109371,-0.6181610817109371,4.672249980309573,4.672249980309573,4.672249980309573,9,0.36,0,2,8166,69.41466666666666,4.672249980309573,-0.01555209229921273,0.017507433569781187,61933.0,441.5112317728868,10.466103387164047,-0.6181610817109371,18.412766627660588,0.25987023351550764,50.231894516079535,10.625935803432508,0.8380298068878727,5|15|6|52|71|9|112|112|96|106|91,186,172
326,2.565632049033416e-06,-0.6185101859536772,-0.6185101859536772,4.6708528279419514,4.6708528279419514,4.6708528279419514,13,0.52,2,7,8191,69.376,4.6708528279419514,-0.015719182300209297,0.017568422087231493,60982.0,440.0847297060136,10.46657389585075,-0.6185101859536772,18.399503741900322,0.2696157097040971,49.33307364446082,10.591603903595686,0.8381174496170656,5|15|6|53|69|10|112|114|95|106|85,186,172
327,2.5143194080527476e-06,-0.6185447770057764,-0.6185447770057764,4.670714390866654,4.670714390866654,4.670714390866654,12,0.48,1,9,8216,69.376,4.670714390866654,-0.015103165571300254,0.016465736088215034,61686.0,440.5757061365056,10.46657389585075,-0.6185447770057764,18.448400500851818,0.09341532648176455,49.99844682387152,10.603420327858455,0.8381174496170656,5|14|6|52|69|10|113|114|93|109|87,186,173
328,2.4640330198916924e-06,-0.6185441509912073,-0.6185447770057764,4.670716896243645,4.670714390866654,4.670714390866654,9,0.36,0,10,8241,69.33866666666668,4.670716896243645,-0.012532946585581078,0.016299661805118874,61873.0,467.56075396683786,10.255441829572185,-0.6185441509912073,18.652413431506876,0.06687798733805722,50.175186574652486,11.252874668456446,0.7987893967421538,5|14|7|52|67|10|114|115|92|109|88,186,173
329,2.4147523594938586e-06,-0.61858099887566,-0.61858099887566,4.670569427084861,4.670569427084861,4.670569427084861,12,0.48,2,9,8266,69.33866666666668,4.670569427084861,-0.012810361289750228,0.016132209659529644,61887.0,450.29446060978944,10.255470785391717,-0.61858099887566,18.630393445226012,0.04012047681326478,50.18841842765213,10.837323462570915,0.7987947904088842,5|14|7|51|69|10|116|116|93|105|87,187,172
330,2.3664573123039814e-06,-0.618722059818301,-0.618722059818301,4.670004886165957,4.670004886165957,4.670004886165957,10,0.4,2,8,8291,69.33866666666668,4.670004886165957,-0.012713512075954485,0.01594886872670771,62438.0,446.539032948748,10.255470785391717,-0.618722059818301,18.638080919347047,0.010824065457376453,50.70918635642386,10.74694086215456,0.7987947904088842,5|14|7|51|69|10|116|116|95|105|88,187,174
331,2.3191281660579017e-06,-0.6187223812092862,-0.6187223812092862,4.670003599924998,4.670003599924998,4.670003599924998,7,0.28,1,9,8316,69.33866666666668,4.670003599924998,-0.012794746707106256,0.015960477525048936,62591.0,445.4958531413122,10.255470785391717,-0.6187223812092862,18.63163286365061,0.012679058373128807,50.85379160706283,10.721834452922932,0.7987947904088842,5|14|7|52|70|10|118|116|95|104|86,187,174
332,2.2727456027367436e-06,-0.6187222328448523,-0.6187223812092862,4.670004193695267,4.670003599924998,4.670003599924998,13,0.52,0,6,8341,69.33866666666668,4.670004193695267,-0.009930997649494254,0.014858240667055921,61537.0,447.1602658003259,10.264185830123926,-0.6187222328448523,18.858944949177285,-0.1634495557140897,49.85762210266101,10.761892192777209,0.8004181617237054,5|14|8|52|69|10|115|114|96|105|85,187,174
333,2.2272906906820086e-06,-0.6187885696292734,-0.6187888411283793,4.669738706817517,4.669737620249174,4.669737620249174,13,0.52,3,4,8366,69.378,4.669738706817517,-0.015714356453500816,0.016273369138118696,61576.0,437.4473529249278,10.255466613443385,-0.6187885696292734,18.39988679685998,0.06267662992035104,49.894482264588596,10.528129648925542,0.7987940132905266,5|13|7|52|69|11|116|115|95|104|85,187,174
334,2.1827448768683685e-06,-0.6188007498636352,-0.6188007498636352,4.669689960222107,4.669689960222107,4.669689960222107,14,0.56,1,5,8391,69.378,4.669689960222107,-0.014641511311262638,0.016526715153284414,61107.0,434.474097872171,10.255466613443385,-0.6188007498636352,18.48504463081233,0.10315929225565469,49.4512151891005,10.45657174723647,0.7987940132905266,5|14|7|51|67|11|117|114|93|106|84,187,174
335,2.139089979331001e-06,-0.6188007498636352,-0.6188007498636352,4.669689960222107,4.669689960222107,4.669689960222107,14,0.56,0,7,8416,69.378,4.669689960222107,-0.015051126961497336,0.01664889833711565,61167.0,437.86723848191593,10.255466613443385,-0.6188007498636352,18.452531101922037,0.12268318557940334,49.50792313052755,10.538235115451114,0.7987940132905266,5|14|7|53|66|11|119|115|90|106|83,187,174
336,2.096308179744381e-06,-0.6189378194195906,-0.6189378194195906,4.6691413932579,4.6691413932579,4.6691413932579,12,0.48,2,6,8441,69.378,4.6691413932579,-0.014795316137223659,0.016617259581177744,60614.0,437.4957910607935,10.255466613443385,-0.6189378194195906,18.4728362651176,0.11762756600510078,48.985264937041585,10.529295418865484,0.7987940132905266,5|14|7|52|67|11|118|116|87|105|84,187,174
337,2.0543820161494934e-06,-0.6189456015499728,-0.6189456015499728,4.669110248343122,4.669110248343122,4.669110248343122,7,0.28,1,9,8466,69.378,4.669110248343122,-0.015021930344991411,0.016657595038549442,60411.0,436.9948291480833,10.255466613443385,-0.6189456015499728,18.454848603789266,0.12407284875348114,48.79340306854674,10.51723867208002,0.7987940132905266,5|14|7|53|66|11|117|117|86|105|84,187,175
338,2.0132943758265037e-06,-0.6189456015499728,-0.6189456015499728,4.669110248343122,4.669110248343122,4.669110248343122,8,0.32,0,7,8491,69.378,4.669110248343122,-0.01551006296787722,0.016675707795296858,60414.0,424.24033742379515,10.255466613443385,-0.6189456015499728,18.41610273524787,0.12696712208510422,48.79623846561809,10.210273864585808,0.7987940132905266,5|14|7|52|66|11|118|117|85|106|83,187,175
339,1.9730284883099734e-06,-0.6189456015499728,-0.6189456015499728,4.669110248343122,4.669110248343122,4.669110248343122,9,0.36,0,8,8516,69.378,4.669110248343122,-0.01312497220013351,0.016652065439524813,61104.0,428.4205792450375,10.255466613443385,-0.6189456015499728,18.605420984046642,0.12318926315606307,49.44837979202915,10.310880549169982,0.7987940132905266,6|14|7|52|68|10|120|117|85|105|84,187,177
340,1.933567918543774e-06,-0.6189722971146888,-0.6189722971146888,4.669003409849395,4.669003409849395,4.669003409849395,8,0.32,2,10,8541,69.378,4.669003409849395,-0.013206745817314512,0.016670911737693625,60288.0,427.2362636741366,10.255466613443385,-0.6189722971146888,18.59893014595695,0.12620075052656468,48.67715178862129,10.282377398351223,0.7987940132905266,6|14|7|52|68|10|119|117|86|103|82,187,177
341,1.8948965601728983e-06,-0.6189771735300688,-0.6189771735300688,4.668983893915587,4.668983893915587,4.668983893915587,10,0.4,2,9,8566,69.378,4.668983893915587,-0.012478634602742022,0.016535267718998773,61140.0,435.1807088503272,10.255466613443385,-0.6189771735300688,18.656724483152768,0.10452592369719692,49.48240455688538,10.473577889666277,0.7987940132905266,7|15|7|52|70|10|122|116|86|104|81,187,178
