temperature_step,temperature,current_energy,best_energy,current_D,best_E_D,best_D,accepted,acceptance_rate,new_bests,infeasible_proposals,blackbox_calls,security_pct,raw_DD,raw_S,raw_V,raw_N,raw_P,raw_C,z_DD,z_S,z_V,z_N,z_P,z_C,sizes,n_covered,n_overlap
1,0.051964830428251625,0.020889876370737585,-0.007019387484797734,6.425801935280843,6.426482065239164,6.425801935280843,10,0.3333333333333333,1,8,71,65.44133333333333,6.425801935280843,-0.16938304982967173,0.03757665721862979,9023.0,26.470441041329856,7.004451052045962,-0.0009266189312528886,0.030706620087704417,-0.01083798780666763,-0.0480646373013934,0.006033708746429221,-0.00020600092658908312,44|40|5|44|5|39|41|7|5|15,82,52
2,0.05144518212396911,0.06967314031554235,-0.0287249035742274,6.4244229876216705,6.425648535132081,6.405115445028214,11,0.36666666666666664,2,7,101,65.44133333333333,6.4244229876216705,-0.16500930092208085,0.036083365181461685,9209.0,27.106314111667615,7.004433238984532,-0.0012941980389949796,0.40111779809389636,-0.36483814850340784,0.1343848022508346,0.020166691301340533,-0.000211680801370153,44|38|5|48|5|38|42|7|7|13,85,52
3,0.05093073030272942,0.11495956927426118,-0.05775615336160497,6.426285687185299,6.4244229876216705,6.403377884366203,10,0.3333333333333333,1,11,131,65.56333333333333,6.426285687185299,-0.15987733634373097,0.03425713307629662,9563.0,27.497837890752,7.004944309724348,-0.0007976676311613274,0.835741980943866,-0.7977651598360238,0.4816272839792685,0.028868740495990895,-4.872072749872786e-05,46|38|5|48|5|38|44|6|8|13,88,54
4,0.05042142299970213,0.1437319763694476,-0.05775615336160497,6.375741860079799,6.4244229876216705,6.375741860079799,13,0.43333333333333335,0,10,161,65.51666666666667,6.375741860079799,-0.15920021747066146,0.03401800624941757,9837.0,27.51718968029794,7.0074778544788865,-0.014270880153572293,0.8930869279728562,-0.8544526215214261,0.7503968884809377,0.029298855430585954,0.0007591256393378115,47|39|5|49|5|36|46|6|8|12,90,55
5,0.0499172087697051,0.22963153631380154,-0.05775615336160497,6.404227120259111,6.4244229876216705,6.375397418990161,12,0.4,0,12,191,65.51666666666667,6.404227120259111,-0.15608133490724668,0.03297860434347698,10493.0,27.687009468957875,7.007607116076427,-0.00667770832368773,1.157223939215639,-1.1008534812147859,1.3938744817404085,0.033073288131965736,0.0008003420069418863,48|40|5|53|5|38|45|6|9|12,97,56
6,0.04941803668200805,0.3876048630421424,-0.05775615336160497,6.40312518838273,6.4244229876216705,6.350029700301945,8,0.26666666666666666,0,14,221,65.51666666666667,6.40312518838273,-0.15430959516705106,0.03293809867674134,10508.0,28.409711143628492,7.007586465008388,-0.006971444734361733,1.307271922799527,-1.1104557640748325,1.4085881462204268,0.04913613249035262,0.0007937572050525614,46|40|5|54|5|39|45|6|10|12,97,58
7,0.048923856315187975,0.20285523438983513,-0.05775615336160497,6.387841591520563,6.4244229876216705,6.350029700301945,11,0.36666666666666664,0,9,251,65.38866666666667,6.387841591520563,-0.1509052576692474,0.030991464009141136,10378.0,28.4618399942532,7.007590163944957,-0.011045515900381964,1.5955840069028389,-1.571925435107937,1.2810697207269341,0.0502947538738549,0.0007949366483849701,47|39|5|52|5|39|46|6|10|11,98,59
8,0.04843461775203609,0.3100837485156685,-0.05775615336160497,6.381593874750136,6.4244229876216705,6.350029700301945,7,0.23333333333333334,0,15,281,65.38866666666667,6.381593874750136,-0.14811507012424135,0.030534736112226568,10488.0,28.69286722026233,6.8924165503136,-0.012710938181367808,1.8318839585553375,-1.6801974575109069,1.3889699269137357,0.05542958959376082,-0.03592933481389649,46|38|5|54|5|40|46|5|10|11,99,59
9,0.04795027157451573,0.2950501020007958,-0.05775615336160497,6.3820883110421684,6.4244229876216705,6.350029700301945,9,0.3,0,11,311,65.38866666666667,6.3820883110421684,-0.14756205769835393,0.030066263235790657,10994.0,28.672770314402577,6.892419080303667,-0.012579138798083242,1.8787183764547075,-1.791253747514888,1.8853108753730226,0.0549829136246516,-0.03592852810097765,48|38|5|55|5|38|50|5|9|11,103,60
10,0.04747076885877057,0.253444679899027,-0.05775615336160497,6.40902994427977,6.4244229876216705,6.350029700301945,16,0.5333333333333333,0,6,341,65.39133333333332,6.40902994427977,-0.14579697063866154,0.028961753661187827,11688.0,28.79695649035118,6.892136542950531,-0.005397443799930607,2.028202946986277,-2.053089046417292,2.5660630853152067,0.0577430887918599,-0.03601861799333817,50|38|5|58|5|37|52|6|10|11,107,64
11,0.046996061170182866,0.2936863336570748,-0.05775615336160497,6.408515745997177,6.4244229876216705,6.320814505396895,13,0.43333333333333335,0,10,371,65.39133333333332,6.408515745997177,-0.1445484893700921,0.02857506174524166,11946.0,28.836580371823565,6.892103065875307,-0.0055345110371537104,2.1339363640571247,-2.144758322739606,2.819138114371523,0.05862377339973237,-0.03602929249732849,50|39|5|61|5|36|51|6|10|11,109,66
12,0.04652610055848104,0.18352983538365453,-0.05775615336160497,6.579985141642428,6.4244229876216705,6.320814505396895,7,0.23333333333333334,0,13,401,65.39133333333332,6.579985141642428,-0.14374783905625,0.027501190769072797,12394.0,30.312482977837806,6.891665408524907,0.04017321908379014,2.201743143135496,-2.399330428308631,3.2585862268414054,0.09142734184220111,-0.036168843969551855,50|40|5|64|5|36|51|7|9|11,113,66
13,0.04606083955289623,0.2091622259151798,-0.05775615336160497,6.59181034867695,6.4244229876216705,6.320814505396895,11,0.36666666666666664,0,10,431,65.39133333333332,6.59181034867695,-0.14306561476692706,0.027198914273039516,12802.0,30.313556794927486,6.889996245849373,0.04332540475356675,2.2595204659795134,-2.4709881653803136,3.6587979006979054,0.09145120861515242,-0.036701073368962944,50|40|5|66|5|38|51|7|9|11,116,67
14,0.04560023115736726,0.21772601040259915,-0.05775615336160497,6.59238661546184,6.4244229876216705,6.264852761388175,9,0.3,0,11,461,65.39133333333332,6.59238661546184,-0.14295675890995208,0.027081982137710302,13055.0,30.415807683092996,6.88991813978682,0.04347901727772764,2.2687394282626467,-2.498708124816818,3.906968374927549,0.09372384774091339,-0.036725978276898004,50|41|5|67|5|39|51|8|7|10,117,69
15,0.04514422884579359,0.15649347153699916,-0.05775615336160497,6.5843740334269345,6.4244229876216705,6.264852761388175,11,0.36666666666666664,0,12,491,65.39133333333332,6.5843740334269345,-0.14129830916089728,0.02632031822476717,12718.0,30.928139629554245,6.891623420727827,0.041343143783538136,2.4091929243801986,-2.679268350725546,3.5764013796098024,0.10511099212464153,-0.03618223220327532,46|41|5|64|5|41|53|8|11|10,120,69
16,0.044692786557335655,0.30180867328778954,-0.05775615336160497,6.5843740334269345,6.4244229876216705,6.264852761388175,6,0.2,0,12,521,65.39133333333332,6.5843740334269345,-0.13921069774316217,0.026266497766289004,12479.0,31.140440653534558,6.891623420727827,0.041343143783538136,2.5859919635569515,-2.6920270412400775,3.341963658894843,0.1098296172847066,-0.03618223220327532,43|41|5|63|5|41|54|8|13|10,119,69
17,0.0442458586917623,-0.14432261719439962,-0.20916880023945852,6.597076470694357,6.593081667325861,6.264852761388175,13,0.43333333333333335,1,8,551,65.39133333333332,6.597076470694357,-0.13300652904962293,0.022035276790878962,12749.0,31.266737540762875,6.898530868598203,0.04472916828261986,3.1114207165277823,-3.695081278426743,3.606809619535174,0.11263670534551926,-0.03397972259447552,44|39|5|65|5|39|56|8|14|10,119,71
18,0.043803400104844674,-0.045941949692229464,-0.20916880023945852,6.591271981124239,6.593081667325861,6.264852761388175,9,0.3,0,12,581,65.39133333333332,6.591271981124239,-0.13188886030347974,0.022053442997235363,12644.0,31.820040233171767,6.890442776515566,0.043181894836169465,3.2060756694358217,-3.690774793285624,3.503813968175045,0.12493446989033108,-0.03655869255026266,43|39|5|66|6|39|54|8|16|10,120,74
19,0.043365366103796224,-0.029291427280864334,-0.20916880023945852,6.582940503459057,6.593081667325861,6.264852761388175,12,0.4,0,10,611,65.39133333333332,6.582940503459057,-0.1321957119509882,0.022067283901586736,12790.0,32.89812522370641,6.893809817593321,0.04096101494564584,3.180088516851574,-3.6874936652526467,3.647026969113891,0.14889610166040204,-0.03548507745158285,45|37|5|65|5|40|54|8|21|10,122,74
20,0.042931712442758264,0.033040693730264734,-0.20916880023945852,6.585133381919091,6.593081667325861,6.264852761388175,15,0.5,0,10,641,65.39133333333332,6.585133381919091,-0.1324024534301981,0.022286025901177946,13011.0,33.1858819536336,6.893534169005283,0.04154555947303551,3.16257965740974,-3.635638635506916,3.8638082924528283,0.15529181337368325,-0.03557297079152523,47|38|5|65|5|40|53|8|23|9,124,75
21,0.04250239531833068,0.11704304604036317,-0.20916880023945852,6.600505587028485,6.593081667325861,6.264852761388175,13,0.43333333333333335,0,13,671,65.39133333333332,6.600505587028485,-0.13090043731215548,0.02219481464448817,12755.0,33.32925749998393,6.894614156820198,0.045643250491656996,3.2897848471504814,-3.6572611974183586,3.6126950853271813,0.1584784935302966,-0.03522860575477433,47|39|5|63|5|37|54|8|24|9,124,76
22,0.04207737136514737,0.1720312596946038,-0.20916880023945852,6.599680923660446,6.593081667325861,6.264852761388175,19,0.6333333333333333,0,8,701,65.39133333333332,6.599680923660446,-0.12041459259722816,0.018176711362576755,12633.0,39.24961687834272,6.89417190677007,0.045423424145823524,4.1778271594343925,-4.609793704181212,3.493023947556365,0.29006503134153905,-0.035369621655752456,48|39|5|60|5|39|54|8|24|9,125,76
23,0.041656597651495895,0.15533271992458886,-0.20916880023945852,6.59253294326942,6.593081667325861,6.264852761388175,12,0.4,0,7,731,65.39133333333332,6.59253294326942,-0.12062025697374087,0.018075307062965333,12816.0,39.555931092525995,6.894169348598232,0.04351802314179391,4.160409519421778,-4.633832631239217,3.672530654212589,0.2968732036754831,-0.03537043735471389,49|38|5|61|5|38|54|8|26|10,125,76
24,0.041240031674980936,0.16762034132703205,-0.20916880023945852,6.591864853254685,6.593081667325861,6.264852761388175,11,0.36666666666666664,0,6,761,65.23133333333332,6.591864853254685,-0.11975533895141247,0.01772841016468175,12910.0,40.056979329742084,6.897043898841395,0.04333993376336514,4.233659106972042,-4.716068091337479,3.764736284954038,0.3080095551362906,-0.03445385793922565,50|38|5|61|5|37|54|9|27|10,128,78
25,0.04082763135823113,0.1957741284358896,-0.20916880023945852,6.5998787996243085,6.593081667325861,6.264852761388175,10,0.3333333333333333,0,6,791,65.23133333333332,6.5998787996243085,-0.11925328843733445,0.017511011709861482,13273.0,40.12691762106416,6.897076262365758,0.04547617094136454,4.276177579400924,-4.767604620044579,4.120806965370483,0.3095640110446846,-0.034443538502188856,51|37|5|60|5|36|59|10|26|10,129,80
26,0.040419355044648816,0.24309477580522376,-0.20916880023945852,6.60283867894672,6.593081667325861,6.264852761388175,11,0.36666666666666664,0,8,821,65.23133333333332,6.60283867894672,-0.1175558490963328,0.016956903172766498,13576.0,40.33173619269681,6.899109490363566,0.046265171011903444,4.419933089645977,-4.898961719856783,4.418022987866854,0.31411633042230586,-0.033795223192961736,54|38|5|59|5|34|60|10|27|10,129,84
27,0.040015161494202325,0.3038494855252479,-0.20916880023945852,6.516816061071817,6.593081667325861,6.264852761388175,14,0.4666666666666667,0,12,851,65.12866666666666,6.516816061071817,-0.11729298437194355,0.016844863596975797,14274.0,40.18629176262083,6.898538705655075,0.023334556558361166,4.442195005973252,-4.925521847981164,5.102698841670376,0.3108836670357578,-0.03397722366963541,56|38|5|60|5|33|63|9|28|11,132,85
28,0.0396150098792603,0.25123836037657105,-0.20916880023945852,6.500524925954932,6.593081667325861,6.264852761388175,13,0.43333333333333335,0,7,881,65.16733333333333,6.500524925954932,-0.11765578935961085,0.016666366506448142,14685.0,39.266049988788,6.900317567989439,0.018991911012289586,4.411469185696937,-4.967836410141772,5.505853248422881,0.2904302754037269,-0.033410015424608905,60|38|5|62|5|30|63|9|26|11,135,85
29,0.0392188597804677,0.2343474263581799,-0.20916880023945852,6.515962461129921,6.593081667325861,6.264852761388175,8,0.26666666666666666,0,8,911,65.16733333333333,6.515962461129921,-0.11696579178903495,0.016236817555217366,15007.0,39.04902692208106,6.8995041915136115,0.02310701673629185,4.469904824856481,-5.069665385304045,5.821706579260608,0.2856066976193221,-0.033669368739639265,60|39|5|65|5|31|62|9|25|10,137,85
30,0.038826671182663024,0.30380119342197537,-0.20916880023945852,6.514605531444334,6.593081667325861,6.264852761388175,12,0.4,0,10,941,65.16733333333333,6.514605531444334,-0.11504253603905339,0.01548252234103823,15845.0,39.20332741727469,6.898743704264741,0.02274530684848069,4.632784643293578,-5.248478785754888,6.643709968210969,0.2890361968519715,-0.033911857789783215,60|41|5|69|5|30|64|9|24|10,141,88
31,0.03843840447083639,0.37340874497581517,-0.20916880023945852,6.516314546536067,6.593081667325861,6.264852761388175,14,0.4666666666666667,0,10,971,65.16733333333333,6.516314546536067,-0.11463382143971301,0.015507643802924792,15942.0,40.08107870672006,6.898789284197206,0.02320087036342495,4.667398531609674,-5.242523486105903,6.738858331848421,0.30854519045456724,-0.03389732416736491,60|40|5|69|5|30|65|9|25|10,143,88
32,0.03805402042612803,0.15996529502793466,-0.20916880023945852,6.516429781490426,6.593081667325861,6.264852761388175,7,0.23333333333333334,0,12,1001,65.16733333333333,6.516429781490426,-0.11035605668785706,0.013072622032370178,15974.0,40.00830994588249,6.8987877728566485,0.023231587962764047,5.029680846952077,-5.819770318353866,6.770247482739127,0.3069278242293966,-0.03389780607358595,60|41|5|69|5|30|65|9|24|10,144,88
33,0.03767348022186675,0.34933796021159846,-0.20916880023945852,6.531383251666018,6.593081667325861,6.264852761388175,10,0.3333333333333333,0,11,1031,65.12866666666666,6.531383251666018,-0.10897944924460976,0.013351156478022434,15836.0,40.92651267629499,6.898434478104984,0.027217658926538817,5.146265222388068,-5.75374087731602,6.634881769522957,0.32733589586529527,-0.03401045767803985,59|42|5|67|5|33|65|9|24|9,145,88
34,0.03729674541964808,0.45287400645204257,-0.20916880023945852,6.546252175923232,6.593081667325861,6.264852761388175,15,0.5,0,12,1061,65.16733333333333,6.546252175923232,-0.10753118532697406,0.012982434133438409,16170.0,42.18762983383196,6.9219569108300085,0.03118119291218126,5.268918158148567,-5.84115028283509,6.9625060319447005,0.35536562006434347,-0.026510092120248,62|41|5|69|5|32|64|11|23|8,148,86
35,0.0369237779654516,0.4063208380027631,-0.20916880023945852,6.570910936558763,6.593081667325861,6.264852761388175,8,0.26666666666666666,0,16,1091,65.16733333333333,6.570910936558763,-0.1077687965400614,0.013016192812924616,15957.0,42.03753609205366,6.889957298225151,0.03775435409936822,5.248794952357213,-5.833147442355413,6.753571996328439,0.3520296205809444,-0.03671349221282511,61|41|5|68|5|32|64|11|24|8,147,84
36,0.03655454018579708,0.3638658432976226,-0.20916880023945852,6.563523932372822,6.593081667325861,6.264852761388175,13,0.43333333333333335,0,10,1121,65.16733333333333,6.563523932372822,-0.10450002726603033,0.011585515178438706,15702.0,44.11670111991985,6.885793735794381,0.03578523773045179,5.52562581370888,-6.172304218061324,6.503439700168127,0.39824136383342434,-0.038041086200170014,59|41|5|69|5|32|62|11|26|8,144,85
37,0.03618899478393911,0.40361336565426464,-0.20916880023945852,6.5754097003694305,6.593081667325861,6.264852761388175,10,0.3333333333333333,0,16,1151,65.16733333333333,6.5754097003694305,-0.10438316823724827,0.011480188711051147,16216.0,44.314202222740114,6.8858281939400126,0.038953566829792126,5.535522561653577,-6.197272935132584,7.00762793635009,0.4026310443702205,-0.03803009887195849,60|41|5|72|5|32|62|12|25|8,146,86
38,0.035827104836099716,0.4445335340595696,-0.20916880023945852,6.597254500057796,6.593081667325861,6.264852761388175,15,0.5,0,10,1181,65.01666666666667,6.597254500057796,-0.10403466980564594,0.011453792553583303,16309.0,44.700124137430855,6.885713506712478,0.04477662467019878,5.565036764985893,-6.2035304144151455,7.098852656126204,0.4112085859304962,-0.03806666805429491,58|41|5|73|5|33|63|11|25|9,146,88
39,0.03546883378773872,0.328129311340678,-0.20916880023945852,6.529029133505572,6.593081667325861,6.264852761388175,13,0.43333333333333335,0,8,1211,64.81733333333334,6.529029133505572,-0.10550133094597228,0.011336914543431786,16906.0,43.70274981600325,6.882957623460537,0.026590133547181528,5.440825775237187,-6.231237542924325,7.684456502430936,0.3890408380842703,-0.038945409299547436,60|40|5|75|5|31|66|11|23|8,147,87
40,0.035114145449861335,0.3437168850273846,-0.20916880023945852,6.518107506972087,6.593081667325861,6.264852761388175,12,0.4,0,11,1241,64.81733333333334,6.518107506972087,-0.10490879730228804,0.011065856697434508,17206.0,43.7133958385326,6.882955134727956,0.023678810764502144,5.49100723046075,-6.295494579493755,7.978729792031304,0.38927745771435873,-0.038946202857099516,59|42|5|76|5|30|67|11|24|7,149,88
41,0.03476300399536272,0.362683287227316,-0.20916880023945852,6.543134285429639,6.593081667325861,6.264852761388175,11,0.36666666666666664,0,13,1271,64.81733333333334,6.543134285429639,-0.10483694140211708,0.011025958416803672,17105.0,45.0940705655139,6.88784576095525,0.030350072602393443,5.497092680081058,-6.304952875261289,7.8796577845325135,0.4199644811797005,-0.03738677722540414,59|43|5|74|5|29|68|12|24|8,152,87
42,0.0344153739554091,0.580051019988239,-0.20916880023945852,6.640955802880322,6.593081667325861,6.264852761388175,13,0.43333333333333335,0,14,1301,65.01666666666667,6.640955802880322,-0.10298105406296898,0.011149164532525369,17228.0,45.62784548228423,6.909978057043303,0.05642586007940407,5.654267092710812,-6.275745604560902,8.000309833268664,0.4318282193042875,-0.030329670792824937,59|44|5|74|5|29|68|12|24|10,152,88
43,0.03407122021585501,0.6530202380640497,-0.20916880023945852,6.662253166262673,6.593081667325861,6.264852761388175,16,0.5333333333333333,0,5,1331,65.01666666666667,6.662253166262673,-0.10263697788412318,0.011231560944867276,17009.0,48.020557518529486,6.886763797422364,0.06210299059068264,5.683406777092086,-6.256212691718759,7.785490331860395,0.48500889174449363,-0.03773177223981076,61|42|5|73|5|28|67|14|24|10,150,89
44,0.03373050801369645,0.8762109848822963,-0.20916880023945852,6.663010849018355,6.593081667325861,6.264852761388175,16,0.5333333333333333,0,7,1361,65.01666666666667,6.663010849018355,-0.10148354170936438,0.011309699907002185,17534.0,50.5141665421831,6.8869581698152285,0.062304962253227424,5.781090860306341,-6.237689051021598,8.300468588661039,0.5404321113680991,-0.03766979463664916,64|43|5|72|5|29|67|14|27|10,150,91
45,0.03339320293355949,0.9206123958049652,-0.20916880023945852,6.668046961950393,6.593081667325861,6.264852761388175,8,0.26666666666666666,0,10,1391,65.01666666666667,6.668046961950393,-0.10173891138979015,0.01141761052820274,17896.0,50.7361632755255,6.886971208741411,0.06364741342295337,5.759463696481412,-6.212107733841118,8.655558358112149,0.5453662343966288,-0.03766563704317268,64|40|5|73|5|29|70|14|28|10,151,92
46,0.03305927090422389,0.9347245568993783,-0.20916880023945852,6.55812671412099,6.593081667325861,6.264852761388175,17,0.5666666666666667,0,3,1421,64.70066666666668,6.55812671412099,-0.10144617196713974,0.011278907873385058,18031.0,51.14909598210413,6.886283970642762,0.03434652854080168,5.784255689959728,-6.244988617735497,8.787981338432315,0.5545441206929115,-0.037884769860996474,65|41|5|74|5|27|69|15|28|10,151,93
47,0.03272867819518165,1.0555298777698905,-0.20916880023945852,6.491979950244681,6.593081667325861,6.264852761388175,17,0.5666666666666667,0,7,1451,64.73933333333335,6.491979950244681,-0.10044154135177497,0.011159009547715038,18415.0,52.30612746842939,6.8886780130219085,0.01671412002699788,5.869337485362411,-6.273411742950139,9.164651149120786,0.580260425682887,-0.03712140523734769,67|40|5|74|5|25|69|15|33|10,152,96
48,0.032401391413229834,1.1097214003139784,-0.20916880023945852,6.484912083838461,6.593081667325861,6.264852761388175,19,0.6333333333333333,0,9,1481,64.83200000000002,6.484912083838461,-0.1002335496657166,0.011020827021084293,18536.0,54.90937652256925,6.887440016964044,0.014830074602969302,5.88695222436004,-6.306169325134486,9.283341375926268,0.6381205162961052,-0.03751615280030743,66|43|5|74|5|23|68|16|36|10,153,98
49,0.03207737749909754,1.1586850833879356,-0.20916880023945852,6.499527734495353,6.593081667325861,6.264852761388175,10,0.3333333333333333,0,13,1511,64.70066666666668,6.499527734495353,-0.10029843312397502,0.011201457163378729,18640.0,54.97196298377005,6.887583929177208,0.018726094725121732,5.881457268267589,-6.263349101221575,9.385356116321061,0.639511569645565,-0.03747026493574938,67|44|5|72|5|24|68|16|38|9,153,99
50,0.03175660372410656,1.1261865668567492,-0.20916880023945852,6.556695483074987,6.593081667325861,6.264852761388175,8,0.26666666666666666,0,13,1541,64.70066666666668,6.556695483074987,-0.1007151339025915,0.011180317268062265,18749.0,54.83517462567413,6.888059027754529,0.03396501251489371,5.846167033381095,-6.268360529765272,9.49227541154253,0.6364712970363511,-0.037318774949677565,68|44|5|72|5|25|68|16|37|9,153,101
51,0.0314390376868655,1.1735055923925082,-0.20916880023945852,6.5617954434959005,6.593081667325861,6.264852761388175,14,0.4666666666666667,0,6,1571,64.70066666666668,6.5617954434959005,-0.10058773046092799,0.011098304166370697,19294.0,54.94803492391304,6.888069150305062,0.035324483187018176,5.856956783754446,-6.287802574894711,10.026871887649863,0.6389797420398569,-0.03731554727207006,67|42|5|74|5|25|72|16|37|9,152,101
52,0.031124647309996843,1.1695940743198783,-0.20916880023945852,6.562885826069615,6.593081667325861,6.264852761388175,14,0.4666666666666667,0,6,1601,64.77866666666667,6.562885826069615,-0.10025352675194073,0.01096026804189657,19651.0,53.484805505091146,6.881831746744697,0.035615140958455326,5.885260372313259,-6.32052545094946,10.3770571022743,0.6064578492050836,-0.03930440647643462,67|43|5|75|5|26|73|16|36|9,151,103
53,0.030813400836896872,1.2367736423376479,-0.20916880023945852,6.608236362627151,6.593081667325861,6.264852761388175,14,0.4666666666666667,0,6,1631,64.77866666666667,6.608236362627151,-0.09987739086612654,0.011167676757547814,19579.0,53.20536969948358,6.8800432791605335,0.04770400426850265,5.917115181425193,-6.271357092153625,10.306431512770212,0.6002470792415568,-0.03987467745249817,66|44|5|73|6|24|76|16|35|8,151,102
54,0.030505266828527902,0.48299601799608266,-0.20916880023945852,6.553204099116548,6.593081667325861,6.264852761388175,17,0.5666666666666667,0,3,1661,64.77866666666667,6.553204099116548,-0.09602310897510924,0.006780713360821519,19280.0,52.701619767559755,6.880999425225164,0.033034331939970185,6.243532889845047,-7.311331664278798,10.01313913413518,0.589050679626559,-0.03956980061024279,63|44|5|73|5|25|77|17|33|8,151,102
55,0.030200214160242624,0.6131989553532378,-0.20916880023945852,6.563928141582269,6.593081667325861,6.264852761388175,13,0.43333333333333335,0,6,1691,64.77866666666667,6.563928141582269,-0.09516641112754853,0.006725554624237473,19586.0,54.5220203266324,6.881780847028129,0.03589298573637615,6.316086313833238,-7.324407607315106,10.313297889527554,0.6295110962481634,-0.03932063636581338,62|47|5|73|5|24|77|17|36|8,153,103
56,0.029898212018640197,0.7128570395997891,-0.20916880023945852,6.5912066736986805,6.593081667325861,6.264852761388175,14,0.4666666666666667,0,5,1721,64.77866666666667,6.5912066736986805,-0.09460078331181668,0.006673145951396472,19900.0,56.03258950102735,6.8811680715193235,0.04316448616582879,6.363989124434615,-7.336831619595249,10.621303932642606,0.6630851675299849,-0.03951602603382236,63|48|5|72|5|25|78|18|36|8,155,104
57,0.029599229898453795,0.7925020839697032,-0.20916880023945852,6.5800682886726145,6.593081667325861,6.264852761388175,12,0.4,0,12,1751,64.77866666666667,6.5800682886726145,-0.09456969520848935,0.006680139155513999,20714.0,55.83091478384281,6.881138857891279,0.04019538316736792,6.366621964412116,-7.335173808986358,11.419765458424937,0.6586027237960148,-0.03952534109456313,64|49|5|72|5|25|81|17|38|8,158,105
58,0.02930323759946926,0.8667207176953983,-0.20916880023945852,6.5687550205101655,6.593081667325861,6.264852761388175,14,0.4666666666666667,0,11,1781,64.77866666666667,6.5687550205101655,-0.09395663228999496,0.0065106550708712,21015.0,57.31461386204247,6.881058022942752,0.037179662455172076,6.418542036329665,-7.3753517458572135,11.71501965899064,0.6915795774592712,-0.03955111613538837,62|51|5|69|5|25|85|18|39|8,160,105
59,0.029010205223474566,0.8800921751466619,-0.20916880023945852,6.576243125270626,6.593081667325861,6.264852761388175,12,0.4,0,13,1811,64.77866666666667,6.576243125270626,-0.0937396761710203,0.006584813325477651,21011.0,56.33391318591874,6.879825735618307,0.03917572869323461,6.436915969836817,-7.357771772620728,11.711096015129302,0.6697824198286072,-0.039944043410964684,64|50|6|70|5|26|84|17|37|8,162,104
60,0.02872010317123982,0.8134540883985973,-0.20916880023945852,6.582367792408714,6.593081667325861,6.264852761388175,9,0.3,0,15,1841,64.77866666666667,6.582367792408714,-0.09395007682684522,0.006616093183565824,20662.0,55.343539736093454,6.879861472072757,0.04080835025567096,6.419097216080257,-7.350356562123266,11.36875808822754,0.6477702740999113,-0.03993264848105897,65|49|6|69|5|26|83|17|36|8,162,105
61,0.028432902139527424,0.7903824322868387,-0.20916880023945852,6.685919503953659,6.593081667325861,6.264852761388175,17,0.5666666666666667,0,7,1871,64.77866666666667,6.685919503953659,-0.0939607641400384,0.006623775134202456,20410.0,55.33812732555437,6.882532287817913,0.06841160660965268,6.418192111477033,-7.348535477102958,11.121568524963232,0.6476499772870767,-0.039081031870636475,64|47|5|73|5|28|79|18|36|9,162,105
62,0.02814857311813215,0.8255565679133281,-0.20916880023945852,6.683972601083581,6.593081667325861,6.264852761388175,10,0.3333333333333333,0,16,1901,64.77866666666667,6.683972601083581,-0.09374691696077991,0.006572642285957659,20607.0,55.783477269529996,6.882415373833536,0.06789263055201646,6.436302750029,-7.360657042104984,11.31480798513414,0.6575483725528095,-0.03911831107691155,65|47|5|73|5|28|78|18|39|9,161,106
63,0.027867087386950828,0.8060645049078673,-0.20916880023945852,6.699925098995055,6.593081667325861,6.264852761388175,13,0.43333333333333335,0,10,1931,64.77866666666667,6.699925098995055,-0.09379156678846809,0.006593689363782351,20354.0,55.96675274686261,6.88255159764444,0.072145007289852,6.432521372629157,-7.355667616897662,11.066637510904496,0.6616218728230899,-0.03907487473716717,65|45|5|72|5|28|78|20|39|9,161,105
64,0.027588416513081318,0.8395873196664139,-0.20916880023945852,6.688004313808507,6.593081667325861,6.264852761388175,12,0.4,0,8,1961,64.77866666666667,6.688004313808507,-0.09353181377602679,0.006505690036224053,20648.0,56.1277952371407,6.882449482299927,0.06896734383518058,6.454519759221961,-7.376528758135595,11.355025334712856,0.6652012203562239,-0.039107435247462095,64|47|5|71|5|27|80|19|41|9,162,107
65,0.027312532347950506,0.8150833257973068,-0.20916880023945852,6.649410962767633,6.593081667325861,6.264852761388175,10,0.3333333333333333,0,13,1991,64.94266666666667,6.649410962767633,-0.09383759205789771,0.0064645112181523166,20865.0,55.67566575586838,6.882190516342394,0.058679709314740466,6.428623509576733,-7.3862906184093164,11.567883014190455,0.6551521423728007,-0.03919000916195589,67|47|5|71|5|27|79|19|41|8,163,107
66,0.027039407024471,0.7964539171422228,-0.20916880023945852,6.599738700989112,6.593081667325861,5.802013239192194,11,0.36666666666666664,0,13,2021,64.94266666666667,6.599738700989112,-0.09426512080490906,0.006404592738016983,21243.0,55.4375508665355,6.882178173063923,0.04543882555629593,6.392416258049984,-7.400494907368653,11.938667359086919,0.6498597754933249,-0.0391939449411246,69|50|5|71|5|25|79|19|40|8,162,107
67,0.02676901295422629,0.8012236017558432,-0.20916880023945852,6.5966374463259525,6.593081667325861,5.802013239192194,12,0.4,0,12,2051,64.94266666666667,6.5966374463259525,-0.09428581185475322,0.006376795036862931,21407.0,55.30476727819142,6.882103073899569,0.044612139775742424,6.390663940688176,-7.407084636926306,12.099536757401786,0.646908513322954,-0.03921789106916006,69|50|5|71|5|25|79|19|42|8,164,109
68,0.026501322824684027,0.7102369082284713,-0.20916880023945852,6.533451911296868,6.593081667325861,5.802013239192194,15,0.5,0,9,2081,64.94266666666667,6.533451911296868,-0.0951373857081627,0.006161476866497622,21428.0,56.25181724900753,6.910538774717422,0.027769091068485584,6.318544465870309,-7.458128012912423,12.120135887673813,0.667957746795074,-0.03015088029186926,68|52|5|72|5|26|78|19|41|8,165,109
69,0.026236309596437187,0.6752078387843916,-0.20916880023945852,6.52100782412563,6.593081667325861,5.802013239192194,10,0.3333333333333333,0,7,2111,64.94266666666667,6.52100782412563,-0.09562695226343296,0.006243626866592959,21371.0,55.91768914762084,6.910461004205826,0.024451933648737104,6.277083255297529,-7.438653514615268,12.064223962649743,0.6605313800431445,-0.030175678205988307,68|50|5|72|5|28|79|18|40|8,165,109
70,0.025973946500472814,0.6958445362072995,-0.20916880023945852,6.520286691458557,6.593081667325861,5.802013239192194,11,0.36666666666666664,0,12,2141,64.94266666666667,6.520286691458557,-0.09534208335066525,0.006213106413649742,21411.0,55.90888418824815,6.9105190119487965,0.024259704958573783,6.301208698203612,-7.445888700350889,12.103460401263124,0.6603356800787714,-0.030157181850507152,66|51|5|73|5|27|80|19|39|8,166,110
71,0.025714207035468086,0.680236023270489,-0.20916880023945852,6.518817975384988,6.593081667325861,5.802013239192194,9,0.3,0,14,2171,64.94266666666667,6.518817975384988,-0.09534816139056913,0.006253204053650044,21279.0,55.38274071154636,6.910653314531722,0.02386819673833227,6.300693951251208,-7.436383144404456,11.973980153838964,0.6486415591535732,-0.03011435811373318,67|52|5|71|5|27|79|19|40|8,165,111
72,0.025457064965113404,0.6813841026640871,-0.20916880023945852,6.4785595000610385,6.593081667325861,5.802013239192194,15,0.5,0,7,2201,64.94266666666667,6.4785595000610385,-0.09551324850190708,0.0062144240319265106,21694.0,54.638424730922836,6.9111484784743356,0.013136698453969283,6.286712784824805,-7.44557634545305,12.381058204452804,0.6320983129300677,-0.029956470083015795,67|53|5|72|5|26|80|18|41|9,166,111
73,0.02520249431546227,0.5770548241791389,-0.20916880023945852,6.251219960510869,6.593081667325861,5.802013239192194,12,0.4,0,10,2231,64.74133333333334,6.251219960510869,-0.0974841252479596,0.006328599945312518,21895.0,53.67534367875052,7.027833525476236,-0.04746405353723069,6.1197999618359695,-7.4185097766370856,12.578221308485052,0.6106927709370925,0.007249737194657031,66|54|5|72|5|26|81|18|42|8,167,112
74,0.024950469372307646,0.5428816215470846,-0.20916880023945852,6.2325733288583915,6.593081667325861,5.802013239192194,10,0.3333333333333333,0,15,2261,64.74133333333334,6.2325733288583915,-0.09782159485942715,0.006296702568343143,21906.0,53.7170260770909,7.027717907954469,-0.052434591889155474,6.091219785203507,-7.42607137630541,12.589011329103732,0.611619208360018,0.007212871378596392,63|53|5|72|5|25|84|20|42|7,166,113
75,0.02470096467858457,0.5565635838543915,-0.20916880023945852,6.215774048573746,6.593081667325861,5.802013239192194,13,0.43333333333333335,0,11,2291,64.74133333333334,6.215774048573746,-0.09744749344513881,0.00629410699212739,21763.0,53.565748750615555,7.027730742769623,-0.056912691124224174,6.122902295674063,-7.426686684212108,12.44874106106089,0.6082569023971408,0.007216963889207241,63|54|5|70|5|23|85|19|42|7,166,113
76,0.024453955031798723,0.5425156988372059,-0.20916880023945852,6.205547541797722,6.593081667325861,5.802013239192194,16,0.5333333333333333,0,6,2321,64.74133333333334,6.205547541797722,-0.09767437092455318,0.006434180142707528,21603.0,53.0034715648156,7.028208441063449,-0.059638719346575456,6.103688125819204,-7.3934809102707275,12.29179530660736,0.5957596698068153,0.007369282821178065,65|54|5|69|5|24|84|17|41|7,164,115
77,0.024209415481480735,0.6172599850953946,-0.20916880023945852,6.232049857150252,6.593081667325861,5.802013239192194,12,0.4,0,6,2351,64.74133333333334,6.232049857150252,-0.09726144659485904,0.006371714641916879,21821.0,54.50663735961481,7.027545396969291,-0.05257413109655486,6.13865853464262,-7.408288996544211,12.505633897050293,0.629169192785595,0.00715786450636112,67|56|5|68|5|24|82|18|43|7,165,116
78,0.023967321326665927,0.5594332709059073,-0.20916880023945852,6.232479669665312,6.593081667325861,5.802013239192194,10,0.3333333333333333,0,11,2381,64.74133333333334,6.232479669665312,-0.09710309597442916,0.006426994452771126,20849.0,55.0019090949623,7.027528364085085,-0.05245955814686291,6.152069190144505,-7.395184351613003,11.552188438745102,0.6401771551009181,0.007152433398977656,67|56|5|65|5|24|78|17|44|8,164,116
79,0.023727648113399266,0.5651270914322438,-0.20916880023945852,6.2182073081543,6.593081667325861,5.802013239192194,11,0.36666666666666664,0,13,2411,64.74133333333334,6.2182073081543,-0.09716769906412837,0.006401212105428658,20913.0,55.504313075821386,7.027003642066687,-0.05626406941652145,6.146597978361681,-7.401296320923227,11.614966740526514,0.6513436394642641,0.006985120476874015,68|56|5|66|5|24|76|17|45|9,165,114
80,0.023490371632265274,0.5297922216572979,-0.20916880023945852,6.208838576424745,6.593081667325861,5.802013239192194,14,0.4666666666666667,0,5,2441,64.70066666666668,6.208838576424745,-0.09707366778867618,0.006326871806472035,20858.0,54.585129331976965,7.02747303610931,-0.05876144488028027,6.1545614523163055,-7.4189194496360775,11.561016637433113,0.6309137637193912,0.007134791514367457,67|55|5|68|5|24|75|17|46|8,165,112
81,0.023255467915942622,0.5463405855896258,-0.20916880023945852,6.193122481351987,6.593081667325861,5.802013239192194,10,0.3333333333333333,0,12,2471,64.70066666666668,6.193122481351987,-0.09713283039318853,0.006368176379411845,20922.0,54.82772920423258,7.02777809313675,-0.06295080490827551,6.149550993212607,-7.409127777883825,11.623794939214525,0.6363058143067689,0.007232062032622284,66|54|5|68|5|24|76|16|48|8,166,112
82,0.023022913236783196,0.5392800057654298,-0.20916880023945852,6.204486906512806,6.593081667325861,5.802013239192194,10,0.3333333333333333,0,16,2501,64.70066666666668,6.204486906512806,-0.09720347541558215,0.006278483261131011,21216.0,54.44754603234559,7.02713894746792,-0.05992144753359253,6.1435680923836,-7.430390449547848,11.912182763022885,0.6278558226549827,0.007028263972406883,67|53|5|67|5|24|79|17|47|8,166,113
83,0.022792684104415366,0.5934984774245162,-0.20916880023945852,6.2053075661331745,6.593081667325861,5.802013239192194,12,0.4,0,13,2531,64.70066666666668,6.2053075661331745,-0.09668494624554223,0.006216128997106423,21504.0,54.30510119071439,7.027144915042149,-0.059702688446539184,6.187482136093725,-7.44517216600747,12.194685121039239,0.6246898284405374,0.007030166793800285,68|55|5|69|5|23|79|17|44|7,166,113
84,0.02256475726337121,0.5859454753104523,-0.20916880023945852,6.291537134692323,6.593081667325861,5.802013239192194,9,0.3,0,10,2561,64.81733333333334,6.291537134692323,-0.09712329010113935,0.006240614692149598,21682.0,54.52737570194945,7.0314260407151075,-0.03671690819511069,6.1503589570192,-7.439367581395547,12.36928727286879,0.6296301253900811,0.008395247009839006,67|54|5|70|5|23|80|18|45|7,165,113
85,0.022339109690737498,0.5842901394674342,-0.20916880023945852,6.2922263801592955,6.593081667325861,5.802013239192194,11,0.36666666666666664,0,12,2591,64.81733333333334,6.2922263801592955,-0.09703570610241537,0.006209849092428494,21625.0,54.698654545092445,7.03144121562653,-0.036533179514707345,6.157776413491275,-7.446660881683853,12.31337534784472,0.6334369871917289,0.008400085683810647,66|56|5|68|5|24|79|17|48|7,165,115
86,0.022115718593830123,0.5902175968132357,-0.20916880023945852,6.284053887423371,6.593081667325861,5.802013239192194,14,0.4666666666666667,0,6,2621,64.81733333333334,6.284053887423371,-0.09650934683099961,0.005883509491060285,21905.0,55.2013426559765,7.031673672472777,-0.03871167959621352,6.202353585592127,-7.524023024152072,12.588030418138397,0.6446097866592577,0.0084742069000829,67|56|5|68|5|23|78|15|52|8,167,116
87,0.02189456140789182,0.47502740844072056,-0.20916880023945852,6.317567301604061,6.593081667325861,5.802013239192194,15,0.5,0,9,2651,64.81733333333334,6.317567301604061,-0.09675934893466034,0.0058353330805669444,21155.0,54.80932994148918,7.030683731346742,-0.02977817816852122,6.181180999859032,-7.535443735327078,11.852347194137478,0.6358968703342909,0.008158554160727746,65|55|5|69|5|24|74|17|52|7,166,115
88,0.021675615793812903,0.5196959241289534,-0.20916880023945852,6.307523812966565,6.593081667325861,5.802013239192194,11,0.36666666666666664,0,14,2681,64.81733333333334,6.307523812966565,-0.09677566476890523,0.00587131306208321,21630.0,54.39121817313991,7.031375572723235,-0.03245542017073364,6.179799217888807,-7.526914312466981,12.318279902671394,0.6266038736597429,0.00837915478024533,67|54|5|72|5|25|74|15|51|8,165,117
89,0.021458859635874773,0.48543896107272955,-0.20916880023945852,6.290583884118754,6.593081667325861,5.802013239192194,11,0.36666666666666664,0,9,2711,64.81733333333334,6.290583884118754,-0.09725631665631655,0.005890290875233926,21721.0,54.07119562666964,7.0318050656252975,-0.03697101138239006,6.139092987241242,-7.5224154276287765,12.407542800516838,0.6194910184730307,0.008516102935549026,67|54|5|73|5|27|74|14|50|6,164,117
90,0.021244271039516024,0.6032937819773945,-0.20916880023945852,6.331242903869499,6.593081667325861,5.802013239192194,11,0.36666666666666664,0,10,2741,64.77866666666667,6.331242903869499,-0.0967615386335959,0.005968100470426207,21963.0,55.63881615519301,7.0284385300139585,-0.02613274199469107,6.180995555065713,-7.503969866736313,12.644923254127802,0.6543331192252663,0.007442649009947855,66|52|5|74|6|27|74|14|54|7,165,119
91,0.021031828329120865,0.5305239401428709,-0.20916880023945852,6.300463598005509,6.593081667325861,5.802013239192194,16,0.5333333333333333,0,5,2771,64.81733333333334,6.300463598005509,-0.09725151556899685,0.005830591110697513,22071.0,55.19875907962404,7.030041244567922,-0.034337425987698456,6.1394995895513835,-7.536567867816916,12.750861638383935,0.6445523638162064,0.007953690753803377,63|51|5|77|5|27|72|14|58|7,166,118
92,0.020821510045829657,0.5040228485227044,-0.20916880023945852,6.301372162153953,6.593081667325861,5.802013239192194,8,0.26666666666666666,0,7,2801,64.81733333333334,6.301372162153953,-0.0971524291978167,0.005797817411896065,21799.0,55.17874167948577,7.030048608574301,-0.03409523463490116,6.147891177694337,-7.544337208544363,12.484053855812935,0.6441074549497268,0.007956038841709819,64|51|5|77|5|27|70|14|57|7,165,117
93,0.020613294945371362,0.5140021696060181,-0.20916880023945852,6.295129869867584,6.593081667325861,5.802013239192194,10,0.3333333333333333,0,8,2831,64.81733333333334,6.295129869867584,-0.09706567447499108,0.005782383710838816,21765.0,55.612479180544106,7.030003491244718,-0.03575921093858912,6.155238403097164,-7.547995925338147,12.450702882991559,0.653747750822946,0.007941652724898555,65|50|5|77|5|26|69|14|58|8,165,118
94,0.020407161995917647,0.49178503029284726,-0.20916880023945852,6.289016880171965,6.593081667325861,5.802013239192194,8,0.26666666666666666,0,9,2861,64.81733333333334,6.289016880171965,-0.09751722533482485,0.005826475381058021,21817.0,55.64304288807464,7.029351497319277,-0.03738871970420906,6.116996727716475,-7.537543543650913,12.501710253188955,0.6544270630402617,0.007733757868128142,65|50|5|76|5|25|70|14|59|8,166,118
95,0.02020309037595847,0.5315270894394912,-0.20916880023945852,6.290904587131602,6.593081667325861,5.802013239192194,7,0.23333333333333334,0,11,2891,64.81733333333334,6.290904587131602,-0.09738584971874467,0.005765084359872106,22196.0,55.912372112959886,7.029372230756372,-0.03688552320121884,6.128122880072659,-7.552096913537198,12.873475509050754,0.6604132030647308,0.007740368934223839,63|51|5|77|5|25|71|14|61|8,166,120
96,0.020001059472198886,0.4496927442433632,-0.20916880023945852,6.291327225558441,6.593081667325861,5.802013239192194,7,0.23333333333333334,0,14,2921,64.81733333333334,6.291327225558441,-0.0974252795328312,0.005752170919483941,21654.0,54.91042144956171,7.0293755263114654,-0.03677286261196326,6.124783583694897,-7.55515817674545,12.341821765839423,0.6381437409546803,0.007741419755293564,59|53|5|77|5|25|70|14|60|8,166,118
97,0.0198010488774769,0.4971777204826781,-0.20916880023945852,6.292358088397559,6.593081667325861,5.802013239192194,9,0.3,0,15,2951,64.81733333333334,6.292358088397559,-0.09682574993383183,0.005561573101879898,21609.0,56.99160504490073,7.02953763722116,-0.03649807071534063,6.175557523787689,-7.600341340105936,12.297680772399367,0.6844003491027032,0.007793110458284501,60|54|5|75|5|26|69|14|61|8,166,118
98,0.01960303838870213,0.441502649621706,-0.20916880023945852,6.2928778205154225,6.593081667325861,5.802013239192194,12,0.4,0,11,2981,64.81733333333334,6.2928778205154225,-0.0966657734488793,0.005583946118049287,20872.0,56.89109105925485,7.02953763722116,-0.03635952835161962,6.189105873154913,-7.595037587643522,11.574749390947797,0.6821663145572502,0.007793110458284501,58|54|5|73|5|27|68|14|60|8,166,116
99,0.019407008004815107,0.41921992300785005,-0.20916880023945852,6.30431815580077,6.593081667325861,5.802013239192194,8,0.26666666666666666,0,16,3011,64.81733333333334,6.30431815580077,-0.09668080867436823,0.005572608576787358,20659.0,57.006222892874774,7.02957763105013,-0.033309935998721785,6.187832545466788,-7.59772526783516,11.365815355331536,0.6847252469479568,0.007805862895111085,60|53|5|74|5|27|65|15|59|8,166,115
100,0.019212937924766957,0.43059870616260754,-0.20916880023945852,6.3032351698938465,6.593081667325861,5.802013239192194,13,0.43333333333333335,0,6,3041,64.81733333333334,6.3032351698938465,-0.09658482788293068,0.005580151488790404,20578.0,57.429690527461766,7.0295632768381715,-0.03359862207807821,6.195961123209476,-7.595937143345953,11.286361567139437,0.6941372836756775,0.007801285909463292,59|53|5|72|5|26|67|15|60|8,165,115
101,0.019020808545519286,0.34298643489235847,-0.20916880023945852,6.306726530914618,6.593081667325861,5.802013239192194,11,0.36666666666666664,0,11,3071,64.81733333333334,6.306726530914618,-0.09758209263727188,0.0057057703141292935,20272.0,57.30038126966844,7.029426542100546,-0.03266794761753262,6.111503139853717,-7.566157915137628,10.986202811747061,0.691263242345997,0.0077576866555667786,57|53|5|71|5|27|68|15|59|8,165,115
102,0.018830600460064094,0.3594430402820039,-0.20916880023945852,6.307010862042518,6.593081667325861,5.802013239192194,13,0.43333333333333335,0,11,3101,64.81733333333334,6.307010862042518,-0.09742709361135922,0.005825907078294201,19968.0,57.51068183318771,7.029412982303025,-0.03259215490589373,6.1246299500550245,-7.537678265637443,10.688005878285356,0.6959374050588905,0.007753362976996565,57|50|5|70|5|28|68|15|60|6,164,114
103,0.018642294455463452,0.33724844299232914,-0.20916880023945852,6.343023515360604,6.593081667325861,5.802013239192194,11,0.36666666666666664,0,12,3131,64.81733333333334,6.343023515360604,-0.09728898799126498,0.005781583012663756,19558.0,58.26175255162037,7.02985434836933,-0.022992443933519128,6.136326063963073,-7.54818573903539,10.285832382498187,0.7126307828040355,0.007894097010792666,57|50|5|68|5|29|66|17|60|7,164,113
104,0.018455871510908817,0.32233711148240896,-0.20916880023945852,6.348111663184809,6.593081667325861,5.802013239192194,6,0.2,0,15,3161,64.81733333333334,6.348111663184809,-0.09738703352997939,0.005776741360007938,19446.0,58.509980719232736,7.029882352384585,-0.021636122085593637,6.128022623536846,-7.549333502349959,10.175970354380716,0.7181479284831876,0.007903026374262637,58|50|5|65|5|30|65|17|62|7,164,114
105,0.01827131279579973,0.2819905122308844,-0.20916880023945852,6.318210269159483,6.593081667325861,5.802013239192194,9,0.3,0,10,3191,64.81733333333334,6.318210269159483,-0.09744618067741197,0.005929028833990356,19004.0,57.24085178035961,7.03027533366847,-0.029606785557092563,6.123013473487518,-7.513232198037031,9.74240770770284,0.6899401335792464,0.008028332430866723,59|47|5|66|5|30|62|16|62|8,163,114
106,0.018088599667841734,0.2902287219868168,-0.20916880023945852,6.340558628652938,6.593081667325861,5.802013239192194,11,0.36666666666666664,0,9,3221,64.81733333333334,6.340558628652938,-0.09687791963807572,0.005810542412647604,18753.0,57.82557355838924,7.029728347748831,-0.023649496324639446,6.171139290822446,-7.541320616880581,9.496199055403867,0.7029362220658683,0.007853920438696612,60|48|5|65|5|30|61|17|60|8,162,112
107,0.017907713671163315,0.26321600724097155,-0.20916880023945852,6.3722921228977665,6.593081667325861,5.802013239192194,9,0.3,0,13,3251,64.81733333333334,6.3722921228977665,-0.09672261070040919,0.005708964970678969,18513.0,58.16034209789373,7.029776842171611,-0.015190459157809,6.184292347335615,-7.56540058910641,9.260780423723572,0.7103768232635838,0.00786938337582618,60|47|5|65|5|29|60|18|60|8,163,110
108,0.01772863653445168,0.22622365393581084,-0.20916880023945852,6.2002200775620455,6.593081667325861,5.802013239192194,12,0.4,0,13,3281,64.81733333333334,6.2002200775620455,-0.09708014763104335,0.005876499753455662,18670.0,55.37417482057659,7.030080519584999,-0.0610588345607043,6.154012676861832,-7.525684754193294,9.414783445281099,0.648451172748974,0.007966213990188322,57|50|5|66|5|29|61|17|60|8,165,109
109,0.017551350169107163,0.23914090306751692,-0.20916880023945852,6.196023405750467,6.593081667325861,5.802013239192194,6,0.2,0,16,3311,64.81733333333334,6.196023405750467,-0.09706662787109524,0.005783117179111832,18821.0,56.24587658601815,7.029212643173448,-0.06217752015382696,6.155157660333574,-7.547822049177253,9.562901001046617,0.6678257089870427,0.007689482819492239,58|51|5|65|5|28|62|17|60|8,164,109
110,0.01737583666741609,0.24758972113485228,-0.20916880023945852,6.208545831501557,6.593081667325861,5.802013239192194,8,0.26666666666666666,0,12,3341,64.81733333333334,6.208545831501557,-0.09676029595628896,0.005771053049929274,18708.0,56.0856581250422,7.0292469316468065,-0.05883948041480233,6.181100796947419,-7.550681974471834,9.452058061963811,0.6642646764169026,0.007700416045983435,58|51|5|66|5|28|60|17|60|8,164,109
111,0.01720207830074193,0.30355934637564225,-0.20916880023945852,6.19578254294357,6.593081667325861,5.802013239192194,11,0.36666666666666664,0,8,3371,64.81733333333334,6.19578254294357,-0.09646560029264224,0.005778570945359393,19030.0,55.974619022497244,7.029599431714766,-0.062241725734842886,6.20605846375249,-7.548899780417274,9.76791139280154,0.6617967095027709,0.007812814257501436,59|52|5|67|5|28|61|16|59|8,164,108
112,0.017030057517734513,0.36803648245638104,-0.20916880023945852,6.259707072221868,6.593081667325861,5.802013239192194,11,0.36666666666666664,0,12,3401,64.81733333333334,6.259707072221868,-0.0963611205937298,0.0060233751086770666,19007.0,55.971878097263705,7.029324928672019,-0.04520168706575126,6.214906810827176,-7.490866448023677,9.745350440598845,0.6617357894067377,0.007725286186259926,58|51|5|69|5|31|58|15|60|9,164,109
113,0.016859756942557168,0.37858489264360234,-0.20916880023945852,6.258211519784715,6.593081667325861,5.802013239192194,14,0.4666666666666667,0,9,3431,64.81733333333334,6.258211519784715,-0.09606493370667915,0.006217165021024676,18597.0,55.06809760257612,7.028790027030342,-0.045600348919791624,6.23999076879102,-7.444926565934331,9.343176944811676,0.641648267917419,0.007554727388326936,57|52|6|67|5|33|58|14|58|9,163,108
114,0.016691159373131596,0.3315952896513595,-0.20916880023945852,6.256097085918891,6.593081667325861,5.802013239192194,13,0.43333333333333335,0,7,3461,64.81733333333334,6.256097085918891,-0.09666241883167492,0.006028319318711265,19122.0,54.87662637826297,7.032355327110919,-0.046163982868193766,6.189389974445748,-7.489694372432928,9.85815520161232,0.6373926081022488,0.008691559375058446,57|54|5|69|5|32|59|14|58|9,166,109
115,0.01652424777940028,0.2886919145879127,-0.20916880023945852,6.249823492754476,6.593081667325861,5.802013239192194,12,0.4,0,8,3491,64.81733333333334,6.249823492754476,-0.09689665411530843,0.006127456659375788,18942.0,53.56255202341603,7.0332822450303185,-0.04783630288873527,6.169552674871756,-7.466192851194763,9.681591227852099,0.608185851598088,0.00898711652762159,56|53|5|70|5|32|61|14|55|9,166,109
116,0.016359005301606278,0.3247389083547295,-0.20916880023945852,6.26844627653008,6.593081667325861,5.802013239192194,12,0.4,0,4,3521,64.81733333333334,6.26844627653008,-0.09668945134391518,0.006129935558930422,18904.0,54.54618475483638,7.032581483235617,-0.042872121544811695,6.187100600978058,-7.465605202684727,9.644316611169385,0.6300481774019145,0.008763671542545622,57|53|5|67|5|32|63|15|55|8,167,109
117,0.016195415248590216,0.3098263143765692,-0.20916880023945852,6.2838015237529135,6.593081667325861,5.802013239192194,7,0.23333333333333334,0,14,3551,64.81733333333334,6.2838015237529135,-0.09665886058013148,0.006069899483443696,18741.0,55.12040238245816,7.032440601083016,-0.038778950904298636,6.189691321453474,-7.479837368825655,9.484428123819852,0.6428107995233238,0.00871874984344105,54|55|5|67|5|31|62|16|56|8,167,109
118,0.016033461096104314,0.26774025288927245,-0.20916880023945852,6.25357887870197,6.593081667325861,5.802013239192194,10,0.3333333333333333,0,11,3581,64.81733333333334,6.25357887870197,-0.09740122656195194,0.0060788636965904246,18922.0,55.16266700469373,7.032333074690576,-0.046835248637962845,6.126820620906264,-7.4777123103538505,9.661973008545408,0.6437501775165261,0.008684463965792413,56|55|5|69|5|30|59|16|57|8,167,110
119,0.01587312648514327,0.253822574449753,-0.20916880023945852,6.275098324377131,6.593081667325861,5.802013239192194,9,0.3,0,11,3611,64.81733333333334,6.275098324377131,-0.09769459500690772,0.006115330598442676,18910.0,55.31703062136678,7.032423789634052,-0.041098918772384134,6.101975355761454,-7.469067458044661,9.650202076961392,0.6471810796938968,0.00871338934292407,55|53|5|70|5|31|58|16|59|8,166,111
120,0.01571439522029184,0.19978686401586235,-0.20916880023945852,6.220782606673406,6.593081667325861,5.802013239192194,10,0.3333333333333333,0,13,3641,64.81733333333334,6.220782606673406,-0.09770087647601045,0.006186064152553336,18477.0,54.0590971608091,7.032927332511323,-0.055577585106891536,6.101443380465407,-7.452299345111231,9.22546762897153,0.6192221166828394,0.008873949081693732,54|54|5|69|5|31|57|14|58|8,166,109
121,0.01555725126808892,0.15701498438352918,-0.20916880023945852,6.222369738824636,6.593081667325861,5.802013239192194,10,0.3333333333333333,0,10,3671,64.81733333333334,6.222369738824636,-0.09769242867370202,0.006153108394095067,18263.0,53.39811787700715,7.0329513854790475,-0.055154511311351094,6.102158821719749,-7.460111844943638,9.015552682389933,0.6045311207547233,0.008881618613701346,53|55|5|69|5|31|59|14|54|8,166,108
122,0.015401678755408032,0.12512165853842735,-0.20916880023945852,6.219958595634136,6.593081667325861,5.802013239192194,11,0.36666666666666664,0,12,3701,64.81733333333334,6.219958595634136,-0.09806365901025207,0.0062390205331415045,18288.0,52.34706294036662,7.033228195814841,-0.05579723756474225,6.070719461761411,-7.439745493104038,9.040075456523297,0.5811702618400602,0.008969882388664458,52|56|5|69|5|34|61|14|50|8,167,106
123,0.01524766196785395,0.09926845642173975,-0.20916880023945852,6.237293629139868,6.593081667325861,5.802013239192194,19,0.6333333333333333,0,10,3731,64.81733333333334,6.237293629139868,-0.0974133683175267,0.006071478988948439,17804.0,52.69034447379807,7.028955589039202,-0.05117632530144365,6.125792340115451,-7.479462930880106,8.56531454930137,0.5888000737470699,0.007607518509187929,53|56|5|67|6|34|58|15|50|8,168,106
124,0.015095185348175411,0.08192597886729791,-0.20916880023945852,6.236013884322783,6.593081667325861,5.802013239192194,14,0.4666666666666667,0,10,3761,64.81733333333334,6.236013884322783,-0.09744631277211026,0.006091684313597624,17745.0,52.08060022486137,7.028947160286398,-0.051517460408982266,6.123002286436355,-7.474673051878069,8.50744080234663,0.5752478331582328,0.007604830916115969,52|53|5|72|6|34|55|15|50|9,169,107
125,0.014944233494693657,-0.033731001837096784,-0.20916880023945852,6.193657199430003,6.593081667325861,5.802013239192194,10,0.3333333333333333,0,11,3791,64.81733333333334,6.193657199430003,-0.09808411740716179,0.006035472486142992,17568.0,50.66803751601295,7.030333160792281,-0.06280826781290196,6.068986847690609,-7.487998640883241,8.333819561482414,0.5438520640131913,0.008046771194102222,52|53|5|71|6|34|56|14|49|8,169,105
126,0.014794791159746721,-0.09085266814895487,-0.20916880023945852,6.200441493291082,6.593081667325861,5.802013239192194,11,0.36666666666666664,0,5,3821,64.81733333333334,6.200441493291082,-0.09875169911227076,0.0058211246048790535,17991.0,51.00026838716668,7.034573916888054,-0.060999812888940304,6.0124495998903,-7.538811999907333,8.748744899818933,0.5512362627239883,0.009398979162196121,51|54|5|73|5|34|57|15|49|8,169,106
127,0.014646843248149254,-0.1196443286692696,-0.20916880023945852,6.19517797370544,6.593081667325861,5.802013239192194,10,0.3333333333333333,0,9,3851,64.81733333333334,6.19517797370544,-0.09878589922673804,0.0058290814687164,17734.0,50.87118234625693,7.03550526705183,-0.06240288270091176,6.00955320483987,-7.536925743899162,8.49665078172795,0.5483671826365253,0.009695949580702029,52|54|5|72|5|33|54|15|51|7,168,106
128,0.014500374815667762,-0.14821383751249337,-0.20916880023945852,6.1732590309879445,6.593081667325861,5.802013239192194,14,0.4666666666666667,0,7,3881,64.81733333333334,6.1732590309879445,-0.09919595554492788,0.005842262706575647,17753.0,50.92276710541121,7.035577407225484,-0.06824570447384462,5.974825686850447,-7.533800996559583,8.515288090069308,0.5495137109850832,0.009718952204628518,53|52|5|73|5|31|55|15|51|7,169,104
129,0.014355371067511084,-0.10223572557364799,-0.20916880023945852,6.272918667614404,6.593081667325861,5.802013239192194,10,0.3333333333333333,0,5,3911,65.17,6.272918667614404,-0.09908221322164616,0.00582079836874005,18066.0,51.401887714874405,7.035835071021585,-0.041679938858750584,5.984458482158568,-7.538889337522989,8.822313222219025,0.56016269665709,0.00980111091178062,55|52|5|74|5|29|57|16|49|8,171,104
130,0.014211817356835974,-0.1405295756808808,-0.20916880023945852,6.153869723739718,6.593081667325861,5.802013239192194,11,0.36666666666666664,0,8,3941,64.81733333333334,6.153869723739718,-0.09936403246963499,0.005775823921844544,17746.0,52.658545633447154,7.034873862559204,-0.07341421410554305,5.960591314235145,-7.549550990456228,8.508421713311966,0.5880933093361991,0.009494619872806153,58|52|5|70|5|27|55|18|51|7,170,103
131,0.014069699183267614,-0.1481581403930804,-0.20916880023945852,6.150595501368186,6.593081667325861,5.802013239192194,10,0.3333333333333333,0,6,3971,64.81733333333334,6.150595501368186,-0.09951424193262462,0.005844906650757324,17616.0,52.72555870942917,7.0348056634981475,-0.07428700701386803,5.947870130347085,-7.533174222531534,8.380903287818473,0.5895827490970333,0.0094728739124882,58|49|5|71|5|25|54|19|53|7,169,102
132,0.013929002191434938,-0.14132444462835636,-0.20916880023945852,6.170862391397534,6.593081667325861,5.802013239192194,13,0.43333333333333335,0,12,4001,64.81733333333334,6.170862391397534,-0.0990552500789834,0.005834915430848547,17018.0,54.03695956522553,7.034308602276136,-0.06888456457586718,5.986741980742387,-7.535542743467313,7.794318530548407,0.6187300841266814,0.009314380915047339,57|49|5|66|5|25|54|21|54|8,169,100
133,0.01378971216952059,-0.1489213892699314,-0.20916880023945852,6.187918434634566,6.593081667325861,5.802013239192194,6,0.2,0,12,4031,64.81733333333334,6.187918434634566,-0.09894629328315585,0.00583602436959707,16773.0,54.34853522772994,7.034370899586795,-0.06433802133836533,5.995969491499627,-7.535279858187402,7.553995344041439,0.6256551979711328,0.009334245042566596,58|48|5|64|5|27|54|21|53|8,169,100
134,0.013651815047825384,-0.15541865333178864,-0.20916880023945852,6.185078511279679,6.593081667325861,5.802013239192194,9,0.3,0,14,4061,64.81733333333334,6.185078511279679,-0.0988651063763222,0.0058508895887519315,16709.0,53.87309685786298,7.034208033413294,-0.06509504535294759,6.0028451806245195,-7.5317559058467785,7.491217042260028,0.6150880541483946,0.009282313516072765,60|48|5|63|5|26|54|21|52|7,168,99
135,0.01351529689734713,-0.18503889226354947,-0.20916880023945852,6.158122844406716,6.593081667325861,5.802013239192194,10,0.3333333333333333,0,14,4091,64.81733333333334,6.158122844406716,-0.09898959320920377,0.005874314260427925,16414.0,54.06580081199635,7.0342809858949416,-0.0722804812263468,5.992302436770639,-7.526202847683222,7.201848307486333,0.6193711127477824,0.009305575152617832,57|49|5|63|5|26|54|20|52|7,168,97
136,0.013380143928373658,-0.16194144378208236,-0.20916880023945852,6.143898025215938,6.593081667325861,5.802013239192194,11,0.36666666666666664,0,8,4121,64.81733333333334,6.143898025215938,-0.0987926767709573,0.005903305846441409,16684.0,52.845440498837185,7.034868008571321,-0.07607231937999871,6.008979217125604,-7.519330095500676,7.4666942681266635,0.5922472545107553,0.009492753269568052,58|50|5|63|5|26|56|18|51|8,168,98
137,0.01324634248908992,-0.08091812248687186,-0.20916880023945852,6.103852663096658,6.593081667325861,5.802013239192194,15,0.5,0,8,4151,64.81733333333334,6.103852663096658,-0.0988772944343232,0.0059714331839663,17506.0,52.458000914414484,7.03492969519297,-0.08674700915455379,6.001812978498347,-7.503179812882556,8.273003081631671,0.5836359810614494,0.009512422672720396,60|51|5|63|5|26|60|15|52|9,168,100
138,0.013113879064199021,-0.16608392592828272,-0.20916880023945852,6.128815594030019,6.593081667325861,5.802013239192194,7,0.23333333333333334,0,13,4181,64.81733333333334,6.128815594030019,-0.0992592092489867,0.0058277918921732265,17581.0,51.281627069668254,7.034990654276202,-0.08009276682847473,5.9694687540386395,-7.537231451217056,8.346571404031764,0.5574897707540665,0.00953186009289083,59|52|5|64|5|27|60|16|51|8,168,101
139,0.01298274027355703,-0.16223374164338086,-0.20916880023945852,6.130422318379695,6.593081667325861,5.802013239192194,13,0.43333333333333335,0,9,4211,64.81733333333334,6.130422318379695,-0.09927231290255364,0.005831117527205657,17761.0,50.67474878511871,7.0350022456389265,-0.0796644704396213,5.968359010462484,-7.536443075395985,8.523135377791984,0.5440012293948021,0.009535556116119594,58|54|5|61|5|28|61|15|54|8,168,102
140,0.012852912870821461,-0.12457711553571527,-0.20916880023945852,6.120762504549402,6.593081667325861,5.802013239192194,10,0.3333333333333333,0,11,4241,64.81733333333334,6.120762504549402,-0.09932698588238344,0.0059510374000368675,18067.0,49.9520513788233,7.034705881561829,-0.0822394381877264,5.963728776013333,-7.508014842206255,8.823294133184358,0.527938479905777,0.009441057432993725,61|53|5|64|5|29|59|14|53|8,169,103
141,0.012724383742113246,-0.12283520983181939,-0.20916880023945852,6.126950583777803,6.593081667325861,5.802013239192194,10,0.3333333333333333,0,8,4271,64.81733333333334,6.126950583777803,-0.09926173448398974,0.0059477596295851145,17971.0,50.2377289912935,7.034894246826631,-0.08058991318488612,5.969254892819812,-7.508791871238599,8.729126680512241,0.5342879809331211,0.00950111960262223,61|54|5|63|5|29|59|15|52|8,168,102
142,0.012597139904692113,-0.2324251577164231,-0.2350166122280539,6.129659345420449,6.130379958806389,5.802013239192194,9,0.3,4,13,4301,64.81733333333334,6.129659345420449,-0.09964740388239038,0.00595021958467561,17517.0,48.75380835219366,7.034907510569055,-0.07986785228499133,5.936592694051478,-7.508208713707678,8.283793102250351,0.5013062028337105,0.009505348881031068,59|52|5|64|5|28|59|16|51|8,167,103
143,0.012471168505645192,-0.23994920289748284,-0.24933601266231423,6.121441699218159,6.1306268286212005,5.802013239192194,11,0.36666666666666664,3,9,4331,64.81733333333334,6.121441699218159,-0.09940352657131678,0.005951863494553093,17278.0,48.52368554636861,7.034878895815842,-0.08205838869780264,5.957246573364708,-7.5078190080464156,8.049355381535392,0.4961914688530985,0.009496224777586776,60|52|5|65|5|27|57|16|49|8,165,103
144,0.01234645682058874,-0.29044116555896615,-0.2956097114398851,6.136259581989655,6.117507898738007,5.802013239192194,8,0.26666666666666666,4,6,4361,64.81733333333334,6.136259581989655,-0.09951457320446819,0.005944426721161261,17098.0,47.55391862292865,7.034521495035528,-0.0781084605830238,5.947842075057125,-7.5095819712915475,7.872791407775171,0.47463732597356606,0.00938226392437353,62|51|5|64|5|27|57|16|47|8,165,101
145,0.012222992252382853,-0.3111985221670757,-0.3190213454593936,6.154509154188546,6.155966818684505,5.802013239192194,9,0.3,3,8,4391,64.81733333333334,6.154509154188546,-0.09927321468505014,0.00587749958604271,16778.0,47.82388600452064,7.034699219033798,-0.07324376436274102,5.968282638836245,-7.5254477336456205,7.558899898868113,0.48063764973693607,0.00943893301855272,59|52|5|64|5|27|57|17|46|8,166,100
146,0.012100762329859025,-0.3159967627024298,-0.3332441074953468,6.156970176997698,6.169121420530763,5.802013239192194,9,0.3,2,12,4421,64.81733333333334,6.156970176997698,-0.09918426326807674,0.005904884323617772,16644.0,47.5697125605933,7.034605627806767,-0.07258774195151788,5.975815901454329,-7.518955901330895,7.427457829513282,0.47498836371348696,0.009409090509321462,60|52|5|61|5|28|58|16|46|7,166,101
147,0.011979754706560434,-0.3561513100995428,-0.3561513100995428,6.131684403565097,6.131684403565097,5.802013239192194,11,0.36666666666666664,5,12,4451,64.81733333333334,6.131684403565097,-0.09965013541205073,0.005918232388251345,16618.0,47.50478927416379,7.0350103736164105,-0.07932804277084173,5.936361361814392,-7.515791605997053,7.401954144414583,0.4735453718377209,0.009538147803938954,57|51|5|62|5|28|59|16|48|7,165,102
148,0.01185995715949483,-0.3439354675809756,-0.35732765360168056,6.140123675723969,6.131956833253777,5.802013239192194,7,0.23333333333333334,1,13,4481,64.81733333333334,6.140123675723969,-0.09946473208607103,0.005945716237566761,16385.0,48.08557264793155,7.0348392892387315,-0.07707842864697216,5.952063100947888,-7.509276278229904,7.173401889491631,0.486453924931945,0.009483595819932019,57|49|5|61|5|29|59|17|48|7,164,101
149,0.01174135758789988,-0.3610555574723382,-0.37771900515035745,6.03421805097868,6.033267425544557,5.802013239192194,8,0.26666666666666666,2,12,4511,64.50000000000001,6.03421805097868,-0.09943035161400733,0.005861350637954277,16413.0,47.962920175082786,7.03467465809367,-0.10530915574513292,5.95497477041648,-7.529276007068433,7.200867396520998,0.4837278380131083,0.00943110151440704,58|51|5|60|5|30|58|17|47|6,162,101
150,0.011623944012020881,-0.4299865704351711,-0.4299865704351711,6.022173627525451,6.022173627525451,5.802013239192194,7,0.23333333333333334,6,14,4541,64.50000000000001,6.022173627525451,-0.09973632017946459,0.005902107308543824,15940.0,47.68074482460556,7.034638008405214,-0.10851977682763522,5.9290624057246735,-7.519614221175885,6.736896509917752,0.47745617863366285,0.009419415390602736,56|51|5|58|5|30|59|16|46|6,160,99
151,0.011507704571900673,-0.4596699403089779,-0.4596699403089779,6.02957936687516,6.02957936687516,5.802013239192194,8,0.26666666666666666,4,8,4571,64.50000000000001,6.02957936687516,-0.099801727594084,0.005887692014836455,15733.0,47.661400504282,7.03466328187965,-0.10654566632080832,5.923523075961717,-7.523031514084363,6.533847940093498,0.4770262297107995,0.009427474093518696,56|50|5|59|5|29|57|18|46|6,160,100
152,0.011392627526181667,-0.4706819652199114,-0.49383391440048124,6.007474163072823,6.007474163072823,5.802013239192194,10,0.3333333333333333,3,10,4601,64.50000000000001,6.007474163072823,-0.09993123722300132,0.005879755629570568,15716.0,47.82020381377167,7.034586346618764,-0.11243813876968785,5.912554953368499,-7.524912915437579,6.517172453682811,0.48055580897335193,0.009402942507535298,59|50|5|60|5|28|54|18|45|6,159,102
153,0.01127870125091985,-0.4910940605528833,-0.5285722896174123,6.00793605615939,6.007474163072823,5.802013239192194,13,0.43333333333333335,4,12,4631,64.50000000000001,6.00793605615939,-0.09979286858196332,0.005828783199330607,15623.0,47.3286323042414,7.034590249786973,-0.1123150142641976,5.924273342423035,-7.53699645170974,6.425947733906697,0.46963008827096014,0.00940418707219168,59|53|5|59|5|28|53|18|43|6,159,103
154,0.011165914238410651,-0.4892231403672873,-0.5285722896174123,5.986226544733447,6.007474163072823,5.802013239192194,3,0.1,0,12,4661,64.50000000000001,5.986226544733447,-0.09984311182304992,0.005863970220753759,15707.0,46.86161712691056,7.034354519718736,-0.11810200899629239,5.920018260910369,-7.528655008155365,6.5083442549948,0.4592501592222434,0.009329022155985564,60|53|5|59|5|28|53|17|43|6,159,103
155,0.011054255096026545,-0.4978211260266809,-0.5285722896174123,5.994247224656964,6.007474163072823,5.802013239192194,6,0.2,0,17,4691,64.50000000000001,5.994247224656964,-0.0997824074037758,0.005856374688368446,15564.0,46.95489568227232,7.03440277256091,-0.11596397688886582,5.925159295736233,-7.53045560684474,6.368073986951957,0.46132337832393433,0.009344408062696017,60|54|5|58|5|29|52|17|42|6,160,101
156,0.01094371254506628,-0.5257461810759029,-0.5482054673523338,6.057168978750952,6.0092555641074625,5.802013239192194,12,0.4,2,8,4721,64.45733333333334,6.057168978750952,-0.09922282842473484,0.005754509947129717,15119.0,46.616685619295275,7.034403143798565,-0.0991912429322213,5.972549832594516,-7.554603686302944,5.931568607378079,0.4538062854591412,0.009344526435576605,60|55|5|57|5|29|49|17|40|8,160,98
157,0.010834275419615617,-0.5495859787820492,-0.5766896047843494,6.059549158645477,6.059227620970888,5.802013239192194,13,0.43333333333333335,3,10,4751,64.41933333333334,6.059549158645477,-0.09966654487294539,0.005874375337246318,14752.0,47.57806132054038,7.034261578559907,-0.09855677040813714,5.93497165063781,-7.526188368798325,5.571574283100296,0.47517392414086046,0.009299386927574945,60|56|5|54|5|30|46|17|41|8,159,99
158,0.010725932665419461,-0.6105008641280507,-0.6189256524213963,6.044139255761951,6.044139255761951,5.802013239192194,11,0.36666666666666664,4,12,4781,64.45733333333334,6.044139255761951,-0.10005753488454486,0.005859723944831361,14662.0,46.87923411000268,7.0343606294423076,-0.10266451033186898,5.9018588511047,-7.529661631321816,5.483292296220186,0.45964171616391225,0.00933097030313425,61|56|5|52|5|29|47|16|41|8,156,100
159,0.010618673338765266,-0.6564505350946246,-0.6588143327516225,6.0567797900874485,6.0567797900874485,5.802013239192194,7,0.23333333333333334,5,13,4811,64.498,6.0567797900874485,-0.10020947693196314,0.0058237566674537045,14674.0,45.72139676956087,7.034366208381519,-0.09929498698713336,5.888990935281916,-7.538188042535835,5.4950632278042,0.43390750017455293,0.009332749204321755,60|57|5|53|5|28|49|16|38|9,156,101
160,0.010512486605377614,-0.6478893163121108,-0.6588143327516225,6.086307932328998,6.0567797900874485,5.802013239192194,11,0.36666666666666664,0,10,4841,64.45733333333334,6.086307932328998,-0.10022009936455982,0.005821702865948688,14665.0,46.199610458854465,7.034998757990087,-0.09142381935706914,5.8880913253924225,-7.53867491720249,5.486235029116189,0.44453632854232167,0.009534444044016228,60|55|5|54|5|28|51|16|37|8,156,101
161,0.010407361739323839,-0.6411385494749583,-0.6588143327516225,6.07051833535079,6.0567797900874485,5.802013239192194,11,0.36666666666666664,0,10,4871,63.924666666666674,6.07051833535079,-0.10023804144800641,0.005859951264284902,14524.0,46.799169713136536,7.034083239796268,-0.09563277241649162,5.88657181697853,-7.529607742918825,5.347926583004016,0.4578621963556939,0.009242521809240612,61|52|5|55|5|29|49|17|38|7,157,100
162,0.0103032881219306,-0.6356745892614982,-0.6588143327516225,6.1307693463134125,6.0567797900874485,5.802013239192194,8,0.26666666666666666,0,18,4901,63.924666666666674,6.1307693463134125,-0.10039612799030231,0.0058639941144342225,14728.0,46.70476068428161,7.034025576465784,-0.07957196495735092,5.873183526156183,-7.528649343913868,5.548032419932266,0.4557638512297963,0.009224135273163988,61|53|5|55|5|29|50|17|38|7,158,99
163,0.010200255240711295,-0.6725862426179778,-0.677609992894683,6.143478691299623,6.144136989281084,5.802013239192194,9,0.3,2,15,4931,63.924666666666674,6.143478691299623,-0.10036776955732371,0.005884675120354877,14524.0,45.61504656930184,7.034071750142122,-0.07618409910258628,5.87558519136101,-7.523746699798008,5.347926583004016,0.43154374930179806,0.009238858216820668,61|52|5|55|5|31|50|17|35|7,158,99
164,0.010098252688304181,-0.6924569060012743,-0.6924569060012743,6.148328193633436,6.148328193633436,5.802013239192194,6,0.2,3,13,4961,63.924666666666674,6.148328193633436,-0.10060018074035473,0.005913766419706949,14405.0,45.82072747496983,7.034125436119584,-0.07489139177682307,5.855902374192671,-7.51685030954802,5.231198178129204,0.43611523500749083,0.009255976533663347,61|50|5|54|5|31|51|18|36|6,158,99
165,0.00999727016142114,-0.6924014675857322,-0.7051754787505954,6.555163705589175,6.555163705589175,5.802013239192194,10,0.3333333333333333,1,15,4991,63.967333333333336,6.555163705589175,-0.10048529701370071,0.005694061572361697,14735.0,46.26733920598693,7.034479067691905,0.0335566943327286,5.865631834530416,-7.568933592208233,5.554898796689608,0.4460416748863344,0.009368735536789624,62|50|5|53|5|32|52|18|38|6,159,101
166,0.009897297459806928,-0.7223161718207034,-0.7230278837163157,6.360253873623433,6.554456598209223,5.802013239192194,15,0.5,3,10,5021,63.924666666666674,6.360253873623433,-0.10101499783725983,0.005837081567532474,14531.0,46.32991866783787,7.03341526257995,-0.01839943442064978,5.820771667613917,-7.535029238596789,5.354792959761358,0.44743257266749903,0.009029530518534173,64|49|5|52|5|30|51|19|37|7,158,101
167,0.009798324485208858,-0.7115408997485249,-0.7426456341663664,6.3500334006561525,6.360464035967957,5.802013239192194,9,0.3,2,8,5051,63.924666666666674,6.3500334006561525,-0.10129936444883829,0.005907927455874883,14716.0,46.32637428759403,7.033400702205693,-0.021123854241101928,5.796688764409849,-7.518234495684024,5.536261488348251,0.44735379489487276,0.009024887795952483,65|48|5|54|5|29|51|19|37|7,158,101
168,0.009700341240356769,-0.6874624543463976,-0.7426456341663664,6.162424404239798,6.360464035967957,5.802013239192194,7,0.23333333333333334,0,6,5081,63.924666666666674,6.162424404239798,-0.10129248093439272,0.0059477414290607915,14943.0,45.951917153737355,7.033755774812552,-0.07113383616347868,5.797271726703404,-7.508796185859166,5.758928277479196,0.4390310707739293,0.009138106287514708,67|47|5|54|5|28|51|18|39|7,158,102
169,0.0096033378279532,-0.6983937829918625,-0.7426456341663664,6.105113076641872,6.360464035967957,5.802013239192194,11,0.36666666666666664,0,10,5111,64.01533333333333,6.105113076641872,-0.10156716210110239,0.005911873909011313,14892.0,47.110800833559786,7.034004330250858,-0.08641102708645,5.77400908024456,-7.51729894857756,5.708901818247134,0.46478854281375326,0.009217360702670891,67|45|5|55|5|28|51|19|39|6,158,101
170,0.00950730444967367,-0.7206069025143347,-0.7426456341663664,6.237141634758955,6.360464035967957,5.802013239192194,9,0.3,0,10,5141,64.462,6.237141634758955,-0.10135615556152403,0.005942832573185801,14574.0,46.37363228341741,7.03449075618182,-0.051216841675322186,5.791879146072203,-7.509959880384638,5.396972131270744,0.4484041561410207,0.009372462530005407,67|44|5|52|5|30|51|18|39|7,158,101
171,0.009412231405176932,-0.7327642618064011,-0.7556844633667595,6.4889482026332,6.322256070362284,5.802013239192194,6,0.2,2,2,5171,64.70066666666668,6.4889482026332,-0.10146977090885341,0.00595027337168553,14766.0,45.31642095383138,7.03563535232838,0.01590596238989341,5.782257104310542,-7.508195962946485,5.58530703661498,0.4249064645813556,0.009737428586688166,69|45|5|52|5|30|50|16|39|7,158,102
172,0.009318109091125163,-0.7360783793390822,-0.7556844633667595,6.15446451637985,6.322256070362284,5.802013239192194,10,0.3333333333333333,0,10,5201,64.50266666666667,6.15446451637985,-0.10101738041499922,0.005914276204211725,14534.0,44.851714475108466,7.03561134751508,-0.07325566323778755,5.820569887986007,-7.516729459913709,5.357735692657362,0.4145778489136774,0.009729774409205777,68|45|5|51|5|30|51|15|38|8,158,100
173,0.00922492800021391,-0.8264284374479877,-0.8264284374479877,6.154787656500392,6.154787656500392,5.802013239192194,8,0.26666666666666666,7,9,5231,64.50266666666667,6.154787656500392,-0.10144209434752723,0.005940582556885551,14034.0,44.32524559924752,7.036017542036901,-0.07316952540913663,5.784601022057214,-7.510493269776688,4.867280209990082,0.4028764956321267,0.009859293640351761,67|45|5|51|5|28|50|15|36|8,156,99
174,0.009132678720211772,-0.8372990674345194,-0.8424962094554075,6.153787493173712,6.153932914486962,5.802013239192194,9,0.3,2,3,5261,64.50266666666667,6.153787493173712,-0.10150664210243161,0.005971760776143463,13957.0,44.08946765075279,7.036011958890043,-0.07343613389189653,5.779134496557707,-7.503102153804177,4.791750065659321,0.39763606984850464,0.00985751339751356,65|44|5|54|5|28|51|15|34|8,157,98
175,0.009041351933009655,-0.8592047746005669,-0.8737919353305319,6.1731322502457235,6.153859728007977,5.802013239192194,11,0.36666666666666664,4,4,5291,64.54066666666668,6.1731322502457235,-0.10150300256787075,0.005988164265625886,13623.0,44.38259505636008,7.036466052223419,-0.06827949977549692,5.7794427273941285,-7.499213538738782,4.464125803237579,0.4041511507712017,0.010002305649126787,65|42|5|53|5|27|51|15|34|8,157,94
176,0.008950938413679558,-0.8961921942390926,-0.8961921942390926,6.212783645486048,6.212783645486048,5.802013239192194,11,0.36666666666666664,5,9,5321,64.50266666666667,6.212783645486048,-0.1012664200204579,0.005906729110016573,13162.0,44.7344605903959,7.035465374114349,-0.05770982776059582,5.799478815869809,-7.51851857583436,4.011925848218347,0.411971751589477,0.009683229314147012,62|44|5|52|5|28|50|16|32|8,157,93
177,0.008861429029542763,-0.9888417045717203,-0.9990091605989763,6.340287288754181,6.340287288754181,5.802013239192194,9,0.3,6,10,5351,64.81733333333334,6.340287288754181,-0.10176092649811977,0.005963523544668125,12858.0,43.16518027408167,7.036923829207206,-0.023721826029988853,5.757599245095975,-7.505054873830391,3.713728914756641,0.3770927602171046,0.010148272469926316,59|44|5|53|5|28|50|16|31|9,157,92
178,0.008772814739247336,-1.0346107535488802,-1.0516220645979493,6.335993640312272,6.339028623147415,5.802013239192194,11,0.36666666666666664,5,5,5381,64.81733333333334,6.335993640312272,-0.10207086736565314,0.005966859783843391,12586.0,43.470210651418085,7.03563793455189,-0.02486636219329929,5.7313504676099045,-7.504263984188733,3.446921132185641,0.383872397856616,0.009738251954768372,58|42|5|55|5|27|48|17|31|10,156,92
179,0.008685086591854862,-1.0479548319843894,-1.063143291956495,6.340126569715418,6.332571516316752,5.567484693110922,9,0.3,3,7,5411,64.81733333333334,6.340126569715418,-0.10215236155933442,0.0060491638168971695,12267.0,43.71088272735356,7.035601799350232,-0.023764668091812356,5.724448754475491,-7.484752970802308,3.134010534243916,0.38922160103775333,0.009726729880282938,57|40|5|53|5|27|49|18|32|9,154,91
180,0.008598235725936314,-1.0442004102475475,-1.0745878515009903,6.377931373291535,6.33262981016093,5.567484693110922,7,0.23333333333333334,1,9,5441,64.81733333333334,6.377931373291535,-0.10194712571571127,0.006026994048013101,12142.0,43.88323919820404,7.035787518491472,-0.013687232683412032,5.741830102196118,-7.490008541415578,3.0113966635770963,0.3930524143075495,0.00978594830665332,56|40|5|53|5|28|48|17|33|9,154,93
181,0.008512253368676951,-1.1060077864235516,-1.1142935102362437,6.378252138338686,6.377364201408996,5.567484693110922,10,0.3333333333333333,3,13,5471,64.81733333333334,6.378252138338686,-0.10203283985740186,0.005979908217430652,11994.0,42.58446484612004,7.035781497486126,-0.013601727966070195,5.734571003224913,-7.501170719461031,2.8662218407075817,0.36418571729360083,0.009784028448208096,54|42|5|53|5|28|49|17|30|9,152,93
182,0.00842713083499018,-1.1834284181933155,-1.1854602439907171,6.383731831534539,6.384309551882899,5.567484693110922,11,0.36666666666666664,8,9,5501,64.81733333333334,6.383731831534539,-0.10251472647806555,0.005991746763910603,11665.0,42.26234801092132,7.035828832364723,-0.012141033847454422,5.693760203474687,-7.498364270854859,2.543502133112512,0.3570263142226568,0.009799121652948566,52|43|5|52|5|30|48|17|28|9,151,91
183,0.00834285952664028,-1.163235036225796,-1.1854602439907171,6.38508071027597,6.384309551882899,5.567484693110922,7,0.23333333333333334,0,14,5531,64.81733333333334,6.38508071027597,-0.1019404473597972,0.005795320807291977,11867.0,42.18623380767962,7.03582883236432,-0.011781470059134115,5.742395689689488,-7.544929054217577,2.741646148110093,0.3553345918384638,0.009799121652819992,53|44|5|53|5|30|47|17|28|9,151,94
184,0.008259430931373877,-1.2107748490683978,-1.2121190755183113,6.383649838735282,6.383649838735282,5.567484693110922,8,0.26666666666666666,4,12,5561,64.81733333333334,6.383649838735282,-0.1019256036763531,0.005811583366359116,11320.0,42.23142810932222,7.035826359400148,-0.012162890253527283,5.7436527957526495,-7.5410738481494946,2.205087850072089,0.3563390851980537,0.009798333123184517,51|43|5|50|5|30|47|17|29|9,149,92
185,0.008176836622060138,-1.2171200844203658,-1.2183869977901176,6.381272591689575,6.381272591689575,5.567484693110922,7,0.23333333333333334,2,9,5591,64.81733333333334,6.381272591689575,-0.10211500815296289,0.005853485661101982,11316.0,42.23852837593526,7.035815524023415,-0.012796580982926083,5.727612200651519,-7.531140480326368,2.2011642062107506,0.3564968964796731,0.00979487815373463,49|43|5|51|5|30|48|17|29|9,149,92
186,0.008095068255839536,-1.2044533223458174,-1.2302026936171488,6.370303858938682,6.36123976779013,5.567484693110922,12,0.4,2,9,5621,64.81733333333334,6.370303858938682,-0.10220298812420174,0.005856106460567624,11505.0,42.280355788480165,7.035902045373246,-0.01572046063188581,5.7201612094135506,-7.530519192990135,2.3865563786589825,0.35742655700374626,0.009822466361122363,51|44|5|51|5|31|45|17|31|9,150,93
187,0.00801411757328114,-1.2292892448243558,-1.2302026936171488,6.358784736236422,6.36123976779013,5.567484693110922,8,0.26666666666666666,0,14,5651,64.81733333333334,6.358784736236422,-0.10205446407852092,0.005669728427547952,11932.0,40.69996452213109,7.035931831318702,-0.01879105494828625,5.732739655932827,-7.574702013226977,2.805405360856839,0.3223006124730531,0.009831963911057576,52|46|5|53|5|30|46|16|30|9,151,94
188,0.00793397639754833,-1.2687428926124154,-1.2687428926124154,6.336235178589503,6.336235178589503,5.567484693110922,7,0.23333333333333334,5,16,5681,64.81733333333334,6.336235178589503,-0.1023071812364321,0.005665331384517558,11740.0,40.783115024437826,7.0358584999652125,-0.02480197655557079,5.71133713325902,-7.575744377279424,2.6170704555126036,0.3241487243893338,0.009808581467394313,51|46|5|53|5|29|45|16|31|9,151,93
189,0.007854636633572847,-1.2727726816260312,-1.2727726816260312,6.338817589358903,6.338817589358903,5.567484693110922,5,0.16666666666666666,2,13,5711,64.81733333333334,6.338817589358903,-0.10256904376931619,0.00568837521191401,11889.0,40.69615123484766,7.035864051045908,-0.024113596369328326,5.689160092159806,-7.570281602150133,2.763226189347453,0.3222158579439378,0.009810351485612418,52|45|5|54|5|30|46|16|29|9,151,94
190,0.007776090267237118,-1.2942808119726694,-1.2942808119726694,6.363581562725245,6.363581562725245,5.567484693110922,7,0.23333333333333334,4,9,5741,64.81733333333334,6.363581562725245,-0.10267441170065188,0.005665342537676672,11864.0,40.48013246011205,7.036268948537181,-0.01751238915627681,5.680236521009577,-7.5757417333089085,2.738703415214089,0.31741460165980234,0.009939457145451292,51|45|5|56|5|31|45|16|27|9,151,94
191,0.007698329364564747,-1.2952663266931028,-1.2955906509452406,6.375674571808788,6.362569865034881,5.567484693110922,6,0.2,1,13,5771,64.81733333333334,6.375674571808788,-0.1027430615874626,0.005652306221269398,11921.0,40.5862262212438,7.036173506395812,-0.014288816847873377,5.6744225874754814,-7.5788321255350795,2.794615340238159,0.31977265288921425,0.009909024453465188,50|45|5|57|5|30|46|18|26|9,150,94
192,0.007621346070919099,-1.2878307063253729,-1.2955906509452406,6.340052024515399,6.362569865034881,5.567484693110922,5,0.16666666666666666,0,6,5801,64.81733333333334,6.340052024515399,-0.10262587122805203,0.005692721757478786,11814.0,40.509248614883965,7.036601767741634,-0.023784539228999608,5.684347395688615,-7.5692512090387325,2.689657866947361,0.31806174041540175,0.010045579914606662,50|44|5|57|5|30|45|17|28|9,150,92
193,0.007545132610209908,-1.468187641968397,-1.4783599783361447,6.375428515186152,6.375643789929021,5.567484693110922,10,0.3333333333333333,4,11,5831,64.81733333333334,6.375428515186152,-0.1039410721813254,0.005514744672597177,11523.0,40.61959798370959,7.034438150091267,-0.014354406918099027,5.5729635131865,-7.611442498538882,2.4042127760350045,0.32051437723445997,0.009355688546024822,49|44|5|56|5|29|45|18|27|9,150,91
194,0.007469681284107809,-1.4673299185684696,-1.4783599783361447,6.384762243987196,6.375643789929021,5.567484693110922,9,0.3,0,7,5861,64.81733333333334,6.384762243987196,-0.10398948907114272,0.005490177091875767,11666.0,40.4726478257461,7.034504735401062,-0.011866362008074142,5.568863104687625,-7.6172664949889,2.5444830440778463,0.31724824737958773,0.009376919945433106,48|45|5|57|5|29|46|18|26|9,152,89
195,0.007394984471266731,-1.476691317454404,-1.4813700833620402,6.370689276787815,6.385520279842523,5.567484693110922,6,0.2,2,9,5891,64.81733333333334,6.370689276787815,-0.10402577183165251,0.005484268224652789,11677.0,40.20253453801228,7.0346198227499634,-0.015617721743901159,5.565790331113809,-7.618667252439156,2.5552730646965265,0.3112446806907766,0.009413616710513883,49|45|5|57|5|29|46|17|25|9,152,89
196,0.0073210346265540635,-1.4769340037708005,-1.4813700833620402,6.337395520294378,6.385520279842523,5.567484693110922,3,0.1,0,13,5921,64.81733333333334,6.337395520294378,-0.10408948688902175,0.005525050953145772,11775.0,39.55516520386215,7.035438135918577,-0.024492670132142007,5.560394326460704,-7.608999289253906,2.651402339299313,0.29685618095250577,0.009674544139964087,48|45|5|58|5|29|47|15|26|9,152,89
197,0.007247824280288523,-1.5156472508548862,-1.5265449485143483,6.3282313670654045,6.328087325624227,5.567484693110922,10,0.3333333333333333,5,10,5951,64.81733333333334,6.3282313670654045,-0.10423475086824592,0.0055555322619053925,11457.0,39.4450201265394,7.035451509551037,-0.026935512139024103,5.548091973764393,-7.601773383047632,2.3394726523229235,0.2944080847381387,0.009678808457922142,49|45|5|55|5|29|45|15|28|9,152,88
198,0.007175346037485638,-1.5146924553697234,-1.536474557487355,6.311916265435261,6.303426782638997,5.567484693110922,8,0.26666666666666666,2,10,5981,64.81733333333334,6.311916265435261,-0.10445758981710365,0.005522358652671422,11688.0,39.6732984818536,7.035320746698961,-0.031284546317398215,5.529219825569329,-7.609637526636041,2.5660630853152067,0.2994818237653407,0.009637113400127075,48|46|5|56|5|27|46|16|30|9,151,91
199,0.007103592577110782,-1.5507735112858427,-1.5507735112858427,6.304587980718454,6.304587980718454,5.567484693110922,7,0.23333333333333334,3,14,6011,64.81733333333334,6.304587980718454,-0.10438767300466864,0.00531903011231759,11781.0,39.6294186256342,7.029210333471785,-0.033238010134219925,5.535141054566162,-7.657838638118555,2.6572878050913205,0.2985065454096598,0.007688746347758933,50|47|5|57|5|26|44|16|29|8,151,90
200,0.007032556651339674,-1.5797241337305405,-1.5968726001607076,6.2768621345754125,6.283724407683262,5.567484693110922,9,0.3,5,11,6041,64.81733333333334,6.2768621345754125,-0.10457351672132705,0.0053427766662269005,11706.0,39.113439743333814,7.029160416219205,-0.040628748802843895,5.519402018908898,-7.652209274477246,2.5837194826912286,0.28703834384172655,0.007672829726958289,51|46|5|58|5|25|43|14|29|8,149,90
201,0.006962231084826277,-1.6265835698307278,-1.6265835698307278,6.2559858523007215,6.2559858523007215,5.567484693110922,7,0.23333333333333334,5,7,6071,64.81733333333334,6.2559858523007215,-0.1048129372756031,0.005346501909570709,11437.0,38.979207213747905,7.03513126816548,-0.046193633851569216,5.499125580681186,-7.651326167416123,2.319854433016232,0.2840548773490639,0.009576696253521727,50|46|5|56|5|25|44|13|29|8,148,88
202,0.006892608773978014,-1.6489524575810695,-1.6489524575810695,6.255591469146091,6.255591469146091,5.567484693110922,6,0.2,4,7,6101,64.81733333333334,6.255591469146091,-0.10493517249693271,0.005375105976782873,11313.0,38.76845546636666,7.029015005555069,-0.04629876257572592,5.488773524977218,-7.644545280531538,2.198221473314747,0.2793706865756221,0.0076264640661538536,50|44|5|57|5|25|44|13|28|8,147,87
203,0.006823682686238234,-1.6690286595470922,-1.6690286595470922,6.255591469146091,6.255591469146091,5.567484693110922,3,0.1,2,5,6131,64.81733333333334,6.255591469146091,-0.10495915438755968,0.005376008681237899,11127.0,38.76781496328726,7.029015005555069,-0.04629876257572592,5.486742507526141,-7.644331285201631,2.015772033762519,0.2793564506859928,0.0076264640661538536,49|44|5|57|5|25|43|13|28|8,145,87
204,0.006755445859375851,-1.6748469501442884,-1.6748469501442884,6.253878018870426,6.253878018870426,5.567484693110922,6,0.2,2,6,6161,64.81733333333334,6.253878018870426,-0.10489482558440552,0.005376337494783648,11010.0,38.773906905898315,7.029005711069188,-0.04675550835523374,5.4921904900828675,-7.644253336585329,1.9010054508183756,0.27949185085100037,0.007623500425335304,49|45|5|54|5|24|45|13|28|8,145,85
205,0.006687891400782093,-1.684532889633671,-1.6861340862419663,6.2536776618309124,6.2537451984619645,5.567484693110922,6,0.2,1,7,6191,64.81733333333334,6.2536776618309124,-0.10496984850543092,0.005346213956157473,11179.0,38.199421300526076,7.029005711069188,-0.04680891651857083,5.485836826637247,-7.651394429719826,2.066779403959916,0.266723272627581,0.007623500425335304,51|45|5|53|5|24|47|13|26|8,145,85
206,0.006621012486774272,-1.6693812216781467,-1.6861340862419663,6.261984040288678,6.2537451984619645,5.567484693110922,8,0.26666666666666666,0,5,6221,64.81733333333334,6.261984040288678,-0.10485136153258016,0.005333877998874659,11150.0,38.68896721238171,7.029022512179527,-0.044594727196906346,5.49587144456327,-7.654318794647631,2.038332985965214,0.277603972180416,0.007628857629277126,52|44|5|52|5|23|47|15|27|8,146,86
207,0.006554802361906529,-1.6665262490401505,-1.6861340862419663,6.270293839026663,6.2537451984619645,5.567484693110922,7,0.23333333333333334,0,7,6251,64.81733333333334,6.270293839026663,-0.1049640797006606,0.005301943848158785,11282.0,39.0024166131265,7.029199910942381,-0.04237962614843136,5.486325384580515,-7.66188911190893,2.1678132333893756,0.2845707319304718,0.007685423018854968,52|43|5|53|5|22|48|17|27|8,146,85
208,0.006489254338287464,-1.6952423204291627,-1.6952423204291627,6.270293839026663,6.270293839026663,5.567484693110922,6,0.2,1,6,6281,64.81733333333334,6.270293839026663,-0.10507868529758772,0.005308657537847693,11076.0,38.98464702659389,7.029199910942381,-0.04237962614843136,5.476619478946517,-7.660297563056068,1.9657455745304564,0.2841757832084887,0.007685423018854968,49|43|5|53|5|22|49|17|27|8,146,85
209,0.006424361794904589,-1.735738561575659,-1.735738561575659,6.237811021817394,6.237811021817394,5.567484693110922,12,0.4,5,4,6311,64.81733333333334,6.237811021817394,-0.10516967254365991,0.005352802476399578,10824.0,38.144714582946214,7.0296132891777505,-0.05103840655050914,5.468913802714704,-7.649832553565393,1.7185560112661475,0.2655073552986997,0.007817232849715097,48|44|5|52|5|22|49|16|25|8,143,85
210,0.006360118176955544,-1.7457829299014238,-1.7457829299014238,6.227322527561995,6.227322527561995,5.4715787771844795,4,0.13333333333333333,3,6,6341,64.81733333333334,6.227322527561995,-0.10532395840675637,0.005352753192860486,10945.0,37.74762940235548,7.029583063897337,-0.053834271451046106,5.455847390008644,-7.649844236732732,1.8372462380716292,0.25668169780211514,0.0078075952133855936,49|45|5|53|5|21|49|15|23|8,142,85
211,0.006296516995185989,-1.715274324776958,-1.7467850011608108,6.2348534151143316,6.227479132857111,5.4715787771844795,10,0.3333333333333333,1,4,6371,64.81733333333334,6.2348534151143316,-0.10520560606242357,0.005330893437945137,11170.0,37.91794605032629,7.028991879253447,-0.05182680082039477,5.465870606295254,-7.65502631536184,2.057951205271905,0.260467173751433,0.0076190900110045855,49|48|5|54|5|21|47|16|23|8,142,86
212,0.006233551825234129,-1.7430979314254824,-1.7552615886130187,6.080479323055531,6.204896116532079,5.4715787771844795,12,0.4,3,8,6401,64.50000000000001,6.080479323055531,-0.10557282421647043,0.005394128352803143,10950.0,38.3615240392581,7.029012292396739,-0.0929775222709303,5.4347710365898045,-7.640035831609023,1.842150792898302,0.2703261853557236,0.00762559894818204,47|49|5|54|5|22|46|14|23|7,143,83
213,0.006171216306981787,-1.700893941216686,-1.7552615886130187,6.104111677349357,6.204896116532079,5.4715787771844795,8,0.26666666666666666,0,11,6431,64.50000000000001,6.104111677349357,-0.10536592769442932,0.005354772593001172,11188.0,38.853454803251346,7.028172737385369,-0.08667796503437558,5.452293026551694,-7.649365517261577,2.075607602647927,0.28125989088605496,0.007357898342349418,49|48|5|54|5|22|48|14|22|7,143,84
214,0.006109504143911969,-1.7229770038948073,-1.7552615886130187,6.101726043654082,6.204896116532079,5.4715787771844795,5,0.16666666666666666,0,9,6461,64.50000000000001,6.101726043654082,-0.10540196731893217,0.005368312538024436,10895.0,39.14606355906337,7.028161682946208,-0.08731389135055986,5.449240844076419,-7.646155734717533,1.7882006898049012,0.28776344424318806,0.007354373522628771,49|46|5|53|5|21|48|14|23|7,142,82
215,0.006048409102472849,-1.7392025738910695,-1.7552615886130187,6.083632048243049,6.204896116532079,5.4715787771844795,4,0.13333333333333333,0,15,6491,64.50000000000001,6.083632048243049,-0.10550147044820386,0.0053739020974866315,10802.0,39.147429507322705,7.028062464590892,-0.09213711625285165,5.440813960844768,-7.644830672439968,1.6969759700287872,0.28779380395461573,0.007322736746636687,47|47|5|53|5|20|48|14|24|7,140,82
216,0.00598792501144812,-1.7471222992164102,-1.7552615886130187,6.089299227061309,6.204896116532079,5.4715787771844795,8,0.26666666666666666,0,6,6521,64.50000000000001,6.089299227061309,-0.10545075998378266,0.0053654329803946976,10699.0,39.14265529844826,7.028071277524636,-0.09062644503949967,5.4451086113289096,-7.64683836332486,1.5959421405993277,0.28768769187992105,0.0073255468396864485,48|46|5|54|5|19|46|14|24|8,140,83
217,0.005928045761333639,-1.746990935629493,-1.7552615886130187,6.0956943949696045,6.204896116532079,5.4715787771844795,5,0.16666666666666666,0,11,6551,64.50000000000001,6.0956943949696045,-0.10533902638043971,0.0053691065006031685,10608.0,39.085050424026754,7.028085272129156,-0.08892171745397036,5.454571288888042,-7.645967517762335,1.5066792427538829,0.2864073598085462,0.00733000916086561,48|46|5|54|5|19|45|14|24|8,139,83
218,0.005868765303720303,-1.7222144320667143,-1.7552615886130187,6.090526639506328,6.204896116532079,5.4715787771844795,12,0.4,0,1,6581,64.50000000000001,6.090526639506328,-0.10518568325019753,0.005364736576769063,10720.0,39.16906362352527,7.027998640394761,-0.09029925990787356,5.467557861897202,-7.647003452931747,1.6165412708713534,0.28827464612445214,0.007302385756243415,45|46|5|54|5|20|48|13|26|8,139,84
219,0.0058100776506831,-1.7188199094206065,-1.7552615886130187,6.005706122346775,6.204896116532079,5.4715787771844795,3,0.1,0,16,6611,64.01533333333333,6.005706122346775,-0.10536109809467946,0.005364864472804673,10881.0,39.27828458661895,7.027998008817105,-0.11290943644963194,5.452702043569004,-7.6469731338675375,1.7744679362902174,0.29070220287758486,0.007302184371320358,46|46|5|54|5|19|49|14|26|7,140,84
220,0.0057519768741762685,-1.7253190046563367,-1.7552615886130187,6.009234662956322,6.204896116532079,5.4715787771844795,7,0.23333333333333334,0,14,6641,64.01533333333333,6.009234662956322,-0.10554517454497618,0.005368336036468381,10998.0,39.13354283142869,7.028022122699927,-0.11196885121402744,5.437112677046552,-7.6461501641708995,1.889234519234361,0.28748515721785184,0.007309873326722959,44|46|5|55|5|20|51|14|25|7,140,84
221,0.005694457105434506,-1.767046911555752,-1.767046911555752,5.980962749701333,5.980962749701333,5.4715787771844795,7,0.23333333333333334,2,9,6671,64.01533333333333,5.980962749701333,-0.10568080831004005,0.0054698201204765266,10577.0,38.543451794486415,7.028375894140533,-0.11950515223263763,5.4256259036271794,-7.622092323405088,1.4762710028285115,0.27436973101103845,0.007422676928266672,43|45|5|53|5|20|51|13|25|7,139,82
222,0.005637512534380161,-1.7349355616445534,-1.767046911555752,6.018313634301899,5.980962749701333,5.4715787771844795,7,0.23333333333333334,0,11,6701,64.01533333333333,6.018313634301899,-0.10546852718356767,0.005416333989066005,10719.0,39.12212674719722,7.02844535356847,-0.10954871571125845,5.443603913747662,-7.634771758266521,1.6155603599060189,0.2872314221143931,0.007444824769310807,43|45|5|55|5|20|50|14|25|7,139,84
223,0.005581137409036359,-1.732445823526126,-1.767046911555752,6.018131112481648,5.980962749701333,5.4715787771844795,5,0.16666666666666666,0,12,6731,64.01533333333333,6.018131112481648,-0.10572246736023719,0.005426820314975752,10940.0,39.0268389636591,7.034559918939221,-0.109597369630343,5.422097814067361,-7.632285867385988,1.8323416832449564,0.2851135456933567,0.009394515774648853,40|46|5|57|5|20|52|14|24|7,140,84
224,0.005525326034945995,-1.729954124410709,-1.767046911555752,5.991790574918015,5.980962749701333,5.4715787771844795,7,0.23333333333333334,0,9,6761,64.01533333333333,5.991790574918015,-0.10590483882487063,0.0054199238578151706,11218.0,38.68342113906678,7.034356265613435,-0.11661883359286829,5.406652842150398,-7.633920743138566,2.105034931607964,0.2774807045644961,0.009329578852166663,38|47|5|59|5|18|54|13|24|7,141,84
225,0.005470072774596536,-1.802257085940875,-1.802257085940875,6.20865832829434,6.20865832829434,5.4715787771844795,10,0.3333333333333333,4,10,6791,63.53133333333334,6.20865832829434,-0.10680578335316301,0.005422557583868337,11254.0,38.69257193781344,7.0332231030995995,-0.05880949271335492,5.330352183129066,-7.633296391422461,2.140347726360008,0.27768409119161236,0.008968258524906842,39|48|5|57|5|18|55|13|24|6,142,83
226,0.00541537204685057,-1.8216259311457415,-1.830391338946835,6.220100576113978,6.2150610344901684,5.4715787771844795,6,0.2,3,9,6821,63.53133333333334,6.220100576113978,-0.10687821505882944,0.005424779913762649,11117.0,38.677065992151704,7.033291033038208,-0.055759390545857886,5.324217968754223,-7.632769565376299,2.0059629241091734,0.27733945439260727,0.008989918672810642,38|48|5|59|5|20|52|13|23|6,142,81
227,0.005361218326382065,-1.8009503310207233,-1.830391338946835,6.220336651278194,6.2150610344901684,5.4715787771844795,4,0.13333333333333333,0,12,6851,63.53133333333334,6.220336651278194,-0.10676931669614227,0.005419711494079253,11246.0,38.677065992151704,7.033293565043047,-0.05569646118255308,5.333440530830407,-7.63397108613563,2.1325004386373316,0.27733945439260727,0.008990726028159736,39|49|5|59|5|20|52|13|22|6,142,82
228,0.005307606143118244,-1.8459753695182721,-1.8459753695182721,6.218935905197386,6.218935905197386,5.4715787771844795,9,0.3,3,19,6881,63.53133333333334,6.218935905197386,-0.10690255174630373,0.0053996569401913875,10956.0,38.652646502479215,7.03329950515677,-0.0560698509853725,5.322156903689314,-7.638725223385614,1.8480362586903094,0.27679670421550384,0.008992620093493131,41|48|5|59|5|19|49|13|22|5,142,82
229,0.005254530081687062,-1.8958349690614944,-1.8958349690614944,6.217692729492144,6.217692729492144,5.4715787771844795,6,0.2,6,12,6911,63.53133333333334,6.217692729492144,-0.10708810883538764,0.005428480479737373,10604.0,38.36266237137165,7.033285489079466,-0.056401238049602176,5.306442142415368,-7.63189230833808,1.5027555988925445,0.2703514860464636,0.008988150925499497,40|47|5|57|5|19|50|13|21|5,141,80
230,0.005201984780870191,-1.9343829866907587,-1.9343829866907587,6.220618397490177,6.220618397490177,5.4715787771844795,6,0.2,5,16,6941,63.53133333333334,6.220618397490177,-0.10719441530286503,0.00543021203345541,10311.0,38.30767880002051,7.03330843727349,-0.05562135751888494,5.297439086986275,-7.631481825807414,1.2153486860495186,0.26912941533618867,0.008995468189240213,39|47|5|56|5|20|49|13|20|5,141,79
231,0.005149964933061489,-1.9379594790929513,-1.9454834104900507,6.212865850448943,6.220834719487187,5.4715787771844795,10,0.3333333333333333,2,11,6971,63.53133333333334,6.212865850448943,-0.10735082971408465,0.005452796333985492,10376.0,38.21583248852598,7.033251394382427,-0.05768791479913416,5.28419240832659,-7.62612798622488,1.279107898796265,0.26708802943916427,0.00897727948654742,41|46|5|57|5|19|49|13|18|5,140,78
232,0.005098465283730874,-1.943444682305472,-1.9454834104900507,6.217121676436779,6.220834719487187,5.4715787771844795,8,0.26666666666666666,0,10,7001,63.53133333333334,6.217121676436779,-0.10737495359003628,0.005474226713339267,10299.0,38.171799448192544,7.033280390297183,-0.056553460776235784,5.2821493661908585,-7.6210476954671424,1.203577754465504,0.2661093463970571,0.008986525127204473,41|45|5|57|5|20|49|12|18|5,140,77
233,0.005047480630893565,-1.945847749065434,-1.945847749065434,6.215702410257252,6.215702410257252,5.4715787771844795,4,0.13333333333333333,1,14,7031,63.53133333333334,6.215702410257252,-0.10749736128490144,0.005503768829677412,10309.0,38.171037792823704,7.033268950488994,-0.05693178738816274,5.271782703766928,-7.614044434436664,1.2133868641188497,0.26609241776374515,0.008982877428671916,43|43|5|58|5|20|48|12|18|5,139,78
234,0.004997005824584629,-1.9705808171145975,-1.9705808171145975,6.207697417898373,6.207697417898373,5.4715787771844795,7,0.23333333333333334,4,8,7061,63.53133333333334,6.207697417898373,-0.10754302726673977,0.005507717553574215,10132.0,37.97033057948261,7.03333589405649,-0.05906563774077499,5.267915268647782,-7.613108349023212,1.0397656232546326,0.2616314778731977,0.009004223062171472,42|45|5|57|5|20|47|11|17|5,138,77
235,0.004947035766338783,-1.9904777766104391,-2.0003513083456195,6.207836318905023,6.207048064274942,5.4715787771844795,10,0.3333333333333333,4,9,7091,63.53133333333334,6.207836318905023,-0.1075935832026516,0.005510354450522869,9983.0,37.89718184787724,7.033338671123903,-0.05902861160149473,5.26363370512597,-7.612483245613879,0.8936098894197834,0.26000566637729117,0.009005108558200546,40|45|5|59|5|20|45|11|16|5,137,78
236,0.004897565408675395,-2.030575494700738,-2.030575494700738,6.207907279069644,6.207907279069644,5.4715787771844795,9,0.3,6,8,7121,63.53133333333334,6.207907279069644,-0.10781567301058279,0.005490808430013341,9824.0,37.84953318231128,7.033338980058461,-0.05900969610907314,5.244825001399017,-7.617116829821878,0.7376450459315884,0.2589466220638549,0.009005207065108612,40|45|5|59|5|19|44|11|15|5,138,76
237,0.004848589754588641,-2.100243443299345,-2.100243443299345,6.2109670782058375,6.2109670782058375,5.4715787771844795,7,0.23333333333333334,6,15,7151,63.53133333333334,6.2109670782058375,-0.10816214384440304,0.00541542875921427,9697.0,37.399356160649624,7.033361912813445,-0.05819406091881004,5.215482514573262,-7.634986352267565,0.6130693533340994,0.2489409396555927,0.009012519405955204,39|47|5|57|5|19|44|11|15|5,137,76
238,0.0048001038570427545,-2.099878363129988,-2.1025476996527983,6.210235183357889,6.209735451476915,5.4715787771844795,4,0.13333333333333333,1,14,7181,63.53133333333334,6.210235183357889,-0.10803883747152965,0.005431709918380549,9542.0,37.45640266468196,7.033358437672693,-0.05838915842913286,5.2259252857054665,-7.631126736855617,0.46102815370724276,0.250208861327255,0.009011411322182441,40|46|5|57|5|19|42|11|16|5,137,75
239,0.004752102818472327,-2.1249334871387213,-2.1249334871387213,6.210235183357889,6.210235183357889,5.4715787771844795,6,0.2,5,14,7211,63.53133333333334,6.210235183357889,-0.1080917843728448,0.0054376212223782375,9318.0,37.45640266468196,7.033358437672693,-0.05838915842913286,5.221441232207588,-7.629725401742977,0.24130409747230153,0.250208861327255,0.009011411322182441,40|46|5|55|5|19|42|11|16|5,136,74
240,0.004704581790287603,-2.1395601669065463,-2.14049976356707,6.191066571687375,6.201420174644852,5.4715787771844795,4,0.13333333333333333,2,18,7241,63.53133333333334,6.191066571687375,-0.10852805113244132,0.005476833277023477,9451.0,37.456986600464745,7.033251423604472,-0.06349883835616589,5.18449396162545,-7.620429782868596,0.3717652558617979,0.2502218399461276,0.008977288804292065,40|46|5|55|5|17|44|11|17|5,137,73
241,0.0046575359723847265,-2.158975831108107,-2.158975831108107,6.18589409072715,6.18589409072715,5.4715787771844795,7,0.23333333333333334,3,10,7271,63.53133333333334,6.18589409072715,-0.10865556066259877,0.005492038506675375,9359.0,37.31336649606381,7.033235780598208,-0.06487764046190626,5.173695226656768,-7.61682522755977,0.28152144705101845,0.24702972421624644,0.008972300873546188,39|47|5|55|5|18|43|10|16|5,136,72
242,0.004610960612660879,-2.1682268862527643,-2.1682268862527643,6.18589409072715,6.18589409072715,5.4715787771844795,3,0.1,2,13,7301,63.53133333333334,6.18589409072715,-0.10853531794222024,0.005405506200766254,9370.0,37.31336649606381,7.033235780598208,-0.06487764046190626,5.183878538191818,-7.637338596301345,0.2923114676696986,0.24702972421624644,0.008972300873546188,39|47|5|55|5|18|43|10|16|6,137,71
243,0.0045648510065342705,-2.190227849577627,-2.190227849577627,6.18589409072715,6.18589409072715,5.4715787771844795,3,0.1,3,12,7331,63.53133333333334,6.18589409072715,-0.10860651192993656,0.005405130094530066,9224.0,37.24312878249394,7.033235780598208,-0.06487764046190626,5.177849145692584,-7.63742775613394,0.14909846673085297,0.24546861331709718,0.008972300873546188,40|47|5|54|5|18|42|10|15|6,137,70
244,0.0045192024964689275,-2.2025038585745245,-2.2081611520725857,6.19324017797281,6.19324017797281,5.4715787771844795,4,0.13333333333333333,3,9,7361,63.53133333333334,6.19324017797281,-0.10866639006621304,0.005412696280503093,9120.0,37.29703617338483,7.033250611666343,-0.06291943111494949,5.172778088468314,-7.635634114311947,0.04708372633605884,0.24666676472589497,0.00897702990960841,41|45|5|53|5|18|43|11|15|6,137,69
245,0.004474010471504238,-2.2273295234691575,-2.2273295234691575,6.19324017797281,6.19324017797281,5.4715787771844795,4,0.13333333333333333,3,14,7391,63.53133333333334,6.19324017797281,-0.10883270099216676,0.005418368525495813,9038.0,37.11517580653895,7.033250611666343,-0.06291943111494949,5.158693277634545,-7.634289450583116,-0.03335097282137501,0.2426247168519421,0.00897702990960841,39|45|5|54|5|18|43|11|14|6,136,68
246,0.004429270366789195,-2.22516178106891,-2.2273295234691575,6.192937854138601,6.19324017797281,5.4715787771844795,1,0.03333333333333333,0,15,7421,63.53133333333334,6.192937854138601,-0.10884936786406645,0.005425375981733342,9058.0,37.11324180420753,7.0332481899489405,-0.06300002005136665,5.157281766415113,-7.632628261363313,-0.013732753514683827,0.24258173151023457,0.00897625772052365,39|44|5|55|5|18|43|11|14|6,136,68
247,0.0043849776631213035,-2.2458232994971583,-2.252703543664032,6.207575706301634,6.237330280072111,5.4715787771844795,9,0.3,5,14,7451,63.30333333333333,6.207575706301634,-0.10885774585621973,0.005418231682278691,8815.0,37.365532590541044,7.033155153906872,-0.05909808178593766,5.156572237357001,-7.634321890668274,-0.2520941180909817,0.24818917338557991,0.008946592237632422,39|43|5|54|5|15|43|12|15|6,135,66
248,0.004341127886490091,-2.2193995257971526,-2.252703543664032,6.20610454153578,6.237330280072111,5.4715787771844795,8,0.26666666666666666,0,7,7481,63.30333333333333,6.20610454153578,-0.10861284728612804,0.005420531535839996,8866.0,37.37198884631375,7.033130243804417,-0.05949024274170523,5.177312606718913,-7.633776686843424,-0.20206765885891917,0.2483326708137022,0.00893864939954781,39|44|5|52|5|15|45|12|15|6,136,65
249,0.00429771660762519,-2.255967150230233,-2.255967150230233,6.206023495295412,6.206023495295412,5.4715787771844795,5,0.16666666666666666,1,17,7511,63.30333333333333,6.206023495295412,-0.10886205155615403,0.005424532012185781,8711.0,37.317705987037925,7.033129164256024,-0.05951184682835933,5.156207589221385,-7.632828332982275,-0.35410885848577583,0.24712617420460942,0.008938305174624928,39|43|5|51|5|15|46|12|13|6,136,65
250,0.004254739441548938,-2.265874350980153,-2.2755853695369748,6.206023495295412,6.206023495295412,5.4715787771844795,3,0.1,2,12,7541,63.30333333333333,6.206023495295412,-0.10886205155615451,0.005424532012185781,8610.0,37.317705987037925,7.033129164256024,-0.05951184682835933,5.156207589221344,-7.632828332982275,-0.4531808659845663,0.24712617420460942,0.008938305174624928,39|43|5|50|5|15|46|12|13|6,136,65
251,0.004212192047133448,-2.2718418127037054,-2.2755853695369748,6.206023495295412,6.206023495295412,5.4715787771844795,2,0.06666666666666667,0,11,7571,63.30333333333333,6.206023495295412,-0.10883581441423293,0.005419539946185269,8538.0,37.320248209845346,7.033129164256024,-0.05951184682835933,5.158429603070795,-7.634011753319626,-0.5238064554886546,0.24718267791936635,0.008938305174624928,39|43|5|49|5|15|46|12|14|6,136,65
252,0.004170070126662114,-2.260416696698446,-2.2755853695369748,6.2064127451219715,6.206023495295412,5.4715787771844795,4,0.13333333333333333,0,12,7601,63.30333333333333,6.2064127451219715,-0.10901330776521541,0.005535036157086074,8528.0,37.322831415532,7.033131986141447,-0.0594080864695206,5.1433977567954905,-7.606632194465027,-0.5336155651420001,0.24724009252396006,0.008939204961329942,39|44|5|48|5|15|46|12|14|6,136,64
253,0.004128369425395492,-2.2552260837929476,-2.2755853695369748,6.204345046893148,6.206023495295412,5.4715787771844795,6,0.2,0,7,7631,63.30333333333333,6.204345046893148,-0.10918037181813586,0.005614141211189323,8533.0,37.32755740988372,7.033103908504638,-0.0599592623353885,5.129249163917341,-7.587879531779179,-0.5287110103153274,0.2473451329775398,0.008930252122883165,38|44|5|48|5|15|47|12|14|5,136,65
254,0.004087085731141537,-2.348851565006212,-2.3488791709100236,6.108563306986993,6.108563306986993,5.4715787771844795,10,0.3333333333333333,5,2,7661,62.717999999999996,6.108563306986993,-0.11006132788573042,0.005564484552068874,8486.0,37.206863589160584,7.033250734546868,-0.0854913166222213,5.054641320242761,-7.599651151041035,-0.5748138256860517,0.24466257926936094,0.008977069091306602,39|44|5|48|5|14|46|13|13|5,136,64
255,0.004046214873830121,-2.3753628857441536,-2.3753628857441536,6.116488950057015,6.116488950057015,5.4715787771844795,7,0.23333333333333334,4,9,7691,62.717999999999996,6.116488950057015,-0.11001679557635495,0.0055697140551760164,8145.0,37.2944080005706,7.033190644626647,-0.08337861800847599,5.0584127450601475,-7.598411443807476,-0.9093044648651363,0.24660835067713657,0.008957908812551795,40|42|5|47|5|14|44|14|13|5,134,63
256,0.00400575272509182,-2.3787530653624183,-2.3787530653624183,6.117267902327652,6.117267902327652,5.4715787771844795,4,0.13333333333333333,2,14,7721,62.717999999999996,6.117267902327652,-0.10997884178920654,0.005545060823773248,8137.0,37.29543523339198,7.033196058870905,-0.08317097663883453,5.061627037262208,-7.604255744628114,-0.9171517525878128,0.24663118206318138,0.008959635199088037,40|43|5|46|5|14|44|14|13|5,134,64
257,0.0039656951978409025,-2.4149515774523445,-2.4149515774523445,6.117267902327652,6.117267902327652,5.4715787771844795,3,0.1,1,15,7751,62.717999999999996,6.117267902327652,-0.11038468734513666,0.005533378076587257,8201.0,37.05536091363369,7.033196058870905,-0.08317097663883453,5.02725612717184,-7.607025259417106,-0.8543734508064009,0.24129526467447393,0.008959635199088037,40|43|5|45|5|14|46|14|12|5,134,64
258,0.003926038245862493,-2.4259860780961287,-2.434129750585516,6.118060229754705,6.117553143096253,5.4715787771844795,3,0.1,2,13,7781,62.717999999999996,6.118060229754705,-0.11054994760588202,0.005500863852962777,8366.0,36.807120313982075,7.0332009208462,-0.08295976992135072,5.013260296786136,-7.614733088898219,-0.6925231415261988,0.23577784267949392,0.008961185489080304,39|45|5|46|5|14|46|14|11|5,135,64
259,0.0038867778634038685,-2.428671430048376,-2.434129750585516,6.118060229754705,6.117553143096253,5.4715787771844795,2,0.06666666666666667,0,15,7811,62.717999999999996,6.118060229754705,-0.11054473486427141,0.005518707483019837,8291.0,36.807120313982075,7.0332009208462,-0.08295976992135072,5.013701761945985,-7.610503073770306,-0.7660914639262907,0.23577784267949392,0.008961185489080304,38|45|5|47|5|14|45|14|11|5,135,64
260,0.0038479100847698296,-2.4360239422785694,-2.4401090433373094,6.117102557801631,6.118060229754705,5.4715787771844795,5,0.16666666666666666,2,12,7841,62.717999999999996,6.117102557801631,-0.11099371714444142,0.005716169372150116,8151.0,36.69901119716715,7.033191097025591,-0.08321505169341734,4.975677618627413,-7.563692712003318,-0.903418999073129,0.23337499794011757,0.008958053064530248,36|43|5|47|5|14|47|14|11|5,134,63
261,0.003809430983922131,-2.444174480523589,-2.444174480523589,6.116940032429729,6.116940032429729,5.4715787771844795,1,0.03333333333333333,1,11,7871,62.717999999999996,6.116940032429729,-0.11100881764816721,0.005722462301744366,8066.0,36.69787633827636,7.0331894698751265,-0.08325837526033578,4.974398762549542,-7.5622009086372195,-0.9867964311265665,0.23334977444559632,0.00895753423114931,36|42|5|47|5|14|47|14|11|5,134,62
262,0.00377133667408291,-2.452183080744147,-2.4521830807441516,6.116274261894219,6.116274261894219,5.4715787771844795,4,0.13333333333333333,2,14,7901,62.717999999999996,6.116274261894219,-0.1111625297191706,0.005753386208893482,8045.0,36.68623809380974,7.033179984363324,-0.08343584634691098,4.961380944083713,-7.5548700799528845,-1.007395561398592,0.23309110158510055,0.008954509679783616,36|42|5|47|5|14|47|14|10|5,134,62
263,0.0037336233073420808,-2.539671210585813,-2.539671210585813,6.117416757333529,6.117416757333529,5.4715787771844795,5,0.16666666666666666,5,8,7931,62.717999999999996,6.117416757333529,-0.11194137356954226,0.005732194846681445,7888.0,36.61679180601629,7.034557767060701,-0.08313129711229177,4.895420946334791,-7.5598937092509235,-1.161398582956118,0.2315475809995112,0.00939382962642048,37|42|5|47|5|13|45|14|9|5,132,61
264,0.0036962870742686597,-2.5580814807811625,-2.5580814807811625,6.119140124688465,6.119140124688465,5.4715787771844795,6,0.2,5,10,7961,62.717999999999996,6.119140124688465,-0.11215400436895921,0.005709000590908034,7942.0,36.60769883753684,7.034560813493152,-0.0826719077870875,4.877413322541907,-7.565392144966551,-1.1084293908280518,0.23134547971407043,0.009394801012216252,38|43|5|47|5|13|44|14|8|5,131,61
265,0.0036593242035259732,-2.569704458371727,-2.569704458371727,6.212183776214618,6.212183776214618,5.4715787771844795,6,0.2,4,11,7991,63.30333333333333,6.212183776214618,-0.1120589156977962,0.005671497949586666,7907.0,36.27891338970998,7.034420286971898,-0.05786973188029694,4.885466346948362,-7.574282529917304,-1.1427612746147613,0.22403785934892823,0.00934999270976334,38|45|5|45|5|13|44|13|8|5,130,62
266,0.0036227309614907137,-2.568397258943257,-2.569704458371727,6.215321736311119,6.212183776214618,5.4715787771844795,3,0.1,0,9,8021,63.30333333333333,6.215321736311119,-0.11213154028067145,0.0056910469376813865,7936.0,36.27764717547244,7.034442121033495,-0.05703326171790201,4.8793157978740105,-7.56964824221286,-1.1143148566200591,0.22400971633648642,0.009356954721112372,38|44|5|46|5|14|44|13|8|5,130,63
267,0.0035865036518758064,-2.628798141865665,-2.629476222356227,6.330236653822656,6.330015537011852,5.4715787771844795,9,0.3,5,5,8051,63.48666666666667,6.330236653822656,-0.11254889076799275,0.005611839427431322,7857.0,36.34383734568685,7.0344401558289436,-0.02640097298368018,4.843970539397502,-7.588425193176911,-1.1918068228814893,0.2254808661061252,0.009356328095767055,40|45|5|44|5|14|42|15|6|5,130,62
268,0.0035506386153570484,-2.6435406905029017,-2.644371953078841,6.123202058075085,6.1394349718578365,5.4715787771844795,5,0.16666666666666666,2,12,8081,63.010666666666665,6.123202058075085,-0.1127633792146729,0.005705919953596154,7784.0,35.81801100771533,7.034337820113321,-0.0815891387348829,4.825805592144672,-7.5661224415705055,-1.2634133233509122,0.21379379394010783,0.00932369731791515,39|45|5|45|5|13|42|13|6|5,130,60
269,0.003515132229203478,-2.649129930160573,-2.649129930160573,6.122825904032954,6.122825904032954,5.4715787771844795,4,0.13333333333333333,2,7,8111,63.010666666666665,6.122825904032954,-0.11275264377228478,0.005703459269632196,7723.0,35.82109049145259,7.0343378890099135,-0.08168940821665797,4.826714772791623,-7.566705771888341,-1.3232488922363201,0.2138622388734869,0.0093237192862904,37|45|5|46|5|13|42|13|6|5,129,60
270,0.0034799809069114432,-2.6888835046104758,-2.6888835046104758,6.124833565163381,6.124833565163381,5.4715787771844795,7,0.23333333333333334,6,13,8141,63.010666666666665,6.124833565163381,-0.11264804601824419,0.005633496311989948,7397.0,35.818587664906055,7.034359344008435,-0.08115423613665773,4.8355731179114665,-7.5832912070421665,-1.6430258669353865,0.21380661078421853,0.009330560429544438,36|46|5|44|5|13|40|13|6|5,128,58
271,0.0034451810978423287,-2.682381030454977,-2.6888835046104758,6.131162875528804,6.124833565163381,5.4715787771844795,5,0.16666666666666666,0,14,8171,62.955999999999996,6.131162875528804,-0.11246226152184309,0.005601191463303236,7382.0,35.813670251172454,7.034382270232247,-0.07946706386346108,4.851307138227032,-7.590949402051408,-1.6577395314154049,0.21369731582307896,0.009337870687860773,35|44|5|46|5|15|40|13|6|5,128,59
272,0.0034107292868639054,-2.6802278598402736,-2.6888835046104758,6.130852345873806,6.124833565163381,5.4715787771844795,5,0.16666666666666666,0,10,8201,62.955999999999996,6.130852345873806,-0.11237990665727013,0.005605335997431471,7313.0,35.857058372723486,7.034382270232316,-0.07954984018405042,4.858281741261071,-7.589966897818551,-1.7254223880234896,0.21466166483167182,0.009337870687882863,34|44|5|46|5|15|40|13|6|5,128,58
273,0.003376621993995266,-2.68611388798872,-2.6888835046104758,6.130069256854566,6.124833565163381,5.4715787771844795,1,0.03333333333333333,0,10,8231,62.955999999999996,6.130069256854566,-0.1124212026458001,0.005631273158995309,7226.0,35.857058372723486,7.0343715120524495,-0.07975858426585822,4.85478439925962,-7.583818228212686,-1.810761642007596,0.21466166483167182,0.009334440333434328,34|43|5|46|5|15|40|13|6|5,128,58
274,0.0033428557740553134,-2.6919033218387183,-2.6930899233961956,6.144844086535442,6.130069256854566,5.4715787771844795,2,0.06666666666666667,1,9,8261,62.955999999999996,6.144844086535442,-0.11242937305968223,0.005629495056418626,7178.0,35.857058372723486,7.034473141348085,-0.07582013259583802,4.85409244992855,-7.5842397456267046,-1.8578453683436549,0.21466166483167182,0.00936684586212948,34|43|5|46|5|16|39|13|6|5,128,59
275,0.00330942721631476,-2.707406277607751,-2.707406277607751,6.141760096145623,6.141760096145623,5.4715787771844795,4,0.13333333333333333,3,11,8291,62.955999999999996,6.141760096145623,-0.11261223612502899,0.005610812994514371,7223.0,35.857058372723486,7.034467885955473,-0.07664221632630776,4.838605844528921,-7.588668519605031,-1.8137043749035997,0.21466166483167182,0.009365170127046915,34|44|5|46|5|15|39|13|5|5,128,58
276,0.0032763329441516127,-2.7307947004498385,-2.7307947004498385,6.100583315426517,6.100583315426517,5.4715787771844795,3,0.1,3,10,8321,63.37533333333333,6.100583315426517,-0.11267492354340569,0.005619870264457913,7059.0,35.67219600894634,7.034371114101138,-0.08761850263836769,4.833296870242176,-7.586521401067141,-1.9745737732184674,0.2105528942543389,0.009334313442634029,34|43|5|46|5|15|38|13|5|5,127,57
277,0.0032435696147100966,-2.753186345714584,-2.753186345714584,6.127335493573848,6.127335493573848,5.4715787771844795,4,0.13333333333333333,4,11,8351,63.12466666666666,6.127335493573848,-0.11265897622155463,0.005594870420200286,6845.0,35.814190647694815,7.034433077290837,-0.08048730972604537,4.834647443034007,-7.592447870012476,-2.184488719800063,0.21370888221158518,0.009354071032306135,34|44|5|44|5|15|36|14|5|5,126,57
278,0.0032111339185629958,-2.754556234427393,-2.759399377603952,6.1279862433555685,6.127573077974714,5.4715787771844795,6,0.2,2,4,8381,63.12466666666666,6.1279862433555685,-0.11257638437808035,0.005592650514401133,6927.0,35.104273922398846,7.034109753012286,-0.08031384264588674,4.841642115723589,-7.592974121402072,-2.1040540206426295,0.19793019749905552,0.009250975816297361,39|43|5|43|5|16|34|14|5|5,127,58
279,0.0031790225793773656,-2.7591826662557706,-2.759399377603952,6.119766271779188,6.127573077974714,5.4715787771844795,3,0.1,0,8,8411,63.12466666666666,6.119766271779188,-0.11259243516605211,0.005597901673919678,6902.0,35.0107084349974,7.034172276544425,-0.08250499892191601,4.840282780424246,-7.591729280294545,-2.1285767947759933,0.19585060101530438,0.009270912076822948,39|44|5|42|5|16|34|13|5|5,127,57
280,0.003147232353583592,-2.7634015441162973,-2.76604928651874,6.125568995408726,6.119766271779188,5.4715787771844795,2,0.06666666666666667,1,13,8441,63.12466666666666,6.125568995408726,-0.11260009901473592,0.005596926606433662,6868.0,35.00997589101776,7.034212103604256,-0.08095819621332036,4.839633731912545,-7.591960430021556,-2.1619277675973683,0.19583431941482798,0.009283611337623038,39|44|5|42|5|17|33|13|5|5,126,57
281,0.003115760030047756,-2.7920208830364555,-2.7920208830364555,6.125302416611874,6.125302416611874,5.4715787771844795,4,0.13333333333333333,4,11,8471,63.12466666666666,6.125302416611874,-0.1125735019953423,0.005599108837594518,6548.0,35.00997589101776,7.03421210360437,-0.0810292567757991,4.841886223652056,-7.591443109790555,-2.4758192765044273,0.19583431941482798,0.009283611337659288,38|44|5|39|5|17|33|13|5|5,125,56
282,0.0030846024297472782,-2.790092480589113,-2.7920208830364555,6.125450908878991,6.125302416611874,5.4715787771844795,1,0.03333333333333333,0,7,8501,63.12466666666666,6.125450908878991,-0.1125662618428969,0.005594725693816855,6572.0,35.00997589101776,7.034212478028629,-0.08098967394269437,4.842499389485967,-7.592482178882889,-2.4522774133363976,0.19583431941482798,0.00928373072662103,38|45|5|39|5|17|32|13|5|5,125,56
283,0.0030537564054498056,-2.8116039760488616,-2.8116039760488616,6.125160571832881,6.125160571832881,5.4715787771844795,4,0.13333333333333333,4,12,8531,63.12466666666666,6.125160571832881,-0.1125699063048193,0.005598618193533177,6347.0,35.00749648676163,7.03421247802876,-0.0810670676215941,4.842190741353119,-7.591559421986855,-2.6729823805366735,0.1957792119118796,0.009283730726662661,36|45|5|38|5|17|32|13|5|5,123,55
284,0.0030232188413953074,-2.8198999946208114,-2.820135028843929,6.124248235024771,6.124827105868084,5.4715787771844795,2,0.06666666666666667,1,10,8561,63.12466666666666,6.124248235024771,-0.11264307466658638,0.005635888688295692,6236.0,35.00540965858191,7.034211613960723,-0.08131026463320988,4.835994139845454,-7.582724069753813,-2.7818634976888097,0.19573282984659823,0.009283455209830807,36|43|5|38|5|17|33|13|5|5,122,55
285,0.0029929866529813543,-2.8247582349813234,-2.8247582349813234,6.124257369482092,6.124257369482092,5.4715787771844795,1,0.03333333333333333,1,7,8591,63.12466666666666,6.124257369482092,-0.1133601354446769,0.005910806868949481,6151.0,34.9643265966231,7.034048731071001,-0.08130782970709104,4.775266527646782,-7.517551901344975,-2.865240929742247,0.19481971333789347,0.009231518353201048,36|42|5|38|5|17|33|13|5|5,122,55
286,0.0029630567864515405,-2.8357251949993976,-2.835810064311125,6.123198123403753,6.123407860108923,5.4715787771844795,5,0.16666666666666666,2,8,8621,63.12466666666666,6.123198123403753,-0.11353616192962959,0.005963864700337569,6064.0,34.959748490617905,7.034043822422233,-0.0815901875803324,4.760358909713238,-7.504973999387348,-2.9505801837263537,0.19471795986644733,0.009229953180899876,36|39|5|40|5|17|33|13|5|5,122,55
287,0.002933426218587025,-2.8667146711219846,-2.8667146711219846,6.119293556933491,6.119293556933491,5.4715787771844795,5,0.16666666666666666,4,11,8651,63.12466666666666,6.119293556933491,-0.11353613772215332,0.00596927781292425,5735.0,34.959748490617905,7.034035074933792,-0.08263100812903988,4.760360959835454,-7.503690765647491,-3.2732998913214235,0.19471795986644733,0.009227163955746671,34|39|5|38|5|16|33|13|5|5,121,54
288,0.0029040919564011546,-2.880940815207416,-2.8829246396462214,6.113519594322112,6.119293556933491,5.4715787771844795,3,0.1,2,10,8681,63.12466666666666,6.113519594322112,-0.11359722497625276,0.005968523580455676,5645.0,34.95816032864557,7.0340024861957335,-0.08417014415839501,4.755187502869768,-7.5038695641734545,-3.361581878201534,0.1946826612093781,0.0092167727070454,35|39|5|38|5|15|31|13|5|5,121,52
289,0.002875051036837143,-2.885615087259857,-2.885615087259857,6.113519594322112,6.113519594322112,5.4715787771844795,1,0.03333333333333333,1,8,8711,63.12466666666666,6.113519594322112,-0.11386446544992804,0.006076138589516287,5568.0,34.95816032864557,7.0340024861957335,-0.08417014415839501,4.732555005953178,-7.478358324876229,-3.437112022532295,0.1946826612093781,0.0092167727070454,35|38|5|38|5|15|31|13|5|5,121,52
290,0.0028463005264687717,-2.8907325088802316,-2.89296771105431,6.124065225916066,6.112961308017384,5.4715787771844795,3,0.1,2,12,8741,63.12466666666666,6.124065225916066,-0.11400683121883712,0.006118731644300412,5538.0,34.947499783151116,7.034071602618273,-0.08135904844631467,4.720498101616981,-7.46826120531565,-3.4665393514923317,0.19444571879032124,0.009238811177349456,35|38|5|38|5|16|30|13|5|5,120,53
291,0.002817837521204084,-2.8906090174719337,-2.89296771105431,6.124462920367681,6.112961308017384,5.4715787771844795,3,0.1,0,12,8771,63.12466666666666,6.124462920367681,-0.11392250467981276,0.006094346534332303,5524.0,34.95358006369361,7.034074055961088,-0.08125303704645755,4.72763968503138,-7.47404194520608,-3.480272105007016,0.19458085975295134,0.009239593450516824,35|38|5|37|5|16|31|13|5|5,120,53
292,0.002789659145992043,-2.8955793890543573,-2.897248916559725,6.12505453008897,6.124818040233189,5.4715787771844795,5,0.16666666666666666,1,11,8801,63.12466666666666,6.12505453008897,-0.11382930702528242,0.0060601163824205335,5475.0,34.956082890240125,7.034080946114211,-0.0810953346332903,4.735532559938323,-7.48215655304958,-3.528336742308409,0.1946364878422194,0.009241790445520714,35|40|5|35|5|16|30|13|5|5,119,53
293,0.0027617625545321225,-2.9007966283396227,-2.90123357016589,6.116909498197936,6.125831058102832,5.4715787771844795,4,0.13333333333333333,1,8,8831,63.12466666666666,6.116909498197936,-0.11363123389890654,0.0060336745484761405,5326.0,34.906464643728235,7.034064393530321,-0.08326651461617232,4.7523072997833395,-7.488424860408388,-3.6744924761432585,0.19353366741300176,0.009236512486750293,34|41|5|33|5|16|30|12|5|5,119,51
294,0.002734144928986801,-2.920604054754922,-2.920604054754922,6.118485271308597,6.118485271308597,5.4715787771844795,5,0.16666666666666666,4,14,8861,63.12466666666666,6.118485271308597,-0.11347003864127667,0.005960780904766053,5161.0,34.906464643728235,7.034083906848115,-0.08284646874266303,4.765958866558027,-7.505705044689072,-3.8363427854234606,0.19353366741300176,0.00924273450546784,34|42|5|29|5|16|30|12|5|5,118,51
295,0.002706803479696933,-2.934297946520876,-2.936943756672187,6.11527640714066,6.114974099338938,5.4715787771844795,6,0.2,3,9,8891,63.12466666666666,6.11527640714066,-0.11348228840614438,0.0059633094647583585,5028.0,34.897308761711884,7.034064245292841,-0.0837018394450027,4.764921438500126,-7.505105623664029,-3.966803943812957,0.1933301678045922,0.009236465219730641,35|42|5|27|5|15|29|12|5|5,117,50
296,0.0026797354448999636,-2.9404973689429106,-2.9404973689429106,6.114125768394584,6.114125768394584,5.4715787771844795,4,0.13333333333333333,1,9,8921,63.12466666666666,6.114125768394584,-0.11379928446026155,0.006084145341099429,4947.0,34.895374759380466,7.034032379192786,-0.08400855939974688,4.73807515987058,-7.4764602424673345,-4.046257732005056,0.19328718246288468,0.009226304391464907,38|39|5|27|5|15|28|12|5|5,116,50
297,0.002652938090450964,-2.954609774089518,-2.954609774089518,6.112579508931926,6.112579508931926,5.4715787771844795,4,0.13333333333333333,3,12,8951,63.12466666666666,6.112579508931926,-0.1140616072498672,0.00618852431054001,4779.0,34.88830034081601,7.034020000524139,-0.08442073796928205,4.715859139799775,-7.451716139481692,-4.211050774181262,0.19312994568274472,0.009222357327780636,38|36|5|29|5|15|27|12|5|5,116,49
298,0.0026264087095464544,-2.949872453549237,-2.954609774089518,6.113158393757022,6.112579508931926,5.4715787771844795,2,0.06666666666666667,0,15,8981,63.12466666666666,6.113158393757022,-0.1139717358442038,0.006143715554886834,4858.0,34.888300340816016,7.0340178739567305,-0.0842664275673761,4.723470315919895,-7.46233851361015,-4.133558807919832,0.19312994568274489,0.0092216792502564,38|37|5|30|5|15|26|12|5|5,117,49
299,0.0026001446224509896,-3.2208595263128013,-3.2208595263128013,6.109966181763514,6.109966181763514,5.4715787771844795,4,0.13333333333333333,3,7,9011,63.12466666666666,6.109966181763514,-0.11552091520676096,0.00613002426311484,4627.0,29.764659305047832,7.0340042315162545,-0.08511735938374518,4.592270888437499,-7.465584174449956,-4.360149240912115,0.07925135457072317,0.009217329220144024,35|36|5|31|5|15|26|12|5|5,116,48
300,0.0025741431762264797,-3.218595181772082,-3.2208595263128013,6.110243008207073,6.109966181763514,5.4715787771844795,2,0.06666666666666667,0,14,9041,63.12466666666666,6.110243008207073,-0.11545974836855406,0.006106132513405149,4655.0,29.764659305047825,7.034008561676146,-0.08504356715787924,4.597451085351822,-7.471247958241769,-4.332683733882748,0.079251354570723,0.009218709935416403,34|38|5|31|5|15|25|12|5|5,116,48
301,0.0025484017444642147,-3.240919713098908,-3.240919713098908,6.108823157198444,6.108823157198444,5.4715787771844795,4,0.13333333333333333,4,9,9071,63.12466666666666,6.108823157198444,-0.1157266629636109,0.0061760225968200844,4489.0,29.764659305047825,7.033993914194041,-0.08542204966474384,4.57484618697495,-7.454679798669369,-4.495514954128284,0.079251354570723,0.009214039437616721,32|36|5|32|5|15|26|12|5|5,115,47
302,0.0025229177270195725,-3.240511264733716,-3.2443041494889355,6.111511773911991,6.111421989134053,5.4715787771844795,2,0.06666666666666667,1,9,9101,63.12466666666666,6.111511773911991,-0.11533664011188731,0.006016378905928409,4562.0,29.764659305047825,7.027916258495346,-0.0847053586967783,4.607877078095731,-7.492524969488767,-4.4239084536588615,0.079251354570723,0.007276117454483058,32|37|5|32|5|15|26|12|5|5,116,47
303,0.0024976885497493767,-3.2390696182048817,-3.246698082457136,6.112286294051563,6.111456328543059,5.4715787771844795,6,0.2,1,12,9131,63.12466666666666,6.112286294051563,-0.11531010926739718,0.0059773181875329776,4627.0,29.765911356321084,7.034347770627057,-0.08449889877791301,4.61012396550713,-7.501784712556263,-4.360149240912115,0.07927918279561295,0.009326870139849753,31|38|5|32|5|15|27|12|5|5,116,47
304,0.002472711664251883,-3.233438974804162,-3.246698082457136,6.106644613359109,6.111456328543059,5.4715787771844795,2,0.06666666666666667,0,11,9161,63.12466666666666,6.106644613359109,-0.11523200704509977,0.005946506100746525,4691.0,29.76833914640319,7.034312410584246,-0.08600277308474695,4.616738413839058,-7.509089033079186,-4.297370939130704,0.07933314311643477,0.009315595232601724,31|40|5|31|5|14|27|12|5|5,116,47
305,0.002447984547609364,-3.2616259567868764,-3.263827567015798,6.106860753026245,6.106860753026245,5.4715787771844795,8,0.26666666666666666,5,9,9191,63.12466666666666,6.106860753026245,-0.11508225808353705,0.005927429005216327,4321.0,29.765911356321077,7.0343152977606715,-0.08594515782613633,4.629420598031522,-7.513611453821565,-4.66030799630449,0.0792791827956128,0.009316515838003279,30|39|5|28|5|14|26|12|5|5,113,44
306,0.0024235047021332703,-3.2581780461535854,-3.263827567015798,6.113893377353221,6.106860753026245,5.4715787771844795,3,0.1,0,10,9221,63.12466666666666,6.113893377353221,-0.11508541429007971,0.005931060530049629,4350.0,29.765911356321077,7.034345645457474,-0.08407050670504405,4.629153300066275,-7.5127505636925305,-4.631861578309788,0.0792791827956128,0.009326192508036426,30|39|5|28|5|15|26|12|5|5,114,44
307,0.0023992696551119377,-3.2692471086325074,-3.2692471086325074,6.114976241556979,6.114976241556979,5.4715787771844795,4,0.13333333333333333,2,11,9251,63.12466666666666,6.114976241556979,-0.11512398962986932,0.005950139002331342,4213.0,29.765911356321077,7.037838091990115,-0.08378185306748516,4.62588636880082,-7.508227816577115,-4.766246380560623,0.0792791827956128,0.010439794404237427,30|39|5|26|5|14|26|12|5|5,112,43
308,0.0023752769585608183,-3.287746860158744,-3.287746860158744,6.114413735385578,6.114413735385578,5.4715787771844795,2,0.06666666666666667,2,10,9281,63.12466666666666,6.114413735385578,-0.1152827065858669,0.005963304354676929,4130.0,29.76425190290239,7.037836183579827,-0.08393179749446011,4.612444688475142,-7.505106835061132,-4.847661990683391,0.07924229960726749,0.010439185888317394,29|38|5|27|5|14|26|12|5|5,111,43
309,0.0023515241889752103,-3.3064775316429182,-3.3064775316429182,6.110096192151558,6.110096192151558,5.4715787771844795,5,0.16666666666666666,4,12,9311,63.12466666666666,6.110096192151558,-0.11542607932838969,0.00594821236100254,4099.0,29.765975632697703,7.03781026885252,-0.08508270317172961,4.600302503915878,-7.508684546622561,-4.878070230608762,0.07928061140920241,0.0104309227154387,27|39|5|28|5|14|25|12|5|5,111,42
310,0.002328008947085458,-3.3328608966070328,-3.3328608966070328,6.105195416448401,6.105195416448401,5.4715787771844795,3,0.1,3,7,9341,63.12466666666666,6.105195416448401,-0.11563353049162506,0.005930989317952128,4082.0,29.7659756326977,7.028201179312608,-0.08638907818040237,4.582733541596299,-7.5127674452490725,-4.8947457170194495,0.07928061140920234,0.007366967338483829,25|40|5|29|5|14|24|12|5|5,111,41
311,0.0023047288576146037,-3.351295972391628,-3.351295972391628,6.169672992211438,6.169672992211438,5.4715787771844795,10,0.3333333333333333,3,9,9371,63.094666666666654,6.169672992211438,-0.11590175767671591,0.0059173078230148855,4130.0,29.891040915727263,7.028314824221422,-0.0692016167051965,4.56001748045471,-7.516010783648934,-4.847661990683391,0.08206032570397974,0.0074032041669552864,22|40|5|30|5|15|25|14|5|5,111,43
312,0.0022816815690384577,-3.3498446343813653,-3.356024373462979,6.171907223877165,6.171907223877165,5.4715787771844795,5,0.16666666666666666,3,10,9401,63.094666666666654,6.171907223877165,-0.11594303126772673,0.005921143386385662,4181.0,29.847618002058066,7.028314824222066,-0.06860604886278107,4.556522035290876,-7.515101524096334,-4.797635531451329,0.08109520340206468,0.00740320416716061,20|40|5|32|5|15|25|14|5|6,112,43
313,0.002258864753348073,-3.376757101449178,-3.376757101449178,6.171739530867606,6.171739530867606,5.4715787771844795,1,0.03333333333333333,1,13,9431,63.094666666666654,6.171739530867606,-0.11615126007417158,0.005901614564837707,4207.0,29.523741755997985,7.028314824222066,-0.06865074994075024,4.5388872146553805,-7.519731031114469,-4.77213184635263,0.07389669547801321,0.00740320416716061,19|40|5|33|5|15|25|14|5|6,112,43
314,0.002236276105814592,-3.3838495311945005,-3.3843100212845516,6.171957838778774,6.172460676235579,5.4715787771844795,3,0.1,2,12,9461,63.094666666666654,6.171957838778774,-0.11629413902784769,0.005926295216774593,4179.0,29.521807753666586,7.034419918102363,-0.06859255670428736,4.526786848890989,-7.513880229975578,-4.799597353381998,0.0738537101363061,0.009349875091981739,19|39|5|33|5|15|26|14|5|6,112,43
315,0.002213913344756446,-3.382288290912677,-3.3843100212845516,6.169790214935795,6.172460676235579,5.4715787771844795,1,0.03333333333333333,0,7,9491,63.094666666666654,6.169790214935795,-0.11629171240237621,0.005915876672724947,4218.0,29.521807753666586,7.034419918101861,-0.06917036923605595,4.526992358905043,-7.516350052472453,-4.7613418257339495,0.0738537101363061,0.009349875091821728,20|39|5|33|5|15|26|14|5|6,112,44
316,0.0021917742113088815,-3.3742670227539246,-3.3843100212845516,6.1695285603378345,6.172460676235579,5.4715787771844795,3,0.1,0,8,9521,63.094666666666654,6.1695285603378345,-0.11604880557786927,0.005818821101487493,4325.0,29.520084023871274,7.03442041975214,-0.06924011717972536,4.547564048069733,-7.539358068961799,-4.656384352443152,0.07381539833437117,0.009350035048086286,19|40|5|34|5|15|26|14|5|6,112,44
317,0.002169856469195793,-3.381195110589231,-3.3843100212845516,6.169771377861602,6.172460676235579,5.4715787771844795,3,0.1,0,10,9551,63.094666666666654,6.169771377861602,-0.11601696841597105,0.005793383830678574,4288.0,29.52164579706363,7.034421857732155,-0.0691753905397133,4.550260325540674,-7.545388234348016,-4.6926780581605305,0.07385011047160728,0.009350493562556446,19|41|5|33|5|15|25|14|5|6,112,44
318,0.002148157904503835,-3.374773985626818,-3.3843100212845516,6.163034106921653,6.172460676235579,5.4715787771844795,2,0.06666666666666667,0,11,9581,63.12466666666666,6.163034106921653,-0.11602060933906384,0.005771735905176015,4409.0,29.52164579706363,7.034397750017408,-0.07097131080126227,4.549951977109997,-7.550520096646825,-4.5739878313550495,0.07385011047160728,0.0093428065739072,19|42|5|34|5|14|25|14|5|6,113,44
319,0.0021266763254587967,-3.3931354335805044,-3.3931354335805044,6.162253610781451,6.162253610781451,5.4715787771844795,2,0.06666666666666667,2,8,9611,63.12466666666666,6.162253610781451,-0.11618705784809627,0.005808973760366453,4277.0,29.51521904839457,7.0343923131324235,-0.07117936371241045,4.535855514416157,-7.541692481958399,-4.703468078779211,0.07370726887151187,0.009341072968146307,19|41|5|34|5|14|24|14|5|6,113,42
320,0.002105409562204209,-3.39970753704825,-3.39970753704825,6.162253610781451,6.162253610781451,5.4715787771844795,1,0.03333333333333333,1,9,9641,63.12466666666666,6.162253610781451,-0.11618705784809633,0.005808973760366453,4210.0,29.51521904839457,7.0343923131324235,-0.07117936371241045,4.535855514416153,-7.541692481958399,-4.769189113456626,0.07370726887151187,0.009341072968146307,19|41|5|33|5|14|24|14|5|6,112,42
321,0.002084355466582167,-3.4079715691584487,-3.4079715691584487,6.162253610781451,6.162253610781451,5.4715787771844795,3,0.1,2,9,9671,63.12466666666666,6.162253610781451,-0.11615128924232768,0.005802299323572983,4111.0,29.51521904839457,7.0343923131324235,-0.07117936371241045,4.538884744415024,-7.543274725510656,-4.866299299024748,0.07370726887151187,0.009341072968146307,19|41|5|32|5|14|23|14|5|7,112,42
322,0.0020635119119163455,-3.426370604454198,-3.426370604454198,6.162565384324497,6.162565384324497,5.4715787771844795,2,0.06666666666666667,2,8,9701,63.12466666666666,6.162565384324497,-0.11624533753928248,0.005799662820052872,4011.0,29.51521904839457,7.034392313132603,-0.07109625581487111,4.530919828915636,-7.543899735653729,-4.964390395558204,0.07370726887151187,0.009341072968203515,18|41|5|31|5|14|23|14|5|7,111,41
323,0.002042876792797182,-3.4352664720877915,-3.4352664720877915,6.162565384324497,6.162565384324497,5.4715787771844795,3,0.1,2,11,9731,63.12466666666666,6.162565384324497,-0.11724557533184683,0.006157154785289581,3930.0,29.470773607238602,7.034392313132603,-0.07109625581487111,4.446210060051892,-7.4591526064976765,-5.043844183750303,0.0727194197648199,0.009341072968203515,18|40|5|31|5|14|23|14|5|7,110,40
324,0.00202244802486921,-3.4352664720877915,-3.4352664720877915,6.162565384324497,6.162565384324497,5.4715787771844795,0,0.0,0,7,9761,63.12466666666666,6.162565384324497,-0.11724557533184683,0.006157154785289581,3930.0,29.470773607238602,7.034392313132603,-0.07109625581487111,4.446210060051892,-7.4591526064976765,-5.043844183750303,0.0727194197648199,0.009341072968203515,18|40|5|31|5|14|23|14|5|7,110,40
325,0.002002223544620518,-3.443631010502919,-3.443631010502919,6.162565384324497,6.162565384324497,5.4715787771844795,1,0.03333333333333333,1,9,9791,63.12466666666666,6.162565384324497,-0.11729199412058341,0.006157406561956088,3885.0,29.467222141764317,7.034392313132603,-0.07109625581487111,4.442278869994846,-7.45909292026204,-5.087985177190358,0.0726404845151076,0.009341072968203515,18|40|5|31|5|14|22|14|5|7,109,40
326,0.0019822013091743127,-3.461195367018036,-3.461195367018036,6.166148373410094,6.166148373410094,5.4715787771844795,1,0.03333333333333333,1,10,9821,63.12466666666666,6.166148373410094,-0.11729639976270838,0.006065861915725904,3931.0,29.467222141764317,7.0343865443372255,-0.07014115652421085,4.441905757792051,-7.480794515576155,-5.0428632727849685,0.0726404845151076,0.009339233529457347,17|41|5|31|5|14|22|14|5|7,109,40
327,0.0019623792960825697,-3.481475185738456,-3.481475185738456,6.155891428453447,6.155891428453447,5.4715787771844795,4,0.13333333333333333,3,12,9851,63.12466666666666,6.155891428453447,-0.11764843992205916,0.006201812340792679,3702.0,29.45749437361043,7.034339389108369,-0.07287529849852387,4.412091606846098,-7.4485660759122725,-5.267491883846582,0.07242427410452348,0.009324197607853415,18|38|5|31|5|13|22|14|5|7,108,39
328,0.001942755503121744,-3.504819462518325,-3.504819462518325,6.131415749718622,6.131415749718622,5.4715787771844795,7,0.23333333333333334,7,5,9881,63.336,6.131415749718622,-0.11792793717910859,0.006285114339643072,3542.0,29.29076773762529,7.03427324914283,-0.0793996564688105,4.388421087476892,-7.428818484519954,-5.424437638300112,0.06871859014378366,0.009303108210964845,18|34|5|33|5|14|22|13|5|7,108,37
329,0.0019233279480905265,-3.5062389875953137,-3.5062389875953137,6.131424405052101,6.131424405052101,5.4715787771844795,2,0.06666666666666667,1,5,9911,63.336,6.131424405052101,-0.11782603016173591,0.0062286516265561516,3576.0,29.290767737625266,7.034273167686095,-0.07939734926031253,4.397051555103095,-7.44220354853198,-5.391086665478737,0.0687185901437831,0.009303082237661214,17|35|5|33|5|14|22|13|5|7,108,37
330,0.0019040946686096213,-3.5152802046035236,-3.5152802046035236,6.135043949231192,6.135043949231192,5.4715787771844795,3,0.1,2,9,9941,63.281333333333336,6.135043949231192,-0.11786564452014434,0.006248081963316927,3471.0,29.290767737625266,7.034295476229213,-0.0784325056631438,4.393696629734939,-7.437597388340601,-5.494082316838866,0.0687185901437831,0.009310195542241587,17|34|5|32|5|15|22|13|5|7,109,36
331,0.0018850537219235251,-3.5532086620592986,-3.5532086620592986,6.148920845170152,6.148920845170152,5.4715787771844795,5,0.16666666666666666,5,11,9971,63.281333333333336,6.148920845170152,-0.11824771611869236,0.006217442096219346,3473.0,29.3591864911664,7.034219186860438,-0.07473341165218302,4.361339127306013,-7.444860882423673,-5.492120494908196,0.07023927264369148,0.009285869905489826,16|34|5|32|5|17|21|14|5|6,109,36
332,0.00186620318470429,-3.551213199661824,-3.557244932947642,6.148640593150601,6.148640593150601,5.4715787771844795,4,0.13333333333333333,3,9,10001,63.281333333333336,6.148640593150601,-0.11827291436494225,0.0062460380473822906,3446.0,29.359186491166398,7.034216017040711,-0.07480811701652682,4.359205097146917,-7.438081919531624,-5.51860509097223,0.0702392726436914,0.009284859176413439,17|32|5|31|5|17|24|14|5|6,110,36
333,0.0018475411528572471,-3.5580193434216314,-3.561708752706008,6.157154287600223,6.148640593150601,5.4715787771844795,4,0.13333333333333333,1,8,10031,63.281333333333336,6.157154287600223,-0.11826104526019916,0.006237056153211136,3367.0,29.453113287997258,7.034151680764414,-0.07253866451877272,4.360210287239594,-7.440211169471225,-5.59609705723366,0.07232689962928483,0.009264344904080603,17|32|5|30|5|17|23|15|5|6,109,37
334,0.0018290657413286746,-3.5704739443568094,-3.5704739443568094,6.157154287600223,6.157154287600223,5.4715787771844795,1,0.03333333333333333,1,11,10061,63.281333333333336,6.157154287600223,-0.11832202997525645,0.0062196024649108506,3335.0,29.452513208516113,7.034151680764414,-0.07253866451877272,4.355045514267479,-7.4443487449147865,-5.627486208124366,0.0723135621988538,0.009264344904080603,17|32|5|30|5|17|22|15|5|7,109,37
335,0.0018107750839153878,-3.590391327522624,-3.590391327522624,6.155101033674755,6.155101033674755,5.4715787771844795,5,0.16666666666666666,5,13,10091,63.281333333333336,6.155101033674755,-0.11838188295261412,0.006229950221297799,3159.0,29.449203203417948,7.034264906960089,-0.07308599003970262,4.349976587742741,-7.44189570335784,-5.800126538023248,0.07223999367316647,0.009300448221632996,16|32|5|29|5|17|20|15|5|7,107,37
336,0.0017926673330762339,-3.611897618594222,-3.611897618594222,6.141074904933641,6.141074904933641,5.4715787771844795,6,0.2,5,7,10121,63.281333333333336,6.141074904933641,-0.11927455479439011,0.006527324033258078,2998.0,29.423245080520033,7.034164129528898,-0.07682486428445018,4.274376539484065,-7.371400197722802,-5.958053203442112,0.07166304567019537,0.009268314318531284,15|30|5|28|5|16|22|15|5|7,106,35
337,0.0017747406597454715,-3.6507250635707464,-3.6507250635707464,6.1327001310013385,6.1327001310013385,5.4715787771844795,2,0.06666666666666667,2,13,10151,63.281333333333336,6.1327001310013385,-0.11920848237967976,0.006303368643165837,3087.0,29.423245080520033,7.0339687974094005,-0.07905728544206322,4.2799721878588715,-7.424491115043907,-5.870752127527337,0.07166304567019537,0.009206030696826906,14|31|5|29|5|16|22|15|5|7,106,35
338,0.0017569932531480168,-3.6854329686074183,-3.6854329686074183,6.051884644029132,6.051884644029132,5.4715787771844795,4,0.13333333333333333,3,9,10181,63.50600000000001,6.051884644029132,-0.11970941408871046,0.006301259259442015,3129.0,29.59235049755298,7.0350272118585595,-0.10059986132983562,4.237548466615825,-7.424991166044393,-5.829553866983285,0.07542160067174336,0.009543516847734074,12|32|5|29|5|16|22|16|5|7,107,34
339,0.0017394233206165365,-3.6854329686074183,-3.6854329686074183,6.051884644029132,6.051884644029132,5.4715787771844795,0,0.0,0,8,10211,63.50600000000001,6.051884644029132,-0.11970941408871046,0.006301259259442015,3129.0,29.59235049755298,7.0350272118585595,-0.10059986132983562,4.237548466615825,-7.424991166044393,-5.829553866983285,0.07542160067174336,0.009543516847734074,12|32|5|29|5|16|22|16|5|7,107,34
340,0.0017220290874103712,-3.7174501870582493,-3.7174501870582493,6.021466078215497,6.021466078215497,5.4715787771844795,5,0.16666666666666666,3,7,10241,63.40266666666667,6.021466078215497,-0.12022071657972737,0.006311785185677575,3186.0,29.7436996072106,7.03450794971921,-0.10870838467094689,4.194246447680451,-7.422495887501331,-5.773641941959215,0.07878550209527166,0.009377944863281027,10|32|5|28|5|17|24|17|5|7,108,34
341,0.0017048087965362674,-3.7228451973675956,-3.7228451973675956,6.0214714982944635,6.0214714982944635,5.4715787771844795,1,0.03333333333333333,1,9,10271,63.40266666666667,6.0214714982944635,-0.12022071657972744,0.006311785185677575,3131.0,29.7436996072106,7.03450794971921,-0.10870693986789219,4.194246447680444,-7.422495887501331,-5.827592045052616,0.07878550209527166,0.009377944863281027,10|32|5|27|5|17|24|17|5|7,107,34
342,0.0016877607085709048,-3.7172940705858823,-3.723144805947032,5.996724263668821,5.98662520252046,5.4715787771844795,3,0.1,1,11,10301,63.55733333333333,5.996724263668821,-0.12015321859826118,0.006312860446771188,3127.0,29.741278358127335,7.034589569724973,-0.11530368511943967,4.199962826776776,-7.422240985854195,-5.831515688913954,0.07873168715538638,0.009403970227545608,11|32|5|28|5|17|23|16|5|7,108,33
343,0.0016708831014851959,-3.7442151805077377,-3.7442151805077377,6.001179133707893,6.001179133707893,5.4715787771844795,1,0.03333333333333333,1,9,10331,63.55733333333333,6.001179133707893,-0.12038796861499104,0.006264956056328532,3171.0,29.741278358127335,7.0345895697195315,-0.11411617292985313,4.180081934647151,-7.433597211892162,-5.788355606439233,0.07873168715538638,0.009403970225810413,10|33|5|28|5|17|23|16|5|7,108,33
344,0.0016541742704703438,-3.7787120551539664,-3.7787120551539664,5.932693975897385,5.932693975897385,5.4715787771844795,4,0.13333333333333333,4,12,10361,63.657333333333334,5.932693975897385,-0.12078639094411395,0.006267600716061436,3146.0,29.79477031816544,7.034218814247631,-0.1323719152955006,4.146339694890714,-7.4329702682353735,-5.812878380572597,0.07992060515382432,0.009285751094128259,8|33|5|28|5|17|23|16|6|7,108,32
345,0.0016376325277656404,-3.8308935514904032,-3.8308935514904032,5.913673806051915,5.913673806051915,5.4715787771844795,4,0.13333333333333333,3,14,10391,63.69800000000001,5.913673806051915,-0.12139021932781917,0.006264819816909681,3132.0,29.792914246339787,7.037449934756367,-0.13744202583551704,4.095201692310446,-7.4336295088407605,-5.8266111340872815,0.07987935190383422,0.0103160265448054,7|34|5|27|5|17|23|16|5|7,108,30
346,0.001621256202487984,-3.829131590922539,-3.8327048527174363,5.907792903603199,5.90754399590897,5.4715787771844795,3,0.1,1,14,10421,63.69800000000001,5.907792903603199,-0.12132220413941067,0.006259460636407893,3135.0,29.794893125699147,7.02783434486754,-0.13900966827679345,4.100961873471505,-7.43489995742792,-5.823668401191277,0.07992333468714229,0.007249998465860897,7|35|5|26|5|17|23|16|5|6,108,30
347,0.0016050436404631042,-3.828571982103517,-3.8327048527174363,5.90772536697215,5.90754399590897,5.4715787771844795,2,0.06666666666666667,0,11,10451,63.69800000000001,5.90772536697215,-0.12130087701077115,0.006277480305908026,3079.0,29.793758266808354,7.02783434486754,-0.13902767117517462,4.102768060111333,-7.43062821034833,-5.8785994152500125,0.07989811119262105,0.007249998465860897,7|35|5|26|5|17|22|16|5|5,107,30
348,0.0015889932040584732,-3.896465591007827,-3.896465591007827,5.93482864504647,5.93482864504647,5.4715787771844795,7,0.23333333333333334,5,9,10481,63.63066666666667,5.93482864504647,-0.12257805145679064,0.006450566048601949,3052.0,29.88604868812614,7.02731775112409,-0.13180288732991682,3.9946046284501255,-7.38959646357483,-5.905084011314046,0.08194936792185614,0.0070852773264261084,5|33|5|28|5|18|21|17|5|5,107,29
349,0.0015731032720178884,-3.896465591007827,-3.896465591007827,5.93482864504647,5.93482864504647,5.4715787771844795,0,0.0,0,12,10511,63.63066666666667,5.93482864504647,-0.12257805145679064,0.006450566048601949,3052.0,29.88604868812614,7.02731775112409,-0.13180288732991682,3.9946046284501255,-7.38959646357483,-5.905084011314046,0.08194936792185614,0.0070852773264261084,5|33|5|28|5|18|21|17|5|5,107,29
350,0.0015573722392977095,-3.90804020474792,-3.90804020474792,5.934581877869108,5.934581877869108,5.4715787771844795,3,0.1,3,12,10541,63.63066666666667,5.934581877869108,-0.12260908462445186,0.006452550012821451,2956.0,29.88604868812614,7.02731775112409,-0.1318686668091244,3.9919764409538785,-7.389126144551465,-5.999251463986163,0.08194936792185614,0.0070852773264261084,5|33|5|27|5|18|20|17|5|5,105,29
351,0.0015417985169047324,-3.9201908094728894,-3.9201908094728894,5.93407886490146,5.93407886490146,5.4715787771844795,1,0.03333333333333333,1,10,10571,63.63066666666667,5.93407886490146,-0.12292342166227406,0.006523535586250739,2932.0,29.88604868812614,7.027307754333321,-0.13200275243347764,3.9653553534313137,-7.372298287859231,-6.022793327154193,0.08194936792185614,0.007082089748591289,5|32|5|27|5|18|21|17|5|5,105,29
352,0.0015263805317356851,-3.9271132546144965,-3.9271132546144965,5.934006116047588,5.934006116047588,5.4715787771844795,2,0.06666666666666667,1,5,10601,63.63066666666667,5.934006116047588,-0.1230159360193303,0.006527628580052134,2932.0,29.88344986547517,7.027307870976612,-0.1320221447277521,3.9575203467348365,-7.371328001788349,-6.022793327154193,0.081891606212951,0.007082126941484393,5|32|5|27|5|18|21|17|5|5,104,30
353,0.0015111167264183283,-3.9331900001157405,-3.9331900001157405,5.934098110199387,5.934098110199387,5.4715787771844795,2,0.06666666666666667,2,5,10631,63.63066666666667,5.934098110199387,-0.12301464448668512,0.006526774079780242,2871.0,29.88344986547517,7.027307870976612,-0.13199762231168286,3.957629726157076,-7.371530569823292,-6.082628896039601,0.081891606212951,0.007082126941484393,5|32|5|25|5|18|22|17|5|5,103,30
354,0.001496005559154145,-3.9390134345260575,-3.9390134345260575,5.927963920543558,5.927963920543558,5.4715787771844795,1,0.03333333333333333,1,6,10661,63.63066666666667,5.927963920543558,-0.12303216670361224,0.006533386009655917,2838.0,29.761563138675882,7.02743069463887,-0.13363278224354264,3.956145776083493,-7.369963144175632,-6.114998957895642,0.07918253884732945,0.007121290508316465,5|32|5|25|5|18|22|16|5|5,103,30
355,0.0014810455035626036,-3.9390134345260575,-3.9390134345260575,5.927963920543558,5.927963920543558,5.4715787771844795,0,0.0,0,9,10691,63.63066666666667,5.927963920543558,-0.12303216670361224,0.006533386009655917,2838.0,29.761563138675882,7.02743069463887,-0.13363278224354264,3.956145776083493,-7.369963144175632,-6.114998957895642,0.07918253884732945,0.007121290508316465,5|32|5|25|5|18|22|16|5|5,103,30
356,0.0014662350485269776,-3.941896322646604,-3.941896322646604,5.897787497787244,5.897787497787244,5.4715787771844795,2,0.06666666666666667,2,2,10721,63.93066666666667,5.897787497787244,-0.12320313175871826,0.006596118039731061,2840.0,29.606622893557333,7.0273439657347065,-0.14167675873375363,3.94166680877245,-7.35509187440743,-6.113037135964972,0.07573882046474252,0.0070936361201307035,5|31|5|26|5|18|23|15|5|5,103,30
357,0.0014515726980417077,-3.9440372608331327,-3.9440372608331327,5.899485209227629,5.899485209227629,5.4715787771844795,3,0.1,1,6,10751,63.93066666666667,5.899485209227629,-0.1228394712085404,0.006471993309759752,2803.0,29.611497524369426,7.027365443437487,-0.14122420837601576,3.9724650863214825,-7.384516912017362,-6.149330841682351,0.07584716452811409,0.007100484502867307,5|32|5|24|5|18|23|15|5|5,103,30
358,0.0014370569710612905,-3.9449980053655005,-3.9449980053655005,5.899677571647642,5.899677571647642,5.4715787771844795,1,0.03333333333333333,1,12,10781,63.93066666666667,5.899677571647642,-0.12282313319818916,0.006453828685335622,2823.0,29.611497524369423,7.027365078413384,-0.14117293129799113,3.9738487463779566,-7.388823022145245,-6.12971262237566,0.075847164528114,0.007100368111240436,5|33|5|24|5|18|22|15|5|5,103,30
359,0.0014226864013506776,-3.9447788600086877,-3.9449980053655005,5.900007241895726,5.899677571647642,5.4715787771844795,2,0.06666666666666667,0,8,10811,63.93066666666667,5.900007241895726,-0.1227627596224999,0.006433344604995658,2823.0,29.609759060590726,7.027367366954102,-0.14108505276624708,3.978961762182932,-7.393678983036742,-6.12971262237566,0.07580852524709583,0.007101097835592428,5|33|5|24|5|18|22|15|5|5,103,30
360,0.0014084595373371708,-3.9493891415457707,-3.9493891415457707,5.899645248960729,5.899645248960729,5.4715787771844795,1,0.03333333333333333,1,8,10841,63.93066666666667,5.899645248960729,-0.12276275962250002,0.006433344604995658,2776.0,29.609759060590726,7.027367366954102,-0.14118154739326944,3.978961762182921,-7.393678983036742,-6.175815437746384,0.07580852524709583,0.007101097835592428,5|33|5|23|5|18|22|15|5|5,103,29
361,0.0013943749419637992,-3.958656586986361,-3.958656586986361,5.89928395917078,5.89928395917078,5.4715787771844795,2,0.06666666666666667,2,10,10871,63.93066666666667,5.89928395917078,-0.12280471651760802,0.006453932934985533,2668.0,29.609759060590726,7.027364332966171,-0.14127785458647035,3.975408448247715,-7.388798308698778,-6.281753822002517,0.07580852524709583,0.007100130417857737,5|32|5|23|5|18|21|15|5|5,102,29
362,0.001380431192544161,-3.958878930949718,-3.958878930949718,5.899353228476273,5.899353228476273,5.4715787771844795,2,0.06666666666666667,1,9,10901,63.93066666666667,5.899353228476273,-0.1228558030844488,0.00645355513773598,2711.0,29.608638005080838,7.027366587084551,-0.1412593898178203,3.9710819457887054,-7.388887869403398,-6.239574650493131,0.07578360854798807,0.007100849166299468,5|32|5|24|5|19|20|15|5|5,102,30
363,0.0013666268806187193,-3.958878930949718,-3.958878930949718,5.899353228476273,5.899353228476273,5.4715787771844795,0,0.0,0,10,10931,63.93066666666667,5.899353228476273,-0.1228558030844488,0.00645355513773598,2711.0,29.608638005080838,7.027366587084551,-0.1412593898178203,3.9710819457887054,-7.388887869403398,-6.239574650493131,0.07578360854798807,0.007100849166299468,5|32|5|24|5|19|20|15|5|5,102,30
364,0.0013529606118125321,-3.9539686046386326,-3.95918844359941,5.899339298099813,5.899122164453497,5.4715787771844795,2,0.06666666666666667,1,14,10961,63.93066666666667,5.899339298099813,-0.12285911535377106,0.006455176963053713,2760.0,29.608638005080838,7.027366295906571,-0.14126310316786353,3.9708014309243507,-7.388503399113054,-6.191510013191737,0.07578360854798807,0.007100756321255724,5|32|5|25|5|19|20|15|5|5,103,30
365,0.0013394310056944068,-3.9547387193054218,-3.95918844359941,5.899272330093404,5.899122164453497,5.4715787771844795,1,0.03333333333333333,0,7,10991,63.93066666666667,5.899272330093404,-0.12288362835937952,0.006455720240830856,2772.0,29.608638005080838,7.027366295906571,-0.1412809544908483,3.9687254335418434,-7.388374609555736,-6.179739081607722,0.07578360854798807,0.007100756321255724,5|32|5|26|5|19|19|15|5|5,103,30
366,0.0013260366956374628,-3.961104716165939,-3.961104716165939,5.899106812221354,5.899106812221354,5.4715787771844795,1,0.03333333333333333,1,6,11021,63.93066666666667,5.899106812221354,-0.12291949200294654,0.006467793047789441,2709.0,29.608165405685785,7.02736486120293,-0.14132507575340592,3.9656881548269642,-7.385512627105536,-6.2415364724238,0.07577310450352179,0.007100298851490498,5|31|5|26|5|19|19|15|5|5,103,29
367,0.0013127763286810883,-3.972485878503583,-3.972485878503583,5.902818337861726,5.902818337861726,5.4715787771844795,2,0.06666666666666667,1,7,11051,63.93066666666667,5.902818337861726,-0.12307818247658046,0.006489940257804751,2688.0,29.608165405685785,7.023814606647451,-0.14033571312301518,3.952248717282873,-7.380262404302988,-6.2621356026958255,0.07577310450352179,0.005968264282592488,5|31|5|27|5|18|18|15|5|5,103,28
368,0.0012996485653942774,-3.9745306923638273,-3.9801500964417573,5.903109784726835,5.9026959172244915,5.4715787771844795,4,0.13333333333333333,2,8,11081,63.93066666666667,5.903109784726835,-0.12347880803831482,0.006624205107498807,2688.0,29.61058665476905,7.023818825240602,-0.14025802360527428,3.918319886571109,-7.348433547532442,-6.2621356026958255,0.07582691944340707,0.005969609423681586,5|31|5|27|5|18|18|15|5|5,103,29
369,0.0012866520797403347,-3.9824631828521926,-3.9824631828521926,5.9021357639156315,5.9021357639156315,5.4715787771844795,1,0.03333333333333333,1,5,11111,63.93066666666667,5.9021357639156315,-0.12372160930962654,0.006703347087818083,2627.0,29.60407361750591,7.023809916443897,-0.1405176634098187,3.8977571366674995,-7.3296721311091595,-6.321971171581233,0.07568215998383356,0.0059667687637569205,5|30|5|27|5|18|18|15|5|5,103,28
370,0.0012737855589429314,-3.99570381636003,-3.99570381636003,5.901172104403402,5.901172104403402,5.4715787771844795,3,0.1,3,8,11141,63.93066666666667,5.901172104403402,-0.12396821811213879,0.006782524298212642,2515.0,29.597941753416922,7.023801439397654,-0.14077454125526573,3.876871928354164,-7.310902363035965,-6.431833199698704,0.07554587251980754,0.005964065771833674,5|29|5|26|5|18|18|15|5|5,102,27
371,0.0012610477033535021,-3.9975072232260613,-3.9975072232260613,5.901441068009738,5.901441068009738,5.4715787771844795,1,0.03333333333333333,1,5,11171,63.93066666666667,5.901441068009738,-0.12381615236213875,0.006710645748119195,2539.0,29.597941753416922,7.023812606107046,-0.1407028449861766,3.889750320502866,-7.32794190898572,-6.408291336530675,0.07554587251980754,0.005967626390052693,5|30|5|26|5|18|17|15|5|5,102,27
372,0.0012484372263199671,-4.007589476205592,-4.007589476205592,5.895389375386722,5.895389375386722,5.4715787771844795,3,0.1,2,8,11201,63.93066666666667,5.895389375386722,-0.12414662649627248,0.006814387128061189,2471.0,29.597941753416922,7.023758406661065,-0.14231601410097278,3.8617625882595723,-7.303348953116209,-6.474993282173425,0.07554587251980754,0.005950344348580201,5|30|5|26|5|17|16|15|5|5,100,27
373,0.0012359528540567674,-4.012793822013048,-4.012793822013048,5.8950598530561855,5.8950598530561855,5.452121742246423,1,0.03333333333333333,1,6,11231,63.93066666666667,5.8950598530561855,-0.12422385704390873,0.00684444219171397,2412.0,29.597941753416922,7.023754627492588,-0.14240385320308382,3.8552219617324393,-7.29622409267497,-6.532867029128163,0.07554587251980754,0.005949139322492465,5|29|5|26|5|17|16|15|5|5,99,27
374,0.0012235933255161997,-4.0197402266798115,-4.0197402266798115,5.894904498122474,5.894904498122474,5.452121742246423,1,0.03333333333333333,1,2,11261,63.93066666666667,5.894904498122474,-0.12427493931188094,0.006846255072724933,2381.0,29.597941753416922,7.023725761283743,-0.14244526538253607,3.850895823343019,-7.295794330677162,-6.563275269053535,0.07554587251980754,0.005939935039877109,5|29|5|26|5|17|15|15|5|5,99,26
375,0.0012113573922610378,-4.035086702894497,-4.03914294575164,5.893406099533739,5.893713275563103,5.43583238895797,4,0.13333333333333333,3,3,11291,63.93066666666667,5.893406099533739,-0.12465838074126219,0.0069328442060997185,2348.0,29.590186884329825,7.0237557529266885,-0.14284468592081803,3.8184223104472546,-7.275267490403243,-6.5956453309095755,0.07537351197391219,0.005949498178537,5|29|5|26|5|15|16|15|5|5,99,25
376,0.0011992438183384274,-4.0411438889656575,-4.0429403248571525,5.893435366165935,5.893258247725994,5.43583238895797,2,0.06666666666666667,1,5,11321,63.93066666666667,5.893435366165935,-0.12463520967577499,0.006908385250232548,2325.0,29.591910614125133,7.023744758117837,-0.14283688446259904,3.8203846594170083,-7.28106573621983,-6.61820628311227,0.07541182377584703,0.005945992372543607,5|30|5|25|5|15|15|15|5|5,98,25
377,0.0011872513801550431,-4.043395359799407,-4.043395359799407,5.893204857066225,5.893204857066225,5.43583238895797,1,0.03333333333333333,1,3,11351,63.93066666666667,5.893204857066225,-0.1247608658801461,0.00694713237090009,2317.0,29.59149890570907,7.023740946383858,-0.14289833010822184,3.809742881923996,-7.271880334703287,-6.626053570834947,0.07540267310076207,0.005944776962616128,5|29|5|26|5|15|15|15|5|5,98,25
378,0.0011753788663534928,-4.044372559890361,-4.046378378509928,5.893579760921331,5.893375459808473,5.43583238895797,2,0.06666666666666667,1,4,11381,63.93066666666667,5.893579760921331,-0.12467929740882049,0.00689712090234198,2357.0,29.593641155265427,7.023738653750763,-0.14279839388248305,3.8166508856046475,-7.283736065173681,-6.586817132221564,0.07545028696746062,0.00594404593336831,5|31|5|25|5|15|14|15|5|5,98,25
379,0.001163625077689958,-4.055973373068274,-4.055973373068274,5.891747983764128,5.891747983764128,5.43583238895797,1,0.03333333333333333,1,2,11411,63.93066666666667,5.891747983764128,-0.12526360620841653,0.007082196645839337,2296.0,29.593641155265427,7.023718396441135,-0.1432866814607305,3.767165989386183,-7.23986196599655,-6.646652701106973,0.07545028696746062,0.005937586685330354,5|30|5|25|5|15|14|15|5|5,97,25
380,0.0011519888269130583,-4.152929758407866,-4.152929758407866,5.896140987335032,5.896140987335032,5.433550296646746,4,0.13333333333333333,4,0,11441,63.93066666666667,5.896140987335032,-0.12587800257953002,0.006889354269746713,2246.0,29.712932113244634,7.033268215563443,-0.1421156607028649,3.7151329878593007,-7.285577224918971,-6.6956982493737005,0.07810166049894743,0.00898264309022776,5|30|5|25|5|14|12|16|5|5,95,25
