temperature_step,temperature,current_energy,best_energy,current_D,best_E_D,best_D,accepted,acceptance_rate,new_bests,infeasible_proposals,blackbox_calls,security_pct,raw_DD,raw_S,raw_V,raw_N,raw_P,raw_C,z_DD,z_S,z_V,z_N,z_P,z_C,sizes,n_covered,n_overlap
1,0.03441698973085059,0.17748526828562208,-0.018086094150938755,6.44538488329695,6.441016739184335,6.426482065239164,15,0.5,2,7,71,65.66466666666666,6.44538488329695,-0.16660040698060977,0.03876026438154145,9265.0,29.205833614753768,6.927702373355114,0.004293508541200181,0.26636761422997773,0.26974820393860655,0.1893158163095699,0.06683083528694986,-0.024678093289997777,47|40|5|40|6|41|42|5|6|17,85,52
2,0.03407281983354209,0.29350937285530787,-0.018086094150938755,6.455548935338708,6.441016739184335,6.426482065239164,8,0.26666666666666666,0,15,101,65.66466666666666,6.455548935338708,-0.16520888612452878,0.039107774928370975,9655.0,30.657120947560543,6.927747974133041,0.00700288852071009,0.38421500108535483,0.35212913570514803,0.571871092790048,0.09908730204662408,-0.02466355302079303,47|41|5|40|7|43|44|5|5|16,86,54
3,0.033732091635206664,0.28607304701564845,-0.018086094150938755,6.43979201474396,6.441016739184335,6.426482065239164,9,0.3,0,13,131,65.56333333333333,6.43979201474396,-0.16564436368468766,0.03920297505622906,9619.0,32.34346160810815,6.927716735234973,0.0028026458396666434,0.3473345675118228,0.37469730035164406,0.5365582980380038,0.1365680890919026,-0.024673513859362492,47|40|5|40|6|43|45|5|5|15,86,54
4,0.0333947707188546,0.28881535727124985,-0.018086094150938755,6.427490065006762,6.441016739184335,6.426482065239164,5,0.16666666666666666,0,13,161,65.56333333333333,6.427490065006762,-0.16538372860914213,0.039087561522685416,9568.0,32.34346160810815,6.927639464019086,-0.0004766227227101935,0.36940765570282436,0.3473373410107315,0.4865318388059413,0.1365680890919026,-0.024698152567995114,49|38|5|41|6|41|45|5|5|15,87,53
5,0.03306082301166605,0.40833756652628467,-0.018086094150938755,6.442542806876809,6.441016739184335,6.420984183403691,12,0.4,0,13,191,65.56333333333333,6.442542806876809,-0.16369000557833496,0.039629277687875324,9786.0,34.38509261385601,6.925862347408243,0.003535910594895843,0.5128484330114305,0.4757567022315412,0.7003704292488752,0.18194559717299477,-0.02526480417142255,50|39|6|40|6|41|46|6|8|14,89,56
6,0.032730214781549395,0.4327688794807981,-0.018086094150938755,6.461393930251853,6.441016739184335,6.407834123926722,8,0.26666666666666666,0,11,221,65.56333333333333,6.461393930251853,-0.16284522931427864,0.039676364835601906,9542.0,35.05299520086567,6.926779113604055,0.008560959271720507,0.5843922225000526,0.4869191925194907,0.46102815370724276,0.19679047117524434,-0.02497248399859027,47|39|6|40|5|43|44|7|11|14,89,57
7,0.0324029126337339,0.41934702461436896,-0.018086094150938755,6.460243875036353,6.441016739184335,6.407834123926722,8,0.26666666666666666,0,14,251,65.56333333333333,6.460243875036353,-0.16305483486332167,0.039934055377675685,9495.0,35.086710507133084,6.9267541453634625,0.008254394865772532,0.5666408060428993,0.5480073728844939,0.4149253383365185,0.1975398311615979,-0.02498044537460809,49|37|6|40|5|43|43|7|11|14,90,58
8,0.03207888350739656,0.40449689829836755,-0.018086094150938755,6.448741250688702,6.441016739184335,6.407834123926722,9,0.3,0,12,281,65.56333333333333,6.448741250688702,-0.16388695623280317,0.03963512426021623,9675.0,35.25321477537232,6.951500592830542,0.005188198432370726,0.4961687548972972,0.47714269204243676,0.5914893120967392,0.20124057275314455,-0.01708979033779592,49|37|5|40|5|43|45|8|11|14,92,59
9,0.031758094672322594,0.5416327535302605,-0.018086094150938755,6.455401174818909,6.441016739184335,6.407834123926722,13,0.43333333333333335,0,5,311,65.56333333333333,6.455401174818909,-0.16194552699096823,0.039164277453169104,10156.0,35.791980131382275,6.951387345896969,0.006963500745789092,0.6605876796407052,0.3655236374907739,1.0633074864226622,0.21321522891154218,-0.017125900267836978,50|36|5|42|5|42|49|8|11|14,96,60
10,0.03144051372559937,0.6187981965394885,-0.018086094150938755,6.466027399850408,6.441016739184335,6.1364851817811985,7,0.23333333333333334,0,16,341,65.56333333333333,6.466027399850408,-0.16095042125641826,0.039508211044126454,10335.0,37.10735546513607,6.951507481014181,0.009796079843163706,0.7448628164085361,0.44705661525900864,1.2388905492175482,0.24245090111138606,-0.017087593970782244,50|34|5|42|6|43|51|8|12|14,98,61
11,0.031126108588343374,0.7247596084023711,-0.018086094150938755,6.425965568945876,6.441016739184335,6.1364851817811985,14,0.4666666666666667,0,1,371,65.56333333333333,6.425965568945876,-0.15908214793645747,0.03897070011641211,10712.0,37.162144731265684,6.951128530082004,-0.0008829999322362697,0.9030861931742118,0.31963414862081646,1.6086939831486768,0.24366865317312217,-0.017208426307854664,53|32|5|44|6|42|52|7|14|13,100,63
12,0.03081484750245994,0.8651811968053877,-0.018086094150938755,6.436908605320857,6.441016739184335,6.1364851817811985,13,0.43333333333333335,0,5,401,65.47866666666667,6.436908605320857,-0.15704498814908802,0.03904206799706663,11012.0,39.12650422598947,6.951028444155389,0.002034029963676673,1.0756125024272964,0.33655263515356215,1.9029672727490448,0.287328716424046,-0.0172403397177293,52|34|5|45|6|44|52|7|16|11,103,63
13,0.03050669902743534,0.933538085758432,-0.018086094150938755,6.452107984429813,6.441016739184335,6.1364851817811985,12,0.4,0,11,431,65.354,6.452107984429813,-0.1565155106625991,0.03882521685228073,11411.0,39.372113323862294,6.951133985744591,0.00608565162889424,1.1204537550098872,0.28514585189162206,2.294350747917534,0.2927876503803469,-0.017206686714665288,54|34|5|46|6|45|52|8|15|12,107,63
14,0.030201632037160985,1.0369784988323363,-0.018086094150938755,6.451780953853192,6.441016739184335,6.097604400863857,14,0.4666666666666667,0,7,461,65.354,6.451780953853192,-0.15468838468406756,0.03833343146794023,11598.0,40.07539261250818,6.951131858946293,0.005998476741030266,1.2751923786421184,0.1685630932940506,2.4777810984350963,0.3084188107192856,-0.017207364865811127,54|34|5|46|6|44|54|8|17|12,108,65
15,0.029899615716789375,1.0432249398785653,-0.018086094150938755,6.450848029626801,6.441016739184335,6.097604400863857,10,0.3333333333333333,0,9,491,65.354,6.450848029626801,-0.15527248220529893,0.038680204250027016,11782.0,41.261432860524074,6.951127702502296,0.00574979184538045,1.225725375510249,0.25076913037757853,2.6582687160566554,0.3347798675348032,-0.017208690190013868,56|33|5|46|5|45|53|8|18|13,110,65
16,0.029600619559621483,1.0544921327916317,-0.018086094150938755,6.449864601584442,6.441016739184335,6.097604400863857,13,0.43333333333333335,0,9,521,65.354,6.449864601584442,-0.1547452435856542,0.038803820417247566,11549.0,42.34779196661199,6.95103974786831,0.0054876444027748125,1.2703770192875177,0.28007360798249303,2.4297164611337028,0.35892540067800466,-0.017236735414549405,55|33|5|45|6|44|52|9|22|12,111,67
17,0.02930461336402527,1.1265593873336288,-0.018086094150938755,6.452177212913677,6.441016739184335,6.097604400863857,17,0.5666666666666667,0,10,551,65.354,6.452177212913677,-0.15379334407105666,0.03928022491604082,11537.0,45.253183503483214,6.951241132734708,0.006104105515928815,1.350993037260943,0.3930101702434742,2.417945529549688,0.42350094227780377,-0.017172521813284217,55|32|5|44|7|43|53|10|24|12,114,69
18,0.029011567230385015,1.2003705080458624,-0.018086094150938755,6.476765731631074,6.441016739184335,6.097604400863857,12,0.4,0,7,581,65.354,6.476765731631074,-0.1527162225388517,0.04004568087705322,11674.0,45.99377032233912,6.951100070372046,0.012658542670030434,1.442214061610884,0.5744693399572169,2.5523303318005226,0.4399613037548641,-0.01721750097418896,55|30|5|44|8|45|53|11|25|12,115,69
19,0.028721451558081163,1.2842419129552978,-0.018086094150938755,6.492615415735841,6.441016739184335,6.097604400863857,12,0.4,0,9,611,65.354,6.492615415735841,-0.1514844978876494,0.039804367830541275,11995.0,45.63279833013068,6.951185004383266,0.016883512851074874,1.5465283669518408,0.5172636125326938,2.867202751672916,0.4319383018277915,-0.0171904189057701,56|30|5|45|8|46|53|10|26|12,120,70
20,0.02843423704250035,1.212410244889488,-0.018086094150938755,6.506684643617189,6.441016739184335,6.097604400863857,12,0.4,0,8,641,65.354,6.506684643617189,-0.15296878752325754,0.039889184419836014,11825.0,45.985673784499426,6.951334925430489,0.020633875815793873,1.420824426454984,0.5373702530911121,2.700447887566041,0.43978134924290035,-0.017142615063704802,55|27|5|46|8|46|53|11|26|12,120,70
21,0.02814989467207535,1.3192321095234514,-0.018086094150938755,6.518560448976883,6.441016739184335,6.097604400863857,14,0.4666666666666667,0,9,671,65.354,6.518560448976883,-0.15238979164650587,0.04024037530409931,12245.0,49.40352396990674,6.951069644637571,0.023799549225367134,1.469859373201949,0.6206236465132066,3.112430493006556,0.5157468513202316,-0.017227202527323127,57|29|5|44|9|46|53|12|30|12,124,71
22,0.027868395725354593,1.3769351025016094,-0.018086094150938755,6.55787459722381,6.441016739184335,6.097604400863857,16,0.5333333333333333,0,4,701,65.28133333333332,6.55787459722381,-0.15143931044728148,0.04016923419726691,12062.0,51.651443008582774,6.950722754212734,0.03427932301382206,1.5503552745707745,0.6037589190359389,2.9329237863503317,0.5657093391821347,-0.017337812047400956,56|29|5|44|9|45|52|11|32|13,123,70
23,0.027589711768101047,1.4669054024814274,-0.018086094150938755,6.539191536948327,6.441016739184335,6.097604400863857,11,0.36666666666666664,0,10,731,65.23733333333334,6.539191536948327,-0.14991656912139417,0.04036892146198488,12291.0,52.36175226248916,6.951436442138798,0.029299074067987877,1.67931567450176,0.6510968288618771,3.157552397411946,0.5814967482773472,-0.01711024543461747,57|29|5|45|8|45|52|10|33|13,125,70
24,0.027313814650420036,1.4641255064608811,-0.018086094150938755,6.529321238359066,6.441016739184335,6.097604400863857,10,0.3333333333333333,0,11,761,65.23733333333334,6.529321238359066,-0.1502242930938058,0.041061825886160544,12254.0,53.84909844488074,6.951324214817826,0.026667998461560403,1.6532546450439618,0.8153569142305999,3.121258691694567,0.6145546628666354,-0.017146030250869165,58|31|5|42|9|45|51|9|34|14,125,70
25,0.027040676503915836,1.2277288235771453,-0.018086094150938755,6.516372415894898,6.441016739184335,6.097604400863857,14,0.4666666666666667,0,7,791,65.23733333333334,6.516372415894898,-0.15512622955839778,0.04074993694432983,12376.0,50.48615829567999,6.951525129549378,0.023216296305913237,1.238111458106614,0.7414204485028447,3.2409298294653834,0.5398095970996276,-0.017081966556854313,60|28|5|41|6|45|53|8|34|14,126,69
26,0.026770269738876678,0.8052156829373442,-0.018086094150938755,6.711663379909322,6.441016739184335,6.097604400863857,9,0.3,0,6,821,65.15933333333334,6.711663379909322,-0.15984490358315803,0.03770057478135103,12470.0,24.867608099097268,6.956042862373843,0.07527402150311235,0.8384886994463764,0.018537938686357138,3.3331354602068317,-0.029591026861540096,-0.015641441757738853,58|28|5|42|6|45|54|8|36|14,127,71
27,0.02650256704148791,0.8184670490863069,-0.018086094150938755,6.716636293369841,6.441016739184335,6.097604400863857,14,0.4666666666666667,0,5,851,65.15933333333334,6.716636293369841,-0.16016514030792922,0.037038978604263625,12836.0,23.938948365014447,6.9554471803584015,0.0765996259091513,0.8113679696172198,-0.13830020628188422,3.6921488735192804,-0.05023151697424384,-0.015831380992521214,59|28|5|43|5|43|55|9|39|14,127,75
28,0.026237541371073033,0.9365228197283251,-0.018086094150938755,6.721503650795108,6.441016739184335,6.097604400863857,17,0.5666666666666667,0,7,881,65.15933333333334,6.721503650795108,-0.1589415806221834,0.036523555838548764,13329.0,25.41525000982958,6.956587277210616,0.07789709277639656,0.9149907870522611,-0.2604864480540148,4.175737979429218,-0.017419079452905703,-0.015467849581341954,58|30|5|47|5|42|54|9|43|14,129,77
29,0.025975165957362302,0.8977336702264738,-0.018086094150938755,6.664569064249047,6.441016739184335,6.097604400863857,13,0.43333333333333335,0,4,911,65.15933333333334,6.664569064249047,-0.15932633612021102,0.036275258252618556,13275.0,25.235258494950028,6.956444207596524,0.06272032781141818,0.8824059861686466,-0.31934793203178796,4.122768787301152,-0.021419590024101272,-0.01551346877466456,58|29|5|49|6|41|53|10|43|13,129,78
30,0.025715414297788678,0.9425841523561672,-0.018086094150938755,6.673132284166363,6.441016739184335,6.097604400863857,13,0.43333333333333335,0,4,941,65.15933333333334,6.673132284166363,-0.1586513359345591,0.03574869449763811,13393.0,25.451758469821534,6.956471458763939,0.06500298206277356,0.9395715023435212,-0.444175259333188,4.23851628121063,-0.016607638534517882,-0.015504779464341981,57|29|5|51|5|41|53|12|43|13,128,80
31,0.025458260154810793,1.0672980485593597,-0.018086094150938755,6.71195382131446,6.441016739184335,6.097604400863857,17,0.5666666666666667,0,2,971,65.15933333333334,6.71195382131446,-0.15683841206235954,0.03616537705308637,13396.0,28.799665298884122,6.9570846990316415,0.07535144300047072,1.0931073548410235,-0.34539639497391406,4.241459014106634,0.05780329505868656,-0.015309241603258802,57|33|5|48|6|39|53|13|45|13,128,81
32,0.025203677553262683,1.0359375253091763,-0.018086094150938755,6.649814352829975,6.441016739184335,6.097604400863857,17,0.5666666666666667,0,4,1001,65.232,6.649814352829975,-0.15927280838300362,0.03658067176494963,14378.0,28.070302461742294,6.957509551297343,0.058787238964761165,0.8869392304435041,-0.24694653314052467,5.20471358206517,0.0415923989940825,-0.015173773161789904,57|33|5|52|5|42|55|12|47|12,132,81
33,0.024951640777730055,1.053832914935632,-0.018086094150938755,6.643650339937714,6.441016739184335,6.097604400863857,9,0.3,0,6,1031,65.232,6.643650339937714,-0.15931019543140018,0.03660423897532054,14564.0,28.329302196281375,6.957499673922959,0.05714412920350441,0.883772935136814,-0.24135968472050798,5.387163021617399,0.04734895466646405,-0.015176922662502632,58|33|5|52|5|43|54|12|48|12,135,80
34,0.024702124369952755,0.9556604573899821,-0.018086094150938755,6.585371178214461,6.441016739184335,6.097604400863857,14,0.4666666666666667,0,9,1061,65.232,6.585371178214461,-0.15943338272996016,0.03784768636458796,13994.0,29.150240078542737,6.765364422812544,0.04160894762957299,0.8733402483641899,0.05341224512475839,4.8280437713766995,0.0655952074327635,-0.07644119055147534,57|32|5|52|5|42|52|13|47|11,134,80
35,0.024455103126253225,0.9673983375352356,-0.018086094150938755,6.674786471017783,6.441016739184335,6.097604400863857,11,0.36666666666666664,0,9,1091,64.80999999999999,6.674786471017783,-0.15914991775077705,0.03913511299000803,13644.0,29.864189294434265,6.779774211888753,0.06544393029082203,0.897346792654029,0.3586099030110572,4.484724933509605,0.08146351871055973,-0.07184648357768238,58|32|6|48|5|43|52|13|45|12,135,79
36,0.024210552094990692,0.8829486301461602,-0.018086094150938755,6.691891689360075,6.441016739184335,6.097604400863857,11,0.36666666666666664,0,9,1121,64.76933333333334,6.691891689360075,-0.16067754723836072,0.03940102121950774,13538.0,28.54575247859671,6.784336363121721,0.07000358188758174,0.7679724161161353,0.42164617028533824,4.380748371184141,0.052159801684003824,-0.07039179551981055,59|31|5|47|6|45|48|12|47|12,133,79
37,0.023968446574040785,0.8404647974586991,-0.018086094150938755,6.6837280289401315,6.441016739184335,6.097604400863857,6,0.2,0,6,1151,64.928,6.6837280289401315,-0.16093770458753423,0.039354808570002404,13378.0,27.322268280981525,6.784335411776068,0.06782743619190444,0.745939786394964,0.4106909887508979,4.2238026167306115,0.02496651165849558,-0.07039209886599299,57|31|5|47|6|45|48|12|48|11,133,78
38,0.023728762108300376,0.8709178752657145,-0.018086094150938755,6.663872723517681,6.441016739184335,6.097604400863857,9,0.3,0,5,1181,65.074,6.663872723517681,-0.15970081821382093,0.03929270801946384,13220.0,27.36536075889274,6.774234340353152,0.06253470778224772,0.8506912361070855,0.39596941766980054,4.068818684207751,0.025924289660076337,-0.07361292764177842,55|31|5|49|7|45|48|10|47|11,132,78
39,0.023491474487217372,0.7246893002763729,-0.018086094150938755,6.652091240183276,6.441016739184335,6.097604400863857,14,0.4666666666666667,0,4,1211,65.11266666666668,6.652091240183276,-0.16316650697175303,0.039605891068631834,12911.0,30.510888631104187,6.768085157610728,0.05939417731821401,0.5571833364650955,0.4702126647865622,3.7657171959193723,0.0958371270135091,-0.07557365674616122,52|32|5|48|6|45|48|8|48|11,131,77
40,0.0232565597423452,0.7161765052341308,-0.018086094150938755,6.656821091427319,6.441016739184335,6.097604400863857,13,0.43333333333333335,0,3,1241,65.04066666666667,6.656821091427319,-0.16359994437487513,0.038796078536177635,13192.0,28.697912721446713,6.775388164449827,0.06065498985774252,0.5204756830367612,0.2782383158396059,4.041353177178384,0.05554173144021738,-0.07324501915987877,53|32|5|47|5|45|51|7|48|11,132,77
41,0.023023994144921747,0.6897868493622921,-0.018086094150938755,6.664751756729562,6.441016739184335,6.097604400863857,12,0.4,0,13,1271,65.08133333333333,6.664751756729562,-0.16469188818926694,0.038881180128766,13503.0,27.546535589673,6.775535251317351,0.06276902722254687,0.42799936508822256,0.29841251934568014,4.346416487397431,0.02995110073645404,-0.07319811902467266,55|33|5|45|5|46|53|6|47|12,134,78
42,0.02279375420347253,0.7614307821937737,-0.018086094150938755,6.648727474678494,6.441016739184335,6.097604400863857,12,0.4,0,6,1301,65.08133333333333,6.648727474678494,-0.16333223523947474,0.03896294842916096,13614.0,28.221498690165127,6.775235303480444,0.05849751534944597,0.5431478707415871,0.31779653182230816,4.455297604549568,0.044952902463011056,-0.07329376042585632,56|34|5|44|5|44|54|6|48|12,134,79
43,0.022565816661437803,0.848873720899678,-0.018086094150938755,6.665807505324209,6.441016739184335,6.097604400863857,13,0.43333333333333335,0,5,1331,65.08133333333333,6.665807505324209,-0.1620662174111929,0.03924288207486485,13687.0,30.20840859291141,6.7754825893127055,0.06305045278923817,0.6503664525712012,0.38415766755268355,4.52690410501899,0.08911417348330744,-0.07321491083742694,56|33|5|43|5|45|54|10|49|11,135,81
44,0.022340158494823424,0.9368480845987754,-0.018086094150938755,6.662069149889279,6.441016739184335,6.097604400863857,9,0.3,0,7,1361,65.08133333333333,6.662069149889279,-0.1602285125083582,0.03938522134277771,13638.0,31.57265446404407,6.780495010222756,0.06205393827612071,0.8060010013916308,0.41790064780064917,4.478839467717597,0.11943604744957902,-0.07161664973941971,57|30|5|43|6|43|56|13|48|11,135,82
45,0.02211675690987519,0.9361571142341727,-0.018086094150938755,6.680466364717757,6.441016739184335,6.097604400863857,11,0.36666666666666664,0,5,1391,64.61,6.680466364717757,-0.15949616649765255,0.03962238676616358,13212.0,31.703346744646687,6.803880421670805,0.06695799084592648,0.868023114289519,0.47412313871376327,4.060971396485074,0.12234082799145231,-0.06415997480149377,57|32|6|44|5|42|52|11|47|12,134,81
46,0.02189558934077644,0.878105589785547,-0.018086094150938755,6.691052259085976,6.441016739184335,6.097604400863857,10,0.3333333333333333,0,7,1421,64.882,6.691052259085976,-0.1608835113568635,0.039601368248941206,13106.0,32.53237019185657,6.797973024548948,0.06977981920223787,0.7505293910651981,0.4691404840895293,3.9569948341596115,0.14076679138506829,-0.06604360811557031,57|33|6|44|5|42|51|11|46|13,135,81
47,0.021676633447368674,0.8684355606240245,-0.018086094150938755,6.698290369513351,6.441016739184335,6.097604400863857,13,0.43333333333333335,0,5,1451,64.64666666666668,6.698290369513351,-0.16086035405708177,0.039784647369828806,12740.0,34.621766912947585,6.7986110290970485,0.07170924571450309,0.7524905742224443,0.5125886754892561,3.5979814208471628,0.18720594534040555,-0.06584017391323971,57|31|5|42|5|40|52|10|46|14,135,78
48,0.021459867112894986,0.987010862108462,-0.018086094150938755,6.748049008643981,6.441016739184335,6.097604400863857,10,0.3333333333333333,0,5,1481,63.48266666666666,6.748049008643981,-0.15995208846530426,0.03948141956223428,13004.0,38.13248075942935,6.810780971650306,0.08497315464711303,0.8294112514037296,0.44070542027566134,3.8569419156954865,0.26523544503482915,-0.06195966465495827,57|31|5|44|5|38|52|10|48|16,135,79
49,0.021245268441766035,0.9267532491633763,-0.018086094150938755,6.623573846330672,6.441016739184335,6.097604400863857,9,0.3,0,7,1511,62.85600000000001,6.623573846330672,-0.16080958147821273,0.03959754736461364,13100.0,38.121956998350576,6.810365058219107,0.051792439777456435,0.7567904851562094,0.46823470435435677,3.951109368367604,0.26500154280075694,-0.062092282858647395,58|31|5|44|5|38|52|9|48|16,136,78
50,0.021032815757348375,0.8793325141795183,-0.018086094150938755,6.613631980270097,6.441016739184335,6.097604400863857,9,0.3,0,9,1541,62.85600000000001,6.613631980270097,-0.16293507509719074,0.04001328812177712,13375.0,39.69082924128382,6.8155274480808865,0.049142286791932055,0.5767832163612684,0.5667903057912693,4.220859883834608,0.29987146429072115,-0.060446202643738615,59|27|5|43|5|40|55|9|48|16,136,78
51,0.02082248759977489,0.8486805896021213,-0.018086094150938755,6.60600884092616,6.441016739184335,6.097604400863857,10,0.3333333333333333,0,7,1571,62.85600000000001,6.60600884092616,-0.16407585558036863,0.03985006626607564,13576.0,39.688224592636644,6.815520617684007,0.04711022506747194,0.4801709389881834,0.5280968943825272,4.418022987866854,0.2998135730926041,-0.06044838058485966,57|27|5|42|5|40|58|8|50|16,136,79
52,0.02061426272377714,0.8370578319313068,-0.018086094150938755,6.614774620264129,6.441016739184335,6.097604400863857,5,0.16666666666666666,0,11,1601,62.85600000000001,6.614774620264129,-0.16415158388400924,0.03998189202401087,13469.0,39.66581124891482,6.8154712033318505,0.04944687455977286,0.47375753694966094,0.5593475394884503,4.313065514576056,0.2993154117289698,-0.060464136850774404,58|28|5|41|5|39|57|8|50|16,137,79
53,0.02040812009653937,0.8225148123001652,-0.018086094150938755,6.614129807463413,6.441016739184335,6.097604400863857,6,0.2,0,9,1631,62.85600000000001,6.614129807463413,-0.16430046108524707,0.03994936218794455,13378.0,39.70078674847854,6.818423266643316,0.04927499007063272,0.46114918181682313,0.5516360089182123,4.2238026167306115,0.3000927809056843,-0.05952284160956475,58|27|5|42|5|37|57|8|50|17,136,79
54,0.020204038895573973,0.851553049381582,-0.018086094150938755,6.573043578842047,6.441016739184335,6.097604400863857,13,0.43333333333333335,0,6,1661,63.34533333333333,6.573043578842047,-0.16423933768357263,0.03978996979307732,13655.0,40.60129956260571,6.819824794446136,0.038322841773580155,0.466325700107272,0.5138504103933298,4.495514954128284,0.32010767457899736,-0.059075950295922136,59|26|5|43|5|35|58|9|52|15,137,79
55,0.020001998506618233,0.7454839925308178,-0.018086094150938755,6.600504708690048,6.441016739184335,6.097604400863857,11,0.36666666666666664,0,7,1691,63.34533333333333,6.600504708690048,-0.16575025127249332,0.040266637148588,13278.0,39.43099892743641,6.8234381773519095,0.045643016357419186,0.33836698684726785,0.6268492855294157,4.1257115201971555,0.29409644807421115,-0.0579237866141128,60|26|5|41|5|36|57|10|49|15,138,78
56,0.01980197852155205,0.711335754757437,-0.018086094150938755,6.596933008749547,6.441016739184335,5.391984953070677,11,0.36666666666666664,0,7,1721,63.34533333333333,6.596933008749547,-0.16550166323049204,0.04020225316072161,13044.0,37.67659435023064,6.815456906771332,0.04469092635710701,0.35941981622120367,0.6115864022596295,3.896178354308869,0.25510286517136016,-0.0604686954536775,57|28|5|41|5|35|57|9|50|15,137,79
57,0.019603958736336528,0.6574551066485834,-0.018086094150938755,6.597497647168524,6.441016739184335,5.391984953070677,8,0.26666666666666666,0,13,1751,63.34533333333333,6.597497647168524,-0.16649140039299545,0.0404915499772513,12904.0,37.70568334586457,6.8235392110785344,0.044841439166541014,0.275599341835231,0.6801671734628163,3.7588508191620305,0.25574940028506754,-0.05789157098861982,59|28|5|40|5|36|54|9|50|14,137,79
58,0.019407919148973163,0.6701365952184789,-0.018086094150938755,6.587185678813202,6.441016739184335,5.391984953070677,14,0.4666666666666667,0,7,1781,63.34533333333333,6.587185678813202,-0.16586321268811902,0.04032363388887238,12925.0,36.58036041309437,6.818995941256647,0.04209262988295374,0.328800326319833,0.6403609461541697,3.7794499494340563,0.23073785298202634,-0.05934023851762024,61|28|5|41|5|35|52|8|50|14,137,79
59,0.019213839957483433,0.7020306212459431,-0.018086094150938755,6.57629740485699,6.441016739184335,5.391984953070677,10,0.3333333333333333,0,8,1811,63.83666666666667,6.57629740485699,-0.16482485435078073,0.04005105286023602,13032.0,34.92237765920698,6.811198600960455,0.039190197728220584,0.4167385100272922,0.5757428235509394,3.884407422724854,0.19388735178909536,-0.061826499325913456,60|30|6|41|6|35|53|7|50|14,137,81
60,0.0190217015579086,0.6909985833464514,-0.018086094150938755,6.581612180437808,6.441016739184335,5.391984953070677,14,0.4666666666666667,0,5,1841,63.7,6.581612180437808,-0.16439484327581053,0.040199827921028095,12652.0,35.56781640013487,6.807713131167227,0.040606930591757226,0.45315598899115817,0.6110114743688595,3.5116612558977214,0.20823294195688227,-0.06293787661819658,59|31|6|40|7|33|52|6|50|14,137,80
61,0.018831484542329514,0.7529168026763815,-0.018086094150938755,6.58063937467964,6.441016739184335,5.391984953070677,9,0.3,0,6,1871,64.26333333333334,6.58063937467964,-0.16347382879010797,0.039291042368726124,12957.0,35.395172795926186,6.777468898128473,0.04034761467775924,0.5311563652856823,0.39557455811511144,3.810839100324762,0.20439574683049905,-0.07258155618388937,59|30|5|40|7|35|54|6|50|15,138,81
62,0.018643169696906218,0.6821372815997,-0.018086094150938755,6.63379864569387,6.441016739184335,5.391984953070677,8,0.26666666666666666,0,7,1901,63.47733333333334,6.63379864569387,-0.16591107143890527,0.039228167369117564,13156.0,34.90332432561334,6.803815750713993,0.054518012863400835,0.3247471864091553,0.3806693959557741,4.006040382426339,0.19346387036826906,-0.06418059579009355,61|30|5|40|5|35|53|5|51|15,138,81
63,0.018456737999937155,0.6828281679217777,-0.018086094150938755,6.564387734337199,6.441016739184335,5.391984953070677,10,0.3333333333333333,0,8,1931,63.51533333333334,6.564387734337199,-0.16547700603613408,0.03945394272195481,13177.0,34.764156238307606,6.805695272238901,0.036015497054088685,0.3615080248955991,0.4341917540722194,4.026639512698365,0.1903707056442974,-0.06358129134419128,61|29|5|40|5|33|55|5|51|15,138,81
64,0.018272170619937782,0.6451701599190969,-0.018086094150938755,6.492000370465146,6.441016739184335,5.391984953070677,11,0.36666666666666664,0,7,1961,63.11000000000001,6.492000370465146,-0.16643697948456584,0.039544516590321696,13436.0,34.45465002528803,6.8077136429069345,0.016719563341955058,0.28020822845069104,0.4556632165582908,4.280695452720016,0.1834915876044049,-0.06293771344481561,61|28|5|41|5|34|57|5|51|13,139,81
65,0.018089448913738405,0.632377002694183,-0.018086094150938755,6.434009361661847,6.441016739184335,5.391984953070677,12,0.4,0,5,1991,63.298,6.434009361661847,-0.16624680654302912,0.03942028680867039,13410.0,34.15226443832203,6.810995147477741,0.0012611932354533273,0.2963139045623821,0.4262132753724519,4.255191767621318,0.1767707333572245,-0.06189137252641087,61|29|5|41|5|33|59|5|49|11,141,80
66,0.01790855442460102,0.6163636059449329,-0.018086094150938755,6.406570718005577,6.441016739184335,5.391984953070677,8,0.26666666666666666,0,6,2021,63.78733333333333,6.406570718005577,-0.1668807303821182,0.039480893123488355,13644.0,33.75137003045466,6.80877483774789,-0.006052987317910388,0.24262712899196334,0.4405806225830366,4.484724933509605,0.16786041156966794,-0.0625993407378658,61|29|5|40|5|35|59|5|51|10,141,83
67,0.01772946888035501,0.5435017460078566,-0.018086094150938755,6.411861504026509,6.441016739184335,5.391984953070677,9,0.3,0,11,2051,64.26066666666667,6.411861504026509,-0.1681412505406898,0.03998117909406431,13362.0,34.60590432272784,6.79164820033241,-0.0046426492300995804,0.1358741427776187,0.5591785321480472,4.208108041285259,0.18685338172148658,-0.06806034228024457,58|28|5|39|6|35|59|6|53|9,141,82
68,0.01755217419155146,0.34324628615277847,-0.018086094150938755,6.3803795767813485,6.441016739184335,5.391984953070677,11,0.36666666666666664,0,8,2081,64.26066666666667,6.3803795767813485,-0.17315482474551733,0.04069668183990774,13667.0,33.75898313316753,6.791205919415206,-0.013034627453350644,-0.2887236031077377,0.7287957809534927,4.5072858857122995,0.16802962120103768,-0.06820136802350175,62|26|5|35|6|35|61|5|53|9,141,82
69,0.017376652449635946,0.3410682869266145,-0.018086094150938755,6.4221636854068755,6.441016739184335,5.391984953070677,11,0.36666666666666664,0,6,2111,63.83933333333334,6.4221636854068755,-0.17300125307768227,0.04074820305070419,13333.0,34.923887807688146,6.791191096817625,-0.0018964488109586687,-0.27571767533432745,0.7410094112731328,4.179661623290556,0.1939209165100047,-0.06820609435864217,61|26|5|35|5|35|59|5|53|11,141,82
70,0.017202885925139588,0.26240389581365503,-0.018086094150938755,6.399193690780431,6.441016739184335,5.391984953070677,8,0.26666666666666666,0,10,2141,63.83933333333334,6.399193690780431,-0.17404499276966695,0.04103523965868346,13154.0,33.95436999465671,6.791116944666834,-0.008019444178815246,-0.36411160397729964,0.8090543769070534,4.00407856049567,0.1723723103849319,-0.06822973852182568,60|26|5|34|5|35|59|6|53|11,142,81
71,0.01703085706588819,0.260603167729428,-0.018086094150938755,6.397014862865089,6.441016739184335,5.391984953070677,6,0.2,0,2,2171,63.83933333333334,6.397014862865089,-0.17430383526730586,0.04104599709363397,13250.0,33.98148100370656,6.791259185236205,-0.008600243323523741,-0.3860328794081074,0.8116045369603981,4.098246013167788,0.1729748825582496,-0.06818438367779649,61|27|5|33|5|35|59|5|53|11,142,81
72,0.01686054849522931,0.2778050018639112,-0.018086094150938755,6.412592689671821,6.441016739184335,5.391984953070677,12,0.4,0,6,2201,63.522000000000006,6.412592689671821,-0.17432831597897075,0.04146634810977034,13647.0,31.598491520984517,6.801458557088961,-0.004447740768338887,-0.3881061418284724,0.9112530474711132,4.487667666405608,0.12001030462769102,-0.06493221081584005,61|28|6|30|5|36|62|5|54|10,143,81
73,0.016691943010277016,0.24654491977169188,-0.018086094150938755,6.4545078894000465,6.441016739184335,5.391984953070677,11,0.36666666666666664,0,5,2231,63.396,6.4545078894000465,-0.17514672316617236,0.041586845952919074,13492.0,32.0370863331473,6.817466131550459,0.006725382166711534,-0.4574167439469328,0.9398182944399224,4.335626466778751,0.12975855961461577,-0.05982803381347249,61|27|5|31|5|37|60|5|54|11,142,81
74,0.016525023580174245,0.22163691398567753,-0.018086094150938755,6.411284760665887,6.441016739184335,5.391984953070677,8,0.26666666666666666,0,10,2261,63.522000000000006,6.411284760665887,-0.17570821761500804,0.04179134305666623,13589.0,32.11634272134956,6.8174318029689065,-0.004796388792644483,-0.5049695012339818,0.9882964258346333,4.430774830416204,0.13152012053625198,-0.059838979828866996,63|25|5|30|5|37|61|5|53|11,142,81
75,0.016359773344372504,0.13593395003737307,-0.018086094150938755,6.4135220119335425,6.441016739184335,5.391984953070677,9,0.3,0,7,2291,63.522000000000006,6.4135220119335425,-0.1774362305191618,0.04208670818750232,13418.0,32.444146406211445,6.817455186267801,-0.00420001603020526,-0.6513142752393225,1.0583157530510814,4.263039055343994,0.1388059201332184,-0.059831523827538126,63|26|5|28|5|34|61|5|54|11,141,80
76,0.01619617561092878,0.18091004529607957,-0.018086094150938755,6.412184164084928,6.441016739184335,5.391984953070677,8,0.26666666666666666,0,8,2321,63.522000000000006,6.412184164084928,-0.17631314498136144,0.04187084494918879,13403.0,32.3761751271767,6.817471519399969,-0.004556639369182217,-0.556200576248429,1.0071431631292704,4.248325390863975,0.1372951832493262,-0.059826315843168776,62|26|5|31|5|33|61|5|54|11,142,80
77,0.01603421385481949,0.15948847310331074,-0.018086094150938755,6.440646562381769,6.441016739184335,5.391984953070677,9,0.3,0,8,2351,63.522000000000006,6.440646562381769,-0.17761614405035694,0.04202811084395862,13623.0,32.78485950626393,6.817752723431747,0.003030438284245405,-0.6665510856820956,1.0444246530421304,4.464125803237579,0.14637864576651774,-0.05973665109380726,64|29|5|28|5|33|59|5|56|11,143,81
78,0.015873871716271297,0.15130049552670485,-0.018086094150938755,6.43847117907526,6.441016739184335,5.391984953070677,8,0.26666666666666666,0,8,2381,63.522000000000006,6.43847117907526,-0.1774779757548784,0.04204212542720966,13524.0,32.447603910130375,6.817753666622286,0.0024505573515032583,-0.6548496638189214,1.0477469534358137,4.367015617669457,0.1388827669833985,-0.05973635034796537,65|28|5|29|5|33|58|5|55|11,143,79
79,0.015715132999108584,0.15073452100598111,-0.018086094150938755,6.39326451337928,6.441016739184335,5.391984953070677,8,0.26666666666666666,0,5,2411,63.522000000000006,6.39326451337928,-0.178217203474966,0.042155713608267906,13907.0,32.92081115594236,6.817498581335301,-0.009599955030161117,-0.7174545861401952,1.0746741942882616,4.7427045173925935,0.14940032160537045,-0.0598176868714094,68|27|5|28|5|31|58|5|57|11,143,79
80,0.015557981669117498,0.019092383802230436,-0.018086094150938755,6.421105006069397,6.441016739184335,5.391984953070677,8,0.26666666666666666,0,7,2441,63.522000000000006,6.421105006069397,-0.18206134508326735,0.042369867385689354,14110.0,33.26030602014639,6.817691218140141,-0.002178655610953399,-1.0430135177657038,1.1254415390099108,4.941829443355509,0.15694597059901144,-0.059756262678041745,70|28|5|24|5|34|57|5|57|11,143,80
81,0.015402401852426322,0.047398740322143584,-0.018086094150938755,6.403422315394299,6.441016739184335,5.391984953070677,5,0.16666666666666666,0,5,2471,63.522000000000006,6.403422315394299,-0.1812040029315023,0.042155145545801874,14122.0,32.85900801575622,6.817681809538678,-0.006892241088688792,-0.9704055278926456,1.0745395292667819,4.953600374939524,0.14802667843217313,-0.059759262705767625,71|30|5|24|5|32|57|5|56|11,143,79
82,0.015248377833902059,0.10150728074858327,-0.018086094150938755,6.417315037008452,6.441016739184335,5.391984953070677,8,0.26666666666666666,0,6,2501,63.522000000000006,6.417315037008452,-0.1800563800206667,0.0420917571738335,14155.0,32.729514931847746,6.817753346695706,-0.0031889285074813527,-0.8732137678508802,1.0595126669353754,4.985970436795564,0.1451485513636876,-0.05973645235979094,69|31|5|25|5|33|56|5|58|12,143,80
83,0.015095894055563039,-0.030277402489751037,-0.03607041511152091,6.4487214410940465,6.43824634161655,5.391984953070677,10,0.3333333333333333,2,8,2531,63.522000000000006,6.4487214410940465,-0.18263740753507443,0.04185974399007057,14006.0,31.262860688451404,6.818074386648763,0.0051829178888492256,-1.0918000338386002,1.0045115671561287,4.839814702960715,0.11255053801332372,-0.05963408552406716,68|32|5|23|5|35|56|5|57|12,143,80
84,0.014944935115007408,-0.4087377665679484,-0.4087377665679484,6.374790146241627,6.374790146241627,5.391984953070677,10,0.3333333333333333,5,5,2561,63.522000000000006,6.374790146241627,-0.1906738867305779,0.04156938360101398,13827.0,31.420024252397056,6.801528527416374,-0.014524573701064252,-1.772406485814454,0.9356786652001735,4.664231640165829,0.11604367211685125,-0.06490990006933137,67|29|5|22|5|34|58|5|57|13,141,80
85,0.014795485763857334,-0.37017684564670794,-0.4087377665679484,6.394206270794798,6.374790146241627,5.391984953070677,9,0.3,0,4,2591,63.522000000000006,6.394206270794798,-0.19041315780048879,0.04150469132103991,14090.0,31.108121836681434,6.801609905716974,-0.009348915515932305,-1.7503254491168545,0.9203426981310066,4.922211224048818,0.10911129582074217,-0.06488395177520252,67|29|5|22|5|36|60|5|56|13,142,80
86,0.01464753090621876,-0.43584556234460325,-0.4453488792906227,6.391671874772682,6.391671874772682,5.391984953070677,9,0.3,5,8,2621,63.614,6.391671874772682,-0.19119381443236097,0.04116047959243004,13763.0,31.11861480605456,6.801752945565435,-0.010024496653677167,-1.8164389706608697,0.8387437849856068,4.601453338384417,0.10934451367508663,-0.06483834207295233,63|30|5|21|5|33|62|5|57|14,140,79
87,0.014501055597156573,-0.43822073601261047,-0.4623529261866609,6.387450969245519,6.377417355485604,5.391984953070677,9,0.3,3,5,2651,63.522000000000006,6.387450969245519,-0.19103848370764354,0.04140650412925395,13659.0,31.3348814629919,6.801568614753749,-0.011149642105876333,-1.8032840690104153,0.8970664194089234,4.499438597989623,0.11415127941542672,-0.06489711781640432,63|29|5|21|5|36|61|6|56|13,139,79
88,0.014356045041185006,-0.3988895428110475,-0.4623529261866609,6.40412110297826,6.377417355485604,5.391984953070677,10,0.3333333333333333,0,5,2681,63.434,6.40412110297826,-0.1902138296978352,0.04159259627786532,13583.0,32.036276642178805,6.799235175689352,-0.006705968814389671,-1.7334444257948458,0.9411814678208564,4.424889364624196,0.12974056333695216,-0.06564115846026114,62|29|5|21|7|35|60|5|58|13,141,80
89,0.014212484590773157,-0.5184133165217975,-0.5184133165217975,6.322227677480045,6.322227677480045,5.391984953070677,12,0.4,4,6,2711,64.422,6.322227677480045,-0.1912367430176573,0.041319315946565204,13527.0,27.6609270593923,6.797590645492658,-0.02853588532669925,-1.8200745766788917,0.8763975683640831,4.369958350565461,0.03249357772028794,-0.0661655335446848,63|29|5|21|5|38|58|5|57|12,141,80
90,0.014070359744865426,-0.5983395560934076,-0.5983395560934076,6.308033292920168,6.308033292920168,5.391984953070677,10,0.3333333333333333,4,4,2741,64.422,6.308033292920168,-0.19367008913195333,0.041002913658958556,13802.0,27.649438643285777,6.797902362213362,-0.032319610674620976,-2.026153759489057,0.8013911678277355,4.639708866032464,0.032238234960874,-0.06606613951588312,66|29|5|20|5|37|56|5|59|12,142,82
91,0.013929656147416772,-0.6345268722192301,-0.6345268722192301,6.312932485502057,6.312932485502057,5.391984953070677,10,0.3333333333333333,5,5,2771,64.422,6.312932485502057,-0.19418813889683476,0.04109539089565249,13604.0,27.99693473916498,6.797925864091031,-0.031013657670582853,-2.070027202553546,0.823313843255997,4.445488494896222,0.03996172018152018,-0.06605864570451286,64|28|5|20|5|37|56|5|60|12,141,82
92,0.013790359585942604,-0.6737958682088396,-0.6737958682088396,6.264782740958768,6.264782740958768,5.391984953070677,4,0.13333333333333333,3,5,2801,64.62266666666667,6.264782740958768,-0.19466292532685514,0.041082485901307184,13578.0,27.658501680136304,6.797814058127498,-0.04384869170505423,-2.1102366897831355,0.8202545822686463,4.419984809797524,0.032439670982743876,-0.06609429616668401,63|28|5|20|5|37|57|6|60|11,141,82
93,0.013652455990083178,-0.6923463328220975,-0.7139793898600836,6.259949258758287,6.259949258758287,5.391984953070677,4,0.13333333333333333,3,2,2831,64.62266666666667,6.259949258758287,-0.19475046276230037,0.041049080177324684,13449.0,27.57842884105785,6.797740885004232,-0.04513712862484767,-2.117650202828348,0.8123354135034917,4.293447295269365,0.03065996353701591,-0.06611762815704057,62|28|5|20|5|37|58|6|59|11,141,83
94,0.013515931430182346,-0.7623218567700953,-0.7667624034734375,6.308686269268676,6.312816975706137,5.391984953070677,11,0.36666666666666664,6,4,2861,64.14466666666667,6.308686269268676,-0.19629231644736117,0.04128021730347768,13201.0,28.178601145128155,6.7976107461644215,-0.03214555006980793,-2.248229221391885,0.867128834860183,4.050181375866394,0.043999457060245356,-0.06615912424221401,61|26|5|20|5|38|57|6|59|12,140,83
95,0.013380772115880523,-1.0352880533353206,-1.0352880533353206,6.217987162377367,6.217987162377367,5.391984953070677,9,0.3,5,6,2891,64.19066666666667,6.217987162377367,-0.20260941544592598,0.04013135439795583,13172.0,30.12096649850109,6.797400168196196,-0.056322752563572075,-2.7832220001449275,0.594779124923655,4.0217349578716926,0.08717067618405944,-0.0662262691569671,59|26|5|19|5|38|56|6|62|12,139,81
96,0.013246964394721717,-1.2450237181570243,-1.2689531017767748,6.217635887435601,6.239951731646611,5.391984953070677,9,0.3,4,1,2921,64.056,6.217635887435601,-0.2077348070071982,0.03862503977572679,13070.0,30.558140207933143,6.8760471210520855,-0.0564163901493118,-3.217289516608639,0.23769182715692702,3.921682039407567,0.09688734559040364,-0.041148892878703096,59|26|5|17|5|36|57|8|62|11,138,80
97,0.013114494750774499,-1.4467779349042975,-1.4467779349042975,6.088392292839175,6.088392292839175,5.391984953070677,7,0.23333333333333334,2,4,2951,64.056,6.088392292839175,-0.21155888804807743,0.03895731415097041,12912.0,31.479004187883774,6.875372108022403,-0.09086820191107872,-3.541149526195572,0.31646086851250593,3.7666981068847067,0.1173545664418473,-0.041364127609654404,58|24|5|17|5|36|57|10|62|12,138,81
98,0.012983349803266753,-1.6702165793849255,-1.7102522629647885,6.19766093242199,6.182949665384814,5.391984953070677,14,0.4666666666666667,4,2,2981,64.21,6.19766093242199,-0.21825111137989883,0.03573429740587119,13114.0,32.49780345742761,6.8733571458610845,-0.06174101294572628,-4.107911446048417,-0.4475882372853912,3.964842121882288,0.1399985074657551,-0.042006618672193595,58|24|5|15|6|37|55|10|65|13,139,81
99,0.012853516305234085,-1.9862328118621861,-1.9862328118621861,6.162679822179151,6.162679822179151,5.391984953070677,8,0.26666666666666666,4,1,3011,64.21,6.162679822179151,-0.22603962998182348,0.03179572287359085,13279.0,33.12189150849085,6.873302771552025,-0.0710657506943716,-4.767518207025265,-1.3812676400011605,4.12669243116249,0.1538695549276649,-0.04202395647052712,59|23|5|12|6|37|54|11|67|13,139,81
100,0.012724981142181744,-1.9353002372563661,-1.9862328118621861,6.3070386778594445,6.162679822179151,5.391984953070677,9,0.3,0,3,3041,62.73600000000001,6.3070386778594445,-0.22616140535592882,0.03150611453543779,13148.0,35.841049820258505,6.874807521639083,-0.03258474018416818,-4.7778313184378165,-1.4499222605934736,3.998193094703663,0.21430585704035146,-0.041544151687663525,58|21|5|13|7|36|55|11|67|13,139,80
101,0.012597731330759926,-2.1382047806486546,-2.1382047806486546,6.112886306352754,6.112886306352754,5.391984953070677,10,0.3333333333333333,4,3,3071,62.65933333333333,6.112886306352754,-0.23077905590085618,0.026547394227278975,13363.0,37.88987180688806,6.878100364712444,-0.0843389565314911,-5.1688984359394485,-2.6254376602920817,4.209088952250593,0.25984319262805544,-0.04049419537305247,58|23|6|10|6|35|56|12|68|13,140,80
102,0.012471754017452326,-2.2138042707465337,-2.2138042707465337,6.183465008523508,6.183465008523508,5.391984953070677,8,0.26666666666666666,3,3,3101,62.580666666666666,6.183465008523508,-0.23381449375003416,0.02433786056270646,13874.0,36.46337162303864,6.877159380070144,-0.0655251486273595,-5.425968545183079,-3.1492302292304752,4.710334455536553,0.22813764767989025,-0.040794237842469765,59|24|5|9|6|36|55|12|71|13,141,81
103,0.012347036477277803,-2.3644690140262337,-2.3644690140262337,6.13155949606198,6.13155949606198,5.391984953070677,6,0.2,3,2,3131,62.580666666666666,6.13155949606198,-0.23706350764341672,0.024052094297296617,14184.0,33.7923019076284,6.877321454650871,-0.07936133873261411,-5.7011263306512,-3.2169740471568304,5.014416854790266,0.16877016782924498,-0.04074255872333747,60|24|5|9|6|36|56|9|72|13,143,80
104,0.012223566112505024,-2.4826045494284648,-2.4826045494284648,6.081573654244479,6.081573654244479,5.391984953070677,7,0.23333333333333334,5,6,3161,62.73600000000001,6.081573654244479,-0.24038154944762885,0.02187703469627948,14590.0,33.452481198364154,6.875077618642059,-0.0926858119370884,-5.982130064367817,-3.732594186500263,5.412666706716097,0.1612172765686069,-0.04145802852676156,61|24|5|8|5|36|55|8|75|13,144,80
105,0.012101330451379974,-2.545717779113314,-2.545717779113314,6.076374779779468,6.076374779779468,5.391984953070677,5,0.16666666666666666,4,3,3191,62.73600000000001,6.076374779779468,-0.24114058448870307,0.021893473031112783,14323.0,33.148359012759535,6.874976353681495,-0.09407164962599586,-6.046412461380667,-3.728697310987813,5.15076347897177,0.15445782449521037,-0.04149031788353436,61|23|5|8|5|35|55|8|74|13,143,80
106,0.011980317146866174,-2.708597510485891,-2.7093541175735436,5.858615187313705,5.858615187313705,5.391984953070677,11,0.36666666666666664,9,3,3221,62.862,5.858615187313705,-0.2430825572284278,0.021705897864061494,14264.0,31.63763990168775,6.874825164030067,-0.1521187235438625,-6.210877414759431,-3.7731639240990695,5.0928897320170305,0.12088042070484759,-0.041538526232879805,60|22|5|8|5|34|57|8|74|11,142,81
107,0.011860513975397512,-2.8840313923834753,-2.8853579007485695,5.750628915836743,5.750628915836743,5.391984953070677,7,0.23333333333333334,6,3,3251,63.96933333333333,5.750628915836743,-0.2455591939173844,0.020520317908844007,14295.0,27.605261326287312,6.874796369114424,-0.18090407812484874,-6.420622860333047,-4.0542177864512325,5.123297971942402,0.0312563452102506,-0.04154770778293685,63|22|5|7|5|35|55|8|73|10,142,80
108,0.011741908835643538,-2.857156242933921,-2.895734326816458,5.737615928872691,5.738610635923891,5.391984953070677,10,0.3333333333333333,1,3,3281,63.96933333333333,5.737615928872691,-0.24680366556833908,0.020673810678338848,15002.0,28.836837823743508,6.874820813749448,-0.18437288428691645,-6.526016704370459,-4.017830754501336,5.816802024433936,0.05862949555351276,-0.04153991336384985,65|20|5|6|5|34|55|9|77|10,143,82
109,0.011624489747287102,-2.912791330363276,-2.912791330363276,5.737615928872691,5.737615928872691,5.391984953070677,7,0.23333333333333334,2,3,3311,63.96933333333333,5.737615928872691,-0.24701187779804998,0.0207387888310343,14589.0,28.269328962573635,6.874820813749448,-0.18437288428691645,-6.543650121128485,-4.002427018377765,5.4116857957507625,0.04601598318946331,-0.04153991336384985,65|20|5|6|5|34|54|9|75|10,142,82
110,0.01150824484981423,-2.9007048539471088,-2.912791330363276,5.802281846284044,5.737615928872691,5.391984953070677,3,0.1,0,3,3341,63.96933333333333,5.802281846284044,-0.24752095284278383,0.02065428613177262,14440.0,28.269328962573635,7.069395615931867,-0.1671352175304741,-6.586763498461636,-4.022459248091299,5.265530061915913,0.04601598318946331,0.02050223005572105,65|20|5|6|5|34|54|10|74|9,142,82
111,0.011393162401316088,-2.922193297840694,-2.922193297840694,5.800884237067241,5.800884237067241,5.391984953070677,5,0.16666666666666666,2,1,3371,63.96933333333333,5.800884237067241,-0.24741285542735328,0.02076853032714017,14080.0,29.155938011914067,7.067931687768877,-0.1675077711553107,-6.577608768312504,-3.9953764923327686,4.912402114395472,0.06572185030646356,0.0200354417561804,66|19|5|6|5|35|53|11|71|9,142,82
112,0.011279230777302926,-2.931383068613535,-2.931383068613535,5.784962652478025,5.784962652478025,5.391984953070677,6,0.2,1,3,3401,63.842666666666666,5.784962652478025,-0.24760913701571824,0.020758908652005158,14063.0,29.608852700829175,7.067932670824147,-0.17175190748508057,-6.594231783465708,-3.997657408897773,4.895726627984785,0.07578838039854663,0.020035755213294947,66|19|5|6|5|35|53|11|71|8,142,82
113,0.011166438469529897,-2.9098518204980977,-2.931383068613535,5.789000837916915,5.784962652478025,5.391984953070677,6,0.2,0,2,3431,63.842666666666666,5.789000837916915,-0.2471683573176056,0.020758789182714923,14083.0,29.593033703335458,7.067958073975259,-0.17067546880327059,-6.5569023137890765,-3.997685730315747,4.915344847291475,0.07543678567619719,0.02004385526493007,67|19|5|6|5|37|53|12|69|8,142,82
114,0.011054774084834598,-2.9495049431798237,-2.9516708590768834,5.784918508607649,5.784918508607649,5.391984953070677,6,0.2,1,2,3461,63.842666666666666,5.784918508607649,-0.2494255571735252,0.020768644337473385,14385.0,32.06855337507409,7.067216060998102,-0.17176367469348558,-6.748063735098722,-3.9953494650164267,5.2115799588225125,0.13045794943838948,0.01980725692315305,69|17|5|6|5|36|52|12|71|8,143,82
115,0.010944226343986252,-2.9761897929977077,-2.9761897929977077,5.776260715943827,5.776260715943827,5.391984953070677,7,0.23333333333333334,3,2,3491,63.842666666666666,5.776260715943827,-0.24940815012454504,0.020574115951703612,14253.0,30.972373944751606,7.067315421441406,-0.17407153872386788,-6.746589538555989,-4.041464409788496,5.08209971139835,0.10609414872330152,0.019838939005337203,69|16|5|6|5|34|55|12|69|8,142,82
116,0.010834784080546389,-3.040030444467206,-3.040030444467206,5.771654625051988,5.771654625051988,5.391984953070677,7,0.23333333333333334,5,4,3521,63.842666666666666,5.771654625051988,-0.25057054778087484,0.0203590403403107,14052.0,31.543844743306384,7.067153656375192,-0.1752993610918447,-6.845032566331427,-4.092450284687706,4.884936607366105,0.11879571952944658,0.019787358578037418,66|15|5|6|5|34|56|12|70|7,143,82
117,0.010726436239740926,-3.064878558222061,-3.064878558222061,5.753066752787047,5.753066752787047,5.391984953070677,5,0.16666666666666666,3,3,3551,63.842666666666666,5.753066752787047,-0.25108987606187255,0.020264449857567278,14033.0,31.901164277772743,7.067093700885475,-0.18025423625082768,-6.889014286453136,-4.114873926720282,4.866299299024748,0.12673754154191152,0.01976824116380862,65|14|5|6|5|34|56|12|71|7,143,81
118,0.010619171877343516,-3.168748605243321,-3.168748605243321,5.7423140381883115,5.7423140381883115,5.391984953070677,3,0.1,3,3,3581,63.842666666666666,5.7423140381883115,-0.25367470294590905,0.019725586445606496,14223.0,30.988096610053233,7.066842353115023,-0.18312053303281065,-7.107922319650087,-4.242617013591264,5.052672382438314,0.10644360235609426,0.019688096385308718,64|12|5|6|5|34|58|12|72|7,143,81
119,0.01051298015857008,-3.275507758262648,-3.275507758262648,5.7697664413211385,5.7697664413211385,5.391984953070677,8,0.26666666666666666,5,1,3611,64.04866666666666,5.7697664413211385,-0.25503334147699136,0.01950521442334107,13668.0,30.81446713365771,7.065740981595974,-0.1758026846853271,-7.222984914557943,-4.294858456894591,4.508266796677634,0.10258449512953276,0.019336912938240455,62|10|5|5|6|36|57|12|70|7,142,79
120,0.01040785035698438,-3.2660388018800783,-3.282629108225206,5.766680312717655,5.766680312717655,5.391984953070677,6,0.2,1,2,3641,64.04866666666666,5.766680312717655,-0.2551002552317013,0.01951226031653568,13770.0,31.066070358728116,7.06777126865667,-0.1766253383886058,-7.2286518157062725,-4.293188155800724,4.608319715141759,0.1081766551950481,0.019984290499927417,64|10|5|5|5|36|57|12|69|7,142,79
121,0.010303771853414535,-3.3859391639302365,-3.3859391639302365,5.532975456563138,5.532975456563138,5.391984953070677,3,0.1,2,3,3671,63.572,5.532975456563138,-0.25733077143394734,0.01906851894480555,14062.0,31.80555245807187,7.067692565606718,-0.23892286065412238,-7.417553408251266,-4.39838158949649,4.8947457170194495,0.12461246305862553,0.019959195236522797,64|9|5|5|5|35|58|12|71|6,142,79
122,0.01020073413488039,-3.5091060675188106,-3.5091060675188106,5.514638950390775,5.514638950390775,5.391984953070677,8,0.26666666666666666,4,5,3701,63.572,5.514638950390775,-0.2611007741914372,0.018096751404046926,14424.0,32.33351091378773,7.067597405979442,-0.24381073042431373,-7.736833548010727,-4.628749030711007,5.249835486470561,0.13634692390060885,0.019928852627012328,65|7|5|5|5|35|58|11|73|6,142,79
123,0.010098726793531585,-3.602613051030862,-3.602613051030862,5.5064075431369925,5.5064075431369925,5.391984953070677,8,0.26666666666666666,6,7,3731,63.572,5.5064075431369925,-0.26265320922053836,0.017508652573891646,14047.0,33.38131251755268,7.066097462028338,-0.24600493505106732,-7.868308696689115,-4.768163877371104,4.880032052539431,0.159635473892437,0.01945058032920237,64|5|5|5|5|35|57|12|72|7,141,78
124,0.009997739525596268,-3.601810972853095,-3.6074577351697226,5.510813805446674,5.508373847358163,5.391984953070677,7,0.23333333333333334,1,6,3761,63.572,5.510813805446674,-0.2625302525594696,0.017630379195650785,13836.0,34.73680588313478,7.066439288828271,-0.24483037997822096,-7.857895542520356,-4.7393073358566085,4.673059838853839,0.1897628137385702,0.01955957526127081,63|5|5|5|5|33|57|14|72|7,139,78
125,0.009897762130340305,-3.661775587014683,-3.661949923505476,5.489908370565802,5.5035501151321,5.391984953070677,11,0.36666666666666664,6,2,3791,63.572,5.489908370565802,-0.2643153941886821,0.018231090940729576,13824.0,36.75102288001597,7.066392413806593,-0.25040303608982695,-8.009078527130397,-4.596902468625422,4.6612889072698245,0.23453101514015942,0.019544628686559443,65|5|5|5|5|30|55|14|73|7,140,77
126,0.009798784509036903,-3.6256916103978987,-3.6656158471710363,5.504127960276006,5.489908370565802,5.391984953070677,5,0.16666666666666666,1,10,3821,63.572,5.504127960276006,-0.2642312189890794,0.01827856244302491,14045.0,37.40324257357591,7.065155913502596,-0.2466125919323797,-8.00194976059567,-4.585648863153224,4.878070230608762,0.2490273194830309,0.01915035805984696,66|5|5|5|5|31|55|15|73|7,141,77
127,0.009700796663946533,-3.6707027355807615,-3.6766519334685013,5.4967657820651965,5.4967657820651965,5.391984953070677,6,0.2,1,3,3851,63.572,5.4967657820651965,-0.2640599723041697,0.018274852543972497,13571.0,37.061360638103395,7.06512139138971,-0.2485750905665859,-7.987446942160672,-4.58652833269303,4.413118433040181,0.2414286151892544,0.019139350335029684,65|5|5|5|5|29|54|16|72|7,141,75
128,0.009603788697307067,-3.716205696122089,-3.716205696122089,5.462644673202667,5.462644673202667,5.329211532015241,6,0.2,3,2,3881,63.572,5.462644673202667,-0.2641774086836813,0.01832619181937322,13279.0,36.81132949654676,7.065037105784454,-0.25767058209407956,-7.997392585725204,-4.574357832020987,4.12669243116249,0.23587139641927654,0.01911247501740967,66|5|5|5|5|29|54|16|69|7,140,76
129,0.009507750810333995,-3.7467368937697314,-3.7662787077653923,5.42552558287237,5.4496370053299,5.329211532015241,9,0.3,5,4,3911,63.65266666666667,5.42552558287237,-0.26437731800015857,0.018276625460033644,13054.0,37.70020838740666,7.065168272968255,-0.26756523038841573,-8.014322831831068,-4.586108044795601,3.9059874639622145,0.2556277132755306,0.01915429900046414,66|5|5|5|5|24|55|18|68|7,137,76
130,0.009412673302230655,-3.739030332250601,-3.7662787077653923,5.418813100998601,5.4496370053299,4.758675784126979,6,0.2,0,1,3941,63.702000000000005,5.418813100998601,-0.2640898479591808,0.01826588253670076,13007.0,37.87466110900921,7.065134322621564,-0.26935454275388737,-7.9899771003385105,-4.5886547647214675,3.85988464859149,0.25950511803770426,0.01914347358908024,66|5|5|5|5|23|55|18|68|7,136,77
131,0.00931854656920835,-3.7604356991265173,-3.7662787077653923,5.435766330658268,5.4496370053299,4.758675784126979,5,0.16666666666666666,0,1,3971,63.65266666666667,5.435766330658268,-0.2644626914262945,0.01819838843019852,12915.0,37.77395637396065,7.065178241811978,-0.2648354060120421,-8.021553075727914,-4.6046549334447855,3.7696408397807106,0.2572668438757205,0.019157477667100565,64|5|5|5|5|22|56|17|69|7,135,76
132,0.009225361103516266,-3.7982136239645454,-3.806560518575028,5.420533463401987,5.4237778952098115,4.758675784126979,9,0.3,4,1,4001,63.702000000000005,5.420533463401987,-0.2652996195206876,0.01846184562269506,12897.0,38.09227378075455,7.0648668230943565,-0.26889595444342945,-8.092432206629226,-4.542199709577554,3.7519844424046886,0.26434180044646066,0.01905817865959551,67|5|5|5|5|20|53|17|69|7,134,76
133,0.009133107492481104,-3.8026376272863787,-3.8106000746075237,5.438248481601123,5.420744754228207,4.758675784126979,7,0.23333333333333334,1,2,4031,63.702000000000005,5.438248481601123,-0.2641491413346218,0.01900840011775056,12236.0,38.71732163528897,7.065048924413687,-0.2641737515810077,-7.994998634383814,-4.412633372743607,3.103602294318545,0.27823418060249927,0.019116243506862817,65|6|5|5|5|20|51|19|67|7,133,75
134,0.009041776417556293,-3.9822546980792253,-3.9822546980792253,5.440087756384923,5.440087756384923,4.758675784126979,4,0.13333333333333333,4,2,4061,63.65266666666667,5.440087756384923,-0.26831169944094235,0.01772068539018766,12216.0,38.56814428756776,7.063637862522323,-0.2636834653983346,-8.347524141507792,-4.717899328191484,3.0839840750118537,0.2749185489909705,0.018666312152669146,65|5|5|5|5|21|49|19|68|8,133,75
135,0.00895135865338073,-3.971665904796753,-3.9822546980792253,5.437108242242218,5.440087756384923,4.758675784126979,5,0.16666666666666666,0,2,4091,63.65266666666667,5.437108242242218,-0.2684611085453417,0.0177914157018858,12353.0,38.95113132627931,7.063732528756348,-0.2644776994236767,-8.360177543322735,-4.701131983905126,3.2183688772626886,0.28343085968529247,0.018696497438751923,65|5|5|5|5|21|49|19|69|8,134,74
136,0.008861845066846922,-3.9548418521992277,-3.9822546980792253,5.428360437737694,5.440087756384923,4.758675784126979,5,0.16666666666666666,0,3,4121,63.702000000000005,5.428360437737694,-0.2684423114658771,0.01772343767999817,12516.0,39.164252611934664,7.06374930631674,-0.26680955745547835,-8.358585625612168,-4.717246869723244,3.3782573646122214,0.28816771606867014,0.01870184713355502,68|5|5|5|5|20|48|20|68|8,134,75
137,0.008773226616178452,-4.028305229241867,-4.028305229241867,5.4253168498981585,5.4253168498981585,4.758675784126979,9,0.3,3,1,4151,63.83733333333334,5.4253168498981585,-0.26902150130299607,0.01775548005484814,12210.0,37.54075272558691,7.063319898997649,-0.26762087128232986,-8.407636998790933,-4.709650896823325,3.0780986092198463,0.2520836347606419,0.018564926267247393,68|5|5|5|5|20|47|18|67|8,134,73
138,0.008685494350016667,-4.206136014703041,-4.206136014703041,5.035935165832003,5.035935165832003,4.758675784126979,5,0.16666666666666666,3,2,4181,62.158,5.035935165832003,-0.2708737461562021,0.017778487272192403,12148.0,38.4837281308926,7.063319898997649,-0.37141637871011507,-8.56450293063288,-4.704196800481594,3.0172821293691037,0.2730423065059585,0.018564926267247393,69|5|5|5|5|20|45|18|67|7,133,72
139,0.008598639406516501,-4.2509427931024755,-4.2509427931024755,5.030066307605721,5.030066307605721,4.758675784126979,3,0.1,3,1,4211,62.158,5.030066307605721,-0.27106079862762944,0.017778335448812785,11843.0,37.99823168309043,7.063266509502535,-0.37298081058389354,-8.58034433528465,-4.704232791767589,2.718104284942063,0.2622516107722725,0.018547902486799998,68|5|5|5|5|20|45|17|66|7,131,71
140,0.008512653012451335,-4.2294370043039295,-4.2509427931024755,5.0329849244592095,5.030066307605721,4.758675784126979,4,0.13333333333333333,0,2,4241,62.158,5.0329849244592095,-0.2713162985197141,0.017827286775679414,12159.0,38.04748680035193,7.063283584779611,-0.3722028096411382,-8.601982526686832,-4.692628378735313,3.028072149987784,0.26334636025211317,0.018553347111578675,69|5|5|5|5|20|44|17|68|7,132,71
141,0.008427526482326822,-4.278205578912892,-4.279268916241375,5.038294019239066,5.032454595990917,4.758675784126979,7,0.23333333333333334,3,3,4271,62.158,5.038294019239066,-0.2713971084501238,0.017894322678244933,11756.0,37.39638401504088,7.0633120625275065,-0.3707875910800007,-8.608826289817749,-4.676736831944742,2.6327650309579567,0.24887488043088496,0.018562427529492,67|5|5|5|5|21|42|17|68|7,132,71
142,0.008343251217503555,-4.305330526075819,-4.305330526075819,5.029150236023536,5.029150236023536,4.623298999249248,6,0.2,4,2,4301,62.158,5.029150236023536,-0.2712487481763769,0.017827452756311427,11556.0,36.37735935775817,7.063141900821803,-0.3732250031553574,-8.596261713083006,-4.692589031327745,2.436582837891045,0.2262259299150987,0.018508169748775404,68|5|5|5|5|22|43|15|65|7,131,70
143,0.008259818705328518,-4.328473675816903,-4.328473675816903,5.029137315775506,5.029137315775506,4.623298999249248,2,0.06666666666666667,2,5,4331,62.158,5.029137315775506,-0.271285517557985,0.017844440208025156,11336.0,36.37711894217751,7.063141900821803,-0.3732284472405707,-8.599375698417736,-4.6885619820387845,2.220782425517442,0.22622058641280882,0.018508169748775404,67|5|5|5|5|22|42|15|65|7,130,70
144,0.008177220518275232,-4.452759359209864,-4.483839614434211,5.031551172691033,5.0265571254306405,4.623298999249248,6,0.2,5,1,4361,62.158,5.031551172691033,-0.27400528674662733,0.014676088809958604,11147.0,37.16378430564775,7.063367414759602,-0.3725849976032151,-8.8297119455035,-5.4396521078431865,2.03539025306921,0.24370509452788333,0.0185800771484753,66|5|5|5|5|21|43|16|64|7,131,69
145,0.00809544831309248,-4.521899236788293,-4.521899236788293,5.082834644483497,5.082834644483497,4.623298999249248,10,0.3333333333333333,3,1,4391,62.396,5.082834644483497,-0.27486588139954893,0.014507683903569102,10823.0,35.86124952635258,7.062665675447289,-0.358914621735066,-8.902595388497055,-5.479574214464111,1.717575100300813,0.21475481785841263,0.018356320472023145,66|5|5|5|5|20|43|15|62|7,131,67
146,0.008014493829961555,-4.5610797010706,-4.562829309224648,5.112355638197612,5.114269067045772,4.623298999249248,5,0.16666666666666666,2,6,4421,62.31933333333333,5.112355638197612,-0.2755824116032988,0.014656278656719146,10737.0,35.59303129645177,7.029473505248652,-0.35104535965182826,-8.963278066550973,-5.4443483074181165,1.6332167572820409,0.20879337092674147,0.00777266133028092,66|5|5|5|5|21|42|14|62|6,130,66
147,0.00793434889166194,-4.576320902513177,-4.578620984097311,5.133237477867994,5.124077358168813,4.623298999249248,5,0.16666666666666666,1,5,4451,61.87,5.133237477867994,-0.27603400943553014,0.014622039756289304,10818.0,34.40518032466164,7.0518691009460355,-0.3454789931962229,-9.001523720006645,-5.452464989187362,1.7126705454741402,0.18239206877185224,0.014913723506055947,67|5|5|5|6|21|42|12|62|5,130,66
148,0.00785500540274532,-4.576320902513177,-4.578620984097311,5.133237477867994,5.124077358168813,4.623298999249248,0,0.0,0,9,4481,61.87,5.133237477867994,-0.27603400943553014,0.014622039756289304,10818.0,34.40518032466164,7.0518691009460355,-0.3454789931962229,-9.001523720006645,-5.452464989187362,1.7126705454741402,0.18239206877185224,0.014913723506055947,67|5|5|5|6|21|42|12|62|5,130,66
149,0.007776455348717866,-4.612981208829819,-4.612981208829819,5.055369539195722,5.055369539195722,4.623298999249248,5,0.16666666666666666,4,11,4511,61.98666666666667,5.055369539195722,-0.27559298610509636,0.014769195930339044,10551.0,33.99798274852105,7.0276392671461245,-0.36623585603179226,-8.964173617198806,-5.417580112040414,1.4507673177298128,0.17334165209523428,0.007187795961557753,66|5|5|5|5|21|42|12|61|5,128,65
150,0.007698690795230687,-4.664367296925174,-4.664367296925174,5.041325450857041,5.041325450857041,4.623298999249248,6,0.2,6,11,4541,61.98666666666667,5.041325450857041,-0.27639207609802063,0.014880592814526816,10387.0,34.20384343418688,7.027602201743979,-0.369979517675688,-9.031848253275498,-5.391172340538216,1.2898979194149451,0.17791713361029796,0.0071759772832395005,66|5|5|5|5|21|40|12|61|5,128,63
151,0.00762170388727838,-4.645117682639051,-4.664367296925174,5.043905461314861,5.041325450857041,4.623298999249248,5,0.16666666666666666,0,9,4571,61.98666666666667,5.043905461314861,-0.2765330395190909,0.014955898212935978,10629.0,34.275277607990475,7.027596223009101,-0.3692917773283714,-9.043786393291676,-5.373320425122709,1.5272783730259085,0.1795048371619745,0.007174070903160486,67|5|5|5|5|23|39|11|62|5,129,63
152,0.0075454868484055955,-4.721015112223928,-4.721015112223928,5.029904520301877,5.029904520301877,4.623298999249248,6,0.2,5,7,4601,61.98666666666667,5.029904520301877,-0.2767656978581282,0.014953045513266327,10112.0,33.23221245549829,7.0275419065425,-0.37302393740774015,-9.063490142010812,-5.373996686775715,1.0201474039479415,0.1563215600403666,0.007156751548479917,66|5|5|5|5|23|39|10|59|5,127,61
153,0.007470031979921539,-4.734715366644167,-4.746946787489588,5.029904520301877,5.029904520301877,4.623298999249248,8,0.26666666666666666,3,3,4631,61.98666666666667,5.029904520301877,-0.27659706791953054,0.014894575307150318,9979.0,32.53080825996401,7.0275419065425,-0.37302393740774015,-9.049208934853569,-5.387857647556228,0.8896862455584451,0.14073207572054455,0.007156751548479917,67|5|5|5|5|23|40|10|56|5,126,61
154,0.007395331660122324,-4.834658659653046,-4.834658659653046,5.0200354316801485,5.0200354316801485,4.623298999249248,7,0.23333333333333334,5,6,4661,61.98666666666667,5.0200354316801485,-0.2775769955775571,0.015008698930029346,9648.0,30.434346039856976,7.02721928731748,-0.3756546904792382,-9.132198645931977,-5.360803474740115,0.5650047160327061,0.09413588323190042,0.007053881145919492,67|5|5|5|5|22|38|9|55|5,124,60
155,0.0073213783435211,-4.91611002530292,-4.917809215801566,4.993721522069353,4.99374282200269,4.623298999249248,9,0.3,5,2,4691,61.98666666666667,4.993721522069353,-0.27781546707335425,0.015372797021208024,9277.0,30.66809148389345,6.8356318428162846,-0.38266905636296417,-9.152394708747977,-5.27449029581829,0.2010867478935846,0.0993311343550573,-0.054035713065710755,67|5|5|5|5|21|35|9|54|5,123,60
156,0.00724816456008589,-4.932261472736121,-4.932261472736121,5.0054776341983915,5.0054776341983915,4.623298999249248,4,0.13333333333333333,4,4,4721,61.98666666666667,5.0054776341983915,-0.27834082367701884,0.015478161580166927,9295.0,30.77465320993375,6.835701136998234,-0.37953528897290845,-9.19688696528767,-5.2495125487501895,0.21874314526960667,0.10169958662234525,-0.05401361791502089,68|5|5|5|5|21|33|10|54|5,123,60
157,0.00717568291448503,-4.994748081576203,-4.994748081576203,4.998314368508983,4.998314368508983,4.623298999249248,6,0.2,6,6,4751,61.98666666666667,4.998314368508983,-0.2782352492088011,0.015497149554617912,8879.0,28.59413823592089,6.8356409882263485,-0.38144476450166975,-9.187945902605255,-5.245011255071759,-0.1893158163095699,0.05323522867732746,-0.05403279695922393,66|5|5|5|5|20|33|10|53|5,122,57
158,0.00710392608534018,-5.0118544772675815,-5.0139630901792005,5.01676949854255,5.01676949854255,4.623298999249248,5,0.16666666666666666,3,4,4781,61.98666666666667,5.01676949854255,-0.2793037403297301,0.015288868746136622,8891.0,27.80630597187402,7.028812225691021,-0.3765252737683706,-9.278436020614903,-5.294386352398502,-0.17754488472555519,0.03572478490581127,0.00756180565578034,66|5|5|5|5|20|35|9|52|5,122,57
159,0.007032886824486779,-5.0118544772675815,-5.0139630901792005,5.01676949854255,5.01676949854255,4.623298999249248,0,0.0,0,6,4811,61.98666666666667,5.01676949854255,-0.2793037403297301,0.015288868746136622,8891.0,27.80630597187402,7.028812225691021,-0.3765252737683706,-9.278436020614903,-5.294386352398502,-0.17754488472555519,0.03572478490581127,0.00756180565578034,66|5|5|5|5|20|35|9|52|5,122,57
160,0.006962557956241911,-5.0676539706819135,-5.0676539706819135,5.016151589190069,5.016151589190069,4.623298999249248,7,0.23333333333333334,4,2,4841,62.029999999999994,5.016151589190069,-0.2804360566108942,0.01549226093239632,8860.0,27.39245292115439,7.028517037622672,-0.37668998674129583,-9.374331467848661,-5.24617015300261,-0.20795312465092652,0.02652644294267302,0.007467681954937134,66|5|5|5|5|20|33|9|53|5,122,58
161,0.0068929323766794915,-5.141267726752632,-5.141267726752632,5.020275252615327,5.020275252615327,4.623298999249248,5,0.16666666666666666,2,4,4871,61.583999999999996,5.020275252615327,-0.2812355102193739,0.015204983630673338,8758.0,24.61307411781909,7.028720333765393,-0.37559076262470054,-9.44203689839231,-5.314272177551887,-0.30800604311505153,-0.03524832622653101,0.007532504985986729,65|5|5|5|5|22|34|8|52|5,122,57
162,0.006824003052912696,-5.180555185276711,-5.180555185276711,4.9984884021677125,4.9984884021677125,4.623298999249248,3,0.1,3,5,4901,61.583999999999996,4.9984884021677125,-0.28108117404765914,0.015285136366617578,8652.0,24.716502185504208,6.835739595740529,-0.3813983732288993,-9.428966225067969,-5.295271151163001,-0.41198260544051485,-0.0329495229834474,-0.05400135495610521,64|5|5|5|5|22|33|7|53|5,122,56
163,0.0067557630223835695,-5.2152534108558335,-5.2152534108558335,5.000660096627707,5.000660096627707,4.623298999249248,4,0.13333333333333333,3,4,4931,61.583999999999996,5.000660096627707,-0.28194911186092575,0.015417088658646178,8645.0,24.910528773283662,6.835776934668738,-0.3808194756133276,-9.502471557596369,-5.2639905098552155,-0.4188489821978567,-0.02863706738783706,-0.053989449061235546,63|5|5|5|5|23|31|6|55|5,122,55
164,0.0066882053921597335,-5.260265846532706,-5.2714092712811045,4.978387938791767,4.966800184516218,4.623298999249248,8,0.26666666666666666,6,5,4961,61.628,4.978387938791767,-0.28173203726004625,0.015435263675911044,8117.0,25.22083175153286,6.836255153606439,-0.386756452155091,-9.484087589900499,-5.259681935998068,-0.936769971894504,-0.02174024035912917,-0.053836964116699984,58|5|5|5|6|22|31|6|56|5,120,55
165,0.006621323338238136,-5.322327198044382,-5.322327198044382,4.9072240516067716,4.9072240516067716,4.623298999249248,3,0.1,3,6,4991,61.628,4.9072240516067716,-0.28274844379941194,0.01548407218841626,8056.0,25.22083175153286,6.873459870510126,-0.4057262498707053,-9.570166683953254,-5.248111378571818,-0.996605540779912,-0.02174024035912917,-0.0419738638789878,58|5|5|5|5|22|30|6|56|6,119,55
166,0.006555110104855755,-5.343943952205975,-5.343943952205975,4.907224046453309,4.907224046453309,4.623298999249248,3,0.1,2,4,5021,61.628,4.907224046453309,-0.2834977400879977,0.015574706221272319,8159.0,25.221613651229298,6.873459794042489,-0.4057262512444378,-9.63362430961828,-5.226625653477828,-0.8955717113504524,-0.02172286177323689,-0.04197388826146707,59|5|5|5|5|22|28|5|57|6,119,54
167,0.006489559003807197,-5.425291738142789,-5.425291738142789,4.907005776091168,4.907005776091168,4.623298999249248,5,0.16666666666666666,5,5,5051,61.628,4.907005776091168,-0.2858678741615096,0.016088560533305672,8134.0,27.158574744824612,6.873459870510126,-0.40578443447164636,-9.834350088063967,-5.104811229703436,-0.9200944854838164,0.02132824169743474,-0.0419738638789878,58|5|5|5|5|21|26|6|59|6,118,54
168,0.0064246634137691255,-5.51451859222851,-5.51451859222851,4.915044200075039,4.915044200075039,4.623298999249248,6,0.2,5,9,5081,61.628,4.915044200075039,-0.28676274217326825,0.016173117597072857,7730.0,25.912022074454907,6.873492571881963,-0.4036416724197368,-9.910136129146549,-5.084766112327471,-1.3163825154789783,-0.006377770659332012,-0.04196343671586711,57|5|5|5|5|22|24|6|57|6,115,53
169,0.006360416779631434,-5.5334564195375195,-5.5334564195375195,4.915044200075039,4.915044200075039,4.623298999249248,3,0.1,2,5,5111,61.628,4.915044200075039,-0.28665291065813914,0.016175318115955246,7512.0,25.713628039524423,6.873492571881963,-0.4036416724197368,-9.900834538735044,-5.084244456804912,-1.5302211059219122,-0.01078729760026951,-0.04196343671586711,58|5|5|5|5|22|24|6|54|6,113,53
170,0.00629681261183512,-5.536688980517177,-5.536688980517177,4.915044200075039,4.915044200075039,4.623298999249248,1,0.03333333333333333,1,8,5141,61.628,4.915044200075039,-0.28689140355747755,0.016206985570874993,7582.0,25.713628039524423,6.873492571881963,-0.4036416724197368,-9.921032414209042,-5.076737362511618,-1.461557338348493,-0.01078729760026951,-0.04196343671586711,59|5|5|5|5|22|23|6|54|6,113,53
171,0.0062338444857167686,-5.5496535748586,-5.5496535748586,4.915186980416098,4.915186980416098,4.623298999249248,3,0.1,1,6,5171,61.628,4.915186980416098,-0.28642303847290523,0.01628973567062879,7271.0,25.504040590046262,6.873492571881963,-0.40360361218589086,-9.881366748351473,-5.057120604448627,-1.7666206485675409,-0.015445610564568833,-0.04196343671586711,57|5|5|5|5|22|23|6|53|8,112,53
172,0.006171506040859601,-5.584567613668912,-5.59340429656385,4.915663893875119,4.914860286826547,4.623298999249248,6,0.2,5,9,5201,61.628,4.915663893875119,-0.28729766446348404,0.016344572855821245,7279.0,25.613136385558526,6.873477471346425,-0.40347648377563455,-9.955438500143822,-5.044120888460656,-1.7587733608448646,-0.01302083579942583,-0.04196825167433565,57|5|5|5|5|23|20|6|54|7,111,52
173,0.006109790980451005,-5.640866953948593,-5.649278876935466,4.912765079326093,4.915663893875119,4.623298999249248,3,0.1,2,6,5231,61.628,4.912765079326093,-0.28913397913457467,0.01652279130919114,7499.0,25.67202896823589,6.8734603461152295,-0.40424920611817833,-10.110955310751818,-5.001872380090042,-1.5429729484712615,-0.011711882987269898,-0.041973712227490655,59|5|5|5|5|22|18|6|55|7,111,52
174,0.006048693070646495,-5.633899158276055,-5.649278876935466,4.896267522924613,4.915663893875119,4.623298999249248,2,0.06666666666666667,0,5,5261,61.67133333333333,4.896267522924613,-0.28904101174587704,0.016534431228435235,7575.0,25.67202896823589,6.873296359917415,-0.40864687634274693,-10.103081936973116,-4.999113018103006,-1.468423715105835,-0.011711882987269898,-0.042026000885063634,60|5|5|5|5|21|18|6|55|7,112,52
175,0.0059882061399400294,-5.769107276286225,-5.769107276286225,4.91928964856116,4.91928964856116,4.623298999249248,6,0.2,5,0,5291,61.758666666666656,4.91928964856116,-0.2912415292504726,0.01641819830690885,7211.0,24.55015428653337,6.873347225356919,-0.4025099846750185,-10.289442950904629,-5.026667221751357,-1.8254753064876146,-0.036646789094987885,-0.04200978192527333,56|5|5|5|5|21|18|5|56|7,112,48
176,0.005928324078540629,-5.7603574949526655,-5.769107276286225,4.905653979786229,4.91928964856116,4.623298999249248,2,0.06666666666666667,0,1,5321,61.758666666666656,4.905653979786229,-0.2914092309265107,0.016400595239286393,7398.0,24.653687290933295,6.873298716750889,-0.40614477598012444,-10.303645543848885,-5.03084020909208,-1.6420449559700518,-0.034345653517309685,-0.04202524938487564,56|5|5|5|5|20|18|5|58|7,113,48
177,0.005869040837755223,-5.7960683314206864,-5.7960683314206864,4.888200168864498,4.888200168864498,4.623298999249248,2,0.06666666666666667,2,3,5351,61.85733333333333,4.888200168864498,-0.2917269362418218,0.01637896244854806,7359.0,23.41507096533016,6.873206340574547,-0.4107973501388564,-10.330551889546726,-5.035968483540132,-1.6803004836180997,-0.061875271830409646,-0.04205470446290672,56|5|5|5|5|19|18|5|58|7,112,48
178,0.00581035042937767,-5.832074818384872,-5.846346046641279,4.8577053154371,4.857799282317628,4.623298999249248,5,0.16666666666666666,3,2,5381,62.34733333333334,4.8577053154371,-0.2924186521459834,0.01618026818316014,7434.0,22.880319246445396,6.873199103260044,-0.41892620908358,-10.389133053742375,-5.083070992711904,-1.6067321612180079,-0.07376072046278023,-0.042057012153827365,55|5|5|5|5|18|18|5|60|6,111,48
179,0.005752246925083894,-5.930027740791902,-5.93316871163791,4.85735099332554,4.85750828157852,4.623298999249248,2,0.06666666666666667,1,1,5411,62.263333333333335,4.85735099332554,-0.2946844086454158,0.016225583259471533,7402.0,22.99035518287841,6.873203164353996,-0.41902065893797,-10.581019134027725,-5.072328590089414,-1.6381213121087137,-0.07131505002544739,-0.04205571723295053,56|5|5|5|5|18|17|6|59|6,111,48
180,0.005694724455833055,-5.956063084437313,-5.9652985528723645,4.844664840993242,4.844664840993242,4.623298999249248,4,0.13333333333333333,2,2,5441,62.263333333333335,4.844664840993242,-0.2950267512207983,0.016188422999992937,7274.0,23.386280560569837,6.873193715022927,-0.42240234244420644,-10.610012000172608,-5.081137809920186,-1.7636779156715372,-0.06251517043157283,-0.04205873024772359,56|5|5|5|5|18|17|5|58|6,111,47
181,0.005637777211274724,-6.071684674030691,-6.071684674030691,4.899668689717028,4.899668689717028,4.623298999249248,9,0.3,5,2,5471,62.117333333333335,4.899668689717028,-0.2977759403984037,0.016131114351407315,7014.0,24.43100231941261,6.873343351705513,-0.4077402445017761,-10.84283981524707,-5.094723411600013,-2.0187147666585226,-0.039295073400858235,-0.0420110170781985,56|5|5|5|5|19|14|7|56|6,110,46
182,0.005581399439161977,-6.314550847684841,-6.314550847684841,4.89206571194767,4.89206571194767,4.623298999249248,6,0.2,5,0,5501,62.07399999999999,4.89206571194767,-0.3043587230648767,0.014867454162434571,7167.0,26.495828318251505,6.873047108196639,-0.4097669318572053,-11.40033324561184,-5.394286992485878,-1.868635388962335,0.006597969065960881,-0.04210547731692688,55|5|5|5|5|19|10|8|59|6,110,45
183,0.005525585444770357,-6.4349283996412385,-6.4349283996412385,4.895228507129995,4.895228507129995,4.581303231627465,6,0.2,5,2,5531,62.07399999999999,4.895228507129995,-0.30792974133836265,0.01388320899955515,7340.0,27.667831449348775,6.87304192425747,-0.40892384153150885,-11.702761462985697,-5.62761238172793,-1.6989377919594564,0.032647035426486025,-0.042107130268356205,55|5|5|5|5|18|8|9|61|5,110,44
184,0.005470329590322654,-6.608128530774334,-6.608128530774334,4.893404165764027,4.893404165764027,4.581303231627465,3,0.1,2,1,5561,62.07399999999999,4.893404165764027,-0.31234605178561237,0.012324744682750664,7448.0,27.997728278517307,6.873255337015714,-0.4094101469884702,-12.076777162050568,-5.997062298326406,-1.592999407703324,0.039979357471643356,-0.042039081452137285,55|5|5|5|5|18|7|9|62|5,110,44
185,0.005415626294419427,-6.6038108433783975,-6.608128530774334,4.89664735776979,4.893404165764027,4.581303231627465,1,0.03333333333333333,0,1,5591,62.07399999999999,4.89664735776979,-0.31206481433699157,0.012346001947757632,7344.0,28.158478474064673,6.872999844916425,-0.40854562568790803,-12.052959266500533,-5.99202304609634,-1.6950141480981182,0.04355220843097511,-0.042120547691798786,55|5|5|5|5|18|7|10|61|5,110,44
186,0.005361470031475232,-6.61930963582099,-6.61930963582099,4.898247438183203,4.898247438183203,4.581303231627465,3,0.1,2,3,5621,62.07399999999999,4.898247438183203,-0.31249323583780997,0.012132488734462253,7352.0,28.28726554709049,6.873000880463826,-0.40811910033956317,-12.08924212501715,-6.04263853853597,-1.6871668603754417,0.046414643626422496,-0.04212021749703753,55|5|5|5|5|18|6|11|61|5,110,44
187,0.00530785533116048,-6.635767590621773,-6.644608331002607,4.977413951695358,4.988863944971692,4.581303231627465,6,0.2,1,3,5651,62.443333333333335,4.977413951695358,-0.31352250510885477,0.011463137903788214,7420.0,28.305334327817356,6.867683507748724,-0.3870160829724528,-12.176410559060445,-6.201315003502903,-1.6204649147326917,0.04681624227041861,-0.04381571556207646,57|5|5|5|6|17|5|11|60|5,110,45
188,0.005254776777848876,-6.728459592518482,-6.728459592518482,4.917949323024383,4.917949323024383,4.581303231627465,5,0.16666666666666666,5,1,5681,62.443333333333335,4.917949323024383,-0.3155172190835297,0.011191016094273056,7613.0,27.283193357420558,6.8680128278616,-0.40286726847880555,-12.345342148128674,-6.265824263513515,-1.4311490984231217,0.024098028247603043,-0.04371070851365701,57|5|5|5|5|17|5|9|62|5,110,44
189,0.005202229010070386,-6.728459592518482,-6.728459592518482,4.917949323024383,4.917949323024383,4.581303231627465,0,0.0,0,0,5711,62.443333333333335,4.917949323024383,-0.3155172190835297,0.011191016094273056,7613.0,27.283193357420558,6.8680128278616,-0.40286726847880555,-12.345342148128674,-6.265824263513515,-1.4311490984231217,0.024098028247603043,-0.04371070851365701,57|5|5|5|5|17|5|9|62|5,110,44
190,0.005150206719969683,-6.7446969471123515,-6.7446969471123515,4.911205151068674,4.911205151068674,4.581303231627465,4,0.13333333333333333,2,0,5741,62.529333333333334,4.911205151068674,-0.3155630678820921,0.011194499426222986,7467.0,27.448188932376922,6.867947342238451,-0.4046650283092453,-12.349225065928595,-6.2649985040241845,-1.5743620993619674,0.02776523746163255,-0.043731589266857114,56|5|5|5|5|16|5|9|62|5,109,43
191,0.005098704652769986,-6.797417136705064,-6.797417136705064,4.911205133984299,4.911205133984299,4.581303231627465,4,0.13333333333333333,3,0,5771,62.529333333333334,4.911205133984299,-0.3158146213462088,0.011153429633290756,7319.0,24.969061259835442,6.867947091173418,-0.4046650328633407,-12.370529035805166,-6.274734518772754,-1.719536922231482,-0.02733611811050333,-0.04373166932148184,57|5|5|5|5|16|5|8|60|5,108,43
192,0.005047717606242287,-6.811270065689224,-6.811270065689224,4.906078962043386,4.906078962043386,4.581303231627465,2,0.06666666666666667,2,1,5801,62.57866666666667,4.906078962043386,-0.31576184599882917,0.011154120032902146,7169.0,24.969061259835442,6.867899615251807,-0.40603149060786764,-12.366059511146664,-6.274570852478892,-1.8666735670316659,-0.02733611811050333,-0.04374680749921361,57|5|5|5|5|15|5|8|59|5,108,42
193,0.004997240430179864,-6.792567560879092,-6.815890285721621,4.8976106292855315,4.920339468457897,4.581303231627465,3,0.1,1,0,5831,62.482000000000006,4.8976106292855315,-0.31542019068630733,0.011127621495765794,7273.0,24.636907908794214,6.867788583792232,-0.4082888512687238,-12.33712484903937,-6.28085260190969,-1.764658826636872,-0.03471859385102732,-0.043782211002965206,57|5|5|5|5|15|5|7|60|5,109,42
194,0.004947268025878066,-6.820566662799989,-6.820566662799989,4.882511050136206,4.882511050136206,4.581303231627465,3,0.1,2,1,5861,62.57866666666667,4.882511050136206,-0.3153753916842437,0.011135582476915293,7020.0,24.543876286496207,6.867662032408672,-0.4123138697631323,-12.333330838116822,-6.2789653698505346,-2.0128293008665152,-0.03678632459215531,-0.04382256319143313,55|5|5|5|5|14|5|7|60|5,109,41
195,0.004897795345619285,-6.831490018895945,-6.833152910914567,4.882511050136206,4.882511050136206,4.581303231627465,4,0.13333333333333333,1,0,5891,62.57866666666667,4.882511050136206,-0.3154396198139063,0.011133405919345658,7020.0,23.80567881285429,6.867662032408672,-0.4123138697631323,-12.338770294672765,-6.27948134509867,-2.0128293008665152,-0.05319358022812545,-0.04382256319143313,55|5|5|5|5|14|5|7|60|5,110,42
196,0.004848817392163092,-6.854068530893591,-6.854068530893591,4.882511050136206,4.882511050136206,4.581303231627465,3,0.1,3,1,5921,62.57866666666667,4.882511050136206,-0.31546672426107686,0.011134364027346523,6893.0,22.998231053184607,6.867662032408672,-0.4123138697631323,-12.34106576028311,-6.2792542157911875,-2.1374049934640045,-0.07114000009357481,-0.04382256319143313,57|5|5|5|5|14|5|7|57|5,109,42
197,0.004800329218241461,-6.940237151280283,-6.945900173326706,4.990123158038922,4.9793245142020295,4.581303231627465,5,0.16666666666666666,4,3,5951,62.350666666666676,4.990123158038922,-0.3161439080972852,0.011065075626518813,6507.0,18.637012252489598,6.868606698876943,-0.38362825407495776,-12.398416209016311,-6.295679740348289,-2.516036626083144,-0.1680729134431429,-0.04352134673457072,54|5|5|5|5|16|5|7|56|5,109,41
198,0.004752325926059046,-6.952222525828967,-6.952887695381815,4.990123158038922,4.990123158038922,4.581303231627465,3,0.1,1,11,5981,62.350666666666676,4.990123158038922,-0.31608902266863753,0.011065604466875642,6396.0,18.32914221052091,6.868606698876943,-0.38362825407495776,-12.393767982355318,-6.29555437332922,-2.6249177432352804,-0.1749156657710754,-0.04352134673457072,55|5|5|5|5|16|5|7|54|5,108,41
199,0.004704802666798456,-6.996105509861177,-6.996105509861177,4.990121233001428,4.990121233001428,4.581303231627465,6,0.2,5,2,6011,62.350666666666676,4.990121233001428,-0.3166413623823722,0.011014229385165933,6298.0,17.35076044526902,6.868556446676808,-0.3836287672224726,-12.440545428511173,-6.307733362253272,-2.721047017838067,-0.1966612830418359,-0.04353737015678634,53|5|5|5|5|17|5|5|55|5,106,41
200,0.004657754640130471,-7.018022682021438,-7.018022682021438,4.990121233001428,4.990121233001428,4.581303231627465,1,0.03333333333333333,1,3,6041,62.350666666666676,4.990121233001428,-0.3169157196320893,0.011019368954702407,6193.0,17.35076044526902,6.868556446676808,-0.3836287672224726,-12.46378064255967,-6.306514974693076,-2.8240426691981955,-0.1966612830418359,-0.04353737015678634,52|5|5|5|5|17|5|5|55|5,105,41
201,0.004611177093729166,-7.043133478453239,-7.043133478453239,4.990121233001428,4.990121233001428,4.581303231627465,2,0.06666666666666667,2,3,6071,62.350666666666676,4.990121233001428,-0.3169316333054305,0.01102108827830678,5981.0,17.023071705214367,6.868556446676808,-0.3836287672224726,-12.46512836567164,-6.306107391436026,-3.031995793849122,-0.20394452786328007,-0.04353737015678634,51|5|5|5|5|17|5|5|54|5,103,41
202,0.004565065322791874,-7.054841865391824,-7.054841865391824,4.898284999532124,4.898284999532124,4.581303231627465,2,0.06666666666666667,2,1,6101,62.57866666666667,4.898284999532124,-0.31631654505800194,0.011074873112088322,5847.0,17.023071705214367,6.867743189967991,-0.4081090878006317,-12.41303676939542,-6.293357146120433,-3.1634378632039533,-0.20394452786328007,-0.04379668528289447,50|5|5|5|5|16|5|5|54|5,102,41
203,0.004519414669563955,-7.054841865391824,-7.054841865391824,4.898284999532124,4.898284999532124,4.581303231627465,0,0.0,0,2,6131,62.57866666666667,4.898284999532124,-0.31631654505800194,0.011074873112088322,5847.0,17.023071705214367,6.867743189967991,-0.4081090878006317,-12.41303676939542,-6.293357146120433,-3.1634378632039533,-0.20394452786328007,-0.04379668528289447,50|5|5|5|5|16|5|5|54|5,102,41
204,0.004474220522868316,-7.08137210425713,-7.08137210425713,4.935854116015419,4.935854116015419,4.581303231627465,8,0.26666666666666666,4,0,6161,62.482000000000006,4.935854116015419,-0.3173259661251019,0.0112801894413839,5936.0,17.109874076810286,6.8458160395564125,-0.39809447830930644,-12.498524266384521,-6.244684808925002,-3.0761367872891774,-0.2020152491114084,-0.05078837894188229,50|5|5|5|6|15|5|5|55|5,103,41
205,0.004429478317639632,-7.08183439783144,-7.085406086812414,4.931317359105082,4.9231370924927385,4.581303231627465,2,0.06666666666666667,1,1,6191,62.482000000000006,4.931317359105082,-0.317308204873269,0.011281804269441207,5936.0,17.109874076810286,6.845784363339634,-0.3993038186682765,-12.49702007253314,-6.244301997406856,-3.0761367872891774,-0.2020152491114084,-0.050798479223945106,50|5|5|5|6|15|5|5|55|5,104,40
206,0.004385183534463236,-7.096587365414294,-7.096587365414294,4.931317359105082,4.931317359105082,4.581303231627465,4,0.13333333333333333,2,1,6221,62.482000000000006,4.931317359105082,-0.31721732605722897,0.011285264492009993,5720.0,17.342615030072487,6.845784363339634,-0.3993038186682765,-12.489323579200665,-6.243481716232839,-3.288013555801442,-0.1968423239071362,-0.050798479223945106,50|5|5|5|6|15|5|5|53|5,103,39
207,0.004341331699118604,-7.10882278599915,-7.10882278599915,4.920690383898312,4.920690383898312,4.581303231627465,2,0.06666666666666667,2,2,6251,62.40266666666667,4.920690383898312,-0.3173743126558065,0.011267561515743794,5705.0,17.210010457441665,6.846975701452868,-0.4021365977360813,-12.502618716196155,-6.2476783879400895,-3.3027272202814606,-0.1997896072552066,-0.0504186090184847,51|5|5|5|5|15|5|5|52|5,103,38
208,0.004297918382127418,-7.1690791252923844,-7.1690791252923844,4.904878824781982,4.904878824781982,4.581303231627465,8,0.26666666666666666,6,0,6281,62.49933333333333,4.904878824781982,-0.31786926008726046,0.011225224213633747,5484.0,16.006043507225158,6.846817680643925,-0.4063514051316572,-12.544535631183617,-6.257714878711743,-3.519508543620398,-0.2265491048622706,-0.05046899555148768,53|5|5|5|5|14|5|5|48|5,100,39
209,0.004254939198306143,-7.200956462882117,-7.200956462882117,4.904878824781982,4.904878824781982,4.581303231627465,3,0.1,3,2,6311,62.49933333333333,4.904878824781982,-0.31788069778552974,0.011225510490522637,5181.0,15.85564306490518,6.846817680643925,-0.4063514051316572,-12.545504285621519,-6.257647013845295,-3.8167245661167697,-0.2298919211045595,-0.05046899555148768,51|5|5|5|5|14|5|5|47|5,100,36
210,0.004212389806323082,-7.238228458544211,-7.238228458544211,4.888550339030402,4.888550339030402,4.581303231627465,3,0.1,3,1,6341,62.49933333333333,4.888550339030402,-0.3183611585443007,0.011200423754993527,5053.0,15.85564306490518,6.846700316494358,-0.41070400704763393,-12.586194329655191,-6.263594081255835,-3.942281169679593,-0.2298919211045595,-0.050506418297485985,50|5|5|5|5|13|5|5|47|5,98,36
211,0.00417026590825985,-7.250493652023401,-7.253693829935127,4.89280651602565,4.89280651602565,4.581303231627465,4,0.13333333333333333,3,0,6371,62.49933333333333,4.89280651602565,-0.3179628591798757,0.011197538977681828,4781.0,15.536227728533927,6.84647955425142,-0.409569459458464,-12.55246250373356,-6.264277947242192,-4.209088952250593,-0.23699128037496892,-0.050576810571225164,49|5|5|6|5|13|5|5|45|5,98,34
212,0.004128563249177252,-7.260134803344435,-7.262103212083904,4.884975851328137,4.89280651602565,4.581303231627465,3,0.1,1,1,6401,62.49933333333333,4.884975851328137,-0.31790645129990625,0.011201922296357102,4655.0,15.754757120771746,6.8464080340668145,-0.4116568401675092,-12.547685341232974,-6.263238836688589,-4.332683733882748,-0.23213422283895474,-0.05059961550537355,47|5|5|6|5|12|5|5|46|5,96,34
213,0.004087277616685479,-7.2992105627833315,-7.2992105627833315,4.884758084587089,4.884758084587089,4.581303231627465,6,0.2,4,1,6431,62.49933333333333,4.884758084587089,-0.3180584933420018,0.01118920239474377,4359.0,15.435803036326842,6.8464080340668145,-0.41171488914698845,-12.56056172556801,-6.26625421954947,-4.623033379621777,-0.23922333027494527,-0.05059961550537355,46|5|5|6|5|11|5|5|44|5,94,33
214,0.004046404840518624,-7.331852099666522,-7.345198535945913,4.905507591520524,4.905453734363691,4.581303231627465,4,0.13333333333333333,3,3,6461,62.364,4.905507591520524,-0.31865031978166036,0.011173396544870696,4377.0,14.073209946782137,6.8480707250274895,-0.4061837979602075,-12.610683287944092,-6.27000115802885,-4.605376982245755,-0.26950846934169165,-0.050069449677694035,47|5|5|5|5|12|5|5|43|5,93,34
215,0.004005940792113438,-7.331811288892143,-7.345198535945913,4.905504650431004,4.905453734363691,4.581303231627465,3,0.1,0,0,6491,62.364,4.905504650431004,-0.3186565771493589,0.011173483275624518,4401.0,13.88895595011976,6.8480707250274895,-0.4061845819515754,-12.61121322210113,-6.269980597616,-4.581835119077725,-0.2736037182867663,-0.050069449677694035,49|5|5|5|5|12|5|5|41|5,94,33
216,0.003965881384192303,-7.342685358146514,-7.345198535945913,4.905805684725824,4.905453734363691,4.581303231627465,1,0.03333333333333333,0,1,6521,62.364,4.905805684725824,-0.3186493964373613,0.011177167660351546,4320.0,13.590837919049543,6.8480707250274895,-0.40610433676115537,-12.610605090256765,-6.2691071765081565,-4.6612889072698245,-0.2802297213822927,-0.050069449677694035,49|5|5|5|5|12|5|5|40|5,93,33
217,0.00392622257035038,-7.3410251611960256,-7.353505428354801,4.910606067777658,4.939473133761949,4.581303231627465,3,0.1,1,1,6551,62.364,4.910606067777658,-0.31864049978856324,0.01117678598237872,4320.0,13.590837919049543,6.848094912152124,-0.4048247229141203,-12.609851636359155,-6.269197657177946,-4.6612889072698245,-0.2802297213822927,-0.050061737368398786,49|5|5|5|5|12|5|5|40|5,92,34
218,0.0038869603446468758,-7.362166989433505,-7.362166989433505,4.939473133761949,4.939473133761949,4.581303231627465,3,0.1,2,1,6581,62.364,4.939473133761949,-0.31894480005466713,0.011183767321395472,4169.0,13.486043903105081,6.848252344580685,-0.39712977504060465,-12.635622713395497,-6.267542659312629,-4.8094064630353435,-0.28255888433680415,-0.05001153844643085,48|5|5|5|5|13|5|5|39|5,92,33
219,0.003848090741200407,-7.3857496303553996,-7.3857496303553996,4.939112736759522,4.939112736759522,4.581303231627465,2,0.06666666666666667,2,5,6611,62.364,4.939112736759522,-0.3189966850153271,0.011183649311487959,4017.0,12.91197430747761,6.848252344580685,-0.39722584424794827,-12.640016831531884,-6.267570634768992,-4.958504929766196,-0.29531821628334887,-0.05001153844643085,48|5|5|5|5|13|5|5|37|5,90,33
220,0.0038096098337884027,-7.431339073513294,-7.431339073513294,4.905178790906025,4.905178790906025,4.581303231627465,5,0.16666666666666666,2,0,6641,62.460666666666654,4.905178790906025,-0.3198285264260972,0.011116839333138404,4016.0,12.804750852247988,6.848064168689806,-0.4062714446781221,-12.710465173077724,-6.28340862391192,-4.9594858407315305,-0.29770137621404485,-0.05007154023226894,49|5|5|5|5|12|5|5|36|5,90,32
221,0.003771513735450519,-7.449964030396917,-7.449964030396917,4.8889628362298145,4.8889628362298145,4.581303231627465,4,0.13333333333333333,3,2,6671,62.49933333333333,4.8889628362298145,-0.3195580288439656,0.011150480097299676,3753.0,12.809424697219217,6.847998282612185,-0.4105940497541156,-12.687556832850122,-6.275433736466838,-5.21746542461452,-0.2975974948381475,-0.050092548674427334,47|5|5|5|5|12|5|5|35|5,87,32
222,0.0037337985980960137,-7.460068697548135,-7.460068697548135,4.8889628362298145,4.8889628362298145,4.581303231627465,1,0.03333333333333333,1,0,6701,62.49933333333333,4.8889628362298145,-0.3195812240136726,0.011150487919384207,3660.0,12.809424697219217,6.847998282612185,-0.4105940497541156,-12.689521223197339,-6.2754318821616435,-5.308690144390634,-0.2975974948381475,-0.050092548674427334,46|5|5|5|5|12|5|5|35|5,86,32
223,0.0036964606121150535,-7.440969630569128,-7.460068697548135,4.889054919971703,4.8889628362298145,4.4919184149992395,3,0.1,0,2,6731,62.49933333333333,4.889054919971703,-0.3195581316040224,0.011147527391799864,3848.0,12.778429679213403,6.847998282612185,-0.41056950345646914,-12.68756553556134,-6.276133705525406,-5.124278882907737,-0.29828639340800306,-0.050092548674427334,48|5|5|5|5|12|5|5|35|5,88,32
224,0.003659496005993903,-7.446455902591248,-7.460068697548135,4.889097850755039,4.8889628362298145,4.4919184149992395,3,0.1,0,0,6761,62.49933333333333,4.889097850755039,-0.3196398895794864,0.01114878859759382,3804.0,12.983622500169648,6.847998282612185,-0.4105580596145449,-12.694489588277413,-6.275834723783978,-5.167438965382457,-0.2937257559250739,-0.050092548674427334,46|5|5|5|5|12|5|5|37|5,88,32
225,0.0036229010459339636,-7.467809775904749,-7.467809775904749,4.92104502251927,4.92104502251927,4.4919184149992395,3,0.1,1,0,6791,62.41333333333333,4.92104502251927,-0.31974311302451486,0.011139763190782649,3603.0,12.460264335362,6.848208568109127,-0.4020420635113805,-12.7032315436751,-6.277974288840233,-5.364602069414704,-0.30535797021159494,-0.050025497017100524,44|5|5|5|5|14|5|5|36|5,87,32
226,0.003586672035474624,-7.484020572308682,-7.484020572308682,4.921116930197806,4.921116930197806,4.4919184149992395,4,0.13333333333333333,4,1,6821,62.41333333333333,4.921116930197806,-0.319552748012072,0.011143845809468648,3348.0,12.525259424285508,6.848208568109127,-0.40202289544496383,-12.687109601149379,-6.277006462296641,-5.614734365575016,-0.3039133824459534,-0.050025497017100524,41|5|5|5|5|14|5|5|36|5,86,30
227,0.003550805315119878,-7.502867950950739,-7.50634955220339,4.895828819482078,4.921009724046515,4.4919184149992395,3,0.1,2,4,6851,62.460666666666654,4.895828819482078,-0.31965298967888117,0.011151542293602922,3240.0,12.772347947308447,6.848121950711303,-0.40876381930203753,-12.69559903085204,-6.275181931961972,-5.720672749831149,-0.2984215666287698,-0.050053115850362345,40|5|5|5|5|13|5|5|36|5,84,30
228,0.003515297261968679,-7.529201337892591,-7.529201337892591,4.920040538964881,4.920040538964881,4.4919184149992395,4,0.13333333333333333,3,1,6881,62.364,4.920040538964881,-0.3200391919936373,0.011111643713719088,3169.0,11.918760511841725,6.848226783264868,-0.4023098236154048,-12.728306362109501,-6.2846402986704915,-5.790317428369902,-0.3173934918404079,-0.05001968893048208,40|5|5|5|5|13|5|5|35|5,84,30
229,0.0034801442893489924,-7.542089008000764,-7.542089008000764,4.915017275217608,4.915017275217608,4.4919184149992395,3,0.1,3,0,6911,62.364,4.915017275217608,-0.3198810614869626,0.011109804225041462,2988.0,11.875337598172528,6.848179103849801,-0.40364884964289316,-12.714914347960168,-6.285076368288002,-5.967862313095457,-0.31835861414232297,-0.05003489199416019,38|5|5|5|5|12|5|5|35|5,84,29
230,0.0034453428464555026,-7.554211844438162,-7.554211844438162,4.9148132550267425,4.9148132550267425,4.4919184149992395,1,0.03333333333333333,1,0,6941,62.364,4.9148132550267425,-0.3199174457877533,0.011109063478333011,2919.0,11.537043559913148,6.848179103849801,-0.40370323427397087,-12.717995720942831,-6.285251969876506,-6.035545169703542,-0.3258775734506811,-0.05003489199416019,38|5|5|5|5|12|5|5|34|5,84,28
231,0.0034108894179909477,-7.5614181137700776,-7.563433615950755,4.9365515202554455,4.91426218590851,4.4919184149992395,4,0.13333333333333333,2,0,6971,62.31466666666666,4.9365515202554455,-0.3202326030415701,0.011130042602391595,3021.0,10.664785219244848,6.848383007426891,-0.3979085747860078,-12.744686272254746,-6.280278653804923,-5.935492251239417,-0.34526448018899103,-0.049969875276518874,39|5|5|5|5|13|5|5|34|5,86,28
232,0.003376780523811038,-7.550819111232145,-7.563433615950755,4.924467486007433,4.91426218590851,4.4919184149992395,2,0.06666666666666667,0,0,7001,62.364,4.924467486007433,-0.3202185110247568,0.011130556505313376,3156.0,10.664785219244848,6.848264840189906,-0.4011297547178662,-12.743492824560654,-6.280156827857711,-5.803069270919251,-0.34526448018899103,-0.05000755409506204,41|5|5|5|5|12|5|5|34|5,86,29
233,0.003343012718572928,-7.559763915143275,-7.563433615950755,4.924467486007433,4.91426218590851,4.4919184149992395,1,0.03333333333333333,0,1,7031,62.364,4.924467486007433,-0.3202421130900483,0.011131466188540872,3075.0,10.664785219244848,6.848264840189906,-0.4011297547178662,-12.745491674744494,-6.279941178138365,-5.882523059111351,-0.34526448018899103,-0.05000755409506204,40|5|5|5|5|12|5|5|34|5,86,28
234,0.0033095825913871985,-7.586555149757056,-7.586555149757056,4.881797035195053,4.881797035195053,4.4919184149992395,5,0.16666666666666666,4,4,7061,62.49933333333333,4.881797035195053,-0.320347946512537,0.011139607857943608,2964.0,10.664785219244848,6.847968912380275,-0.4125042011170731,-12.754454668168382,-6.2780111120795015,-5.991404176263487,-0.34526448018899103,-0.050101913669894194,40|5|5|5|5|10|5|5|33|5,84,28
235,0.0032764867654733265,-7.6175473442517605,-7.6175473442517605,4.881797035195053,4.881797035195053,4.4919184149992395,1,0.03333333333333333,1,0,7091,62.49933333333333,4.881797035195053,-0.32126748230874413,0.01125921515022726,3045.0,10.664785219244848,6.847968912380275,-0.4125042011170731,-12.83232981479621,-6.249656979307716,-5.9119503880713875,-0.34526448018899103,-0.050101913669894194,41|5|5|5|5|10|5|5|33|5,84,28
236,0.003243721897818593,-7.623122895890713,-7.623122895890713,4.889349249655556,4.889349249655556,4.4919184149992395,2,0.06666666666666667,1,0,7121,62.57866666666667,4.889349249655556,-0.3211559937737853,0.011268886837129118,2928.0,10.589827386478913,6.847968912380275,-0.4104910454803067,-12.822887891987925,-6.247364206941529,-6.0267169710155315,-0.3469305009598852,-0.050101913669894194,41|5|5|5|5|10|5|5|31|6,83,28
237,0.003211284678840407,-7.633958668325552,-7.6400155933150335,4.905960320075285,4.889030412891926,4.4919184149992395,3,0.1,2,1,7151,62.443333333333335,4.905960320075285,-0.3212050439144801,0.011269218699268582,2829.0,10.274069730281553,6.848178206797911,-0.40606311639763953,-12.827041930269504,-6.247285535624884,-6.123827156583652,-0.3539485642413614,-0.05003517802822713,41|5|5|5|5|11|5|5|29|6,82,28
238,0.003179171832052003,-7.639435757310893,-7.6400155933150335,4.921153908498226,4.889030412891926,4.4919184149992395,3,0.1,0,1,7181,62.364,4.921153908498226,-0.32123864167116234,0.01127806123288408,2760.0,10.105354823676658,6.8515574136404345,-0.4020130383263243,-12.829887311861809,-6.245189322531303,-6.191510013191737,-0.35769843971656257,-0.04895768375241811,40|5|5|5|5|12|5|5|29|5,81,28
239,0.003147380113731483,-7.650833163411205,-7.650833163411205,4.935467657250543,4.935467657250543,4.4919184149992395,4,0.13333333333333333,2,0,7211,62.31466666666666,4.935467657250543,-0.32116272363654846,0.011251342532717727,2572.0,10.105354823676658,6.8516417217604575,-0.3981974946689393,-12.823457841577305,-6.251523263861649,-6.375921274674634,-0.35769843971656257,-0.04893080125573697,38|5|5|5|5|13|5|5|28|5,79,27
240,0.0031159063125941683,-7.675059572852164,-7.678439112069892,4.90360845620338,4.91958575801238,4.4919184149992395,4,0.13333333333333333,1,0,7241,62.49933333333333,4.90360845620338,-0.3214352078359738,0.011261365453887208,2506.0,10.362687168991853,6.847995571945353,-0.4066900408626946,-12.846534427689058,-6.249147227817571,-6.440661398386715,-0.3519789436145776,-0.050093412997959635,37|5|5|5|5|11|5|5|29|5,80,24
241,0.0030847472494682266,-7.669137560486989,-7.678439112069892,4.900419430644811,4.91958575801238,4.4919184149992395,1,0.03333333333333333,0,1,7271,62.49933333333333,4.900419430644811,-0.32140894490334787,0.011262973829731406,2544.0,10.537139890594402,6.847956882333505,-0.40754012328720757,-12.844310229634392,-6.248765945862578,-6.403386781704002,-0.3481015388524039,-0.050105749571967305,37|5|5|5|5|10|5|5|30|5,80,24
242,0.003053899776973544,-7.684352667214422,-7.684352667214422,4.905258515707696,4.905258515707696,4.4919184149992395,2,0.06666666666666667,1,1,7301,62.49933333333333,4.905258515707696,-0.32144702610819725,0.011267032223916602,2412.0,10.314272409143491,6.851295445616096,-0.4062501928407024,-12.847535312794442,-6.247803861984829,-6.532867029128163,-0.35305501522109123,-0.049041214906272695,36|5|5|5|5|10|5|5|29|5,79,23
243,0.003023360779203809,-7.705389099306079,-7.716683273006159,4.903120229726613,4.903120229726613,4.4919184149992395,3,0.1,2,1,7331,62.49933333333333,4.903120229726613,-0.32174934475380407,0.011257666475696752,2355.0,10.127679193416451,6.851295445616096,-0.4068201849269108,-12.873138567123492,-6.250024108455278,-6.588778954152233,-0.35720225589812493,-0.049041214906272695,36|5|5|5|5|10|5|5|28|5,78,24
244,0.0029931271714117706,-7.705086222469024,-7.716683273006159,4.903188693934445,4.903120229726613,4.4919184149992395,2,0.06666666666666667,0,1,7361,62.49933333333333,4.903188693934445,-0.32171710837554784,0.01126107832862016,2341.0,10.154031856928622,6.851295445616096,-0.40680193476907506,-12.87040848016678,-6.249215293800744,-6.602511707666918,-0.3566165387934595,-0.049041214906272695,35|5|5|5|5|10|5|5|29|5,78,24
245,0.002963195899697653,-7.705528442804021,-7.721655650794139,4.903360242893361,4.9029822474398355,4.4919184149992395,4,0.13333333333333333,1,1,7391,62.49933333333333,4.903360242893361,-0.3213597435366851,0.011307022767615478,2208.0,9.92230485588064,6.85130054515402,-0.4067562058301753,-12.840143384081498,-6.238323694312738,-6.732972866056413,-0.3617669277878754,-0.04903958886703394,35|5|5|5|5|11|5|6|26|5,77,24
246,0.0029335639407006764,-7.714764308008334,-7.721655650794139,4.903059454616548,4.9029822474398355,4.4919184149992395,1,0.03333333333333333,0,2,7421,62.49933333333333,4.903059454616548,-0.3214161235190849,0.011308804221916692,2139.0,9.92230485588064,6.85130054515402,-0.40683638544081874,-12.84491818394722,-6.237901382338116,-6.800655722664498,-0.3617669277878754,-0.04903958886703394,34|5|5|5|5|11|5|6|26|5,76,24
247,0.0029042283012936697,-7.714764308008334,-7.721655650794139,4.903059454616548,4.9029822474398355,4.4919184149992395,0,0.0,0,0,7451,62.49933333333333,4.903059454616548,-0.3214161235190849,0.011308804221916692,2139.0,9.92230485588064,6.85130054515402,-0.40683638544081874,-12.84491818394722,-6.237901382338116,-6.800655722664498,-0.3617669277878754,-0.04903958886703394,34|5|5|5|5|11|5|6|26|5,76,24
248,0.002875186018280733,-7.723043364265657,-7.732473505734698,4.889040590520699,4.9025767586194755,4.4919184149992395,4,0.13333333333333333,2,0,7481,62.452000000000005,4.889040590520699,-0.32180075334609154,0.011264508715090615,2215.0,10.308211948648584,6.851309520961193,-0.41057332318579653,-12.87749234179853,-6.248402085579199,-6.726106489299072,-0.35318971566123375,-0.04903672684014406,34|5|5|5|5|10|5|5|28|5,77,23
249,0.0028464341580979255,-7.730752329646378,-7.732473505734698,4.889084353560597,4.9025767586194755,4.4919184149992395,4,0.13333333333333333,0,0,7511,62.452000000000005,4.889084353560597,-0.32210266393866227,0.01129611150700836,2264.0,10.3313607112464,6.851309520961193,-0.410561657493447,-12.903061038266811,-6.240910320312331,-6.678041851997678,-0.35267520879937064,-0.04903672684014406,33|5|5|5|5|10|5|5|30|5,78,23
250,0.002817969816516946,-7.796735645599687,-7.796735645599687,4.901014335273229,4.901014335273229,4.4919184149992395,3,0.1,3,1,7541,62.452000000000005,4.901014335273229,-0.3230027458749436,0.011287305745019068,2196.0,8.039805489625593,6.858125939863955,-0.40738154256730064,-12.979288644689628,-6.242997816315576,-6.744743797640428,-0.403607559108812,-0.04686324273824814,34|5|5|5|5|9|5|5|28|5,77,23
251,0.0027897901183517766,-7.796735645599687,-7.796735645599687,4.901014335273229,4.901014335273229,4.4919184149992395,0,0.0,0,0,7571,62.452000000000005,4.901014335273229,-0.3230027458749436,0.011287305745019068,2196.0,8.039805489625593,6.858125939863955,-0.40738154256730064,-12.979288644689628,-6.242997816315576,-6.744743797640428,-0.403607559108812,-0.04686324273824814,34|5|5|5|5|9|5|5|28|5,77,23
252,0.002761892217168259,-7.806513585301645,-7.806513585301645,4.900930693873856,4.900930693873856,4.441839345742854,1,0.03333333333333333,1,0,7601,62.452000000000005,4.900930693873856,-0.32307792722495987,0.011288508255040883,2129.0,8.039805489625593,6.858125939863955,-0.4074038384323737,-12.985655725427915,-6.242712749007664,-6.810464832317844,-0.403607559108812,-0.04686324273824814,33|5|5|5|5|9|5|5|28|5,76,23
253,0.0027342732949965764,-7.806513585301645,-7.806513585301645,4.900930693873856,4.900930693873856,4.441839345742854,0,0.0,0,1,7631,62.452000000000005,4.900930693873856,-0.32307792722495987,0.011288508255040883,2129.0,8.039805489625593,6.858125939863955,-0.4074038384323737,-12.985655725427915,-6.242712749007664,-6.810464832317844,-0.403607559108812,-0.04686324273824814,33|5|5|5|5|9|5|5|28|5,76,23
254,0.0027069305620466104,-7.805106465435016,-7.806513585301645,4.888545692937272,4.900930693873856,4.441839345742854,1,0.03333333333333333,0,2,7661,62.452000000000005,4.888545692937272,-0.3230198267179164,0.01129261756443689,2121.0,8.41051752303101,6.851309520961193,-0.41070524553319654,-12.980735214966197,-6.241738595158094,-6.81831212004052,-0.395368073989193,-0.04903672684014406,32|5|5|5|5|9|5|5|29|5,76,23
255,0.002679861256426144,-7.82998937202469,-7.82998937202469,4.903988112802949,4.903988112802949,4.441839345742854,3,0.1,2,0,7691,62.452000000000005,4.903988112802949,-0.32323977834934303,0.011309410965483534,2009.0,7.466710437937025,6.862532486058486,-0.4065888377218867,-12.999362837315463,-6.237757547565803,-6.928174148157991,-0.416345230738023,-0.04545817092052256,32|5|5|5|5|9|5|5|27|5,74,23
256,0.0026530626438618825,-7.828739548637681,-7.82998937202469,4.887264540803007,4.903988112802949,4.441839345742854,1,0.03333333333333333,0,1,7721,62.452000000000005,4.887264540803007,-0.32320597243243854,0.011302508058545086,2064.0,7.527045233574403,6.851309520961193,-0.4110467557821625,-12.99649982671089,-6.239393952304234,-6.87422404506459,-0.4150042231470831,-0.04903672684014406,32|5|5|5|5|9|5|5|28|5,74,24
257,0.002626532017423264,-7.842772069461693,-7.842772069461693,4.887043619270426,4.887043619270426,4.441839345742854,2,0.06666666666666667,2,3,7751,62.452000000000005,4.887043619270426,-0.3232262890543185,0.011307061744125827,1946.0,7.388597422059795,6.851309520961193,-0.411105645718475,-12.998220433906836,-6.238314454532049,-6.989971538974068,-0.41808137894464226,-0.04903672684014406,31|5|5|5|5|9|5|5|27|5,73,23
258,0.002600266697249031,-7.84404825071495,-7.84404825071495,4.889480854950521,4.889480854950521,4.441839345742854,1,0.03333333333333333,1,0,7781,62.49933333333333,4.889480854950521,-0.3232319949850102,0.011310834836303315,1929.0,7.388597422059795,6.851204787709408,-0.4104559641220147,-12.99870366706763,-6.237420004415187,-7.006647025384756,-0.41808137894464226,-0.04907012209664777,31|5|5|5|5|8|5|5|27|5,72,23
259,0.0025742640302765405,-7.848639451867565,-7.848639451867565,4.889480854950521,4.889480854950521,4.441839345742854,1,0.03333333333333333,1,1,7811,62.49933333333333,4.889480854950521,-0.3233227238215597,0.011305002224839041,1923.0,7.374131662050447,6.851204787709408,-0.4104559641220147,-13.0063874586925,-6.238802684657393,-7.0125324911767635,-0.41840289646660156,-0.04907012209664777,30|5|5|5|5|8|5|5|28|5,72,23
260,0.0025485213899737753,-7.8521788174962905,-7.8521788174962905,4.899977511319883,4.899977511319883,4.441839345742854,1,0.03333333333333333,1,2,7841,62.54466666666667,4.899977511319883,-0.3234612677142128,0.01129262651662822,1919.0,7.367074523884729,6.851204787709408,-0.4076579234880131,-13.018120689741528,-6.241736472949517,-7.016456135038101,-0.41855974917075955,-0.04907012209664777,30|5|5|5|5|7|5|5|28|6,72,23
261,0.0025230361760740375,-7.8715875636278785,-7.8715875636278785,4.904190232059929,4.904190232059929,4.441839345742854,2,0.06666666666666667,2,2,7871,62.54466666666667,4.904190232059929,-0.3235964510372832,0.011304094282644042,1805.0,6.996362490479312,6.854307907633575,-0.4065349598131466,-13.029569315395001,-6.239017921647166,-7.128279985086241,-0.42679923429037864,-0.0480806609268361,29|5|5|5|5|7|5|5|27|6,70,23
262,0.002497805814313297,-7.868048197999154,-7.8715875636278785,4.893693575690566,4.904190232059929,4.441839345742854,2,0.06666666666666667,0,0,7901,62.49933333333333,4.893693575690566,-0.3234579071446301,0.011316469990854866,1809.0,7.003419628645029,6.854307907633575,-0.4093330004471484,-13.017836084345973,-6.236084133355041,-7.124356341224903,-0.42664238158622064,-0.0480806609268361,29|5|5|5|5|8|5|5|27|5,70,23
263,0.002472827756170164,-7.867791228033958,-7.8715875636278785,4.887861155048424,4.904190232059929,4.441839345742854,1,0.03333333333333333,0,1,7931,62.49933333333333,4.887861155048424,-0.32345473791191004,0.011314373516812535,1826.0,7.003419628645029,6.854370252474898,-0.4108877193382932,-13.01756768319858,-6.236581123983405,-7.107680854814215,-0.42664238158622064,-0.04806078164368399,29|5|5|5|5|9|5|5|27|5,71,23
264,0.0024480994786084623,-7.864968349198988,-7.8715875636278785,4.887671468113917,4.904190232059929,4.441839345742854,1,0.03333333333333333,0,0,7961,62.49933333333333,4.887671468113917,-0.3233920455151969,0.011315145785198837,1832.0,6.970143282410667,6.854370252474898,-0.4109382832256697,-13.012258287298362,-6.236398049858553,-7.101795389022208,-0.42738198520014886,-0.04806078164368399,30|5|5|5|5|9|5|5|26|5,71,23
265,0.0024236184838223778,-7.891381854248941,-7.891381854248941,4.88732594240364,4.88732594240364,4.441839345742854,4,0.13333333333333333,4,1,7991,62.49933333333333,4.88732594240364,-0.3238429543141762,0.011265584753745108,1752.0,7.025891909207789,6.854370252474898,-0.4110303882678304,-13.050445586782656,-6.248146999603297,-7.180268266248973,-0.4261429102860855,-0.04806078164368399,28|5|5|5|5|8|5|5|27|5,70,22
266,0.002399382298984154,-7.9064403892373845,-7.9064403892373845,4.9203467512644625,4.9203467512644625,4.441839345742854,1,0.03333333333333333,1,0,8021,62.49933333333333,4.9203467512644625,-0.324064697306666,0.011259702287924729,1699.0,5.9043394297436596,6.874389322347901,-0.4022281981504271,-13.069224918838096,-6.249541498330859,-7.232256547411704,-0.45107065509255206,-0.041677498760924976,28|5|5|5|5|8|5|5|26|5,70,21
267,0.0023753884759943125,-7.918981455491885,-7.918981455491885,4.8954974754757155,4.8954974754757155,4.441839345742854,1,0.03333333333333333,1,2,8051,62.49933333333333,4.8954974754757155,-0.3241680124078722,0.011263608113561412,1684.0,5.9043394297436596,6.8739446439939,-0.40885214399906583,-13.07797463656359,-6.248615582389017,-7.246970211891723,-0.45107065509255206,-0.04181928895115044,28|5|5|5|5|7|5|5|26|5,70,20
268,0.002351634591234369,-7.928811411565946,-7.928811411565946,4.894562626675721,4.894562626675721,4.441839345742854,1,0.03333333333333333,1,1,8081,62.49933333333333,4.894562626675721,-0.3242668615309683,0.011263967179007833,1629.0,5.9043394297436596,6.8739446439939,-0.4091013419185736,-13.086346132254018,-6.248530462250042,-7.300920314985124,-0.45107065509255206,-0.04181928895115044,27|5|5|5|5|7|5|5|26|5,69,20
269,0.0023281182453220254,-7.928811411565946,-7.928811411565946,4.894562626675721,4.894562626675721,4.43375433275952,0,0.0,0,0,8111,62.49933333333333,4.894562626675721,-0.3242668615309683,0.011263967179007833,1629.0,5.9043394297436596,6.8739446439939,-0.4091013419185736,-13.086346132254018,-6.248530462250042,-7.300920314985124,-0.45107065509255206,-0.04181928895115044,27|5|5|5|5|7|5|5|26|5,69,20
270,0.0023048370628688053,-7.9368450645655795,-7.9368450645655795,4.857343616163067,4.857343616163067,4.43375433275952,2,0.06666666666666667,2,0,8141,62.49933333333333,4.857343616163067,-0.3242138973342873,0.01125237945624452,1629.0,6.204098942485403,6.85082245419673,-0.41902262543088326,-13.081860614018002,-6.251277450527098,-7.300920314985124,-0.444408168250646,-0.04919203300372113,26|5|5|5|5|7|5|5|27|5,69,20
271,0.002281788692240117,-7.947273093545421,-7.947273093545421,4.856515638580526,4.856515638580526,4.43375433275952,1,0.03333333333333333,1,0,8171,62.49933333333333,4.856515638580526,-0.3243254130438197,0.011247025437662124,1578.0,6.160676028816205,6.85082245419673,-0.41924333523012514,-13.091304838230872,-6.252546675428436,-7.350946774217186,-0.4453732905525611,-0.04919203300372113,25|5|5|5|5|7|5|5|27|5,69,19
272,0.002258970805317716,-7.947707111469094,-7.947707111469094,4.856036539341618,4.856036539341618,4.43375433275952,1,0.03333333333333333,1,0,8201,62.49933333333333,4.856036539341618,-0.3243656431533829,0.011245981766582586,1584.0,6.23344478965377,6.85082245419673,-0.419371046292678,-13.094711911336685,-6.2527940883394235,-7.345061308425178,-0.44375592432739047,-0.04919203300372113,24|5|5|5|5|7|5|5|28|5,69,19
273,0.002236381097264539,-7.958698749136241,-7.958698749136241,4.856097859528365,4.856097859528365,4.43375433275952,2,0.06666666666666667,2,0,8231,62.49933333333333,4.856097859528365,-0.32438159630325814,0.01125039946971941,1482.0,6.204005674793118,6.85082245419673,-0.4193547004804341,-13.09606297770173,-6.251746826597298,-7.445114226889304,-0.44441024122830375,-0.04919203300372113,23|5|5|5|5|7|5|5|27|5,67,19
274,0.0022140172862918934,-7.9820800931227165,-7.9820800931227165,4.851791817085058,4.851791817085058,4.43375433275952,1,0.03333333333333333,1,0,8261,62.49933333333333,4.851791817085058,-0.3250214915749121,0.011273614288332278,1537.0,6.204005674793118,6.847483890914138,-0.42050254045005303,-13.150255471688427,-6.246243516250123,-7.391164123795903,-0.44441024122830375,-0.05025656766941602,23|5|5|5|5|7|5|5|28|5,68,19
275,0.0021918771134289746,-7.992756752354285,-7.992756752354285,4.850620305096444,4.850620305096444,4.43375433275952,3,0.1,2,2,8291,62.49933333333333,4.850620305096444,-0.3250829944968887,0.011275826399054244,1460.0,6.204005674793118,6.846185322054298,-0.42081482447955865,-13.155464131412955,-6.2457191127633545,-7.4666942681266635,-0.44441024122830375,-0.050670629482860996,21|5|5|6|5|7|5|5|28|5,68,18
276,0.002169958342294685,-8.000498633436848,-8.000564553041222,4.825512569803271,4.8344183139812085,4.43375433275952,3,0.1,2,1,8321,62.544000000000004,4.825512569803271,-0.3251139097329334,0.011277442534371008,1469.0,6.151743375337731,6.845922102002989,-0.4275076665719326,-13.1580823313242,-6.245335991345974,-7.457866069438653,-0.4455718286597234,-0.05075455985817708,23|5|5|6|5|5|5|5|27|5,68,18
277,0.002148258758871738,-8.010255695929805,-8.010255695929805,4.825512569803271,4.825512569803271,4.43375433275952,2,0.06666666666666667,2,0,8351,62.544000000000004,4.825512569803271,-0.3251404784165854,0.011297674468891124,1381.0,6.151743375337731,6.845922102002989,-0.4275076665719326,-13.160332423320227,-6.24053980420169,-7.544186234388094,-0.4455718286597234,-0.05075455985817708,21|5|5|6|5|5|5|5|27|5,67,17
278,0.0021267761712830207,-8.003236429980719,-8.010255695929805,4.82733317693244,4.825512569803271,4.385937456992652,2,0.06666666666666667,0,0,8381,62.544000000000004,4.82733317693244,-0.3250975839817886,0.011294918204381355,1425.0,6.213847603019801,6.844112049084502,-0.4270223565316006,-13.156699709495387,-6.241193204913069,-7.501026151913374,-0.4441914934837885,-0.05133171353638313,21|5|5|5|5|5|5|5|28|5,67,17
279,0.0021055084095701906,-8.001401101634556,-8.010255695929805,4.82733317693244,4.825512569803271,4.385937456992652,1,0.03333333333333333,0,1,8411,62.544000000000004,4.82733317693244,-0.3251538503463094,0.011273630101341817,1468.0,6.213847603019801,6.844112049084502,-0.4270223565316006,-13.161464887104941,-6.246239767614371,-7.458846980403988,-0.4441914934837885,-0.05133171353638313,22|5|5|5|5|5|5|5|28|5,67,18
280,0.0020844533254744885,-8.001401101634556,-8.010255695929805,4.82733317693244,4.825512569803271,4.385937456992652,0,0.0,0,0,8441,62.544000000000004,4.82733317693244,-0.3251538503463094,0.011273630101341817,1468.0,6.213847603019801,6.844112049084502,-0.4270223565316006,-13.161464887104941,-6.246239767614371,-7.458846980403988,-0.4441914934837885,-0.05133171353638313,22|5|5|5|5|5|5|5|28|5,67,18
281,0.0020636087922197436,-8.011817846595905,-8.011817846595905,4.827346591892934,4.827346591892934,4.385937456992652,1,0.03333333333333333,1,1,8471,62.544000000000004,4.827346591892934,-0.3252186750918905,0.011275718940978289,1413.0,6.008654782063557,6.844112049084502,-0.42701878057338627,-13.166954870842458,-6.245744586800053,-7.5127970834973885,-0.4487521309667177,-0.05133171353638313,22|5|5|5|5|5|5|5|27|5,66,18
282,0.002042972704297546,-8.01671904671208,-8.01671904671208,4.827346591892934,4.827346591892934,4.385937456992652,1,0.03333333333333333,1,0,8501,62.544000000000004,4.827346591892934,-0.3252348112578608,0.011282839021264464,1370.0,6.008654782063557,6.844112049084502,-0.42701878057338627,-13.168321436772931,-6.244056698896853,-7.554976255006774,-0.4487521309667177,-0.05133171353638313,21|5|5|5|5|5|5|5|27|5,65,18
283,0.0020225429772545707,-8.01671904671208,-8.01671904671208,4.827346591892934,4.827346591892934,4.385937456992652,0,0.0,0,0,8531,62.544000000000004,4.827346591892934,-0.3252348112578608,0.011282839021264464,1370.0,6.008654782063557,6.844112049084502,-0.42701878057338627,-13.168321436772931,-6.244056698896853,-7.554976255006774,-0.4487521309667177,-0.05133171353638313,21|5|5|5|5|5|5|5|27|5,65,18
284,0.002002317547482025,-8.030735860703984,-8.030735860703984,4.827346591892934,4.827346591892934,4.385937456992652,1,0.03333333333333333,1,0,8561,62.544000000000004,4.827346591892934,-0.3254708514672394,0.011289416234326834,1329.0,6.008654782063557,6.844112049084502,-0.42701878057338627,-13.188311594840995,-6.242497503225101,-7.595193604585491,-0.4487521309667177,-0.05133171353638313,20|5|5|5|5|5|5|5|27|5,65,17
285,0.001982294372007205,-8.035624675649716,-8.035624675649716,4.833930315810508,4.833930315810508,4.385937456992652,1,0.03333333333333333,1,0,8591,62.544000000000004,4.833930315810508,-0.3254849337144211,0.011287464979209275,1287.0,5.834202060461008,6.844181255832074,-0.42526379056550256,-13.189504215148597,-6.242960068221086,-7.636391865129543,-0.45262953572889136,-0.051309646265028916,20|5|5|5|5|6|5|5|26|5,65,17
286,0.0019624714282871327,-8.059708898972389,-8.059708898972389,4.8339587547755,4.8339587547755,4.385937456992652,3,0.1,3,0,8621,62.544000000000004,4.8339587547755,-0.3257536084370036,0.011287635079524995,1160.0,5.81105329786319,6.844181255832074,-0.4252562097343468,-13.212258178074894,-6.24291974420033,-7.760967557727032,-0.4531440425907544,-0.051309646265028916,18|5|5|5|5|6|5|5|25|5,63,16
287,0.0019428467140042613,-8.056104541252989,-8.059708898972389,4.850912485709827,4.8339587547755,4.385937456992652,2,0.06666666666666667,0,0,8651,62.49933333333333,4.850912485709827,-0.3259378551206137,0.011288765608026512,1224.0,5.863315597318577,6.844359109503348,-0.4207369393702491,-13.227861961593723,-6.242651740848509,-7.6981892559456195,-0.4519824551593348,-0.051252935823301045,18|5|5|5|5|7|5|5|26|5,64,17
288,0.0019234182468642186,-8.056104541252989,-8.059708898972389,4.850912485709827,4.8339587547755,4.385937456992652,0,0.0,0,0,8681,62.49933333333333,4.850912485709827,-0.3259378551206137,0.011288765608026512,1224.0,5.863315597318577,6.844359109503348,-0.4207369393702491,-13.227861961593723,-6.242651740848509,-7.6981892559456195,-0.4519824551593348,-0.051252935823301045,18|5|5|5|5|7|5|5|26|5,64,17
289,0.0019041840643955765,-8.067706831196189,-8.067706831196189,4.85096663411863,4.85096663411863,4.385937456992652,1,0.03333333333333333,1,3,8711,62.49933333333333,4.85096663411863,-0.32602651603514066,0.011291324493525696,1173.0,5.605983252003382,6.844359109503348,-0.4207225053026026,-13.235370621667016,-6.24204513085169,-7.7482157151776825,-0.4577019512613199,-0.051252935823301045,18|5|5|5|5|7|5|5|25|5,63,17
290,0.0018851422237516208,-8.078653861919289,-8.078653861919289,4.828799379908236,4.828799379908236,4.385937456992652,2,0.06666666666666667,2,0,8741,62.63666666666667,4.828799379908236,-0.3261144023217553,0.011293524871065688,1160.0,5.605983252003382,6.844100030408428,-0.42663151821513007,-13.242813678788798,-6.241523508835794,-7.760967557727032,-0.4577019512613199,-0.05133554581279472,18|5|5|5|5|6|5|5|25|5,63,17
291,0.0018662908015141045,-8.078653861919289,-8.078653861919289,4.828799379908236,4.828799379908236,4.385937456992652,0,0.0,0,1,8771,62.63666666666667,4.828799379908236,-0.3261144023217553,0.011293524871065688,1160.0,5.605983252003382,6.844100030408428,-0.42663151821513007,-13.242813678788798,-6.241523508835794,-7.760967557727032,-0.4577019512613199,-0.05133554581279472,18|5|5|5|5|6|5|5|25|5,63,17
292,0.0018476278934989635,-8.07429371425535,-8.078653861919289,4.841407653363826,4.828799379908236,4.385937456992652,2,0.06666666666666667,0,0,8801,62.541333333333334,4.841407653363826,-0.3262070871844343,0.011286355280501986,1210.0,5.605983252003382,6.844221666737864,-0.423270594487426,-13.25066312554343,-6.243223133656999,-7.711922009460304,-0.4577019512613199,-0.05129676083904029,19|5|5|5|5|7|5|5|25|5,65,17
293,0.001829151614563974,-8.074021657388082,-8.078653861919289,4.841415914470323,4.828799379908236,4.385937456992652,1,0.03333333333333333,0,0,8831,62.541333333333334,4.841415914470323,-0.32615845197805765,0.011287990714771861,1200.0,5.5332144911658165,6.844221666737864,-0.42326839236602215,-13.246544227895857,-6.242835437225267,-7.721731119113649,-0.4593193174864904,-0.05129676083904029,20|5|5|5|5|7|5|5|24|5,65,17
294,0.001810860098418334,-8.079600675652676,-8.079600675652676,4.841415914470323,4.841415914470323,4.385937456992652,1,0.03333333333333333,1,0,8861,62.541333333333334,4.841415914470323,-0.32618022051961637,0.01128954220227294,1153.0,5.528989562321043,6.844221666737864,-0.42326839236602215,-13.24838779763262,-6.242467641234241,-7.767833934484374,-0.45941322120477057,-0.05129676083904029,20|5|5|5|5|7|5|5|23|5,64,17
295,0.0017927514974341507,-8.0795956237967,-8.079600675652676,4.834511124127945,4.841415914470323,4.385937456992652,1,0.03333333333333333,0,2,8891,62.586000000000006,4.834511124127945,-0.32620124924367133,0.01128853525476338,1181.0,5.528989562321043,6.844156018187604,-0.4251089674279653,-13.250168712498503,-6.242706348447114,-7.740368427455006,-0.45941322120477057,-0.05131769354319741,21|5|5|5|5|6|5|5|23|5,64,17
296,0.0017748239824598093,-8.082063826100084,-8.082063826100084,4.83450291316002,4.83450291316002,4.385937456992652,2,0.06666666666666667,2,3,8921,62.586000000000006,4.83450291316002,-0.3262021393284199,0.011340166924476903,1148.0,5.6017583231586086,6.844156018187604,-0.4251111561841835,-13.250244093446796,-6.230466532710675,-7.772738489311046,-0.45779585497959996,-0.05131769354319741,19|5|5|5|5|6|5|5|24|5,64,16
297,0.0017570757426352112,-8.082618134996478,-8.082618134996478,4.84934869477396,4.84934869477396,4.385937456992652,1,0.03333333333333333,1,2,8951,62.541333333333334,4.84934869477396,-0.32633937520838324,0.011340092460964592,1161.0,5.6017583231586086,6.844308874242217,-0.4211537912159864,-13.2618665493847,-6.230484185048375,-7.759986646761697,-0.45779585497959996,-0.05126895384434394,19|5|5|5|5|7|5|5|24|5,65,16
298,0.0017395049852088592,-8.102014861741441,-8.102672180701637,4.863755489363904,4.8493526663728765,4.385937456992652,4,0.13333333333333333,2,0,8981,62.49933333333333,4.863755489363904,-0.3265023301734837,0.011366357301122296,1012.0,5.444702007758759,6.844460497410945,-0.4173134447999566,-13.275667145134506,-6.224257835878166,-7.906142380596546,-0.46128660536553107,-0.05122060726362312,17|5|5|5|5|8|5|5|22|5,64,15
299,0.0017221099353567706,-8.112433233935576,-8.112433233935576,4.875909914179222,4.875909914179222,4.385937456992652,2,0.06666666666666667,2,0,9011,62.49933333333333,4.875909914179222,-0.32657120014683666,0.011363626480125824,945.0,5.068170023316112,6.844551408502565,-0.414073501210354,-13.281499717716498,-6.224905204944313,-7.971863415273962,-0.4696554453364823,-0.051191619342672114,17|5|5|5|5|9|5|5|20|5,63,15
300,0.001704888836003203,-8.112433233935576,-8.112433233935576,4.875909914179222,4.875909914179222,4.385937456992652,0,0.0,0,0,9041,62.49933333333333,4.875909914179222,-0.32657120014683666,0.011363626480125824,945.0,5.068170023316112,6.844551408502565,-0.414073501210354,-13.281499717716498,-6.224905204944313,-7.971863415273962,-0.4696554453364823,-0.051191619342672114,17|5|5|5|5|9|5|5|20|5,63,15
301,0.001687839947643171,-8.112433233935576,-8.112433233935576,4.875909914179222,4.875909914179222,4.385937456992652,0,0.0,0,1,9071,62.49933333333333,4.875909914179222,-0.32657120014683666,0.011363626480125824,945.0,5.068170023316112,6.844551408502565,-0.414073501210354,-13.281499717716498,-6.224905204944313,-7.971863415273962,-0.4696554453364823,-0.051191619342672114,17|5|5|5|5|9|5|5|20|5,63,15
302,0.0016709615481667393,-8.112433233935576,-8.112433233935576,4.875909914179222,4.875909914179222,4.385937456992652,0,0.0,0,1,9101,62.49933333333333,4.875909914179222,-0.32657120014683666,0.011363626480125824,945.0,5.068170023316112,6.844551408502565,-0.414073501210354,-13.281499717716498,-6.224905204944313,-7.971863415273962,-0.4696554453364823,-0.051191619342672114,17|5|5|5|5|9|5|5|20|5,63,15
303,0.001654251932685072,-8.112433233935576,-8.112433233935576,4.875909914179222,4.875909914179222,4.385937456992652,0,0.0,0,1,9131,62.49933333333333,4.875909914179222,-0.32657120014683666,0.011363626480125824,945.0,5.068170023316112,6.844551408502565,-0.414073501210354,-13.281499717716498,-6.224905204944313,-7.971863415273962,-0.4696554453364823,-0.051191619342672114,17|5|5|5|5|9|5|5|20|5,63,15
304,0.0016377094133582213,-8.126245397110427,-8.126245397110427,4.875741825273579,4.875741825273579,4.385937456992652,2,0.06666666666666667,2,1,9161,62.49933333333333,4.875741825273579,-0.32667819601239356,0.011368282235813407,873.0,4.872537246175906,6.844551408502565,-0.41411830782034154,-13.290561158014073,-6.223801510408651,-8.04248900477805,-0.47400360026781585,-0.051191619342672114,16|5|5|5|5|9|5|5|19|5,61,15
305,0.0016213323192246392,-8.126245397110427,-8.126245397110427,4.875741825273579,4.875741825273579,4.385937456992652,0,0.0,0,0,9191,62.49933333333333,4.875741825273579,-0.32667819601239356,0.011368282235813407,873.0,4.872537246175906,6.844551408502565,-0.41411830782034154,-13.290561158014073,-6.223801510408651,-8.04248900477805,-0.47400360026781585,-0.051191619342672114,16|5|5|5|5|9|5|5|19|5,61,15
306,0.0016051189960323928,-8.119748783806756,-8.126245397110427,4.858263879840264,4.875741825273579,4.385937456992652,2,0.06666666666666667,0,0,9221,62.49933333333333,4.858263879840264,-0.3265323925081899,0.011352672004012345,924.0,4.872537246175906,6.8444193914903595,-0.4187773153938407,-13.27821311314671,-6.227502075621982,-7.992462545545988,-0.47400360026781585,-0.05123371430210786,18|5|5|5|5|8|5|5|19|5,62,15
307,0.001589067806072069,-8.123883955395751,-8.126245397110427,4.8679633605856365,4.875741825273579,4.385937456992652,2,0.06666666666666667,0,0,9251,62.49933333333333,4.8679633605856365,-0.32680470097066217,0.011349032131893776,945.0,5.1187434300231835,6.844507975209543,-0.41619177383667555,-13.30127481616088,-6.228364944560421,-7.971863415273962,-0.4685313954150823,-0.051205468487395205,17|5|5|5|5|9|5|5|20|5,63,15
308,0.001573177128011348,-8.123883955395751,-8.126245397110427,4.8679633605856365,4.875741825273579,4.385937456992652,0,0.0,0,0,9281,62.49933333333333,4.8679633605856365,-0.32680470097066217,0.011349032131893776,945.0,5.1187434300231835,6.844507975209543,-0.41619177383667555,-13.30127481616088,-6.228364944560421,-7.971863415273962,-0.4685313954150823,-0.051205468487395205,17|5|5|5|5|9|5|5|20|5,63,15
309,0.0015574453567312346,-8.132819971543576,-8.132819971543576,4.852689606529856,4.852689606529856,4.385937456992652,1,0.03333333333333333,1,0,9311,62.49933333333333,4.852689606529856,-0.32687953645809037,0.011350311826726965,928.0,5.1187434300231835,6.844331564269745,-0.4202632212555468,-13.307612605924449,-6.228061579803014,-7.98853890168465,-0.4685313954150823,-0.051261718899601384,17|5|5|5|5|8|5|5|20|5,63,14
310,0.0015418709031639222,-8.138049717501891,-8.138049717501891,4.852689606529856,4.852689606529856,4.385937456992652,1,0.03333333333333333,1,1,9341,62.49933333333333,4.852689606529856,-0.3269076197366305,0.011351713366290156,889.0,5.099395735874584,6.844331564269745,-0.4202632212555468,-13.309990968401609,-6.227729330505326,-8.026794429332696,-0.4689614193249401,-0.051261718899601384,17|5|5|5|5|8|5|5|19|5,63,14
311,0.001526452194132283,-8.138049717501891,-8.138049717501891,4.852689606529856,4.852689606529856,4.385937456992652,0,0.0,0,1,9371,62.49933333333333,4.852689606529856,-0.3269076197366305,0.011351713366290156,889.0,5.099395735874584,6.844331564269745,-0.4202632212555468,-13.309990968401609,-6.227729330505326,-8.026794429332696,-0.4689614193249401,-0.051261718899601384,17|5|5|5|5|8|5|5|19|5,63,14
312,0.00151118767219096,-8.138049717501891,-8.138049717501891,4.852689606529856,4.852689606529856,4.385937456992652,0,0.0,0,0,9401,62.49933333333333,4.852689606529856,-0.3269076197366305,0.011351713366290156,889.0,5.099395735874584,6.844331564269745,-0.4202632212555468,-13.309990968401609,-6.227729330505326,-8.026794429332696,-0.4689614193249401,-0.051261718899601384,17|5|5|5|5|8|5|5|19|5,63,14
313,0.0014960757954690504,-8.140990103632916,-8.140990103632916,4.852689606529856,4.852689606529856,4.385937456992652,1,0.03333333333333333,1,1,9431,62.49933333333333,4.852689606529856,-0.32690061486357747,0.011375717412257864,856.0,5.099395735874584,6.844331564269745,-0.4202632212555468,-13.309397728292451,-6.22203892573624,-8.059164491188737,-0.4689614193249401,-0.051261718899601384,16|5|5|5|5|8|5|5|19|5,62,14
314,0.0014811150375143598,-8.151903778757287,-8.155194881885217,4.844023302905413,4.852689606529856,4.385937456992652,2,0.06666666666666667,1,0,9461,62.541333333333334,4.844023302905413,-0.32706167819131393,0.011356669996794558,841.0,5.072737567772883,6.844232928911522,-0.42257335400968415,-13.32303812197324,-6.226554310514997,-8.073878155668757,-0.46955392660713574,-0.051293169781074684,16|5|5|5|5|7|5|5|19|5,61,14
315,0.0014663038871392162,-8.16279486280901,-8.16279486280901,4.827007728322022,4.827007728322022,4.385937456992652,2,0.06666666666666667,2,0,9491,62.63666666666667,4.827007728322022,-0.32718100514253623,0.011439578219375805,828.0,5.072737567772883,6.8440619047492355,-0.42710910972272964,-13.33314387735701,-6.206900067817433,-8.086629998218106,-0.46955392660713574,-0.051347702564794706,16|5|5|5|5|6|5|5|19|5,61,13
316,0.001451640848267824,-8.16279486280901,-8.16279486280901,4.827007728322022,4.827007728322022,4.385937456992652,0,0.0,0,1,9521,62.63666666666667,4.827007728322022,-0.32718100514253623,0.011439578219375805,828.0,5.072737567772883,6.8440619047492355,-0.42710910972272964,-13.33314387735701,-6.206900067817433,-8.086629998218106,-0.46955392660713574,-0.051347702564794706,16|5|5|5|5|6|5|5|19|5,61,13
317,0.0014371244397851457,-8.16279486280901,-8.16279486280901,4.827007728322022,4.827007728322022,4.385937456992652,0,0.0,0,1,9551,62.63666666666667,4.827007728322022,-0.32718100514253623,0.011439578219375805,828.0,5.072737567772883,6.8440619047492355,-0.42710910972272964,-13.33314387735701,-6.206900067817433,-8.086629998218106,-0.46955392660713574,-0.051347702564794706,16|5|5|5|5|6|5|5|19|5,61,13
318,0.0014227531953872941,-8.16279486280901,-8.16279486280901,4.827007728322022,4.827007728322022,4.385937456992652,0,0.0,0,0,9581,62.63666666666667,4.827007728322022,-0.32718100514253623,0.011439578219375805,828.0,5.072737567772883,6.8440619047492355,-0.42710910972272964,-13.33314387735701,-6.206900067817433,-8.086629998218106,-0.46955392660713574,-0.051347702564794706,16|5|5|5|5|6|5|5|19|5,61,13
319,0.0014085256634334211,-8.16279486280901,-8.16279486280901,4.827007728322022,4.827007728322022,4.385937456992652,0,0.0,0,1,9611,62.63666666666667,4.827007728322022,-0.32718100514253623,0.011439578219375805,828.0,5.072737567772883,6.8440619047492355,-0.42710910972272964,-13.33314387735701,-6.206900067817433,-8.086629998218106,-0.46955392660713574,-0.051347702564794706,16|5|5|5|5|6|5|5|19|5,61,13
320,0.0013944404067990869,-8.166923320270557,-8.166923320270557,4.827007728322022,4.827007728322022,4.385937456992652,1,0.03333333333333333,1,0,9641,62.63666666666667,4.827007728322022,-0.32720669030529265,0.011445494653118332,797.0,5.072737567772883,6.8440619047492355,-0.42710910972272964,-13.33531914429503,-6.205497516646278,-8.117038238143477,-0.46955392660713574,-0.051347702564794706,15|5|5|5|5|6|5|5|19|5,60,13
321,0.0013804960027310959,-8.166923320270557,-8.166923320270557,4.827007728322022,4.827007728322022,4.385937456992652,0,0.0,0,0,9671,62.63666666666667,4.827007728322022,-0.32720669030529265,0.011445494653118332,797.0,5.072737567772883,6.8440619047492355,-0.42710910972272964,-13.33531914429503,-6.205497516646278,-8.117038238143477,-0.46955392660713574,-0.051347702564794706,15|5|5|5|5|6|5|5|19|5,60,13
322,0.001366691042703785,-8.172244922029664,-8.172244922029664,4.827007728322022,4.827007728322022,4.385937456992652,1,0.03333333333333333,1,1,9701,62.63666666666667,4.827007728322022,-0.3272651853052326,0.011458917854098489,768.0,5.072737567772883,6.8440619047492355,-0.42710910972272964,-13.340273064214305,-6.202315409472485,-8.145484656138178,-0.46955392660713574,-0.051347702564794706,14|5|5|5|5|6|5|5|19|5,59,13
323,0.001353024132276747,-8.180656486858808,-8.180656486858808,4.827007728322022,4.827007728322022,4.385937456992652,1,0.03333333333333333,1,1,9731,62.63666666666667,4.827007728322022,-0.3274012847356438,0.011458363979765337,741.0,5.072737567772883,6.8440619047492355,-0.42710910972272964,-13.351799274659786,-6.202446711051855,-8.171969252202212,-0.46955392660713574,-0.051347702564794706,13|5|5|5|5|6|5|5|19|5,58,13
324,0.0013394938909539796,-8.180656486858808,-8.180656486858808,4.827007728322022,4.827007728322022,4.385937456992652,0,0.0,0,1,9761,62.63666666666667,4.827007728322022,-0.3274012847356438,0.011458363979765337,741.0,5.072737567772883,6.8440619047492355,-0.42710910972272964,-13.351799274659786,-6.202446711051855,-8.171969252202212,-0.46955392660713574,-0.051347702564794706,13|5|5|5|5|6|5|5|19|5,58,13
325,0.0013260989520444398,-8.180656486858808,-8.180656486858808,4.827007728322022,4.827007728322022,4.385937456992652,0,0.0,0,0,9791,62.63666666666667,4.827007728322022,-0.3274012847356438,0.011458363979765337,741.0,5.072737567772883,6.8440619047492355,-0.42710910972272964,-13.351799274659786,-6.202446711051855,-8.171969252202212,-0.46955392660713574,-0.051347702564794706,13|5|5|5|5|6|5|5|19|5,58,13
326,0.0013128379625239953,-8.180656486858808,-8.180656486858808,4.827007728322022,4.827007728322022,4.385937456992652,0,0.0,0,0,9821,62.63666666666667,4.827007728322022,-0.3274012847356438,0.011458363979765337,741.0,5.072737567772883,6.8440619047492355,-0.42710910972272964,-13.351799274659786,-6.202446711051855,-8.171969252202212,-0.46955392660713574,-0.051347702564794706,13|5|5|5|5|6|5|5|19|5,58,13
327,0.0012997095828987553,-8.180656486858808,-8.180656486858808,4.827007728322022,4.827007728322022,4.385937456992652,0,0.0,0,0,9851,62.63666666666667,4.827007728322022,-0.3274012847356438,0.011458363979765337,741.0,5.072737567772883,6.8440619047492355,-0.42710910972272964,-13.351799274659786,-6.202446711051855,-8.171969252202212,-0.46955392660713574,-0.051347702564794706,13|5|5|5|5|6|5|5|19|5,58,13
328,0.0012867124870697677,-8.180656486858808,-8.180656486858808,4.827007728322022,4.827007728322022,4.385937456992652,0,0.0,0,0,9881,62.63666666666667,4.827007728322022,-0.3274012847356438,0.011458363979765337,741.0,5.072737567772883,6.8440619047492355,-0.42710910972272964,-13.351799274659786,-6.202446711051855,-8.171969252202212,-0.46955392660713574,-0.051347702564794706,13|5|5|5|5|6|5|5|19|5,58,13
329,0.00127384536219907,-8.180656486858808,-8.180656486858808,4.827007728322022,4.827007728322022,4.385937456992652,0,0.0,0,2,9911,62.63666666666667,4.827007728322022,-0.3274012847356438,0.011458363979765337,741.0,5.072737567772883,6.8440619047492355,-0.42710910972272964,-13.351799274659786,-6.202446711051855,-8.171969252202212,-0.46955392660713574,-0.051347702564794706,13|5|5|5|5|6|5|5|19|5,58,13
330,0.0012611069085770794,-8.180656486858808,-8.180656486858808,4.827007728322022,4.827007728322022,4.385937456992652,0,0.0,0,0,9941,62.63666666666667,4.827007728322022,-0.3274012847356438,0.011458363979765337,741.0,5.072737567772883,6.8440619047492355,-0.42710910972272964,-13.351799274659786,-6.202446711051855,-8.171969252202212,-0.46955392660713574,-0.051347702564794706,13|5|5|5|5|6|5|5|19|5,58,13
331,0.0012484958394913086,-8.180656486858808,-8.180656486858808,4.827007728322022,4.827007728322022,4.385937456992652,0,0.0,0,1,9971,62.63666666666667,4.827007728322022,-0.3274012847356438,0.011458363979765337,741.0,5.072737567772883,6.8440619047492355,-0.42710910972272964,-13.351799274659786,-6.202446711051855,-8.171969252202212,-0.46955392660713574,-0.051347702564794706,13|5|5|5|5|6|5|5|19|5,58,13
332,0.0012360108810963956,-8.180656486858808,-8.180656486858808,4.827007728322022,4.827007728322022,4.385937456992652,0,0.0,0,0,10001,62.63666666666667,4.827007728322022,-0.3274012847356438,0.011458363979765337,741.0,5.072737567772883,6.8440619047492355,-0.42710910972272964,-13.351799274659786,-6.202446711051855,-8.171969252202212,-0.46955392660713574,-0.051347702564794706,13|5|5|5|5|6|5|5|19|5,58,13
333,0.0012236507722854315,-8.180656486858808,-8.180656486858808,4.827007728322022,4.827007728322022,4.385937456992652,0,0.0,0,0,10031,62.63666666666667,4.827007728322022,-0.3274012847356438,0.011458363979765337,741.0,5.072737567772883,6.8440619047492355,-0.42710910972272964,-13.351799274659786,-6.202446711051855,-8.171969252202212,-0.46955392660713574,-0.051347702564794706,13|5|5|5|5|6|5|5|19|5,58,13
334,0.0012114142645625772,-8.199088205205523,-8.199088205205523,4.826963690729316,4.826963690729316,4.385937456992652,1,0.03333333333333333,1,0,10061,62.63666666666667,4.826963690729316,-0.32757252991186836,0.011450370101228758,704.0,4.39432242760286,6.8440619047492355,-0.4271208486012335,-13.366301965324798,-6.2043417417733115,-8.20826295791959,-0.4846324537350699,-0.051347702564794706,13|5|5|5|5|6|5|5|18|5,58,12
335,0.0011993001219169515,-8.20690970046879,-8.20690970046879,4.837486230642832,4.837486230642832,4.385937456992652,2,0.06666666666666667,2,0,10091,62.541333333333334,4.837486230642832,-0.3277127297914336,0.01146273672502481,657.0,4.38561685038277,6.844170601452216,-0.42431590832169275,-13.378175441293198,-6.2014101070346825,-8.254365773290315,-0.4848259448211393,-0.05131304352179469,12|5|5|5|5|7|5|5|17|5,57,12
336,0.001187307120697782,-8.238744322440748,-8.238744322440748,4.852520987762077,4.852520987762077,4.385937456992652,3,0.1,3,0,10121,62.541333333333334,4.852520987762077,-0.32834895643496304,0.011476379448804084,608.0,4.014979076496196,6.844320632560535,-0.42030816910820584,-13.43205724052032,-6.198175959734625,-8.302430410591707,-0.49306377944078705,-0.051265204585635805,12|5|5|5|5|8|5|5|15|5,55,13
337,0.0011754340494908042,-8.24071336336778,-8.24071336336778,4.844046386520228,4.844046386520228,4.385937456992652,1,0.03333333333333333,1,1,10151,62.541333333333334,4.844046386520228,-0.3283648952391314,0.01146887593850222,618.0,4.014979076496196,6.844220309211559,-0.42256720072715687,-13.433407091952756,-6.199954743647307,-8.292621300938363,-0.49306377944078705,-0.051297193700031274,13|5|5|5|5|7|5|5|15|5,55,13
338,0.0011636797089958962,-8.24071336336778,-8.24071336336778,4.844046386520228,4.844046386520228,4.385937456992652,0,0.0,0,0,10181,62.541333333333334,4.844046386520228,-0.3283648952391314,0.01146887593850222,618.0,4.014979076496196,6.844220309211559,-0.42256720072715687,-13.433407091952756,-6.199954743647307,-8.292621300938363,-0.49306377944078705,-0.051297193700031274,13|5|5|5|5|7|5|5|15|5,55,13
339,0.0011520429119059373,-8.247312132434633,-8.247312132434633,4.8455838436110925,4.8455838436110925,4.385937456992652,2,0.06666666666666667,2,1,10211,62.541333333333334,4.8455838436110925,-0.32834886447654066,0.01146065344554844,589.0,3.5787264428600984,6.844253675737076,-0.42215736856137986,-13.432049452595527,-6.2019039697561436,-8.321067718933065,-0.5027599769184348,-0.05128655444593308,13|5|5|5|5|7|5|5|14|5,54,13
340,0.001140522482786878,-8.247312132434633,-8.247312132434633,4.8455838436110925,4.8455838436110925,4.385937456992652,0,0.0,0,0,10241,62.541333333333334,4.8455838436110925,-0.32834886447654066,0.01146065344554844,589.0,3.5787264428600984,6.844253675737076,-0.42215736856137986,-13.432049452595527,-6.2019039697561436,-8.321067718933065,-0.5027599769184348,-0.05128655444593308,13|5|5|5|5|7|5|5|14|5,54,13
341,0.0011291172579590092,-8.247312132434633,-8.247312132434633,4.8455838436110925,4.8455838436110925,4.385937456992652,0,0.0,0,0,10271,62.541333333333334,4.8455838436110925,-0.32834886447654066,0.01146065344554844,589.0,3.5787264428600984,6.844253675737076,-0.42215736856137986,-13.432049452595527,-6.2019039697561436,-8.321067718933065,-0.5027599769184348,-0.05128655444593308,13|5|5|5|5|7|5|5|14|5,54,13
342,0.0011178260853794192,-8.261711806659816,-8.261711806659816,4.8455838436110925,4.8455838436110925,4.385937456992652,1,0.03333333333333333,1,1,10301,62.541333333333334,4.8455838436110925,-0.32856176213970306,0.011460290633527753,562.0,3.3325202590128216,6.844253675737076,-0.42215736856137986,-13.450079676980351,-6.201989978058893,-8.347552314997097,-0.5082321817711684,-0.05128655444593308,13|5|5|5|5|7|5|5|13|5,53,13
343,0.001106647824525625,-8.261711806659816,-8.261711806659816,4.8455838436110925,4.8455838436110925,4.385937456992652,0,0.0,0,0,10331,62.541333333333334,4.8455838436110925,-0.32856176213970306,0.011460290633527753,562.0,3.3325202590128216,6.844253675737076,-0.42215736856137986,-13.450079676980351,-6.201989978058893,-8.347552314997097,-0.5082321817711684,-0.05128655444593308,13|5|5|5|5|7|5|5|13|5,53,13
344,0.0010955813462803687,-8.271857485423533,-8.271857485423533,4.8455838436110925,4.8455838436110925,4.385937456992652,1,0.03333333333333333,1,2,10361,62.541333333333334,4.8455838436110925,-0.32872714800188374,0.011462030123404821,537.0,3.270416031330752,6.844253675737076,-0.42215736856137986,-13.464086144505178,-6.201577614180506,-8.372075089130462,-0.5096125169471033,-0.05128655444593308,13|5|5|5|5|7|5|5|12|5,52,13
345,0.0010846255328175651,-8.271857485423533,-8.271857485423533,4.8455838436110925,4.8455838436110925,4.385937456992652,0,0.0,0,0,10391,62.541333333333334,4.8455838436110925,-0.32872714800188374,0.011462030123404821,537.0,3.270416031330752,6.844253675737076,-0.42215736856137986,-13.464086144505178,-6.201577614180506,-8.372075089130462,-0.5096125169471033,-0.05128655444593308,13|5|5|5|5|7|5|5|12|5,52,13
346,0.0010737792774893895,-8.271857485423533,-8.271857485423533,4.8455838436110925,4.8455838436110925,4.385937456992652,0,0.0,0,0,10421,62.541333333333334,4.8455838436110925,-0.32872714800188374,0.011462030123404821,537.0,3.270416031330752,6.844253675737076,-0.42215736856137986,-13.464086144505178,-6.201577614180506,-8.372075089130462,-0.5096125169471033,-0.05128655444593308,13|5|5|5|5|7|5|5|12|5,52,13
347,0.0010630414847144956,-8.271857485423533,-8.271857485423533,4.8455838436110925,4.8455838436110925,4.385937456992652,0,0.0,0,0,10451,62.541333333333334,4.8455838436110925,-0.32872714800188374,0.011462030123404821,537.0,3.270416031330752,6.844253675737076,-0.42215736856137986,-13.464086144505178,-6.201577614180506,-8.372075089130462,-0.5096125169471033,-0.05128655444593308,13|5|5|5|5|7|5|5|12|5,52,13
348,0.0010524110698673507,-8.271857485423533,-8.271857485423533,4.8455838436110925,4.8455838436110925,4.385937456992652,0,0.0,0,1,10481,62.541333333333334,4.8455838436110925,-0.32872714800188374,0.011462030123404821,537.0,3.270416031330752,6.844253675737076,-0.42215736856137986,-13.464086144505178,-6.201577614180506,-8.372075089130462,-0.5096125169471033,-0.05128655444593308,13|5|5|5|5|7|5|5|12|5,52,13
349,0.001041886959168677,-8.271857485423533,-8.271857485423533,4.8455838436110925,4.8455838436110925,4.385937456992652,0,0.0,0,1,10511,62.541333333333334,4.8455838436110925,-0.32872714800188374,0.011462030123404821,537.0,3.270416031330752,6.844253675737076,-0.42215736856137986,-13.464086144505178,-6.201577614180506,-8.372075089130462,-0.5096125169471033,-0.05128655444593308,13|5|5|5|5|7|5|5|12|5,52,13
350,0.0010314680895769904,-8.271857485423533,-8.271857485423533,4.8455838436110925,4.8455838436110925,4.385937456992652,0,0.0,0,1,10541,62.541333333333334,4.8455838436110925,-0.32872714800188374,0.011462030123404821,537.0,3.270416031330752,6.844253675737076,-0.42215736856137986,-13.464086144505178,-6.201577614180506,-8.372075089130462,-0.5096125169471033,-0.05128655444593308,13|5|5|5|5|7|5|5|12|5,52,13
351,0.0010211534086812205,-8.271857485423533,-8.271857485423533,4.8455838436110925,4.8455838436110925,4.385937456992652,0,0.0,0,1,10571,62.541333333333334,4.8455838436110925,-0.32872714800188374,0.011462030123404821,537.0,3.270416031330752,6.844253675737076,-0.42215736856137986,-13.464086144505178,-6.201577614180506,-8.372075089130462,-0.5096125169471033,-0.05128655444593308,13|5|5|5|5|7|5|5|12|5,52,13
352,0.0010109418745944082,-8.271857485423533,-8.271857485423533,4.8455838436110925,4.8455838436110925,4.385937456992652,0,0.0,0,0,10601,62.541333333333334,4.8455838436110925,-0.32872714800188374,0.011462030123404821,537.0,3.270416031330752,6.844253675737076,-0.42215736856137986,-13.464086144505178,-6.201577614180506,-8.372075089130462,-0.5096125169471033,-0.05128655444593308,13|5|5|5|5|7|5|5|12|5,52,13
353,0.0010008324558484641,-8.276966266351037,-8.276966266351037,4.830716035200072,4.830716035200072,4.385937456992652,1,0.03333333333333333,1,1,10631,62.63666666666667,4.830716035200072,-0.32878606231403695,0.01144859818417336,551.0,3.270416031330752,6.844102486673132,-0.42612060510154226,-13.469075575820776,-6.2047617928462016,-8.358342335615777,-0.5096125169471033,-0.05133476260795337,14|5|5|5|5|6|5|5|12|5,52,13
354,0.0009908241312899795,-8.276966266351037,-8.276966266351037,4.830716035200072,4.830716035200072,4.385937456992652,0,0.0,0,0,10661,62.63666666666667,4.830716035200072,-0.32878606231403695,0.01144859818417336,551.0,3.270416031330752,6.844102486673132,-0.42612060510154226,-13.469075575820776,-6.2047617928462016,-8.358342335615777,-0.5096125169471033,-0.05133476260795337,14|5|5|5|5|6|5|5|12|5,52,13
355,0.0009809158899770796,-8.277445555476033,-8.277445555476033,4.830716035200072,4.830716035200072,4.385937456992652,1,0.03333333333333333,1,0,10691,62.63666666666667,4.830716035200072,-0.3287441018971833,0.011451305020769525,528.0,3.270416031330752,6.844102486673132,-0.42612060510154226,-13.46552196363023,-6.2041201095276195,-8.380903287818473,-0.5096125169471033,-0.05133476260795337,14|5|5|5|5|6|5|5|11|5,52,12
356,0.0009711067310773088,-8.277445555476033,-8.277445555476033,4.830716035200072,4.830716035200072,4.385937456992652,0,0.0,0,0,10721,62.63666666666667,4.830716035200072,-0.3287441018971833,0.011451305020769525,528.0,3.270416031330752,6.844102486673132,-0.42612060510154226,-13.46552196363023,-6.2041201095276195,-8.380903287818473,-0.5096125169471033,-0.05133476260795337,14|5|5|5|5|6|5|5|11|5,52,12
