temperature_step,temperature,current_energy,best_energy,current_D,best_E_D,best_D,accepted,acceptance_rate,new_bests,infeasible_proposals,blackbox_calls,security_pct,raw_DD,raw_S,raw_V,raw_N,raw_P,raw_C,z_DD,z_S,z_V,z_N,z_P,z_C,sizes,n_covered,n_overlap
1,0.025767227566781743,0.00680608599916261,-0.00813874523044,6.425801935280843,6.426482065239164,6.425801935280843,10,0.3333333333333333,1,8,71,65.44133333333333,6.425801935280843,-0.16938304982967173,0.03757665721862979,9023.0,26.470441041329856,7.004451052045962,-0.0009266189312528886,0.030706620087704417,-0.01083798780666763,-0.0480646373013934,0.006033708746429221,-0.00020600092658908312,44|40|5|44|5|39|41|7|5|15,82,52
2,0.025509555291113924,0.08398390665429621,-0.00813874523044,6.424615528202181,6.426482065239164,6.404844452263917,14,0.4666666666666667,0,5,101,65.44133333333333,6.424615528202181,-0.1614954850074652,0.035740123364984513,9442.0,27.860002938007735,6.854916402005725,-0.001242873469626909,0.6987015688427778,-0.44620713405106294,0.3629370571737869,0.03691825939155468,-0.04788663634254516,44|40|5|48|5|39|42|7|7|13,87,52
3,0.025254459738202784,0.04210707245381723,-0.00813874523044,6.42393722380227,6.426482065239164,6.404206472479476,7,0.23333333333333334,0,15,131,65.44133333333333,6.42393722380227,-0.15571232573275706,0.03317069732365115,9613.0,27.884430363366334,6.856369228479852,-0.0014236856450843558,1.1884751897802446,-1.0553158742646214,0.5306728322459965,0.037461185948062414,-0.04742338792877046,44|40|5|48|5|38|45|7|6|13,89,52
4,0.025001915140820754,0.04732844617606369,-0.00813874523044,6.4190191633972,6.426482065239164,6.404206472479476,9,0.3,0,12,161,65.44133333333333,6.4190191633972,-0.154841173210223,0.03261067469232627,9979.0,27.831808400010466,6.857477177077457,-0.002734668149381976,1.262252774848027,-1.1880749706425657,0.8896862455584451,0.036291604588501725,-0.047070107313690185,46|40|5|51|5|37|45|7|5|12,91,52
5,0.024751895989412548,-0.05509513906504242,-0.08968996451233768,6.422657006290209,6.410183913707371,6.379441348203599,10,0.3333333333333333,1,13,191,65.31333333333333,6.422657006290209,-0.14896259028743267,0.029270301983834186,10388.0,28.170979607091162,6.85704668893663,-0.0017649467565331938,1.7601077892633943,-1.9799445086571774,1.2908788303802798,0.04383005994446374,-0.04720737281093877,46|43|5|53|5|36|45|7|5|13,94,54
6,0.024504377029518423,-0.15368459872207751,-0.1993731977700074,6.407663671258919,6.43404615629836,6.379441348203599,9,0.3,3,11,221,65.19133333333333,6.407663671258919,-0.138936250399525,0.024807347334907606,10379.0,29.21300552098566,6.8556996989182295,-0.005761644293398228,2.6092348076262297,-3.0379335848585014,1.2820506316922688,0.06699023883836454,-0.047636874200476256,44|42|5|54|5|38|45|8|6|12,96,55
7,0.024259333259223238,-0.09422200676734674,-0.1993731977700074,6.4523728635753645,6.43404615629836,6.366084616256687,12,0.4,0,11,251,64.79866666666666,6.4523728635753645,-0.13871428185900964,0.02499049667231493,10437.0,30.174899879284876,6.855790479272852,0.006156259123916749,2.6280332412605696,-2.994516159961059,1.3389434676816732,0.0883694052469835,-0.04760792796633896,44|42|5|55|5|38|44|8|7|13,96,59
8,0.024016739926631003,-0.10626760482232163,-0.1993731977700074,6.417753337493337,6.43404615629836,6.366084616256687,8,0.26666666666666666,0,10,281,64.79866666666666,6.417753337493337,-0.1358034723789751,0.024551853020029414,10386.0,30.615337300112202,6.739792260423131,-0.0030720929625748686,2.8745486199966264,-3.0985011270892255,1.2889170084496107,0.09815861425024627,-0.08459513314176566,43|40|5|56|5|38|45|7|8|13,96,60
9,0.023776572527364693,-0.06657856515738464,-0.1993731977700074,6.4170956710202525,6.43404615629836,6.366084616256687,10,0.3333333333333333,0,9,311,64.79866666666666,6.4170956710202525,-0.13473867545928594,0.02420254229487679,10710.0,31.06229493956513,6.738899994027311,-0.0032474037901905222,2.9647258774690215,-3.181308809551409,1.6067321612180079,0.10809274232680917,-0.08487964130560281,44|42|5|57|5|36|46|7|9|13,100,61
10,0.023538806802091045,-0.014006439524900965,-0.1993731977700074,6.408847112331078,6.43404615629836,6.362415834184818,7,0.23333333333333334,0,12,341,64.59933333333335,6.408847112331078,-0.13292079186331415,0.023671772645604522,11108.0,31.2176097689582,6.738804133501059,-0.005446180388386206,3.1186817671391815,-3.307133187140442,1.9971347254211624,0.111544786259359,-0.08491020740384006,44|42|5|59|5|37|47|7|9|13,103,61
11,0.023303418734070134,-0.19148733682344077,-0.26688637493147227,6.416383661661374,6.408847112331078,6.353457595201631,8,0.26666666666666666,1,12,371,64.59933333333335,6.416383661661374,-0.12576557560450824,0.019447018854241556,11282.0,31.391121496995403,6.737688094956906,-0.0034372005262011834,3.7246543868095734,-4.308654312159536,2.1678132333893756,0.11540127639837326,-0.08526606758019123,43|43|5|58|6|38|49|7|11|12,105,63
12,0.023070384546729432,-0.18805631050332622,-0.26688637493147227,6.417838077565792,6.408847112331078,6.353457595201631,9,0.3,0,16,401,64.59933333333335,6.417838077565792,-0.12587348160906212,0.019194841051520785,11663.0,31.402257838859413,6.737698738873939,-0.003049504229771384,3.7155158671768223,-4.368435641240081,2.5415403111818424,0.11564879391819208,-0.08526267365960281,43|45|5|59|5|38|50|7|11|12,109,63
13,0.022839680701262136,-0.17745607664439833,-0.26688637493147227,6.445119219820259,6.408847112331078,6.353457595201631,11,0.36666666666666664,0,13,431,64.59933333333335,6.445119219820259,-0.1283044473592688,0.01917888755687879,11990.0,31.60168297315716,6.853526634644505,0.00422269197099012,3.509638276521361,-4.3722175804230226,2.8622981968462433,0.12008123818343484,-0.04832977772044971,43|43|5|63|5|38|50|8|12|11,110,66
14,0.022611283894249514,-0.2397963828238441,-0.26688637493147227,6.4420404485283616,6.408847112331078,6.353457595201631,11,0.36666666666666664,0,10,461,64.64333333333333,6.4420404485283616,-0.12958989121006811,0.019129006175949138,11993.0,31.27524101665773,6.856910889940201,0.0034019994690739483,3.4007745120265547,-4.384042472289693,2.865240929742247,0.1128257045060188,-0.047250673694291576,41|46|5|64|5|38|48|9|11|10,110,67
15,0.022385171055307018,-0.207322120372781,-0.26688637493147227,6.442338429252304,6.408847112331078,6.353457595201631,9,0.3,0,11,491,64.64333333333333,6.442338429252304,-0.1292746614225973,0.01910857605957441,12199.0,31.388662841187035,6.856912206484439,0.003481430684539332,3.42747120618681,-4.38888564047093,3.067308588601166,0.11534663005263363,-0.047250253900847,43|45|5|65|5|38|48|9|11|10,111,68
16,0.022161319344753946,-0.17290455324923096,-0.26688637493147227,6.444457633308725,6.408847112331078,6.353457595201631,8,0.26666666666666666,0,18,521,64.64333333333333,6.444457633308725,-0.1285149884235632,0.018994527081359548,12294.0,31.917666466746887,6.85692034177403,0.004046336198538482,3.491807631623429,-4.415922118005441,3.1604951303079494,0.12710432095083593,-0.04724765988148826,44|47|5|64|5|38|47|9|13|10,113,68
17,0.021939706151306408,-0.24457940699088804,-0.26688637493147227,6.3644710293744025,6.408847112331078,6.353457595201631,8,0.26666666666666666,0,18,551,64.64333333333333,6.3644710293744025,-0.12505091810512117,0.018106098796179547,12684.0,31.95010039447203,6.652521767399914,-0.017275288527337868,3.785178466223344,-4.626533135738904,3.5430504067884274,0.1278252008812963,-0.11242221241263056,44|47|5|66|5|39|48|8|12|10,115,68
18,0.021720309089793343,-0.1729313474811592,-0.26688637493147227,6.365794155740404,6.408847112331078,6.353457595201631,11,0.36666666666666664,0,17,581,64.64333333333333,6.365794155740404,-0.12316794037578709,0.01774953623100927,13033.0,32.018660478315596,6.650685091531819,-0.01692258941957279,3.9446471539826153,-4.711059941097145,3.8853883336901887,0.1293490246035522,-0.11300785508755834,46|47|5|65|5|40|50|8|13|10,117,68
19,0.02150310599889541,-0.16756131695300094,-0.26688637493147227,6.365931225433301,6.408847112331078,6.353457595201631,8,0.26666666666666666,0,16,611,64.64333333333333,6.365931225433301,-0.12251792761773332,0.017204836184619595,13466.0,32.0095083122565,6.650685791802616,-0.016886051444343252,3.9996964941520696,-4.8401866618952685,4.310122781680053,0.1291456075864042,-0.11300763179913287,47|47|5|67|5|40|51|8|12|10,119,69
20,0.021288074938906453,-0.09397002433336596,-0.26688637493147227,6.379327110325819,6.408847112331078,6.353457595201631,8,0.26666666666666666,0,21,641,64.59933333333335,6.379327110325819,-0.12150153383295828,0.017173358007286907,13649.0,33.22691270445402,6.649482715536242,-0.01331517811680681,4.085774508023256,-4.847648885999366,4.489629488336277,0.15620376720945736,-0.11339124483343048,49|45|5|67|5|39|53|8|13|11,121,69
21,0.02107519418951739,-0.05526299101096402,-0.26688637493147227,6.371293210951701,6.408847112331078,6.353457595201631,7,0.23333333333333334,0,17,671,64.59933333333335,6.371293210951701,-0.1175974005483861,0.016836866017443615,13516.0,33.17950188585883,6.538127013996492,-0.015456734066363552,4.4164141125331815,-4.927417756061506,4.3591683299467805,0.155150009308114,-0.14889813641458663,47|47|5|66|5|39|53|7|13|12,121,70
22,0.020864442247622215,-0.06856376500662476,-0.26688637493147227,6.346758254399139,6.408847112331078,6.283563590770626,11,0.36666666666666664,0,8,701,64.59933333333335,6.346758254399139,-0.11714969468847669,0.01710864905488239,12901.0,33.40462744864628,6.537956218375369,-0.021996893424909885,4.454330156291776,-4.862988805438806,3.755908086266027,0.16015367403297734,-0.14895259632564561,48|47|5|62|5|36|53|7|14|12,119,70
23,0.020655797825145993,-0.004106603802688791,-0.26688637493147227,6.426961922296878,6.408847112331078,6.283563590770626,14,0.4666666666666667,0,12,731,63.958000000000006,6.426961922296878,-0.11646622659959524,0.017260525397791382,12707.0,34.750992472873534,6.538272769031123,-0.0006174070554354611,4.51221281606057,-4.826984963954607,3.5656113589911222,0.1900781263923755,-0.1488516609477673,48|45|5|61|5|37|53|8|14|13,122,70
24,0.020449239846894535,0.09736541591052106,-0.26688637493147227,6.504497224858115,6.408847112331078,6.283563590770626,11,0.36666666666666664,0,12,761,63.91333333333334,6.504497224858115,-0.11852310346189221,0.017419975014216695,12757.0,36.2728301734068,6.737710534029058,0.020050786653293497,4.338016675021289,-4.78918580047374,3.6146569072578503,0.22390265313576865,-0.0852589126551081,48|46|5|60|5|38|52|9|17|13,125,71
25,0.02024474744842559,0.05450064979300731,-0.26688637493147227,6.406863888395956,6.408847112331078,6.283563590770626,9,0.3,0,15,791,64.438,6.406863888395956,-0.11873406135187041,0.017192129356302512,13054.0,35.36500534888125,6.737798431898038,-0.005974838368749634,4.320150729310298,-4.843198945597473,3.9059874639622145,0.20372524194092123,-0.0852308855306688,48|46|5|63|5|37|52|7|18|13,125,71
26,0.020042299973941333,0.09106588279630964,-0.26688637493147227,6.316805441074014,6.408847112331078,6.283563590770626,10,0.3333333333333333,0,12,821,64.46333333333334,6.316805441074014,-0.11782992740284785,0.017044592007315108,13488.0,35.10720601337242,6.737903955127576,-0.029981263479262225,4.396721499194138,-4.878174184164577,4.331702822917413,0.19799536646517782,-0.08519723838176933,47|47|5|65|5|38|53|7|18|13,129,71
27,0.01984187697420192,0.09391639738166568,-0.26688637493147227,6.251130296844422,6.408847112331078,5.817372368632262,11,0.36666666666666664,0,7,851,64.46333333333334,6.251130296844422,-0.11358570190209685,0.016511378027447295,13828.0,34.92530981758802,6.5379865487757725,-0.047487954727598786,4.756163387759944,-5.004578015338095,4.665212551131163,0.19395252225342324,-0.1489429251707442,48|48|5|64|5|36|57|6|18|13,129,73
28,0.0196434582044599,0.09224114865978789,-0.26688637493147227,6.265543491218237,6.408847112331078,5.817372368632262,10,0.3333333333333333,0,17,881,64.12733333333333,6.265543491218237,-0.11424431188894806,0.01650846298929126,14026.0,35.22953953029529,6.537851660099509,-0.0436459023535296,4.700385951462036,-5.005269054967309,4.8594329222674055,0.20071436423565037,-0.148985935789306,49|48|5|66|5|35|56|7|19|12,130,74
29,0.0194470236224153,0.11819614256601668,-0.26688637493147227,6.254556370314408,6.408847112331078,5.817372368632262,7,0.23333333333333334,0,16,911,64.12733333333333,6.254556370314408,-0.11398265389721655,0.01646751785669954,14234.0,35.43488194905469,6.537808095479367,-0.04657468363947634,4.722545670046656,-5.01497551770631,5.063462403056994,0.20527832669527832,-0.14899982680900936,51|47|5|67|5|34|56|7|20|12,132,75
30,0.019252553386191147,0.1453205196475903,-0.26688637493147227,6.253395986422933,6.408847112331078,5.817372368632262,11,0.36666666666666664,0,16,941,64.12733333333333,6.253395986422933,-0.11294404983028931,0.01621077390482597,14407.0,35.15712702760967,6.537812852712909,-0.04688400130837362,4.810504664502156,-5.075839299176357,5.233160000059873,0.19910491624209126,-0.14899830991698432,51|46|5|67|6|33|59|7|20|11,132,75
31,0.019060027852329235,0.12942602579856882,-0.26688637493147227,6.2367927127966025,6.408847112331078,5.817372368632262,10,0.3333333333333333,0,13,971,64.054,6.2367927127966025,-0.11329561013803709,0.016183965080898734,14476.0,35.142235756450916,6.537801825935053,-0.051309852039232676,4.780731152011061,-5.082194605266603,5.300842856667957,0.19877394126402634,-0.14900182591661806,50|45|5|69|5|33|59|7|20|11,131,77
32,0.01886942757380594,0.1491889771189674,-0.26688637493147227,6.263597735287484,6.408847112331078,5.817372368632262,15,0.5,0,11,1001,64.054,6.263597735287484,-0.11247350266224779,0.01570225496895741,14642.0,36.830067154385276,6.537586616752214,-0.04416457267734686,4.850355130202014,-5.196388917425303,5.463674076913494,0.2362878615971633,-0.14907044754098636,49|44|5|71|5|33|60|8|19|10,133,78
33,0.01868073329806788,0.00659430939357647,-0.26688637493147227,6.19473896870647,6.408847112331078,5.817372368632262,9,0.3,0,17,1031,64.14066666666668,6.19473896870647,-0.10738258369500311,0.012891452793157659,14674.0,35.94543818800588,6.537654622084025,-0.06251990604457705,5.281503175422071,-5.862718340708665,5.4950632278042,0.21662600401485013,-0.1490487633531974,49|44|5|70|5|34|61|7|19|10,133,79
34,0.018493925965087202,0.024411985792472335,-0.26688637493147227,6.19820019508265,6.408847112331078,5.817372368632262,6,0.2,0,14,1061,64.14066666666668,6.19820019508265,-0.1071216883987353,0.012769667416194405,14873.0,36.02586428472171,6.537448887663607,-0.06159726442392737,5.30359830160984,-5.891588810745633,5.690264509905777,0.21841356300243348,-0.14911436385374913,46|43|5|72|5|34|63|7|20|10,134,79
35,0.01830898670543633,-0.0029116358586992463,-0.26688637493147227,6.189215638684581,6.408847112331078,5.817372368632262,12,0.4,0,10,1091,64.14066666666668,6.189215638684581,-0.1074440688091212,0.01281173017743186,14742.0,35.71939693255197,6.537437131162384,-0.06399223221135097,5.276296023838495,-5.881617402697649,5.56176517344695,0.2116019870072995,-0.14911811253305815,47|41|5|72|5|35|62|7|20|10,134,79
36,0.018125896838381967,-0.10110882048932618,-0.26688637493147227,6.143685683711777,6.408847112331078,5.817372368632262,14,0.4666666666666667,0,3,1121,64.656,6.143685683711777,-0.10872025832990577,0.012787433245410516,14338.0,36.045114910354606,6.548207551151533,-0.07612892218150248,5.168216005131306,-5.88737723910333,5.165477143451788,0.21884142945712745,-0.14568385519777724,47|40|5|70|5|36|61|9|20|9,134,81
37,0.017944637869998146,-0.197779455509988,-0.26688637493147227,6.003112216220428,6.408847112331078,5.817372368632262,9,0.3,0,8,1151,64.1,6.003112216220428,-0.10823781824915293,0.01115478727091916,14579.0,35.650031579994874,6.696612495018271,-0.1136008808950736,5.209073677211867,-6.274412676878026,5.401876686097417,0.21006026529688956,-0.09836343802001053,47|39|5|72|5|37|61|10|19|8,134,83
38,0.017765191491298165,-0.14928634420702008,-0.26688637493147227,6.0571866448348555,6.408847112331078,5.817372368632262,10,0.3333333333333333,0,10,1181,64.1,6.0571866448348555,-0.10751372030030999,0.01063062644393042,15144.0,36.568587258375416,6.696481382683829,-0.09918653377352679,5.270397264799916,-6.3986703655059225,5.956091381511443,0.23047618159189995,-0.09840524451379223,47|39|5|75|5|37|61|12|21|8,138,86
39,0.017587539576385182,-0.08988761638243363,-0.26688637493147227,5.977658891639236,6.408847112331078,5.817372368632262,13,0.43333333333333335,0,9,1211,64.1,5.977658891639236,-0.10690642870988083,0.01072270700492719,15714.0,35.43578337598017,6.697492882687777,-0.12038584497720559,5.3218285650772845,-6.376841726111502,6.515210631752142,0.20529836190608788,-0.09808271750818859,48|41|5|78|5|37|60|11|21|8,139,86
40,0.01741166418062133,-0.07678218635198315,-0.26688637493147227,5.977980326095578,6.408847112331078,5.817372368632262,6,0.2,0,13,1241,64.1,5.977980326095578,-0.10649406029402664,0.01076670425648527,15533.0,36.16433078219908,6.697494741666034,-0.12030016181883935,5.356751893763118,-6.366411727334228,6.337665747026587,0.22149113411619023,-0.09808212475417125,48|42|5|76|5|38|59|11|23|8,140,86
41,0.017237547538815116,-0.03102299832470304,-0.26688637493147227,5.966821207149499,6.408847112331078,5.817372368632262,7,0.23333333333333334,0,13,1271,64.1,5.966821207149499,-0.10614497274934016,0.010848560355944347,15760.0,36.346459570289525,6.697429935049514,-0.12327479175356038,5.386315988864734,-6.347006901190862,6.5603325361575315,0.22553914794930024,-0.09810278899924096,50|43|5|74|5|37|61|11|25|7,140,86
42,0.017065172063426965,-0.05039341696609764,-0.26688637493147227,5.959814027753089,6.408847112331078,5.817372368632262,6,0.2,0,15,1301,64.1,5.959814027753089,-0.10607405609941387,0.01095376887781149,15367.0,37.11998901904376,6.692690624619877,-0.1251426601481207,5.392321893729062,-6.322066144312345,6.17483452678105,0.24273169582547746,-0.09961396605858962,49|43|5|72|5|37|60|11|27|8,139,86
43,0.016894520342792697,-0.024355567605109207,-0.26688637493147227,5.957248965592835,6.408847112331078,5.817372368632262,7,0.23333333333333334,0,15,1331,64.1,5.957248965592835,-0.10583846449738699,0.010931293218644948,15501.0,37.68579128563065,6.692655447837146,-0.12582641580331014,5.412274059406358,-6.327394229347747,6.306276596135881,0.2553072772366455,-0.09962518253150782,50|44|5|73|5|36|58|11|29|8,140,86
44,0.01672557513936477,0.008830962265428371,-0.26688637493147227,5.96442751090722,6.408847112331078,5.798199714394459,8,0.26666666666666666,0,14,1361,64.1,5.96442751090722,-0.10567617374019941,0.011031635745455574,15532.0,38.53785761444458,6.692651237969486,-0.12391286726214819,5.42601840363358,-6.303607006399019,6.336684836061252,0.2742453941698852,-0.09962652489038601,51|42|5|72|5|35|60|12|30|8,141,87
45,0.016558319387971122,0.05001602851662024,-0.26688637493147227,5.927773427912089,6.408847112331078,5.798199714394459,5,0.16666666666666666,0,11,1391,64.1,5.927773427912089,-0.10483585178789578,0.011214631635843617,15580.0,37.75002791112316,6.68908976804282,-0.1336835609014859,5.497184959106629,-6.26022595768797,6.383768562397311,0.2567350073133254,-0.10076213559380864,53|42|5|70|5|35|60|12|32|8,142,88
46,0.01639273619409141,0.05088840579137702,-0.26688637493147227,5.949607970561597,6.408847112331078,5.798199714394459,14,0.4666666666666667,0,9,1421,64.23333333333333,5.949607970561597,-0.10455887461920119,0.011264266021614055,15290.0,38.271756438192384,6.68922894839637,-0.12786323722808418,5.520642053124743,-6.248459618551696,6.099304382450288,0.2683310010979847,-0.10071775653054187,53|42|5|66|5|36|61|13|33|6,141,87
47,0.016228808832150495,-0.1754832933417282,-0.26688637493147227,5.958066876270496,6.408847112331078,5.798199714394459,12,0.4,0,10,1451,64.23333333333333,5.958066876270496,-0.10037447599387275,0.007658801913891307,15226.0,40.82511439707218,6.688357371446246,-0.12560838948801997,5.875017225729046,-7.1031717858653565,6.036526080668876,0.32508220691666145,-0.10099566765538577,53|43|5|65|6|35|60|14|35|6,141,87
48,0.01606652074382899,-0.19636923560000866,-0.26688637493147227,5.9648416799072645,6.408847112331078,5.798199714394459,12,0.4,0,8,1481,64.23333333333333,5.9648416799072645,-0.10098059467198424,0.00777169430029436,15013.0,41.7311165572538,6.689012708177229,-0.1238024643251853,5.823685258962234,-7.076409490257119,5.827592045052616,0.34521910737976397,-0.10078670691126215,51|42|5|66|6|33|59|16|37|6,140,88
49,0.0159058555363907,-0.20046655375269495,-0.26688637493147227,5.800103245112055,6.408847112331078,5.798199714394459,12,0.4,0,11,1511,64.27133333333335,5.800103245112055,-0.0985179343058106,0.0073184271927934615,15600.0,42.07948622463107,6.575812840635028,-0.16771595623335303,6.032247054926418,-7.183861097109693,6.403386781704002,0.35296200869352456,-0.13688162947243337,54|43|5|69|5|30|59|15|37|7,143,89
50,0.01574679698102679,-0.21981037021331826,-0.26688637493147227,5.791623791875691,6.408847112331078,5.777699355410755,4,0.13333333333333333,0,16,1541,64.27133333333335,5.791623791875691,-0.09866574470365891,0.00740102525750116,15401.0,41.97728282850598,6.575877248496361,-0.16997628122395808,6.01972904697824,-7.164280380510403,6.208185499602425,0.3506904251309098,-0.13686109237448796,53|42|5|70|5|30|58|14|37|7,142,88
51,0.015589329011216523,-0.24155551680960194,-0.26688637493147227,5.781044577921664,6.408847112331078,5.771572344817058,10,0.3333333333333333,0,15,1571,64.23333333333333,5.781044577921664,-0.0989083185529304,0.007411921231009306,15313.0,41.852021316879146,6.576001439517924,-0.17279632881602397,5.999185557363139,-7.161697378474079,6.121865334652983,0.3479063494384395,-0.1368214928113131,51|40|5|72|5|30|58|14|37|7,140,88
52,0.015433435721104357,-0.2574267259449714,-0.2670732250408925,5.815344951638499,5.782090014915,5.771572344817058,12,0.4,1,8,1601,64.23333333333333,5.815344951638499,-0.09838932880387805,0.007362440074022878,14838.0,42.33507266549727,6.57615682343875,-0.16365305156239562,6.043138607339552,-7.173427393158866,5.655932626119068,0.3586427001373613,-0.1367719470767531,49|40|5|70|5|32|57|14|37|7,140,88
53,0.015279101363893313,-0.29787397638287216,-0.29787397638287216,5.81212566343696,5.81212566343696,5.771572344817058,9,0.3,6,13,1631,64.23333333333333,5.81212566343696,-0.09850903814884115,0.007346086997925246,14589.0,41.601852280994486,6.576143183063974,-0.1645112009466854,6.033000467171245,-7.177304057215433,5.4116857957507625,0.342346065814447,-0.13677629644819628,50|41|5|68|5|30|58|14|35|7,140,86
54,0.01512631035025438,-0.2742727331975485,-0.32701710878059065,5.8754230401201415,5.878846908537143,5.771572344817058,17,0.5666666666666667,4,5,1661,64.66600000000001,5.8754230401201415,-0.09801021504261476,0.0074434936665639505,14284.0,41.95364458647516,6.57625057052142,-0.1476383391749892,6.075245611622347,-7.154212809493769,5.112507951323722,0.3501650390470599,-0.1367420548713753,50|40|5|66|5|30|58|13|36|7,138,87
55,0.014975047246751836,-0.30409879671581463,-0.32701710878059065,5.800524740497216,5.878846908537143,5.771572344817058,10,0.3333333333333333,0,9,1691,64.23333333333333,5.800524740497216,-0.0986064072384792,0.007462158276395433,14449.0,41.6873862733946,6.5761665829989635,-0.16760360033894023,6.024754314967212,-7.149788172707909,5.2743582606039245,0.344247153435284,-0.13676883514228022,49|40|5|66|5|29|60|14|37|6,138,88
56,0.014825296774284317,-0.21577610028099772,-0.32701710878059065,5.799663072214212,5.878846908537143,5.770964229296913,14,0.4666666666666667,0,6,1721,64.23333333333333,5.799663072214212,-0.0981712580424888,0.007439747187611196,14741.0,45.583234717432106,6.577491760337384,-0.16783329089791782,6.061606939500711,-7.155100950673332,5.560784262481616,0.4308366956955248,-0.13634628894634684,48|40|5|66|5|28|61|14|41|7,139,90
57,0.014677043806541473,-0.21945231030105405,-0.32701710878059065,5.806250798064679,5.878846908537143,5.770964229296913,14,0.4666666666666667,0,10,1751,64.23333333333333,5.806250798064679,-0.09856689314302096,0.0073942214126540605,14812.0,46.455765074037274,6.57757966674106,-0.16607723411501032,6.028100749103185,-7.165893301566218,5.630428941020369,0.4502296482890058,-0.13631825910053352,49|41|5|66|5|27|61|15|40|7,140,91
58,0.014530273368476058,-0.17431024973286882,-0.32701710878059065,5.818371016895741,5.878846908537143,5.770964229296913,12,0.4,0,7,1781,64.23333333333333,5.818371016895741,-0.09809478543590472,0.007361111162789152,14967.0,47.42005461616413,6.577460746778711,-0.16284640864173988,6.068083376280348,-7.173742425167729,5.782470140647226,0.47166205030836367,-0.13635617793317129,47|43|5|67|5|28|60|16|41|7,139,92
59,0.014384970634791298,-0.15637894023063892,-0.32701710878059065,5.817974996888509,5.878846908537143,5.7659631100930735,10,0.3333333333333333,0,7,1811,64.23333333333333,5.817974996888509,-0.09813319035392203,0.007513327497032941,14973.0,47.516358395553645,6.577401360466577,-0.1629519736934211,6.064830877971784,-7.137657985257933,5.788355606439233,0.47380250836135385,-0.13637511385937182,47|44|5|67|5|28|58|16|43|6,139,93
60,0.014241120928443384,-0.15230942220054158,-0.32701710878059065,5.8296361163141865,5.878846908537143,5.7659631100930735,18,0.6,0,8,1841,64.23333333333333,5.8296361163141865,-0.09794332566660356,0.007451426864947876,14948.0,47.751197847743796,6.577559534124053,-0.1598435280281685,6.080910448147692,-7.152332163623539,5.763832832305869,0.47902207502620003,-0.13632467858906808,48|46|5|67|5|28|56|16|42|7,139,93
61,0.01409870971915895,-0.15603646590947545,-0.32701710878059065,5.81469385293519,5.878846908537143,5.7659631100930735,8,0.26666666666666666,0,7,1871,64.23333333333333,5.81469385293519,-0.09857883267834099,0.007592728888227181,15054.0,47.75106334890218,6.5775936555420875,-0.1638266116528185,6.0270895942709855,-7.118835072831768,5.867809394631332,0.4790190856406278,-0.13631379862985646,50|45|5|68|5|26|55|16|43|7,140,93
62,0.01395772262196736,-0.1337361198007934,-0.32701710878059065,5.798310202868195,5.878846908537143,5.7659631100930735,14,0.4666666666666667,0,1,1901,64.23333333333333,5.798310202868195,-0.09796354070784907,0.007570870295218525,15288.0,46.03713467146958,6.576492535960341,-0.16819391844153256,6.079198443778123,-7.124016876019002,6.097342560519619,0.4409251243951066,-0.13666490174416807,48|49|5|71|5|28|53|13|41|7,140,92
63,0.013818145395747687,-0.13357266341248414,-0.32701710878059065,5.803961450983081,5.878846908537143,5.7659631100930735,12,0.4,0,3,1931,64.19266666666667,5.803961450983081,-0.09789172014364636,0.00776931926665668,14930.0,46.156707118859956,6.585715108347871,-0.16668749379525855,6.0852809008083435,-7.076972516288514,5.746176434929847,0.44358275434021277,-0.1337241912701158,50|49|5|67|6|28|53|13|41|6,140,90
64,0.01367996394179021,-0.11855161227567201,-0.32701710878059065,5.7795383049094085,5.878846908537143,5.7659631100930735,8,0.26666666666666666,0,6,1961,64.19266666666667,5.7795383049094085,-0.09819121613059374,0.007838216134077546,15234.0,45.675066955142675,6.588192611074499,-0.17319784839958322,6.059916696397622,-7.060639808732702,6.044373368391553,0.4328777687871287,-0.13293421447063417,51|48|5|67|5|28|57|11|40|6,139,91
65,0.013543164302372308,-0.04547369415899227,-0.32701710878059065,5.81539692322136,5.878846908537143,5.749911568491085,10,0.3333333333333333,0,8,1991,64.15400000000001,5.81539692322136,-0.0979350482270642,0.007690278664833619,15534.0,49.32067287698452,6.588609390890852,-0.16363919776023808,6.081611461442106,-7.0957098999016965,6.338646657991921,0.5139053941088054,-0.13280132001127692,51|47|5|68|5|27|58|12|42|7,139,93
66,0.013407732659348585,-0.06120581359132432,-0.32701710878059065,5.831585494765718,5.878846908537143,5.749911568491085,15,0.5,0,4,2021,64.15400000000001,5.831585494765718,-0.09951090811188654,0.007235844298472828,15570.0,57.544355837176596,6.597429439206882,-0.15932389206729702,5.948152470392878,-7.203438217413465,6.373959452743965,0.6966858470564045,-0.1299889584081662,49|46|5|67|5|28|61|14|42|7,142,93
67,0.013273655332755098,-0.0063640491167610835,-0.32701710878059065,5.867543716270745,5.878846908537143,5.749911568491085,11,0.36666666666666664,0,11,2051,64.15400000000001,5.867543716270745,-0.09923156841643616,0.00719664468633649,15764.0,59.242473387076856,6.59770129278364,-0.14973869070820867,5.971809645928512,-7.212730886663768,6.5642561800188695,0.7344283884981756,-0.1299022751459497,50|47|5|67|5|27|60|17|43|7,145,93
68,0.013140918779427547,-0.06192740022085019,-0.32701710878059065,5.845245663129977,5.878846908537143,5.749911568491085,10,0.3333333333333333,0,8,2081,64.15400000000001,5.845245663129977,-0.09899007694177588,0.007083620092323911,15368.0,59.10772111911465,6.588125021489004,-0.1556825700304948,5.992261469637943,-7.239524523438939,6.175815437746384,0.731433370245031,-0.13295576609350565,47|46|5|66|5|26|62|17|42|8,143,93
69,0.01300950959163327,-0.07542715752309159,-0.32701710878059065,5.845245663129977,5.878846908537143,5.749911568491085,2,0.06666666666666667,0,20,2111,64.15400000000001,5.845245663129977,-0.09929575632041648,0.007187976643155245,15239.0,59.08329369375605,6.588125021489004,-0.1556825700304948,5.966373596070726,-7.214785735014066,6.049277923218226,0.7308904436885234,-0.13295576609350565,47|45|5|66|5|26|61|17|43|8,143,92
70,0.012879414495716938,-0.09530508917746794,-0.32701710878059065,5.797109994427811,5.878846908537143,5.749911568491085,10,0.3333333333333333,0,14,2141,64.23533333333333,5.797109994427811,-0.09918374320393529,0.0072256026231733396,15065.0,59.17401857766029,6.587827060184898,-0.1685138519391431,5.975859945494199,-7.205866111362929,5.8785994152500125,0.7329069046165415,-0.13305077406861598,51|43|5|66|5|24|59|18|42|8,144,91
71,0.01275062035075977,-0.09084060784796705,-0.32701710878059065,5.781602588448785,5.878846908537143,5.749911568491085,12,0.4,0,4,2171,64.23533333333333,5.781602588448785,-0.09901801735675651,0.007211807467559538,15203.0,58.25645946319153,6.587632672697546,-0.1726475827702219,5.989895206222822,-7.209136394189445,6.0139651284661815,0.7125131380571263,-0.13311275648480755,52|43|5|64|5|24|62|16|42|8,145,92
72,0.012623114147252172,-0.07889388672515296,-0.32701710878059065,5.823138819105747,5.878846908537143,5.749911568491085,10,0.3333333333333333,0,11,2201,64.38866666666667,5.823138819105747,-0.0987025808770468,0.007086977525090865,15259.0,57.96231817884709,6.587772754034238,-0.16157547970503408,6.016609405072376,-7.2387286096394625,6.068896142524917,0.7059755225576823,-0.13306809013395443,53|45|5|62|5|25|63|16|40|9,145,93
73,0.01249688300577965,-0.06738035857567576,-0.32701710878059065,5.792607825763967,5.878846908537143,5.749911568491085,11,0.36666666666666664,0,10,2231,64.27400000000002,5.792607825763967,-0.09878727294679637,0.007091324456668287,15435.0,58.45919011480507,6.587674358526827,-0.16971397228406868,6.009436864995995,-7.237698125019814,6.2415364724238,0.7170190511021276,-0.13309946453657068,55|45|5|61|5|24|63|16|42|7,144,95
74,0.012371914175721853,-0.059486702240563294,-0.32701710878059065,5.762278267074744,5.878846908537143,5.749911568491085,6,0.2,0,5,2261,64.27400000000002,5.762278267074744,-0.09863547417736318,0.007173310165476124,15412.0,58.66541672925185,6.587356154504703,-0.17779876944590392,6.022292646659193,-7.21826257365382,6.218975520221105,0.7216026657892326,-0.13320092710703638,56|45|5|60|5|24|62|14|44|7,144,95
75,0.012248195033964635,-0.027823586698173308,-0.32701710878059065,5.809138247044774,5.878846908537143,5.749911568491085,6,0.2,0,3,2291,64.37266666666667,5.809138247044774,-0.09728408720627886,0.007207631185129621,15361.0,57.65758779893213,6.546714953380538,-0.16530754143473034,6.136741109631724,-7.210126424682146,6.168949060989042,0.699202552692797,-0.1461597850917673,55|46|5|60|6|23|61|12|46|7,144,95
76,0.012125713083624989,0.019259575324827083,-0.32701710878059065,5.717199966630355,5.878846908537143,5.1686730564027075,14,0.4666666666666667,0,3,2321,63.80333333333335,5.717199966630355,-0.09729758118362007,0.0071593781711780016,15912.0,59.78878076079074,6.546949013863417,-0.1898150641512618,6.135598309679429,-7.2215652954909455,6.709431002888384,0.7465706743449667,-0.14608515253973717,57|49|5|59|5|21|63|13|46|6,144,97
77,0.01200445595278874,0.02679770335175863,-0.32701710878059065,5.75587050992639,5.878846908537143,5.1686730564027075,7,0.23333333333333334,0,8,2351,63.80333333333335,5.75587050992639,-0.09776615925307466,0.007173405011635513,16002.0,60.39355620811555,6.546729583816473,-0.17950685288152446,6.095914606210922,-7.2182400894010215,6.7977129897684945,0.7600124778202105,-0.14615512002931097,56|47|5|60|5|21|64|15|47|6,145,97
78,0.011884411393260852,-0.0023827711182760614,-0.32701710878059065,5.778418513850569,5.878846908537143,5.1686730564027075,12,0.4,0,5,2381,63.80333333333335,5.778418513850569,-0.09792695224102987,0.007246634341760358,15753.0,59.502281612548984,6.542444556500801,-0.17349634544225775,6.082297107506262,-7.200880327220095,6.553466159400189,0.7402029137761051,-0.14752144432358677,56|46|5|60|5|21|63|14|47|6,146,97
79,0.011765567279328244,0.009054449728831127,-0.32701710878059065,5.766137132370108,5.878846908537143,5.1686730564027075,8,0.26666666666666666,0,8,2411,63.80333333333335,5.766137132370108,-0.09794955316131274,0.007275908624811725,15937.0,58.98472807523543,6.5422893041994605,-0.17677013122839658,6.080383043923081,-7.19394055881142,6.733953777021748,0.728699713758215,-0.14757094808994256,56|45|5|61|5|20|64|13|48|6,146,97
80,0.011647911606534962,-0.03427679561675134,-0.32701710878059065,5.757650500047492,5.878846908537143,5.1686730564027075,8,0.26666666666666666,0,6,2441,63.80333333333335,5.757650500047492,-0.098101167440206,0.007375904326025985,15515.0,58.528368946187676,6.542233724631736,-0.1790323699117377,6.067542886695503,-7.17023555441994,6.320009349650564,0.7185566271730566,-0.14758867019719007,53|45|5|61|5|20|64|13|47|6,145,96
81,0.011531432490469612,-0.016134047000791407,-0.32701710878059065,5.748003250587559,5.878846908537143,5.1686730564027075,9,0.3,0,7,2471,63.80333333333335,5.748003250587559,-0.09783573101417868,0.007322586910743093,15656.0,58.89606142255263,6.538904991515703,-0.18160398843914136,6.090022599483746,-7.182874993396574,6.458317795762738,0.7267289992964391,-0.14865007041486472,54|48|5|60|5|19|62|12|49|6,145,97
82,0.011416118165564915,-0.07898071347108077,-0.32701710878059065,5.758561335017766,5.878846908537143,5.1686730564027075,16,0.5333333333333333,0,4,2501,63.80333333333335,5.758561335017766,-0.09805845359895898,0.007399649292349384,15096.0,57.9495247864766,6.539039498707045,-0.17878957323744307,6.0711603061193795,-7.164606567132121,5.909007655175384,0.7056911752569006,-0.14860718143662796,52|44|5|61|5|20|62|14|47|6,144,96
83,0.011301956983909267,-0.07393809740409713,-0.32701710878059065,5.777328066008378,5.878846908537143,5.1686730564027075,10,0.3333333333333333,0,13,2531,63.80333333333335,5.777328066008378,-0.09748959896519821,0.007316598547698018,14889.0,58.1673068515538,6.544811100084429,-0.17378702061198265,6.119336394746669,-7.184294596145066,5.705959085351131,0.7105316226198841,-0.14676684796898545,50|45|5|60|5|20|62|15|47|6,144,95
84,0.011188937414070173,-0.1125093164046988,-0.32701710878059065,5.790882270223795,5.878846908537143,5.1686730564027075,9,0.3,0,9,2561,63.80333333333335,5.790882270223795,-0.09781404079052723,0.007455394970611075,14425.0,58.213058045602864,6.544981098545127,-0.17017394490275126,6.091859536505898,-7.151391483563998,5.250816397435895,0.7115484935293855,-0.14671264224058989,51|43|5|58|5|20|62|16|45|6,144,94
85,0.011077048039929472,-0.05154986121609273,-0.32701710878059065,5.84145580739566,5.878846908537143,5.1686730564027075,7,0.23333333333333334,0,15,2591,63.967999999999996,5.84145580739566,-0.0968012826460015,0.007358361420657123,14578.0,58.34581549613024,6.544371718873736,-0.15669281271811605,6.177629649348469,-7.174394279682711,5.400895775132082,0.7144991747578598,-0.1469069491114969,51|43|6|57|5|21|63|16|46|6,145,95
86,0.010966277559530177,-0.09335432875273214,-0.32701710878059065,5.814502647364575,5.878846908537143,5.1686730564027075,8,0.26666666666666666,0,10,2621,63.967999999999996,5.814502647364575,-0.09667326557189555,0.006918620055420403,14714.0,58.107145062041255,6.546557637436671,-0.1638775803553464,6.1884713680265095,-7.278639470900641,5.534299666417582,0.7091944602814926,-0.14620994687141228,52|44|5|55|6|22|64|16|46|6,145,95
87,0.010856614783934876,-0.12420815606000979,-0.32701710878059065,5.7987917891458185,5.878846908537143,5.1686730564027075,12,0.4,0,7,2651,63.84666666666668,5.7987917891458185,-0.09663816753933761,0.006878691301038705,14423.0,58.56833119918616,6.546557637436671,-0.1680655444216398,6.191443807428078,-7.2881049907827045,5.248854575505225,0.7194448324624906,-0.14620994687141228,53|44|5|56|5|22|60|16|46|6,144,94
88,0.010748048636095527,-0.08778790533897862,-0.32701710878059065,5.841649991790528,5.878846908537143,5.1686730564027075,11,0.36666666666666664,0,11,2681,63.80333333333335,5.841649991790528,-0.0962583609541237,0.006927869813732603,14497.0,58.17358252305,6.546889920529187,-0.1566410499654632,6.223609486715114,-7.276446721024914,5.321441986939983,0.7106711063626522,-0.14610399504696978,53|44|5|57|5|25|60|16|44|6,145,95
89,0.010640568149734572,-0.07344967095660093,-0.32701710878059065,5.824186949336438,5.878846908537143,5.1686730564027075,8,0.26666666666666666,0,11,2711,63.80333333333335,5.824186949336438,-0.09597673932773508,0.006956641068465816,14653.0,57.12076519636034,6.546977101966968,-0.16129608492711614,6.247459918138277,-7.269626200627364,5.4744640975321746,0.6872710763791371,-0.14607619636386351,54|43|5|59|5|26|60|14|43|6,145,95
90,0.010534162468237226,-0.0479066469662392,-0.32701710878059065,5.936191026002149,5.878846908537143,5.1686730564027075,8,0.26666666666666666,0,8,2741,63.924666666666674,5.936191026002149,-0.09593421916581316,0.007008175757979809,14558.0,56.78076883889352,6.548348853952178,-0.1314397243245901,6.251060934931714,-7.257409375039781,5.381277555825391,0.6797142811428496,-0.14563879937078997,52|42|5|59|5|27|61|14|43|8,147,95
91,0.010428820843554855,-0.06608484646102247,-0.32701710878059065,5.907515565761788,5.878846908537143,5.1686730564027075,9,0.3,0,4,2771,64.13266666666668,5.907515565761788,-0.09605843466090822,0.006886757534096742,14735.0,56.03564357584552,6.548404935170713,-0.1390835968234,6.240541170574659,-7.286192807681416,5.554898796689608,0.6631530477220232,-0.14562091730710824,51|42|5|61|5|28|61|14|43|7,148,96
92,0.010324532635119305,-0.11081084506072991,-0.32701710878059065,5.93410869073026,5.878846908537143,5.1686730564027075,10,0.3333333333333333,0,2,2801,64.21933333333334,5.93410869073026,-0.09581314185664125,0.00701124856058304,14052.0,54.73519997116743,6.55544643990961,-0.13199480191304644,6.261314927483127,-7.256680935733699,4.884936607366105,0.6342492497222135,-0.14337566231005752,48|41|5|60|5|28|60|13|42|10,147,94
93,0.010221287308768113,-0.15676595474943872,-0.32701710878059065,5.892035719644032,5.878846908537143,5.1686730564027075,11,0.36666666666666664,0,1,2831,64.25733333333334,5.892035719644032,-0.09655298909098511,0.0071006050452602585,13869.0,55.10264387057531,6.555234084058325,-0.14320998116155872,6.198657538728526,-7.235498066510731,4.70542990070988,0.6424160969476852,-0.14344337412080393,50|38|5|60|5|26|59|13|43|10,146,92
94,0.010119074435680431,-0.1642597780743496,-0.32701710878059065,5.766663416023722,5.878846908537143,5.1686730564027075,11,0.36666666666666664,0,4,2861,63.80333333333335,5.766663416023722,-0.09656150033715519,0.007052488476301223,14243.0,55.09350819661,6.548028985322464,-0.17662984245490496,6.197936724436995,-7.246904591637574,5.072290601745006,0.6422130464855695,-0.14574079271822013,48|40|5|61|5|25|62|13|43|9,147,93
95,0.010017883691323627,-0.2270313217785746,-0.32701710878059065,5.768477271721793,5.878846908537143,5.1686730564027075,14,0.4666666666666667,0,2,2891,63.80333333333335,5.768477271721793,-0.09688567778918128,0.006989526033483105,13893.0,54.397352940329675,6.548034348443722,-0.17614633210943592,6.17048225587351,-7.261830483104687,4.72897176387791,0.6267402256483958,-0.14573908263276947,48|41|5|60|5|25|60|13|42|10,147,92
96,0.00991770485441039,-0.19043427892683734,-0.32701710878059065,5.797382854063362,5.878846908537143,5.1686730564027075,9,0.3,0,3,2921,63.80333333333335,5.797382854063362,-0.09680699714925327,0.006959460315189253,13924.0,56.34151588878694,6.555055285404679,-0.16844111712523804,6.177145690180732,-7.268957869337637,4.7593800038032805,0.669951398311922,-0.14350038587971786,46|43|5|59|5|27|60|13|43|9,147,92
97,0.009818527805866287,-0.17568144731071084,-0.32701710878059065,5.794829892972955,5.878846908537143,5.1686730564027075,9,0.3,0,7,2951,63.80333333333335,5.794829892972955,-0.09682113046545814,0.006905658080994621,14085.0,57.361078995064766,6.547663162533196,-0.16912164705940197,6.175948744856438,-7.281712239599238,4.917306669222145,0.6926123164523958,-0.14585743901416057,47|44|5|59|5|28|62|14|39|8,148,91
98,0.009720342527807624,-0.18357464770408388,-0.32701710878059065,5.788773157105094,5.878846908537143,5.1686730564027075,10,0.3333333333333333,0,7,2981,63.768666666666675,5.788773157105094,-0.09629245214981022,0.0068987249315221755,13672.0,58.49851098258485,6.5477064341591396,-0.17073616052648607,6.220722315955959,-7.283355813639877,4.512190440538972,0.7178930008954101,-0.14584364141862052,48|44|5|58|5|27|60|16|37|8,148,89
99,0.009623139102529548,-0.16142631656743062,-0.32701710878059065,5.844703686669177,5.878846908537143,5.1686730564027075,11,0.36666666666666664,0,8,3011,63.80333333333335,5.844703686669177,-0.09682331824230807,0.0069019883142124915,13891.0,59.39520407661024,6.544389747391564,-0.15582704195628042,6.17576346284384,-7.282582195373634,4.72700994194724,0.7378229970631025,-0.14690120053626396,49|44|5|57|5|29|60|17|38|9,148,89
100,0.009526907711504252,-0.14756302934862486,-0.32701710878059065,5.846128899951951,5.878846908537143,5.1686730564027075,11,0.36666666666666664,0,5,3041,63.80333333333335,5.846128899951951,-0.09640587634437939,0.007061213824997003,13774.0,58.34842932271596,6.544457768904516,-0.15544713005509994,6.211116462850891,-7.244836158428556,4.612243359003097,0.7145572699458159,-0.14687951118895487,52|41|5|55|5|30|60|17|38|9,149,87
101,0.00943163863438921,-0.13946364369487696,-0.32701710878059065,5.835486182669188,5.878846908537143,5.1686730564027075,8,0.26666666666666666,0,2,3071,63.80333333333335,5.835486182669188,-0.09647918478818988,0.007028761562750288,13983.0,58.1153705377441,6.544420322182206,-0.1582841054085355,6.204907997846757,-7.252529299330918,4.817253750758019,0.7093772805801292,-0.1468914514550637,53|41|5|54|5|31|62|17|37|8,150,86
102,0.009337322248045319,-0.12724813775744737,-0.32701710878059065,5.829988785371831,5.878846908537143,5.1686730564027075,12,0.4,0,5,3101,63.85133333333335,5.829988785371831,-0.0966654071708637,0.006994984805737267,14230.0,58.22892812548107,6.54454508273878,-0.15974951882000543,6.189136893104641,-7.260536425273343,5.0595387591956555,0.7119012236142506,-0.14685167028989105,52|40|5|57|5|32|63|17|36|7,150,88
103,0.009243949025564866,-0.1227744695626048,-0.32701710878059065,5.831717097675521,5.878846908537143,5.1686730564027075,8,0.26666666666666666,0,7,3131,63.85133333333335,5.831717097675521,-0.09639671883376345,0.006943532030530294,14100.0,59.2610477392823,6.5445700914739735,-0.15928881134480546,6.211892009039417,-7.272733832236084,4.932020333702163,0.7348412240276764,-0.14684369600176003,50|42|5|56|5|32|62|17|38|7,150,88
104,0.009151509535309217,-0.13417026967426937,-0.32701710878059065,5.837936427668779,5.878846908537143,5.1686730564027075,16,0.5333333333333333,0,6,3161,63.85133333333335,5.837936427668779,-0.0965938108117475,0.007040431275562742,14147.0,56.41901537722299,6.561474156862857,-0.1576309559835314,6.195200362288974,-7.249762874473576,4.978123149072887,0.671673910192319,-0.14145366380094251,52|41|5|56|5|33|61|14|39|7,150,90
105,0.009059994439956125,-0.12299066178280676,-0.32701710878059065,5.882305184951807,5.878846908537143,5.1686730564027075,12,0.4,0,5,3191,63.85133333333335,5.882305184951807,-0.09605795148447138,0.0069811174264112485,13818.0,57.48544279823213,6.567923335916078,-0.14580380061237697,6.240582090608464,-7.263823829470021,4.655403441477818,0.6953764395810781,-0.1393972778389861,52|40|5|56|5|32|60|14|38|8,148,89
106,0.008969394495556565,-0.1305869066804753,-0.32701710878059065,5.866787895554547,5.878846908537143,5.1686730564027075,7,0.23333333333333334,0,8,3221,63.85133333333335,5.866787895554547,-0.09632046128827032,0.007027924167276614,13827.0,57.60017542893904,6.567845231817113,-0.14994016601629961,6.218350232374768,-7.2527278124983825,4.664231640165829,0.6979264992453418,-0.13942218212081112,51|39|5|57|5|31|60|14|40|7,148,89
107,0.008879700550601,-0.15804159784681737,-0.32701710878059065,5.870097265920687,5.878846908537143,5.1686730564027075,10,0.3333333333333333,0,7,3251,63.85133333333335,5.870097265920687,-0.09651242581449579,0.007074412060403976,13596.0,57.051565361048425,6.5726081509086915,-0.14905800388470447,6.202092827618138,-7.241707381646325,4.437641207173545,0.6857330334726393,-0.13790347720084686,50|40|5|56|5|30|61|14|38|7,147,90
108,0.00879090354509499,-0.12302960572553845,-0.32701710878059065,5.854193406238962,5.878846908537143,5.1686730564027075,7,0.23333333333333334,0,5,3281,63.85133333333335,5.854193406238962,-0.09608403370675728,0.007075788847550812,13735.0,57.71784334903566,6.572465428592705,-0.15329741537547312,6.238373196845685,-7.241381000162265,4.5739878313550495,0.7005417989640654,-0.13794898565465646,49|40|5|56|5|28|63|15|39|7,148,90
109,0.008702994509644039,-0.12204470457626937,-0.32701710878059065,5.832176956547503,5.878846908537143,5.1686730564027075,13,0.43333333333333335,0,6,3311,63.85133333333335,5.832176956547503,-0.096135392925428,0.007128899492937995,13988.0,55.56108340975027,6.575420393737302,-0.15916622908961545,6.234023603603997,-7.228790578105623,4.822158305584693,0.6526054229498066,-0.13700676513460658,51|39|5|60|5|27|61|14|39|7,149,90
110,0.008615964564547598,-0.154435305280544,-0.32701710878059065,5.858303638873652,5.878846908537143,5.1686730564027075,10,0.3333333333333333,0,7,3341,63.85133333333335,5.858303638873652,-0.09642051541335925,0.006988796238965003,13787.0,56.55267464341246,6.572318030258781,-0.15220177143683472,6.20987668551106,-7.2620034883643765,4.624995201552446,0.6746446352717042,-0.13799598510407388,52|39|5|59|5|26|59|15|40|7,149,89
111,0.008529804918902121,-0.1646465694235031,-0.32701710878059065,5.87953615513689,5.878846908537143,5.1686730564027075,7,0.23333333333333334,0,4,3371,63.85133333333335,5.87953615513689,-0.09657861120855224,0.0069457991648712416,13674.0,56.490833397703646,6.584378829686659,-0.14654192689433426,6.196487611064279,-7.272196384837291,4.514152262469641,0.6732701451611033,-0.1341502772350892,51|40|5|60|5|27|57|14|40|7,149,89
112,0.0084445068697131,-0.2189379133380291,-0.32701710878059065,5.863761802745865,5.878846908537143,5.1686730564027075,7,0.23333333333333334,0,4,3401,63.85133333333335,5.863761802745865,-0.09717319532763152,0.006841259482258938,13578.0,55.835949846533524,6.59092825651806,-0.15074681628120376,6.146132501837571,-7.296978586525128,4.419984809797524,0.6587146336353998,-0.13206192625524954,51|42|5|58|5|26|57|15|40|7,149,90
113,0.008360061801015969,-0.32184068661377324,-0.32701710878059065,5.763547889229353,5.878846908537143,5.1686730564027075,12,0.4,0,3,3431,63.85133333333335,5.763547889229353,-0.09819577090648238,0.006853802362116507,13483.0,56.03558553861749,6.54815856094385,-0.17746033268533754,6.0595309541115165,-7.294005168483203,4.32679826809074,0.6631517577804146,-0.14569947622093699,50|43|5|58|5|23|57|15|41|6,149,89
114,0.008276461183005809,-0.3438059043462673,-0.3438059043462673,5.726693158566279,5.726693158566279,5.1686730564027075,12,0.4,4,2,3461,63.85133333333335,5.726693158566279,-0.09793000717297021,0.006941304496636993,13250.0,55.07998531555903,6.547701414927733,-0.18728451195936366,6.0820383864496455,-7.273261891943469,4.098246013167788,0.6419124854917158,-0.1458452418513142,46|41|5|60|5|23|57|15|42|6,148,86
115,0.008193696571175751,-0.36452475229402176,-0.38159873835374675,5.7369587358657474,5.71205718923817,5.1686730564027075,9,0.3,5,7,3491,63.85133333333335,5.7369587358657474,-0.09816939166287211,0.0067666810900253935,13218.0,56.01117054016018,6.547968205848007,-0.18454806890505598,6.061765002500447,-7.314658157686068,4.066856862277082,0.6626091074255378,-0.14576017286831627,45|42|5|60|5|21|57|17|42|6,150,86
116,0.008111759605463993,-0.3909343748660272,-0.399883674647515,5.7261971641367735,5.725547452192472,5.1686730564027075,7,0.23333333333333334,2,11,3521,63.85133333333335,5.7261971641367735,-0.09818985765707347,0.006721442990191897,13052.0,55.921501305205666,6.547917027037845,-0.18741672668747902,6.060031745017825,-7.325382312246648,3.904025642031545,0.6606161094634583,-0.1457764917495101,44|43|5|58|5|20|58|17|42|6,150,86
117,0.008030642009409353,-0.4081036291213464,-0.4109006559769996,5.7076982984838285,5.7076982984838285,5.1686730564027075,6,0.2,5,10,3551,63.85133333333335,5.7076982984838285,-0.09811171086707948,0.006698040736455186,12993.0,55.30687586755675,6.547673025469736,-0.19234787580377805,6.066649967771499,-7.330930056008259,3.8461518950768063,0.6469553790546633,-0.14585429411710035,43|44|5|59|5|20|56|16|43|6,150,86
118,0.00795033558931526,-0.4057984830744294,-0.41783057809008256,5.712604100135038,5.706839632628482,5.1686730564027075,10,0.3333333333333333,1,2,3581,63.85133333333335,5.712604100135038,-0.09817485911212846,0.006749073222195081,12871.0,56.16435499294195,6.547767813356875,-0.19104016105353616,6.061301966244247,-7.318832282965192,3.72648075730599,0.66601380138073,-0.14582407004069212,46|42|5|58|5|20|54|17|44|6,150,86
119,0.007870832233422106,-0.41951134591035866,-0.41951134591035866,5.712604100135038,5.712604100135038,5.1686730564027075,6,0.2,1,6,3611,63.85133333333335,5.712604100135038,-0.09836839781718963,0.00686249897000023,12678.0,56.16162957555194,6.547767813356875,-0.19104016105353616,6.044911244863995,-7.291943548577834,3.53716494099642,0.6659532259636779,-0.14582407004069212,46|42|5|55|5|20|56|17|43|7,150,84
120,0.007792123911087885,-0.43221515417086415,-0.43221515417086415,5.688370450262098,5.688370450262098,5.1686730564027075,10,0.3333333333333333,4,3,3641,63.89466666666668,5.688370450262098,-0.09850413311219672,0.006841102768002594,12830.0,55.00625606259037,6.547720291395803,-0.19750000261342252,6.0334158729112675,-7.297015737243506,3.686263407727273,0.6402737712661877,-0.14583922289857165,46|42|5|56|5|19|57|16|43|7,149,86
121,0.007714202671977006,-0.4263064392131238,-0.4395539850700907,5.679296446722804,5.685734311995356,5.1686730564027075,10,0.3333333333333333,1,4,3671,63.89466666666668,5.679296446722804,-0.0985227002612652,0.006845397732728737,12911.0,55.078029398255694,6.547503372324715,-0.1999188138731798,6.031843427920944,-7.295997571897815,3.7657171959193723,0.6418690130655094,-0.14590838973810025,47|41|5|58|6|19|55|15|44|7,149,87
122,0.007637060645257236,-0.465008229429245,-0.465008229429245,5.67891428616407,5.67891428616407,5.1686730564027075,9,0.3,3,4,3701,63.89466666666668,5.67891428616407,-0.09870171764819927,0.006897132978430623,12555.0,54.87718484166727,6.547504596094055,-0.2000206844817264,6.016682511604337,-7.2837332024132735,3.416512892260269,0.6374050205693257,-0.14590799952687014,48|39|5|59|6|19|52|15|43|7,148,86
123,0.007560690038804664,-0.4515518218797112,-0.465008229429245,5.67431103033918,5.67891428616407,5.1686730564027075,3,0.1,0,7,3731,63.89466666666668,5.67431103033918,-0.09871966000452408,0.006889601927548658,12778.0,54.381113552673526,6.547464529005816,-0.20124775112023618,6.015162980080489,-7.285518515102335,3.635256037529876,0.6263792872895424,-0.14592077532315548,48|39|5|61|6|18|53|15|42|7,148,86
124,0.007485083138416617,-0.46533379840987166,-0.47235362610183274,5.6254917461940455,5.6254917461940455,5.1686730564027075,7,0.23333333333333334,2,2,3761,63.89466666666668,5.6254917461940455,-0.09914377842142988,0.006813759556793086,12951.0,53.9882354292416,6.56875391203414,-0.21426126094224565,5.979244548149578,-7.3034977253082705,3.8049536345327546,0.6176471362932432,-0.13913244024408838,48|41|5|61|5|18|51|14|45|7,149,85
125,0.007410232307032451,-0.4888973537857565,-0.49668351320689985,5.6329330311753845,5.632601821701226,5.1686730564027075,7,0.23333333333333334,4,4,3791,63.89466666666668,5.6329330311753845,-0.09933789265334536,0.006801662986544223,12919.0,52.506624001680464,6.574572356632922,-0.2122776752160572,5.962805085612808,-7.3063653410896405,3.773564483642049,0.5847166829753252,-0.13727717034157527,50|42|5|60|5|18|50|14|44|7,148,86
126,0.0073361299839621264,-0.4748507704950849,-0.49668351320689985,5.612126263801167,5.632601821701226,5.1686730564027075,8,0.26666666666666666,0,9,3821,64.04066666666668,5.612126263801167,-0.0990732144390978,0.006681587650977034,13082.0,53.104015400384284,6.574556739300543,-0.21782403002912,5.985220585725733,-7.334830428312037,3.933452970991582,0.5979943677998303,-0.13728215008594322,50|44|5|59|5|17|51|15|44|8,149,86
127,0.007262768684122505,-0.482105839102219,-0.49668351320689985,5.603406036800539,5.632601821701226,5.1686730564027075,7,0.23333333333333334,0,7,3851,64.04066666666668,5.603406036800539,-0.09935797230745107,0.006810956844831624,13073.0,52.45225118828948,6.574430072552585,-0.22014853686509595,5.961104547130056,-7.304162136863444,3.924624772303571,0.5835081870364925,-0.13732253905951614,50|41|5|60|5|18|53|14|43|8,149,87
128,0.00719014099728128,-0.5218792558986869,-0.5221193344088615,5.611662575761648,5.611662575761648,5.1686730564027075,10,0.3333333333333333,6,3,3881,64.04066666666668,5.611662575761648,-0.09950161702993597,0.0068046999532408725,12766.0,51.98171634499212,6.574732656737892,-0.21794763300614614,5.948939328688352,-7.30564539705198,3.6234851059458615,0.5730500295173084,-0.13722605703198362,51|42|5|57|5|17|52|14|43|8,148,87
129,0.007118239587308468,-0.5242641753902986,-0.5435759401426594,5.64236062172867,5.623777898639535,5.1686730564027075,6,0.2,3,5,3911,63.89466666666668,5.64236062172867,-0.09988038050047678,0.006731991017870284,12879.0,52.23475446283097,6.575034678457544,-0.2097646100531528,5.916861990397341,-7.322881794330364,3.7343280450286667,0.5786740816622507,-0.13712975435231325,51|42|5|58|5|19|51|15|43|8,149,87
130,0.007047057191435383,-0.5744346369157607,-0.5744346369157607,5.62414209476545,5.62414209476545,5.1686730564027075,8,0.26666666666666666,2,8,3941,63.99333333333335,5.62414209476545,-0.1005496637885444,0.006761541817695714,12776.0,51.028621981538706,6.579787819025838,-0.21462103070187802,5.860180636165341,-7.315876474790351,3.6332942155992067,0.5518664527309595,-0.1356141674133889,52|42|5|57|5|18|51|16|42|8,149,86
131,0.006976586619521029,-0.5624945316338212,-0.5744346369157607,5.6050494705797655,5.62414209476545,5.1686730564027075,9,0.3,0,6,3971,64.04066666666668,5.6050494705797655,-0.10003803514936176,0.006656140165198704,12794.0,51.86059049490309,6.574843063803829,-0.2197104550291517,5.903510276468293,-7.340863015261298,3.650950612975229,0.5703578734784504,-0.13719085262245775,53|44|5|55|5|17|51|16|42|8,149,85
132,0.0069068207533258185,-0.5410191515282614,-0.5744346369157607,5.596461972785749,5.62414209476545,5.1686730564027075,6,0.2,0,4,4001,64.04066666666668,5.596461972785749,-0.0999544479870371,0.006713375084674085,12956.0,51.645176747903975,6.574755420556743,-0.22199958091138877,5.910589242343342,-7.327294891821643,3.8098581893594274,0.565570064605196,-0.13721879855813138,54|43|5|55|5|17|52|15|43|7,148,86
133,0.00683775254579256,-0.5471653112778797,-0.5744346369157607,5.59939295974771,5.62414209476545,5.00492699910116,8,0.26666666666666666,0,4,4031,64.07933333333334,5.59939295974771,-0.10000863578186325,0.006696492951681671,12912.0,51.81375361705271,6.57445867562835,-0.22121828253134168,5.906000098032777,-7.331296974229819,3.7666981068847067,0.5693168720452015,-0.13731341867954433,53|44|5|54|5|16|52|16|44|7,148,88
134,0.006769375020334634,-0.5852595572020731,-0.5852595572020731,5.59614640834573,5.59614640834573,5.00492699910116,6,0.2,2,5,4061,64.07933333333334,5.59614640834573,-0.10044977313810866,0.006740483783509313,12700.0,51.37116113731646,6.577517506748212,-0.22208369932917352,5.868640338421108,-7.32086849731535,3.5587449822337804,0.5594797644732064,-0.13633807944287993,52|42|5|55|5|15|53|15|43|7,147,86
135,0.006701681270131288,-0.6013553402026328,-0.6013553402026328,5.624299151786846,5.624299151786846,5.00492699910116,12,0.4,2,5,4091,64.19,5.624299151786846,-0.10181095454849712,0.0066956098491064405,13001.0,52.32752213086196,6.576269404118999,-0.21457916480551462,5.753362388004919,-7.331506322733502,3.8539991827994826,0.5807359457277399,-0.13673604958832242,52|43|5|55|5|14|54|17|44|6,149,88
136,0.006634664457429975,-0.6289934535375818,-0.6318911599932671,5.599293198674985,5.612873710178119,5.00492699910116,8,0.26666666666666666,3,14,4121,64.15533333333333,5.599293198674985,-0.1020675836727886,0.0067239791664651105,12886.0,52.347144524695736,6.572497064782636,-0.22124487533626475,5.7316285623446195,-7.324781085704266,3.7411944217860085,0.5811720751420444,-0.1379388981355585,50|43|5|55|5|14|54|17|45|6,148,87
137,0.006568317812855676,-0.6269469361973451,-0.6363974721907079,5.620248669714572,5.602971766362684,5.00492699910116,4,0.13333333333333333,1,11,4151,64.11066666666666,5.620248669714572,-0.101831994732928,0.0067443341740024655,12739.0,51.981720693148944,6.576499192014543,-0.21565888133873348,5.751580502564036,-7.319955722841639,3.5970005098818283,0.5730501261599049,-0.13666277939397278,50|43|5|55|5|15|54|17|43|6,148,87
138,0.006502634634727119,-0.621907559196673,-0.6371871765553154,5.6058531256792845,5.6095333793043665,5.00492699910116,8,0.26666666666666666,1,8,4181,64.14533333333334,5.6058531256792845,-0.10170395696251255,0.006742006417946844,12807.0,51.738484054832064,6.57612881805642,-0.21949622875127336,5.762423974004878,-7.320507541238338,3.6637024555245783,0.5676439227422609,-0.13678087687612886,51|43|5|55|5|15|54|16|43|6,147,88
139,0.006437608288379848,-0.6920994625357344,-0.6921928930075254,5.596832048978958,5.60038810156064,5.00492699910116,9,0.3,3,4,4211,64.18733333333334,5.596832048978958,-0.10051265184872657,0.005774473611837775,12778.0,51.8120078846231,6.573739916608407,-0.22190093157108112,5.863315163665175,-7.54987109526325,3.635256037529876,0.5692780712103743,-0.13754260226189535,52|43|5|56|5|15|52|15|43|6,147,88
140,0.006373232205496049,-0.7072389951930392,-0.7136458745075285,5.60315955284407,5.599822417544319,5.00492699910116,5,0.16666666666666666,2,7,4241,64.18733333333334,5.60315955284407,-0.1002822277906398,0.005737182856653847,12624.0,51.06471000065169,6.575695915552113,-0.2202142408475416,5.882829691956626,-7.558711250436547,3.484195748868354,0.552668548885612,-0.13691891221758956,54|44|5|56|5|15|50|15|40|6,147,87
141,0.006309499883441089,-0.7312051814411702,-0.7363953355534492,5.605386159220812,5.605386159220812,5.00492699910116,6,0.2,4,7,4271,64.18733333333334,5.605386159220812,-0.10067370575275074,0.005816434565321375,12567.0,50.004428130178695,6.575692446202983,-0.2196207056398696,5.849675568075096,-7.539923821785283,3.428283823844284,0.5291026111573105,-0.13692001845464527,55|43|5|56|5|15|50|15|39|6,147,87
142,0.006246404884606678,-0.743117824042531,-0.7460381805122078,5.578871228755313,5.594467816259831,5.00492699910116,6,0.2,2,11,4301,64.19,5.578871228755313,-0.10021891683764764,0.0057325088240720275,12445.0,49.8069834298357,6.575702499280741,-0.22668865663679252,5.888191473159434,-7.559819277697043,3.308612686073468,0.5247141842279784,-0.13691681292913496,53|44|5|56|5|13|50|14|40|7,147,86
143,0.0061839408357606115,-0.7704599210010556,-0.7704599210010556,5.566425049940984,5.566425049940984,5.00492699910116,6,0.2,4,11,4331,64.19,5.566425049940984,-0.1001402524502663,0.005748615816769128,12208.0,49.275637838090084,6.575526696586196,-0.23000637161526769,5.894853531044487,-7.556000950229144,3.0761367872891774,0.512904440540011,-0.13697286939619122,53|44|5|55|5|13|49|13|40|7,147,85
144,0.006122101427403005,-0.8095395477073812,-0.8095395477073812,5.565133053149705,5.565133053149705,5.00492699910116,7,0.23333333333333334,5,9,4361,64.19,5.565133053149705,-0.10010665421260781,0.005760861607280654,11790.0,49.22135919600359,6.575520185876594,-0.23035077266964057,5.8976989533704955,-7.553097960257297,2.6661160037793317,0.5116980376626173,-0.13697494540179078,50|44|5|54|5|13|49|13|40|7,146,83
145,0.006060880413128975,-0.8340336549546136,-0.837472617503208,5.564198397111993,5.564104615226524,5.00492699910116,6,0.2,5,12,4391,64.19,5.564198397111993,-0.10008306325825263,0.0057347633046654954,11540.0,49.43469292529886,6.575522545221675,-0.23059991920548095,5.899696862573245,-7.559284829998595,2.420888262445692,0.5164396158409521,-0.13697419310075154,49|45|5|52|5|13|47|13|42|7,146,82
146,0.006000271608997685,-0.8691008038905423,-0.8691008038905423,5.576464728182072,5.576464728182072,5.00492699910116,7,0.23333333333333334,5,14,4421,64.14533333333334,5.576464728182072,-0.10006701041575321,0.0057283284607155,11212.0,48.88503834875406,6.575566868073952,-0.22733014533116674,5.9010563718697755,-7.560810275615166,2.0991494658159566,0.5042229347077055,-0.1369600603110642,46|46|5|52|5|14|48|13|39|6,143,82
147,0.005940268892907708,-0.8648994030983135,-0.8694755538279975,5.563311195645581,5.577001514639872,5.00492699910116,6,0.2,1,12,4451,64.14533333333334,5.563311195645581,-0.09996698412800024,0.00574551630278231,11292.0,48.30115205651197,6.575686468480374,-0.2308364160161046,5.909527561199793,-7.556735721742087,2.1776223430427213,0.4912454158171413,-0.13692192451195223,48|46|5|51|5|14|49|12|38|6,143,82
148,0.005880866203978631,-0.854732383102622,-0.8694755538279975,5.546735366971733,5.577001514639872,5.00492699910116,6,0.2,0,13,4481,64.19,5.546735366971733,-0.10028441764211402,0.005755787270280218,11558.0,48.37212792141582,6.57557483507073,-0.23525495088469847,5.882644234244864,-7.554300883777193,2.438544659821714,0.4928229329464216,-0.1369575199535707,50|44|5|51|5|13|51|12|39|6,144,83
149,0.005822057541938845,-0.8443316790633895,-0.8694755538279975,5.528179874006869,5.577001514639872,5.00492699910116,4,0.13333333333333333,0,13,4511,64.24066666666667,5.528179874006869,-0.10018686327049511,0.005724912285129112,11703.0,48.44285669468958,6.575365370444269,-0.24020119485731817,5.890906077911358,-7.561620115001199,2.580776749795225,0.49439495819082674,-0.13702430986804318,50|45|5|52|5|12|50|12|40|6,144,84
150,0.005763836966519456,-0.8391732084305852,-0.8694755538279975,5.530864727084043,5.577001514639872,5.00492699910116,7,0.23333333333333334,0,9,4541,64.24066666666667,5.530864727084043,-0.10051735672680398,0.005863607889485587,11610.0,49.440398072271805,6.575419630177447,-0.23948550714287767,5.862916709280195,-7.528740902490809,2.489552030019111,0.5165664190449295,-0.13700700860338808,52|43|5|50|5|11|50|13|41|6,144,84
151,0.005706198596854261,-0.8602389053647262,-0.8802885642202238,5.547098243697132,5.547157983592689,5.00492699910116,8,0.26666666666666666,2,5,4571,64.32466666666667,5.547098243697132,-0.10051838169220355,0.005867736507467909,11354.0,49.374935363098714,6.57541941734716,-0.23515822067013575,5.862829905339436,-7.527762171343238,2.238438822893464,0.515111437901839,-0.13700707646647764,51|42|5|50|5|11|50|13|40|7,145,83
152,0.005649136610885719,-0.8653684035285483,-0.8802885642202238,5.526308783768797,5.547157983592689,5.00492699910116,3,0.1,0,7,4601,64.32466666666667,5.526308783768797,-0.10043004636883945,0.005900111116516878,11387.0,48.439708734468866,6.575404600603187,-0.24069996192482848,5.870310991217518,-7.5200874389261525,2.2708088847495045,0.49432499129183655,-0.13701180093513557,51|42|5|50|5|11|50|11|41|7,144,83
153,0.005592645244776861,-0.8723733873782966,-0.8837238495221884,5.538245358361702,5.527116734852414,5.00492699910116,5,0.16666666666666666,1,4,4631,64.32466666666667,5.538245358361702,-0.10032274575453334,0.005891363089926131,11115.0,49.59791677862941,6.575586458321777,-0.23751808956791068,5.879398240573998,-7.522161248162273,2.0040011021785045,0.5200674465815128,-0.1369538137624279,51|42|5|48|5|11|49|12|41|7,144,82
154,0.0055367187923290925,-0.8929016470269237,-0.8976599028176896,5.547461534770262,5.526868569453964,5.00492699910116,7,0.23333333333333334,4,10,4661,64.32466666666667,5.547461534770262,-0.10087277570657567,0.005964656701344464,10959.0,50.237246448841766,6.575297543976054,-0.2350613800049926,5.832816407281948,-7.504786247442829,1.850978991586313,0.5342772558932185,-0.13704593702336543,50|39|5|47|5|11|51|12|42|7,144,81
155,0.005481351604405801,-0.9358778233881198,-0.9358778233881198,5.540149766267283,5.540149766267283,5.00492699910116,7,0.23333333333333334,3,6,4691,64.37066666666666,5.540149766267283,-0.10148269159396935,0.005991984692491688,10752.0,50.410336207904436,6.575206236852478,-0.2370104411781737,5.781162856264858,-7.4983078674496015,1.6479304217620594,0.538124367304883,-0.1370750512231109,47|38|5|46|5|10|52|12|44|7,143,81
156,0.005426538088361743,-0.9434415250289654,-0.9453632106645393,5.533577305072481,5.533677003329225,5.00492699910116,3,0.1,1,8,4721,64.37066666666666,5.533577305072481,-0.10153594174337481,0.0060161902372587684,10765.0,49.72161684910748,6.575132001213405,-0.2387624289389744,5.776653120798323,-7.49256969532786,1.6606822643114085,0.5228168175167832,-0.13709872200737747,47|37|5|47|5|10|53|11|43|7,142,81
157,0.0053722727074781255,-1.0405846743201916,-1.0516537276766937,5.285507962388301,5.285642347477011,5.00492699910116,5,0.16666666666666666,2,7,4751,62.537333333333336,5.285507962388301,-0.10255681792785214,0.005888473155676039,10940.0,50.68955526034548,6.574234871992092,-0.30488901977473387,5.690195494153496,-7.522846336653654,1.8323416832449564,0.5443303196894557,-0.13738478073230115,48|38|5|46|5|9|54|12|43|6,142,81
158,0.005318549980403344,-1.051419650838462,-1.0587312925342571,5.288423004354337,5.285172049437644,5.00492699910116,5,0.16666666666666666,1,18,4781,62.537333333333336,5.288423004354337,-0.10239638404335927,0.005873714477770054,10869.0,49.817296919677176,6.574237539843293,-0.30411197177165766,5.70378258051869,-7.526345032300822,1.7626970047062027,0.5249434129511455,-0.1373839300609658,49|38|5|46|5|9|54|12|41|6,143,81
159,0.005265364480599311,-1.0800013808514435,-1.088927670635996,5.3019802249683,5.3019802249683,5.00492699910116,5,0.16666666666666666,4,13,4811,62.537333333333336,5.3019802249683,-0.10256161102393598,0.005868604795194562,10609.0,49.62010787107438,6.579101122339377,-0.30049809199631194,5.689789568618166,-7.527556334851035,1.5076601537192174,0.5205606681646073,-0.1358331275964612,48|38|5|46|5|9|53|13|40|6,142,80
160,0.005212710835793318,-1.0903322224225596,-1.0903322224225596,5.280057900901938,5.280057900901938,5.00492699910116,5,0.16666666666666666,1,11,4841,62.537333333333336,5.280057900901938,-0.10251849805616871,0.005870149989262046,10494.0,50.051980558254044,6.579077868892777,-0.3063418151183215,5.693440789919485,-7.527190030782854,1.394855392705743,0.5301595164860353,-0.13584054219307284,48|38|5|45|5|9|52|13|41|6,141,79
161,0.005160583727435384,-1.0798048439337697,-1.0903322224225596,5.280225521699296,5.280057900901938,5.00492699910116,9,0.3,0,8,4871,62.537333333333336,5.280225521699296,-0.10293797886519371,0.005989761367072129,10599.0,50.38758716155473,6.579138717128749,-0.3062971332895937,5.657915115285473,-7.498834929495213,1.4978510440658717,0.5376187445789032,-0.13582114011767235,49|37|5|45|5|9|52|13|42|6,142,78
162,0.005108977890161031,-1.1023243806276348,-1.1100499175681384,5.209866805638492,5.232990120593338,5.00492699910116,13,0.43333333333333335,6,8,4901,62.42266666666668,5.209866805638492,-0.10101033199798204,0.005634216514450351,10708.0,50.14824378186347,6.498728000555031,-0.32505230060829543,5.821166815817389,-7.583120475677925,1.6047703392873387,0.5322990731419398,-0.16146091029438747,50|39|5|45|5|9|52|11|41|5,143,78
163,0.00505788811125942,-1.1118824846102235,-1.1118824846102235,5.21254309872287,5.21254309872287,5.00492699910116,8,0.26666666666666666,2,18,4931,62.42266666666668,5.21254309872287,-0.10051928352938064,0.005430230781502543,10646.0,50.07713447444463,6.498705225402416,-0.32433889468786875,5.862753529082318,-7.631477381390962,1.543953859436596,0.5307185901051152,-0.16146817238212502,50|43|5|46|5|9|48|11|40|5,145,77
164,0.005007309230146826,-1.1391122217713014,-1.1391122217713014,5.1826861462037215,5.1826861462037215,5.00492699910116,7,0.23333333333333334,5,18,4961,62.42266666666668,5.1826861462037215,-0.10023353641330006,0.005397173554442919,10514.0,48.75993428902521,6.498914703579128,-0.33229771161169147,5.886953346702296,-7.639313935393813,1.4144736120124342,0.5014423585578817,-0.16140137814701808,49|44|5|48|5|9|44|10|41|5,143,76
165,0.004957236137845358,-1.1374048747223093,-1.1470824128077024,5.1838322942357085,5.182575597276604,5.00492699910116,4,0.13333333333333333,2,17,4991,62.42266666666668,5.1838322942357085,-0.10023735529076656,0.005395665976287419,10532.0,48.757753796200575,6.498915988519488,-0.33199218872390396,5.8866299273815,-7.639671322225073,1.4321300093884564,0.5013938946922312,-0.16140096843078983,50|44|5|48|5|9|44|10|40|5,143,77
166,0.004907663776466904,-1.1208650859043086,-1.1470824128077024,5.186013548204818,5.182575597276604,5.00492699910116,5,0.16666666666666666,0,15,5021,62.42266666666668,5.186013548204818,-0.10020371077611863,0.005405046937303919,10631.0,49.091653267585926,6.4989161212636475,-0.3314107428783049,5.8894792688886355,-7.6374474694054815,1.5292401949565777,0.5088151798894115,-0.16140092610397205,52|43|5|46|5|9|45|10|41|5,143,78
167,0.004858587138702236,-1.155733130663659,-1.155733130663659,5.175100644080789,5.175100644080789,5.00492699910116,5,0.16666666666666666,2,13,5051,62.42266666666668,5.175100644080789,-0.10025484502231792,0.005406360758304233,10330.0,49.38891182276522,6.493071027824844,-0.33431974057238223,5.88514872848238,-7.63713601469089,1.2339859943908753,0.5154220801822885,-0.16326469325862672,50|43|5|45|5|9|44|10|42|5,141,78
168,0.004810001267315213,-1.192099350125505,-1.192099350125505,5.2242101757948864,5.2242101757948864,5.00492699910116,7,0.23333333333333334,6,16,5081,62.42266666666668,5.2242101757948864,-0.10047200734805802,0.005412202743766225,9946.0,48.74712539733919,6.4991008443907115,-0.32122886092294395,5.866757331400498,-7.635751112246586,0.8573161837024047,0.501157666767663,-0.16134202526679445,48|42|5|45|5|11|44|11|40|5,140,78
169,0.004761901254642061,-1.1817949006711732,-1.192099350125505,5.209290740835299,5.2242101757948864,5.00492699910116,3,0.1,0,16,5111,62.42266666666668,5.209290740835299,-0.10040507922160499,0.005389035658556132,10092.0,48.74712539733919,6.498900264134262,-0.3252058592912162,5.8724254496864345,-7.641243106902099,1.0005291846412503,0.501157666767663,-0.1614059823100405,49|43|5|46|5|9|43|11|40|5,140,78
170,0.00471428224209564,-1.2049189268027378,-1.2080763324627024,5.222114127206665,5.212751883303143,5.00492699910116,10,0.3333333333333333,2,6,5141,62.42266666666668,5.222114127206665,-0.10122388012979697,0.005393136328102134,10115.0,49.274201159305356,6.498163440427041,-0.32178759400082224,5.803081503482859,-7.640271001217399,1.0230901368439451,0.5128725087643962,-0.16164092600061897,46|44|5|47|5|8|45|13|39|5,140,78
171,0.004667139419674684,-1.2068157785193272,-1.2080763324627024,5.222475997185165,5.212751883303143,5.00492699910116,9,0.3,0,5,5171,62.42266666666668,5.222475997185165,-0.10149834355545413,0.00543960509529519,10136.0,49.4569281040358,6.498210912247311,-0.32169113214969197,5.779837297433252,-7.629255104363816,1.043689267115971,0.5169338172906653,-0.16162578913064143,44|42|5|48|5|8|46|14|41|5,140,78
172,0.004620468025477937,-1.276590174344026,-1.276590174344026,5.2548593466851985,5.2548593466851985,5.00492699910116,12,0.4,10,5,5201,62.37933333333334,5.2548593466851985,-0.10205958758504288,0.005464523036314866,9528.0,49.619817690082144,6.498579055885916,-0.3130588663521147,5.7323057480596455,-7.623348051419286,0.447295400192559,0.5205542185709819,-0.1615084028084191,42|41|5|46|5|10|44|16|40|5,138,77
173,0.004574263345223157,-1.2836375814111558,-1.289003412054645,5.219379295675719,5.218306693862979,5.00492699910116,9,0.3,3,6,5231,62.37933333333334,5.219379295675719,-0.1013768555592263,0.00549403308570079,9415.0,47.914292881153855,6.498642126877866,-0.3225166042190735,5.790126070919599,-7.616352392188023,0.3364524611097538,0.48264704260149405,-0.16148829198479606,43|39|5|48|5|10|43|14|39|5,138,76
174,0.0045285207117709255,-1.2746661974066855,-1.289003412054645,5.214005000941929,5.218306693862979,5.00492699910116,5,0.16666666666666666,0,11,5261,62.37933333333334,5.214005000941929,-0.10129558296028648,0.005464716843553806,9501.0,48.097549042888346,6.498587239561276,-0.3239492028023837,5.797009017277282,-7.623302107429751,0.42081080412852584,0.48672011356123424,-0.16150579336076853,42|39|5|50|5|9|42|14|40|5,138,75
175,0.004483235504653216,-1.3085726033572316,-1.3102742213529,5.2286521731722875,5.228697199078734,5.00492699910116,7,0.23333333333333334,4,12,5291,62.37933333333334,5.2286521731722875,-0.10135184683651759,0.0054637457146682,9118.0,48.29334290838037,6.498712349539113,-0.3200447801337153,5.79224405040006,-7.623532323471225,0.04512190440538972,0.4910718488594244,-0.1614659007790926,43|38|5|48|5|10|39|15|40|5,138,73
176,0.004438403149606684,-1.310329048426127,-1.3104735618345411,5.252360264390161,5.251970379257861,5.00492699910116,7,0.23333333333333334,1,15,5321,62.34066666666668,5.252360264390161,-0.10123484317986434,0.005418827860565823,9008.0,48.54265698811707,6.499202861139608,-0.31372503408812247,5.802153046825699,-7.634180560503647,-0.06277830178141178,0.4966131301370558,-0.1613094961947088,41|40|5|45|5|11|41|15|40|5,138,73
177,0.0043940191181106175,-1.3711952690831375,-1.3711952690831375,5.255792587632411,5.255792587632411,5.00492699910116,10,0.3333333333333333,9,10,5351,62.34066666666668,5.255792587632411,-0.10260564562130106,0.005597940362493082,8799.0,48.415678161884856,6.4944157368860465,-0.31281009702979645,5.686060294846935,-7.5917201087722574,-0.2677886935363346,0.4937908852273448,-0.16283591917535933,36|40|5|45|5|11|44|15|39|5,138,71
178,0.004350078926929512,-1.3656886858502264,-1.3738882104653656,5.28429312744665,5.272404199443046,5.00492699910116,5,0.16666666666666666,1,12,5381,62.34066666666668,5.28429312744665,-0.10256534158330222,0.005577971432503699,8758.0,48.650142918544944,6.494393323609486,-0.3052128521848589,5.689473628924629,-7.596453948000777,-0.30800604311505153,0.4990021238694506,-0.16284306587525696,36|41|5|44|5|12|43|16|39|5,137,71
179,0.004306578137660217,-1.3794173907977445,-1.3820182793274902,5.280592455821004,5.2819983964295805,5.00492699910116,6,0.2,1,7,5411,62.34066666666668,5.280592455821004,-0.10281991344095051,0.005667845031233197,8630.0,48.64541692419323,6.494382370561507,-0.3061993215154047,5.667914032415768,-7.575148491599248,-0.43356264667787514,0.49889708341587086,-0.16284655836537396,35|39|5|46|5|12|43|16|38|5,136,71
180,0.004263512356283614,-1.3774089891243004,-1.3876168642662805,5.258913608466455,5.268703295895249,5.00492699910116,5,0.16666666666666666,1,11,5441,62.34066666666668,5.258913608466455,-0.10250251054426567,0.005642256726761643,8696.0,47.82569372814995,6.494406605830344,-0.31197814228097664,5.6947947663919605,-7.581214461060965,-0.3688225229657942,0.48067782839476725,-0.1628388307048129,34|40|5|46|5|12|44|15|38|5,137,71
181,0.004220877232720778,-1.3813157026588723,-1.3881393860739442,5.262312060250889,5.261829819046867,4.899966872650402,8,0.26666666666666666,1,8,5471,62.34066666666668,5.262312060250889,-0.10285702089894658,0.005756599309055944,8551.0,48.549799109052245,6.498832059713441,-0.31107223416596036,5.664771415516732,-7.554108381674495,-0.5110546129393053,0.49677187167729475,-0.16142772997937377,35|37|5|45|5|12|44|16|39|5,137,70
182,0.0041786684603935705,-1.3882522249880331,-1.3882522249880331,5.26214678858538,5.26214678858538,4.899966872650402,9,0.3,1,11,5501,62.34066666666668,5.26214678858538,-0.10294624695671577,0.005744012313612455,8605.0,48.1755887459036,6.494503253533649,-0.3111162897984849,5.6572148936711875,-7.557092257767569,-0.4580854208112391,0.4884546323083786,-0.16280801360721142,34|38|5|47|5|12|45|16|36|5,137,71
183,0.004136881775789635,-1.3999563698996365,-1.4014577609401406,5.255294692803641,5.260873169702202,4.899966872650402,4,0.13333333333333333,2,11,5531,62.34066666666668,5.255294692803641,-0.1032962290077399,0.005820436997438991,8536.0,48.166359151266285,6.498822603413105,-0.3129428183377381,5.627575043158536,-7.538975004288405,-0.5257682774193236,0.48824949435540815,-0.16143074521636777,34|37|5|48|5|12|44|16|36|5,136,70
184,0.004095512958031739,-1.4386879242832677,-1.4386879242832677,5.244482008578291,5.244482008578291,4.899966872650402,8,0.26666666666666666,7,8,5561,62.38400000000001,5.244482008578291,-0.10343150508339308,0.00575262150302972,8449.0,47.205260809876755,6.494325034833768,-0.3158251009199769,5.616118562323116,-7.555051361304368,-0.6111075314034303,0.466888020303366,-0.1628648404420023,32|38|5|49|5|12|41|15|38|6,136,70
185,0.0040545578284514215,-1.4419273109804185,-1.4654739670297783,5.251286741642262,5.242484243638552,4.899966872650402,10,0.3333333333333333,4,5,5591,62.46266666666667,5.251286741642262,-0.10316476654278861,0.005780755982973432,8287.0,46.8680760468033,6.494254223936877,-0.31401119762100843,5.638708550713505,-7.548381794887822,-0.7700151077876289,0.45939371586338124,-0.16288741921258976,33|37|5|49|5|12|42|14|35|7,133,70
186,0.004014012250166907,-1.4388152429923413,-1.4654739670297783,5.274640786581853,5.242484243638552,4.899966872650402,7,0.23333333333333334,0,5,5621,62.577333333333335,5.274640786581853,-0.10288225992694684,0.005782311730204635,8156.0,46.77696655627048,6.4920621078053875,-0.30778582790232306,5.6626339315662735,-7.5480129890841745,-0.8985144442464561,0.45736870662749196,-0.16358639761008395,32|38|5|49|6|12|41|14|34|7,133,70
187,0.003973872127665238,-1.4563880780604712,-1.4845698122686373,5.228029727857334,5.25146034856238,4.899966872650402,6,0.2,1,7,5651,62.498666666666665,5.228029727857334,-0.10294424396689181,0.0056557759920491954,8295.0,46.367630202501026,6.497376902597026,-0.32021070223523024,5.657384526138872,-7.578009580859922,-0.7621678200649524,0.4482707532516055,-0.1618917215420119,32|38|5|51|5|11|41|13|34|7,133,70
188,0.003934133406388585,-1.4877485389308898,-1.4878146612282803,5.225801975950668,5.225159664465281,4.899966872650402,7,0.23333333333333334,1,7,5681,62.498666666666665,5.225801975950668,-0.10317282445056106,0.005651276882216451,8049.0,46.70504069405136,6.4971050075578045,-0.3208045428010239,5.63802612948327,-7.579076140892482,-1.003471917537254,0.455770074756748,-0.16197841802495427,30|38|5|50|5|10|41|13|34|7,131,70
189,0.0038947920723246994,-1.5063503652100902,-1.5063503652100902,5.225744377832666,5.225744377832666,4.899966872650402,3,0.1,3,2,5711,62.498666666666665,5.225744377832666,-0.10318213298784044,0.005651528331018782,7883.0,46.53058797244881,6.497104561907838,-0.3208198964402154,5.637237792902451,-7.579016532380404,-1.1663031377827908,0.45189266999457417,-0.16197856012495304,30|38|5|49|5|10|41|13|33|7,131,68
190,0.0038558441516014525,-1.498298358108065,-1.5110813202496283,5.259786934615189,5.234950451282719,4.899966872650402,6,0.2,2,4,5741,62.498666666666665,5.259786934615189,-0.1033110452834459,0.005568363286951425,7915.0,47.5307653494168,6.497167042355881,-0.3117453441436549,5.62632025824658,-7.598731657239723,-1.1349139868920848,0.4741227188516474,-0.16195863760222698,29|39|5|49|5|11|40|16|33|6,131,68
191,0.003817285710085438,-1.4979736788566658,-1.5110813202496283,5.221709764683949,5.234950451282719,4.899966872650402,8,0.26666666666666666,0,5,5771,62.498666666666665,5.221709764683949,-0.10282870629455051,0.0056322409469528,7872.0,46.314895866009124,6.497494263534325,-0.3218953828746898,5.667169368895108,-7.5835888041724155,-1.177093158401471,0.4470986742747603,-0.16185429982027766,31|37|5|50|5|11|39|15|33|6,131,68
192,0.003779112852984584,-1.496043559285292,-1.5110813202496283,5.253140388185837,5.234950451282719,4.899966872650402,6,0.2,0,9,5801,62.498666666666665,5.253140388185837,-0.10250563700354128,0.005467158033686179,7766.0,47.19572831405749,6.497569097521012,-0.31351708043097254,5.694529987711763,-7.622723398324203,-1.2810697207269341,0.46667615003647944,-0.16183043824682292,32|39|5|48|5|11|39|17|30|6,130,68
193,0.003741321724454738,-1.4972811606125211,-1.5110813202496283,5.240983879635511,5.234950451282719,4.899966872650402,7,0.23333333333333334,0,10,5831,62.498666666666665,5.240983879635511,-0.10276214582378096,0.0054933053208437044,7880.0,47.07601264325619,6.4974334532319675,-0.31675757947128425,5.672806350557134,-7.6165249162957975,-1.1692458706787945,0.4640153367925949,-0.16187368980016156,31|39|5|49|5|10|41|17|29|6,130,69
194,0.0037039085072101906,-1.482097329353965,-1.5110813202496283,5.240475400618177,5.234950451282719,4.899966872650402,6,0.2,0,4,5861,62.498666666666665,5.240475400618177,-0.10287779220433066,0.005552847476032953,7957.0,47.58078950947004,6.49742754671018,-0.31689312215287485,5.663012301342918,-7.602409839016474,-1.0937157263480335,0.47523456115844775,-0.16187557315436632,31|36|5|50|5|10|42|17|31|6,130,68
195,0.0036668694221380885,-1.4945692250417668,-1.5110813202496283,5.231485301101027,5.234950451282719,4.899966872650402,4,0.13333333333333333,0,6,5891,62.498666666666665,5.231485301101027,-0.1027562819767072,0.005557002368163802,7805.0,47.5048445176243,6.49749116258737,-0.3192895675415345,5.673302957597942,-7.601424879313088,-1.2428141930788863,0.47354659968475526,-0.16185528858857406,32|36|5|49|5|10|41|16|31|6,129,68
196,0.0036302007279167075,-1.5486855989059294,-1.5486855989059294,5.166955370488596,5.166955370488596,4.899966872650402,6,0.2,4,5,5921,62.537333333333336,5.166955370488596,-0.10264533341413962,0.005552547992905529,7559.0,46.65557370927046,6.48570437361814,-0.3364909849843207,5.682699150344039,-7.602480834556929,-1.4841182905511878,0.45467061628686634,-0.16561362545173894,33|37|5|47|5|9|40|15|30|6,128,68
197,0.0035938987206375404,-1.5642504538698612,-1.5642504538698612,5.156537433717127,5.156537433717127,4.899966872650402,6,0.2,3,2,5951,62.537333333333336,5.156537433717127,-0.10284514539825998,0.005563524658806473,7513.0,46.561740008005366,6.485590071421663,-0.33926804173299263,5.6657771472795,-7.599878703563035,-1.5292401949565777,0.45258505845322833,-0.16565007186302877,32|37|5|49|5|8|38|15|30|6,128,66
198,0.003557959733431165,-1.5631705392693336,-1.5642504538698612,5.1562132414396835,5.156537433717127,4.899966872650402,1,0.03333333333333333,0,3,5981,62.537333333333336,5.1562132414396835,-0.10290812000954104,0.005592570908564799,7517.0,46.561740008005366,6.4855865610949435,-0.3393544600297909,5.660443850731859,-7.592992992780311,-1.5253165510952393,0.45258505845322833,-0.1656511911662035,32|36|5|49|5|8|39|15|30|6,128,66
199,0.0035223801360968533,-1.5742304987789089,-1.5742304987789089,5.156310424798174,5.156310424798174,4.899966872650402,3,0.1,2,5,6011,62.537333333333336,5.156310424798174,-0.10290479246997261,0.00559118898666576,7410.0,46.51061256744077,6.4855880655605835,-0.3393285543531224,5.660725658827716,-7.593320591509933,-1.6302740243860372,0.45144869451632996,-0.16565071145211946,33|36|5|47|5|8|40|15|29|6,127,66
200,0.0034871563347358848,-1.5792278924531091,-1.5804603865149471,5.150834356334366,5.1520670767277945,4.899966872650402,4,0.13333333333333333,2,4,6041,62.537333333333336,5.150834356334366,-0.10311676289393108,0.0056877712378640526,7369.0,46.33625733505579,6.485509082663206,-0.34078828224523783,5.64277396198827,-7.570424780380122,-1.6704913739647542,0.4475734565598844,-0.165675895947706,33|35|5|47|5|8|40|14|30|6,127,66
201,0.003452284771388526,-1.6368359753337498,-1.6368359753337498,5.157876666307005,5.157876666307005,4.899966872650402,4,0.13333333333333333,3,1,6071,62.537333333333336,5.157876666307005,-0.10344115712407964,0.005650355948355861,7260.0,43.575231492299544,6.485605195640428,-0.3389110492705363,5.615301134565737,-7.5792944576895485,-1.777410669186221,0.3862066022463244,-0.1656452493529238,33|36|5|46|5|8|40|15|28|6,127,64
202,0.0034177619236746407,-1.6457570876218797,-1.646448487477943,5.156591838873165,5.157876666307005,4.899966872650402,4,0.13333333333333333,2,4,6101,62.537333333333336,5.156591838873165,-0.10349230942211893,0.005649993925664127,7195.0,43.57581871269623,6.485604753953156,-0.3392535392255334,5.6109690653558255,-7.579380278873791,-1.8411698819329674,0.38621965386937535,-0.16564539018937716,32|36|5|46|5|8|40|15|28|6,126,64
203,0.0033835843044378944,-1.6328619528635246,-1.646448487477943,5.167662901420366,5.157876666307005,4.899966872650402,3,0.1,0,2,6131,62.537333333333336,5.167662901420366,-0.10337515233754302,0.005650056660830941,7236.0,43.65925354843508,6.485646458366187,-0.33630238203998847,5.6208910555355125,-7.579365406860427,-1.8009525323542506,0.3880740854107877,-0.16563209231552378,33|36|5|46|5|8|40|16|27|6,128,63
204,0.0033497484613935155,-1.635050941795188,-1.646448487477943,5.172481859525116,5.157876666307005,4.80493812271698,4,0.13333333333333333,0,4,6161,62.537333333333336,5.172481859525116,-0.1034660483129303,0.005654396335036251,7230.0,43.69882322245012,6.4856618940251485,-0.33501781673498343,5.613193108984262,-7.578336642675113,-1.806837998146258,0.38895356519794244,-0.16562717049956235,33|36|5|47|5|8|39|17|26|6,128,64
205,0.00331625097677958,-1.6564625855966884,-1.6644457509409054,5.164869649175872,5.1643533433038815,4.80493812271698,6,0.2,3,2,6191,62.537333333333336,5.164869649175872,-0.10345030736996963,0.005589958968188369,7194.0,42.90616440159941,6.485550348420213,-0.337046965172568,5.614526203624165,-7.593612179978778,-1.842150792898302,0.3713358458610799,-0.16566273794376185,34|38|5|47|5|7|37|16|25|6,127,63
206,0.0032830884670117843,-1.6766622958953628,-1.677731769446543,5.1522964422966435,5.151897263639743,4.80493812271698,8,0.26666666666666666,4,2,6221,62.537333333333336,5.1522964422966435,-0.10318826764978564,0.00550757109990546,7067.0,42.379836167246246,6.485751014836964,-0.3403985413802519,5.636718250650301,-7.613143067364289,-1.966726485495791,0.3596376184926534,-0.16559875342743213,34|41|5|46|5|7|35|15|23|6,127,62
207,0.0032502575823416665,-1.6911941545493105,-1.6911941545493105,5.146653509659159,5.146653509659159,4.80493812271698,2,0.06666666666666667,2,6,6251,62.537333333333336,5.146653509659159,-0.10344312643292997,0.0055524662072405345,6990.0,42.37983616724626,6.485744569272117,-0.3419027494117447,5.615134354527258,-7.602500222685861,-2.042256629826552,0.35963761849265374,-0.16560080866096796,33|40|5|46|5|7|36|15|23|6,127,62
208,0.00321775500651825,-1.707169942799351,-1.7085413971720773,5.157046574000623,5.1552989932171585,4.80493812271698,7,0.23333333333333334,3,4,6281,62.537333333333336,5.157046574000623,-0.10404496512728371,0.005689166761930504,6986.0,41.55553099529239,6.485883050431505,-0.3391323227810236,5.564164858002576,-7.570093957117504,-2.0461802736878902,0.34131652398717477,-0.16555665254283103,33|38|5|46|5|8|39|15|21|6,127,62
209,0.0031855774564530674,-1.7164588519989161,-1.7164588519989161,5.151158815234313,5.151158815234313,4.80493812271698,2,0.06666666666666667,2,11,6311,62.537333333333336,5.151158815234313,-0.10396790524982139,0.0056848306686331194,6893.0,41.43195932225962,6.485925644084252,-0.3407017928762266,5.570691030535777,-7.5711218724119425,-2.1374049934640045,0.33857000682719235,-0.1655430711259011,33|38|5|46|5|8|38|14|21|7,126,62
210,0.0031537216818885365,-1.698133529967895,-1.7164588519989161,5.1618124841073465,5.151158815234313,4.80493812271698,7,0.23333333333333334,0,7,6341,62.537333333333336,5.1618124841073465,-0.1041902317694291,0.0057159487226139255,7071.0,41.760266785602646,6.486086627931974,-0.3378618982127265,5.5518622797844515,-7.563745019234138,-1.9628028416344527,0.3458670034583117,-0.1654917397980179,34|37|5|47|5|8|39|15|21|6,127,63
211,0.0031221844650696513,-1.7066547311878413,-1.7164588519989161,5.1603348860106175,5.151158815234313,4.80493812271698,3,0.1,0,8,6371,62.537333333333336,5.1603348860106175,-0.10418207782586442,0.005724818908735455,6974.0,41.760266785602646,6.486072279266013,-0.33825577406898855,5.5525528342504265,-7.561642250830989,-2.057951205271905,0.3458670034583117,-0.16549631501526832,35|36|5|46|5|8|39|15|21|6,126,63
212,0.0030909626204189545,-1.7200314917754231,-1.722439142657361,5.157496482002562,5.158387254184894,4.80493812271698,8,0.26666666666666666,2,6,6401,62.537333333333336,5.157496482002562,-0.10425215136783646,0.0057545163942441125,6822.0,41.926015223963695,6.485907534009576,-0.33901239307896514,5.546618331887046,-7.554602157948494,-2.207049672002758,0.34955094589452185,-0.1655488457063594,31|35|5|46|5|7|40|16|23|6,125,63
213,0.003060052994214765,-1.7295574875481396,-1.734717749593781,5.140096770875358,5.1518611232524245,4.80493812271698,4,0.13333333333333333,1,12,6431,62.537333333333336,5.140096770875358,-0.10435152688759537,0.005748172779326686,6858.0,41.606834490824646,6.486045365162449,-0.34365054612891244,5.538202255857855,-7.556105976789199,-2.171736877250714,0.3424568009405267,-0.1655048968493734,30|35|5|46|5|7|41|15|24|6,126,62
214,0.003029452464272617,-1.731539670118267,-1.734717749593781,5.137879671453598,5.1518611232524245,4.80493812271698,4,0.13333333333333333,0,7,6461,62.537333333333336,5.137879671453598,-0.10452471094988018,0.005782362724453543,6872.0,41.653281746938035,6.48604580600329,-0.3442415471156468,5.523535361649209,-7.548000900375563,-2.15800412373603,0.3434891425995709,-0.16550475628281294,29|34|5|47|5|7|41|15|25|6,126,62
215,0.002999157939629891,-1.7686368722744608,-1.7686368722744608,5.149266461375381,5.149266461375381,4.80493812271698,6,0.2,6,12,6491,62.537333333333336,5.149266461375381,-0.10468884363775988,0.005807734350118187,6462.0,42.023998558941436,6.485901384182445,-0.34120622807967427,5.509635024992634,-7.5419862968426505,-2.5601776195231993,0.35172873392881754,-0.1655508066409336,29|34|5|43|5|7|40|16|25|6,124,60
216,0.002969166360233592,-1.7696580723490454,-1.7755423459812312,5.148777612298102,5.149266461375381,4.80493812271698,4,0.13333333333333333,1,6,6521,62.537333333333336,5.148777612298102,-0.10469504360106059,0.005804065401560603,6462.0,42.00661279713598,6.485900970289852,-0.34133653810736214,5.509109952392827,-7.542856058648544,-2.5601776195231993,0.35134231613608125,-0.16555093861477263,29|34|5|43|5|7|40|16|25|6,123,61
217,0.0029394746966312562,-1.7841724132627546,-1.7841724132627546,5.1533997084326275,5.1533997084326275,4.80493812271698,4,0.13333333333333333,2,10,6551,62.58066666666668,5.1533997084326275,-0.10479550955084922,0.005804936083110677,6349.0,41.956125604853156,6.485979282266616,-0.3401044493027393,5.500601528247552,-7.542649654675999,-2.6710205586060045,0.35022018242565284,-0.16552596804900896,29|34|5|43|5|8|39|16|24|6,121,61
218,0.002910079949664944,-1.7787975030772492,-1.7925101564680943,5.147336187425503,5.1533997084326275,4.80493812271698,5,0.16666666666666666,1,8,6581,62.58066666666668,5.147336187425503,-0.10469762126235942,0.0058114919896969175,6397.0,41.71487743582966,6.48604471783396,-0.3417207714501021,5.5088916512103925,-7.541095509922475,-2.6239368322699455,0.34485817493821164,-0.16550510325660844,29|34|5|43|5|8|40|15|24|6,121,61
219,0.002880979150168294,-1.7976629057579097,-1.7990376508194363,5.137723114003987,5.138501086513125,4.80493812271698,3,0.1,1,10,6611,62.58066666666668,5.137723114003987,-0.10504905864715859,0.005816820458216939,6382.0,41.66311860515671,6.486034741513231,-0.34428327984368456,5.479128549018369,-7.53983234192492,-2.638650496749964,0.34370777765754856,-0.16550828430736375,27|34|5|45|5|8|39|15|24|6,121,61
220,0.002852169358666611,-1.8048384885306794,-1.8048384885306794,5.138493910690197,5.138493910690197,4.80493812271698,5,0.16666666666666666,2,10,6641,62.537333333333336,5.138493910690197,-0.10464609502483482,0.005757698558304212,6242.0,41.33134240753098,6.486008171150945,-0.3440778124669623,5.513255389217068,-7.553847793389787,-2.7759780318968024,0.3363336845689883,-0.16551675653608602,27|33|5|46|5|9|37|14|24|6,121,59
221,0.002823647665079945,-1.8372199377363054,-1.8372199377363054,5.135811827047897,5.135811827047897,4.80493812271698,5,0.16666666666666666,5,1,6671,62.58066666666668,5.135811827047897,-0.10477333294639957,0.005727491718280462,6064.0,40.85992534921759,6.4860095587185125,-0.34479276194714614,5.5024796566796885,-7.561008633973137,-2.9505801837263537,0.3258559188449393,-0.16551631409613457,26|34|5|43|5|9|38|14|24|6,119,59
222,0.0027954111884291454,-1.8461732744110946,-1.8461732744110946,5.131166664081966,5.131166664081966,4.80493812271698,3,0.1,1,2,6701,62.58066666666668,5.131166664081966,-0.10481595142711839,0.005727145680864189,6013.0,40.78069076847302,6.486031155208729,-0.34603099956042765,5.498870313303691,-7.56109066568423,-3.000606642958416,0.32409484261817934,-0.16550942783682274,25|34|5|43|5|9|38|14|24|6,119,58
223,0.002767457076544854,-1.876055513713727,-1.876671997055355,5.1304008472575235,5.131177055182003,4.80493812271698,6,0.2,4,2,6731,62.58066666666668,5.1304008472575235,-0.10510358870402467,0.005798602731561025,5779.0,40.50983692048942,6.486023887374364,-0.3462351394805689,5.4745104186621765,-7.54415104048033,-3.2301398088467033,0.3180748161584182,-0.1655117452593101,25|33|5|43|5|9|37|14|22|6,119,58
224,0.0027397825057794054,-1.9054304445631614,-1.9064256723290067,5.131448666409574,5.130705563684621,4.80493812271698,8,0.26666666666666666,5,9,6761,62.58066666666668,5.131448666409574,-0.10509324878354327,0.005784786872606218,5475.0,40.632784911279586,6.486022125530756,-0.3459558276253117,5.475386102705071,-7.547426231245721,-3.528336742308409,0.3208074712904807,-0.1655123070409621,24|34|5|40|5|9|36|14|22|6,119,57
225,0.0027123846807216114,-1.9410948686081988,-1.9410948686081988,5.129922850462996,5.129922850462996,4.80493812271698,7,0.23333333333333334,4,6,6791,62.58066666666668,5.129922850462996,-0.10545998943749683,0.005694078811628846,5325.0,41.140044986789036,6.486178876977719,-0.3463625566700955,5.444326972305991,-7.568929505463519,-3.675473387108593,0.33208188773049446,-0.16546232525686352,23|36|5|40|5|9|32|15|22|6,118,56
226,0.002685260833914395,-1.9547809771880642,-1.9548414334012403,5.123074572662015,5.120827373665099,4.80493812271698,6,0.2,3,6,6821,62.58066666666668,5.123074572662015,-0.10533178389377199,0.005654332662823667,5198.0,41.13468936289813,6.486082854373468,-0.3481880674695159,5.45518465240638,-7.578351736824768,-3.800049079706082,0.3319628530637478,-0.16549294303530987,23|37|5|40|5|8|29|15|22|6,117,55
227,0.0026584082255752513,-1.9533752327761835,-1.9560850730854766,5.123647371502115,5.122549286179721,4.80493812271698,3,0.1,1,7,6851,62.58066666666668,5.123647371502115,-0.10524970047041296,0.0056211516544249504,5236.0,40.95299144060641,6.486085919609538,-0.34803537937786905,5.462136267184363,-7.586217634460907,-3.762774463023369,0.3279244156997492,-0.16549196565378999,23|37|5|41|5|8|29|15|21|6,117,55
228,0.0026318241433194987,-1.9591562062907502,-1.9591562062907502,5.123520149958704,5.123520149958704,4.80493812271698,5,0.16666666666666666,1,6,6881,62.58066666666668,5.123520149958704,-0.10530368072046459,0.005631436923282985,5189.0,40.94672813467184,6.486085127513559,-0.34806929218166666,5.457564699764022,-7.583779406212227,-3.808877278394093,0.32778520679527023,-0.1654922182216034,23|36|5|42|5|8|28|15|21|6,118,54
229,0.0026055059018863036,-1.9736149783769066,-1.977698513264741,5.1339920803068715,5.1339920803068715,4.80493812271698,7,0.23333333333333334,5,8,6911,62.58066666666668,5.1339920803068715,-0.10527868006251437,0.005588675979720422,5056.0,40.92849683143217,6.48609815998399,-0.3452778426381597,5.459681996243067,-7.593916325526012,-3.9393384367835895,0.3273799959086028,-0.1654880626866086,23|36|5|40|5|8|28|16|21|6,117,54
230,0.0025794508428674404,-1.9762198130282354,-1.9849608222308415,5.1358665666936965,5.133583298700056,4.80493812271698,6,0.2,3,7,6941,62.58066666666668,5.1358665666936965,-0.10549191965507747,0.005653388851348073,4997.0,41.28425388635244,6.486236915906918,-0.3447781702764419,5.441622813983709,-7.578575476994616,-3.9972121837383283,0.3352870900843384,-0.16544381895733798,22|35|5|40|5|8|29|16|21|6,116,54
231,0.002553656334438766,-1.9808824471226423,-1.9849608222308415,5.13539192990381,5.133583298700056,4.80493812271698,5,0.16666666666666666,0,6,6971,62.58066666666668,5.13539192990381,-0.10556673364993274,0.005677207576579223,4918.0,41.28425388635244,6.491815902432845,-0.3449046918065141,5.435286844418195,-7.572929004402818,-4.074704149999759,0.3352870900843384,-0.16366490268300518,22|35|5|39|5|8|29|16|21|6,117,53
232,0.002528119771094378,-1.9885523278440105,-1.9885523278440105,5.12549295054781,5.12549295054781,4.80493812271698,3,0.1,2,11,7001,62.58066666666668,5.12549295054781,-0.10544243631637862,0.005661485257717633,4840.0,41.215160730816834,6.491797089015225,-0.347543412699967,5.445813539644093,-7.576656141001018,-4.151215205295854,0.33375141825390564,-0.16367090153147432,22|36|5|38|5|8|29|15|20|6,116,52
233,0.0025028385733834343,-2.000346387489417,-2.000346387489417,5.124787044257852,5.124787044257852,4.80493812271698,2,0.06666666666666667,2,9,7031,62.58066666666668,5.124787044257852,-0.105580907614311,0.005707748871847706,4726.0,41.21160926534257,6.491790617149545,-0.34773158257174297,5.434086456615123,-7.56568887778068,-4.263039055343994,0.3336724830041937,-0.1636729651512966,21|35|5|38|5|8|29|15|20|6,116,50
234,0.0024778101876496,-2.0040891937450196,-2.0040891937450196,5.132674801241966,5.132674801241966,4.80493812271698,6,0.2,5,6,7061,62.58066666666668,5.132674801241966,-0.10561486715524963,0.0056893418451833865,4695.0,41.27974014410896,6.49188168162344,-0.34562898306042633,5.431210435647895,-7.570052451840496,-4.293447295269365,0.33518676716871226,-0.16364392832285607,21|36|5|35|5|9|30|15|21|6,116,50
235,0.002453032085773104,-2.032230154183706,-2.032230154183706,5.143285519640205,5.143285519640205,4.80493812271698,5,0.16666666666666666,3,12,7091,62.63000000000001,5.143285519640205,-0.10599376428396727,0.0057064638263813455,4557.0,40.96326775840287,6.492036919313008,-0.342800537487903,5.399121777895301,-7.56599351096044,-4.428813008485534,0.3281528182330865,-0.16359442921561163,21|36|5|34|5|9|29|16|20|6,114,50
236,0.002428501764915373,-2.032230154183706,-2.032230154183706,5.143285519640205,5.143285519640205,4.80493812271698,0,0.0,0,13,7121,62.63000000000001,5.143285519640205,-0.10599376428396727,0.0057064638263813455,4557.0,40.96326775840287,6.492036919313008,-0.342800537487903,5.399121777895301,-7.56599351096044,-4.428813008485534,0.3281528182330865,-0.16359442921561163,21|36|5|34|5|9|29|16|20|6,114,50
237,0.002404216747266219,-2.0433710335433135,-2.0433710335433135,5.157012163402895,5.157012163402895,4.80493812271698,3,0.1,3,9,7151,62.67733333333334,5.157012163402895,-0.10641670165755128,0.00579597725836944,4479.0,40.96549220335936,6.492233919582945,-0.33914149544013494,5.36330336808668,-7.544773435771132,-4.50532406378163,0.32820225898349875,-0.16353161368726965,21|35|5|33|5|10|29|16|21|6,114,50
238,0.002380174579793557,-2.061344189775649,-2.061344189775649,5.157079199168936,5.157079199168936,4.80493812271698,4,0.13333333333333333,4,4,7181,62.67733333333334,5.157079199168936,-0.10646278187385357,0.00579853089686635,4330.0,40.81010042867313,6.492233919582945,-0.3391236260548074,5.359400851603924,-7.5441680696299045,-4.65147979761648,0.3247485048566717,-0.16353161368726965,21|35|5|31|5|10|30|16|19|6,113,49
239,0.0023563728339956215,-2.0839386308364882,-2.0839386308364882,5.153201249957955,5.153201249957955,4.80493812271698,6,0.2,5,6,7211,62.67733333333334,5.153201249957955,-0.10684479182888267,0.005912841104548634,4169.0,40.53046755999339,6.492181332823738,-0.3401573513752428,5.327048569741827,-7.517069664976553,-4.8094064630353435,0.3185333549483239,-0.16354838150725495,21|34|5|30|5|10|30|15|19|6,111,48
240,0.002332809105655665,-2.088222429834196,-2.088222429834196,5.147635892519271,5.147635892519271,4.80493812271698,3,0.1,1,3,7241,62.67733333333334,5.147635892519271,-0.10674125430285768,0.005893497807935058,4132.0,40.41431864819175,6.492225796886955,-0.341640880578088,5.335817124542995,-7.521655191410216,-4.845700168752722,0.3159518168696747,-0.1635342036910311,21|35|5|28|5|10|30|14|20|6,110,48
241,0.0023094810145991083,-2.0922290590682784,-2.0953824560203107,5.154643218209429,5.153431343622101,4.80493812271698,5,0.16666666666666666,2,2,7271,62.67733333333334,5.154643218209429,-0.10668532148372631,0.005919754773968647,4017.0,40.404287435659214,6.4922833624495215,-0.3397729731867425,5.340554054316833,-7.515430708881717,-4.958504929766196,0.3157288620720267,-0.16351584832924365,23|35|5|26|5|11|28|14|20|6,110,47
242,0.0022863862044531173,-2.0919060584997338,-2.0953824560203107,5.1580146550144095,5.153431343622101,4.80493812271698,6,0.2,0,1,7301,62.67733333333334,5.1580146550144095,-0.10661742268597915,0.005887866845186031,4050.0,40.161289869253444,6.491957593111946,-0.3388742663182546,5.3463043783958115,-7.522990068760672,-4.9261348679101555,0.31032797229213016,-0.16361972317704943,24|37|5|25|5|11|27|12|20|6,110,45
243,0.002263522342408586,-2.0986148941642604,-2.0986148941642604,5.157796232918662,5.157796232918662,4.80493812271698,2,0.06666666666666667,1,5,7331,62.67733333333334,5.157796232918662,-0.10664425844301018,0.0059045623527773355,3969.0,40.201874537038215,6.491959446515394,-0.3389324899923236,5.3440316680540505,-7.519032227813871,-5.005588656102255,0.31123001143886486,-0.1636191322006166,24|36|5|24|5|11|27|12|21|6,110,45
244,0.0022408871189845,-2.1056570272391846,-2.1056570272391846,5.156832268974195,5.156832268974195,4.80493812271698,1,0.03333333333333333,1,1,7361,62.67733333333334,5.156832268974195,-0.10669070354687837,0.005902807917806302,3922.0,40.201874537038215,6.491959086136986,-0.33918944898873354,5.3400982493782365,-7.519448134579742,-5.05169147147298,0.31123001143886486,-0.16361924711091652,23|36|5|24|5|11|27|12|21|6,109,45
245,0.0022184782477946553,-2.1036072657619624,-2.1077851780552725,5.146821911115965,5.147389555780284,4.80493812271698,3,0.1,1,2,7391,62.712,5.146821911115965,-0.10666560227711304,0.005950560444842639,3940.0,39.871707318174714,6.491800202757414,-0.34185785948657355,5.342224066634707,-7.508127909316505,-5.034035074096957,0.30389167968356207,-0.16366990868328782,23|35|5|24|5|11|29|11|21|6,109,45
246,0.0021962934653167085,-2.1122363446580543,-2.117304479448948,5.160980253229151,5.1375753359040806,4.80493812271698,5,0.16666666666666666,2,3,7421,62.67733333333334,5.160980253229151,-0.10717989595415378,0.0059287005339217335,3954.0,40.81105937641073,6.492040413307655,-0.3380837417914931,5.298668725260818,-7.513310024928327,-5.020302320582274,0.32476981853117504,-0.16359331512008338,21|35|5|26|5|10|29|12|21|6,110,44
247,0.0021743305306635412,-2.114259643668497,-2.1180048231132087,5.159875086783412,5.159968166669967,4.80493812271698,4,0.13333333333333333,1,4,7451,62.67733333333334,5.159875086783412,-0.107145771295997,0.005931285831312473,3897.0,41.00114740876744,6.492038211337332,-0.33837834042497206,5.301558729944208,-7.5126971537223,-5.0762142456063435,0.3289947353746698,-0.1635940172405896,20|35|5|27|5|10|27|12|22|6,109,45
248,0.002152587225356906,-2.1082988165138716,-2.1180048231132087,5.154802947957955,5.159968166669967,4.80493812271698,2,0.06666666666666667,0,1,7481,62.67733333333334,5.154802947957955,-0.1071836719835872,0.005931463800206168,3988.0,41.00114740876744,6.49199178771384,-0.33973039483501727,5.2983489347241015,-7.512654964374603,-4.986951347760899,0.3289947353746698,-0.16360881988242426,20|35|5|28|5|9|28|12|22|6,109,45
249,0.002131061353103337,-2.1300940148739853,-2.1300940148739853,5.151919587776133,5.151919587776133,4.80493812271698,8,0.26666666666666666,1,1,7511,62.67733333333334,5.151919587776133,-0.10752958889917277,0.006000205782780813,3884.0,40.6125022077521,6.491981917906271,-0.340498997585008,5.269053359028858,-7.496358973856777,-5.088966088155693,0.3203566657626289,-0.1636119669703813,20|34|5|26|5|9|30|12|21|6,107,44
250,0.0021097507395723037,-2.1298333227351014,-2.1300940148739853,5.151919587776133,5.151919587776133,4.80493812271698,1,0.03333333333333333,0,0,7541,62.67733333333334,5.151919587776133,-0.10751039119605961,0.00600051216506814,3878.0,40.6125022077521,6.491981917906271,-0.340498997585008,5.270679205408109,-7.496286342799858,-5.0948515539477,0.3203566657626289,-0.1636119669703813,20|34|5|27|5|9|29|12|21|6,107,44
251,0.0020886532321765807,-2.1453156891433625,-2.1453156891433625,5.157022926115008,5.157022926115008,4.80493812271698,5,0.16666666666666666,2,2,7571,62.67733333333334,5.157022926115008,-0.1075568961930119,0.005932121093155688,3868.0,40.087734121495465,6.492053416974946,-0.33913862647836596,5.266740714409146,-7.512499146353772,-5.104660663601045,0.3086931144118856,-0.16358916876926083,20|34|5|26|5|9|30|13|20|6,108,43
252,0.0020677666998548147,-2.1741881701283576,-2.1741881701283576,5.174105653375366,5.174105653375366,4.80493812271698,8,0.26666666666666666,7,5,7601,62.67733333333334,5.174105653375366,-0.10828743390204236,0.006013309879306743,3723.0,40.260564828655326,6.492347531534092,-0.33458497021563827,5.2048717459116,-7.493252513659773,-5.246892753574556,0.3125344681083802,-0.16349538736768357,18|33|5|25|5|9|31|14|19|6,106,42
253,0.0020470890328562665,-2.204594924747449,-2.204594924747449,5.173625522431605,5.173625522431605,4.80493812271698,7,0.23333333333333334,6,4,7631,62.634,5.173625522431605,-0.10910299988952674,0.006096319221111939,3660.0,40.32916511148809,6.492088006923919,-0.33471295629453923,5.135801763946798,-7.473574299615255,-5.308690144390634,0.3140591852976495,-0.1635781394142212,18|32|5|26|5|8|30|15|19|6,107,41
254,0.002026618142527704,-2.601439560731672,-2.601439560731672,5.262213823592258,5.262213823592258,4.80493812271698,2,0.06666666666666667,2,7,7661,62.634,5.262213823592258,-0.12181386579605617,0.009500290027976182,3692.0,14.130193513441624,6.495723907432141,-0.31109842061552345,4.059323229537815,-6.66662818147875,-5.277300993499928,-0.2682419465227785,-0.16241879576714965,18|32|5|26|5|8|31|14|19|6,107,41
255,0.0020063519611024268,-2.624275590745882,-2.624275590745882,5.245405055945909,5.245405055945909,4.80493812271698,4,0.13333333333333333,4,4,7691,62.634,5.245405055945909,-0.12237817774037887,0.009653989362994145,3593.0,13.872668576677368,6.495559556151599,-0.31557904884864846,4.011531859599602,-6.630192181057477,-5.3744111790680495,-0.27396572318281315,-0.16247120083504243,18|31|5|26|5|8|30|13|20|7,107,40
256,0.0019862884414914026,-2.617180438224349,-2.624275590745882,5.239857881521339,5.245405055945909,4.80493812271698,3,0.1,0,1,7721,62.634,5.239857881521339,-0.12233944172938926,0.00964681474388561,3666.0,13.933003372314746,6.495485574097006,-0.31705773109732566,4.0148123980495845,-6.6318929979467,-5.302804678598626,-0.2726247155918733,-0.1624947907613332,19|31|5|25|5|7|31|13|21|7,107,41
257,0.0019664255570764886,-2.647903771475646,-2.647903771475646,5.23554301720104,5.23554301720104,4.80493812271698,7,0.23333333333333334,3,3,7751,62.634,5.23554301720104,-0.1229003349108277,0.009676598310970405,3615.0,13.541928950821275,6.4954796208490295,-0.31820792267010484,3.9673105618761193,-6.624832498545569,-5.352831137830689,-0.28131677731687044,-0.16249668901465592,16|31|5|28|5|7|31|12|19|7,105,40
258,0.0019467613015057238,-2.644746622771142,-2.649351024683054,5.235741905665923,5.23554301720104,4.80493812271698,3,0.1,1,5,7781,62.634,5.235741905665923,-0.12283210811011043,0.009672094928131852,3688.0,12.964969345599386,6.4954796208490295,-0.3181549059772845,3.973088664405375,-6.625900071537888,-5.281224637361266,-0.29414034292432445,-0.16249668901465592,16|31|5|29|5|7|31|11|20|7,105,41
259,0.0019272936884906664,-2.6457404318858306,-2.6495342037658607,5.2328479749756704,5.235741905665923,4.80493812271698,3,0.1,1,1,7811,62.634,5.2328479749756704,-0.1229754504496318,0.009703888284099856,3710.0,12.960744416754611,6.495429275504024,-0.3189263264542799,3.960949054665061,-6.618363131112554,-5.259644596123906,-0.2942342466426046,-0.16251274213705574,16|30|5|30|5|7|32|11|19|7,105,41
260,0.0019080207516057597,-2.7529969865613793,-2.7529969865613793,5.21540830237165,5.21540830237165,4.80493812271698,4,0.13333333333333333,3,2,7841,62.634,5.21540830237165,-0.12401487265577996,0.009848356417754795,3699.0,6.255391054474608,6.495238781232532,-0.32357513183312037,3.8729207723014074,-6.584115481452282,-5.270434616742586,-0.4432681443091337,-0.1625734831619981,15|29|5|32|5|7|31|10|20|7,105,40
261,0.001888940544089702,-2.7539209547090477,-2.7590249627616332,5.21888240057662,5.216473939870144,4.80493812271698,4,0.13333333333333333,2,1,7871,62.634,5.21888240057662,-0.12385503942594618,0.00977228771002998,3702.0,6.259297579079861,6.495333801938758,-0.32264905903412994,3.886456989445586,-6.602148347153251,-5.267491883846582,-0.4431813174773777,-0.1625431848488693,13|31|5|32|5|7|30|10|20|7,104,40
262,0.001870051138648805,-2.807064253130274,-2.807064253130274,5.27151352990676,5.27151352990676,4.80493812271698,6,0.2,4,2,7901,62.634,5.27151352990676,-0.1275608129653972,0.010100869233191959,3527.0,6.257363576748445,6.601944833332315,-0.30861944490777277,3.5726163984162507,-6.524254734178587,-5.439151302780131,-0.44322430281908515,-0.1285491793268887,13|31|5|29|5|7|30|11|20|6,102,40
263,0.001851350627262317,-2.815451833417671,-2.815582683698172,5.263979107072691,5.264281139289608,4.80493812271698,5,0.16666666666666666,3,2,7931,62.634,5.263979107072691,-0.12795484580672095,0.010194044729063424,3541.0,6.075884780830863,6.601796627691624,-0.3106278579206067,3.539245902758728,-6.50216652926587,-5.425418549265446,-0.4472578698569644,-0.12859643619423317,14|29|5|32|5|7|30|11|18|6,102,40
264,0.0018328371209896939,-2.8358625156152244,-2.8358625156152244,5.2546628561879185,5.2546628561879185,4.80493812271698,1,0.03333333333333333,1,2,7961,62.634,5.2546628561879185,-0.1283556336142591,0.010204221170182748,3557.0,5.742336484524696,6.601757514935196,-0.31311124383083155,3.5053033315098214,-6.499754099746461,-5.4097239738200935,-0.4546713497994497,-0.1286089076921694,14|29|5|32|5|7|30|10|19|6,102,40
265,0.001814508749779797,-2.843322322229124,-2.843322322229124,5.229321009567126,5.229321009567126,4.80493812271698,3,0.1,1,4,7991,62.634,5.229321009567126,-0.12860325677036677,0.010298163328393426,3547.0,5.742336484524696,6.601172515543893,-0.3198664917965149,3.4843322179654983,-6.477484149679732,-5.419533083473439,-0.4546713497994497,-0.12879544066421145,16|28|5|32|5|6|30|10|19|6,102,40
266,0.0017963636622819988,-2.881949407922885,-2.882791323471997,5.216130238373387,5.217277054564146,4.80493812271698,8,0.26666666666666666,6,1,8021,62.634,5.216130238373387,-0.12947577234776286,0.010428117912923243,3506.0,4.890011064934464,6.601056105430641,-0.3233826890020961,3.410439196285372,-6.446677085380323,-5.459750433052156,-0.47361522531186556,-0.12883255920608255,15|26|5|33|5|6|32|9|17|6,102,38
267,0.0017784000256591789,-3.032963567991833,-3.032963567991833,4.908576963725045,4.908576963725045,4.80493812271698,3,0.1,3,7,8051,60.81133333333334,4.908576963725045,-0.13117983268641228,0.01039939641002346,3633.0,4.352743236538546,6.601125668414785,-0.4053656109255065,3.2661229561973153,-6.453485811596567,-5.335174740454667,-0.48555659726209033,-0.12881037834509448,15|27|5|34|5|6|32|8|18|5,103,38
268,0.001760616025402587,-3.043430921287417,-3.043430921287417,4.904138805566481,4.904138805566481,4.80493812271698,5,0.16666666666666666,5,7,8081,60.802,4.904138805566481,-0.13155583272279942,0.010476786913847687,3638.0,4.087032941512341,6.601010645877905,-0.4065486683135747,3.2342796521231354,-6.4351396006021435,-5.330270185627994,-0.49146230256624956,-0.12884705444420674,16|26|5|36|5|6|31|7|17|5,102,38
269,0.001743009865148561,-3.070904166658896,-3.070904166658896,4.896543380769811,4.896543380769811,4.80493812271698,5,0.16666666666666666,5,2,8111,60.802,4.896543380769811,-0.132023589518458,0.01055941795781191,3486.0,4.05245996378927,6.600788439272532,-0.40857334231125053,3.194665502028787,-6.415551065932565,-5.479368652358847,-0.49223072524968214,-0.1289179072675155,17|24|5|36|5|6|29|7|18|5,100,38
270,0.0017255797664970755,-3.0995091832615085,-3.0995091832615085,4.904002502497688,4.904002502497688,4.80493812271698,6,0.2,6,1,8141,60.802,4.904002502497688,-0.132409021696242,0.010586802159496955,3333.0,3.824043840191943,6.600832632652181,-0.4065850019336915,3.1620233933867747,-6.409059360656052,-5.629448030055035,-0.4973075263294114,-0.12890381576148477,17|23|5|35|5|7|29|6|17|5,100,36
271,0.0017083239688321047,-3.125994739744799,-3.125994739744799,4.900312437774369,4.900312437774369,4.80493812271698,5,0.16666666666666666,3,7,8171,60.758,4.900312437774369,-0.1329771683152011,0.010660620289034002,3242.0,3.694807363426282,6.601097606297096,-0.4075686438358956,3.1139072662712857,-6.391560017548321,-5.71871092790048,-0.5001799500202231,-0.12881932623511314,16|22|5|34|5|9|29|5|18|5,99,36
272,0.0016912407291437836,-3.1287066867870728,-3.1287066867870728,4.893974100113362,4.893974100113362,4.80493812271698,7,0.23333333333333334,4,3,8201,60.758,4.893974100113362,-0.13333216476612408,0.010724702758023775,3312.0,3.6577018544274207,6.601035144512774,-0.40925822246964844,3.0838427480850252,-6.376368612414169,-5.650047160327061,-0.5010046610133989,-0.1288392428067232,16|20|5|35|5|9|31|5|17|5,99,36
273,0.0016743283218523459,-3.135409339862078,-3.135409339862078,4.89605849562716,4.89605849562716,4.80493812271698,5,0.16666666666666666,3,2,8231,60.758,4.89605849562716,-0.13332069197030233,0.010738901089348728,3196.0,3.8321545760299696,6.601055281351177,-0.40870259569291983,3.08481437492167,-6.373002752658973,-5.763832832305869,-0.4971272562512252,-0.12883282197215368,15|20|5|35|5|9|29|5|18|5,99,34
274,0.0016575850386338223,-3.1337928104314194,-3.135409339862078,4.902563070596528,4.89605849562716,4.782051019307408,1,0.03333333333333333,0,5,8261,60.758,4.902563070596528,-0.1333062108536453,0.010740557661159974,3186.0,3.8321545760299696,6.601139949928157,-0.40696870402010815,3.086040775337676,-6.3726100453567245,-5.773641941959215,-0.4971272562512252,-0.12880582454012626,14|20|5|35|5|10|29|5|18|5,99,34
275,0.0016410091882474841,-3.2668851692748087,-3.2668851692748087,4.850457061154985,4.850457061154985,4.678938531795407,4,0.13333333333333333,4,2,8291,60.758,4.850457061154985,-0.13731452631339597,0.011266790555450311,3213.0,2.587131847207589,6.600107759817186,-0.42085833959193214,2.746578020928099,-6.24786115196815,-5.7471573458951815,-0.524799263964287,-0.12913494879559453,14|19|5|35|5|9|31|5|17|5,98,34
276,0.0016245990963650093,-3.272014841325783,-3.272014841325783,4.856736653370459,4.856736653370459,4.677054706231794,3,0.1,1,1,8321,60.758,4.856736653370459,-0.13767006022133477,0.011324654251790254,3233.0,2.5348695477522023,6.60012627494669,-0.4191844204346716,2.7164679857058682,-6.234143970537455,-5.727539126588491,-0.5259608513957066,-0.12912904505930778,14|18|5|36|5|10|31|5|16|5,98,34
277,0.0016083531054013592,-3.2964352940896937,-3.2964352940896937,4.84711151615818,4.84711151615818,4.646876362967674,2,0.06666666666666667,1,3,8351,60.758,4.84711151615818,-0.13852632628236017,0.01145931902291811,3219.0,2.5348695477522023,6.599836404445125,-0.42175014461198235,2.64395112955972,-6.202220308297981,-5.741271880103175,-0.5259608513957066,-0.12922147320020502,15|17|5|35|5|10|32|5|16|5,98,34
278,0.0015922695743473456,-3.300671083201206,-3.3036606007146863,4.847346613001302,4.845273866255083,4.561971024929244,5,0.16666666666666666,2,4,8381,60.758,4.847346613001302,-0.13861396095585438,0.011449533839368867,3221.0,2.568435019981303,6.599841200031661,-0.4216874760347866,2.6365293814600883,-6.204539986206026,-5.739310058172506,-0.5252148216366397,-0.12921994407894008,14|17|5|37|5|10|30|6|16|5,98,34
279,0.0015763468786038721,-3.3193719690810872,-3.3193719690810872,4.8440320247540525,4.8440320247540525,4.561971024929244,2,0.06666666666666667,2,2,8411,60.758,4.8440320247540525,-0.1388982243724232,0.011488947032996915,3115.0,2.568435019981303,6.599756138831905,-0.42257102907057603,2.6124552178032365,-6.195196685277186,-5.8432866204979685,-0.5252148216366397,-0.12924706670270997,14|16|5|36|5|10|30|6|16|5,98,33
280,0.0015605834098178335,-3.3232288117063353,-3.3232288117063353,4.843226568827195,4.843226568827195,4.561971024929244,1,0.03333333333333333,1,2,8441,60.758,4.843226568827195,-0.13905257631859533,0.011515369242014134,3113.0,2.5673001610905084,6.599710405179063,-0.422785735385896,2.5993832085459285,-6.188933030208218,-5.8452484424286375,-0.525240045131161,-0.1292616493404253,15|15|5|36|5|10|30|6|16|5,98,33
281,0.0015449775757196552,-3.3912001552278648,-3.3912001552278648,4.88537935789629,4.88537935789629,4.561971024929244,5,0.16666666666666666,5,1,8471,60.84866666666667,4.88537935789629,-0.1406893100272101,0.011497595929414241,3115.0,1.859511347731386,6.599515291854184,-0.4115492794611233,2.4607688358648083,-6.193146375863237,-5.8432866204979685,-0.5409714346464497,-0.12932386319725278,15|14|5|36|5|9|31|5|16|5,97,33
282,0.0015295277999624586,-3.4444352444994335,-3.4460641062089983,4.8681869590833236,4.8657931644442,4.561971024929244,4,0.13333333333333333,1,3,8501,60.84866666666667,4.8681869590833236,-0.1424838944680568,0.01165680415636874,3199.0,2.2248441327153947,6.593507270695065,-0.4161321703153051,2.308786143028482,-6.155404436226957,-5.760890099409866,-0.5328515092749072,-0.1312395815032253,15|13|5|36|5|8|33|5|16|5,97,33
283,0.001514232521962834,-3.471980905746711,-3.471980905746711,4.863485261758901,4.863485261758901,4.561971024929244,3,0.1,3,1,8531,60.84866666666667,4.863485261758901,-0.14270267625226002,0.011649709061144495,3034.0,2.2248441327153947,6.593504031110977,-0.41738547800678194,2.290257594608071,-6.157086401165513,-5.922740408690068,-0.5328515092749072,-0.13124061447737384,14|13|5|35|5|8|32|5|16|5,95,32
284,0.0014990901967432055,-3.4997069932542226,-3.4997069932542226,4.855128841057789,4.855128841057789,4.561971024929244,3,0.1,3,2,8561,60.84866666666667,4.855128841057789,-0.14325620138740777,0.011625217808320893,3074.0,1.9478868142309909,6.593500125765177,-0.4196130068363212,2.2433797555509933,-6.162892303306169,-5.883503970076686,-0.5390071921197805,-0.13124185973637728,14|13|5|36|5|8|32|5|15|5,95,32
285,0.0014840992947757735,-3.507442817241363,-3.507442817241363,4.856477917660984,4.856477917660984,4.561971024929244,3,0.1,3,0,8591,60.84866666666667,4.856477917660984,-0.14320109899260172,0.011622565182792508,2969.0,1.9644099839419553,6.593502661431553,-0.4192533903049907,2.248046356995728,-6.163521135336304,-5.986499621436814,-0.5386399463907661,-0.13124105121350985,15|13|5|35|5|8|31|5|15|5,94,32
286,0.0014692583018280157,-3.548364349322645,-3.548364349322645,4.859812198637881,4.859812198637881,4.561971024929244,2,0.06666666666666667,2,2,8621,60.898,4.859812198637881,-0.14464139578565258,0.01174971494031645,3009.0,1.9683122192077644,6.593723262351804,-0.4183645878777941,2.1260681540708672,-6.1333789839849935,-5.9472631828234315,-0.5385532148943252,-0.13117071037914083,16|12|5|35|5|8|32|5|14|5,94,32
287,0.0014545657188097356,-3.5841310904194135,-3.5841310904194135,4.807350928908181,4.807350928908181,4.561971024929244,5,0.16666666666666666,5,3,8651,60.93666666666666,4.807350928908181,-0.1447545003550811,0.011818391582887607,2783.0,1.9666814029222603,6.58910281483287,-0.4323489233890016,2.116489369900794,-6.117098482983725,-6.168949060989042,-0.5385894615906998,-0.13264398679734601,15|11|5|35|6|8|29|5|14|5,92,31
288,0.0014400200616216383,-3.5980737733949533,-3.5980737733949533,4.800282574317394,4.800282574317394,4.561971024929244,4,0.13333333333333333,3,1,8681,60.93666666666666,4.800282574317394,-0.14501578493825912,0.01180689199102299,2790.0,1.8347951889709182,6.590902363793988,-0.4342330989459228,2.094361275148521,-6.119824578929259,-6.1620826842317005,-0.5415207786222852,-0.1320701824121743,16|11|5|36|5|8|28|5|13|5,92,31
289,0.0014256198610054218,-3.6198242664631364,-3.6198242664631364,4.800282574317394,4.800282574317394,4.561971024929244,4,0.13333333333333333,3,1,8711,60.93666666666666,4.800282574317394,-0.1456153532175642,0.01181059194955451,2851.0,1.5842791101402294,6.590902363793988,-0.4342330989459228,2.0435840592349384,-6.118947465891669,-6.102247115346292,-0.5470887756597416,-0.1320701824121743,16|11|5|37|5|8|29|5|10|5,91,31
290,0.0014113636623953676,-3.6214749139497213,-3.6214749139497213,4.800282574317394,4.800282574317394,4.561971024929244,1,0.03333333333333333,1,4,8741,60.93666666666666,4.800282574317394,-0.14552352482247533,0.011811031404112328,2794.0,1.5842791101402294,6.590902363793988,-0.4342330989459228,2.051360972066,-6.118843288691085,-6.158159040370362,-0.5470887756597416,-0.1320701824121743,16|11|5|37|5|8|28|5|10|5,91,30
291,0.001397250025771414,-3.650936209427159,-3.650936209427159,4.794045064713409,4.794045064713409,4.561971024929244,3,0.1,1,1,8771,60.93666666666666,4.794045064713409,-0.14621633417485672,0.011797431204023223,2816.0,1.6800975212684843,6.590788652450753,-0.4358958003541412,1.9926872041448664,-6.122067355315173,-6.136578999133001,-0.5449591054533973,-0.13210644042393263,16|10|5|36|5|8|30|5|10|5,91,30
292,0.0013832775255136999,-3.9280444344023975,-3.9280444344023975,4.781600137028821,4.781600137028821,4.561971024929244,5,0.16666666666666666,4,0,8801,60.93666666666666,4.781600137028821,-0.1515531012102223,0.01139485058633483,2778.0,1.6607498271198848,6.596832010358454,-0.43921318182528524,1.5407183769258317,-6.217503211000407,-6.173853615815715,-0.5453891293632551,-0.1301794546383125,16|9|5|36|5|8|30|5|9|5,90,30
293,0.0013694447502585628,-3.929195787861774,-3.929195787861774,4.786052674978358,4.786052674978358,4.5561475212223055,2,0.06666666666666667,2,0,8831,60.88733333333333,4.786052674978358,-0.15158026351753567,0.011393152142583032,2784.0,1.5187478909018797,6.596836376097858,-0.43802629128901865,1.5384180111613845,-6.217905844474708,-6.167968150023707,-0.5485452795148359,-0.1301780625781524,17|9|5|35|5|8|31|5|8|5,90,30
294,0.0013557503027559772,-3.9367976900191106,-3.9367976900191106,4.786052674978358,4.786052674978358,4.5561475212223055,2,0.06666666666666667,2,1,8861,60.88733333333333,4.786052674978358,-0.15159067873661308,0.011393150273152521,2711.0,1.5187478909018797,6.596836376097858,-0.43802629128901865,1.5375359501082317,-6.217906287642344,-6.239574650493131,-0.5485452795148359,-0.1301780625781524,17|9|5|33|5|8|32|5|8|5,89,30
295,0.0013421927997284175,-4.06947039840588,-4.070035472644372,4.778688966198303,4.778688966198303,4.5561475212223055,4,0.13333333333333333,2,3,8891,60.88733333333333,4.778688966198303,-0.1537390820778964,0.011077977492751858,2682.0,1.5169619465087012,6.597598303204249,-0.4399891979193325,1.3555884654009922,-6.2926212209119665,-6.268021068487832,-0.5485849741050463,-0.12993511441487673,16|8|5|31|5|9|34|5|8|5,88,30
296,0.0013287708717311332,-4.467246250607129,-4.467246250607129,4.773576693334767,4.773576693334767,4.5561475212223055,5,0.16666666666666666,5,1,8921,60.88733333333333,4.773576693334767,-0.15938113865284223,0.00984115943440563,2568.0,1.5169619465087012,6.598039433673049,-0.44135195065705485,0.8777647799406397,-6.585821600013637,-6.379844918535972,-0.5485849741050463,-0.12979445550372773,17|7|5|31|5|9|32|5|8|5,86,30
297,0.001315483163013822,-4.546899926295804,-4.546899926295804,4.774312781144537,4.774312781144537,4.532440195476763,2,0.06666666666666667,2,3,8951,60.88733333333333,4.774312781144537,-0.16048191541086756,0.009591215059789573,2529.0,1.5436201146104023,6.5979101177381185,-0.44115573545009223,0.7845404032613231,-6.645073472103658,-6.41810044618402,-0.5479924668228506,-0.12983568919735802,18|6|5|30|5|9|32|5|8|5,85,30
298,0.0013023283313836837,-4.549708670524466,-4.549708670524466,4.77287770623692,4.77287770623692,4.532440195476763,1,0.03333333333333333,1,1,8981,60.88733333333333,4.77287770623692,-0.16056325370945376,0.009300956374039878,2529.0,4.7424599377197,6.597711865444564,-0.4415382761147622,0.7776518928248775,-6.713882264249818,-6.41810044618402,-0.4768947123732945,-0.12989890394609213,18|5|5|30|5|9|32|6|8|5,85,30
299,0.0012893050480698469,-4.617148166614162,-4.617148166614162,4.786205019757489,4.786205019757489,4.532440195476763,4,0.13333333333333333,4,1,9011,60.88733333333333,4.786205019757489,-0.1620757487195748,0.009250913688014294,2572.0,4.271320478011654,6.59771763147384,-0.43798568151125844,0.6495592495880678,-6.725745395140376,-6.375921274674634,-0.48736630816118864,-0.12989706538934556,20|5|5|29|5|9|33|6|5|5,85,29
300,0.0012764119975891483,-4.6191898499729875,-4.6191898499729875,4.785663756377157,4.785663756377157,4.532440195476763,1,0.03333333333333333,1,4,9041,60.88733333333333,4.785663756377157,-0.16213526242078619,0.009275542753413628,2572.0,4.064663423246346,6.59771763147384,-0.43812996335478777,0.6445190562347284,-6.719906823118182,-6.375921274674634,-0.491959489860637,-0.12989706538934556,20|5|5|29|5|9|33|5|5|6,85,29
301,0.0012636478776132567,-4.623903691545278,-4.6247810424754,4.780900241513957,4.785663756377157,4.532440195476763,2,0.06666666666666667,1,2,9071,60.88733333333333,4.780900241513957,-0.16217694972158392,0.00927582818666971,2555.0,4.064663423246346,6.597646913563387,-0.4393997494351254,0.6409885741419894,-6.719839158243525,-6.392596761085322,-0.491959489860637,-0.12991961451026685,20|5|5|29|5|8|33|5|5|6,85,28
302,0.0012510113988371241,-4.624043724677061,-4.6247810424754,4.783873605101206,4.785663756377157,4.532440195476763,1,0.03333333333333333,0,6,9101,60.88733333333333,4.783873605101206,-0.16215214998938607,0.009277037868424255,2533.0,4.064663423246346,6.5976968613176386,-0.43860715493226377,0.6430888542933489,-6.71955239080297,-6.414176802322682,-0.491959489860637,-0.12990368816369982,19|5|5|29|5|9|33|5|5|6,85,28
303,0.0012385012848487528,-4.623236773580806,-4.6247810424754,4.783873605101206,4.785663756377157,4.532440195476763,1,0.03333333333333333,0,3,9131,60.88733333333333,4.783873605101206,-0.1621561526062504,0.00927700015819545,2543.0,4.064663423246346,6.5976968613176386,-0.43860715493226377,0.6427498741508778,-6.719561330398658,-6.404367692669337,-0.491959489860637,-0.12990368816369982,19|5|5|28|5|9|34|5|5|6,85,28
304,0.0012261162720002652,-4.645707692920115,-4.645707692920115,4.763743845561931,4.763743845561931,4.532440195476763,3,0.1,3,0,9161,60.93666666666666,4.763743845561931,-0.16262599750183507,0.009267320640708237,2583.0,4.071624240306071,6.597597724930969,-0.4439730431886394,0.6029588836457619,-6.7218559590852465,-6.365131254055954,-0.49180477799963496,-0.12993529880316015,19|5|5|29|5|8|34|5|5|6,85,28
305,0.0012138551092802626,-4.665270691082273,-4.665270691082273,4.738728124848706,4.738728124848706,4.532440195476763,4,0.13333333333333333,4,0,9191,60.896,4.738728124848706,-0.16292393991651627,0.009280119480461367,2569.0,4.034329960901367,6.597585671416237,-0.45064135741951594,0.5777262506959061,-6.718821863130424,-6.3788640075706375,-0.49263368462394713,-0.12993914218823022,17|5|5|29|5|8|35|5|5|5,84,27
306,0.00120171655818746,-4.665270691082273,-4.665270691082273,4.738728124848706,4.738728124848706,4.532440195476763,0,0.0,0,1,9221,60.896,4.738728124848706,-0.16292393991651627,0.009280119480461367,2569.0,4.034329960901367,6.597585671416237,-0.45064135741951594,0.5777262506959061,-6.718821863130424,-6.3788640075706375,-0.49263368462394713,-0.12993914218823022,17|5|5|29|5|8|35|5|5|5,84,27
307,0.0011896993926055854,-4.665270691082273,-4.665270691082273,4.738728124848706,4.738728124848706,4.532440195476763,0,0.0,0,1,9251,60.896,4.738728124848706,-0.16292393991651627,0.009280119480461367,2569.0,4.034329960901367,6.597585671416237,-0.45064135741951594,0.5777262506959061,-6.718821863130424,-6.3788640075706375,-0.49263368462394713,-0.12993914218823022,17|5|5|29|5|8|35|5|5|5,84,27
308,0.0011778023986795296,-4.665270691082273,-4.665270691082273,4.738728124848706,4.738728124848706,4.532440195476763,0,0.0,0,1,9281,60.896,4.738728124848706,-0.16292393991651627,0.009280119480461367,2569.0,4.034329960901367,6.597585671416237,-0.45064135741951594,0.5777262506959061,-6.718821863130424,-6.3788640075706375,-0.49263368462394713,-0.12993914218823022,17|5|5|29|5|8|35|5|5|5,84,27
309,0.0011660243746927344,-4.662281922426685,-4.665270691082273,4.738728124848706,4.738728124848706,4.532440195476763,3,0.1,0,0,9311,60.896,4.738728124848706,-0.16285911861347274,0.009272890569885912,2580.0,4.036288389128747,6.597585671416237,-0.45064135741951594,0.5832159428861866,-6.7205355503675355,-6.368073986951957,-0.4925901563896756,-0.12993914218823022,17|5|5|29|5|8|35|5|5|6,84,27
310,0.001154364130945807,-5.003397683103878,-5.003397683103878,4.534519158970525,4.534519158970525,4.360525811881332,1,0.03333333333333333,1,0,9341,60.57933333333334,4.534519158970525,-0.16732750122274237,0.008428492813420584,2604.0,4.060080736721856,6.597585671416237,-0.5050763092983204,0.2047902716709591,-6.920708680633175,-6.344532123783928,-0.4920613451391926,-0.12993914218823022,18|5|5|29|5|8|35|5|5|5,84,27
311,0.001142820489636349,-5.007309004945349,-5.007309004945349,4.534643602262325,4.534643602262325,4.360525811881332,1,0.03333333333333333,1,1,9371,60.57933333333334,4.534643602262325,-0.1673379426056866,0.008425418799128071,2572.0,4.060080736721856,6.597587118341782,-0.5050431370790123,0.20390599480959784,-6.921437407182602,-6.375921274674634,-0.4920613451391926,-0.12993868082138746,19|5|5|29|5|8|34|5|5|5,84,27
312,0.0011313922847399854,-5.0099097466351745,-5.009913057081427,4.534643602262325,4.534643602262325,4.360525811881332,3,0.1,2,1,9401,60.57933333333334,4.534643602262325,-0.16722190338173018,0.008417468940206205,2505.0,4.060080736721856,6.597587118341782,-0.5050431370790123,0.2137333137866942,-6.923322002603866,-6.44164230935205,-0.4920613451391926,-0.12993868082138746,19|5|5|29|5|8|33|5|5|5,84,26
313,0.0011200783618925856,-5.0099097466351745,-5.009913057081427,4.534643602262325,4.534643602262325,4.360525811881332,0,0.0,0,3,9431,60.57933333333334,4.534643602262325,-0.16722190338173018,0.008417468940206205,2505.0,4.060080736721856,6.597587118341782,-0.5050431370790123,0.2137333137866942,-6.923322002603866,-6.44164230935205,-0.4920613451391926,-0.12993868082138746,19|5|5|29|5|8|33|5|5|5,84,26
314,0.0011088775782736597,-5.0099097466351745,-5.009913057081427,4.534643602262325,4.534643602262325,4.360525811881332,0,0.0,0,2,9461,60.57933333333334,4.534643602262325,-0.16722190338173018,0.008417468940206205,2505.0,4.060080736721856,6.597587118341782,-0.5050431370790123,0.2137333137866942,-6.923322002603866,-6.44164230935205,-0.4920613451391926,-0.12993868082138746,19|5|5|29|5|8|33|5|5|5,84,26
315,0.001097788802490923,-5.023909955761715,-5.023909955761715,4.535207306149467,4.535207306149467,4.360525811881332,4,0.13333333333333333,4,2,9491,60.57933333333334,4.535207306149467,-0.16730318245468173,0.008401387221600087,2416.0,4.053070052269991,6.5975956803895945,-0.504892873383006,0.20684981914735093,-6.927134338589828,-6.5289433852668255,-0.49221716535816107,-0.12993595072585393,20|5|5|29|5|8|31|5|5|5,82,27
316,0.0010868109144660139,-5.03798619583784,-5.03798619583784,4.535207306149467,4.535207306149467,4.360525811881332,2,0.06666666666666667,2,1,9521,60.57933333333334,4.535207306149467,-0.16735751286288955,0.008401465819304012,2298.0,4.034155737423476,6.5975956803895945,-0.504892873383006,0.2022485969622162,-6.927115706199695,-6.644690879176303,-0.4926375569335142,-0.12993595072585393,20|5|5|28|5|8|30|5|5|5,81,26
317,0.0010759428053213537,-5.03637213233271,-5.03798619583784,4.535207306149467,4.535207306149467,4.360525811881332,1,0.03333333333333333,0,0,9551,60.57933333333334,4.535207306149467,-0.1673338066638693,0.008401431747846888,2304.0,4.036470205265472,6.5975956803895945,-0.504892873383006,0.20425626619304532,-6.927123783187314,-6.638805413384296,-0.49258611532486507,-0.12993595072585393,20|5|5|27|5|8|31|5|5|5,81,26
318,0.0010651833772681403,-5.041771493548632,-5.041771493548632,4.535752646326111,4.535752646326111,4.352697020192238,2,0.06666666666666667,2,3,9581,60.53,4.535752646326111,-0.1673680088663742,0.00839166648740132,2274.0,4.036470205265472,6.597601586607402,-0.5047475048084895,0.2013596943074797,-6.929438738119728,-6.668232742344332,-0.49258611532486507,-0.12993406746857622,22|5|5|26|5|8|30|5|5|5,81,26
319,0.0010545315434954588,-5.046774139471843,-5.046774139471843,4.535752646326111,4.535752646326111,4.352697020192238,1,0.03333333333333333,1,2,9611,60.53,4.535752646326111,-0.16736800886637432,0.00839166648740132,2223.0,4.036470205265472,6.597601586607402,-0.5047475048084895,0.2013596943074703,-6.929438738119728,-6.718259201576395,-0.49258611532486507,-0.12993406746857622,22|5|5|25|5|8|30|5|5|5,81,25
320,0.001043986228060504,-5.090580341032401,-5.090580341032401,4.5178253980851935,4.5178253980851935,4.352697020192238,3,0.1,3,5,9641,60.53,4.5178253980851935,-0.16785717550260423,0.008370157961051257,2084.0,3.8444858488543887,6.597607620791921,-0.5095262807604519,0.15993235273036707,-6.934537554422741,-6.854605825757899,-0.4968531800686707,-0.1299321434078183,21|5|5|23|5|8|30|5|5|5,79,24
321,0.001033546365779899,-5.090580341032401,-5.090580341032401,4.5178253980851935,4.5178253980851935,4.352697020192238,0,0.0,0,2,9671,60.53,4.5178253980851935,-0.16785717550260423,0.008370157961051257,2084.0,3.8444858488543887,6.597607620791921,-0.5095262807604519,0.15993235273036707,-6.934537554422741,-6.854605825757899,-0.4968531800686707,-0.1299321434078183,21|5|5|23|5|8|30|5|5|5,79,24
322,0.0010232109021221,-5.095814930550595,-5.095814930550595,4.518872552118397,4.518872552118397,4.352697020192238,2,0.06666666666666667,2,1,9701,60.53,4.518872552118397,-0.16783479072628332,0.008366117445071902,2023.0,3.8444858488543887,6.597608995109351,-0.5092471462025641,0.16182811116131932,-6.9354954000888185,-6.914441394643307,-0.4968531800686707,-0.12993170519280733,22|5|5|22|5|8|29|5|5|5,78,24
323,0.001012978793100879,-5.095814930550595,-5.095814930550595,4.518872552118397,4.518872552118397,4.352697020192238,0,0.0,0,0,9731,60.53,4.518872552118397,-0.16783479072628332,0.008366117445071902,2023.0,3.8444858488543887,6.597608995109351,-0.5092471462025641,0.16182811116131932,-6.9354954000888185,-6.914441394643307,-0.4968531800686707,-0.12993170519280733,22|5|5|22|5|8|29|5|5|5,78,24
324,0.00100284900516987,-5.106380845424151,-5.106380845424151,4.514261040198444,4.514261040198444,4.352697020192238,3,0.1,2,3,9761,60.53,4.514261040198444,-0.16790178121755814,0.008370257968935245,1953.0,3.8363901729038687,6.597555084597428,-0.5104764136266052,0.1561547112216813,-6.934513846530299,-6.983105162216726,-0.497033115424194,-0.12994889510473343,21|5|5|23|5|7|28|5|5|5,76,24
325,0.0009928205151181714,-5.106380845424151,-5.106380845424151,4.514261040198444,4.514261040198444,4.338842236724361,0,0.0,0,0,9791,60.53,4.514261040198444,-0.16790178121755814,0.008370257968935245,1953.0,3.8363901729038687,6.597555084597428,-0.5104764136266052,0.1561547112216813,-6.934513846530299,-6.983105162216726,-0.497033115424194,-0.12994889510473343,21|5|5|23|5|7|28|5|5|5,76,24
326,0.0009828923099669895,-5.111983164962924,-5.111983164962924,4.514261040198444,4.514261040198444,4.338842236724361,2,0.06666666666666667,2,1,9821,60.53,4.514261040198444,-0.16790669989971233,0.008370266164803,1898.0,3.8363901729038687,6.597555084597428,-0.5104764136266052,0.15573814984848305,-6.934511903615966,-7.037055265310127,-0.497033115424194,-0.12994889510473343,21|5|5|23|5|7|27|5|5|5,76,23
327,0.0009730633868673197,-5.120893425690264,-5.120893425690264,4.5147266903881125,4.5147266903881125,4.338842236724361,4,0.13333333333333333,3,2,9851,60.53,4.5147266903881125,-0.16791215731105966,0.008367161106019849,1812.0,3.8363901729038687,6.597555999753585,-0.5103522876091311,0.1552759636990859,-6.9352479895796275,-7.121413608328899,-0.497033115424194,-0.12994860329793773,22|5|5|20|5|7|27|5|5|5,75,22
328,0.0009633327529986465,-5.121786709815559,-5.121786709815559,4.515139644104698,4.515139644104698,4.338842236724361,1,0.03333333333333333,1,1,9881,60.53,4.515139644104698,-0.16791091018508614,0.008364866580682508,1804.0,3.8363901729038687,6.597556825665252,-0.5102422086241373,0.15538158233672,-6.935791930294454,-7.1292608960515755,-0.497033115424194,-0.1299483399476502,23|5|5|20|5|7|26|5|5|5,75,22
329,0.00095369942546866,-5.128297910468918,-5.128297910468918,4.514315512176363,4.514315512176363,4.338842236724361,2,0.06666666666666667,2,0,9911,60.53,4.514315512176363,-0.16793861147892378,0.008367781159580012,1749.0,3.8302488606421665,6.597555702691618,-0.5104618933067748,0.15303557000279577,-6.935100999537174,-7.183210999144976,-0.49716961288431255,-0.12994869801915013,22|5|5|21|5|7|25|5|5|5,74,22
330,0.0009441624312139734,-5.148360180377892,-5.148360180377892,4.5307632844446015,4.5307632844446015,4.338842236724361,3,0.1,3,2,9941,60.53,4.5307632844446015,-0.17028542233255312,0.008246793841662686,1676.0,3.8302488606421665,6.748766044542945,-0.5060774937869752,-0.04571497357364729,-6.96378228150947,-7.254817499614399,-0.49716961288431255,-0.08173375132288127,21|5|5|20|5|7|25|6|5|5,72,23
331,0.0009347208069018336,-5.1488370268395816,-5.149911541778429,4.5307632844446015,4.5307632844446015,4.338842236724361,2,0.06666666666666667,1,2,9971,60.53,4.5307632844446015,-0.17021180568799935,0.008248420848694798,1638.0,3.824893236751264,6.748766044542945,-0.5060774937869752,-0.03948040716250758,-6.963396582840699,-7.292092116297113,-0.4972886475510591,-0.08173375132288127,21|5|5|20|5|7|24|6|6|5,72,23
332,0.0009253735988328153,-5.156606542313296,-5.156606542313296,4.528398910249648,4.528398910249648,4.338842236724361,2,0.06666666666666667,1,1,10001,60.53,4.528398910249648,-0.1702737390211406,0.008249263154459254,1591.0,3.8244053134989553,6.748764734566408,-0.506707753065613,-0.0447255182494485,-6.96319690563855,-7.338194931667837,-0.4972994921852082,-0.08173416902214795,20|5|5|21|5|7|23|6|6|5,72,22
333,0.0009161198628444871,-5.156606542313296,-5.156606542313296,4.528398910249648,4.528398910249648,4.338842236724361,0,0.0,0,4,10031,60.53,4.528398910249648,-0.1702737390211406,0.008249263154459254,1591.0,3.8244053134989553,6.748764734566408,-0.506707753065613,-0.0447255182494485,-6.96319690563855,-7.338194931667837,-0.4972994921852082,-0.08173416902214795,20|5|5|21|5|7|23|6|6|5,72,22
334,0.0009069586642160422,-5.161303183568789,-5.161303183568789,4.528398910249648,4.528398910249648,4.338842236724361,1,0.03333333333333333,1,3,10061,60.53,4.528398910249648,-0.17027999301154223,0.008249264266614388,1546.0,3.822799124138202,6.748764734566408,-0.506707753065613,-0.045255166384458714,-6.963196641990792,-7.382335925107892,-0.4973351915209315,-0.08173416902214795,20|5|5|21|5|7|22|6|6|5,71,22
335,0.0008978890775738818,-5.173404944107117,-5.173404944107117,4.522338411891143,4.522338411891143,4.338842236724361,2,0.06666666666666667,2,1,10091,60.57933333333334,4.522338411891143,-0.1704321943934388,0.008245026764208978,1513.0,3.7961409560365014,6.748755681603957,-0.5083232694808111,-0.05814504514833331,-6.9642011853052495,-7.4147059869639325,-0.4979276988031271,-0.0817370556507784,18|5|5|22|5|7|22|6|6|5,70,22
336,0.000888910186798143,-5.1781042564185915,-5.1781042564185915,4.522338411891143,4.522338411891143,4.338842236724361,1,0.03333333333333333,1,1,10121,60.57933333333334,4.522338411891143,-0.1704413916639158,0.008245017175689165,1470.0,3.787970211952299,6.748755681603957,-0.5083232694808111,-0.05892395858479539,-6.964203458362006,-7.456885158473319,-0.49810930263098124,-0.0817370556507784,18|5|5|22|5|7|21|6|6|5,69,22
337,0.0008800210849301615,-5.1781042564185915,-5.1781042564185915,4.522338411891143,4.522338411891143,4.338842236724361,0,0.0,0,1,10151,60.57933333333334,4.522338411891143,-0.1704413916639158,0.008245017175689165,1470.0,3.787970211952299,6.748755681603957,-0.5083232694808111,-0.05892395858479539,-6.964203458362006,-7.456885158473319,-0.49810930263098124,-0.0817370556507784,18|5|5|22|5|7|21|6|6|5,69,22
338,0.0008712208740808598,-5.1823221735695135,-5.1823221735695135,4.522338411891143,4.522338411891143,4.338842236724361,1,0.03333333333333333,1,0,10181,60.57933333333334,4.522338411891143,-0.17044139166391542,0.008245017175689165,1427.0,3.787970211952299,6.748755681603957,-0.5083232694808111,-0.05892395858476249,-6.964203458362006,-7.499064329982704,-0.49810930263098124,-0.0817370556507784,18|5|5|21|5|7|21|6|6|5,69,21
339,0.0008625086653400512,-5.3645294602901235,-5.3645294602901235,4.513042050143013,4.513042050143013,4.338842236724361,3,0.1,3,0,10211,60.57933333333334,4.513042050143013,-0.17263390434511758,0.007853203449647045,1375.0,0.5891303888430005,6.74907507369898,-0.5108013536444089,-0.24460704698247748,-7.057086912187377,-7.550071700180101,-0.5692070570805373,-0.08163521425125392,18|5|5|20|5|7|21|5|6|5,68,20
340,0.0008538835786866506,-5.363608045827643,-5.3645294602901235,4.517666714976354,4.513042050143013,4.338842236724361,1,0.03333333333333333,0,0,10241,60.53,4.517666714976354,-0.17258132421853734,0.007852891136943242,1349.0,0.5891303888430005,6.749152744378806,-0.5095685801147262,-0.24015405550130206,-7.057160949110218,-7.5755753852788,-0.5692070570805373,-0.08161044816950418,18|5|5|20|5|8|20|5|6|5,68,20
341,0.0008453447428997842,-5.367433598592461,-5.367433598592461,4.517666714976354,4.517666714976354,4.316787319761128,1,0.03333333333333333,1,2,10271,60.53,4.517666714976354,-0.17258132421853764,0.007852891136943242,1310.0,0.5891303888430005,6.749152744378806,-0.5095685801147262,-0.24015405550132793,-7.057160949110218,-7.613830912926848,-0.5692070570805373,-0.08161044816950418,18|5|5|19|5|8|20|5|6|5,68,20
342,0.0008368912954707863,-5.406269810140761,-5.406269810140761,4.525024938551051,4.525024938551051,4.316787319761128,5,0.16666666666666666,4,3,10301,60.53,4.525024938551051,-0.1732983357442625,0.007809431629065551,1264.0,0.519443685468886,6.749155798309646,-0.50760713564788,-0.30087749653536217,-7.067463470244449,-7.658952817332238,-0.5707559211684166,-0.08160947439277139,17|5|5|20|5|8|19|5|5|5,68,20
343,0.0008285223825160784,-5.489136434810868,-5.489136434810868,4.524009347291399,4.524009347291399,4.316787319761128,3,0.1,3,2,10331,60.53,4.524009347291399,-0.1748152898059889,0.007713973207866211,1194.0,0.5032744399404916,6.749155798309646,-0.5078778566767534,-0.42934777520411416,-7.090092865971027,-7.727616584905657,-0.5711153005408713,-0.08160947439277139,16|5|5|20|5|8|18|5|5|5,68,19
344,0.0008202371586909176,-5.489136434810868,-5.489136434810868,4.524009347291399,4.524009347291399,4.316787319761128,0,0.0,0,2,10361,60.53,4.524009347291399,-0.1748152898059889,0.007713973207866211,1194.0,0.5032744399404916,6.749155798309646,-0.5078778566767534,-0.42934777520411416,-7.090092865971027,-7.727616584905657,-0.5711153005408713,-0.08160947439277139,16|5|5|20|5|8|18|5|5|5,68,19
345,0.0008120347871040085,-5.489136434810868,-5.489136434810868,4.524009347291399,4.524009347291399,4.316787319761128,0,0.0,0,0,10391,60.53,4.524009347291399,-0.1748152898059889,0.007713973207866211,1194.0,0.5032744399404916,6.749155798309646,-0.5078778566767534,-0.42934777520411416,-7.090092865971027,-7.727616584905657,-0.5711153005408713,-0.08160947439277139,16|5|5|20|5|8|18|5|5|5,68,19
346,0.0008039144392329684,-5.492161778827036,-5.492161778827036,4.536328740375089,4.536328740375089,4.316787319761128,1,0.03333333333333333,1,2,10421,60.53,4.536328740375089,-0.17494228847507698,0.007717011447122635,1180.0,0.5032744399404916,6.749283793778783,-0.5045939383296676,-0.4401032455376971,-7.089372620260048,-7.74134933842034,-0.5711153005408713,-0.08156866174301303,15|5|5|20|5|9|18|5|5|5,68,19
347,0.0007958752948406387,-5.498210317110497,-5.498210317110497,4.540052787026005,4.540052787026005,4.316787319761128,1,0.03333333333333333,1,4,10451,60.53,4.540052787026005,-0.17506044463495118,0.007733555861088903,1151.0,0.5032744399404916,6.747473740860149,-0.5036012380367827,-0.45010984703503804,-7.085450597603447,-7.769795756415043,-0.5711153005408713,-0.08214581542126609,14|5|5|20|5|9|18|5|5|5,67,19
348,0.0007879165418922323,-5.498032147297232,-5.498210317110497,4.540052787026005,4.540052787026005,4.316787319761128,1,0.03333333333333333,0,2,10481,60.53,4.540052787026005,-0.17506938912548134,0.0077335777837775925,1157.0,0.5001949562032224,6.747473740860149,-0.5036012380367827,-0.4508673526312532,-7.085445400605724,-7.763910290623035,-0.5711837454742505,-0.08214581542126609,14|5|5|21|5|9|17|5|5|5,67,19
349,0.00078003737647331,-5.5052871032386195,-5.5052871032386195,4.540052787026005,4.540052787026005,4.316787319761128,3,0.1,3,1,10511,60.53,4.540052787026005,-0.17516439379506568,0.007740240513945189,1116.0,0.5001949562032224,6.747473740860149,-0.5036012380367827,-0.45891326297506596,-7.0838659322289415,-7.804127640201752,-0.5711837454742505,-0.08214581542126609,14|5|5|20|5|9|17|5|5|5,65,20
350,0.0007722370027085769,-5.509034396376279,-5.509034396376279,4.540052787026005,4.540052787026005,4.316787319761128,2,0.06666666666666667,2,2,10541,60.53,4.540052787026005,-0.1751576488566529,0.007740146264902613,1075.0,0.5001949562032224,6.747473740860149,-0.5036012380367827,-0.45834203663449424,-7.0838882749290875,-7.84434498978047,-0.5711837454742505,-0.08214581542126609,14|5|5|18|5|9|18|5|5|5,64,20
351,0.0007645146326814912,-5.509034396376279,-5.509034396376279,4.540052787026005,4.540052787026005,4.316787319761128,0,0.0,0,2,10571,60.53,4.540052787026005,-0.1751576488566529,0.007740146264902613,1075.0,0.5001949562032224,6.747473740860149,-0.5036012380367827,-0.45834203663449424,-7.0838882749290875,-7.84434498978047,-0.5711837454742505,-0.08214581542126609,14|5|5|18|5|9|18|5|5|5,64,20
352,0.0007568694863546762,-5.508642689641372,-5.509517025388027,4.546466256670324,4.540052787026005,4.316787319761128,2,0.06666666666666667,1,1,10601,60.47533333333333,4.546466256670324,-0.17523676745216657,0.007739490310433006,1096.0,0.5001949562032224,6.747552459051947,-0.501891631849986,-0.4650425612383543,-7.0840437756495565,-7.823745859508444,-0.5711837454742505,-0.08212071532973045,14|5|5|17|5|10|19|5|5|5,65,20
353,0.0007493007914911294,-5.51525691346154,-5.51525691346154,4.546466256670324,4.546466256670324,4.316787319761128,1,0.03333333333333333,1,2,10631,60.47533333333333,4.546466256670324,-0.1754384217601509,0.007750763765877548,1102.0,0.5001949562032224,6.747552459051947,-0.501891631849986,-0.48212059002982455,-7.0813712876568236,-7.817860393716436,-0.5711837454742505,-0.08212071532973045,14|5|5|16|5|10|20|5|5|5,65,20
354,0.0007418077835762182,-5.51525691346154,-5.51525691346154,4.546466256670324,4.546466256670324,4.316787319761128,0,0.0,0,6,10661,60.47533333333333,4.546466256670324,-0.1754384217601509,0.007750763765877548,1102.0,0.5001949562032224,6.747552459051947,-0.501891631849986,-0.48212059002982455,-7.0813712876568236,-7.817860393716436,-0.5711837454742505,-0.08212071532973045,14|5|5|16|5|10|20|5|5|5,65,20
355,0.000734389705740456,-5.519949531957077,-5.519949531957077,4.546466256670324,4.546466256670324,4.316787319761128,1,0.03333333333333333,1,0,10691,60.47533333333333,4.546466256670324,-0.17545980997623684,0.007751208259085045,1063.0,0.49892874196568704,6.747552459051947,-0.501891631849986,-0.4839319501429059,-7.081265915992765,-7.856115921364484,-0.5712118884866924,-0.08212071532973045,14|5|5|16|5|10|19|5|5|5,65,19
356,0.0007270458086830515,-5.523002892296279,-5.523002892296279,4.546183972822748,4.546183972822748,4.316787319761128,1,0.03333333333333333,1,5,10721,60.47533333333333,4.546183972822748,-0.17547463147892783,0.0077537267672759215,1036.0,0.49892874196568704,6.747551582438766,-0.5019668788284567,-0.48518717772628783,-7.080668877850127,-7.882600517428517,-0.5712118884866924,-0.0821209948467085,13|5|5|16|5|10|19|5|5|5,65,18
357,0.000719775350596221,-5.523002892296279,-5.523002892296279,4.546183972822748,4.546183972822748,4.316787319761128,0,0.0,0,3,10751,60.47533333333333,4.546183972822748,-0.17547463147892783,0.0077537267672759215,1036.0,0.49892874196568704,6.747551582438766,-0.5019668788284567,-0.48518717772628783,-7.080668877850127,-7.882600517428517,-0.5712118884866924,-0.0821209948467085,13|5|5|16|5|10|19|5|5|5,65,18
358,0.0007125775970902588,-5.526043716288819,-5.526043716288819,4.546183972822748,4.546183972822748,4.316787319761128,1,0.03333333333333333,1,4,10781,60.47533333333333,4.546183972822748,-0.17547463147892792,0.0077537267672759215,1005.0,0.49892874196568704,6.747551582438766,-0.5019668788284567,-0.4851871777262949,-7.080668877850127,-7.9130087573538885,-0.5712118884866924,-0.0821209948467085,13|5|5|15|5|10|19|5|5|5,64,18
359,0.0007054518211193562,-5.530841512486172,-5.530841512486172,4.546183972822748,4.546183972822748,4.316787319761128,1,0.03333333333333333,1,3,10811,60.47533333333333,4.546183972822748,-0.1755026318425463,0.007754279069577938,968.0,0.49458971292232423,6.747551582438766,-0.5019668788284567,-0.48755851816938417,-7.080537948936827,-7.949302463071267,-0.5713083282081332,-0.0821209948467085,13|5|5|15|5|10|18|5|5|5,63,18
360,0.0006983973029081625,-5.530963092315391,-5.530963092315391,4.5453704159252855,4.5453704159252855,4.316787319761128,1,0.03333333333333333,1,5,10841,60.47533333333333,4.5453704159252855,-0.17553856996486622,0.007758000028229145,980.0,0.49458971292232423,6.74754992064971,-0.5021837445785652,-0.4906021044623119,-7.079655857605936,-7.937531531487252,-0.5713083282081332,-0.08212152472495493,12|5|5|15|5|10|19|5|5|5,63,18
361,0.000691413329879081,-5.531422112153267,-5.531422112153267,4.544911093652973,4.544911093652973,4.316787319761128,1,0.03333333333333333,1,5,10871,60.47533333333333,4.544911093652973,-0.17554658520063263,0.007759394185618824,978.0,0.49458971292232423,6.747602852340278,-0.5023061837950934,-0.49128091181613126,-7.079325358328033,-7.939493353417921,-0.5713083282081332,-0.08210464692011663,11|5|5|15|5|11|19|5|5|5,63,18
362,0.0006844991965802901,-5.543438872011799,-5.544622295984879,4.545842931964696,4.544911093652973,4.316787319761128,4,0.13333333333333333,2,3,10901,60.47533333333333,4.545842931964696,-0.1757740147011003,0.007765230866352174,945.0,0.48647065346289586,6.747603975313903,-0.502057788366228,-0.510541832129911,-7.077941713423946,-7.971863415273962,-0.5714887832880148,-0.08210428884861956,12|5|5|13|5|11|19|5|5|5,63,17
363,0.0006776542046144872,-5.543042235146909,-5.544622295984879,4.545842931964696,4.544911093652973,4.316787319761128,1,0.03333333333333333,0,2,10931,60.47533333333333,4.545842931964696,-0.17584412774010705,0.00776135006175991,984.0,0.48647065346289586,6.747603975313903,-0.502057788366228,-0.5164796794825589,-7.078861697871127,-7.933607887625914,-0.5714887832880148,-0.08210428884861956,12|5|5|13|5|11|20|5|5|5,64,17
364,0.0006708776625683424,-5.541786946000125,-5.544622295984879,4.546619309398618,4.544911093652973,4.316787319761128,1,0.03333333333333333,0,2,10961,60.47533333333333,4.546619309398618,-0.1757963278018544,0.007753103400308108,984.0,0.48647065346289586,6.747606691768753,-0.5018508333577956,-0.5124315203836082,-7.080816653369776,-7.933607887625914,-0.5714887832880148,-0.08210342267951916,13|5|5|12|5|11|20|5|5|5,64,17
365,0.000664168885942659,-5.568254065472514,-5.568254065472514,4.53959039929608,4.53959039929608,4.316787319761128,2,0.06666666666666667,2,3,10991,60.47533333333333,4.53959039929608,-0.17619193448988946,0.007739923560808224,920.0,0.48647065346289586,6.747604295331863,-0.5037244943968526,-0.5459353045372604,-7.083941069213957,-7.996386189407326,-0.5714887832880148,-0.08210418680765676,12|5|5|12|5|11|19|5|5|5,64,15
366,0.0006575271970832324,-5.568254065472514,-5.568254065472514,4.53959039929608,4.53959039929608,4.316787319761128,0,0.0,0,4,11021,60.47533333333333,4.53959039929608,-0.17619193448988946,0.007739923560808224,920.0,0.48647065346289586,6.747604295331863,-0.5037244943968526,-0.5459353045372604,-7.083941069213957,-7.996386189407326,-0.5714887832880148,-0.08210418680765676,12|5|5|12|5|11|19|5|5|5,64,15
367,0.0006509519251124001,-5.570772075688729,-5.570772075688729,4.53959039929608,4.53959039929608,4.316787319761128,2,0.06666666666666667,2,0,11051,60.47533333333333,4.53959039929608,-0.1760996168381367,0.007735353259731917,860.0,0.48647065346289586,6.747604295331863,-0.5037244943968526,-0.5381169567402135,-7.085024505859418,-8.055240847327399,-0.5714887832880148,-0.08210418680765676,12|5|5|11|5|11|18|5|5|5,63,15
368,0.0006444424058612761,-5.5856482967825185,-5.5856482967825185,4.527889338473702,4.527889338473702,4.316787319761128,2,0.06666666666666667,2,8,11081,60.47533333333333,4.527889338473702,-0.1764496715330725,0.007771487812884931,837.0,0.48647065346289586,6.749233434961623,-0.5068435870383438,-0.5677629594388883,-7.076458440210846,-8.077801799530095,-0.5714887832880148,-0.08158471916114542,11|5|5|11|5|11|18|5|5|5,62,15
369,0.0006379979818026633,-5.5856482967825185,-5.5856482967825185,4.527889338473702,4.527889338473702,4.316787319761128,0,0.0,0,3,11111,60.47533333333333,4.527889338473702,-0.1764496715330725,0.007771487812884931,837.0,0.48647065346289586,6.749233434961623,-0.5068435870383438,-0.5677629594388883,-7.076458440210846,-8.077801799530095,-0.5714887832880148,-0.08158471916114542,11|5|5|11|5|11|18|5|5|5,62,15
370,0.0006316180019846367,-5.586851676616108,-5.586851676616108,4.527889338473702,4.527889338473702,4.316787319761128,1,0.03333333333333333,1,3,11141,60.47533333333333,4.527889338473702,-0.17645265271260374,0.007772331065412273,825.0,0.48647065346289586,6.749233434961623,-0.5068435870383438,-0.5680154344312448,-7.076258538568865,-8.089572731114108,-0.5714887832880148,-0.08158471916114542,11|5|5|12|5|11|17|5|5|5,62,15
371,0.0006253018219647903,-5.588882269286295,-5.58964293528559,4.527889338473702,4.527889338473702,4.316787319761128,2,0.06666666666666667,1,7,11171,60.47533333333333,4.527889338473702,-0.17644771113497132,0.007772468181269891,802.0,0.48647065346289586,6.749233434961623,-0.5068435870383438,-0.5675969340484592,-7.076226033851487,-8.112133683316804,-0.5714887832880148,-0.08158471916114542,11|5|5|11|5|11|17|5|5|5,61,15
372,0.0006190488037451424,-5.588882269286295,-5.58964293528559,4.527889338473702,4.527889338473702,4.316787319761128,0,0.0,0,4,11201,60.47533333333333,4.527889338473702,-0.17644771113497132,0.007772468181269891,802.0,0.48647065346289586,6.749233434961623,-0.5068435870383438,-0.5675969340484592,-7.076226033851487,-8.112133683316804,-0.5714887832880148,-0.08158471916114542,11|5|5|11|5|11|17|5|5|5,61,15
373,0.0006128583157076909,-5.594320920790467,-5.594320920790467,4.52560867866052,4.52560867866052,4.316787319761128,1,0.03333333333333333,1,6,11231,60.47533333333333,4.52560867866052,-0.17651952253006473,0.007774758118950889,781.0,0.48647065346289586,6.7492312696719035,-0.5074515309973594,-0.5736786145502027,-7.07568318068755,-8.132732813588829,-0.5714887832880148,-0.0815854095856703,10|5|5|11|5|11|17|5|5|5,60,15
374,0.000606729732550614,-5.594320920790467,-5.594320920790467,4.52560867866052,4.52560867866052,4.316787319761128,0,0.0,0,3,11261,60.47533333333333,4.52560867866052,-0.17651952253006473,0.007774758118950889,781.0,0.48647065346289586,6.7492312696719035,-0.5074515309973594,-0.5736786145502027,-7.07568318068755,-8.132732813588829,-0.5714887832880148,-0.0815854095856703,10|5|5|11|5|11|17|5|5|5,60,15
375,0.0006006624352251079,-5.594320920790467,-5.594320920790467,4.52560867866052,4.52560867866052,4.316787319761128,0,0.0,0,3,11291,60.47533333333333,4.52560867866052,-0.17651952253006473,0.007774758118950889,781.0,0.48647065346289586,6.7492312696719035,-0.5074515309973594,-0.5736786145502027,-7.07568318068755,-8.132732813588829,-0.5714887832880148,-0.0815854095856703,10|5|5|11|5|11|17|5|5|5,60,15
376,0.0005946558108728567,-5.594828558297766,-5.594828558297766,4.521563673714923,4.521563673714923,4.316787319761128,1,0.03333333333333333,1,1,11321,60.47533333333333,4.521563673714923,-0.1764579240297422,0.007775354075010389,760.0,0.48647065346289586,6.749155242903156,-0.5085297875206034,-0.5684618603308914,-7.075541903204258,-8.153331943860856,-0.5714887832880148,-0.08160965148974747,10|5|5|11|5|10|17|5|5|5,59,15
377,0.0005887092527641282,-5.602193282525429,-5.602193282525429,4.519373350557574,4.519373350557574,4.316787319761128,1,0.03333333333333333,1,3,11351,60.47533333333333,4.519373350557574,-0.17660408559766644,0.007767065117558024,764.0,0.48647065346289586,6.74915281305149,-0.5091136508938721,-0.5808402294823732,-7.077506885402724,-8.149408299999518,-0.5714887832880148,-0.08161042627252454,9|5|5|12|5|10|17|5|5|5,59,15
378,0.0005828221602364869,-5.619167971906653,-5.619167971906653,4.532370679267006,4.532370679267006,4.316787319761128,1,0.03333333333333333,1,5,11381,60.47533333333333,4.532370679267006,-0.17701081592331638,0.00779235736614999,747.0,0.48647065346289586,6.742023125907002,-0.5056490186735952,-0.6152860703932139,-7.071511099017283,-8.166083786410205,-0.5714887832880148,-0.08388379912139057,8|5|5|12|5|10|17|5|5|5,59,14
379,0.0005769939386341221,-5.660533499696193,-5.660533499696193,4.527437926668227,4.527437926668227,4.316787319761128,1,0.03333333333333333,1,9,11411,60.57933333333334,4.527437926668227,-0.17825284783706236,0.00785064258855732,767.0,0.48647065346289586,6.747782088231983,-0.5069639176017097,-0.7204732939883928,-7.057693990518153,-8.146465567103514,-0.5714887832880148,-0.08204749574342574,7|5|5|12|5|10|18|5|5|5,59,14
380,0.0005712239992477808,-5.660533499696193,-5.660533499696193,4.527437926668227,4.527437926668227,4.316787319761128,0,0.0,0,6,11441,60.57933333333334,4.527437926668227,-0.17825284783706236,0.00785064258855732,767.0,0.48647065346289586,6.747782088231983,-0.5069639176017097,-0.7204732939883928,-7.057693990518153,-8.146465567103514,-0.5714887832880148,-0.08204749574342574,7|5|5|12|5|10|18|5|5|5,59,14
381,0.000565511759255303,-5.660533499696193,-5.660533499696193,4.527437926668227,4.527437926668227,4.316787319761128,0,0.0,0,6,11471,60.57933333333334,4.527437926668227,-0.17825284783706236,0.00785064258855732,767.0,0.48647065346289586,6.747782088231983,-0.5069639176017097,-0.7204732939883928,-7.057693990518153,-8.146465567103514,-0.5714887832880148,-0.08204749574342574,7|5|5|12|5|10|18|5|5|5,59,14
382,0.00055985664166275,-5.763216738538803,-5.763216738538803,4.47788944769168,4.47788944769168,4.316787319761128,6,0.2,6,2,11501,60.662000000000006,4.47788944769168,-0.18043272023051055,0.007884792500757323,759.0,0.48647065346289586,6.747104483854832,-0.5201718052042809,-0.9050858810893464,-7.049598404319551,-8.15431285482619,-0.5714887832880148,-0.08226355675172396,5|5|5|14|5|8|18|5|5|5,58,13
383,0.0005542580752461226,-5.763017680867435,-5.763216738538803,4.4763060924401135,4.47788944769168,4.316787319761128,1,0.03333333333333333,0,0,11531,60.662000000000006,4.4763060924401135,-0.18038623045544167,0.00788583772198062,744.0,0.48647065346289586,6.747104483854832,-0.5205938722107682,-0.9011486792260616,-7.04935062393112,-8.169026519306207,-0.5714887832880148,-0.08226355675172396,5|5|5|14|5|7|18|5|5|5,57,13
384,0.0005487154944936614,-5.802293900855999,-5.802293900855999,4.518408661666716,4.518408661666716,4.316787319761128,3,0.1,2,5,11561,60.662000000000006,4.518408661666716,-0.1814120307481613,0.007855647061577866,696.0,0.48647065346289586,6.749025247560843,-0.5093708031355773,-0.9880233267774852,-7.056507628969721,-8.216110245642268,-0.5714887832880148,-0.08165110181929265,5|5|5|14|5|6|17|5|5|5,55,13
385,0.0005432283395487247,-5.802278859319958,-5.802293900855999,4.519403762722475,4.518408661666716,4.316787319761128,1,0.03333333333333333,0,10,11591,60.662000000000006,4.519403762722475,-0.18141009503234534,0.007856154775028408,692.0,0.48647065346289586,6.749025247561037,-0.5091055440767899,-0.987859391720666,-7.056387270300013,-8.220033889503606,-0.5714887832880148,-0.08165110181923091,5|5|5|15|5|6|16|5|5|5,55,13
386,0.0005377960561532374,-5.802278859319958,-5.802293900855999,4.519403762722475,4.518408661666716,4.287392458746873,0,0.0,0,8,11621,60.662000000000006,4.519403762722475,-0.18141009503234534,0.007856154775028408,692.0,0.48647065346289586,6.749025247561037,-0.5091055440767899,-0.987859391720666,-7.056387270300013,-8.220033889503606,-0.5714887832880148,-0.08165110181923091,5|5|5|15|5|6|16|5|5|5,55,13
387,0.000532418095591705,-5.802278859319958,-5.802293900855999,4.519403762722475,4.518408661666716,4.287392458746873,0,0.0,0,8,11651,60.662000000000006,4.519403762722475,-0.18141009503234534,0.007856154775028408,692.0,0.48647065346289586,6.749025247561037,-0.5091055440767899,-0.987859391720666,-7.056387270300013,-8.220033889503606,-0.5714887832880148,-0.08165110181923091,5|5|5|15|5|6|16|5|5|5,55,13
388,0.000527093914635788,-5.802278859319958,-5.802293900855999,4.519403762722475,4.518408661666716,4.287392458746873,0,0.0,0,10,11681,60.662000000000006,4.519403762722475,-0.18141009503234534,0.007856154775028408,692.0,0.48647065346289586,6.749025247561037,-0.5091055440767899,-0.987859391720666,-7.056387270300013,-8.220033889503606,-0.5714887832880148,-0.08165110181923091,5|5|5|15|5|6|16|5|5|5,55,13
389,0.0005218229754894301,-5.802278859319958,-5.802293900855999,4.519403762722475,4.518408661666716,4.287392458746873,0,0.0,0,6,11711,60.662000000000006,4.519403762722475,-0.18141009503234534,0.007856154775028408,692.0,0.48647065346289586,6.749025247561037,-0.5091055440767899,-0.987859391720666,-7.056387270300013,-8.220033889503606,-0.5714887832880148,-0.08165110181923091,5|5|5|15|5|6|16|5|5|5,55,13
390,0.0005166047457345358,-5.802278859319958,-5.802293900855999,4.519403762722475,4.518408661666716,4.287392458746873,0,0.0,0,6,11741,60.662000000000006,4.519403762722475,-0.18141009503234534,0.007856154775028408,692.0,0.48647065346289586,6.749025247561037,-0.5091055440767899,-0.987859391720666,-7.056387270300013,-8.220033889503606,-0.5714887832880148,-0.08165110181923091,5|5|5|15|5|6|16|5|5|5,55,13
391,0.0005114386982771904,-5.802278859319958,-5.802293900855999,4.519403762722475,4.518408661666716,4.287392458746873,0,0.0,0,9,11771,60.662000000000006,4.519403762722475,-0.18141009503234534,0.007856154775028408,692.0,0.48647065346289586,6.749025247561037,-0.5091055440767899,-0.987859391720666,-7.056387270300013,-8.220033889503606,-0.5714887832880148,-0.08165110181923091,5|5|5|15|5|6|16|5|5|5,55,13
392,0.0005063243112944186,-5.802278859319958,-5.802293900855999,4.519403762722475,4.518408661666716,4.287392458746873,0,0.0,0,10,11801,60.662000000000006,4.519403762722475,-0.18141009503234534,0.007856154775028408,692.0,0.48647065346289586,6.749025247561037,-0.5091055440767899,-0.987859391720666,-7.056387270300013,-8.220033889503606,-0.5714887832880148,-0.08165110181923091,5|5|5|15|5|6|16|5|5|5,55,13
393,0.0005012610681814744,-5.802278859319958,-5.802293900855999,4.519403762722475,4.518408661666716,4.287392458746873,0,0.0,0,7,11831,60.662000000000006,4.519403762722475,-0.18141009503234534,0.007856154775028408,692.0,0.48647065346289586,6.749025247561037,-0.5091055440767899,-0.987859391720666,-7.056387270300013,-8.220033889503606,-0.5714887832880148,-0.08165110181923091,5|5|5|15|5|6|16|5|5|5,55,13
394,0.0004962484574996596,-5.802278859319958,-5.802293900855999,4.519403762722475,4.518408661666716,4.287392458746873,0,0.0,0,10,11861,60.662000000000006,4.519403762722475,-0.18141009503234534,0.007856154775028408,692.0,0.48647065346289586,6.749025247561037,-0.5091055440767899,-0.987859391720666,-7.056387270300013,-8.220033889503606,-0.5714887832880148,-0.08165110181923091,5|5|5|15|5|6|16|5|5|5,55,13
395,0.000491285972924663,-5.802278859319958,-5.802293900855999,4.519403762722475,4.518408661666716,4.287392458746873,0,0.0,0,6,11891,60.662000000000006,4.519403762722475,-0.18141009503234534,0.007856154775028408,692.0,0.48647065346289586,6.749025247561037,-0.5091055440767899,-0.987859391720666,-7.056387270300013,-8.220033889503606,-0.5714887832880148,-0.08165110181923091,5|5|5|15|5|6|16|5|5|5,55,13
396,0.0004863731131954163,-5.802278859319958,-5.802293900855999,4.519403762722475,4.518408661666716,4.287392458746873,0,0.0,0,15,11921,60.662000000000006,4.519403762722475,-0.18141009503234534,0.007856154775028408,692.0,0.48647065346289586,6.749025247561037,-0.5091055440767899,-0.987859391720666,-7.056387270300013,-8.220033889503606,-0.5714887832880148,-0.08165110181923091,5|5|5|15|5|6|16|5|5|5,55,13
397,0.00048150938206346217,-5.800641237459636,-5.802293900855999,4.521478526981724,4.518408661666716,4.287392458746873,1,0.03333333333333333,0,8,11951,60.662000000000006,4.521478526981724,-0.18139341368424874,0.007855879636995022,696.0,0.4881301068815756,6.749025247560896,-0.508552484654906,-0.9864466545174698,-7.056452494586762,-8.216110245642268,-0.5714519000996696,-0.08165110181927594,5|5|5|14|5|6|17|5|5|5,55,13
398,0.00047669428824282756,-5.8029388270519595,-5.8029388270519595,4.5182221499216455,4.5182221499216455,4.287392458746873,1,0.03333333333333333,1,6,11981,60.662000000000006,4.5182221499216455,-0.18141839383007108,0.007856289214771908,692.0,0.4856144276541871,6.7490252475611054,-0.5094205206287543,-0.9885622138319878,-7.056355399982875,-8.220033889503606,-0.571507813853991,-0.08165110181920911,5|5|5|15|5|6|16|5|5|5,55,13
399,0.00047192734536039926,-5.8029388270519595,-5.8029388270519595,4.5182221499216455,4.5182221499216455,4.287392458746873,0,0.0,0,8,12011,60.662000000000006,4.5182221499216455,-0.18141839383007108,0.007856289214771908,692.0,0.4856144276541871,6.7490252475611054,-0.5094205206287543,-0.9885622138319878,-7.056355399982875,-8.220033889503606,-0.571507813853991,-0.08165110181920911,5|5|5|15|5|6|16|5|5|5,55,13
400,0.0004672080719067953,-5.8057834688514065,-5.8057834688514065,4.5182221499216455,4.5182221499216455,4.287392458746873,1,0.03333333333333333,1,4,12041,60.662000000000006,4.5182221499216455,-0.18141839383007052,0.007856289214771908,663.0,0.4856144276541871,6.7490252475611054,-0.5094205206287543,-0.9885622138319409,-7.056355399982875,-8.248480307498307,-0.571507813853991,-0.08165110181920911,5|5|5|14|5|6|16|5|5|5,54,13
401,0.00046253599118772736,-5.8057834688514065,-5.8057834688514065,4.5182221499216455,4.5182221499216455,4.287392458746873,0,0.0,0,6,12071,60.662000000000006,4.5182221499216455,-0.18141839383007052,0.007856289214771908,663.0,0.4856144276541871,6.7490252475611054,-0.5094205206287543,-0.9885622138319409,-7.056355399982875,-8.248480307498307,-0.571507813853991,-0.08165110181920911,5|5|5|14|5|6|16|5|5|5,54,13
402,0.0004579106312758501,-5.8057834688514065,-5.8057834688514065,4.5182221499216455,4.5182221499216455,4.287392458746873,0,0.0,0,9,12101,60.662000000000006,4.5182221499216455,-0.18141839383007052,0.007856289214771908,663.0,0.4856144276541871,6.7490252475611054,-0.5094205206287543,-0.9885622138319409,-7.056355399982875,-8.248480307498307,-0.571507813853991,-0.08165110181920911,5|5|5|14|5|6|16|5|5|5,54,13
403,0.00045333152496309157,-5.8057834688514065,-5.8057834688514065,4.5182221499216455,4.5182221499216455,4.287392458746873,0,0.0,0,4,12131,60.662000000000006,4.5182221499216455,-0.18141839383007052,0.007856289214771908,663.0,0.4856144276541871,6.7490252475611054,-0.5094205206287543,-0.9885622138319409,-7.056355399982875,-8.248480307498307,-0.571507813853991,-0.08165110181920911,5|5|5|14|5|6|16|5|5|5,54,13
404,0.00044879820971346066,-5.814790327881471,-5.814790327881471,4.513852073285509,4.513852073285509,4.287392458746873,4,0.13333333333333333,4,5,12161,60.662000000000006,4.513852073285509,-0.18146847686430084,0.007858401569167672,603.0,0.4800278343632428,6.748987581080671,-0.5105854298695007,-0.9928037274851779,-7.055854644754201,-8.30733496541838,-0.5716319820712115,-0.08166311215741837,5|5|5|14|5|6|14|5|5|5,52,13
405,0.0004443102276163261,-5.814790327881471,-5.814790327881471,4.513852073285509,4.513852073285509,4.287392458746873,0,0.0,0,5,12191,60.662000000000006,4.513852073285509,-0.18146847686430084,0.007858401569167672,603.0,0.4800278343632428,6.748987581080671,-0.5105854298695007,-0.9928037274851779,-7.055854644754201,-8.30733496541838,-0.5716319820712115,-0.08166311215741837,5|5|5|14|5|6|14|5|5|5,52,13
406,0.0004398671253401628,-5.814790327881466,-5.814790327881471,4.513852073285509,4.513852073285509,4.287392458746873,2,0.06666666666666667,0,8,12221,60.662000000000006,4.513852073285509,-0.18146847686430073,0.007858401569167672,603.0,0.4800278343632428,6.748987581080671,-0.5105854298695007,-0.9928037274851684,-7.055854644754201,-8.30733496541838,-0.5716319820712115,-0.08166311215741837,5|5|5|14|5|6|14|5|5|5,51,14
407,0.0004354684540867612,-5.814790327881466,-5.814790327881471,4.513852073285509,4.513852073285509,4.287392458746873,0,0.0,0,4,12251,60.662000000000006,4.513852073285509,-0.18146847686430073,0.007858401569167672,603.0,0.4800278343632428,6.748987581080671,-0.5105854298695007,-0.9928037274851684,-7.055854644754201,-8.30733496541838,-0.5716319820712115,-0.08166311215741837,5|5|5|14|5|6|14|5|5|5,51,14
408,0.0004311137695458936,-5.815323707249978,-5.815869329943334,4.513159427167276,4.513852073285509,4.287392458746873,2,0.06666666666666667,1,8,12281,60.662000000000006,4.513159427167276,-0.18145557898773,0.0078581878403577,594.0,0.4811626932540379,6.748988583133817,-0.5107700650443225,-0.9917114110867451,-7.055905311356041,-8.316163164106392,-0.5716067585766901,-0.08166279264263888,5|5|5|13|5|5|15|5|5|5,51,13
409,0.00042680263185043466,-5.815323707249978,-5.815869329943334,4.513159427167276,4.513852073285509,4.287392458746873,0,0.0,0,5,12311,60.662000000000006,4.513159427167276,-0.18145557898773,0.0078581878403577,594.0,0.4811626932540379,6.748988583133817,-0.5107700650443225,-0.9917114110867451,-7.055905311356041,-8.316163164106392,-0.5716067585766901,-0.08166279264263888,5|5|5|13|5|5|15|5|5|5,51,13
410,0.0004225346055319303,-5.815323707249978,-5.815869329943334,4.513159427167276,4.513852073285509,4.287392458746873,0,0.0,0,6,12341,60.662000000000006,4.513159427167276,-0.18145557898773,0.0078581878403577,594.0,0.4811626932540379,6.748988583133817,-0.5107700650443225,-0.9917114110867451,-7.055905311356041,-8.316163164106392,-0.5716067585766901,-0.08166279264263888,5|5|5|13|5|5|15|5|5|5,51,13
411,0.000418309259476611,-5.819068941800405,-5.819068941800405,4.512923456798844,4.512923456798844,4.287392458746873,1,0.03333333333333333,1,10,12371,60.662000000000006,4.512923456798844,-0.18147581526717024,0.007858522044548793,565.0,0.4794389634587323,6.748986627462226,-0.510832966472745,-0.9934252141111752,-7.055826084832086,-8.344609582101095,-0.5716450703786249,-0.08166341622830371,5|5|5|13|5|5|14|5|5|5,50,13
412,0.0004141261668818449,-5.819068941800405,-5.819068941800405,4.512923456798844,4.512923456798844,4.287392458746873,0,0.0,0,6,12401,60.662000000000006,4.512923456798844,-0.18147581526717024,0.007858522044548793,565.0,0.4794389634587323,6.748986627462226,-0.510832966472745,-0.9934252141111752,-7.055826084832086,-8.344609582101095,-0.5716450703786249,-0.08166341622830371,5|5|5|13|5|5|14|5|5|5,50,13
413,0.00040998490521302645,-5.819068941800405,-5.819068941800405,4.512923456798844,4.512923456798844,4.287392458746873,0,0.0,0,5,12431,60.662000000000006,4.512923456798844,-0.18147581526717024,0.007858522044548793,565.0,0.4794389634587323,6.748986627462226,-0.510832966472745,-0.9934252141111752,-7.055826084832086,-8.344609582101095,-0.5716450703786249,-0.08166341622830371,5|5|5|13|5|5|14|5|5|5,50,13
414,0.00040588505616089617,-5.822921794394228,-5.822921794394228,4.511516183634456,4.511516183634456,4.287392458746873,3,0.1,3,7,12461,60.662000000000006,4.511516183634456,-0.1815074331333143,0.007861235458179029,540.0,0.4794389634587323,6.748973747167287,-0.5112080961672436,-0.9961029195057708,-7.055182842360264,-8.369132356234458,-0.5716450703786249,-0.08166752324060404,5|5|5|14|5|5|12|5|5|5,49,13
415,0.0004018262055992872,-5.822921794394228,-5.822921794394228,4.511516183634456,4.511516183634456,4.287392458746873,0,0.0,0,4,12491,60.662000000000006,4.511516183634456,-0.1815074331333143,0.007861235458179029,540.0,0.4794389634587323,6.748973747167287,-0.5112080961672436,-0.9961029195057708,-7.055182842360264,-8.369132356234458,-0.5716450703786249,-0.08166752324060404,5|5|5|14|5|5|12|5|5|5,49,13
416,0.0003978079435432943,-5.822921794394228,-5.822921794394228,4.511516183634456,4.511516183634456,4.284883852527876,0,0.0,0,3,12521,60.662000000000006,4.511516183634456,-0.1815074331333143,0.007861235458179029,540.0,0.4794389634587323,6.748973747167287,-0.5112080961672436,-0.9961029195057708,-7.055182842360264,-8.369132356234458,-0.5716450703786249,-0.08166752324060404,5|5|5|14|5|5|12|5|5|5,49,13
417,0.00039382986410786133,-5.822921794394228,-5.822921794394228,4.511516183634456,4.511516183634456,4.284883852527876,0,0.0,0,6,12551,60.662000000000006,4.511516183634456,-0.1815074331333143,0.007861235458179029,540.0,0.4794389634587323,6.748973747167287,-0.5112080961672436,-0.9961029195057708,-7.055182842360264,-8.369132356234458,-0.5716450703786249,-0.08166752324060404,5|5|5|14|5|5|12|5|5|5,49,13
418,0.00038989156546678273,-5.822921794394228,-5.822921794394228,4.511516183634456,4.511516183634456,4.284883852527876,0,0.0,0,2,12581,60.662000000000006,4.511516183634456,-0.1815074331333143,0.007861235458179029,540.0,0.4794389634587323,6.748973747167287,-0.5112080961672436,-0.9961029195057708,-7.055182842360264,-8.369132356234458,-0.5716450703786249,-0.08166752324060404,5|5|5|14|5|5|12|5|5|5,49,13
419,0.0003859926498121149,-5.822921794394228,-5.822921794394228,4.511516183634456,4.511516183634456,4.284883852527876,0,0.0,0,7,12611,60.662000000000006,4.511516183634456,-0.1815074331333143,0.007861235458179029,540.0,0.4794389634587323,6.748973747167287,-0.5112080961672436,-0.9961029195057708,-7.055182842360264,-8.369132356234458,-0.5716450703786249,-0.08166752324060404,5|5|5|14|5|5|12|5|5|5,49,13
420,0.00038213272331399375,-5.822921794394228,-5.822921794394228,4.511516183634456,4.511516183634456,4.284883852527876,0,0.0,0,4,12641,60.662000000000006,4.511516183634456,-0.1815074331333143,0.007861235458179029,540.0,0.4794389634587323,6.748973747167287,-0.5112080961672436,-0.9961029195057708,-7.055182842360264,-8.369132356234458,-0.5716450703786249,-0.08166752324060404,5|5|5|14|5|5|12|5|5|5,49,13
421,0.0003783113960808538,-5.8263139598946125,-5.8263139598946125,4.50962888487901,4.50962888487901,4.284883852527876,1,0.03333333333333333,1,10,12671,60.662000000000006,4.50962888487901,-0.18152282791213953,0.007861506758428324,517.0,0.47830410456793726,6.748972745114163,-0.5117111838573057,-0.99740669763302,-7.055118527859512,-8.391693308437153,-0.5716702938731462,-0.08166784275537645,5|5|5|14|5|5|11|5|5|5,48,13
422,0.00037452828212004526,-5.8263291623577285,-5.8263291623577285,4.505524052105326,4.505524052105326,4.284883852527876,1,0.03333333333333333,1,6,12701,60.662000000000006,4.505524052105326,-0.18152282791213953,0.007861506758428324,528.0,0.47830410456793726,6.748972745114163,-0.5128053883822891,-0.99740669763302,-7.055118527859512,-8.380903287818473,-0.5716702938731462,-0.08166784275537645,5|5|5|14|5|6|11|5|5|5,49,13
423,0.0003707829992988448,-5.826711714911373,-5.826711714911373,4.504628181524566,4.504628181524566,4.284883852527876,1,0.03333333333333333,1,5,12731,60.662000000000006,4.504628181524566,-0.1815118444427979,0.007859635524996572,524.0,0.47830410456793726,6.748981093703562,-0.513044196074907,-0.9964765116750719,-7.055562122895885,-8.384826931679811,-0.5716702938731462,-0.0816651807232168,5|5|5|13|5|6|12|5|5|5,49,13
424,0.00036707516930585635,-5.826711714911373,-5.826711714911373,4.504628181524566,4.504628181524566,4.284883852527876,0,0.0,0,3,12761,60.662000000000006,4.504628181524566,-0.1815118444427979,0.007859635524996572,524.0,0.47830410456793726,6.748981093703562,-0.513044196074907,-0.9964765116750719,-7.055562122895885,-8.384826931679811,-0.5716702938731462,-0.0816651807232168,5|5|5|13|5|6|12|5|5|5,49,13
425,0.0003634044176127978,-5.828912504942253,-5.828912504942253,4.509619420868481,4.509619420868481,4.284883852527876,2,0.06666666666666667,1,5,12791,60.662000000000006,4.509619420868481,-0.18151184444279375,0.007859635524996572,488.0,0.47830410456793726,6.748981093703562,-0.5117137066307575,-0.9964765116747217,-7.055562122895885,-8.420139726431856,-0.5716702938731462,-0.0816651807232168,5|5|5|12|5|5|12|5|5|5,47,13
426,0.0003597703734366698,-5.837648382410862,-5.837648382410862,4.49480364238214,4.49480364238214,4.284883852527876,2,0.06666666666666667,2,6,12821,60.662000000000006,4.49480364238214,-0.18162487147487674,0.007859778709494551,488.0,0.4759896367259417,6.748994183498467,-0.5156630738168787,-1.0060487292356664,-7.055528179545198,-8.420139726431856,-0.5717217354817953,-0.0816610069097337,5|5|5|12|5|5|12|5|5|5,47,13
427,0.0003561726697023031,-5.837648382410862,-5.837648382410862,4.49480364238214,4.49480364238214,4.284883852527876,0,0.0,0,10,12851,60.662000000000006,4.49480364238214,-0.18162487147487674,0.007859778709494551,488.0,0.4759896367259417,6.748994183498467,-0.5156630738168787,-1.0060487292356664,-7.055528179545198,-8.420139726431856,-0.5717217354817953,-0.0816610069097337,5|5|5|12|5|5|12|5|5|5,47,13
428,0.00035261094300528004,-5.842010313741452,-5.842010313741452,4.4944419065641625,4.4944419065641625,4.284883852527876,2,0.06666666666666667,2,3,12881,60.662000000000006,4.4944419065641625,-0.18161991723596832,0.00786010035784041,442.0,0.4759896367259417,6.7489922607926855,-0.5157594999055166,-1.0056291565740973,-7.055451929512861,-8.465261630837245,-0.5717217354817953,-0.08166161998391645,5|5|5|11|5|5|11|5|5|5,46,12
429,0.00034908483357522723,-5.842010313741452,-5.842010313741452,4.4944419065641625,4.4944419065641625,4.284883852527876,0,0.0,0,6,12911,60.662000000000006,4.4944419065641625,-0.18161991723596832,0.00786010035784041,442.0,0.4759896367259417,6.7489922607926855,-0.5157594999055166,-1.0056291565740973,-7.055451929512861,-8.465261630837245,-0.5717217354817953,-0.08166161998391645,5|5|5|11|5|5|11|5|5|5,46,12
430,0.00034559398523947496,-5.842010313741452,-5.842010313741452,4.4944419065641625,4.4944419065641625,4.284883852527876,0,0.0,0,11,12941,60.662000000000006,4.4944419065641625,-0.18161991723596832,0.00786010035784041,442.0,0.4759896367259417,6.7489922607926855,-0.5157594999055166,-1.0056291565740973,-7.055451929512861,-8.465261630837245,-0.5717217354817953,-0.08166161998391645,5|5|5|11|5|5|11|5|5|5,46,12
431,0.0003421380453870802,-5.842010313741452,-5.842010313741452,4.4944419065641625,4.4944419065641625,4.284883852527876,0,0.0,0,9,12971,60.662000000000006,4.4944419065641625,-0.18161991723596832,0.00786010035784041,442.0,0.4759896367259417,6.7489922607926855,-0.5157594999055166,-1.0056291565740973,-7.055451929512861,-8.465261630837245,-0.5717217354817953,-0.08166161998391645,5|5|5|11|5|5|11|5|5|5,46,12
432,0.0003387166649332094,-5.842010313741452,-5.842010313741452,4.4944419065641625,4.4944419065641625,4.284883852527876,0,0.0,0,7,13001,60.662000000000006,4.4944419065641625,-0.18161991723596832,0.00786010035784041,442.0,0.4759896367259417,6.7489922607926855,-0.5157594999055166,-1.0056291565740973,-7.055451929512861,-8.465261630837245,-0.5717217354817953,-0.08166161998391645,5|5|5|11|5|5|11|5|5|5,46,12
433,0.0003353294982838773,-5.842010313741452,-5.842010313741452,4.4944419065641625,4.4944419065641625,4.284883852527876,0,0.0,0,13,13031,60.662000000000006,4.4944419065641625,-0.18161991723596832,0.00786010035784041,442.0,0.4759896367259417,6.7489922607926855,-0.5157594999055166,-1.0056291565740973,-7.055451929512861,-8.465261630837245,-0.5717217354817953,-0.08166161998391645,5|5|5|11|5|5|11|5|5|5,46,12
434,0.00033197620330103854,-5.842010313741452,-5.842010313741452,4.4944419065641625,4.4944419065641625,4.284883852527876,0,0.0,0,9,13061,60.662000000000006,4.4944419065641625,-0.18161991723596832,0.00786010035784041,442.0,0.4759896367259417,6.7489922607926855,-0.5157594999055166,-1.0056291565740973,-7.055451929512861,-8.465261630837245,-0.5717217354817953,-0.08166161998391645,5|5|5|11|5|5|11|5|5|5,46,12
435,0.00032865644126802817,-5.846490820381731,-5.846490820381731,4.48770037861261,4.48770037861261,4.284883852527876,1,0.03333333333333333,1,11,13091,60.662000000000006,4.48770037861261,-0.18168905236400873,0.007860946208443513,444.0,0.47160969026950145,6.7489864529517805,-0.5175565549371322,-1.0114841850085399,-7.055251411970431,-8.463299808906577,-0.5718190846380151,-0.081663471872724,5|5|5|12|5|5|10|5|5|5,46,12
436,0.0003253698768553479,-5.846490820381731,-5.846490820381731,4.48770037861261,4.48770037861261,4.284883852527876,0,0.0,0,9,13121,60.662000000000006,4.48770037861261,-0.18168905236400873,0.007860946208443513,444.0,0.47160969026950145,6.7489864529517805,-0.5175565549371322,-1.0114841850085399,-7.055251411970431,-8.463299808906577,-0.5718190846380151,-0.081663471872724,5|5|5|12|5|5|10|5|5|5,46,12
437,0.0003221161780867944,-5.846490820381731,-5.846490820381731,4.48770037861261,4.48770037861261,4.284883852527876,0,0.0,0,3,13151,60.662000000000006,4.48770037861261,-0.18168905236400873,0.007860946208443513,444.0,0.47160969026950145,6.7489864529517805,-0.5175565549371322,-1.0114841850085399,-7.055251411970431,-8.463299808906577,-0.5718190846380151,-0.081663471872724,5|5|5|12|5|5|10|5|5|5,46,12
438,0.0003188950163059264,-5.846490820381731,-5.846490820381731,4.48770037861261,4.48770037861261,4.284883852527876,0,0.0,0,6,13181,60.662000000000006,4.48770037861261,-0.18168905236400873,0.007860946208443513,444.0,0.47160969026950145,6.7489864529517805,-0.5175565549371322,-1.0114841850085399,-7.055251411970431,-8.463299808906577,-0.5718190846380151,-0.081663471872724,5|5|5|12|5|5|10|5|5|5,46,12
439,0.00031570606614286713,-5.848563502380164,-5.848746915602005,4.486375451478299,4.48770037861261,4.284883852527876,2,0.06666666666666667,1,7,13211,60.662000000000006,4.486375451478299,-0.18169047497692006,0.007862707239034736,425.0,0.47160969026950145,6.748979762060601,-0.5179097340666037,-1.01160466557006,-7.054833941645292,-8.481937117247933,-0.5718190846380151,-0.08166560533104196,5|5|5|12|5|5|9|5|5|5,45,12
440,0.00031254900548143846,-5.848563502380164,-5.848746915602005,4.486375451478299,4.48770037861261,4.284883852527876,0,0.0,0,6,13241,60.662000000000006,4.486375451478299,-0.18169047497692006,0.007862707239034736,425.0,0.47160969026950145,6.748979762060601,-0.5179097340666037,-1.01160466557006,-7.054833941645292,-8.481937117247933,-0.5718190846380151,-0.08166560533104196,5|5|5|12|5|5|9|5|5|5,45,12
441,0.0003094235154266241,-5.848563502380164,-5.848746915602005,4.486375451478299,4.48770037861261,4.284883852527876,0,0.0,0,3,13271,60.662000000000006,4.486375451478299,-0.18169047497692006,0.007862707239034736,425.0,0.47160969026950145,6.748979762060601,-0.5179097340666037,-1.01160466557006,-7.054833941645292,-8.481937117247933,-0.5718190846380151,-0.08166560533104196,5|5|5|12|5|5|9|5|5|5,45,12
442,0.0003063292802723578,-5.848746915602005,-5.848746915602005,4.48770037861261,4.48770037861261,4.284883852527876,1,0.03333333333333333,0,5,13301,60.662000000000006,4.48770037861261,-0.18168905236400884,0.007860946208443513,421.0,0.47160969026950145,6.7489864529517805,-0.5175565549371322,-1.0114841850085494,-7.055251411970431,-8.48586076110927,-0.5718190846380151,-0.081663471872724,5|5|5|11|5|5|10|5|5|5,45,12
443,0.00030326598746963426,-5.848746915602005,-5.848746915602005,4.48770037861261,4.48770037861261,4.284883852527876,0,0.0,0,4,13331,60.662000000000006,4.48770037861261,-0.18168905236400884,0.007860946208443513,421.0,0.47160969026950145,6.7489864529517805,-0.5175565549371322,-1.0114841850085494,-7.055251411970431,-8.48586076110927,-0.5718190846380151,-0.081663471872724,5|5|5|11|5|5|10|5|5|5,45,12
444,0.0003002333275949379,-5.848746915602005,-5.848746915602005,4.48770037861261,4.48770037861261,4.284883852527876,0,0.0,0,5,13361,60.662000000000006,4.48770037861261,-0.18168905236400884,0.007860946208443513,421.0,0.47160969026950145,6.7489864529517805,-0.5175565549371322,-1.0114841850085494,-7.055251411970431,-8.48586076110927,-0.5718190846380151,-0.081663471872724,5|5|5|11|5|5|10|5|5|5,45,12
445,0.0002972309943189885,-5.848746915602005,-5.848746915602005,4.48770037861261,4.48770037861261,4.284883852527876,0,0.0,0,5,13391,60.662000000000006,4.48770037861261,-0.18168905236400884,0.007860946208443513,421.0,0.47160969026950145,6.7489864529517805,-0.5175565549371322,-1.0114841850085494,-7.055251411970431,-8.48586076110927,-0.5718190846380151,-0.081663471872724,5|5|5|11|5|5|10|5|5|5,45,12
446,0.00029425868437579864,-5.848746915602005,-5.848746915602005,4.48770037861261,4.48770037861261,4.284883852527876,0,0.0,0,10,13421,60.662000000000006,4.48770037861261,-0.18168905236400884,0.007860946208443513,421.0,0.47160969026950145,6.7489864529517805,-0.5175565549371322,-1.0114841850085494,-7.055251411970431,-8.48586076110927,-0.5718190846380151,-0.081663471872724,5|5|5|11|5|5|10|5|5|5,45,12
447,0.00029131609753204067,-5.8508068286291675,-5.8508068286291675,4.48770037861261,4.48770037861261,4.284883852527876,1,0.03333333333333333,1,8,13451,60.662000000000006,4.48770037861261,-0.1816890523640079,0.007860946208443513,400.0,0.47160969026950145,6.7489864529517805,-0.5175565549371322,-1.0114841850084695,-7.055251411970431,-8.506459891381297,-0.5718190846380151,-0.081663471872724,5|5|5|10|5|5|10|5|5|5,45,11
448,0.00028840293655672025,-5.8508068286291675,-5.8508068286291675,4.48770037861261,4.48770037861261,4.284883852527876,0,0.0,0,5,13481,60.662000000000006,4.48770037861261,-0.1816890523640079,0.007860946208443513,400.0,0.47160969026950145,6.7489864529517805,-0.5175565549371322,-1.0114841850084695,-7.055251411970431,-8.506459891381297,-0.5718190846380151,-0.081663471872724,5|5|5|10|5|5|10|5|5|5,45,11
449,0.00028551890719115305,-5.8508068286291675,-5.8508068286291675,4.48770037861261,4.48770037861261,4.284883852527876,0,0.0,0,2,13511,60.662000000000006,4.48770037861261,-0.1816890523640079,0.007860946208443513,400.0,0.47160969026950145,6.7489864529517805,-0.5175565549371322,-1.0114841850084695,-7.055251411970431,-8.506459891381297,-0.5718190846380151,-0.081663471872724,5|5|5|10|5|5|10|5|5|5,45,11
450,0.00028266371811924154,-5.8508068286291675,-5.8508068286291675,4.48770037861261,4.48770037861261,4.284883852527876,0,0.0,0,11,13541,60.662000000000006,4.48770037861261,-0.1816890523640079,0.007860946208443513,400.0,0.47160969026950145,6.7489864529517805,-0.5175565549371322,-1.0114841850084695,-7.055251411970431,-8.506459891381297,-0.5718190846380151,-0.081663471872724,5|5|5|10|5|5|10|5|5|5,45,11
451,0.00027983708093804913,-5.8508068286291675,-5.8508068286291675,4.48770037861261,4.48770037861261,4.284883852527876,0,0.0,0,6,13571,60.662000000000006,4.48770037861261,-0.1816890523640079,0.007860946208443513,400.0,0.47160969026950145,6.7489864529517805,-0.5175565549371322,-1.0114841850084695,-7.055251411970431,-8.506459891381297,-0.5718190846380151,-0.081663471872724,5|5|5|10|5|5|10|5|5|5,45,11
452,0.00027703871012866866,-5.8508068286291675,-5.8508068286291675,4.48770037861261,4.48770037861261,4.284883852527876,0,0.0,0,6,13601,60.662000000000006,4.48770037861261,-0.1816890523640079,0.007860946208443513,400.0,0.47160969026950145,6.7489864529517805,-0.5175565549371322,-1.0114841850084695,-7.055251411970431,-8.506459891381297,-0.5718190846380151,-0.081663471872724,5|5|5|10|5|5|10|5|5|5,45,11
453,0.00027426832302738195,-5.8508068286291675,-5.8508068286291675,4.48770037861261,4.48770037861261,4.284883852527876,0,0.0,0,6,13631,60.662000000000006,4.48770037861261,-0.1816890523640079,0.007860946208443513,400.0,0.47160969026950145,6.7489864529517805,-0.5175565549371322,-1.0114841850084695,-7.055251411970431,-8.506459891381297,-0.5718190846380151,-0.081663471872724,5|5|5|10|5|5|10|5|5|5,45,11
454,0.00027152563979710814,-5.852670559463305,-5.852670559463305,4.48770037861261,4.48770037861261,4.284883852527876,1,0.03333333333333333,1,7,13661,60.662000000000006,4.48770037861261,-0.18168905236400792,0.007860946208443513,381.0,0.47160969026950145,6.7489864529517805,-0.5175565549371322,-1.0114841850084717,-7.055251411970431,-8.525097199722653,-0.5718190846380151,-0.081663471872724,5|5|5|9|5|5|10|5|5|5,44,11
455,0.00026881038339913706,-5.852670559463305,-5.852670559463305,4.48770037861261,4.48770037861261,4.284883852527876,0,0.0,0,4,13691,60.662000000000006,4.48770037861261,-0.18168905236400792,0.007860946208443513,381.0,0.47160969026950145,6.7489864529517805,-0.5175565549371322,-1.0114841850084717,-7.055251411970431,-8.525097199722653,-0.5718190846380151,-0.081663471872724,5|5|5|9|5|5|10|5|5|5,44,11
456,0.0002661222795651457,-5.852670559463305,-5.852670559463305,4.48770037861261,4.48770037861261,4.284883852527876,0,0.0,0,9,13721,60.662000000000006,4.48770037861261,-0.18168905236400792,0.007860946208443513,381.0,0.47160969026950145,6.7489864529517805,-0.5175565549371322,-1.0114841850084717,-7.055251411970431,-8.525097199722653,-0.5718190846380151,-0.081663471872724,5|5|5|9|5|5|10|5|5|5,44,11
457,0.00026346105676949426,-5.852670559463305,-5.852670559463305,4.48770037861261,4.48770037861261,4.284883852527876,0,0.0,0,4,13751,60.662000000000006,4.48770037861261,-0.18168905236400792,0.007860946208443513,381.0,0.47160969026950145,6.7489864529517805,-0.5175565549371322,-1.0114841850084717,-7.055251411970431,-8.525097199722653,-0.5718190846380151,-0.081663471872724,5|5|5|9|5|5|10|5|5|5,44,11
458,0.00026082644620179933,-5.852670559463305,-5.852670559463305,4.48770037861261,4.48770037861261,4.284883852527876,0,0.0,0,5,13781,60.662000000000006,4.48770037861261,-0.18168905236400792,0.007860946208443513,381.0,0.47160969026950145,6.7489864529517805,-0.5175565549371322,-1.0114841850084717,-7.055251411970431,-8.525097199722653,-0.5718190846380151,-0.081663471872724,5|5|5|9|5|5|10|5|5|5,44,11
459,0.0002582181817397813,-5.852670559463305,-5.852670559463305,4.48770037861261,4.48770037861261,4.284883852527876,0,0.0,0,4,13811,60.662000000000006,4.48770037861261,-0.18168905236400792,0.007860946208443513,381.0,0.47160969026950145,6.7489864529517805,-0.5175565549371322,-1.0114841850084717,-7.055251411970431,-8.525097199722653,-0.5718190846380151,-0.081663471872724,5|5|5|9|5|5|10|5|5|5,44,11
460,0.0002556359999223835,-5.852670559463305,-5.852670559463305,4.48770037861261,4.48770037861261,4.284883852527876,0,0.0,0,7,13841,60.662000000000006,4.48770037861261,-0.18168905236400792,0.007860946208443513,381.0,0.47160969026950145,6.7489864529517805,-0.5175565549371322,-1.0114841850084717,-7.055251411970431,-8.525097199722653,-0.5718190846380151,-0.081663471872724,5|5|5|9|5|5|10|5|5|5,44,11
461,0.0002530796399231597,-5.852670559463305,-5.852670559463305,4.48770037861261,4.48770037861261,4.284883852527876,0,0.0,0,5,13871,60.662000000000006,4.48770037861261,-0.18168905236400792,0.007860946208443513,381.0,0.47160969026950145,6.7489864529517805,-0.5175565549371322,-1.0114841850084717,-7.055251411970431,-8.525097199722653,-0.5718190846380151,-0.081663471872724,5|5|5|9|5|5|10|5|5|5,44,11
462,0.0002505488435239281,-5.852670559463305,-5.852670559463305,4.48770037861261,4.48770037861261,4.284883852527876,0,0.0,0,6,13901,60.662000000000006,4.48770037861261,-0.18168905236400792,0.007860946208443513,381.0,0.47160969026950145,6.7489864529517805,-0.5175565549371322,-1.0114841850084717,-7.055251411970431,-8.525097199722653,-0.5718190846380151,-0.081663471872724,5|5|5|9|5|5|10|5|5|5,44,11
