temperature_step,temperature,current_energy,best_energy,current_D,best_E_D,best_D,accepted,acceptance_rate,new_bests,infeasible_proposals,blackbox_calls,security_pct,raw_DD,raw_S,raw_V,raw_N,raw_P,raw_C,z_DD,z_S,z_V,z_N,z_P,z_C,sizes,n_covered,n_overlap
1,0.00011984164883660389,-0.005863678046315067,-0.005863678046315067,6.407280898675337,6.407280898675337,6.407280898675337,18,0.6,10,8,71,65.66466666666666,6.407280898675337,-0.15005616489141574,0.0394771790390693,9028.0,47.491011572026814,7.005879738578851,-0.005863678046315067,1.6674933603472761,0.43970016085923286,-0.0431600824747206,0.47323914716328197,0.00024955022279358693,45|41|5|43|9|35|42|5|8|17,86,54
2,0.00011864323234823785,-0.1354269660052126,-0.1354269660052126,5.921233163963084,5.921233163963084,5.921233163963084,15,0.5,5,12,101,66.01933333333332,5.921233163963084,-0.11644250418768806,0.033266886336594935,9341.0,65.86302998191451,6.886976920358348,-0.1354269660052126,4.514221858354799,-1.0325132842876892,0.2638650496749964,0.8815775841842621,-0.03766381583635028,45|42|5|45|11|36|42|5|10|14,89,56
3,0.00011745680002475548,-0.13535356205641064,-0.1354269660052126,5.9215085338120295,5.921233163963084,5.921233163963084,12,0.4,0,14,131,66.01933333333332,5.9215085338120295,-0.10673934902107582,0.034351230889564016,9610.0,99.47122034253454,6.886979105652788,-0.13535356205641064,5.335978482152717,-0.7754583101450271,0.5277300993499928,1.628556800990035,-0.037663119033118225,46|41|5|46|13|35|44|5|11|14,91,57
4,0.00011628223202450792,-0.13541559539113726,-0.1354269660052126,5.921275820037198,5.921233163963084,5.921233163963084,8,0.26666666666666666,0,12,161,66.01933333333332,5.921275820037198,-0.09887436676760634,0.02999287277687393,9739.0,119.29796834864831,6.886833353687334,-0.13541559539113726,6.002060921510238,-1.8086517069250232,0.6542676138781509,2.0692282128839024,-0.03770959352129946,46|41|5|49|13|34|43|5|11|14,91,58
5,0.00011511940970426285,-0.13532332107200218,-0.1354269660052126,5.921621980778363,5.921233163963084,5.921233163963084,15,0.5,0,15,191,66.01933333333332,5.921621980778363,-0.09391636667663181,0.030096221569397168,10097.0,123.8342974947061,6.886831847177989,-0.13532332107200218,6.421952116239168,-1.784151817921114,1.0054337394679231,2.1700531474113482,-0.03771007388703945,46|43|5|49|16|36|42|5|13|14,95,60
6,0.00011396821560722022,-0.13931969399868346,-0.13931969399868346,5.906629863499779,5.906629863499779,5.906629863499779,12,0.4,2,13,221,65.94333333333333,5.906629863499779,-0.08959168656386778,0.02802263210119506,10671.0,143.87351515575997,6.886830891779102,-0.13931969399868346,6.788207676152238,-2.275717423771847,1.56847663356996,2.6154469324749448,-0.037710378525636606,46|46|5|51|20|37|41|5|13|13,100,60
7,0.00011282853345114801,-0.1397661797490396,-0.1397661797490396,5.904954903015519,5.904954903015519,5.904954903015519,12,0.4,3,12,251,65.94333333333333,5.904954903015519,-0.08529801587106536,0.028279383858412804,10544.0,167.6087136060919,6.886798590900426,-0.1397661797490396,7.151837059752961,-2.2148517919650796,1.443900940972471,3.142987980026648,-0.03772067798746261,46|41|5|53|23|38|39|5|15|13,101,60
8,0.00011170024811663653,-0.13998917683889497,-0.13999614221660978,5.904118344820068,5.904092214686193,5.904092214686193,15,0.5,4,4,281,65.94333333333333,5.904118344820068,-0.08667674805293726,0.029764379653115753,10535.0,197.83254477452977,6.886778967473231,-0.13998917683889497,7.0350727409883715,-1.8628183404536458,1.43507274228446,3.814746069135886,-0.0377269351156764,43|42|5|53|22|37|40|5|21|13,103,62
9,0.00011058324563547017,-0.13922897192229353,-0.13999614221660978,5.906970201109393,5.904092214686193,5.904092214686193,12,0.4,0,8,311,65.94333333333333,5.906970201109393,-0.08300354074854681,0.028589907307909834,10980.0,228.10040003827862,6.8867850435718685,-0.13922897192229353,7.346155309610184,-2.141239030170328,1.8715781218583387,4.48748264247421,-0.03772499769017795,43|44|5|55|25|38|39|5|19|13,106,63
10,0.00010947741317911547,-0.14366178814522465,-0.14368238141057071,5.890340796920184,5.890263542706205,5.890263542706205,22,0.7333333333333333,2,3,341,65.89999999999999,5.890340796920184,-0.08088982527247579,0.027735934049871507,12029.0,251.23796187810947,6.886772233457466,-0.14366178814522465,7.525165091836718,-2.343682131085528,2.900553724494291,5.001740555097897,-0.03772908232470434,44|45|5|58|25|38|40|5|29|12,113,67
11,0.00010838263904732431,-0.14388476734409245,-0.14402234900412483,5.889504305841538,5.888988177737272,5.888988177737272,15,0.5,2,7,371,65.89999999999999,5.889504305841538,-0.07910452177016994,0.028115654513950976,12165.0,239.13140928583329,6.88675246485946,-0.14388476734409245,7.676361785419191,-2.25366550877842,3.033957615779791,4.732659028346228,-0.03773538574209945,45|45|5|58|27|40|38|5|28|12,113,70
12,0.00010729881265685108,-0.19441136182322277,-0.19445789467650887,5.699957273065581,5.699782708277317,5.699782708277317,15,0.5,1,11,401,65.58733333333333,5.699957273065581,-0.07548776137723387,0.02746947748285914,12669.0,259.02581239075363,6.892795193306233,-0.19441136182322277,7.98266388597839,-2.4068483873792132,3.528336742308409,5.174834149668577,-0.03580860066646191,47|47|5|56|30|41|40|5|28|10,116,71
13,0.00010622582453028256,-0.1943735739512475,-0.19445789467650887,5.700099031659875,5.699782708277317,5.699782708277317,14,0.4666666666666667,0,9,431,65.58733333333333,5.700099031659875,-0.07260769155486138,0.02648526007002519,13262.0,246.66207855087657,6.892796526819061,-0.1943735739512475,8.22657593447152,-2.640167198188975,4.110016944751803,4.9000364851288065,-0.035808175462410774,46|48|5|60|29|43|39|5|30|9,118,74
14,0.00010516356628497973,-0.19442907208731097,-0.19445789467650887,5.69989083423189,5.699782708277317,5.699782708277317,14,0.4666666666666667,0,10,461,65.58733333333333,5.69989083423189,-0.0725894360511117,0.02606849344088838,13831.0,255.44002896496227,6.892791758102041,-0.19442907208731097,8.228121986335008,-2.738965993076583,4.668155284027167,5.095136145512683,-0.035809696016058976,47|49|5|63|30|44|38|5|29|9,121,75
15,0.00010411193062212993,-0.19562608730816,-0.19562608730816,5.69540031422676,5.69540031422676,5.69540031422676,11,0.36666666666666664,4,11,491,65.58733333333333,5.69540031422676,-0.06971401528097461,0.02609730279056837,13968.0,275.2369913769272,6.885724325726613,-0.19562608730816,8.47164030831308,-2.7321364418820115,4.802540086278001,5.5351455396200935,-0.038063218302224706,46|48|5|62|32|44|37|5|35|10,124,77
16,0.00010307081131590863,-0.19601782396562606,-0.19627542531413986,5.693930741186707,5.692964367502645,5.692964367502645,16,0.5333333333333333,5,5,521,65.58733333333333,5.693930741186707,-0.0675331130117813,0.025816219532716612,14576.0,298.360544417494,6.885716427999602,-0.19601782396562606,8.656340115210142,-2.79877010493789,5.398933953201413,6.049092091179992,-0.038065736572352245,47|49|5|63|35|44|36|5|37|11,129,79
17,0.00010204010320274955,-0.19914341798903384,-0.19914341798903384,5.682205290878673,5.682205290878673,5.682205290878673,15,0.5,4,4,551,65.58733333333333,5.682205290878673,-0.06665061658165716,0.024773793461306856,15198.0,349.95641471584196,6.885701380096899,-0.19914341798903384,8.73107841161788,-3.045887874006918,6.009060573639509,7.195867397208733,-0.038070534748309355,45|49|5|63|42|42|38|5|41|10,132,83
18,0.00010101970217072206,-0.19924362894292413,-0.19926496965313886,5.681829356399863,5.681749298198034,5.681749298198034,13,0.43333333333333335,2,6,581,65.58733333333333,5.681829356399863,-0.06689703157355455,0.024815677360382843,15759.0,365.0280376011595,6.8857005966082045,-0.19924362894292413,8.710209617053865,-3.035958867064898,6.559351625192197,7.530850891948102,-0.03807078457160301,47|49|5|61|47|42|37|5|44|10,136,84
19,0.00010000950514901483,-0.19951244781653427,-0.19951244781653427,5.680820900944429,5.680820900944429,5.680820900944429,13,0.43333333333333335,3,7,611,65.58733333333333,5.680820900944429,-0.06430363504297462,0.02452908860657792,16509.0,385.8142849399992,6.885694320360978,-0.19951244781653427,8.929843410448376,-3.103897664283168,7.295034849193116,7.992848238157228,-0.03807278581650325,45|51|5|63|49|42|37|5|47|11,138,89
20,9.900941009752468e-05,-0.22040968866353292,-0.22040968866353292,5.6024263438485775,5.6024263438485775,5.6024263438485775,18,0.6,9,5,641,65.40133333333331,5.6024263438485775,-0.06416192923952166,0.024761726945571605,16657.0,398.39151482016905,6.8909128785544365,-0.22040968866353292,8.941844422554084,-3.0487483650582394,7.440209672062631,8.272391088416843,-0.03640879576100573,43|52|5|62|52|41|35|5|50|10,141,90
21,9.801931599654943e-05,-0.22043610617289935,-0.22048670251847122,5.602327240385038,5.6021374316858505,5.6021374316858505,11,0.36666666666666664,3,8,671,65.40133333333331,5.602327240385038,-0.06329482647564284,0.024811683311558298,16834.0,406.38833672774604,6.8909088859395915,-0.22043610617289935,9.015279035058551,-3.036905697216354,7.613830912926848,8.450129303457912,-0.036410068846626543,40|53|5|64|51|41|36|5|51|10,140,92
22,9.703912283658393e-05,-0.22103698977928915,-0.22103698977928915,5.600073066997557,5.600073066997557,5.600073066997557,11,0.36666666666666664,7,6,701,65.40133333333331,5.600073066997557,-0.06364102457039222,0.024263447219320187,16911.0,394.65114246758475,6.931887749757107,-0.22103698977928915,8.985959646403877,-3.166870673872957,7.689361057257609,8.189257174316868,-0.023343543697322992,39|56|5|65|49|39|34|6|53|9,140,92
23,9.606873160821809e-05,-0.22109606246507996,-0.2211381640165675,5.5998514598929185,5.599693518827585,5.599693518827585,22,0.7333333333333333,1,2,731,65.40133333333331,5.5998514598929185,-0.0609605301990267,0.02244909296576509,16659.0,388.3629604715894,6.905392990342891,-0.22109606246507996,9.212969723734394,-3.5969819189160566,7.4421714939933,8.049495371848485,-0.03179166567923659,39|53|5|62|47|40|36|5|57|9,141,91
24,9.51080442921359e-05,-0.22093912697660154,-0.2211381640165675,5.600440192549156,5.599693518827585,5.599693518827585,10,0.3333333333333333,0,8,761,65.40133333333331,5.600440192549156,-0.06026339848031932,0.02228317651134998,16876.0,414.4740402840853,6.905396464770359,-0.22093912697660154,9.272009551261693,-3.6363141125280753,7.655029173470899,8.629843011486509,-0.03179055782290153,38|53|5|61|49|40|39|5|57|9,143,91
25,9.415696384921454e-05,-0.220456158599448,-0.2211381640165675,5.602252015090489,5.599693518827585,5.599693518827585,11,0.36666666666666664,0,7,791,65.40133333333331,5.602252015090489,-0.06029558390777208,0.02245945169107619,16970.0,420.53712755584,6.905403613302836,-0.220456158599448,9.269283779309692,-3.594526277063377,7.747234804212348,8.764601834650852,-0.03178827844102779,40|53|5|59|50|40|40|5|57|9,142,92
26,9.32153942107224e-05,-0.23931300268904376,-0.23931300268904376,5.531511865639529,5.531511865639529,5.531511865639529,13,0.43333333333333335,3,11,821,64.95733333333332,5.531511865639529,-0.05931810440897006,0.021647644261909498,17295.0,422.1082551482614,6.9120040301839385,-0.23931300268904376,9.352066156688458,-3.7869735366930524,8.066030867946079,8.799521883778638,-0.029683668768176064,40|55|5|60|51|40|39|5|57|7,143,92
27,9.228324026861517e-05,-0.23987687274014113,-0.23987687274014113,5.5293965460507355,5.5293965460507355,5.5293965460507355,13,0.43333333333333335,5,10,851,64.95733333333332,5.5293965460507355,-0.05986773970540443,0.021617318320938668,17693.0,409.84485235060214,6.9120054880131,-0.23987687274014113,9.305517746633942,-3.7941626113748623,8.456433432149234,8.526954187664215,-0.029683203924604863,40|56|5|63|49|38|38|5|60|7,143,93
28,9.136040786592901e-05,-0.36365084602740694,-0.36365084602740694,5.065067025857519,5.065067025857519,5.065067025857519,12,0.4,3,7,881,62.42733333333334,5.065067025857519,-0.05849521804470942,0.02131096460539623,18272.0,455.005796143215,7.002214166291911,-0.36365084602740694,9.421756098656095,-3.866786895060008,9.024380881077944,9.530706132129014,-0.000919254570994087,41|57|5|64|53|37|37|5|60|7,144,96
29,9.044680378726972e-05,-0.36595541962698896,-0.36595541962698896,5.056421577017799,5.056421577017799,5.056421577017799,15,0.5,6,6,911,62.42733333333334,5.056421577017799,-0.0449891789133546,0.02379613930817926,18390.0,450.53290988323516,6.990662413264402,-0.36595541962698896,10.565577559499504,-3.2776507969307778,9.140128374987421,9.431291285941521,-0.004602647847212285,40|60|6|64|52|37|36|5|60|8,146,98
30,8.954233574939701e-05,-0.3657915688364599,-0.36595541962698896,5.057036251952513,5.056421577017799,5.056421577017799,12,0.4,0,9,941,62.42733333333334,5.057036251952513,-0.04445971854644911,0.023726777116924273,19082.0,452.65495455384473,6.990871234289784,-0.3657915688364599,10.610417362230905,-3.294093814263883,9.818918762998937,9.478456076698482,-0.004536063151452657,38|62|6|64|54|38|37|5|62|8,150,99
31,8.864691239190304e-05,-0.36783047862040374,-0.36783047862040374,5.04938742258595,5.04938742258595,5.04938742258595,10,0.3333333333333333,1,12,971,62.42733333333334,5.04938742258595,-0.04428170045801833,0.023589020676974392,19316.0,440.27690436100403,6.990877631335028,-0.36783047862040374,10.625493648326712,-3.326750388239694,10.048451928887223,9.203340215373656,-0.004534023388883084,38|63|6|64|55|38|37|5|62|8,150,100
32,8.7760443267984e-05,-0.3834653088371596,-0.3834653088371596,4.9907344358550505,4.9907344358550505,4.9907344358550505,7,0.23333333333333334,3,7,1001,62.064,4.9907344358550505,-0.043277929676033194,0.023142575741350414,19470.0,436.3418232221261,6.988861775444603,-0.3834653088371596,10.710502624758352,-3.4325847294264626,10.199512217548746,9.11587868306127,-0.005176799425986276,38|64|6|65|53|39|36|5|63|7,150,102
33,8.688283883530417e-05,-0.38345201190695566,-0.383640470928265,4.990784318371202,4.990077327356722,4.990077327356722,13,0.43333333333333335,3,12,1031,62.064,4.990784318371202,-0.0424034538415342,0.02320067085270957,19486.0,454.9923179735415,6.988857946896603,-0.38345201190695566,10.784561659887814,-3.4188126886970167,10.215206792994099,9.530406564894996,-0.0051780201972342005,39|62|6|65|55|36|37|5|64|7,150,102
34,8.601401044695113e-05,-0.38350859327944803,-0.383640470928265,4.990572057256498,4.990077327356722,4.990077327356722,12,0.4,0,10,1061,62.064,4.990572057256498,-0.042662876362553614,0.022938220818781753,20216.0,446.64189139478765,6.988928658157224,-0.38350859327944803,10.762591262491346,-3.48102915531764,10.931271797688327,9.344809094788408,-0.005155473196679017,37|62|6|69|54|36|36|5|68|7,150,103
35,8.515387034248161e-05,-0.3837677891505007,-0.3837677891505007,4.989599701831157,4.989599701831157,4.989599701831157,14,0.4666666666666667,5,6,1091,62.064,4.989599701831157,-0.04088022234895622,0.02254102946509915,20204.0,444.21682906552877,6.993898392757987,-0.3837677891505007,10.913563571854619,-3.575187430813198,10.919500866104311,9.290909401291744,-0.0035708230600768657,37|63|6|68|54|36|36|5|68|7,150,105
36,8.43023316390568e-05,-0.43639097925771125,-0.43650944081723825,4.79218743522477,4.791743034858234,4.791743034858234,14,0.4666666666666667,4,8,1121,60.82666666666667,4.79218743522477,-0.04296691061833911,0.022340885678356084,21080.0,447.93286877476334,7.008089544947353,-0.43639097925771125,10.736842713770525,-3.6226335638575167,11.778778871737385,9.37350249547023,0.0009541693312615268,37|66|5|70|54|34|37|5|70|8,149,109
37,8.345930832266623e-05,-0.43660628470704943,-0.43660628470704943,4.791379731687984,4.791379731687984,4.791379731687984,16,0.5333333333333333,3,8,1151,60.82666666666667,4.791379731687984,-0.04566988519338826,0.023702091265534665,21557.0,448.86319044848454,7.00808006563022,-0.43660628470704943,10.507928796300988,-3.299945847986255,12.24667340220197,9.394179924030263,0.0009511467551289035,36|69|5|71|54|33|34|5|72|8,151,112
38,8.262471523943956e-05,-0.4369258653090061,-0.4369258653090061,4.790180847111295,4.790180847111295,4.790180847111295,13,0.43333333333333335,4,7,1181,60.82666666666667,4.790180847111295,-0.04657727591511322,0.023386805619374392,22090.0,450.89981241969633,6.994938598158749,-0.4369258653090061,10.431082211541012,-3.374687537239332,12.76949894672529,9.439446100776506,-0.003239143048400039,37|69|5|74|56|31|33|5|72|8,153,112
39,8.179846808704516e-05,-0.44007252198570523,-0.4400837591065663,4.778376381712794,4.778334226429263,4.778334226429263,10,0.3333333333333333,3,14,1211,60.796,4.778376381712794,-0.04261528303299272,0.02112149217017122,22562.0,449.85542595021786,6.994971525433993,-0.44007252198570523,10.766621923976576,-3.911703275009677,13.232488922363203,9.416233455922896,-0.0032286438536934213,38|69|5|74|59|31|32|5|73|6,153,114
40,8.098048340617471e-05,-0.43996014991020727,-0.44012197392156743,4.77879793780018,4.778190866187667,4.778190866187667,15,0.5,1,8,1241,60.796,4.77879793780018,-0.055254129475917735,0.02442159198033107,22997.0,453.0499502507646,6.994973513556472,-0.43996014991020727,9.696242691314612,-3.1293808397227885,13.659185192283736,9.487235293108556,-0.0032280099207349913,38|70|5|73|59|30|30|5|77|8,153,115
41,8.017067857211296e-05,-0.4423341689594953,-0.4423341689594953,4.76989196914773,4.76989196914773,4.76989196914773,14,0.4666666666666667,2,8,1271,60.754,4.76989196914773,-0.0539302922955465,0.024668270920913827,23614.0,490.4981339922891,7.001146391674497,-0.4423341689594953,9.808357972696827,-3.0709030721908586,14.264407257895158,10.319562611595174,-0.0012597253062093523,40|69|5|75|62|29|30|5|77|8,155,114
42,7.936897178639182e-05,-0.4438820527036873,-0.4438820527036873,4.764085190087746,4.764085190087746,4.764085190087746,9,0.3,2,9,1301,60.754,4.764085190087746,-0.04572184329679436,0.025759550276534537,22950.0,504.3115825271113,7.025196273279954,-0.4438820527036873,10.503528483732469,-2.812204132104514,13.613082376913011,10.626581789278086,0.006408822661222818,39|67|6|73|63|29|30|5|76|8,155,112
43,7.85752820685279e-05,-0.46706738402369996,-0.46706738402369996,4.677107019464134,4.677107019464134,4.677107019464134,10,0.3333333333333333,2,15,1331,59.92666666666666,4.677107019464134,-0.04597764146017082,0.026078454841736848,23312.0,506.7770129244755,7.048134598081551,-0.46706738402369996,10.481865031844855,-2.736604541054238,13.968172146364122,10.681378707753952,0.013722939500519891,39|68|5|73|64|29|29|5|77|9,155,113
44,7.778952924784262e-05,-0.46707218582379906,-0.46707218582379906,4.677089005842394,4.677089005842394,4.677089005842394,15,0.5,1,8,1361,59.92666666666666,4.677089005842394,-0.04775775959005657,0.02585695584989422,24090.0,515.4102241714512,7.048133326505484,-0.46707218582379906,10.331107485535606,-2.7891131440299533,14.731320877394408,10.873261380001043,0.01372253404563153,38|72|5|71|65|29|29|5|80|8,159,113
45,7.70116339553642e-05,-0.46793325702213595,-0.46793325702213595,4.673858756657066,4.673858756657066,4.673858756657066,16,0.5333333333333333,4,4,1391,59.92666666666666,4.673858756657066,-0.04881740653604871,0.02584122536305965,23914.0,503.0580842620537,7.4349345239593445,-0.46793325702213595,10.241366377431662,-2.7928422169297424,14.558680547495527,10.598721403394373,0.13705800759166342,38|71|5|71|65|28|29|7|80|8,160,115
46,7.624151761581056e-05,-0.46802927900865426,-0.46809120916823155,4.673498536800307,4.6732662100799285,4.6732662100799285,17,0.5666666666666667,3,5,1421,59.92666666666666,4.673498536800307,-0.03814973910423587,0.02521193302626722,24078.0,482.7878467227245,7.4318396675567495,-0.46802927900865426,11.14480718838864,-2.9420224059383244,14.719549945810394,10.148192945922386,0.13607118132927432,37|71|5|71|65|28|28|6|82|7,161,115
47,7.547910243965245e-05,-0.46816696811858294,-0.46816751683865077,4.672982005605169,4.672979947119697,4.672979947119697,12,0.4,1,11,1451,59.92666666666666,4.672982005605169,-0.036144932178320203,0.024996347724831326,24656.0,487.97506231276554,7.354350052334865,-0.46816696811858294,11.314593545766074,-2.9931291080787115,15.286516483773768,10.263484551845677,0.11136283385982006,37|73|5|76|65|27|27|5|80|7,161,116
48,7.472431141525593e-05,-0.4682312290664519,-0.4682312290664519,4.672740935093342,4.672740935093342,4.672740935093342,9,0.3,1,10,1481,59.92666666666666,4.672740935093342,-0.03727446033700988,0.02436793649598865,25258.0,487.93552406509286,7.354503040803663,-0.4682312290664519,11.218934223593905,-3.1421004214299932,15.877024884905174,10.262605770543752,0.11141161578027564,37|75|5|79|65|27|27|5|79|7,161,117
49,7.397706830110337e-05,-0.4682659315534896,-0.4682659315534896,4.6726107511077455,4.6726107511077455,4.6726107511077455,12,0.4,2,11,1511,59.92666666666666,4.6726107511077455,-0.03733214621217382,0.024488887990843613,25832.0,495.250988089828,7.3545007597430505,-0.4682659315534896,11.214048828152775,-3.113427631681267,16.44006777900721,10.425200052744987,0.11141088844103092,38|76|5|78|68|27|26|5|80|7,162,120
50,7.323729761809234e-05,-0.4685361718608062,-0.4685361718608062,4.671596963241843,4.671596963241843,4.671596963241843,12,0.4,4,10,1541,59.92666666666666,4.671596963241843,-0.0369103502469567,0.02379368588857094,25858.0,517.2786908552191,7.354493544588649,-0.4685361718608062,11.249770572508782,-3.278232405158763,16.46557146410591,10.914790119427133,0.11140858781608268,37|75|5|77|72|26|24|5|80|7,162,118
51,7.250492464191141e-05,-0.4686606118280265,-0.4686606118280265,4.671130135291365,4.671130135291365,4.671130135291365,21,0.7,4,3,1571,59.92666666666666,4.671130135291365,-0.03272804230693739,0.020202333285291488,26605.0,540.1718123178234,7.35450018829035,-0.4686606118280265,11.603968685747185,-4.129599295918166,17.198311955210826,11.423615074204024,0.1114107062275583,40|76|5|79|73|26|22|5|80|7,163,121
52,7.177987539549229e-05,-0.46982066317341187,-0.4698233803699167,4.666778282714473,4.666768089339276,4.666768089339276,12,0.4,3,7,1601,59.73066666666667,4.666778282714473,-0.03169134157755524,0.020011638393190496,27064.0,540.8886586418946,7.35399144907544,-0.46982066317341187,11.691766487249657,-4.174805471781675,17.648550088299388,11.43954777691664,0.11124848958398156,40|76|5|82|72|25|22|6|81|7,163,120
53,7.106207664153737e-05,-0.4697924451435799,-0.4698233803699167,4.6668841407063,4.666768089339276,4.666768089339276,11,0.36666666666666664,0,8,1631,59.73066666666667,4.6668841407063,-0.03170847374868335,0.019999302890759654,27781.0,538.7068604664485,7.353992360904542,-0.4697924451435799,11.690315570010592,-4.177729728882165,18.351863250444268,11.39105489839996,0.1112487803299121,41|78|5|82|72|25|22|6|83|7,163,122
54,7.0351455875122e-05,-0.5448465999563518,-0.5448465999563518,4.385323657777962,4.385323657777962,4.385323657777962,16,0.5333333333333333,5,4,1661,58.614000000000004,4.385323657777962,-0.032204449984466185,0.0228563417032169,28013.0,523.6864281661078,7.332290000572633,-0.5448465999563518,11.648311525964862,-3.5004394376644425,18.579434594401885,11.05720917105192,0.10432876326113905,39|78|5|83|70|25|22|5|86|8,163,123
55,6.964794131637078e-05,-0.5461338542187095,-0.5461941168996242,4.380494612235245,4.380268540946012,4.380268540946012,15,0.5,2,1,1691,58.653333333333336,4.380494612235245,-0.032106613883396695,0.022909614593653548,27861.0,513.5326771232124,7.338068421047384,-0.5461338542187095,11.656597229194372,-3.487810553758307,18.43033612767103,10.831530819427547,0.10617127106693908,44|76|5|84|70|26|23|5|83|7,163,122
56,6.895146190320707e-05,-0.5464149068145279,-0.5465845693899256,4.379440262815093,4.378803785370466,4.378803785370466,17,0.5666666666666667,4,3,1721,58.653333333333336,4.379440262815093,-0.03115667966287981,0.022915053132505536,28563.0,540.2766369577208,7.338055942639382,-0.5464149068145279,11.737046807138679,-3.48652129246203,19.11893562533589,11.425944917809773,0.10616729220035294,46|76|5|85|73|27|20|5|83|7,164,123
57,6.8261947284175e-05,-0.5632571558532802,-0.5632676746920712,4.3162577276872245,4.316218266989316,4.316218266989316,13,0.43333333333333335,3,7,1751,58.272666666666666,4.3162577276872245,-0.030491570012040274,0.02238697453645309,28985.0,528.9670249047606,7.329664619490883,-0.5632571558532802,11.793374697576828,-3.6117077283433794,19.532880052707075,11.174576276325396,0.10349163395262628,48|77|5|85|74|26|20|5|83|6,166,123
58,6.757932781133325e-05,-0.5678702774541972,-0.5678702774541972,4.298951920313849,4.298951920313849,4.298951920313849,10,0.3333333333333333,2,15,1781,58.272666666666666,4.298951920313849,-0.02345425074628321,0.023200943806053236,28627.0,555.6831146343866,7.178549114826253,-0.5678702774541972,12.389362664492504,-3.418747982313325,19.181713927117304,11.768370930789517,0.05530692705242868,46|78|6|83|74|26|20|5|83|6,166,122
59,6.690353453321991e-05,-0.5702217532268359,-0.5702226407653999,4.290130521208229,4.290127191668548,4.290127191668548,18,0.6,4,7,1811,58.236000000000004,4.290130521208229,-0.01600952908645621,0.021901412255620496,29160.0,606.9944342499151,7.188687571685754,-0.5702217532268359,13.019853389545046,-3.7268152365632634,19.704539471640622,12.908821783049303,0.05853967655274974,45|77|6|84|78|24|18|5|84|7,167,123
60,6.623449918788771e-05,-0.5700364846164594,-0.5702226407653999,4.290825543616238,4.290127191668548,4.290127191668548,17,0.5666666666666667,0,6,1841,58.236000000000004,4.290825543616238,-0.020555163776220905,0.021987121883450624,29153.0,588.1111841166935,7.188690016723325,-0.5700364846164594,12.634885268192832,-3.7064968920801156,19.69767309488328,12.48912065532095,0.058540456177706195,46|76|6|82|77|23|20|5|87|7,167,124
61,6.557215419600883e-05,-0.5705760324053893,-0.5705760324053893,4.288801467315692,4.288801467315692,4.288801467315692,17,0.5666666666666667,2,9,1871,58.236000000000004,4.288801467315692,-0.020642332345916597,0.021931038324068095,29165.0,585.868048874562,7.188681155232431,-0.5705760324053893,12.62750299425158,-3.719792073826019,19.709444026467295,12.439264492630317,0.058537630601717995,46|77|6|85|77|20|20|5|84|7,167,123
62,6.491643265404874e-05,-0.574495442465578,-0.5744990341060249,4.274098070920199,4.274084597128891,4.274084597128891,16,0.5333333333333333,4,5,1901,58.024000000000015,4.274098070920199,-0.01701641856559851,0.02193663203648489,30199.0,588.4553401076209,7.192964985085683,-0.574495442465578,12.934580291804147,-3.7184660270480614,20.723705964623232,12.496769903013359,0.05990357307299093,44|78|5|86|78|21|20|5|88|8,167,125
63,6.426726832750824e-05,-0.5745447802454592,-0.5745447802454592,4.273912983643357,4.273912983643357,4.273912983643357,15,0.5,2,6,1931,58.024000000000015,4.273912983643357,-0.016766823707595267,0.021545749731611444,30903.0,587.7056631145895,7.19296442598761,-0.5745447802454592,12.955718388053068,-3.8111286779526514,21.41426728421876,12.480107502357352,0.05990339479891625,50|79|5|86|77|21|19|5|89|8,170,126
64,6.362459564423315e-05,-0.5790195924638425,-0.5790195924638425,4.2571260343749975,4.2571260343749975,4.2571260343749975,17,0.5666666666666667,2,5,1961,57.106,4.2571260343749975,-0.011726339293673265,0.020748679293443623,31760.0,609.7626918850431,7.695327554601161,-0.5790195924638425,13.382595149597917,-4.000082383038448,22.254907981510478,12.970349371949997,0.22008695877821133,53|80|6|87|76|20|20|5|91|8,170,129
65,6.298834968779082e-05,-0.5791297944380008,-0.5791427413844132,4.256712619273047,4.256664049696941,4.256664049696941,14,0.4666666666666667,3,5,1991,57.106,4.256712619273047,-0.011547991077050856,0.0206229618477986,32662.0,603.7466507745645,7.695326541467053,-0.5791297944380008,13.397699394128221,-4.029884990199683,23.13968967224225,12.836636201774603,0.22008663573015508,56|81|6|91|74|21|19|5|91|8,171,132
66,6.235846619091291e-05,-0.5791268764139111,-0.5791427413844132,4.256723566039072,4.256664049696941,4.256664049696941,13,0.43333333333333335,0,8,2021,57.106,4.256723566039072,-0.011475330905974291,0.020619473266064982,32977.0,600.7623844714822,7.695326541467053,-0.5791268764139111,13.403852957154184,-4.030711994203968,23.448676626322634,12.770307581224168,0.22008663573015508,54|84|6|90|73|21|19|5|93|8,171,132
67,6.173488152900378e-05,-0.5793865264508626,-0.5793865264508626,4.255749506841699,4.255749506841699,4.255749506841699,16,0.5333333333333333,3,6,2051,57.106,4.255749506841699,-0.012595776305324663,0.020508862709266742,32195.0,599.363838795278,7.695324303172455,-0.5793865264508626,13.30896285051256,-4.056933358750711,22.68160425143101,12.739223356138899,0.22008592202728663,54|86|6|91|72|20|18|5|87|8,169,132
68,6.111753271371374e-05,-0.582013419616669,-0.5820138740974616,4.2458948983898335,4.245893193436499,4.245893193436499,12,0.4,1,7,2081,57.106,4.2458948983898335,-0.017622915355102804,0.022756798867476648,32794.0,601.0772835562303,7.713988978722716,-0.582013419616669,12.88321630292327,-3.5240370856604,23.26916991966641,12.777306561805213,0.2260373425831886,55|88|5|90|72|20|17|5|89|9,169,133
69,6.05063573865766e-05,-0.5821792310369474,-0.5821792310369474,4.245272868287901,4.245272868287901,4.245272868287901,12,0.4,1,9,2111,57.106,4.245272868287901,-0.014605369656260553,0.021371750733931782,32115.0,607.1909357603018,7.722701707626595,-0.5821792310369474,13.138771132569705,-3.852376921167343,22.603131374204246,12.913189246538257,0.22881548430640902,54|87|6|89|72|20|16|5|88|8,168,131
70,5.990129381271083e-05,-0.5821389482513274,-0.5822058718272242,4.24542398637858,4.245172927201433,4.245172927201433,16,0.5333333333333333,2,3,2141,57.106,4.24542398637858,-0.017579043007843523,0.022733027296052123,31714.0,574.6576779429021,7.713987195923061,-0.5821389482513274,12.886931835793023,-3.529672379959735,22.209786077105086,12.190101594872942,0.22603677411948922,53|86|5|87|71|19|18|5|90|8,167,131
71,5.930228087458372e-05,-0.58233748779663,-0.58233748779663,4.244679178973911,4.244679178973911,4.244679178973911,20,0.6666666666666666,3,5,2171,57.106,4.244679178973911,-0.013139247643956936,0.023067115872091214,32262.0,588.1343121886082,7.713984429873668,-0.58233748779663,13.262936463765483,-3.4504732637379227,22.747325286108424,12.489634702309488,0.22603589213666705,52|88|5|85|72|20|15|5|93|9,167,132
72,5.870925806583788e-05,-0.5822627193439928,-0.58233748779663,4.244959667664841,4.244679178973911,4.244679178973911,11,0.36666666666666664,0,9,2201,57.106,4.244959667664841,-0.012091110379496391,0.0227983843070075,32499.0,583.2142714277552,7.721369932656521,-0.5822627193439928,13.35170282119565,-3.514178831608176,22.979801184892715,12.380281352582546,0.2283908343889008,52|90|5|83|73|21|16|5|93|9,168,132
73,5.8122165485179505e-05,-0.5823282103446472,-0.58233748779663,4.244713982694866,4.244679178973911,4.244679178973911,19,0.6333333333333333,0,5,2231,57.106,4.244713982694866,-0.015049448175748117,0.022756117492453737,33370.0,585.7497521842873,7.7213676901329595,-0.5823282103446472,13.101162286930409,-3.5241986125831994,23.834174635699117,12.43663521779868,0.22839011933758446,55|91|5|80|73|19|16|5|98|8,170,131
74,5.754094383032771e-05,-0.5826886828257606,-0.5826886828257606,4.243361695055123,4.243361695055123,4.243361695055123,13,0.43333333333333335,4,11,2261,57.106,4.243361695055123,-0.013461745995271649,0.02246178113904457,34133.0,584.3438440196642,7.8052279147959505,-0.5826886828257606,13.235624197620481,-3.5939740575814425,24.582609702249385,12.405387353262016,0.25512980005359454,56|91|6|78|75|22|15|5|101|6,170,134
75,5.6965534392024434e-05,-0.5827575114088417,-0.5827575114088417,4.243103489374972,4.243103489374972,4.243103489374972,15,0.5,2,4,2291,57.106,4.243103489374972,-0.013111636395220769,0.0226198968900207,34108.0,550.4312538800393,7.812611848639041,-0.5827575114088417,13.265274850213052,-3.556491100556919,24.558086928116023,11.651642514562381,0.2574842420335184,56|89|6|78|73|23|14|5|104|6,169,134
76,5.639587904810419e-05,-0.5831339831234764,-0.5831339831234764,4.241691181714645,4.241691181714645,4.241691181714645,13,0.43333333333333335,1,10,2321,57.106,4.241691181714645,-0.012277535776572967,0.022753146795235882,34496.0,590.117022768997,7.546697009731401,-0.5831339831234764,13.33591452323882,-3.524902846762668,24.93868038266583,12.533702638744016,0.17269460643911771,56|88|7|79|76|23|12|5|104|6,169,133
77,5.5831920257623144e-05,-0.5885514705539034,-0.5885514705539034,4.221367851434339,4.221367851434339,4.221367851434339,14,0.4666666666666667,6,5,2351,57.20266666666667,4.221367851434339,-0.013132413350550081,0.023290967524716592,35950.0,571.2435074416763,7.705243152926183,-0.5885514705539034,13.263515257547468,-3.397406938445053,26.36492492626228,12.114217877847963,0.2232486475810354,57|93|6|79|78|22|11|5|105|6,170,132
78,5.527360105504691e-05,-0.5885544972805877,-0.5885544972805877,4.221356496878031,4.221356496878031,4.221356496878031,19,0.6333333333333333,3,5,2381,57.20266666666667,4.221356496878031,-0.011937853319457402,0.022575912815698387,36707.0,577.0846316816759,7.705243152926183,-0.5885544972805877,13.364682104951124,-3.5669179755355893,27.10747452702054,12.244043327038842,0.2232486475810354,57|93|6|77|82|21|13|5|107|6,170,132
79,5.472086504449644e-05,-0.588938690404549,-0.588938690404549,4.219915222883405,4.219915222883405,4.219915222883405,17,0.5666666666666667,4,4,2411,57.20266666666667,4.219915222883405,-0.013502914457354983,0.023064697381437835,37111.0,574.8931966471148,7.625930357157623,-0.588938690404549,13.232137655786648,-3.4510465916996544,27.5037625570157,12.195336258665554,0.19795896055636703,55|94|5|79|83|21|12|5|107|6,170,132
80,5.4173656394051476e-05,-0.588874762803968,-0.588938690404549,4.2201550428658825,4.219915222883405,4.219915222883405,15,0.5,0,4,2441,57.15533333333334,4.2201550428658825,-0.013124406121074905,0.022944205053142826,37495.0,594.9715341024989,7.625932947278522,-0.588874762803968,13.264193386851442,-3.479610531315945,27.880432367704174,12.641599524442539,0.1979597864426097,56|97|5|78|85|19|13|5|105|6,170,133
81,5.363191983011096e-05,-0.5893901237391334,-0.5893901237391334,4.218221701878305,4.218221701878305,4.218221701878305,15,0.5,1,5,2471,57.15533333333334,4.218221701878305,-0.009599642258252137,0.022659161889203767,37645.0,591.3575715343261,7.626110310750988,-0.5893901237391334,13.56270433528652,-3.5471829306379776,28.027569012504358,12.561275207668189,0.1980163405794903,56|96|5|80|85|19|14|5|105|6,169,131
82,5.309560063180985e-05,-0.6463063055320125,-0.6463063055320125,4.0047045731861415,4.0047045731861415,4.0047045731861415,18,0.6,2,1,2501,56.07933333333334,4.0047045731861415,-0.003680983152766105,0.022093130312773636,37333.0,607.8092656205042,7.608704549864291,-0.6463063055320125,14.063953386798195,-3.6813665089524306,27.721524791319975,12.92693231183709,0.19246633769552604,55|96|5|81|86|20|16|5|102|5,170,132
83,5.256464462549175e-05,-0.6463135287380763,-0.6463135287380763,4.004677475827005,4.004677475827005,4.004677475827005,17,0.5666666666666667,1,3,2531,56.07933333333334,4.004677475827005,-0.003720170479001376,0.02139218882151082,37422.0,639.5219673405899,7.608702603921457,-0.6463135287380763,14.060634626626909,-3.8475318633305418,27.808825867234752,13.631782196328984,0.1924657172119739,57|96|5|77|89|19|16|6|102|5,170,132
84,5.2038998179236836e-05,-0.6463135287380763,-0.6463135287380763,4.004677475827005,4.004677475827005,4.004677475827005,19,0.6333333333333333,0,4,2561,56.07933333333334,4.004677475827005,0.0020058938802601594,0.019205446278395915,37010.0,675.7876081444638,7.617417648653666,-0.6463135287380763,14.54557290028323,-4.365921563668797,27.40469054951691,14.43782618959258,0.19524459736047736,57|93|6|78|91|19|17|6|100|5,170,132
85,5.1518608197444464e-05,-0.6680487649088437,-0.6680487649088437,3.923139237096998,3.923139237096998,3.923139237096998,10,0.3333333333333333,1,6,2591,55.944,3.923139237096998,0.005060759678384455,0.01879060645691844,37313.0,738.9248007712201,7.617160262064243,-0.6680487649088437,14.8042883553406,-4.464263589080604,27.701906572013282,15.841120154355151,0.1951625270434777,57|92|6|79|93|18|17|6|100|5,170,134
86,5.100342211547002e-05,-0.6680487649088437,-0.6680487649088437,3.923139237096998,3.923139237096998,3.923139237096998,16,0.5333333333333333,0,6,2621,55.944,3.923139237096998,-0.0008261237930828905,0.022292170057287914,37743.0,705.2294850030912,7.608445217332034,-0.6680487649088437,14.305730370526495,-3.634182100417906,28.123698287107143,15.092204478966915,0.1923836468949742,56|94|5|81|93|19|18|5|99|5,170,136
87,5.049338789431532e-05,-0.6680015411738338,-0.6680487649088437,3.9233163936803774,3.923139237096998,3.923139237096998,17,0.5666666666666667,0,8,2651,55.944,3.9233163936803774,-0.0004800612610619148,0.022268279357883208,38747.0,719.2554588606577,7.608445217332034,-0.6680015411738338,14.335038278423818,-3.6398456352241735,29.108532896303043,15.403947267098097,0.1923836468949742,55|94|5|81|97|21|20|5|100|5,173,138
88,4.998845401537217e-05,-0.6729479566485048,-0.6729479566485048,3.904760257337402,3.904760257337402,3.904760257337402,22,0.7333333333333333,1,4,2681,55.982666666666674,3.904760257337402,-0.00048322031675563927,0.02241786990089662,39223.0,723.7511756444007,7.608407894172745,-0.6729479566485048,14.334770739165023,-3.6043836659995296,29.57544651580229,15.503869546937239,0.19237174602818427,55|96|5|81|96|20|23|5|101|5,173,139
89,4.9488569475218444e-05,-0.6729479566485048,-0.6729479566485048,3.904760257337402,3.904760257337402,3.904760257337402,17,0.5666666666666667,0,3,2711,55.982666666666674,3.904760257337402,0.005155932733310817,0.020226418138823324,38374.0,740.4847181513481,7.617122938904954,-0.6729479566485048,14.812348526176777,-4.123889734888968,28.742653106233252,15.875791044111091,0.1951506261766875,59|94|6|81|95|20|24|5|97|5,173,139
90,4.899368378046626e-05,-0.6734719060224824,-0.6734719060224824,3.9027946974142353,3.9027946974142353,3.9027946974142353,21,0.7,2,3,2741,55.982666666666674,3.9027946974142353,0.0060081237636932395,0.020069274944671218,38514.0,741.0979691816085,7.617119348300636,-0.6734719060224824,14.884520269484312,-4.161142137364601,28.87998064138009,15.889421226794951,0.19514948127618878,61|93|6|82|95|18|24|5|97|5,173,137
91,4.85037469426616e-05,-0.6734719060224824,-0.6734719060224824,3.9027946974142353,3.9027946974142353,3.9027946974142353,17,0.5666666666666667,0,4,2771,55.982666666666674,3.9027946974142353,0.005714042677333506,0.019675022856102366,38091.0,714.9152111109981,7.617119348300636,-0.6734719060224824,14.859614651002465,-4.254603629982664,28.46505530304357,15.307480458561374,0.19514948127618878,57|93|6|87|93|18|27|5|94|5,173,140
92,4.801870947323498e-05,-0.6734719060224824,-0.6734719060224824,3.9027946974142353,3.9027946974142353,3.9027946974142353,17,0.5666666666666667,0,6,2801,55.982666666666674,3.9027946974142353,0.005631952688828034,0.020435582259439096,38069.0,715.2071789185707,7.591872790219131,-0.6734719060224824,14.852662480224657,-4.074305239380378,28.44347526180621,15.313969766134703,0.18709936091232615,56|94|5|88|89|17|29|5|96|6,173,141
93,4.7538522378502635e-05,-0.6738710934612555,-0.6738710934612555,3.9012971732822237,3.9012971732822237,3.9012971732822237,17,0.5666666666666667,1,1,2831,55.982666666666674,3.9012971732822237,0.00567816163643029,0.02021547351200177,38359.0,705.057588706598,7.550171255197237,-0.6738710934612555,14.856575898913615,-4.126484270691184,28.727939441753232,15.088383893581373,0.17380240474110006,55|94|5|87|90|16|33|5|97|5,172,141
94,4.706313715471761e-05,-0.6738710934612555,-0.6738710934612555,3.9012971732822237,3.9012971732822237,3.9012971732822237,22,0.7333333333333333,0,6,2861,55.982666666666674,3.9012971732822237,0.006259982778922221,0.02010877142494928,39224.0,706.0771479247161,7.550171255197237,-0.6738710934612555,14.90585011637162,-4.151779092482968,29.576427426767626,15.111044725303193,0.17380240474110006,57|94|5|87|95|17|34|5|95|5,173,144
95,4.6592505783170436e-05,-0.6738710934612555,-0.6738710934612555,3.9012971732822237,3.9012971732822237,3.9012971732822237,12,0.4,0,7,2891,55.982666666666674,3.9012971732822237,0.006367464280503702,0.020083720386594006,39546.0,695.2350034626429,7.550171255197237,-0.6738710934612555,14.914952685004577,-4.157717697513103,29.892280757605356,14.870066068259398,0.17380240474110006,56|94|5|88|95|17|35|5|96|5,175,143
96,4.612658072533873e-05,-0.6738710934612555,-0.6738710934612555,3.9012971732822237,3.9012971732822237,3.9012971732822237,20,0.6666666666666666,0,5,2921,55.982666666666674,3.9012971732822237,0.007888980662688802,0.01998893294686003,39231.0,720.1150351336101,7.550171255197237,-0.6738710934612555,15.043809344906286,-4.180188030216072,29.583293803524967,15.423052300849251,0.17380240474110006,57|97|5|88|93|17|34|5|93|6,176,143
97,4.566531491808535e-05,-0.6738710934612555,-0.6738710934612555,3.9012971732822237,3.9012971732822237,3.9012971732822237,19,0.6333333333333333,0,6,2951,55.982666666666674,3.9012971732822237,0.008025429077603199,0.02001912010307396,39403.0,715.0958024468773,7.550171255197237,-0.6738710934612555,15.055365110720322,-4.173031855881295,29.75201048956251,15.311494300817962,0.17380240474110006,57|99|5|87|92|17|36|5|93|6,176,144
98,4.520866176890449e-05,-0.6738710934612555,-0.6738710934612555,3.9012971732822237,3.9012971732822237,3.9012971732822237,16,0.5333333333333333,0,3,2981,55.982666666666674,3.9012971732822237,0.00752720955566949,0.019952296555785544,39771.0,750.2934678623888,7.550171255197237,-0.6738710934612555,15.013171083599822,-4.188873061680052,30.11298572480563,16.09380135940561,0.17380240474110006,55|94|5|89|94|17|37|5|97|6,177,146
99,4.475657515121545e-05,-0.6738710934612555,-0.6738710934612555,3.9012971732822237,3.9012971732822237,3.9012971732822237,13,0.43333333333333335,0,5,3011,55.982666666666674,3.9012971732822237,0.00910276065680365,0.0186677683600629,39403.0,740.7485964843169,7.550171255197237,-0.6738710934612555,15.146603923872657,-4.493383617142232,29.75201048956251,15.881656032031534,0.17380240474110006,57|95|5|88|92|17|39|5|95|6,177,145
100,4.430900939970329e-05,-0.6738710934612555,-0.6738710934612555,3.9012971732822237,3.9012971732822237,3.9012971732822237,19,0.6333333333333333,0,4,3041,55.982666666666674,3.9012971732822237,0.008332605722797266,0.01873901762438722,39723.0,748.0702318576122,7.550171255197237,-0.6738710934612555,15.081379787238411,-4.476493249824554,30.06590199846957,16.044387479282854,0.17380240474110006,56|94|5|90|93|16|38|5|96|6,179,146
101,4.386591930570626e-05,-0.6738710934612555,-0.6738710934612555,3.9012971732822237,3.9012971732822237,3.9012971732822237,20,0.6666666666666666,0,5,3071,55.982666666666674,3.9012971732822237,0.008635585146640219,0.01869648287772031,40157.0,760.6427743904742,7.550171255197237,-0.6738710934612555,15.107039002631993,-4.486576546849184,30.49161735742477,16.323826148062203,0.17380240474110006,55|94|5|94|95|16|38|5|93|6,180,146
102,4.3427260112649196e-05,-0.6884774394701512,-0.6884774394701512,3.8465024740901246,3.8465024740901246,3.8465024740901246,18,0.6,2,4,3101,55.944,3.8465024740901246,0.008235798518730814,0.018767705251992388,40807.0,754.110951252252,7.550211912262983,-0.6884774394701512,15.073181220915709,-4.4696925540936,31.129209484892232,16.17864915162921,0.17381536865767994,56|94|5|95|95|13|41|5|94|7,180,147
103,4.2992987511522707e-05,-0.6884774394701512,-0.6884774394701512,3.8465024740901246,3.8465024740901246,3.8465024740901246,19,0.6333333333333333,0,7,3131,55.944,3.8465024740901246,0.008179753680295415,0.018584624973886084,40471.0,732.0198415178571,7.550211912262983,-0.6884774394701512,15.068434804268426,-4.513093607776939,30.799623400539822,15.687649794903827,0.17381536865767994,53|96|5|93|94|13|41|5|95|6,180,147
104,4.256305763640748e-05,-0.6884774394701512,-0.6884774394701512,3.8465024740901246,3.8465024740901246,3.8465024740901246,18,0.6,0,10,3161,55.944,3.8465024740901246,0.008207034013493975,0.01851001058410019,40534.0,741.2001909849764,7.550211912262983,-0.6884774394701512,15.070745165601457,-4.530781712526085,30.861420791355897,15.891693219478904,0.17381536865767994,49|95|5|92|97|13|42|5|96|6,182,148
105,4.21374270600434e-05,-0.6884774394701512,-0.6884774394701512,3.8465024740901246,3.8465024740901246,3.8465024740901246,17,0.5666666666666667,0,10,3191,55.944,3.8465024740901246,0.00807040634631592,0.018358495640163192,41212.0,720.0937190390262,7.541880845201308,-0.6884774394701512,15.059174218979479,-4.566699880685189,31.52647842585273,15.422578527061766,0.17115892367260965,52|99|5|93|95|13|42|5|95|5,182,151
106,4.171605278944297e-05,-0.6884774394701512,-0.6884774394701512,3.8465024740901246,3.8465024740901246,3.8465024740901246,17,0.5666666666666667,0,6,3221,55.944,3.8465024740901246,0.00985530648237789,0.016783462349804032,40871.0,719.959637081141,7.541880845201308,-0.6884774394701512,15.210336751623881,-4.940077642042054,31.191987786673646,15.419598407191753,0.17115892367260965,58|98|5|87|95|13|43|5|96|5,182,151
107,4.129889226154854e-05,-0.6884774394701512,-0.6884774394701512,3.8465024740901246,3.8465024740901246,3.8465024740901246,13,0.43333333333333335,0,5,3251,55.944,3.8465024740901246,0.011715372581190002,0.0164149943727876,40891.0,729.6983145166753,7.759814179770757,-0.6884774394701512,15.367865061864691,-5.027426747125867,31.211606005980336,15.636051288631135,0.24064917136967123,59|99|6|88|93|13|44|5|95|5,182,151
108,4.0885903338933054e-05,-0.6884774394701512,-0.6884774394701512,3.8465024740901246,3.8465024740901246,3.8465024740901246,20,0.6666666666666666,0,6,3281,55.944,3.8465024740901246,0.006410932437378031,0.01712662806631056,40515.0,692.094828116381,7.6487272526086265,-0.6884774394701512,14.91863398714006,-4.858726696771295,30.842783483014543,14.800272196717536,0.20522798121694627,60|97|5|87|89|13|44|7|99|6,182,150
109,4.047704430554372e-05,-0.6884774394701512,-0.6884774394701512,3.8465024740901246,3.8465024740901246,3.8465024740901246,13,0.43333333333333335,0,11,3311,55.944,3.8465024740901246,0.006715315225033705,0.01738261067625741,41438.0,681.0009437414169,7.6487272526086265,-0.6884774394701512,14.944412052896116,-4.798043399197026,31.74816430401834,14.553698341570176,0.20522798121694627,61|98|5|86|90|11|47|6|101|5,181,152
110,4.007227386248829e-05,-0.6884774394701512,-0.6884774394701512,3.8465024740901246,3.8465024740901246,3.8465024740901246,14,0.4666666666666667,0,6,3341,55.944,3.8465024740901246,0.011917408675284128,0.0159191559851301,41584.0,703.0118494606241,7.6487272526086265,-0.6884774394701512,15.384975423980652,-5.1449703116407095,31.891377304957185,15.042915075315664,0.20522798121694627,65|99|5|84|91|11|45|5|100|5,181,151
111,3.9671551123863404e-05,-0.6884774394701512,-0.6884774394701512,3.8465024740901246,3.8465024740901246,3.8465024740901246,15,0.5,0,9,3371,55.944,3.8465024740901246,0.012596589267757252,0.015938208556190624,42123.0,750.4924134371527,7.6487272526086265,-0.6884774394701512,15.442494977263717,-5.140453704674866,32.420088315272515,16.0982231449296,0.20522798121694627,67|97|5|85|92|11|44|5|102|5,181,153
112,3.927483561262477e-05,-0.6884774394701512,-0.6884774394701512,3.8465024740901246,3.8465024740901246,3.8465024740901246,17,0.5666666666666667,0,7,3401,55.944,3.8465024740901246,0.016400309280165063,0.015101587880872675,43141.0,785.1081897849004,7.759814179770757,-0.6884774394701512,15.76463061887689,-5.338783198259001,33.4186556779831,16.867597075150563,0.24064917136967123,65|100|6|85|94|12|40|5|105|5,181,153
113,3.888208725649853e-05,-0.6884774394701512,-0.6884774394701512,3.8465024740901246,3.8465024740901246,3.8465024740901246,23,0.7666666666666667,0,2,3431,55.944,3.8465024740901246,0.011565128198924522,0.016699676471454473,42453.0,773.479991319703,7.728036108032592,-0.6884774394701512,15.35514092067607,-4.959939942021975,32.74378893383292,16.609147498151824,0.2305164118228918,65|101|6|83|96|12|41|6|100|5,180,154
114,3.849326638393354e-05,-0.6884774394701512,-0.6884774394701512,3.8465024740901246,3.8465024740901246,3.8465024740901246,14,0.4666666666666667,0,8,3461,55.944,3.8465024740901246,0.01449547857075153,0.016268254698867737,40944.0,764.5520603578799,7.780955929384588,-0.6884774394701512,15.603311210313752,-5.062212888654305,31.263594287143068,16.410714354147352,0.24739043204150377,66|98|7|82|93|12|42|5|98|5,179,154
115,3.8108333720094204e-05,-0.6884774394701512,-0.6884774394701512,3.8465024740901246,3.8465024740901246,3.8465024740901246,19,0.6333333333333333,0,3,3491,55.944,3.8465024740901246,0.014274019190767423,0.016640406596134295,41518.0,764.6625950232976,7.759814179770757,-0.6884774394701512,15.584555897296568,-4.973990472571652,31.826637181245104,16.41317110938819,0.24064917136967123,64|98|6|83|93|13|45|5|100|5,182,157
116,3.772725038289326e-05,-0.688529064024765,-0.688529064024765,3.8463088081356642,3.8463088081356642,3.8463088081356642,19,0.6333333333333333,1,4,3521,55.944,3.8463088081356642,0.00973271712996627,0.01705089055778074,41642.0,745.5123996592944,7.6487272526086265,-0.688529064024765,15.1999547046895,-4.8766810483133884,31.94827014094659,15.987536828542112,0.20522798121694627,65|98|5|85|92|11|46|6|99|5,182,157
117,3.734997787906433e-05,-0.688529064024765,-0.688529064024765,3.8463088081356642,3.8463088081356642,3.8463088081356642,23,0.7666666666666667,0,3,3551,55.944,3.8463088081356642,0.006637893698122737,0.019321041990040862,41323.0,725.426251986031,7.6487272526086265,-0.688529064024765,14.93785525240481,-4.338518417144445,31.635359543004867,15.541099972031086,0.20522798121694627,66|95|5|85|90|11|47|6|101|5,182,158
118,3.6976478100273685e-05,-0.688529064024765,-0.688529064024765,3.8463088081356642,3.8463088081356642,3.8463088081356642,16,0.5333333333333333,0,10,3581,55.944,3.8463088081356642,0.008278023276333618,0.019075072521449393,41800.0,735.2203084781313,7.80151788526012,-0.688529064024765,15.07675722002657,-4.396827997079659,32.10325407346945,15.75878371427723,0.2539468196163998,68|96|6|86|88|11|49|6|101|5,182,156
119,3.660671331927095e-05,-0.688529064024765,-0.688529064024765,3.8463088081356642,3.8463088081356642,3.8463088081356642,14,0.4666666666666667,0,7,3611,55.944,3.8463088081356642,0.010511632778257386,0.018773442205038394,42430.0,723.9511521564156,7.80151788526012,-0.688529064024765,15.265920782977679,-4.468332550658473,32.72122798163022,15.508314246182318,0.2539468196163998,69|96|6|90|88|11|51|5|99|5,183,156
120,3.6240646186078237e-05,-0.688529064024765,-0.688529064024765,3.8463088081356642,3.8463088081356642,3.8463088081356642,18,0.6,0,3,3641,55.944,3.8463088081356642,0.01054519462962363,0.018874013699793715,42461.0,726.8062574091338,7.80151788526012,-0.688529064024765,15.26876312376205,-4.444491048515053,32.75163622155559,15.57177211947717,0.2539468196163998,68|98|6|90|89|11|49|5|98|5,182,156
121,3.587823972421745e-05,-0.688529064024765,-0.688529064024765,3.8463088081356642,3.8463088081356642,3.8463088081356642,18,0.6,0,6,3671,55.944,3.8463088081356642,0.00533892900602888,0.02097230246466803,42707.0,687.1166790340367,7.79280284052791,-0.688529064024765,14.827846412859435,-3.9470702216000997,32.992940319027895,14.689627325251053,0.2511679394678963,72|97|5|91|89|11|50|5|96|5,182,156
122,3.551945732697528e-05,-0.688529064024765,-0.688529064024765,3.8463088081356642,3.8463088081356642,3.8463088081356642,14,0.4666666666666667,0,6,3701,55.944,3.8463088081356642,0.004074466916222104,0.022109899828895895,43107.0,689.3943600566561,7.79280284052791,-0.688529064024765,14.720759585946114,-3.6773911235259176,33.38530470516172,14.740251306136473,0.2511679394678963,71|97|5|94|90|11|50|5|95|5,182,155
123,3.516426275370552e-05,-0.688529064024765,-0.688529064024765,3.8463088081356642,3.8463088081356642,3.8463088081356642,14,0.4666666666666667,0,12,3731,55.944,3.8463088081356642,0.003846402657860368,0.022467014646150883,42904.0,674.6685411059461,7.79280284052791,-0.688529064024765,14.701444908220958,-3.5927334011589016,33.1861797791988,14.412953686461185,0.2511679394678963,69|100|5|95|87|11|52|5|93|5,182,153
124,3.4812620126168465e-05,-0.688529064024765,-0.688529064024765,3.8463088081356642,3.8463088081356642,3.8463088081356642,16,0.5333333333333333,0,5,3761,55.944,3.8463088081356642,0.003442049612535578,0.022450924470267343,43662.0,631.6299296668907,7.79280284052791,-0.688529064024765,14.667200398301972,-3.596547742029033,33.9297102909224,13.456372926825171,0.2511679394678963,71|105|5|94|86|11|52|5|92|5,182,153
125,3.446449392490678e-05,-0.688529064024765,-0.688529064024765,3.8463088081356642,3.8463088081356642,3.8463088081356642,18,0.6,0,3,3791,55.944,3.8463088081356642,0.003470039865333295,0.022377234247406487,43520.0,635.092830953386,7.79280284052791,-0.688529064024765,14.669570882463395,-3.614016763550096,33.79042093384489,13.533339739471323,0.2511679394678963,69|105|5|94|89|11|50|5|91|5,182,152
126,3.411984898565771e-05,-0.688529064024765,-0.688529064024765,3.8463088081356642,3.8463088081356642,3.8463088081356642,24,0.8,0,4,3821,55.944,3.8463088081356642,0.0037592336432911446,0.022248094228759677,45109.0,635.3688642411126,7.79280284052791,-0.688529064024765,14.694062596603528,-3.6446307266701607,35.3490884577615,13.539474884710202,0.2511679394678963,69|110|5|95|87|11|53|5|93|5,181,153
127,3.377865049580113e-05,-0.688529064024765,-0.688529064024765,3.8463088081356642,3.8463088081356642,3.8463088081356642,15,0.5,0,5,3851,55.944,3.8463088081356642,0.004548940236273777,0.02186571722404435,45713.0,657.4380221097869,7.79280284052791,-0.688529064024765,14.760942556008212,-3.7352771091237,35.94155868082358,14.029986336931133,0.2511679394678963,67|112|5|96|86|11|55|5|94|6,182,154
128,3.344086399084312e-05,-0.688529064024765,-0.688529064024765,3.8463088081356642,3.8463088081356642,3.8463088081356642,18,0.6,0,2,3881,55.944,3.8463088081356642,0.0014994405114947928,0.02204622214916637,45473.0,611.3761879289339,7.79280284052791,-0.688529064024765,14.502681551718615,-3.6924865692230604,35.706140049143286,13.006211106790591,0.2511679394678963,64|110|5|100|86|11|55|6|93|5,182,155
129,3.310645535093469e-05,-0.688529064024765,-0.688529064024765,3.8463088081356642,3.8463088081356642,3.8463088081356642,19,0.6333333333333333,0,4,3911,55.944,3.8463088081356642,0.0039004633457145944,0.02206480317580992,46483.0,635.2889280460117,7.79280284052791,-0.688529064024765,14.706023287889062,-3.688081746687342,36.69686012413119,13.537698214328065,0.2511679394678963,65|113|5|99|86|11|57|5|94|6,182,157
130,3.277539079742534e-05,-0.688529064024765,-0.688529064024765,3.8463088081356642,3.8463088081356642,3.8463088081356642,16,0.5333333333333333,0,7,3941,55.944,3.8463088081356642,0.004551197522640679,0.021575203207204442,47204.0,630.8881639377878,7.79280284052791,-0.688529064024765,14.761133724756105,-3.8041464301180135,37.404096930137406,13.439886362763458,0.2511679394678963,63|117|5|101|83|11|60|5|93|6,182,156
131,3.2447636889451086e-05,-0.688529064024765,-0.688529064024765,3.8463088081356642,3.8463088081356642,3.8463088081356642,18,0.6,0,8,3971,55.944,3.8463088081356642,0.004212390764209375,0.021640519264452963,47971.0,626.2519597230748,7.79280284052791,-0.688529064024765,14.732440305641624,-3.7886625902618105,38.15645564054901,13.336841594327613,0.2511679394678963,63|119|5|102|84|11|61|5|92|5,182,154
132,3.2123160520556574e-05,-0.688529064024765,-0.688529064024765,3.8463088081356642,3.8463088081356642,3.8463088081356642,18,0.6,0,6,4001,55.944,3.8463088081356642,0.001098357242900233,0.021577377141419045,47569.0,629.6906321812536,7.79280284052791,-0.688529064024765,14.468713957982073,-3.8036310767630375,37.76212943248452,13.413269894456253,0.2511679394678963,66|115|5|102|84|11|62|7|92|5,182,152
133,3.180192891535101e-05,-0.688529064024765,-0.688529064024765,3.8463088081356642,3.8463088081356642,3.8463088081356642,15,0.5,0,6,4031,55.944,3.8463088081356642,0.0008494415699458746,0.021650162472386512,47087.0,623.0321699734568,7.79280284052791,-0.688529064024765,14.447633381663849,-3.7863765691265328,37.289330347193264,13.265278204581191,0.2511679394678963,67|114|5|101|84|11|62|7|91|5,183,155
134,3.1483909626197495e-05,-0.688529064024765,-0.688529064024765,3.8463088081356642,3.8463088081356642,3.8463088081356642,23,0.7666666666666667,0,3,4061,55.944,3.8463088081356642,-0.0032081361112056366,0.025272002205599088,48062.0,642.0772654007592,7.79280284052791,-0.688529064024765,14.10399862793611,-2.927782392192099,38.245718538394456,13.688576523045462,0.2511679394678963,67|117|5|100|90|11|62|5|88|5,181,156
135,3.116907052993552e-05,-0.688529064024765,-0.688529064024765,3.8463088081356642,3.8463088081356642,3.8463088081356642,16,0.5333333333333333,0,9,4091,55.944,3.8463088081356642,-0.003161720454275818,0.025150541798206867,48162.0,647.7492439434805,7.79280284052791,-0.688529064024765,14.107929552761597,-2.9565758248663117,38.343809634927915,13.814642521961773,0.2511679394678963,70|116|5|101|93|11|58|5|86|5,181,157
136,3.0857379824636166e-05,-0.688529064024765,-0.688529064024765,3.8463088081356642,3.8463088081356642,3.8463088081356642,18,0.6,0,3,4121,55.944,3.8463088081356642,0.0019321460389274251,0.023369791474313235,49042.0,647.1216826377267,7.79280284052791,-0.688529064024765,14.539327222865381,-3.3787209144594965,39.20701128442233,13.800694277571356,0.2511679394678963,73|116|5|104|92|13|62|5|83|5,181,157
137,3.0548806026389804e-05,-0.688529064024765,-0.688529064024765,3.8463088081356642,3.8463088081356642,3.8463088081356642,17,0.5666666666666667,0,4,4151,55.944,3.8463088081356642,0.0019271930681126702,0.02334515973754702,48306.0,649.569660731458,7.79280284052791,-0.688529064024765,14.5389077575982,-3.38456011975655,38.485060813936094,13.855103299288745,0.2511679394678963,74|115|5|101|94|13|60|5|82|5,180,155
138,3.0243317966125907e-05,-0.688529064024765,-0.688529064024765,3.8463088081356642,3.8463088081356642,3.8463088081356642,19,0.6333333333333333,0,7,4181,55.944,3.8463088081356642,0.001186701072996539,0.023517800323445113,47983.0,649.8379515872555,7.79280284052791,-0.688529064024765,14.476195764292163,-3.3436339019575168,38.16822657213303,13.861066360411327,0.2511679394678963,75|113|5|98|93|12|61|5|86|5,181,155
139,2.9940884786464646e-05,-0.688529064024765,-0.688529064024765,3.8463088081356642,3.8463088081356642,3.8463088081356642,15,0.5,0,10,4211,55.944,3.8463088081356642,0.0014583354357286555,0.0233406976778908,48066.0,644.4483165780966,7.79280284052791,-0.688529064024765,14.499200378048553,-3.3856178966655706,38.2496421822558,13.741275758929618,0.2511679394678963,75|112|5|99|92|12|62|5|87|5,181,155
140,2.96414759386e-05,-0.688529064024765,-0.688529064024765,3.8463088081356642,3.8463088081356642,3.8463088081356642,15,0.5,0,5,4241,55.944,3.8463088081356642,0.001993627320326469,0.023112353537484448,49163.0,673.485723784359,7.79280284052791,-0.688529064024765,14.544534049857399,-3.439749212165854,39.32570151122781,14.386664262751578,0.2511679394678963,78|114|5|98|94|12|62|5|87|6,182,155
141,2.9345061179214e-05,-0.688529064024765,-0.688529064024765,3.8463088081356642,3.8463088081356642,3.8463088081356642,21,0.7,0,4,4271,55.944,3.8463088081356642,0.0024733028386017277,0.023292102774640045,49639.0,721.9236616181253,7.79280284052791,-0.688529064024765,14.585157592163796,-3.3971378158318397,39.79261513072706,15.4632510256363,0.2511679394678963,78|114|5|98|95|12|60|5|90|6,182,156
142,2.9051610567421858e-05,-0.688529064024765,-0.688529064024765,3.8463088081356642,3.8463088081356642,3.8463088081356642,20,0.6666666666666666,0,3,4301,55.944,3.8463088081356642,0.0035190499606544204,0.022616363513377598,49892.0,695.18843699273,7.79280284052791,-0.688529064024765,14.67372152931708,-3.5573287236529563,40.0407856049567,14.869031076941752,0.2511679394678963,79|116|5|99|92|12|60|5|90|6,182,159
143,2.876109446174764e-05,-0.688529064024765,-0.688529064024765,3.8463088081356642,3.8463088081356642,3.8463088081356642,18,0.6,0,8,4331,55.944,3.8463088081356642,0.005378055773458468,0.021864687250769246,49546.0,712.9727905066687,7.79280284052791,-0.688529064024765,14.831160044327854,-3.7355212748299547,39.70139041095094,15.26430801142392,0.2511679394678963,79|116|5|99|93|12|60|5|87|6,182,159
144,2.8473483517130163e-05,-0.688529064024765,-0.688529064024765,3.8463088081356642,3.8463088081356642,3.8463088081356642,19,0.6333333333333333,0,4,4361,55.944,3.8463088081356642,0.007870849233926818,0.020578278509915397,49332.0,712.6106202007795,7.80151788526012,-0.688529064024765,15.042273800907633,-4.0404776327621645,39.49147546436935,15.256258375649407,0.2539468196163998,79|117|6|95|93|11|60|5|89|5,180,160
145,2.818874868195886e-05,-0.688529064024765,-0.688529064024765,3.8463088081356642,3.8463088081356642,3.8463088081356642,19,0.6333333333333333,0,4,4391,55.944,3.8463088081356642,0.008593536342486448,0.02045068648704807,49419.0,724.2933602145622,7.80151788526012,-0.688529064024765,15.103477904953676,-4.070724627639544,39.576814718353454,15.515920198913369,0.2539468196163998,79|116|6|97|92|11|61|5|89|5,181,157
146,2.7906861195139273e-05,-0.688529064024765,-0.688529064024765,3.8463088081356642,3.8463088081356642,3.8463088081356642,13,0.43333333333333335,0,7,4421,55.944,3.8463088081356642,0.008831005966014499,0.020407990142617263,50358.0,736.9265573332952,7.80151788526012,-0.688529064024765,15.1235891195776,-4.080846233067999,40.49789011480261,15.796706982975433,0.2539468196163998,80|117|6|96|95|11|61|5|90|5,182,159
147,2.762779258318788e-05,-0.688529064024765,-0.688529064024765,3.8463088081356642,3.8463088081356642,3.8463088081356642,16,0.5333333333333333,0,6,4451,55.944,3.8463088081356642,0.008707413470137402,0.020353902520716623,51024.0,762.7367537221724,7.80151788526012,-0.688529064024765,15.113122116793992,-4.093668257406146,41.151176817715424,16.370367155608747,0.2539468196163998,81|115|6|99|97|11|61|5|90|5,182,158
148,2.7351514657356e-05,-0.688529064024765,-0.688529064024765,3.8463088081356642,3.8463088081356642,3.8463088081356642,22,0.7333333333333333,0,3,4481,55.944,3.8463088081356642,0.007875408499117022,0.02116323419740414,51247.0,840.1169112350308,7.79280284052791,-0.688529064024765,15.04265992339103,-3.9018079002400605,41.36991996298503,18.0902267742031,0.2511679394678963,86|111|5|97|102|11|60|5|89|5,182,161
149,2.707799951078244e-05,-0.688529064024765,-0.688529064024765,3.8463088081356642,3.8463088081356642,3.8463088081356642,20,0.6666666666666666,0,6,4511,55.944,3.8463088081356642,0.013017162003682883,0.01915053660296722,50771.0,861.0067381832813,7.80151788526012,-0.688529064024765,15.478113126783258,-4.37893846420918,40.90300634348578,18.55452629183784,0.2539468196163998,86|110|6|98|100|11|58|5|90|5,182,162
150,2.6807219515674616e-05,-0.688529064024765,-0.688529064024765,3.8463088081356642,3.8463088081356642,3.8463088081356642,16,0.5333333333333333,0,4,4541,55.944,3.8463088081356642,0.011652435961538294,0.019449697100090996,50678.0,842.91308095657,7.6487272526086265,-0.688529064024765,15.362534982814093,-4.3080194065700805,40.81178162370966,18.152374740107824,0.20522798121694627,86|110|5|98|99|11|59|5|90|5,182,161
151,2.653914732051787e-05,-0.688529064024765,-0.688529064024765,3.8463088081356642,3.8463088081356642,3.8463088081356642,17,0.5666666666666667,0,7,4571,55.944,3.8463088081356642,0.013010908789518123,0.01939391378321464,51086.0,843.8362542088846,7.6487272526086265,-0.688529064024765,15.477583544387462,-4.321243412757026,41.21199329756617,18.172893287092673,0.20522798121694627,85|113|5|97|100|12|58|5|90|5,182,162
152,2.627375584731269e-05,-0.688529064024765,-0.688529064024765,3.8463088081356642,3.8463088081356642,3.8463088081356642,17,0.5666666666666667,0,3,4601,55.944,3.8463088081356642,0.017275594385829825,0.018158317815751997,49933.0,854.6517360786394,7.80151788526012,-0.688529064024765,15.838758190882194,-4.6141540827071,40.08100295453542,18.41327933852116,0.2539468196163998,85|110|6|98|98|12|57|5|89|5,182,160
153,2.6011018288839565e-05,-0.688529064024765,-0.688529064024765,3.8463088081356642,3.8463088081356642,3.8463088081356642,14,0.4666666666666667,0,12,4631,55.944,3.8463088081356642,0.016515568702998352,0.017776974207498585,50728.0,858.7987912053246,7.80151788526012,-0.688529064024765,15.774391896785163,-4.7045554879529154,40.860827171976396,18.505452227252814,0.2539468196163998,85|111|6|101|98|11|57|5|89|5,182,163
154,2.575090810595117e-05,-0.688529064024765,-0.688529064024765,3.8463088081356642,3.8463088081356642,3.8463088081356642,20,0.6666666666666666,0,5,4661,55.944,3.8463088081356642,0.014316996019534359,0.018148218452784342,50320.0,805.0163781616541,7.6487272526086265,-0.688529064024765,15.588195589036276,-4.616548240061789,40.46061549811989,17.310078589392223,0.20522798121694627,84|111|5|100|99|11|55|5|89|5,184,161
155,2.549339902489166e-05,-0.688529064024765,-0.688529064024765,3.8463088081356642,3.8463088081356642,3.8463088081356642,15,0.5,0,4,4691,55.944,3.8463088081356642,0.01406496087077696,0.018316993830169832,49699.0,805.1489797179914,7.6487272526086265,-0.688529064024765,15.566850825465565,-4.576538309499633,39.85146978864713,17.313025805699837,0.20522798121694627,86|109|5|97|99|11|54|5|90|5,184,160
156,2.5238465034642743e-05,-0.688529064024765,-0.688529064024765,3.8463088081356642,3.8463088081356642,3.8463088081356642,19,0.6333333333333333,0,6,4721,55.944,3.8463088081356642,0.011262976398388264,0.019319154438391016,48644.0,756.9588699832905,7.6487272526086265,-0.688529064024765,15.32955179639436,-4.338965880581427,38.81660872021917,16.24194729652815,0.20522798121694627,87|109|5|94|96|11|55|5|89|5,183,160
157,2.4986080384296314e-05,-0.688529064024765,-0.688529064024765,3.8463088081356642,3.8463088081356642,3.8463088081356642,18,0.6,0,6,4751,55.944,3.8463088081356642,0.010763552084416251,0.01933403033071858,48989.0,770.4877235040997,7.80151788526012,-0.688529064024765,15.28725573588155,-4.335439398055978,39.15502300325959,16.542641035132277,0.2539468196163998,87|108|6|95|98|11|53|6|90|5,183,158
158,2.473621958045335e-05,-0.688529064024765,-0.688529064024765,3.8463088081356642,3.8463088081356642,3.8463088081356642,19,0.6333333333333333,0,9,4781,55.944,3.8463088081356642,0.009714977792054432,0.020064649435327715,48571.0,759.4007768171101,7.6487272526086265,-0.688529064024765,15.198452366719993,-4.162238661694838,38.74500221974975,16.29622137777641,0.20522798121694627,85|105|5|97|97|12|53|6|92|5,183,158
159,2.4488857384648816e-05,-0.688529064024765,-0.688529064024765,3.8463088081356642,3.8463088081356642,3.8463088081356642,16,0.5333333333333333,0,4,4811,55.944,3.8463088081356642,0.011886400989785792,0.020761592541524633,48622.0,800.7209369627864,7.6487272526086265,-0.688529064024765,15.38234939455936,-3.997021165418575,38.795028678981815,17.214607656023404,0.20522798121694627,86|105|5|95|98|12|52|5|93|5,183,158
160,2.424396881080233e-05,-0.688529064024765,-0.688529064024765,3.8463088081356642,3.8463088081356642,3.8463088081356642,19,0.6333333333333333,0,8,4841,55.944,3.8463088081356642,0.013786960012493726,0.018502427845213477,49661.0,822.053100889172,7.6487272526086265,-0.688529064024765,15.543307035554646,-4.532579278385679,39.81419517196442,17.688738602424348,0.20522798121694627,87|105|5|94|101|11|53|5|95|5,183,157
161,2.4001529122694304e-05,-0.688529064024765,-0.688529064024765,3.8463088081356642,3.8463088081356642,3.8463088081356642,17,0.5666666666666667,0,7,4871,55.944,3.8463088081356642,0.00936499814907863,0.018844598598756885,48320.0,821.4814925049113,7.6487272526086265,-0.688529064024765,15.16881272014406,-4.451464199268401,38.498793567450775,17.676033973623657,0.20522798121694627,88|101|5|94|100|10|52|6|93|5,184,155
162,2.376151383146736e-05,-0.688529064024765,-0.688529064024765,3.8463088081356642,3.8463088081356642,3.8463088081356642,20,0.6666666666666666,0,7,4901,55.944,3.8463088081356642,0.011670169907310929,0.018754133509909527,48276.0,824.5409320481408,7.6487272526086265,-0.688529064024765,15.364036864125328,-4.47290987445605,38.455633484976055,17.74403340261237,0.20522798121694627,90|100|5|94|101|10|50|5|92|5,183,155
163,2.3523898693152687e-05,-0.688529064024765,-0.688529064024765,3.8463088081356642,3.8463088081356642,3.8463088081356642,16,0.5333333333333333,0,5,4931,55.944,3.8463088081356642,0.009433516744338457,0.018890416958966493,48452.0,835.9465173948864,7.6487272526086265,-0.688529064024765,15.174615534645248,-4.440602488046917,38.62827381487494,17.997535156741517,0.20522798121694627,92|100|5|89|104|10|51|6|92|5,182,156
164,2.328865970622116e-05,-0.688529064024765,-0.688529064024765,3.8463088081356642,3.8463088081356642,3.8463088081356642,17,0.5666666666666667,0,8,4961,55.944,3.8463088081356642,0.009981937172281116,0.018794099422720822,48669.0,864.5430338817281,7.6487272526086265,-0.688529064024765,15.221061057936343,-4.463435545787949,38.84113149435254,18.63312437649742,0.20522798121694627,92|100|5|88|105|10|51|6|93|5,182,156
165,2.305577310915895e-05,-0.688529064024765,-0.688529064024765,3.8463088081356642,3.8463088081356642,3.8463088081356642,22,0.7333333333333333,0,5,4991,55.944,3.8463088081356642,0.01277161304356203,0.018303534570848493,48806.0,873.0188117627164,7.6487272526086265,-0.688529064024765,15.457317676130225,-4.579728964672246,38.975516296603374,18.821507917992083,0.20522798121694627,92|96|5|91|105|10|53|5|94|5,181,157
166,2.282521537806736e-05,-0.688529064024765,-0.688529064024765,3.8463088081356642,3.8463088081356642,3.8463088081356642,20,0.6666666666666666,0,7,5021,55.944,3.8463088081356642,0.015384202255296187,0.017098164288203092,49370.0,908.5559521669704,7.6487272526086265,-0.688529064024765,15.678576890596142,-4.865474326687803,39.52875008105206,19.611360183819247,0.20522798121694627,91|96|5|93|108|11|52|6|93|5,181,156
167,2.2596963224286687e-05,-0.688529064024765,-0.688529064024765,3.8463088081356642,3.8463088081356642,3.8463088081356642,17,0.5666666666666667,0,8,5051,55.944,3.8463088081356642,0.015441393181045546,0.017119606392886805,49018.0,926.3347616353104,7.6487272526086265,-0.688529064024765,15.683420368954334,-4.860391256320599,39.1834694212543,20.00651389575373,0.20522798121694627,92|93|5|92|109|11|52|6|93|5,181,155
168,2.237099359204382e-05,-0.688529064024765,-0.688529064024765,3.8463088081356642,3.8463088081356642,3.8463088081356642,15,0.5,0,8,5081,55.944,3.8463088081356642,0.015411954561997057,0.017150095857083082,49510.0,929.2086796406467,7.6487272526086265,-0.688529064024765,15.680927223190594,-4.853163416784598,39.6660776161989,20.070389903291034,0.20522798121694627,92|95|5|92|110|11|51|6|93|5,181,158
169,2.214728365612338e-05,-0.688529064024765,-0.688529064024765,3.8463088081356642,3.8463088081356642,3.8463088081356642,20,0.6666666666666666,0,2,5111,55.944,3.8463088081356642,0.012921725029881804,0.017326058738126267,49713.0,908.3001379912298,7.6487272526086265,-0.688529064024765,15.470030604755154,-4.8114496149189705,39.86520254216182,19.605674430715847,0.20522798121694627,96|97|5|92|106|11|52|7|92|5,181,158
170,2.1925810819562148e-05,-0.688529064024765,-0.688529064024765,3.8463088081356642,3.8463088081356642,3.8463088081356642,18,0.6,0,8,5141,55.944,3.8463088081356642,0.010896899519599925,0.019332171773673953,50210.0,900.1443771001049,7.6487272526086265,-0.688529064024765,15.298548880868626,-4.335879988025044,40.352715291933094,19.424403620906162,0.20522798121694627,95|100|5|92|104|11|55|7|93|6,182,160
171,2.1706552711366525e-05,-0.688529064024765,-0.688529064024765,3.8463088081356642,3.8463088081356642,3.8463088081356642,17,0.5666666666666667,0,10,5171,55.944,3.8463088081356642,0.012268738483767777,0.018956487924516943,50524.0,865.9307090599917,7.6487272526086265,-0.688529064024765,15.414729415574286,-4.424939689451538,40.660721335048144,18.663966992738214,0.20522798121694627,95|100|5|95|104|12|56|6|91|6,182,161
172,2.148948718425286e-05,-0.688529064024765,-0.688529064024765,3.8463088081356642,3.8463088081356642,3.8463088081356642,18,0.6,0,7,5201,55.944,3.8463088081356642,0.012132440221143407,0.01895635648751568,51053.0,859.6242072500236,7.6487272526086265,-0.688529064024765,15.40318636610218,-4.424970847937895,41.179623235710125,18.523798012134186,0.20522798121694627,97|101|5|96|101|12|56|6|93|6,181,160
173,2.127459231241033e-05,-0.688529064024765,-0.688529064024765,3.8463088081356642,3.8463088081356642,3.8463088081356642,21,0.7,0,6,5231,55.944,3.8463088081356642,0.01318438420691849,0.019254598773720044,50961.0,825.6802209223586,7.6487272526086265,-0.688529064024765,15.492275113353127,-4.354269461594788,41.08937942689935,17.769355358416806,0.20522798121694627,96|104|5|97|96|12|57|5|94|5,181,159
174,2.1061846389286227e-05,-0.688529064024765,-0.688529064024765,3.8463088081356642,3.8463088081356642,3.8463088081356642,17,0.5666666666666667,0,6,5261,55.944,3.8463088081356642,0.01045084239754306,0.019667226512564785,49718.0,822.0440729740715,7.6487272526086265,-0.688529064024765,15.260772468109224,-4.256451833010911,39.87010709698849,17.688537947022233,0.20522798121694627,95|100|5|97|94|11|55|6|96|5,181,160
175,2.0851227925393363e-05,-0.688529064024765,-0.688529064024765,3.8463088081356642,3.8463088081356642,3.8463088081356642,16,0.5333333333333333,0,9,5291,55.944,3.8463088081356642,0.013447626603059181,0.019835702720060664,50465.0,813.3590193300694,7.6487272526086265,-0.688529064024765,15.514569014561406,-4.216512823732979,40.602847588093404,17.49550302013981,0.20522798121694627,93|104|5|100|93|12|54|5|96|5,181,161
176,2.064271564613943e-05,-0.688529064024765,-0.688529064024765,3.8463088081356642,3.8463088081356642,3.8463088081356642,19,0.6333333333333333,0,8,5321,55.944,3.8463088081356642,0.013508954707462148,0.017296103260815175,50607.0,800.0939912343013,7.6487272526086265,-0.688529064024765,15.519762869050258,-4.818550867398683,40.74213694517091,17.20067309351889,0.20522798121694627,94|106|5|100|93|12|53|6|94|6,181,162
177,2.0436288489678034e-05,-0.688529064024765,-0.688529064024765,3.8463088081356642,3.8463088081356642,3.8463088081356642,14,0.4666666666666667,0,8,5351,55.944,3.8463088081356642,0.014063991738611111,0.017149734084407467,50771.0,822.9272973592566,7.6487272526086265,-0.688529064024765,15.566768750020728,-4.8532491786999605,40.90300634348578,17.708168586233395,0.20522798121694627,96|107|5|100|90|12|54|6|94|7,181,163
178,2.0231925604781254e-05,-0.688529064024765,-0.688529064024765,3.8463088081356642,3.8463088081356642,3.8463088081356642,15,0.5,0,8,5381,55.944,3.8463088081356642,0.013516211028530989,0.017394424267468338,51187.0,778.9158940564403,7.6487272526086265,-0.688529064024765,15.520377404198909,-4.795242866492784,41.31106530506496,16.729966451072247,0.20522798121694627,96|108|5|101|88|12|54|6|96|5,181,164
179,2.002960634873344e-05,-0.688529064024765,-0.688529064024765,3.8463088081356642,3.8463088081356642,3.8463088081356642,18,0.6,0,4,5411,55.944,3.8463088081356642,0.014102746807126264,0.017183217425444056,50217.0,804.4798206741932,7.6487272526086265,-0.688529064024765,15.570050902445503,-4.8453116100177525,40.35958166869043,17.298153005555243,0.20522798121694627,91|110|5|99|88|12|55|6|95|6,181,164
180,1.9829310285246108e-05,-0.688529064024765,-0.688529064024765,3.8463088081356642,3.8463088081356642,3.8463088081356642,18,0.6,0,4,5441,55.944,3.8463088081356642,0.016172344465948986,0.01772194231185974,51597.0,784.2068477971903,7.6487272526086265,-0.688529064024765,15.745324363039662,-4.717601362044993,41.713238800852125,16.84756375217692,0.20522798121694627,92|112|5|100|88|13|51|5|100|5,181,165
181,1.9631017182393646e-05,-0.688529064024765,-0.688529064024765,3.8463088081356642,3.8463088081356642,3.8463088081356642,16,0.5333333333333333,0,8,5471,55.944,3.8463088081356642,0.015609782605357683,0.017698767509224063,51359.0,769.3815977761149,7.6487272526086265,-0.688529064024765,15.697681207045653,-4.723095186195226,41.4797819911025,16.518056166946486,0.20522798121694627,93|111|5|100|87|12|51|5|100|5,181,165
182,1.943470701056971e-05,-0.688529064024765,-0.688529064024765,3.8463088081356642,3.8463088081356642,3.8463088081356642,16,0.5333333333333333,0,8,5501,55.944,3.8463088081356642,0.0132180088944098,0.017473205879324504,51490.0,757.0258075611376,7.6487272526086265,-0.688529064024765,15.4951227757057,-4.776566879101919,41.60828132756133,16.2434350582594,0.20522798121694627,90|116|5|100|86|12|52|6|98|5,181,165
183,1.9240359940464013e-05,-0.688529064024765,-0.688529064024765,3.8463088081356642,3.8463088081356642,3.8463088081356642,18,0.6,0,8,5531,55.944,3.8463088081356642,0.013921263313950754,0.016911392897117968,51242.0,746.0339260387989,7.6487272526086265,-0.688529064024765,15.554681132503028,-4.909750396479934,41.36501540815836,15.999128329373477,0.20522798121694627,92|112|5|101|85|11|51|6|100|5,182,164
184,1.9047956341059372e-05,-0.688529064024765,-0.688529064024765,3.8463088081356642,3.8463088081356642,3.8463088081356642,20,0.6666666666666666,0,7,5561,55.944,3.8463088081356642,0.014836566040125903,0.016638458800636226,51849.0,755.9900579146932,7.6487272526086265,-0.688529064024765,15.632197781994817,-4.974452217429428,41.96042836411643,16.220414376354,0.20522798121694627,94|112|5|101|84|11|51|5|102|6,183,164
185,1.885747677764878e-05,-0.688529064024765,-0.688529064024765,3.8463088081356642,3.8463088081356642,3.8463088081356642,21,0.7,0,3,5591,55.944,3.8463088081356642,0.01423555894456724,0.016644992609343396,52459.0,761.1760670721594,7.6487272526086265,-0.688529064024765,15.58129871326465,-4.972903311204303,42.558784052970516,16.335679167978448,0.20522798121694627,92|116|5|103|82|11|53|5|101|5,183,164
186,1.8668902009872293e-05,-0.688529064024765,-0.688529064024765,3.8463088081356642,3.8463088081356642,3.8463088081356642,14,0.4666666666666667,0,11,5621,55.944,3.8463088081356642,0.014795622922941407,0.016083247238834853,53332.0,763.8498368691894,7.6487272526086265,-0.688529064024765,15.628730324537159,-5.106070800537327,43.415119325707586,16.39510666013062,0.20522798121694627,93|116|5|105|83|11|54|5|101|5,183,165
187,1.848221298977357e-05,-0.688529064024765,-0.688529064024765,3.8463088081356642,3.8463088081356642,3.8463088081356642,17,0.5666666666666667,0,6,5651,55.944,3.8463088081356642,0.014758398159903981,0.016078356891235105,53423.0,758.6826233787428,7.6487272526086265,-0.688529064024765,15.625577773117538,-5.107230107486728,43.50438222355303,16.280259623002294,0.20522798121694627,92|114|5|107|83|11|55|5|102|5,183,165
188,1.8297390859875835e-05,-0.688529064024765,-0.688529064024765,3.8463088081356642,3.8463088081356642,3.8463088081356642,19,0.6333333333333333,0,6,5681,55.944,3.8463088081356642,0.014755525909568093,0.016217128560040917,54027.0,760.5881640056484,7.6487272526086265,-0.688529064024765,15.625334523298463,-5.074332863120131,44.0968524466151,16.32261237183537,0.20522798121694627,93|113|5|111|81|11|52|5|104|6,183,164
189,1.8114416951277076e-05,-0.688529064024765,-0.688529064024765,3.8463088081356642,3.8463088081356642,3.8463088081356642,19,0.6333333333333333,0,6,5711,55.944,3.8463088081356642,0.015240831609993524,0.016009777025740447,54538.0,755.9216972916968,7.6487272526086265,-0.688529064024765,15.666434883649675,-5.123487666491536,44.59809794990107,16.218894985869767,0.20522798121694627,95|114|5|112|79|11|54|5|103|6,184,164
190,1.7933272781764305e-05,-0.688529064024765,-0.688529064024765,3.8463088081356642,3.8463088081356642,3.8463088081356642,18,0.6,0,6,5741,55.944,3.8463088081356642,0.01352568105962552,0.016696730236662845,54191.0,758.9421466863487,7.6487272526086265,-0.688529064024765,15.52117941763123,-4.960638377132943,44.257721844929975,16.286027815665395,0.20522798121694627,93|114|5|109|81|12|59|5|102|5,184,164
191,1.7753940053946663e-05,-0.688529064024765,-0.688529064024765,3.8463088081356642,3.8463088081356642,3.8463088081356642,18,0.6,0,4,5771,55.944,3.8463088081356642,0.010817295277052432,0.01906593474670856,54498.0,767.4769838691905,7.6487272526086265,-0.688529064024765,15.291807226997017,-4.398994200103684,44.55886151128768,16.475724015490368,0.20522798121694627,94|114|5|107|82|12|57|5|105|5,184,164
192,1.7576400653407196e-05,-0.688529064024765,-0.688529064024765,3.8463088081356642,3.8463088081356642,3.8463088081356642,17,0.5666666666666667,0,4,5801,55.944,3.8463088081356642,0.010797410021337125,0.019117453100186168,54159.0,756.5842714650014,7.6487272526086265,-0.688529064024765,15.290123152042078,-4.386781247140719,44.226332694039264,16.23362142998176,0.20522798121694627,93|115|5|108|79|12|56|5|105|5,184,166
193,1.7400636646873125e-05,-0.688529064024765,-0.688529064024765,3.8463088081356642,3.8463088081356642,3.8463088081356642,17,0.5666666666666667,0,5,5831,55.944,3.8463088081356642,0.010217207185730276,0.01911146608084731,54309.0,770.2387075581468,7.6487272526086265,-0.688529064024765,15.240985988395881,-4.388200531349901,44.37346933883945,16.537106380207863,0.20522798121694627,92|112|5|106|82|11|59|5|108|5,184,167
194,1.7226630280404393e-05,-0.688529064024765,-0.688529064024765,3.8463088081356642,3.8463088081356642,3.8463088081356642,17,0.5666666666666667,0,5,5861,55.944,3.8463088081356642,0.007901792848314914,0.01956870647525729,53977.0,756.3895211736991,7.6487272526086265,-0.688529064024765,15.044894404170288,-4.279807016170423,44.04780689834838,16.229292889274607,0.20522798121694627,90|113|5|104|80|11|58|6|111|5,184,166
195,1.7054363977600348e-05,-0.688529064024765,-0.688529064024765,3.8463088081356642,3.8463088081356642,3.8463088081356642,19,0.6333333333333333,0,6,5891,55.944,3.8463088081356642,0.009900862191229393,0.019283831260238127,53139.0,723.6432965412602,7.6487272526086265,-0.688529064024765,15.214194847764542,-4.3473396014820995,43.22580350939801,15.501471814506274,0.20522798121694627,87|115|5|102|79|12|60|5|109|5,184,166
196,1.6883820337824343e-05,-0.688529064024765,-0.688529064024765,3.8463088081356642,3.8463088081356642,3.8463088081356642,11,0.36666666666666664,0,9,5921,55.944,3.8463088081356642,0.009272686164378865,0.01937348361498086,54347.0,756.2159550316492,7.6487272526086265,-0.688529064024765,15.160994852287637,-4.326086593231983,44.410743955522165,16.225435189723953,0.20522798121694627,88|117|5|103|82|11|61|5|108|5,184,167
197,1.67149821344461e-05,-0.688529064024765,-0.688529064024765,3.8463088081356642,3.8463088081356642,3.8463088081356642,22,0.7333333333333333,0,6,5951,55.944,3.8463088081356642,0.009548473086484172,0.019397153525550083,54478.0,761.1758248378882,7.6487272526086265,-0.688529064024765,15.18435114476214,-4.320475398678857,44.53924329198099,16.33567378405375,0.20522798121694627,89|120|5|99|80|11|64|5|108|5,183,168
198,1.6547832313101638e-05,-0.688529064024765,-0.688529064024765,3.8463088081356642,3.8463088081356642,3.8463088081356642,17,0.5666666666666667,0,7,5981,55.944,3.8463088081356642,0.00949707992068594,0.0194490926705189,54294.0,757.3219467255733,7.6487272526086265,-0.688529064024765,15.179998676550772,-4.308162692786257,44.35875567435943,16.25001707885444,0.20522798121694627,88|122|5|97|78|11|64|5|109|5,184,166
199,1.638235398997062e-05,-0.688529064024765,-0.688529064024765,3.8463088081356642,3.8463088081356642,3.8463088081356642,17,0.5666666666666667,0,7,6011,55.944,3.8463088081356642,0.009932571536229323,0.01978161617477407,54044.0,729.8412424156713,7.6487272526086265,-0.688529064024765,15.21688030046962,-4.2293345928487485,44.11352793302579,15.639228019329996,0.20522798121694627,87|123|5|95|77|11|64|5|110|5,184,167
200,1.6218530450070915e-05,-0.688529064024765,-0.688529064024765,3.8463088081356642,3.8463088081356642,3.8463088081356642,17,0.5666666666666667,0,7,6041,55.944,3.8463088081356642,0.010793242919795915,0.020014989343146126,52938.0,711.1701208402369,7.6487272526086265,-0.688529064024765,15.289770241753132,-4.174011094798972,43.02864040536577,15.224241683509739,0.20522798121694627,87|123|5|93|77|13|63|5|107|5,184,166
201,1.6056345145570205e-05,-0.688529064024765,-0.688529064024765,3.8463088081356642,3.8463088081356642,3.8463088081356642,18,0.6,0,7,6071,55.944,3.8463088081356642,0.006819047155228623,0.019562600676891383,52799.0,724.2263529112756,7.6487272526086265,-0.688529064024765,14.953197071714564,-4.281254458163626,42.892293781184264,15.514430887457078,0.20522798121694627,84|120|5|94|78|10|66|6|109|5,183,166
202,1.5895781694114504e-05,-0.688529064024765,-0.688529064024765,3.8463088081356642,3.8463088081356642,3.8463088081356642,15,0.5,0,9,6101,55.944,3.8463088081356642,0.009837389560081646,0.01865536701649981,53857.0,756.5988568162377,7.6487272526086265,-0.688529064024765,15.20881937409851,-4.4963234825569804,43.93009758250823,16.23394560555106,0.20522798121694627,86|122|5|94|79|10|65|5|110|5,183,165
203,1.573682387717336e-05,-0.688529064024765,-0.688529064024765,3.8463088081356642,3.8463088081356642,3.8463088081356642,19,0.6333333333333333,0,3,6131,55.944,3.8463088081356642,0.012260810564626582,0.017140620171435327,53888.0,767.0343527490129,7.6487272526086265,-0.688529064024765,15.414058003033174,-4.8554097250475,43.9605058224336,16.46588604909181,0.20522798121694627,84|121|5|94|80|10|65|5|112|6,184,164
204,1.5579455638401626e-05,-0.688529064024765,-0.688529064024765,3.8463088081356642,3.8463088081356642,3.8463088081356642,16,0.5333333333333333,0,7,6161,55.944,3.8463088081356642,0.012233592688736325,0.01714131452721797,54376.0,766.5953228844427,7.6487272526086265,-0.688529064024765,15.411752931186495,-4.855245120902753,44.439190373516865,16.456128124583763,0.20522798121694627,84|123|5|94|80|10|65|5|112|6,184,166
205,1.542366108201761e-05,-0.688529064024765,-0.688529064024765,3.8463088081356642,3.8463088081356642,3.8463088081356642,18,0.6,0,8,6191,55.944,3.8463088081356642,0.010653844222765876,0.018634535599615983,55222.0,737.4934752535316,7.6487272526086265,-0.688529064024765,15.277964617637444,-4.50126178313106,45.269041050189905,15.809307361023384,0.20522798121694627,87|126|5|92|80|10|63|5|113|5,184,166
206,1.5269424471197434e-05,-0.688529064024765,-0.688529064024765,3.8463088081356642,3.8463088081356642,3.8463088081356642,19,0.6333333333333333,0,5,6221,55.944,3.8463088081356642,0.01094206952194614,0.01836228867680671,56457.0,721.8268079462267,7.6487272526086265,-0.688529064024765,15.302374311667949,-4.56580070252853,46.48046609237808,15.461098345613864,0.20522798121694627,92|127|5|93|80|10|64|5|112|5,185,167
207,1.511673022648546e-05,-0.688529064024765,-0.688529064024765,3.8463088081356642,3.8463088081356642,3.8463088081356642,19,0.6333333333333333,0,6,6251,55.944,3.8463088081356642,0.010082284167118387,0.01833832975259559,58075.0,705.1486720377753,7.6487272526086265,-0.688529064024765,15.229559407830765,-4.571480410723413,48.0675800342894,15.090408321396641,0.20522798121694627,92|130|5|96|82|10|60|5|114|5,185,169
208,1.4965562924220606e-05,-0.688529064024765,-0.688529064024765,3.8463088081356642,3.8463088081356642,3.8463088081356642,15,0.5,0,6,6281,55.944,3.8463088081356642,0.012136822879544703,0.01813364369984565,57898.0,711.7138369018071,7.6487272526086265,-0.688529064024765,15.403557531821914,-4.620003334413056,47.893958793425185,15.23632637457696,0.20522798121694627,91|133|5|96|81|11|62|5|110|6,185,169
209,1.48159072949784e-05,-0.688529064024765,-0.688529064024765,3.8463088081356642,3.8463088081356642,3.8463088081356642,15,0.5,0,8,6311,55.944,3.8463088081356642,0.011528978613034657,0.018259520721028166,58068.0,684.8326421160481,7.6487272526086265,-0.688529064024765,15.35207942561158,-4.5901628982374625,48.060713657532055,14.638862077558521,0.20522798121694627,89|132|5|99|81|11|62|5|111|5,185,169
210,1.4667748222028616e-05,-0.688529064024765,-0.688529064024765,3.8463088081356642,3.8463088081356642,3.8463088081356642,15,0.5,0,8,6341,55.944,3.8463088081356642,0.012746907470855554,0.018194727835852048,57657.0,704.708450213602,7.6487272526086265,-0.688529064024765,15.455225370311378,-4.605522714799432,47.657559250779556,15.080623904267561,0.20522798121694627,86|132|5|98|82|12|63|5|111|5,185,169
211,1.4521070739808329e-05,-0.688529064024765,-0.688529064024765,3.8463088081356642,3.8463088081356642,3.8463088081356642,18,0.6,0,5,6371,55.944,3.8463088081356642,0.01578685794613691,0.01629303533803427,57282.0,720.16247307415,7.6487272526086265,-0.688529064024765,15.712677652191385,-5.056338384519296,47.289717638779095,15.424106661565823,0.20522798121694627,87|130|5|99|82|12|63|5|110|5,187,169
212,1.4375860032410245e-05,-0.688529064024765,-0.688529064024765,3.8463088081356642,3.8463088081356642,3.8463088081356642,21,0.7,0,3,6401,55.944,3.8463088081356642,0.01590320361360682,0.016299427249743228,57659.0,726.9138524227063,7.6487272526086265,-0.688529064024765,15.722530923756345,-5.054823116429859,47.65952107271022,15.574163537703152,0.20522798121694627,88|127|5|98|85|12|63|5|113|5,187,171
213,1.4232101432086143e-05,-0.688529064024765,-0.688529064024765,3.8463088081356642,3.8463088081356642,3.8463088081356642,14,0.4666666666666667,0,12,6431,55.944,3.8463088081356642,0.015817480919494708,0.01649808434561522,57746.0,737.924347505603,7.6487272526086265,-0.688529064024765,15.715271100483722,-5.0077294186722545,47.74486032669433,15.81888397356759,0.20522798121694627,89|127|5|96|86|12|64|5|113|5,187,170
214,1.4089780417765281e-05,-0.688529064024765,-0.688529064024765,3.8463088081356642,3.8463088081356642,3.8463088081356642,15,0.5,0,7,6461,55.944,3.8463088081356642,0.0150335711731649,0.016589048701494996,58419.0,753.9959572287851,7.6487272526086265,-0.688529064024765,15.648882073878971,-4.9861653871247595,48.40501340636449,16.176093282221636,0.20522798121694627,88|127|5|94|87|11|67|5|116|5,187,170
215,1.3948882613587628e-05,-0.688529064024765,-0.688529064024765,3.8463088081356642,3.8463088081356642,3.8463088081356642,21,0.7,0,8,6491,55.944,3.8463088081356642,0.012821181260090627,0.016207475551438,57386.0,750.8786392853319,7.6487272526086265,-0.688529064024765,15.461515590062632,-5.076621207604389,47.39173237917389,16.106807441747947,0.20522798121694627,87|122|5|95|85|10|71|5|116|6,187,170
216,1.3809393787451751e-05,-0.688529064024765,-0.688529064024765,3.8463088081356642,3.8463088081356642,3.8463088081356642,19,0.6333333333333333,0,6,6521,55.944,3.8463088081356642,0.013686278835191157,0.016697875114992385,59010.0,733.8159919813365,7.6487272526086265,-0.688529064024765,15.534780383870787,-4.960366972007524,48.98473178687721,15.727571226319167,0.20522798121694627,89|125|5|95|85|11|73|5|117|5,187,172
217,1.3671299849577234e-05,-0.688529064024765,-0.688529064024765,3.8463088081356642,3.8463088081356642,3.8463088081356642,19,0.6333333333333333,0,4,6551,55.944,3.8463088081356642,0.013576033751934186,0.01670289227237811,58848.0,728.225782330289,7.6487272526086265,-0.688529064024765,15.52544376852743,-4.959177603500506,48.82582421049301,15.603322631494125,0.20522798121694627,88|123|5|97|84|11|75|5|117|5,187,172
218,1.353458685108146e-05,-0.688529064024765,-0.688529064024765,3.8463088081356642,3.8463088081356642,3.8463088081356642,22,0.7333333333333333,0,3,6581,55.944,3.8463088081356642,0.013709339589095027,0.016603675523554583,58862.0,740.278459176792,7.6487272526086265,-0.688529064024765,15.536733390593332,-4.982697949255476,48.8395569640077,15.871206710184751,0.20522798121694627,87|125|5|98|86|11|74|5|114|5,186,173
219,1.3399240982570646e-05,-0.688529064024765,-0.688529064024765,3.8463088081356642,3.8463088081356642,3.8463088081356642,16,0.5333333333333333,0,9,6611,55.944,3.8463088081356642,0.015431030346419499,0.016139153612544026,58492.0,801.4435586417335,7.6487272526086265,-0.688529064024765,15.682542744321,-5.092817622468722,48.47661990683391,17.230668722388323,0.20522798121694627,85|123|5|100|91|11|73|5|111|6,186,172
220,1.326524857274494e-05,-0.688529064024765,-0.688529064024765,3.8463088081356642,3.8463088081356642,3.8463088081356642,17,0.5666666666666667,0,6,6641,55.944,3.8463088081356642,0.011369488201963911,0.016675991300204578,58770.0,782.1856040839623,7.6487272526086265,-0.688529064024765,15.338572241661701,-4.965554754275641,48.749313155196916,16.80263937422976,0.20522798121694627,87|124|5|100|90|11|72|7|111|5,186,174
221,1.3132596087017491e-05,-0.688529064024765,-0.688529064024765,3.8463088081356642,3.8463088081356642,3.8463088081356642,16,0.5333333333333333,0,4,6671,55.944,3.8463088081356642,0.010774034135097098,0.01669448196914069,58816.0,805.9966487961261,7.6487272526086265,-0.688529064024765,15.288143456878489,-4.961171351959249,48.79443505960231,17.331866188871356,0.20522798121694627,88|124|5|100|93|10|72|7|108|5,187,172
222,1.3001270126147316e-05,-0.688529064024765,-0.688529064024765,3.8463088081356642,3.8463088081356642,3.8463088081356642,10,0.3333333333333333,0,11,6701,55.944,3.8463088081356642,0.01082541698068635,0.016642501738330585,58430.0,807.5961341115956,7.6487272526086265,-0.688529064024765,15.292495051075173,-4.973493797671024,48.41580342698317,17.367416519770508,0.20522798121694627,85|124|5|99|94|10|73|7|108|5,186,171
223,1.2871257424885842e-05,-0.688529064024765,-0.688529064024765,3.8463088081356642,3.8463088081356642,3.8463088081356642,12,0.4,0,11,6731,55.944,3.8463088081356642,0.013663573281913638,0.016296167898693745,58665.0,838.695175635462,7.6487272526086265,-0.688529064024765,15.53285745895797,-5.0555957789543795,48.64631750383679,18.058627127412382,0.20522798121694627,87|125|5|98|98|10|71|6|105|6,186,170
224,1.2742544850636983e-05,-0.688529064024765,-0.688529064024765,3.8463088081356642,3.8463088081356642,3.8463088081356642,21,0.7,0,6,6761,55.944,3.8463088081356642,0.012315624634956165,0.016651013826808548,58664.0,825.1140307867948,7.6487272526086265,-0.688529064024765,15.41870018638459,-4.9714759199792775,48.64533659287145,17.756771156188467,0.20522798121694627,85|125|5|98|98|10|72|6|106|5,186,172
225,1.2615119402130614e-05,-0.688529064024765,-0.688529064024765,3.8463088081356642,3.8463088081356642,3.8463088081356642,18,0.6,0,8,6791,55.944,3.8463088081356642,0.012379609738771466,0.016607873232421865,58765.0,841.2641607554228,7.6487272526086265,-0.688529064024765,15.424119061171377,-4.981702839406505,48.74440860037024,18.11572566417688,0.20522798121694627,87|125|5|100|100|10|72|6|101|5,186,172
226,1.2488968208109308e-05,-0.688529064024765,-0.688529064024765,3.8463088081356642,3.8463088081356642,3.8463088081356642,21,0.7,0,6,6821,55.944,3.8463088081356642,0.012321919450499222,0.01664330189870876,59170.0,845.0545646659396,7.6487272526086265,-0.688529064024765,15.419233291985734,-4.973304111464035,49.14167754133074,18.199971585009703,0.20522798121694627,89|123|5|100|102|10|73|6|101|5,186,171
227,1.2364078526028215e-05,-0.688529064024765,-0.688529064024765,3.8463088081356642,3.8463088081356642,3.8463088081356642,15,0.5,0,12,6851,55.944,3.8463088081356642,0.013078176086743273,0.01665225867684813,58106.0,841.9964423026672,7.6487272526086265,-0.688529064024765,15.483280386920699,-4.97118081553682,48.09798827421477,18.13200143180294,0.20522798121694627,87|121|5|98|100|11|74|6|103|5,186,172
228,1.2240437740767933e-05,-0.688529064024765,-0.688529064024765,3.8463088081356642,3.8463088081356642,3.8463088081356642,12,0.4,0,8,6881,55.944,3.8463088081356642,0.01334046466536477,0.016563271286140158,57785.0,873.446711980896,7.6487272526086265,-0.688529064024765,15.505493509675901,-4.992276187256839,47.78311585434238,18.831018473794614,0.20522798121694627,86|120|5|98|101|11|76|6|101|5,186,171
229,1.2118033363360253e-05,-0.688529064024765,-0.688529064024765,3.8463088081356642,3.8463088081356642,3.8463088081356642,17,0.5666666666666667,0,8,6911,55.944,3.8463088081356642,0.012193980065730805,0.016713066346900556,56827.0,868.6084410725364,7.583584550690671,-0.688529064024765,15.408398152788967,-4.956765735007109,46.84340314955187,18.723482549514223,0.18445657191933823,83|118|5|97|100|11|76|7|103|5,186,170
230,1.199685302972665e-05,-0.688529064024765,-0.688529064024765,3.8463088081356642,3.8463088081356642,3.8463088081356642,16,0.5333333333333333,0,8,6941,55.944,3.8463088081356642,0.012612348123122397,0.017057195146467443,57693.0,864.7757560009488,7.583584550690671,-0.688529064024765,15.443829588898533,-4.875186481040097,47.6928720455316,18.63829688309428,0.18445657191933823,83|117|5|98|102|11|78|6|104|5,186,171
231,1.1876884499429383e-05,-0.688529064024765,-0.688529064024765,3.8463088081356642,3.8463088081356642,3.8463088081356642,17,0.5666666666666667,0,10,6971,55.944,3.8463088081356642,0.013236728714482495,0.016382098268846883,57168.0,846.079137830064,7.583584550690671,-0.688529064024765,15.496708150346928,-5.035225105244347,47.177893788730955,18.222743857229236,0.18445657191933823,84|118|5|99|100|11|76|6|102|5,187,171
232,1.175811565443509e-05,-0.688529064024765,-0.688529064024765,3.8463088081356642,3.8463088081356642,3.8463088081356642,16,0.5333333333333333,0,3,7001,55.944,3.8463088081356642,0.015168822312899205,0.016405243490093473,56782.0,832.104559493495,7.583584550690671,-0.688529064024765,15.66033644290064,-5.029738293665152,46.799262156111816,17.912143391419193,0.18445657191933823,84|114|5|101|100|11|77|5|102|5,187,170
233,1.1640534497890738e-05,-0.688529064024765,-0.688529064024765,3.8463088081356642,3.8463088081356642,3.8463088081356642,20,0.6666666666666666,0,4,7031,55.944,3.8463088081356642,0.013499387350949207,0.01643646622234215,56441.0,829.0669166018366,7.583584550690671,-0.688529064024765,15.518952613164235,-5.0223366254326045,46.46477151693273,17.844628417128718,0.18445657191933823,87|110|5|104|98|11|73|6|104|5,187,170
234,1.152412915291183e-05,-0.688529064024765,-0.688529064024765,3.8463088081356642,3.8463088081356642,3.8463088081356642,16,0.5333333333333333,0,9,7061,55.944,3.8463088081356642,0.01489492962239869,0.014399315472341256,56575.0,857.4798653664859,7.583584550690671,-0.688529064024765,15.637140572200448,-5.505264060197074,46.59621358628756,18.476137641148977,0.18445657191933823,90|108|5|102|99|10|72|6|106|5,187,171
235,1.1408887861382712e-05,-0.688529064024765,-0.688529064024765,3.8463088081356642,3.8463088081356642,3.8463088081356642,20,0.6666666666666666,0,5,7091,55.944,3.8463088081356642,0.014513089190184753,0.014438762243473591,56634.0,860.3629879422115,7.583584550690671,-0.688529064024765,15.604802647162895,-5.495912799377192,46.6540873332423,18.54021823044765,0.18445657191933823,95|105|5|102|101|10|72|6|103|5,187,171
236,1.1294798982768885e-05,-0.688529064024765,-0.688529064024765,3.8463088081356642,3.8463088081356642,3.8463088081356642,17,0.5666666666666667,0,10,7121,55.944,3.8463088081356642,0.01788628303225223,0.014315696198027653,56119.0,860.4321399923765,7.583584550690671,-0.688529064024765,15.890477186575737,-5.525086864985143,46.148918186095,18.541755211276385,0.18445657191933823,93|103|5|102|104|11|71|5|102|5,187,168
237,1.1181850992941196e-05,-0.688529064024765,-0.688529064024765,3.8463088081356642,3.8463088081356642,3.8463088081356642,14,0.4666666666666667,0,6,7151,55.944,3.8463088081356642,0.01790425463738184,0.014324205162686126,55959.0,859.3173060604494,7.583584550690671,-0.688529064024765,15.891999195170051,-5.523069727826777,45.99197243164147,18.516976793622717,0.18445657191933823,92|103|5|101|102|11|74|5|103|5,187,170
238,1.1070032483011785e-05,-0.688529064024765,-0.688529064024765,3.8463088081356642,3.8463088081356642,3.8463088081356642,19,0.6333333333333333,0,4,7181,55.944,3.8463088081356642,0.01917255032222031,0.013099061560022279,56656.0,866.0790564148263,7.583584550690671,-0.688529064024765,15.99941068782932,-5.813502557725249,46.67566737447966,18.667264176839485,0.18445657191933823,88|107|5|99|104|11|75|5|105|5,187,169
239,1.0959332158181668e-05,-0.688529064024765,-0.688529064024765,3.8463088081356642,3.8463088081356642,3.8463088081356642,18,0.6,0,6,7211,55.944,3.8463088081356642,0.016738655422417273,0.015445459885942304,56379.0,873.028550518806,7.583584550690671,-0.688529064024765,15.79328502857745,-5.257264820055758,46.403955037081985,18.821724372621695,0.18445657191933823,89|104|5|97|106|11|76|5|105|5,187,167
240,1.084973883659985e-05,-0.688529064024765,-0.688529064024765,3.8463088081356642,3.8463088081356642,3.8463088081356642,14,0.4666666666666667,0,6,7241,55.944,3.8463088081356642,0.017855184213878595,0.015416647862293326,57247.0,870.1744447813982,7.583584550690671,-0.688529064024765,15.887843439144927,-5.264095005142045,47.25538575499238,18.758288714660537,0.18445657191933823,91|105|5|96|104|12|79|5|107|5,187,167
241,1.0741241448233852e-05,-0.688529064024765,-0.688529064024765,3.8463088081356642,3.8463088081356642,3.8463088081356642,16,0.5333333333333333,0,4,7271,55.944,3.8463088081356642,0.016767217322664833,0.015461464657203855,57347.0,895.0837789089783,7.583584550690671,-0.688529064024765,15.795703925350066,-5.253470725225354,47.35347685152584,19.31192622677054,0.18445657191933823,93|104|5|95|105|11|80|5|106|5,187,169
242,1.0633829033751514e-05,-0.688529064024765,-0.688529064024765,3.8463088081356642,3.8463088081356642,3.8463088081356642,14,0.4666666666666667,0,6,7301,55.944,3.8463088081356642,0.016818436577954878,0.015421642984035509,58266.0,893.7694225359535,7.583584550690671,-0.688529064024765,15.80004166514479,-5.262910860409856,48.2549340286683,19.282713202100336,0.18445657191933823,92|104|5|99|104|11|82|5|107|5,187,170
243,1.0527490743413999e-05,-0.688529064024765,-0.688529064024765,3.8463088081356642,3.8463088081356642,3.8463088081356642,21,0.7,0,4,7331,55.944,3.8463088081356642,0.015912074456221413,0.015374608848234694,58733.0,908.0500190839331,7.583584550690671,-0.688529064024765,15.72328219213782,-5.2740607836782445,48.71301944947954,19.600115261255187,0.18445657191933823,93|103|5|100|106|10|80|5|108|5,186,170
244,1.042221583597986e-05,-0.688529064024765,-0.688529064024765,3.8463088081356642,3.8463088081356642,3.8463088081356642,19,0.6333333333333333,0,7,7361,55.944,3.8463088081356642,0.015064250782787305,0.01566139385221005,58132.0,914.3050241438121,7.583584550690671,-0.688529064024765,15.651480318675622,-5.206075463348526,48.12349195931347,19.73913966960951,0.18445657191933823,95|104|5|99|105|10|79|5|105|7,186,170
245,1.031799367762006e-05,-0.688529064024765,-0.688529064024765,3.8463088081356642,3.8463088081356642,3.8463088081356642,15,0.5,0,8,7391,55.944,3.8463088081356642,0.013174990666807834,0.015589912685917718,57781.0,942.8882328749423,7.583584550690671,-0.688529064024765,15.491479577913955,-5.223020805401153,47.77919221048104,20.374433109770255,0.18445657191933823,93|104|5|98|106|10|79|6|105|7,186,170
246,1.021481374084386e-05,-0.688529064024765,-0.688529064024765,3.8463088081356642,3.8463088081356642,3.8463088081356642,16,0.5333333333333333,0,8,7421,55.944,3.8463088081356642,0.013118719758523125,0.01562787038011366,56772.0,941.8765389687103,7.583584550690671,-0.688529064024765,15.486714015494714,-5.214022545509186,46.78945304645847,20.351947093307736,0.18445657191933823,91|102|5|96|105|10|80|6|106|7,186,170
247,1.0112665603435421e-05,-0.688529064024765,-0.688529064024765,3.8463088081356642,3.8463088081356642,3.8463088081356642,14,0.4666666666666667,0,9,7451,55.944,3.8463088081356642,0.012065737212493188,0.015906732302277356,57173.0,921.403434447045,7.583584550690671,-0.688529064024765,15.397537312959736,-5.147915472812704,47.18279834355763,19.896909692689594,0.18445657191933823,91|101|5|97|107|10|80|6|106|6,186,168
248,1.0011538947401067e-05,-0.688529064024765,-0.688529064024765,3.8463088081356642,3.8463088081356642,3.8463088081356642,17,0.5666666666666667,0,5,7481,55.944,3.8463088081356642,0.013488510964704997,0.016214270505618678,56486.0,902.5922572705674,7.583584550690671,-0.688529064024765,15.518031496034217,-5.075010394172042,46.50891251037279,19.478810466170554,0.18445657191933823,91|98|5|98|106|10|81|5|105|5,186,167
249,9.911423557927056e-06,-0.688529064024765,-0.688529064024765,3.8463088081356642,3.8463088081356642,3.8463088081356642,17,0.5666666666666667,0,3,7511,55.944,3.8463088081356642,0.013604824107107028,0.016233375125981723,57065.0,921.5626484442781,7.583584550690671,-0.688529064024765,15.527882013063206,-5.070481448386331,47.076859959301494,19.900448399941652,0.18445657191933823,93|98|5|96|109|10|82|5|104|5,186,169
250,9.812309322347786e-06,-0.688529064024765,-0.688529064024765,3.8463088081356642,3.8463088081356642,3.8463088081356642,17,0.5666666666666667,0,4,7541,55.944,3.8463088081356642,0.013421416869085285,0.016413098206759288,57270.0,925.0738260642676,7.583584550690671,-0.688529064024765,15.512349321880913,-5.02787625268943,47.27794670719508,19.97848820751543,0.18445657191933823,96|98|5|95|108|10|81|5|105|5,186,169
251,9.714186229124307e-06,-0.688529064024765,-0.688529064024765,3.8463088081356642,3.8463088081356642,3.8463088081356642,16,0.5333333333333333,0,9,7571,55.944,3.8463088081356642,0.010595956693005929,0.018280213066425945,56293.0,919.5327190546427,7.583584550690671,-0.688529064024765,15.273062144143127,-4.585257565982496,46.319596694063215,19.855330973226003,0.18445657191933823,92|97|5|94|107|10|82|5|106|5,185,169
252,9.617044366833064e-06,-0.688529064024765,-0.688529064024765,3.8463088081356642,3.8463088081356642,3.8463088081356642,14,0.4666666666666667,0,10,7601,55.944,3.8463088081356642,0.008389486390302667,0.0184864906472332,57498.0,926.1210835139841,7.583584550690671,-0.688529064024765,15.086196989940628,-4.536357354278171,47.50159440729136,20.00176466308145,0.18445657191933823,92|98|5|95|109|10|83|6|107|5,185,170
253,9.520873923164733e-06,-0.688529064024765,-0.688529064024765,3.8463088081356642,3.8463088081356642,3.8463088081356642,18,0.6,0,10,7631,55.944,3.8463088081356642,0.010712505365350955,0.016141599367944008,58005.0,922.1025231574338,7.583584550690671,-0.688529064024765,15.282932608115912,-5.092237831119763,47.99891626671598,19.912447712790073,0.18445657191933823,95|100|5|96|108|10|83|6|105|5,185,170
254,9.425665183933085e-06,-0.688529064024765,-0.688529064024765,3.8463088081356642,3.8463088081356642,3.8463088081356642,20,0.6666666666666666,0,4,7661,55.944,3.8463088081356642,0.013326905894039856,0.01578418464287272,57277.0,935.0408615292413,7.583584550690671,-0.688529064024765,15.50434522234508,-5.176966649704077,47.28481308395242,20.200016598827602,0.18445657191933823,96|98|5|95|107|10|81|5|106|6,185,169
255,9.331408532093755e-06,-0.688529064024765,-0.688529064024765,3.8463088081356642,3.8463088081356642,3.8463088081356642,16,0.5333333333333333,0,5,7691,55.944,3.8463088081356642,0.010754635935572307,0.01614530654174006,56578.0,891.6075678322536,7.583584550690671,-0.688529064024765,15.28650063053226,-5.091359007629871,46.599156319183564,19.234663589309825,0.18445657191933823,97|98|5|93|104|10|83|6|105|5,184,169
256,9.238094446772818e-06,-0.688529064024765,-0.688529064024765,3.8463088081356642,3.8463088081356642,3.8463088081356642,15,0.5,0,7,7721,55.944,3.8463088081356642,0.012329421894345187,0.016456372928520382,55838.0,887.2457985372575,7.583584550690671,-0.688529064024765,15.419868671181392,-5.017617536995354,45.87328220483599,19.137718440615316,0.18445657191933823,98|97|5|93|102|10|86|5|101|5,183,169
257,9.14571350230509e-06,-0.688529064024765,-0.688529064024765,3.8463088081356642,3.8463088081356642,3.8463088081356642,18,0.6,0,6,7751,55.944,3.8463088081356642,0.010246949751070013,0.016657493340510008,55887.0,874.1217011450393,7.583584550690671,-0.688529064024765,15.243504875258658,-4.969939884940945,45.92134684213738,18.846020854814657,0.18445657191933823,99|96|5|93|103|10|85|6|101|5,183,167
258,9.05425636728204e-06,-0.688529064024765,-0.688529064024765,3.8463088081356642,3.8463088081356642,3.8463088081356642,18,0.6,0,4,7781,55.944,3.8463088081356642,0.009951179643854925,0.016368759573330845,55002.0,851.8626524368846,7.583584550690671,-0.688529064024765,15.218456214225004,-5.038387179532989,45.0532406378163,18.351288868580088,0.18445657191933823,99|97|5|94|98|10|88|7|97|5,183,166
259,8.96371380360922e-06,-0.688529064024765,-0.688529064024765,3.8463088081356642,3.8463088081356642,3.8463088081356642,15,0.5,0,9,7811,55.944,3.8463088081356642,0.012148842439854568,0.014882850355316044,54998.0,855.7005295418744,7.583584550690671,-0.688529064024765,15.404575463940917,-5.390637167389044,45.04931699395496,18.436589933687163,0.18445657191933823,100|95|5|94|99|10|89|7|96|5,184,166
260,8.874076665573128e-06,-0.688529064024765,-0.688529064024765,3.8463088081356642,3.8463088081356642,3.8463088081356642,16,0.5333333333333333,0,6,7841,55.944,3.8463088081356642,0.013956744571373098,0.014340503656770401,54635.0,894.6743969692172,7.583584550690671,-0.688529064024765,15.557686027076686,-5.519206002995103,44.693246313538516,19.302827260195553,0.18445657191933823,101|95|5|93|98|10|89|6|95|7,185,167
261,8.785335898917396e-06,-0.688529064024765,-0.688529064024765,3.8463088081356642,3.8463088081356642,3.8463088081356642,19,0.6333333333333333,0,5,7871,55.944,3.8463088081356642,0.01316957085033954,0.01490075248955755,54454.0,861.0462366256628,7.583584550690671,-0.688529064024765,15.491020575660965,-5.3863932832454395,44.51570142881296,18.555404188423122,0.18445657191933823,103|95|5|90|98|10|91|6|93|5,185,166
262,8.697482539928222e-06,-0.688529064024765,-0.688529064024765,3.8463088081356642,3.8463088081356642,3.8463088081356642,18,0.6,0,5,7901,55.944,3.8463088081356642,0.015366111071154601,0.01454790285336191,55533.0,859.7470092199421,7.583584550690671,-0.688529064024765,15.677044754899512,-5.470039900789803,45.57410436040895,18.526527421790814,0.18445657191933823,101|96|5|92|98|10|97|5|92|5,185,166
263,8.61050771452894e-06,-0.688529064024765,-0.688529064024765,3.8463088081356642,3.8463088081356642,3.8463088081356642,16,0.5333333333333333,0,8,7931,55.944,3.8463088081356642,0.01305390297024583,0.015998333839222945,55736.0,858.1826519488254,7.583584550690671,-0.688529064024765,15.481224705658315,-5.126200390972248,45.773229286371865,18.491757850545095,0.18445657191933823,101|96|5|90|98|10|98|5|94|5,185,168
264,8.52440263738365e-06,-0.688529064024765,-0.688529064024765,3.8463088081356642,3.8463088081356642,3.8463088081356642,19,0.6333333333333333,0,4,7961,55.944,3.8463088081356642,0.0151902411276469,0.014517023647236203,55887.0,824.6212927436477,7.583584550690671,-0.688529064024765,15.66215039440307,-5.477360132639038,45.92134684213738,17.745819507985722,0.18445657191933823,99|98|5|92|97|10|97|5|95|5,185,169
265,8.439158611009812e-06,-0.688529064024765,-0.688529064024765,3.8463088081356642,3.8463088081356642,3.8463088081356642,10,0.3333333333333333,0,8,7991,55.944,3.8463088081356642,0.015173629333520854,0.014499172520474645,55491.0,821.646023087327,7.583584550690671,-0.688529064024765,15.660743547699928,-5.481591924937478,45.532906099864896,17.679690847863974,0.18445657191933823,97|99|5|94|97|10|95|5|94|5,186,170
266,8.354767024899714e-06,-0.688529064024765,-0.688529064024765,3.8463088081356642,3.8463088081356642,3.8463088081356642,14,0.4666666666666667,0,3,8021,55.944,3.8463088081356642,0.015010420270263424,0.014380117638879832,54918.0,820.2587727344658,7.583584550690671,-0.688529064024765,15.646921432471148,-5.509815103101757,44.970844116728195,17.6488576738378,0.18445657191933823,96|95|5|95|98|10|97|5|92|5,186,171
267,8.271219354650716e-06,-0.688529064024765,-0.688529064024765,3.8463088081356642,3.8463088081356642,3.8463088081356642,18,0.6,0,2,8051,55.944,3.8463088081356642,0.014777605279213898,0.014396807469145383,54389.0,816.7200844117615,7.583584550690671,-0.688529064024765,15.62720441695101,-5.505858608023131,44.451942216066215,17.570206410456755,0.18445657191933823,97|95|5|92|100|10|96|5|90|5,186,169
268,8.188507161104208e-06,-0.688529064024765,-0.688529064024765,3.8463088081356642,3.8463088081356642,3.8463088081356642,13,0.43333333333333335,0,8,8081,55.944,3.8463088081356642,0.014923860428649516,0.014435444291845359,54423.0,845.2996160257151,7.583584550690671,-0.688529064024765,15.639590711486093,-5.496699353768658,44.48529318888759,18.20541812261968,0.18445657191933823,99|93|5|91|101|10|96|5|90|5,186,169
269,8.106622089493166e-06,-0.688529064024765,-0.688529064024765,3.8463088081356642,3.8463088081356642,3.8463088081356642,22,0.7333333333333333,0,3,8111,55.944,3.8463088081356642,0.015265187719618286,0.014455079209890745,54566.0,844.8229076824664,7.583584550690671,-0.688529064024765,15.66849759356933,-5.49204469548995,44.62556345693043,18.19482275223336,0.18445657191933823,99|96|5|91|98|10|95|5|92|5,186,171
270,8.025555868598233e-06,-0.688529064024765,-0.688529064024765,3.8463088081356642,3.8463088081356642,3.8463088081356642,18,0.6,0,3,8141,55.944,3.8463088081356642,0.015208813720918212,0.014506431366936145,54749.0,816.9501795078718,7.583584550690671,-0.688529064024765,15.66372330046092,-5.479871141092198,44.805070163586656,17.575320528558297,0.18445657191933823,99|97|5|91|97|10|95|5|93|5,186,172
271,7.94530030991225e-06,-0.688529064024765,-0.688529064024765,3.8463088081356642,3.8463088081356642,3.8463088081356642,19,0.6333333333333333,0,4,8171,55.944,3.8463088081356642,0.0141088836013608,0.014693463652064264,54375.0,780.7937031729914,7.583584550690671,-0.688529064024765,15.570570625280451,-5.435533223697022,44.438209462551534,16.77170283640395,0.18445657191933823,101|94|5|92|95|10|95|5|93|5,186,172
272,7.865847306813128e-06,-0.688529064024765,-0.688529064024765,3.8463088081356642,3.8463088081356642,3.8463088081356642,17,0.5666666666666667,0,10,8201,55.944,3.8463088081356642,0.014092828678505193,0.01464795593525538,55139.0,782.4189658380465,7.583584550690671,-0.688529064024765,15.569210939799323,-5.446321293721046,45.18762544006714,16.80782609741919,0.18445657191933823,100|95|5|93|95|10|99|5|92|5,186,172
273,7.787188833744997e-06,-0.688529064024765,-0.688529064024765,3.8463088081356642,3.8463088081356642,3.8463088081356642,18,0.6,0,3,8231,55.944,3.8463088081356642,0.013968969192879117,0.0146657588757227,54950.0,786.0300566294575,7.583584550690671,-0.688529064024765,15.55872132575258,-5.442100924476824,45.002233267618905,16.888086585777508,0.18445657191933823,99|96|5|92|97|10|98|5|91|5,186,170
274,7.709316945407546e-06,-0.688529064024765,-0.688529064024765,3.8463088081356642,3.8463088081356642,3.8463088081356642,16,0.5333333333333333,0,8,8261,55.944,3.8463088081356642,0.01422611014448604,0.014664284332602279,55619.0,784.5203241187429,7.583584550690671,-0.688529064024765,15.580498497879,-5.4424504800149185,45.65846270342772,16.85453111027172,0.18445657191933823,103|95|5|94|98|10|99|5|87|5,186,172
275,7.63222377595347e-06,-0.688529064024765,-0.688529064024765,3.8463088081356642,3.8463088081356642,3.8463088081356642,19,0.6333333333333333,0,8,8291,55.944,3.8463088081356642,0.009064409529496024,0.01803307843803388,55605.0,734.232838478495,7.583584550690671,-0.688529064024765,15.14335598107941,-4.643843358973416,45.644729949913035,15.73683610094153,0.18445657191933823,103|96|5|96|96|10|98|5|87|5,186,172
276,7.555901538193935e-06,-0.688529064024765,-0.688529064024765,3.8463088081356642,3.8463088081356642,3.8463088081356642,22,0.7333333333333333,0,3,8321,55.944,3.8463088081356642,0.008825506635713949,0.018106438658851205,55450.0,725.3453800122178,7.583584550690671,-0.688529064024765,15.123123383327552,-4.626452567814219,45.492688750286185,15.539302502931669,0.18445657191933823,104|91|5|97|95|10|100|5|88|5,186,172
277,7.4803425228119955e-06,-0.688529064024765,-0.688529064024765,3.8463088081356642,3.8463088081356642,3.8463088081356642,20,0.6666666666666666,0,3,8351,55.944,3.8463088081356642,0.008802336449228076,0.018101626560470263,55235.0,726.5263210029477,7.583584550690671,-0.688529064024765,15.121161108800097,-4.627593324985451,45.281792892739254,15.565550223111893,0.18445657191933823,101|92|5|97|96|10|101|5|87|5,186,170
278,7.405539097583875e-06,-0.688529064024765,-0.688529064024765,3.8463088081356642,3.8463088081356642,3.8463088081356642,21,0.7,0,4,8381,55.944,3.8463088081356642,0.012099598978852917,0.01780956965434165,54873.0,732.1585532524072,7.583584550690671,-0.688529064024765,15.400405053434024,-4.696828403676547,44.92670312328814,15.690732816682868,0.18445657191933823,98|91|5|100|94|11|101|5|88|6,186,171
279,7.331483706608037e-06,-0.688529064024765,-0.688529064024765,3.8463088081356642,3.8463088081356642,3.8463088081356642,18,0.6,0,5,8411,55.944,3.8463088081356642,0.01251316999773062,0.017884783366177263,54308.0,727.8675652460763,7.583584550690671,-0.688529064024765,15.435430230125316,-4.678998223501678,44.37248842787412,15.595360860445446,0.18445657191933823,99|91|5|99|93|11|100|5|87|6,186,171
280,7.258168869541956e-06,-0.688529064024765,-0.688529064024765,3.8463088081356642,3.8463088081356642,3.8463088081356642,18,0.6,0,6,8441,55.944,3.8463088081356642,0.010093705148477164,0.01955432220505642,53593.0,707.479281357759,7.583584550690671,-0.688529064024765,15.230526646519694,-4.283216954639171,43.67113708765991,15.142208692253904,0.18445657191933823,96|91|5|100|90|11|102|5|86|5,185,166
281,7.1855871808465365e-06,-0.688529064024765,-0.688529064024765,3.8463088081356642,3.8463088081356642,3.8463088081356642,15,0.5,0,6,8471,55.944,3.8463088081356642,0.01043421874009723,0.019531370830939143,53423.0,707.3765297639568,7.583584550690671,-0.688529064024765,15.259364616705913,-4.288657812772409,43.50438222355303,15.139924924391359,0.18445657191933823,97|91|5|98|91|12|102|5|85|5,185,166
282,7.113731309038071e-06,-0.688529064024765,-0.688529064024765,3.8463088081356642,3.8463088081356642,3.8463088081356642,14,0.4666666666666667,0,8,8501,55.944,3.8463088081356642,0.010379510648175438,0.019594035984087713,52458.0,712.0243844301567,7.583584550690671,-0.688529064024765,15.254731408626672,-4.273802396864112,42.557803142005184,15.243228637002234,0.18445657191933823,98|91|5|96|91|12|99|5|84|5,185,165
283,7.04259399594769e-06,-0.688529064024765,-0.688529064024765,3.8463088081356642,3.8463088081356642,3.8463088081356642,18,0.6,0,3,8531,55.944,3.8463088081356642,0.010946652595855508,0.01960255094355211,52573.0,698.6400903918069,7.583584550690671,-0.688529064024765,15.302762450502966,-4.271783838575648,42.670607903018656,14.945747892844718,0.18445657191933823,102|89|5|99|87|13|97|5|85|5,185,164
284,6.972168055988213e-06,-0.688529064024765,-0.688529064024765,3.8463088081356642,3.8463088081356642,3.8463088081356642,20,0.6666666666666666,0,5,8561,55.944,3.8463088081356642,0.007643625681751659,0.019055929588230054,53106.0,739.6673948245239,7.583584550690671,-0.688529064024765,15.023030322278608,-4.401366025320073,43.19343344754198,15.857625128838734,0.18445657191933823,105|90|5|99|88|10|95|5|85|6,185,165
285,6.9024463754283305e-06,-0.688529064024765,-0.688529064024765,3.8463088081356642,3.8463088081356642,3.8463088081356642,17,0.5666666666666667,0,4,8591,55.944,3.8463088081356642,0.009415891918125573,0.01701692093619222,53628.0,729.4186364073182,7.583584550690671,-0.688529064024765,15.17312289462919,-4.884733894777332,43.705468971446614,15.629835133198677,0.18445657191933823,104|91|5|100|88|10|96|5|86|5,185,167
286,6.833421911674047e-06,-0.688529064024765,-0.688529064024765,3.8463088081356642,3.8463088081356642,3.8463088081356642,15,0.5,0,8,8621,55.944,3.8463088081356642,0.009688941969846484,0.01696681684755353,53739.0,757.1032472023961,7.583584550690671,-0.688529064024765,15.19624740256266,-4.89661158178576,43.81435008859875,16.245156239970058,0.18445657191933823,102|90|5|100|90|10|96|5|88|5,185,166
287,6.765087692557307e-06,-0.688529064024765,-0.688529064024765,3.8463088081356642,3.8463088081356642,3.8463088081356642,20,0.6666666666666666,0,5,8651,55.944,3.8463088081356642,0.013967896224845882,0.015620788546233647,52684.0,777.2058044361553,7.583584550690671,-0.688529064024765,15.55863045648652,-5.215701366710368,42.77948902017079,16.691957817119587,0.18445657191933823,104|89|5|99|86|10|90|5|92|6,185,168
288,6.697436815631733e-06,-0.688529064024765,-0.688529064024765,3.8463088081356642,3.8463088081356642,3.8463088081356642,14,0.4666666666666667,0,11,8681,55.944,3.8463088081356642,0.015346527542399822,0.01578552022450379,53805.0,757.3683335626243,7.583584550690671,-0.688529064024765,15.675386233089313,-5.176650036409254,43.879090212310835,16.251048077632973,0.18445657191933823,104|90|5|101|86|10|91|5|94|5,185,168
289,6.630462447475416e-06,-0.688529064024765,-0.688529064024765,3.8463088081356642,3.8463088081356642,3.8463088081356642,16,0.5333333333333333,0,7,8711,55.944,3.8463088081356642,0.017672697214238805,0.014205831137794698,54050.0,759.0562210289035,7.583584550690671,-0.688529064024765,15.872388682610989,-5.551131501941206,44.1194133988178,16.28856324414711,0.18445657191933823,106|89|5|102|87|10|91|5|92|5,185,170
290,6.564157823000662e-06,-0.688529064024765,-0.688529064024765,3.8463088081356642,3.8463088081356642,3.8463088081356642,16,0.5333333333333333,0,9,8741,55.944,3.8463088081356642,0.013913397608401646,0.015773970034973873,53642.0,774.4428310033426,7.583584550690671,-0.688529064024765,15.554014988808033,-5.179388127049195,43.7192017249613,16.630547675462097,0.18445657191933823,103|91|5|103|89|10|88|6|91|6,184,171
291,6.498516244770656e-06,-0.688529064024765,-0.688529064024765,3.8463088081356642,3.8463088081356642,3.8463088081356642,15,0.5,0,10,8771,55.944,3.8463088081356642,0.013788451514490235,0.01578485514108712,54004.0,773.1076884986744,7.583584550690671,-0.688529064024765,15.543433350307323,-5.1768077012400555,44.07429149441241,16.600872656017142,0.18445657191933823,104|94|5|101|89|10|87|6|92|6,184,171
292,6.433531082322949e-06,-0.688529064024765,-0.688529064024765,3.8463088081356642,3.8463088081356642,3.8463088081356642,19,0.6333333333333333,0,6,8801,55.944,3.8463088081356642,0.01224939995125882,0.01631754142790587,54401.0,771.1270277368203,7.583584550690671,-0.688529064024765,15.41309164240557,-5.050528965104561,44.46371314765023,16.556850279067582,0.18445657191933823,105|92|5|101|92|10|85|6|94|5,184,170
293,6.36919577149972e-06,-0.688529064024765,-0.688529064024765,3.8463088081356642,3.8463088081356642,3.8463088081356642,18,0.6,0,7,8831,55.944,3.8463088081356642,0.013695244410445612,0.016744392748507215,55520.0,754.2105446102428,7.583584550690671,-0.688529064024765,15.535539675124507,-4.9493394908922355,45.5613525178596,16.180862724206392,0.18445657191933823,105|94|5|103|91|10|87|5|95|5,183,172
294,6.305503813784723e-06,-0.688529064024765,-0.688529064024765,3.8463088081356642,3.8463088081356642,3.8463088081356642,12,0.4,0,5,8861,55.944,3.8463088081356642,0.013800537162603285,0.016725298834486518,55681.0,753.0761361393348,7.583584550690671,-0.688529064024765,15.544456879377945,-4.9538658986299176,45.719279183278466,16.155649240765477,0.18445657191933823,104|95|5|104|90|10|90|5|93|5,183,170
295,6.242448775646876e-06,-0.688529064024765,-0.688529064024765,3.8463088081356642,3.8463088081356642,3.8463088081356642,20,0.6666666666666666,0,5,8891,55.944,3.8463088081356642,0.013953029718998467,0.01674750806009461,55090.0,744.5377560817399,7.583584550690671,-0.688529064024765,15.557371417602461,-4.948600974396393,45.13956080276574,15.965874296629073,0.18445657191933823,102|94|5|103|87|10|91|5|96|5,183,169
296,6.180024287890407e-06,-0.688529064024765,-0.688529064024765,3.8463088081356642,3.8463088081356642,3.8463088081356642,14,0.4666666666666667,0,7,8921,55.944,3.8463088081356642,0.014269318810389436,0.016682158385702105,55856.0,753.7469535873731,7.583584550690671,-0.688529064024765,15.584157823820087,-4.964092783540637,45.89093860221201,16.17055890077926,0.18445657191933823,102|92|5|104|88|10|93|5|98|5,183,170
297,6.118224045011503e-06,-0.688529064024765,-0.688529064024765,3.8463088081356642,3.8463088081356642,3.8463088081356642,14,0.4666666666666667,0,6,8951,55.944,3.8463088081356642,0.014094688206352507,0.016704525776042832,56383.0,755.0679561657221,7.583584550690671,-0.688529064024765,15.569368422525244,-4.958790364738484,46.40787868094333,16.199919644716537,0.18445657191933823,103|93|5|101|90|10|93|5|100|5,183,170
298,6.057041804561387e-06,-0.688529064024765,-0.688529064024765,3.8463088081356642,3.8463088081356642,3.8463088081356642,19,0.6333333333333333,0,7,8981,55.944,3.8463088081356642,0.013657541226647866,0.018827986041699617,55663.0,752.6615121304806,7.583584550690671,-0.688529064024765,15.532346606427566,-4.455402375942142,45.701622785902444,16.146433763404765,0.18445657191933823,103|93|5|100|89|12|92|5|99|5,183,171
299,5.996471386515774e-06,-0.688529064024765,-0.688529064024765,3.8463088081356642,3.8463088081356642,3.8463088081356642,21,0.7,0,5,9011,55.944,3.8463088081356642,0.013805445725333423,0.01870104899205282,56628.0,752.8884528025599,7.583584550690671,-0.688529064024765,15.544872583740862,-4.485494102714188,46.64820186745029,16.15147777094198,0.18445657191933823,104|92|5|101|92|12|92|5|100|5,183,171
300,5.9365066726506165e-06,-0.688529064024765,-0.688529064024765,3.8463088081356642,3.8463088081356642,3.8463088081356642,19,0.6333333333333333,0,4,9041,55.944,3.8463088081356642,0.013813801575659904,0.018737510250980405,56574.0,772.5884105013013,7.583584550690671,-0.688529064024765,15.545580237615848,-4.476850588118043,46.59523267532223,16.589331127966386,0.18445657191933823,102|92|5|97|95|12|93|5|102|5,183,170
301,5.8771416059241105e-06,-0.688529064024765,-0.688529064024765,3.8463088081356642,3.8463088081356642,3.8463088081356642,19,0.6333333333333333,0,9,9071,55.944,3.8463088081356642,0.013751361826559519,0.018789451766452414,56638.0,771.8595066007347,7.583584550690671,-0.688529064024765,15.540292238348549,-4.4645373202734,46.658010977103636,16.573130432274958,0.18445657191933823,101|94|5|96|93|12|91|5|106|5,185,169
302,5.818370189864869e-06,-0.688529064024765,-0.688529064024765,3.8463088081356642,3.8463088081356642,3.8463088081356642,13,0.43333333333333335,0,11,9101,55.944,3.8463088081356642,0.013810850331189246,0.018742909697853867,57434.0,770.8430569042098,7.583584550690671,-0.688529064024765,15.545330297812706,-4.475570593975368,47.43881610550995,16.550538713111102,0.18445657191933823,102|94|5|97|91|12|94|5|107|5,186,170
303,5.760186487966221e-06,-0.688529064024765,-0.688529064024765,3.8463088081356642,3.8463088081356642,3.8463088081356642,17,0.5666666666666667,0,5,9131,55.944,3.8463088081356642,0.014172371992666272,0.018293717112163505,56859.0,807.9297859569139,7.583584550690671,-0.688529064024765,15.575947433668413,-4.5820562937315445,46.87479230044258,17.37483230120436,0.18445657191933823,101|91|5|98|91|11|94|5|107|6,187,170
304,5.702584623086558e-06,-0.688529064024765,-0.688529064024765,3.8463088081356642,3.8463088081356642,3.8463088081356642,16,0.5333333333333333,0,5,9161,55.944,3.8463088081356642,0.014099172316489111,0.01820686466067372,57536.0,803.1742474868157,7.583584550690671,-0.688529064024765,15.569748180154933,-4.602645556259587,47.53886902397407,17.269135196904273,0.18445657191933823,98|90|5|100|89|11|98|5|110|6,186,170
305,5.645558776855692e-06,-0.688529064024765,-0.688529064024765,3.8463088081356642,3.8463088081356642,3.8463088081356642,15,0.5,0,4,9191,55.944,3.8463088081356642,0.015555498122983574,0.0182118466755481,57830.0,812.3031724650858,7.583584550690671,-0.688529064024765,15.693083874302397,-4.601464518644555,47.82725684778243,17.472035655315658,0.18445657191933823,95|87|5|102|91|12|100|5|111|6,185,172
306,5.589103189087135e-06,-0.688529064024765,-0.688529064024765,3.8463088081356642,3.8463088081356642,3.8463088081356642,17,0.5666666666666667,0,7,9221,55.944,3.8463088081356642,0.01257622239074517,0.018475252124624527,58376.0,821.5462562057044,7.583584550690671,-0.688529064024765,15.440770113979212,-4.5390215610846365,48.3628342348551,17.677473418532077,0.18445657191933823,96|88|5|101|92|11|100|6|112|5,185,171
307,5.533212157196264e-06,-0.688529064024765,-0.688529064024765,3.8463088081356642,3.8463088081356642,3.8463088081356642,18,0.6,0,5,9251,55.944,3.8463088081356642,0.012576717605890514,0.01846443284544161,57664.0,818.4677808789558,7.583584550690671,-0.688529064024765,15.44081205356679,-4.541586381946227,47.66442562753689,17.60905089819236,0.18445657191933823,91|89|5|102|91|11|99|6|113|5,185,171
308,5.477880035624302e-06,-0.688529064024765,-0.688529064024765,3.8463088081356642,3.8463088081356642,3.8463088081356642,16,0.5333333333333333,0,7,9281,55.944,3.8463088081356642,0.012253743457496887,0.01845318909208476,57768.0,828.1213194408527,7.583584550690671,-0.688529064024765,15.413459492343074,-4.544251828755082,47.76644036793169,17.82361147396259,0.18445657191933823,87|87|5|101|95|11|101|6|114|5,185,171
309,5.423101235268058e-06,-0.688529064024765,-0.688529064024765,3.8463088081356642,3.8463088081356642,3.8463088081356642,19,0.6333333333333333,0,5,9311,55.944,3.8463088081356642,0.010511810686380912,0.019616565915478577,59330.0,828.6189740470996,7.583584550690671,-0.688529064024765,15.265935849950885,-4.268461446042479,49.298623295784274,17.8346723982202,0.18445657191933823,89|88|5|101|96|11|104|6|115|5,185,172
310,5.368870222915378e-06,-0.688529064024765,-0.688529064024765,3.8463088081356642,3.8463088081356642,3.8463088081356642,19,0.6333333333333333,0,6,9341,55.944,3.8463088081356642,0.009859004974147099,0.019740998512640197,60346.0,851.7466670141284,7.583584550690671,-0.688529064024765,15.21064997552448,-4.238963425364178,50.295228836564185,18.34871096422637,0.18445657191933823,88|87|5|100|96|11|107|6|119|5,185,173
311,5.315181520686224e-06,-0.688529064024765,-0.688529064024765,3.8463088081356642,3.8463088081356642,3.8463088081356642,13,0.43333333333333335,0,10,9371,55.944,3.8463088081356642,0.01113959505696394,0.01944970559445127,59835.0,832.7028294032185,7.583584550690671,-0.688529064024765,15.319102676203293,-4.308017392895041,49.79398333327823,17.925440602123142,0.18445657191933823,88|88|5|98|97|11|107|5|117|5,185,173
312,5.262029705479362e-06,-0.688529064024765,-0.688529064024765,3.8463088081356642,3.8463088081356642,3.8463088081356642,18,0.6,0,4,9401,55.944,3.8463088081356642,0.013754022321616221,0.018269097569986913,59019.0,804.3794766756284,7.583584550690671,-0.688529064024765,15.540517554691315,-4.587892608176321,48.99355998556523,17.295922749160752,0.18445657191933823,89|87|5|94|92|12|111|5|117|5,185,171
313,5.209409408424568e-06,-0.688529064024765,-0.688529064024765,3.8463088081356642,3.8463088081356642,3.8463088081356642,18,0.6,0,5,9431,55.944,3.8463088081356642,0.01362895009600074,0.018343488613360815,59377.0,808.2589631212173,7.583584550690671,-0.688529064024765,15.52992523414322,-4.570257449980004,49.344726111155,17.382148627901614,0.18445657191933823,93|87|5|91|93|12|111|5|117|5,186,172
314,5.157315314340323e-06,-0.688529064024765,-0.688529064024765,3.8463088081356642,3.8463088081356642,3.8463088081356642,18,0.6,0,6,9461,55.944,3.8463088081356642,0.01210988118867967,0.018638396228830057,59693.0,820.8218768273409,7.583584550690671,-0.688529064024765,15.401275849982914,-4.500346581463766,49.65469397620072,17.66137328535281,0.18445657191933823,93|92|5|87|96|13|112|6|114|5,186,172
315,5.105742161196919e-06,-0.688529064024765,-0.688529064024765,3.8463088081356642,3.8463088081356642,3.8463088081356642,12,0.4,0,9,9491,55.944,3.8463088081356642,0.012015874169759407,0.018660843813165608,60071.0,823.0199581531804,7.583584550690671,-0.688529064024765,15.393314430305011,-4.495025151854386,50.02547832109718,17.710228074903597,0.18445657191933823,94|92|5|87|97|13|113|6|113|5,186,173
316,5.05468473958495e-06,-0.688529064024765,-0.688529064024765,3.8463088081356642,3.8463088081356642,3.8463088081356642,20,0.6666666666666666,0,5,9521,55.944,3.8463088081356642,0.0117245105976386,0.018347276453118497,60001.0,822.439864511272,7.583584550690671,-0.688529064024765,15.368638957099392,-4.569359503798321,49.95681455352376,17.697334851863108,0.18445657191933823,93|92|5|85|97|12|110|6|118|5,186,169
317,5.0041378921891e-06,-0.688529064024765,-0.688529064024765,3.8463088081356642,3.8463088081356642,3.8463088081356642,17,0.5666666666666667,0,7,9551,55.944,3.8463088081356642,0.016311338486374227,0.018636469221150448,58805.0,828.2596629894852,7.617162175833851,-0.688529064024765,15.757095715243302,-4.500803398356421,48.78364503898363,17.82668631240223,0.19516313726827114,94|91|6|84|95|14|110|5|115|5,186,169
318,4.954096513267209e-06,-0.688529064024765,-0.688529064024765,3.8463088081356642,3.8463088081356642,3.8463088081356642,19,0.6333333333333333,0,5,9581,55.944,3.8463088081356642,0.01574443127680587,0.018739037673204045,58100.0,877.8838730938608,7.617162175833851,-0.688529064024765,15.709084553250904,-4.476488497047334,48.092102808422766,18.929639289061335,0.19516313726827114,92|89|6|86|98|14|108|5|113|5,186,167
319,4.904555548134537e-06,-0.688529064024765,-0.688529064024765,3.8463088081356642,3.8463088081356642,3.8463088081356642,16,0.5333333333333333,0,7,9611,55.944,3.8463088081356642,0.013304605885660677,0.018913842490229923,57630.0,868.8319666151398,7.617162175833851,-0.688529064024765,15.502456642879777,-4.435049226109362,47.63107465471552,18.72845065202014,0.19516313726827114,91|88|6|88|99|13|105|6|113|5,186,168
320,4.855509992653192e-06,-0.688529064024765,-0.688529064024765,3.8463088081356642,3.8463088081356642,3.8463088081356642,20,0.6666666666666666,0,7,9641,55.944,3.8463088081356642,0.01066166284008761,0.01860813285999941,58839.0,905.1110441371054,7.583584550690671,-0.688529064024765,15.278626773447872,-4.507520822779343,48.816996011805,19.534793291210484,0.18445657191933823,90|88|5|88|102|10|109|6|113|6,186,169
321,4.80695489272666e-06,-0.688529064024765,-0.688529064024765,3.8463088081356642,3.8463088081356642,3.8463088081356642,17,0.5666666666666667,0,6,9671,55.944,3.8463088081356642,0.00815130775270668,0.018616917400475386,59891.0,880.3834605633117,7.583584550690671,-0.688529064024765,15.066025729177412,-4.505438357553024,49.84891434733696,18.985195386257683,0.18445657191933823,96|89|5|89|101|10|108|7|113|5,186,169
322,4.7588853437993934e-06,-0.688529064024765,-0.688529064024765,3.8463088081356642,3.8463088081356642,3.8463088081356642,15,0.5,0,6,9701,55.944,3.8463088081356642,0.008275467551953354,0.0186158318013607,59160.0,882.3543280902759,7.583584550690671,-0.688529064024765,15.076540776673658,-4.505695709933862,49.1318684316774,19.029000097726012,0.18445657191933823,95|89|5|91|103|10|105|7|110|5,186,168
323,4.711296490361399e-06,-0.688529064024765,-0.688529064024765,3.8463088081356642,3.8463088081356642,3.8463088081356642,15,0.5,0,7,9731,55.944,3.8463088081356642,0.009183677047910292,0.01877414165540704,59800.0,877.2828571701546,7.583584550690671,-0.688529064024765,15.153456703120638,-4.468166738789972,49.759651449491514,18.916281045158268,0.18445657191933823,96|88|5|91|103|10|108|6|110|5,187,167
324,4.664183525457785e-06,-0.688529064024765,-0.688529064024765,3.8463088081356642,3.8463088081356642,3.8463088081356642,18,0.6,0,5,9761,55.944,3.8463088081356642,0.012374125820011883,0.018892693872387283,59226.0,890.9869215583238,7.583584550690671,-0.688529064024765,15.423654630119035,-4.440062722417161,49.196608555389474,19.220869039152888,0.18445657191933823,97|89|5|88|106|11|103|5|110|6,187,168
325,4.617541690203207e-06,-0.688529064024765,-0.688529064024765,3.8463088081356642,3.8463088081356642,3.8463088081356642,13,0.43333333333333335,0,8,9791,55.944,3.8463088081356642,0.012461319997375432,0.01879258999458792,59535.0,892.3137277607132,7.583584550690671,-0.688529064024765,15.431039072764213,-4.463793371175286,49.49971004367786,19.25035877505593,0.18445657191933823,96|87|5|89|107|11|102|5|113|6,187,169
326,4.571366273301175e-06,-0.688529064024765,-0.688529064024765,3.8463088081356642,3.8463088081356642,3.8463088081356642,15,0.5,0,9,9821,55.944,3.8463088081356642,0.013462746267442052,0.01855183707395037,59993.0,867.1208990729953,7.694671477852803,-0.688529064024765,15.515849493348242,-4.520866315028604,49.94896726580109,18.69042028267212,0.21987776207206375,98|86|6|89|106|11|102|5|115|5,187,170
327,4.525652610568163e-06,-0.688529064024765,-0.688529064024765,3.8463088081356642,3.8463088081356642,3.8463088081356642,13,0.43333333333333335,0,7,9851,55.944,3.8463088081356642,0.013714997534734891,0.018464765504057803,59669.0,869.1307315871915,7.694671477852803,-0.688529064024765,15.537212559917824,-4.541507521816621,49.631152113032684,18.735091034094793,0.21987776207206375,94|85|6|90|106|11|103|5|116|5,188,170
328,4.480396084462481e-06,-0.688529064024765,-0.688529064024765,3.8463088081356642,3.8463088081356642,3.8463088081356642,11,0.36666666666666664,0,9,9881,55.944,3.8463088081356642,0.013573776935880171,0.01856172008874728,60038.0,871.0094179957897,7.694671477852803,-0.688529064024765,15.52525263961016,-4.518523445222033,49.99310825924114,18.776846918212932,0.21987776207206375,93|85|6|88|106|11|104|5|119|5,188,170
329,4.435592123617856e-06,-0.688529064024765,-0.688529064024765,3.8463088081356642,3.8463088081356642,3.8463088081356642,13,0.43333333333333335,0,2,9911,55.944,3.8463088081356642,0.010624639869633083,0.017916211227455382,59631.0,845.506628130395,7.685956433120594,-0.688529064024765,15.275491311767494,-4.6715479273332825,49.593877496349975,18.210019195696326,0.21709888192356025,91|85|5|88|106|11|105|5|118|5,188,169
330,4.3912362023816775e-06,-0.688529064024765,-0.688529064024765,3.8463088081356642,3.8463088081356642,3.8463088081356642,17,0.5666666666666667,0,5,9941,55.944,3.8463088081356642,0.010791578666520727,0.017941933302298825,59880.0,851.7709825894835,7.685956433120594,-0.688529064024765,15.289629296758532,-4.665450246235819,49.83812432671828,18.349251404792792,0.21709888192356025,91|87|5|85|107|11|106|5|118|5,188,171
331,4.34732384035786e-06,-0.688529064024765,-0.688529064024765,3.8463088081356642,3.8463088081356642,3.8463088081356642,13,0.43333333333333335,0,7,9971,55.944,3.8463088081356642,0.011763261230384996,0.017867086356098804,59879.0,852.2722993966368,7.685956433120594,-0.688529064024765,15.37192073386055,-4.683193480863062,49.83714341575295,18.360393725517614,0.21709888192356025,94|85|5|85|107|12|106|5|117|5,188,171
332,4.303850601954282e-06,-0.688529064024765,-0.688529064024765,3.8463088081356642,3.8463088081356642,3.8463088081356642,16,0.5333333333333333,0,6,10001,55.944,3.8463088081356642,0.011811697718295915,0.017862542395792158,60806.0,864.3804697379427,7.685956433120594,-0.688529064024765,15.376022802114727,-4.684270673159489,50.74644788061808,18.62951120853144,0.21709888192356025,93|89|5|85|110|12|106|5|116|5,188,173
333,4.260812095934739e-06,-0.688529064024765,-0.688529064024765,3.8463088081356642,3.8463088081356642,3.8463088081356642,15,0.5,0,9,10031,55.944,3.8463088081356642,0.01186225712535591,0.01798456924953507,60229.0,839.1238599718964,7.685956433120594,-0.688529064024765,15.380304659606795,-4.655342958580478,50.18046225362004,18.068155111110723,0.21709888192356025,92|89|5|84|108|12|107|5|116|5,188,174
334,4.218203974975392e-06,-0.688529064024765,-0.688529064024765,3.8463088081356642,3.8463088081356642,3.8463088081356642,17,0.5666666666666667,0,4,10061,55.944,3.8463088081356642,0.01103671922727512,0.018756711588511707,59497.0,809.2253266071607,7.685956433120594,-0.688529064024765,15.310390160220205,-4.472298714537732,49.46243542699514,17.403627125617025,0.21709888192356025,93|88|5|82|107|14|108|5|114|5,188,173
335,4.1760219352256385e-06,-0.688529064024765,-0.688529064024765,3.8463088081356642,3.8463088081356642,3.8463088081356642,14,0.4666666666666667,0,8,10091,55.944,3.8463088081356642,0.011108633189939746,0.018704439297566676,58953.0,801.1847243378522,7.685956433120594,-0.688529064024765,15.316480527131635,-4.484690396093619,48.92881986185314,17.224915843595355,0.21709888192356025,93|86|5|86|106|14|106|5|113|5,188,175
336,4.134261715873382e-06,-0.688529064024765,-0.688529064024765,3.8463088081356642,3.8463088081356642,3.8463088081356642,16,0.5333333333333333,0,5,10121,55.944,3.8463088081356642,0.015926608574006275,0.0168513470854442,58893.0,852.04327624294,7.694671477852803,-0.688529064024765,15.724513081199747,-4.923984870683647,48.86996520393307,18.355303432522273,0.21987776207206375,94|86|6|86|108|12|104|5|112|6,188,174
337,4.092919098714648e-06,-0.688529064024765,-0.688529064024765,3.8463088081356642,3.8463088081356642,3.8463088081356642,12,0.4,0,5,10151,55.944,3.8463088081356642,0.015833772121185963,0.01691067048534673,58718.0,846.9325593006164,7.694671477852803,-0.688529064024765,15.71665079633209,-4.90992165158392,48.69830578499952,18.24171209368702,0.21987776207206375,92|86|6|87|106|12|104|5|114|6,188,173
338,4.051989907727502e-06,-0.688529064024765,-0.688529064024765,3.8463088081356642,3.8463088081356642,3.8463088081356642,18,0.6,0,4,10181,55.944,3.8463088081356642,0.015449793153642605,0.01683578448164866,58575.0,847.7209576728782,7.694671477852803,-0.688529064024765,15.684131759528105,-4.927674145190815,48.55803551695668,18.259235119839985,0.21987776207206375,87|88|6|88|106|12|104|5|115|6,188,171
339,4.011470008650227e-06,-0.688529064024765,-0.688529064024765,3.8463088081356642,3.8463088081356642,3.8463088081356642,18,0.6,0,4,10211,55.944,3.8463088081356642,0.009083518444676766,0.018467461389415626,59444.0,850.3104671411129,7.685956433120594,-0.688529064024765,15.144974308041487,-4.54086843460117,49.410447145832414,18.316789832954193,0.21709888192356025,88|89|5|86|107|11|105|5|117|7,188,171
340,3.971355308563724e-06,-0.688529064024765,-0.688529064024765,3.8463088081356642,3.8463088081356642,3.8463088081356642,17,0.5666666666666667,0,9,10241,55.944,3.8463088081356642,0.009658641663665363,0.01877365961916594,60044.0,859.4322721568883,7.685956433120594,-0.688529064024765,15.193681280834223,-4.468281010414386,49.998993725033145,18.519532042321195,0.21709888192356025,86|92|5|86|110|11|105|5|116|6,187,172
341,3.931641755478087e-06,-0.688529064024765,-0.688529064024765,3.8463088081356642,3.8463088081356642,3.8463088081356642,11,0.36666666666666664,0,9,10271,55.944,3.8463088081356642,0.009663753311267051,0.018769222283214874,60470.0,859.7192189301878,7.685956433120594,-0.688529064024765,15.194114184379831,-4.469332926316061,50.41686179626567,18.525909751852243,0.21709888192356025,89|89|5|86|110|11|106|5|117|6,186,175
342,3.8923253379233065e-06,-0.688529064024765,-0.688529064024765,3.8463088081356642,3.8463088081356642,3.8463088081356642,14,0.4666666666666667,0,10,10301,55.944,3.8463088081356642,0.007342333876540819,0.02028284021710231,60252.0,857.4601381146982,7.685956433120594,-0.688529064024765,14.997514030683067,-4.110514303774044,50.20302320582274,18.475699181150624,0.21709888192356025,91|89|5|89|109|11|104|5|115|6,186,174
343,3.853402084544074e-06,-0.688529064024765,-0.688529064024765,3.8463088081356642,3.8463088081356642,3.8463088081356642,20,0.6666666666666666,0,6,10331,55.944,3.8463088081356642,0.006167710757735444,0.02041581319992765,59249.0,807.2397349225029,7.685956433120594,-0.688529064024765,14.898035633010336,-4.0789916972665035,49.21916950759217,17.359495153452297,0.21709888192356025,93|87|5|93|108|11|101|5|111|5,186,173
344,3.814868063698633e-06,-0.688529064024765,-0.688529064024765,3.8463088081356642,3.8463088081356642,3.8463088081356642,20,0.6666666666666666,0,4,10361,55.944,3.8463088081356642,0.0063497340666299725,0.020327473450020762,58670.0,824.6476129711118,7.685956433120594,-0.688529064024765,14.913451119746483,-4.099933539106264,48.651222058663464,17.74640450416333,0.21709888192356025,93|88|5|90|110|11|100|5|109|5,186,174
345,3.776719383061647e-06,-0.688529064024765,-0.688529064024765,3.8463088081356642,3.8463088081356642,3.8463088081356642,19,0.6333333333333333,0,5,10391,55.944,3.8463088081356642,0.006467063380611491,0.020314079772040097,58049.0,792.4682121309811,7.685956433120594,-0.688529064024765,14.923387695970858,-4.10310864755087,48.0420763491907,17.031181715345596,0.21709888192356025,92|85|5|94|108|11|100|5|108|5,186,174
346,3.7389521892310306e-06,-0.688529064024765,-0.688529064024765,3.8463088081356642,3.8463088081356642,3.8463088081356642,20,0.6666666666666666,0,6,10421,55.944,3.8463088081356642,0.0065702930534183,0.02022799594236923,58248.0,790.7682525650868,7.685956433120594,-0.688529064024765,14.932130178796793,-4.123515700410181,48.23727763129228,16.993398233060244,0.21709888192356025,90|86|5|95|109|11|101|5|107|5,187,173
347,3.70156266733872e-06,-0.688529064024765,-0.688529064024765,3.8463088081356642,3.8463088081356642,3.8463088081356642,15,0.5,0,10,10451,55.944,3.8463088081356642,0.00974663275512167,0.018705023487088104,58220.0,807.0463247175563,7.685956433120594,-0.688529064024765,15.201133213839295,-4.484551907988603,48.20981212426291,17.35519639764715,0.21709888192356025,91|85|5|96|107|11|102|5|107|5,187,173
348,3.6645470406653327e-06,-0.688529064024765,-0.688529064024765,3.8463088081356642,3.8463088081356642,3.8463088081356642,17,0.5666666666666667,0,7,10481,55.944,3.8463088081356642,0.007243204149394772,0.02017975224331727,57368.0,782.3839786188962,7.685956433120594,-0.688529064024765,14.989118770739392,-4.134952363026682,47.374075981797866,16.807048467761696,0.21709888192356025,90|85|5|98|103|11|103|5|105|5,187,173
349,3.627901570258679e-06,-0.688529064024765,-0.688529064024765,3.8463088081356642,3.8463088081356642,3.8463088081356642,21,0.7,0,3,10511,55.944,3.8463088081356642,0.007827887380304994,0.020212522640797696,57737.0,764.7463799722548,7.685956433120594,-0.688529064024765,15.038635377407426,-4.127183804911173,47.73603212800632,16.415033322583266,0.21709888192356025,94|84|5|101|100|12|103|5|104|5,187,175
350,3.5916225545560923e-06,-0.688529064024765,-0.688529064024765,3.8463088081356642,3.8463088081356642,3.8463088081356642,15,0.5,0,5,10541,55.944,3.8463088081356642,0.008013433578984768,0.02019881064549047,58340.0,766.1145494085924,7.685956433120594,-0.688529064024765,15.054349216377071,-4.130434373735899,48.327521440103055,16.44544240212748,0.21709888192356025,94|85|5|102|98|12|106|5|104|5,187,174
351,3.5557063290105313e-06,-0.688529064024765,-0.688529064024765,3.8463088081356642,3.8463088081356642,3.8463088081356642,16,0.5333333333333333,0,8,10571,55.944,3.8463088081356642,0.00491633250058041,0.020440015417755267,57626.0,766.2265026450461,7.685956433120594,-0.688529064024765,14.792056871047192,-4.07325431382981,47.627151010854185,16.447930686679182,0.21709888192356025,97|82|5|103|94|11|104|6|105|5,187,172
352,3.520149265720426e-06,-0.688529064024765,-0.688529064024765,3.8463088081356642,3.8463088081356642,3.8463088081356642,22,0.7333333333333333,0,2,10601,55.944,3.8463088081356642,0.008528803517118268,0.019728275693496986,57515.0,794.554366188867,7.685956433120594,-0.688529064024765,15.097995705905012,-4.241979499855376,47.51826989370205,17.07754879752333,0.21709888192356025,97|85|5|102|93|11|104|5|104|5,187,170
353,3.4849477730632215e-06,-0.688529064024765,-0.688529064024765,3.8463088081356642,3.8463088081356642,3.8463088081356642,20,0.6666666666666666,0,4,10631,55.944,3.8463088081356642,0.010749419168098724,0.019303713672262787,57990.0,809.5139949810764,7.765265288544557,-0.688529064024765,15.286058824423565,-4.342626272222596,47.98420260223596,17.410043099626645,0.24238731252950518,100|83|6|102|93|11|105|5|104|5,187,172
354,3.4500982953325893e-06,-0.688529064024765,-0.688529064024765,3.8463088081356642,3.8463088081356642,3.8463088081356642,14,0.4666666666666667,0,8,10661,55.944,3.8463088081356642,0.011137231804021522,0.019243785324629267,57258.0,809.9300660453038,7.765265288544557,-0.688529064024765,15.318902533185295,-4.356832900373368,47.26617577561107,17.419290739394132,0.24238731252950518,97|82|6|102|92|11|105|5|105|5,187,170
355,3.415597312379263e-06,-0.688529064024765,-0.688529064024765,3.8463088081356642,3.8463088081356642,3.8463088081356642,16,0.5333333333333333,0,8,10691,55.944,3.8463088081356642,0.013402428617815265,0.017116514020695354,56750.0,795.1158108322022,7.765265288544557,-0.688529064024765,15.510741213900824,-4.861124334797856,46.76787300522111,17.090027525936204,0.24238731252950518,95|85|6|102|92|11|104|5|103|5,188,171
356,3.3814413392554707e-06,-0.688529064024765,-0.688529064024765,3.8463088081356642,3.8463088081356642,3.8463088081356642,16,0.5333333333333333,0,3,10721,55.944,3.8463088081356642,0.011153865899944933,0.01773462788295016,57029.0,780.9766671649285,7.612474655893062,-0.688529064024765,15.320311268619413,-4.7145941175859285,47.04154716454945,16.77576941356667,0.19366847413005112,98|82|5|102|93|12|105|5|102|5,187,172
357,3.347626925862916e-06,-0.688529064024765,-0.688529064024765,3.8463088081356642,3.8463088081356642,3.8463088081356642,18,0.6,0,7,10751,55.944,3.8463088081356642,0.01178230872522878,0.017726301978460934,56527.0,781.1394296355816,7.612474655893062,-0.688529064024765,15.373533859157002,-4.716567858457622,46.5491298599515,16.779386989566724,0.19366847413005112,94|82|5|107|92|13|103|5|101|5,187,172
358,3.314150656604287e-06,-0.688529064024765,-0.688529064024765,3.8463088081356642,3.8463088081356642,3.8463088081356642,18,0.6,0,7,10781,55.944,3.8463088081356642,0.009570837361900397,0.019198563581765065,55960.0,781.2811257318917,7.612474655893062,-0.688529064024765,15.186245166979052,-4.367553177346968,45.99295334260681,16.782536342087955,0.19366847413005112,92|83|5|109|91|13|101|5|100|5,187,172
359,3.281009150038244e-06,-0.688529064024765,-0.688529064024765,3.8463088081356642,3.8463088081356642,3.8463088081356642,22,0.7333333333333333,0,4,10811,55.944,3.8463088081356642,0.00600433936748973,0.019420319441115778,56381.0,793.3414053025892,7.612474655893062,-0.688529064024765,14.88419977036893,-4.314983681299519,46.405916859012656,17.050589399735898,0.19366847413005112,95|84|5|107|96|12|99|6|98|5,187,173
360,3.2481990585378615e-06,-0.688529064024765,-0.688529064024765,3.8463088081356642,3.8463088081356642,3.8463088081356642,11,0.36666666666666664,0,7,10841,55.944,3.8463088081356642,0.0056103872964128245,0.01950113509829355,57036.0,792.6395681705236,7.612474655893062,-0.688529064024765,14.850836115113752,-4.295825502647474,47.04841354130679,17.03499029292264,0.19366847413005112,96|83|5|109|96|12|100|6|98|5,187,173
361,3.2157170679524828e-06,-0.688529064024765,-0.688529064024765,3.8463088081356642,3.8463088081356642,3.8463088081356642,20,0.6666666666666666,0,5,10871,55.944,3.8463088081356642,0.009058445321952652,0.01919945333273794,57117.0,838.8174121797838,7.646052281036244,-0.688529064024765,15.142850874547532,-4.36734225277258,47.12786732949889,18.0613439698595,0.20437503947898458,94|82|6|110|100|12|100|6|96|5,187,173
362,3.183559897272958e-06,-0.688529064024765,-0.688529064024765,3.8463088081356642,3.8463088081356642,3.8463088081356642,13,0.43333333333333335,0,11,10901,55.944,3.8463088081356642,0.008978233123040302,0.0192532901099772,56880.0,835.4268812367003,7.646052281036244,-0.688529064024765,15.136057733076145,-4.354579693728714,46.895391430714604,17.9859856681704,0.20437503947898458,95|83|6|110|100|12|96|6|97|5,186,173
363,3.1517242983002284e-06,-0.688529064024765,-0.688529064024765,3.8463088081356642,3.8463088081356642,3.8463088081356642,19,0.6333333333333333,0,4,10931,55.944,3.8463088081356642,0.006816687853173728,0.01933218417333953,57653.0,843.2878580272984,7.612474655893062,-0.688529064024765,14.95299726329577,-4.335877048557413,47.653635606918215,18.16070457517974,0.19366847413005112,98|83|5|109|103|12|94|6|98|5,187,174
364,3.120207055317226e-06,-0.688529064024765,-0.688529064024765,3.8463088081356642,3.8463088081356642,3.8463088081356642,18,0.6,0,9,10961,55.944,3.8463088081356642,0.007711327071508139,0.019349052728343936,58528.0,877.1203141257214,7.612474655893062,-0.688529064024765,15.028763927947839,-4.331878184950261,48.511932701585955,18.912668346148738,0.19366847413005112,98|82|5|110|105|13|96|6|98|5,188,174
365,3.089004984764054e-06,-0.688529064024765,-0.688529064024765,3.8463088081356642,3.8463088081356642,3.8463088081356642,15,0.5,0,7,10991,55.944,3.8463088081356642,0.010257531818929577,0.01905127559700714,60403.0,889.1992877124915,7.612474655893062,-0.688529064024765,15.244401066673488,-4.402469301571325,50.351140761588255,19.18113689898803,0.19366847413005112,100|85|5|109|107|13|98|5|100|5,188,175
366,3.0581149349164136e-06,-0.688529064024765,-0.688529064024765,3.8463088081356642,3.8463088081356642,3.8463088081356642,17,0.5666666666666667,0,7,11021,55.944,3.8463088081356642,0.01013292005486793,0.01912707612455869,60013.0,899.3323581261457,7.612474655893062,-0.688529064024765,15.233847742444153,-4.384500010725153,49.96858548510777,19.406355600745275,0.19366847413005112,101|85|5|109|107|13|97|5|98|5,187,174
367,3.0275337855672494e-06,-0.688529064024765,-0.688529064024765,3.8463088081356642,3.8463088081356642,3.8463088081356642,12,0.4,0,7,11051,55.944,3.8463088081356642,0.011761027598801738,0.018446271551521155,59633.0,893.8839723729718,7.612474655893062,-0.688529064024765,15.37173156842754,-4.545891702544128,49.595839318280646,19.285259198972618,0.19366847413005112,100|84|5|110|105|13|98|5|98|5,187,173
368,2.997258447711577e-06,-0.688529064024765,-0.688529064024765,3.8463088081356642,3.8463088081356642,3.8463088081356642,16,0.5333333333333333,0,9,11081,55.944,3.8463088081356642,0.011575979430408077,0.018431161679521704,60137.0,898.8494461783777,7.612474655893062,-0.688529064024765,15.356059907458704,-4.549473652345492,50.09021844480926,19.395622348384485,0.19366847413005112,97|83|5|112|107|13|99|5|99|5,187,173
369,2.9672858632344613e-06,-0.688529064024765,-0.688529064024765,3.8463088081356642,3.8463088081356642,3.8463088081356642,21,0.7,0,3,11111,55.944,3.8463088081356642,0.013994003515378665,0.017964459141940427,58776.0,923.0599282069138,7.765265288544557,-0.688529064024765,15.56084147326986,-4.660110265405225,48.75519862098893,19.933727099342953,0.24238731252950518,96|82|6|109|110|12|97|5|96|5,187,176
370,2.9376130046021165e-06,-0.688529064024765,-0.688529064024765,3.8463088081356642,3.8463088081356642,3.8463088081356642,16,0.5333333333333333,0,7,11141,55.944,3.8463088081356642,0.014403373253953642,0.01676520818406401,59437.0,896.0532341168876,7.685956433120594,-0.688529064024765,15.59551084508553,-4.9444049788552915,49.40358076907507,19.333473441427504,0.21709888192356025,96|85|5|108|110|12|97|5|98|5,187,176
371,2.9082368745560954e-06,-0.688529064024765,-0.688529064024765,3.8463088081356642,3.8463088081356642,3.8463088081356642,17,0.5666666666666667,0,4,11171,55.944,3.8463088081356642,0.013957217259338548,0.01740658219833341,59334.0,888.1142538473491,7.685956433120594,-0.688529064024765,15.557726058845725,-4.792360704549339,49.30254693964561,19.157020820791168,0.21709888192356025,94|87|5|106|106|13|98|5|103|5,187,177
372,2.8791545058105346e-06,-0.688529064024765,-0.688529064024765,3.8463088081356642,3.8463088081356642,3.8463088081356642,20,0.6666666666666666,0,5,11201,55.944,3.8463088081356642,0.010336625821399034,0.018824082928339973,59230.0,873.4961273656529,7.685956433120594,-0.688529064024765,15.251099508501525,-4.456327648910952,49.200532199250816,18.83211678539687,0.21709888192356025,94|85|5|110|103|13|99|6|102|5,187,175
373,2.8503629607524293e-06,-0.688529064024765,-0.688529064024765,3.8463088081356642,3.8463088081356642,3.8463088081356642,17,0.5666666666666667,0,8,11231,55.944,3.8463088081356642,0.010439397795675813,0.01882263035868067,57867.0,876.050301517136,7.685956433120594,-0.688529064024765,15.259803229008163,-4.456671995415197,47.86355055349981,18.888886131999236,0.21709888192356025,91|85|5|109|104|13|97|6|100|5,186,173
374,2.821859331144905e-06,-0.688529064024765,-0.688529064024765,3.8463088081356642,3.8463088081356642,3.8463088081356642,17,0.5666666666666667,0,6,11261,55.944,3.8463088081356642,0.012515863447089784,0.018575213328683192,58541.0,866.2862646046401,7.685956433120594,-0.688529064024765,15.435658337355774,-4.515324734596956,48.524684544135305,18.671869608125196,0.21709888192356025,92|84|5|112|105|13|98|5|98|5,186,173
375,2.793640737833456e-06,-0.688529064024765,-0.688529064024765,3.8463088081356642,3.8463088081356642,3.8463088081356642,18,0.6,0,4,11291,55.944,3.8463088081356642,0.011526628899510595,0.018551504422837296,59057.0,850.1982140893875,7.685956433120594,-0.688529064024765,15.351880429241918,-4.520945173379518,49.030834602247936,18.314294884676343,0.21709888192356025,90|86|5|111|102|12|99|5|104|5,186,174
376,2.7657043304551213e-06,-0.688529064024765,-0.688529064024765,3.8463088081356642,3.8463088081356642,3.8463088081356642,16,0.5333333333333333,0,8,11321,55.944,3.8463088081356642,0.009446547932200101,0.018523889540657718,59491.0,852.1260788704393,7.685956433120594,-0.688529064024765,15.175719141127614,-4.527491563828188,49.45654996120314,18.357143812536048,0.21709888192356025,89|88|5|112|101|12|98|6|106|6,186,174
377,2.73804728715057e-06,-0.688529064024765,-0.688529064024765,3.8463088081356642,3.8463088081356642,3.8463088081356642,16,0.5333333333333333,0,8,11351,55.944,3.8463088081356642,0.0117475985548244,0.01810760655303646,60397.0,861.611459115461,7.685956433120594,-0.688529064024765,15.370594267657825,-4.626175706544645,50.34525529579624,18.56796688365366,0.21709888192356025,89|91|5|111|102|11|99|5|107|7,186,174
378,2.710666814279064e-06,-0.688529064024765,-0.688529064024765,3.8463088081356642,3.8463088081356642,3.8463088081356642,15,0.5,0,8,11381,55.944,3.8463088081356642,0.011780742635277586,0.018088269205037175,60944.0,862.0124062161786,7.685956433120594,-0.688529064024765,15.37340122757802,-4.630759822798407,50.88181359383425,18.576878376598117,0.21709888192356025,89|93|5|111|102|11|102|5|105|7,186,174
379,2.6835601461362733e-06,-0.688529064024765,-0.688529064024765,3.8463088081356642,3.8463088081356642,3.8463088081356642,18,0.6,0,5,11411,55.944,3.8463088081356642,0.012654329729083716,0.017116659092011675,61057.0,847.8539520652333,7.685956433120594,-0.688529064024765,15.44738499558677,-4.861089944157572,50.99265653291705,18.26219106736275,0.21709888192356025,88|91|5|112|99|11|104|5|108|6,187,173
380,2.6567245446749103e-06,-0.688529064024765,-0.688529064024765,3.8463088081356642,3.8463088081356642,3.8463088081356642,19,0.6333333333333333,0,8,11441,55.944,3.8463088081356642,0.011808705732853733,0.016833261160795934,61317.0,844.5262609725994,7.685956433120594,-0.688529064024765,15.375769411973767,-4.928272324224199,51.24769338390404,18.18822945087953,0.21709888192356025,86|91|5|112|100|11|106|5|108|5,187,173
381,2.630157299228161e-06,-0.688529064024765,-0.688529064024765,3.8463088081356642,3.8463088081356642,3.8463088081356642,14,0.4666666666666667,0,8,11471,55.944,3.8463088081356642,0.013187594787943522,0.01679520554931204,61316.0,839.7529771446955,7.685956433120594,-0.688529064024765,15.492547016273184,-4.937293796411421,51.246712472938704,18.082137936367722,0.21709888192356025,87|91|5|111|99|12|105|5|110|5,187,174
382,2.6038557262358795e-06,-0.688529064024765,-0.688529064024765,3.8463088081356642,3.8463088081356642,3.8463088081356642,18,0.6,0,4,11501,55.944,3.8463088081356642,0.013362598986467761,0.016778991456853305,61132.0,849.9484151812367,7.685956433120594,-0.688529064024765,15.507368057147044,-4.941137512973942,51.066224855317145,18.308742827550766,0.21709888192356025,89|94|5|109|99|12|105|5|107|5,187,174
383,2.5778171689735205e-06,-0.688529064024765,-0.688529064024765,3.8463088081356642,3.8463088081356642,3.8463088081356642,16,0.5333333333333333,0,8,11531,55.944,3.8463088081356642,0.013976852558418944,0.016753505829879743,61515.0,862.6071027003782,7.685956433120594,-0.688529064024765,15.559388965065661,-4.947179141683894,51.44191375504028,18.590096163965956,0.21709888192356025,91|93|5|108|102|13|103|5|108|5,187,175
