temperature_step,temperature,current_energy,best_energy,current_D,best_E_D,best_D,accepted,acceptance_rate,new_bests,infeasible_proposals,blackbox_calls,security_pct,raw_DD,raw_S,raw_V,raw_N,raw_P,raw_C,z_DD,z_S,z_V,z_N,z_P,z_C,sizes,n_covered,n_overlap
1,0.0001189536880382469,-0.003925859393315002,-0.003925859393315002,6.414112515047458,6.414112515047458,6.414112515047458,17,0.5666666666666667,6,8,71,65.66466666666666,6.414112515047458,-0.15303017819271642,0.04001651587899815,9206.0,47.257149915420115,7.005463251815836,-0.004042608599772151,1.4156252733546808,0.5675554786754038,0.1314420693548309,0.4680413130871675,0.00011674920645714835,46|40|5|43|8|39|41|5|6|17,86,54
2,0.00011776415115786443,-0.0135132250030371,-0.0135132250030371,6.321200352494846,6.321200352494846,6.320483764293801,17,0.5666666666666667,9,5,101,65.51266666666666,6.321200352494846,-0.10279578999665462,0.03222474622576148,9407.0,77.57623940770485,7.053069582382037,-0.028809734155484653,5.6699570379947355,-1.2795632634754057,0.3286051733870773,1.1419166238432081,0.015296509152447553,47|41|6|45|9|37|41|6|8|15,91,54
3,0.00011658650964628578,-0.07245853996531841,-0.07245853996531841,6.241898381758682,6.241898381758682,6.241898381758682,13,0.43333333333333335,7,5,131,65.56333333333333,6.241898381758682,-0.09252219172684015,0.02988324530775242,9501.0,87.52747857068371,6.934502888396382,-0.04994885967014288,6.540024277309682,-1.8346400204764621,0.42081080412852584,1.3630939248656055,-0.022509680295175534,49|41|6|45|9|36|40|5|10|16,94,55
4,0.00011542064454982293,-0.12548110005159852,-0.12548110005159852,6.041303648460585,6.041303648460585,6.041303648460585,11,0.36666666666666664,4,5,161,65.39133333333332,6.041303648460585,-0.0902478980759374,0.029711111791396804,9532.0,104.16238041274087,6.935910916754551,-0.10342038383787906,6.732633365796864,-1.8754460322507842,0.4512190440538972,1.7328230241205504,-0.022060716213719442,48|43|5|46|11|35|39|5|11|15,96,55
5,0.0001142664381043247,-0.1256314273884132,-0.1256314273884132,6.040744136682343,6.040744136682343,6.040744136682343,16,0.5333333333333333,3,9,191,65.39133333333332,6.040744136682343,-0.08463793976883621,0.02866734411144577,9840.0,113.80745793517887,6.935907212590747,-0.10356953006460445,7.207738660820205,-2.122881843355384,0.7533396213769414,1.9471955439270228,-0.022061897323808765,49|45|5|47|14|35|37|5|13|14,97,57
6,0.00011312377372328146,-0.1337982612820535,-0.1337982612820535,6.012234532071691,6.012234532071691,6.012234532071691,16,0.5333333333333333,4,9,221,65.34466666666667,6.012234532071691,-0.08202489881225694,0.02745621258939023,10053.0,116.9773867732926,6.934128461757587,-0.11116919126650468,7.429036133390043,-2.409992966137247,0.9622736569932024,2.0176507197462703,-0.02262907001554881,51|45|5|47|15|35|35|5|18|13,100,58
7,0.00011199253598604864,-0.1399446398625924,-0.1399446398625924,5.989249156262321,5.989249156262321,5.989249156262321,16,0.5333333333333333,5,10,251,65.304,5.989249156262321,-0.07402864396120093,0.022955212181002046,10313.0,129.11014915944952,6.934067986559518,-0.11729628671855095,8.106236000505607,-3.477001179003076,1.2173105079801878,2.287314788166967,-0.022648353144041452,52|47|5|47|19|34|34|5|18|12,105,58
8,0.00011087261062618815,-0.14063406819860216,-0.14083760605002812,5.986678617677495,5.985923163516791,5.985923163516791,16,0.5333333333333333,6,4,281,65.304,5.986678617677495,-0.07012951665574754,0.022307360101548993,10350.0,145.8055167851222,6.934054774314305,-0.11798150219655837,8.436451650494677,-3.63058114496139,1.2536042136975665,2.6583878063655986,-0.022652566002043788,51|49|5|46|21|32|33|5|22|12,107,60
9,0.00010976388451992627,-0.1435623780337155,-0.1435816382086603,5.975729503809165,5.9756572505918415,5.9756572505918415,15,0.5,1,11,311,65.304,5.975729503809165,-0.06844096695312059,0.021674291701706545,10648.0,171.8979868424435,6.9340244792346715,-0.1209001521391551,8.579454300552282,-3.7806564883625726,1.5459156813672652,3.2383218236039597,-0.022662225894560385,51|52|5|47|23|31|33|5|19|12,109,62
10,0.000108666245674727,-0.14324319792728477,-0.1435816382086603,5.976921857860629,5.9756572505918415,5.9756572505918415,17,0.5666666666666667,0,5,341,65.304,5.976921857860629,-0.06787940652401646,0.02153683600356645,11342.0,174.44874754216585,6.934028682687912,-0.12058231234629986,8.627012645683873,-3.813241768414393,2.2266678913094493,3.295015302464105,-0.02266088558098491,53|53|5|48|25|31|34|5|22|12,117,64
11,0.00010757958321797972,-0.14399656215569154,-0.14417826822319985,5.974093988670266,5.9734035773952465,5.9734035773952465,17,0.5666666666666667,2,11,371,65.304,5.974093988670266,-0.06628392146816049,0.02132928822543168,11960.0,180.40635519671818,6.934030083203205,-0.1213361231431713,8.7621336852125,-3.862443093395201,2.8328708678862067,3.427429724427391,-0.022660439012520243,56|55|5|48|27|29|35|5|23|11,121,65
12,0.00010650378738579992,-0.14500646795072777,-0.14500646795072777,5.970302850439194,5.970302850439194,5.970302850439194,21,0.7,3,4,401,65.304,5.970302850439194,-0.05977687572212844,0.017073473921097614,13119.0,186.0842248334139,6.934032211914936,-0.12234670769947054,9.313212983785114,-4.871327430906839,3.9697466767089606,3.5536266594255306,-0.022659760251257235,64|55|5|48|29|28|37|5|23|11,130,67
13,0.00010543874951194192,-0.14508989124502597,-0.14508989124502597,5.969992748385223,5.969992748385223,5.969992748385223,18,0.6,3,8,431,65.304,5.969992748385223,-0.057524286198812745,0.01665984114426857,13873.0,189.95239687823215,6.9340298254227966,-0.1224293700366155,9.503983957730979,-4.969383314031083,4.7093535445712185,3.639601063090358,-0.022660521208410462,64|57|5|52|31|29|36|5|24|10,134,70
14,0.00010438436201682251,-0.14592190936690294,-0.14592190936690294,5.966897736856406,5.966897736856406,5.966897736856406,17,0.5666666666666667,3,8,461,65.34266666666669,5.966897736856406,-0.05659558122744176,0.01634359169157998,14428.0,209.05250762862224,6.934007883066874,-0.12325439161640257,9.582635638413585,-5.044353483485898,5.253759130331899,4.06412215798238,-0.02266751775050037,68|58|5|50|34|28|35|5|25|10,137,71
15,0.00010334051839665428,-0.19826106675224756,-0.19826106675224756,5.77088744575001,5.77088744575001,5.77088744575001,15,0.5,3,9,491,64.90533333333335,5.77088744575001,-0.055868798196699196,0.01655566075516701,15164.0,215.8602834775777,6.933726616149683,-0.17550386420073597,9.644186624595037,-4.994080341514964,5.975709600818134,4.21543250874142,-0.0227572025515116,71|61|5|49|34|28|33|5|29|9,139,74
16,0.00010230711321268774,-0.1982048399918491,-0.19826106675224756,5.771095254686431,5.77088744575001,5.77088744575001,19,0.6333333333333333,0,6,521,64.90533333333335,5.771095254686431,-0.06173977257646639,0.018771085554860904,15105.0,257.5556956709959,6.933729226016938,-0.1754484696229054,9.146975974875417,-4.468891218702481,5.917835853863395,5.1421591789499965,-0.022756370368943717,68|60|5|48|40|27|34|5|31|9,143,74
17,0.00010128404208056087,-0.1982048399918491,-0.19826106675224756,5.771095254686431,5.77088744575001,5.77088744575001,17,0.5666666666666667,0,11,551,64.90533333333335,5.771095254686431,-0.060541712175185135,0.01796656870976787,15847.0,259.0863600640183,6.933729226016938,-0.1754484696229054,9.248439267336252,-4.659610170761091,6.645671790141638,5.176179888700323,-0.022756370368943717,69|62|5|52|41|27|34|5|29|9,145,78
18,0.00010027120165975526,-0.19828425592284474,-0.19835883424952708,5.770801794991798,5.770525114772085,5.770525114772085,17,0.5666666666666667,2,9,581,64.90533333333335,5.770801794991798,-0.06030799020171649,0.017885265084102618,15727.0,262.6754152083747,6.933725494401055,-0.17552669569043874,9.268233094862156,-4.678884027337269,6.527962474301491,5.255950610421343,-0.022757560232405997,66|63|5|52|43|27|33|5|30|9,146,78
19,9.926848964315771e-05,-0.19863942137959575,-0.19867499682850612,5.770239196372503,5.770105737530677,5.770105737530677,11,0.36666666666666664,1,12,611,64.90533333333335,5.770239196372503,-0.059169381390408046,0.01785413549193046,15623.0,259.34290918465064,6.933081963341467,-0.17567666476078148,9.364661454147484,-4.686263615761424,6.425947733906697,5.1818819767671265,-0.022962756618814268,64|64|5|53|42|28|32|5|30|10,146,79
20,9.827580474672613e-05,-0.1985934776149608,-0.19867499682850612,5.770410297325565,5.770105737530677,5.770105737530677,14,0.4666666666666667,0,14,641,64.90533333333335,5.770410297325565,-0.058353065486700176,0.017415559088066558,15907.0,258.8236288002406,6.933083011601746,-0.17563105524453773,9.433794946240008,-4.7902326409629845,6.704526448061712,5.170340395661834,-0.022962422370423057,66|66|5|49|44|28|32|5|30|10,148,81
21,9.729304669925887e-05,-0.20326985811491516,-0.20326985811491516,5.76663639145836,5.76663639145836,5.76663639145836,19,0.6333333333333333,2,9,671,64.90533333333335,5.76663639145836,-0.04950406386266197,0.021995358781364525,15952.0,273.48407556630417,6.921572040684931,-0.1766370462567002,10.183213622298425,-3.704544251128053,6.748667441501767,5.4961850462018,-0.02663281185821494,64|63|6|52|47|28|32|5|32|9,148,82
22,9.632011623226628e-05,-0.20441485261641998,-0.20441485261641998,5.760681446928384,5.760681446928384,5.760681446928384,16,0.5333333333333333,4,10,701,64.736,5.760681446928384,-0.04863464521697973,0.02199805032801342,16394.0,295.19978862922954,6.9229594357997035,-0.17822442572133923,10.256844365976642,-3.703906192447958,7.182230088179642,5.978840796543237,-0.026190426895080745,63|65|5|52|50|27|30|6|35|9,149,85
23,9.535691506994362e-05,-0.20614603035737875,-0.20614603035737875,5.758277612871549,5.758277612871549,5.758277612871549,18,0.6,2,11,731,64.736,5.758277612871549,-0.040900367013644856,0.021033675453146237,17305.0,316.94517681965226,6.919539754874508,-0.1788652036159128,10.911857527649632,-3.9325211265517352,8.075839977599426,6.462156109427575,-0.02728082674146596,65|66|5|55|50|27|32|5|36|10,151,89
24,9.440334591924419e-05,-0.2061020424412877,-0.20615939393200933,5.7584384409088125,5.758227058644638,5.758227058644638,12,0.4,1,12,761,64.736,5.7584384409088125,-0.03963967817998618,0.020856856265928394,17406.0,355.3972787470727,6.919543257347983,-0.17882233249890983,11.018624798894743,-3.974437924560039,8.174911985098216,7.316796620388735,-0.02727970994237785,66|65|5|55|51|27|32|5|36|10,152,89
25,9.345931246005174e-05,-0.20615939393200933,-0.20615939393200933,5.758227058644638,5.758227058644638,5.758227058644638,13,0.43333333333333335,0,11,791,64.736,5.758227058644638,-0.038427994507566746,0.02097271251980442,18197.0,407.9735265248809,6.919540107411908,-0.17887867960065865,11.121241841151742,-3.946973013833258,8.950812558677852,8.485361900644692,-0.027280714331350694,67|65|5|57|55|27|31|5|37|10,152,95
26,9.252471933545123e-05,-0.2062953432302709,-0.2062953432302709,5.757719353323775,5.757719353323775,5.757719353323775,8,0.26666666666666666,1,18,821,64.736,5.757719353323775,-0.03822666045269022,0.021019156731193134,18204.0,383.82726550731593,6.919538185387159,-0.17901401604189143,11.13829274782591,-3.935962938184413,8.957678935435194,7.948684532712891,-0.027281327188379476,66|69|5|55|54|26|32|5|36|10,152,94
27,9.159947214209672e-05,-0.2063313958230207,-0.2063313958230207,5.757584104509759,5.757584104509759,5.757584104509759,14,0.4666666666666667,1,12,851,64.736,5.757584104509759,-0.03765274745681106,0.020786522521945214,18678.0,400.7278592867407,6.919538185387159,-0.17905006863464124,11.186897227270924,-3.9911112584108417,9.422630733003775,8.32431892925272,-0.027281327188379476,64|66|5|61|55|25|32|5|41|10,154,95
28,9.068347742067575e-05,-0.20763743562752374,-0.20763743562752374,5.752714360062622,5.752714360062622,5.752714360062622,14,0.4666666666666667,1,13,881,64.736,5.752714360062622,-0.03729881010987692,0.02033781609575549,18829.0,400.1825238126033,6.919513294720129,-0.1803481717982414,11.21687205033192,-4.097481709081732,9.570748288769293,8.312198244949382,-0.02728926382928233,61|67|5|63|56|24|32|5|42|10,153,96
29,8.977664264646899e-05,-0.20754237036109754,-0.20763743562752374,5.753078865010801,5.752714360062622,5.752714360062622,18,0.6,0,9,911,64.736,5.753078865010801,-0.036298513313322046,0.0199755101729818,19529.0,404.06074480064063,6.919506711973754,-0.18025100755656176,11.301586816221809,-4.183370036140981,10.257385964503484,8.398395997495985,-0.027291362804535785,61|71|5|64|55|24|34|5|42|10,154,100
30,8.88788762200043e-05,-0.2077506691496435,-0.2077506691496435,5.752306639461688,5.752306639461688,5.752306639461688,12,0.4,1,11,941,64.736,5.752306639461688,-0.036418861596793396,0.019885537413066222,20003.0,403.4939392808059,6.919499026700616,-0.18045685581804619,11.291394564587456,-4.204698999716549,10.722337762072065,8.385798117671326,-0.027293813331597312,63|72|5|67|55|24|33|5|39|10,156,101
31,8.799008745780425e-05,-0.20764527464793883,-0.20778759647678008,5.75270015711881,5.752170022947892,5.752170022947892,15,0.5,1,9,971,64.736,5.75270015711881,-0.03636244308822242,0.019827955508595757,20652.0,402.7789020566039,6.919500583774781,-0.1803519578051857,11.296172627220374,-4.21834937950055,11.358948978574194,8.369905624204996,-0.02729331684275313,64|74|5|69|54|24|34|5|39|10,158,105
32,8.711018658322622e-05,-0.2143396345847844,-0.2144423495986129,5.754121174126237,5.753736446635231,5.746291518960438,14,0.4666666666666667,4,11,1001,64.736,5.754121174126237,-0.02821538572601151,0.021783314952147,20757.0,437.5456373669052,6.897317962089764,-0.1799731644839152,11.986143903253865,-3.75481141103343,11.461944629934322,9.142634784398416,-0.03436647010086917,63|74|6|69|56|21|37|5|38|10,158,107
33,8.623908471739395e-05,-0.2169478473756962,-0.2169478473756962,5.744339836684577,5.744339836684577,5.744339836684577,12,0.4,2,16,1031,64.736,5.744339836684577,-0.027138677105107544,0.02206528862199176,20784.0,456.06328860856183,6.897315292869251,-0.18258052616687248,12.077329958298378,-3.687966666701577,11.488429225998356,9.554210072242027,-0.03436732120882371,64|71|6|69|58|22|36|5|40|9,157,107
34,8.537669387022e-05,-0.21822802101496622,-0.21822802101496622,5.737454001414764,5.737454001414764,5.724293184727568,16,0.5333333333333333,2,9,1061,64.736,5.737454001414764,-0.027350628064352102,0.022174620782832426,21177.0,442.39448888896834,6.899056961526027,-0.1844160484709286,12.059379909918357,-3.6620483590004818,11.873927235374838,9.250405874525368,-0.03381197254403762,63|74|6|68|58|21|35|5|44|9,158,105
35,8.45229269315178e-05,-0.3768653717475897,-0.3768653717475897,5.09019562824994,5.09019562824994,5.089074987433333,11,0.36666666666666664,3,8,1091,61.38466666666666,5.09019562824994,-0.025640995461463735,0.022751240291679544,21254.0,466.4038692069426,6.942646741889521,-0.3569524414978574,12.204168063004742,-3.5253548029430495,11.9494573797056,9.78404091745606,-0.019912930249732362,63|73|6|67|59|22|35|5|46|10,158,106
36,8.367769766220262e-05,-0.3768281574247746,-0.376925174249675,5.090334192647625,5.089973284708244,5.089074987433333,14,0.4666666666666667,1,9,1121,61.38466666666666,5.090334192647625,-0.026499855596604283,0.022086625559348125,22175.0,491.7152437860788,6.942647613468228,-0.35691550508672726,12.131431515680811,-3.6829085273256688,12.852876378778728,10.346614223442653,-0.019912652338047326,65|73|6|67|64|21|35|5|47|10,161,106
37,8.284092068558059e-05,-0.3957694249971345,-0.3957694249971345,5.0776470657071995,5.0776470657071995,5.0776470657071995,16,0.5333333333333333,2,10,1151,61.38466666666666,5.0776470657071995,-0.027313298878058,0.02210191056218693,23069.0,483.2711258893286,6.893850904086233,-0.36029744838932615,12.06254130490498,-3.679285060966437,13.729810781787824,10.158934360128116,-0.03547197660780835,65|78|6|65|64|20|36|5|51|9,162,110
38,8.201251147872478e-05,-0.3961212923439004,-0.3961212923439004,5.078440711936003,5.078440711936003,5.062594108237769,14,0.4666666666666667,3,5,1181,61.38466666666666,5.078440711936003,-0.02734292081264874,0.0222375526224299,22978.0,507.1994243100082,6.892083904742269,-0.3600858901255255,12.060032634215737,-3.6471297223400363,13.640547883942379,10.690767268177746,-0.036035402218374916,64|77|6|67|64|20|35|5|51|9,161,108
39,8.119238636393754e-05,-0.3966271794194632,-0.3966271794194632,5.076376714745896,5.076376714745896,5.062594108237769,13,0.43333333333333335,2,10,1211,61.38466666666666,5.076376714745896,-0.02683735208991307,0.022269699774698483,22899.0,507.2475718157891,6.892222844111944,-0.3606360794242093,12.102849062435153,-3.639508910880677,13.563055917680948,10.691837399766905,-0.03599109999525392,64|78|6|65|63|20|36|5|52|8,161,109
40,8.038046250029816e-05,-0.3981413694610454,-0.3981413694610454,5.070749986599835,5.070749986599835,5.062594108237769,18,0.6,4,9,1241,61.38466666666666,5.070749986599835,-0.026351257371350273,0.022095625427616172,24701.0,527.5872366471968,6.892177991968704,-0.3621359679063275,12.144016244440717,-3.6807750164424395,15.330657477213824,11.1439089556237,-0.03600540155471785,65|82|6|67|65|18|35|5|58|8,164,114
41,7.957665787529519e-05,-0.4235657690672587,-0.4235657690672587,4.973205850529356,4.973205850529356,4.960880213197312,17,0.5666666666666667,3,9,1271,60.980666666666664,4.973205850529356,-0.025250967862306205,0.02237626294026524,25266.0,522.6700353978545,6.893988967047275,-0.3881378152308156,12.237199356183947,-3.614247021848894,15.88487217262785,11.034618717181884,-0.03542795383644307,65|83|5|70|65|18|35|5|58|8,165,114
42,7.878089129654223e-05,-0.4242668568102909,-0.4242668568102909,4.970598827569156,4.970598827569156,4.960880213197312,12,0.4,2,11,1301,60.980666666666664,4.970598827569156,-0.026538889852460508,0.02218763198223412,25887.0,511.3942582226291,6.893969689598523,-0.3888327561643596,12.128125718983338,-3.658963921017546,16.49401788210061,10.784002093292026,-0.03543410064593134,63|85|5|72|65|17|36|5|60|7,166,116
43,7.79930823835768e-05,-0.4243797313893982,-0.4243797313893982,4.970181165491189,4.970181165491189,4.960880213197312,17,0.5666666666666667,2,6,1331,60.980666666666664,4.970181165491189,-0.03222991909475246,0.022458762873265693,26276.0,499.9433946230074,6.893964858294905,-0.38894409023344895,11.646154556430666,-3.5946895683751485,16.875592247615756,10.529493979894237,-0.035435641155949285,69|86|5|71|63|16|34|6|60|6,165,116
44,7.721315155974103e-05,-0.42730561706830217,-0.42730561706830217,4.958717703140112,4.958717703140112,4.958717703140112,15,0.5,2,7,1361,60.980666666666664,4.958717703140112,-0.0356153897953488,0.02541475924471017,26709.0,497.4867907546926,6.894372157714614,-0.39199984745136457,11.359440294407777,-2.8939403750058617,17.30032669560562,10.474893240792676,-0.0353057696169376,70|88|5|73|63|14|35|6|57|6,165,118
45,7.644102004414361e-05,-0.4271665406053215,-0.4273056170694769,4.959231950620425,4.9587177031371175,4.9587177031371175,17,0.5666666666666667,1,8,1391,60.980666666666664,4.959231950620425,-0.03254600459914372,0.025714030965816058,27298.0,497.51347956406397,6.89437841786221,-0.391862767099754,11.619385391920776,-2.8229949505834666,17.878083254187676,10.475486429110994,-0.03530377350556751,71|91|5|75|62|14|36|5|54|7,166,120
46,7.567660984370217e-05,-0.4396703818337096,-0.4396703818337096,4.907949418063536,4.907949418063536,4.9079488632020345,16,0.5333333333333333,2,11,1421,61.20866666666666,4.907949418063536,-0.03160807587813519,0.024865407926341714,27837.0,482.3085146701692,6.8980360853620555,-0.4055328926006233,11.69881822855016,-3.0241697274305865,18.406794264503002,10.137539260693703,-0.03413748923308629,71|91|5|77|62|13|35|5|57|7,166,124
47,7.491984374526515e-05,-0.4514956244007215,-0.45149697073466005,4.864078318572867,4.864083624314798,4.864078318572867,18,0.6,4,5,1451,60.9,4.864078318572867,-0.030569836056125666,0.024989605058647533,27877.0,460.8948173971257,6.897626045620951,-0.4172273898494338,11.78674637523824,-2.9947275261062485,18.446030703116385,9.661596145450087,-0.03426823455128767,72|90|5|75|61|12|36|5|61|6,166,124
48,7.417064530781249e-05,-0.454647406222924,-0.45464813355473127,4.8523433233550195,4.852356668989327,4.8523433233550195,15,0.5,3,11,1481,60.998666666666665,4.8523433233550195,-0.031013501133420295,0.0249307186384668,28081.0,457.02406681769025,6.897551895674118,-0.4203555282112068,11.749172543865413,-3.0086871546905987,18.646136540044633,9.575564431000354,-0.03429187801171721,72|89|5|77|61|10|36|5|62|6,165,124
49,7.342893885473437e-05,-0.45552470646547416,-0.4555797312434213,4.850289295275955,4.8500855485913785,4.8500855485913785,13,0.43333333333333335,2,11,1511,60.998666666666665,4.850289295275955,-0.028908740246103525,0.02488586702206487,28382.0,457.2320410844058,6.896517685542722,-0.42090306009434797,11.927423965280868,-3.019319689398212,18.941390740610338,9.580186889192836,-0.03462164637112617,73|88|5|79|61|11|36|5|62|6,164,126
50,7.269464946618703e-05,-0.45556671156039147,-0.4555797312434213,4.850127625774506,4.8500855485913785,4.843556985837006,13,0.43333333333333335,0,14,1541,60.998666666666665,4.850127625774506,-0.028752701503878163,0.024632403565703256,28772.0,429.4469635164685,6.896521104995002,-0.42094615551620573,11.940638828672315,-3.0794057958325034,19.323946017090815,8.962632797232422,-0.034620556044185756,74|88|5|82|61|12|34|5|61|6,165,125
51,7.196770297152516e-05,-0.4557838100210623,-0.4557838100210623,4.849312164794935,4.849312164794935,4.843556985837006,23,0.7666666666666667,4,4,1571,60.998666666666665,4.849312164794935,-0.028959791420509806,0.025237951281241556,29628.0,471.02331130892225,6.896521966974817,-0.4211635288278577,11.92310046019405,-2.93585451230954,20.163605803417198,9.88671312938984,-0.03462028119320462,73|89|5|84|64|12|30|5|64|6,166,125
52,7.12480259418099e-05,-0.45577204963594775,-0.4557838100210623,4.849445914803268,4.849312164794935,4.843556985837006,17,0.5666666666666667,0,4,1601,60.998666666666665,4.849445914803268,-0.028794641418969324,0.025279887098290744,30129.0,504.47603921364316,6.896447035437123,-0.42112787576416344,11.937086952768457,-2.9259131976806114,20.655042197049813,10.630237021100625,-0.034644173871784284,74|89|5|84|62|12|29|5|69|6,166,128
53,7.053554568239181e-05,-0.4557726108298795,-0.4557838100210623,4.849439569203955,4.849312164794935,4.843556985837006,15,0.5,0,6,1631,60.998666666666665,4.849439569203955,-0.027988759227848926,0.024787954944535916,29522.0,517.6268680344033,6.896450580315762,-0.421129567278499,12.005336817599296,-3.04253074946998,20.059629241091734,10.922528742477823,-0.03464304355138056,75|86|5|81|63|12|29|5|70|6,165,128
54,6.98301902255679e-05,-0.45739996725661414,-0.45739996725661414,4.843414394086092,4.843414394086092,4.836902094369573,15,0.5,3,8,1661,61.042,4.843414394086092,-0.03041498730095883,0.027526570053662668,29928.0,538.8085781133768,6.896383918013433,-0.42273566775597715,11.799860459065641,-2.393314009149107,20.457879093017564,11.393315685649215,-0.03466429950063698,75|89|5|81|65|11|30|5|67|6,165,128
55,6.913188832331222e-05,-0.4573964048857333,-0.4574504750238766,4.843425067867019,4.843226023848012,4.836902094369573,20,0.6666666666666666,1,6,1691,61.042,4.843425067867019,-0.03025006707382947,0.027606253945136595,30574.0,541.7089591625648,6.896386167009213,-0.42273282250014493,11.813827492130116,-2.3744241271403568,21.09154757662369,11.457779863616363,-0.034663582385588386,76|91|5|81|65|11|30|5|68|6,167,129
56,6.84405694400791e-05,-0.45794776408382887,-0.4580748080586505,4.841395967118242,4.840926474497177,4.836902094369573,11,0.36666666666666664,5,0,1721,61.042,4.841395967118242,-0.03036556998791292,0.02734114922733507,30471.0,545.8562252970382,6.896353324809867,-0.42327370963084443,11.804045593037886,-2.4372699137429406,20.990513747194232,11.54995744222958,-0.034674054452984444,75|91|5|80|66|11|29|5|69|6,166,129
57,6.775616374567832e-05,-0.45923446980665406,-0.45923446980665406,4.845583438591892,4.845583438591892,4.836902094369573,13,0.43333333333333335,3,4,1751,60.73866666666667,4.845583438591892,-0.030064511775456916,0.02726506983319165,31131.0,581.3844024809738,6.888817296532695,-0.42215747652530095,11.829542101749379,-2.4553053127688105,21.63791498431504,12.339610490567745,-0.03707699328135309,77|92|5|80|67|11|27|5|70|7,166,132
58,6.707860210822154e-05,-0.4752394929293601,-0.4752394929293601,4.783796694153012,4.783796694153012,4.783796694153012,20,0.6666666666666666,5,2,1781,60.876666666666665,4.783796694153012,-0.0305173518844096,0.027256107646507044,31751.0,530.8627961306377,6.890276108807883,-0.43862765669498466,11.791191240337444,-2.4574298908470285,22.246079782822466,11.216711889411185,-0.0366118362343754,77|94|5|81|66|9|27|5|72|5,166,131
59,6.640781608713933e-05,-0.47554332551853773,-0.47554332551853773,4.778799086504038,4.778799086504038,4.778799086504038,15,0.5,2,3,1811,60.876666666666665,4.778799086504038,-0.031126438896118647,0.027315433582425292,32882.0,531.7856144728884,6.893501204640796,-0.43995984370602575,11.73960788649565,-2.4433660705588203,23.35549008461585,11.237222548127166,-0.035583481812511995,79|97|5|80|66|10|26|5|75|5,166,133
60,6.574373792626794e-05,-0.4901580241433188,-0.4901580241433188,4.71555169391935,4.71555169391935,4.71555169391935,14,0.4666666666666667,7,2,1841,61.13333333333333,4.71555169391935,-0.03262857169786503,0.028167154796645767,33383.0,506.73784735740924,6.900541405175705,-0.4568193814692264,11.612392814855175,-2.2414568396794694,23.846926478248466,10.68050820969086,-0.03333864267409243,83|98|5|79|66|8|23|5|75|5,166,134
61,6.508630054700526e-05,-0.4901613713936894,-0.4901855137177285,4.715405611871442,4.715317567470639,4.651994046591466,16,0.5333333333333333,3,4,1871,61.13333333333333,4.715405611871442,-0.03288437009907824,0.028450326706946184,33651.0,514.2882997901661,6.900653031250356,-0.45685832182237907,11.590729342825256,-2.174328040184059,24.10981061695813,10.848325369265112,-0.03330304957131039,83|97|5|80|66|8|23|5|77|5,169,134
62,6.44354375415352e-05,-0.4963444655670172,-0.4963444655670172,4.696790454491026,4.696790454491026,4.651994046591466,16,0.5333333333333333,1,5,1901,61.21799999999999,4.696790454491026,-0.03233432389561201,0.028488767122381554,33504.0,512.0442681587871,6.896823935954104,-0.4618204702366842,11.637312552444389,-2.1652153462818156,23.965616705053947,10.798449283331635,-0.034523995330333006,85|96|5|79|65|8|23|5|77|5,170,132
63,6.379108316611985e-05,-0.4966531676040102,-0.49665418846360077,4.699494984369002,4.699490567464862,4.651994046591466,19,0.6333333333333333,4,5,1931,61.21799999999999,4.699494984369002,-0.031135968221466755,0.028115592078565205,34307.0,508.33164206772295,6.893594824332282,-0.46109953737690845,11.738800851454917,-2.25368030972562,24.753288210217598,10.715932060594012,-0.03555363022710175,84|97|5|82|67|7|24|5|77|5,171,132
64,6.315317233445866e-05,-0.49984147800878237,-0.49984147800878237,4.6865265082734355,4.6865265082734355,4.651994046591466,17,0.5666666666666667,4,1,1961,61.17799999999999,4.6865265082734355,-0.0319838568436349,0.027827350803085255,33958.0,504.6555345783877,6.894437296341383,-0.4645564785017399,11.666993477508443,-2.322010854119897,24.410950283315838,10.634226504186099,-0.03528499950704247,83|94|5|86|66|6|21|5|77|5,171,133
65,6.252164061111408e-05,-0.5006557534581023,-0.5006580305385074,4.683560501227407,4.683551848972408,4.651994046591466,12,0.4,2,5,1991,61.17799999999999,4.683560501227407,-0.03226290800908093,0.027958384862122605,34462.0,498.69536837958844,6.894363151155136,-0.46534711200859125,11.643360737472209,-2.290947889340459,24.905329409844455,10.501755215746005,-0.03530864144951111,81|96|5|85|65|6|20|5|82|5,172,132
66,6.189642420500293e-05,-0.5010601189564271,-0.5010601189564271,4.682084808884497,4.682084808884497,4.651994046591466,14,0.4666666666666667,2,1,2021,61.17799999999999,4.682084808884497,-0.029323715280392227,0.025368819533844494,34399.0,502.6248713443679,6.894328660641033,-0.4657404798576903,11.892279883043482,-2.904830853642346,24.843532019028377,10.589092766967038,-0.035319639098736824,85|96|5|83|66|6|19|5|79|5,173,133
67,6.12774599629529e-05,-0.5072968246144947,-0.5072968246144947,4.65626957731234,4.65626957731234,4.651994046591466,15,0.5,5,3,2051,61.226,4.65626957731234,-0.026743766713288496,0.02535703086927487,34419.0,555.685703932585,6.8963506449377325,-0.4726219156571783,12.110774773382918,-2.9076254772311527,24.86315023833507,11.768428480806929,-0.034674908957316314,86|97|5|81|68|5|20|5|77|5,172,134
68,6.066468536332337e-05,-0.5073923151242525,-0.5073923151242525,4.656195324937975,4.656195324937975,4.651994046591466,12,0.4,3,0,2081,61.226,4.656195324937975,-0.026145596592843816,0.023912177111923248,34468.0,505.1413783570072,6.896113244816086,-0.4726417087373112,12.161433579739512,-3.250142847949701,24.911214875636464,10.645024919731508,-0.03475060638694132,87|101|5|78|67|5|20|5|75|5,172,135
69,6.005803850969014e-05,-0.5089701707358155,-0.5090079643360259,4.652250404428644,4.652227160373385,4.649759558370352,16,0.5333333333333333,3,4,2111,61.266,4.652250404428644,-0.028594969753369708,0.026250658012832145,34410.0,490.2487846414667,6.8944627464655674,-0.4736932862582474,11.953997072309349,-2.6957820169109845,24.85432203964706,10.314020546378638,-0.035276884477568125,87|100|5|79|68|5|20|5|74|5,173,135
70,5.945745812459324e-05,-0.5089677213788603,-0.5090079643360259,4.652237670442355,4.652227160373385,4.649759558370352,11,0.36666666666666664,0,9,2141,61.266,4.652237670442355,-0.028596739672268955,0.026267942456932057,34803.0,496.8221505085658,6.894481073597367,-0.47369668069260956,11.953847178532111,-2.6916845625372727,25.23982004902354,10.46012087592619,-0.03527104068625068,89|98|5|79|69|5|20|5|76|5,174,136
71,5.8862883543347304e-05,-0.5094403007240372,-0.5094403007240372,4.650579169594736,4.650579169594736,4.547489159364218,12,0.4,2,8,2171,61.266,4.650579169594736,-0.02833528294460493,0.026033864796385687,35824.0,501.1733136215124,6.8943854794615085,-0.47413877888082023,11.975989852137262,-2.7471750676671842,26.241330144630126,10.556830290489357,-0.035301521843217006,87|102|5|82|71|5|19|5|75|5,175,139
72,5.827425470791383e-05,-0.5247457474703713,-0.5247457474703713,4.596094520674928,4.596094520674928,4.449002170098091,13,0.43333333333333335,1,10,2201,60.73,4.596094520674928,-0.014969037513304135,0.022438756708863198,35726.0,553.2296727504337,6.891933779673983,-0.4886624763557518,13.107972236204915,-3.5994322344023773,26.145200870027338,11.713840470289002,-0.036083271114619474,87|101|5|81|72|5|18|5|76|6,175,139
73,5.769151216083469e-05,-0.5516620017341329,-0.5516620017341329,4.503753449355514,4.503753449355514,4.441264924644171,11,0.36666666666666664,3,11,2231,60.39333333333334,4.503753449355514,-0.012935196061874177,0.02201494433057815,35978.0,532.1337940803828,6.884716314969543,-0.5132773690079583,13.280217516814075,-3.699901296236185,26.39239043329165,11.244961225149737,-0.03838463272617465,88|102|5|81|69|5|18|5|78|5,176,137
74,5.711459703922634e-05,-0.5516620017341329,-0.5516620017341329,4.503753449355514,4.503753449355514,4.441264924644171,15,0.5,0,11,2261,60.39333333333334,4.503753449355514,-0.013097259698067177,0.022008185167909488,36589.0,518.2533609608345,6.884716314969543,-0.5132773690079583,13.266492407379916,-3.7015036249242956,26.99172703311106,10.936453240955677,-0.03838463272617465,90|104|5|82|70|5|18|5|75|5,177,138
75,5.6543451068834076e-05,-0.5541303001617679,-0.5541303001617679,4.493091238750574,4.493091238750574,4.384529507765816,17,0.5666666666666667,2,8,2291,60.39333333333334,4.493091238750574,-0.012435552122024985,0.02151676935435396,36335.0,512.0165337047374,6.885888845326495,-0.5161195405977594,13.322532177361229,-3.8179987729848706,26.742575647916084,10.797832854403381,-0.0380107595640085,90|103|5|82|72|5|17|5|73|5,178,137
76,5.5978016558145736e-05,-0.5567536563451565,-0.5567536563451565,4.483270100092032,4.483270100092032,4.384529507765816,17,0.5666666666666667,4,10,2321,60.39333333333334,4.483270100092032,-0.012866235594304231,0.02169232801091108,36420.0,506.9869278568403,6.885871957384108,-0.5187375118899294,13.286057753317847,-3.7763807966707517,26.825953079969523,10.686044299387753,-0.03801614445522703,91|105|5|79|71|5|16|5|74|5,179,139
77,5.541823639256428e-05,-0.5567536563451565,-0.5567536563451565,4.483270100092032,4.483270100092032,4.384529507765816,12,0.4,0,4,2351,60.39333333333334,4.483270100092032,-0.01288356458147168,0.02152106946955016,36639.0,496.55299844903107,6.885871957384108,-0.5187375118899294,13.284590167801172,-3.816979386667539,27.04077258137779,10.454138673597662,-0.03801614445522703,90|106|5|81|69|5|16|5|75|5,179,138
78,5.4864054028638634e-05,-0.5567567349688018,-0.5567567349688018,4.4832646827979055,4.4832646827979055,4.384529507765816,14,0.4666666666666667,3,8,2381,60.39333333333334,4.4832646827979055,-0.012401309072326677,0.021273179309395013,36851.0,520.8689076076685,6.885866831114423,-0.5187389559506435,13.325432208580503,-3.8757442861954834,27.24872570602872,10.994586659173288,-0.038017779018158344,89|105|5|83|72|5|16|5|74|5,179,139
79,5.4315413488352245e-05,-0.5567414577869708,-0.5567578938110701,4.4833259283747315,4.483264269764434,4.384529507765816,16,0.5333333333333333,1,6,2411,60.39333333333334,4.4833259283747315,-0.012404649622161373,0.021096158799936544,36561.0,521.2491174706142,6.885863542079575,-0.518722630026789,13.325149298650006,-3.9177088097013852,26.964261526081696,11.003037244063389,-0.0380188277601818,89|105|5|83|73|5|16|5|71|5,180,141
80,5.377225935346872e-05,-0.5567336523907639,-0.5567578938110701,4.483345591993158,4.483264269764434,4.384529507765816,19,0.6333333333333333,0,6,2441,60.39333333333334,4.483345591993158,-0.00942265715283874,0.018534363478107524,36407.0,544.9400932822688,6.885871582485778,-0.5187173883954129,13.577693138432476,-4.525008609758875,26.813201237420174,11.529595394540008,-0.03801626399535096,88|103|5|83|75|5|16|5|72|5,181,140
81,5.323453675993403e-05,-0.5567340043455887,-0.5567578938110701,4.483345936595587,4.483264269764434,4.384529507765816,19,0.6333333333333333,0,9,2471,60.39333333333334,4.483345936595587,-0.009451213445815242,0.0187166050403156,37535.0,577.5702400196478,6.885870190609735,-0.5187172965364854,13.575274716537578,-4.481806382263155,27.919668806317556,12.254836509655354,-0.03801670780910334,90|104|5|83|77|5|15|5|74|5,181,140
82,5.270219139233469e-05,-0.556726237347748,-0.5567578938110701,4.483374075024642,4.483264269764434,4.384529507765816,15,0.5,0,7,2501,60.39333333333334,4.483374075024642,-0.005762923795255287,0.01730471569506863,37347.0,621.6035014482685,6.885871025706442,-0.5187097958176752,13.887634603480532,-4.816509201713854,27.73525754483466,13.233524465847593,-0.03801644153007283,91|102|5|82|81|5|15|5|71|6,181,142
83,5.217516947841134e-05,-0.5575216419841693,-0.5575236465950038,4.480384378378214,4.4803779983999705,4.384529507765816,13,0.43333333333333335,1,8,2531,60.39333333333334,4.480384378378214,-0.005736067298294856,0.01724128260549056,37081.0,620.815648726322,6.8858758669751,-0.519506744141568,13.889909070279248,-4.831546664812307,27.474335228055665,13.21601356737662,-0.03801489784260127,87|102|5|84|81|5|14|5|72|6,180,142
84,5.165341778362723e-05,-0.5575216419841693,-0.5575236465950038,4.480384378378214,4.4803779983999705,4.384529507765816,9,0.3,0,12,2561,60.39333333333334,4.480384378378214,-0.005490473130833407,0.017074016427887685,36457.0,607.6639907198452,6.8858758669751,-0.519506744141568,13.910708349525242,-4.871198824119898,26.8622467856869,12.92370341642941,-0.03801489784260127,86|102|5|85|78|5|14|5|71|6,180,141
85,5.113688360579095e-05,-0.5575405606956003,-0.5575405606956003,4.480311920005225,4.480311920005225,4.384529507765816,18,0.6,2,5,2591,60.39333333333334,4.480311920005225,-0.005617425981232982,0.017073325063938445,36603.0,603.9326278821429,6.885877109372021,-0.5195260590038215,13.899956759559448,-4.871362719019917,27.005459786625746,12.840769748766336,-0.03801450169177877,87|102|5|86|75|5|13|5|73|6,180,139
86,5.062551476973304e-05,-0.5575363194903139,-0.5575405606956003,4.480317242305255,4.480311920005225,4.384529507765816,10,0.3333333333333333,0,7,2621,60.39333333333334,4.480317242305255,-0.005099765011239596,0.016479759099180508,37619.0,605.8020793537453,6.885885961111555,-0.5195246402652036,13.943797275728608,-5.012073605891653,28.00206532740566,12.882320376191673,-0.038011679225110236,92|101|5|87|76|5|13|5|73|6,182,141
87,5.011925962203571e-05,-0.5575408080338122,-0.5575408080338122,4.480325688478207,4.480325688478207,4.384529507765816,10,0.3333333333333333,1,10,2651,60.39333333333334,4.480325688478207,-0.004533436707227986,0.01620692154081575,38456.0,629.4342858969783,6.88586482332462,-0.5195223888115704,13.991759410423425,-5.0767525414924854,28.823087805390685,13.407572314651913,-0.038018419222241855,94|101|5|87|79|5|13|5|73|6,182,144
88,4.961806702581535e-05,-0.5575406905459456,-0.5575411255201085,4.480329277941199,4.4803274449899915,4.384529507765816,18,0.6,2,5,2681,60.39333333333334,4.480329277941199,-0.0016054065034155824,0.0134962924817453,38184.0,624.5215998113739,6.885862191019398,-0.5195214319865631,14.239733205889719,-5.719334902220746,28.556280022819685,13.298382430720011,-0.03801925855938245,94|102|5|86|78|5|13|5|72|6,182,144
89,4.9121886355557194e-05,-0.5575129497986955,-0.5575411255201085,4.480427359367766,4.4803274449899915,4.384529507765816,19,0.6333333333333333,0,5,2711,60.39333333333334,4.480427359367766,-0.0018080546817003079,0.01373560943528965,38118.0,613.3102071940053,6.885867195336489,-0.5194952869164265,14.222571006589943,-5.662602369063457,28.491539899107604,13.04919682486731,-0.038017662882268974,90|103|5|86|79|5|14|5|74|5,182,145
90,4.863066749200162e-05,-0.5575059028107912,-0.5575411255201085,4.480456989027325,4.4803274449899915,4.384529507765816,21,0.7,0,6,2741,60.39333333333334,4.480456989027325,0.0012564266577933913,0.013690105652454862,37897.0,612.0864483580747,6.885864525699715,-0.5194873886878384,14.482100798291015,-5.673389506498659,28.274758575768665,13.021997430701365,-0.03801851412295276,91|102|5|89|78|6|14|5|70|5,182,148
91,4.81443608170816e-05,-0.5575323662811075,-0.5575411255201085,4.48035113835647,4.4803274449899915,4.384529507765816,13,0.43333333333333335,0,4,2771,60.39333333333334,4.48035113835647,0.0012811742883781535,0.013677644025655248,38106.0,616.4608766248781,6.885870022178984,-0.5195156047661558,14.484196665976025,-5.676343662671601,28.47976896752359,13.119223939050908,-0.03801676151495168,93|100|5|90|81|6|14|5|67|5,182,149
92,4.7662917208910784e-05,-0.5575334585061091,-0.5575411255201085,4.480351842007214,4.4803274449899915,4.384529507765816,13,0.43333333333333335,0,6,2801,60.39333333333334,4.480351842007214,0.0010995619575472654,0.013663227918420711,38261.0,616.7132629852323,6.8858660085266905,-0.5195154171975335,14.468815984820148,-5.67976114843502,28.631810167150444,13.124833505164611,-0.03801804130857561,94|101|5|87|82|6|14|5|68|5,182,148
93,4.7186288036821674e-05,-0.5575263943551354,-0.5575411255201085,4.480365291373004,4.4803274449899915,4.384529507765816,16,0.5333333333333333,0,7,2831,60.39333333333334,4.480365291373004,0.0010546063294696096,0.013650598186243382,38378.0,627.9516427340309,6.88587691933482,-0.5195118320680735,14.465008709298374,-5.682755155708246,28.74657675009459,13.374618929873463,-0.03801456228706191,92|100|5|88|81|6|13|5|73|5,182,149
94,4.671442515645346e-05,-0.5575241289029337,-0.5575411255201085,4.480366312488385,4.4803274449899915,4.384529507765816,16,0.5333333333333333,0,9,2861,60.39333333333334,4.480366312488385,0.004180067985203949,0.012313769264741512,38001.0,652.2668328353407,6.885883170535752,-0.5195115598745076,14.729702901437408,-5.999664133494778,28.37677331616346,13.915050933604379,-0.03801256902842606,94|97|5|85|84|6|13|5|72|6,183,146
95,4.624728090488892e-05,-0.5574539580292066,-0.5575411255201085,4.480636327917841,4.4803274449899915,4.384529507765816,13,0.43333333333333335,0,10,2891,60.39333333333334,4.480636327917841,0.003750989368921333,0.012573192211342125,38565.0,648.8908648445959,6.885877507317114,-0.5194395832262454,14.693364392055061,-5.938165268906176,28.93000710061215,13.840016309644298,-0.03801437480296119,94|98|5|86|85|7|14|5|72|5,183,147
96,4.5784808095840034e-05,-0.5574525803363567,-0.5575411255201085,4.480645509106686,4.4803274449899915,4.384529507765816,12,0.4,0,8,2921,60.39333333333334,4.480645509106686,0.0022977747073177706,0.014038501187246592,38512.0,638.6892766406597,6.88587415258502,-0.5194371358431406,14.570292179618216,-5.590798779278157,28.87801881944942,13.613274724186,-0.038015444493216165,93|98|5|86|83|7|15|5|75|5,183,147
97,4.5326960014881636e-05,-0.5574583987319154,-0.5575411255201085,4.480638347410581,4.4803274449899915,4.384529507765816,12,0.4,0,8,2951,60.39333333333334,4.480638347410581,-0.0009072013752803587,0.016865152160885338,39023.0,641.7466767169941,6.885861892229252,-0.519439044900273,14.298863940064622,-4.920712236260536,29.37926432273538,13.681228823766387,-0.03801935383164231,92|100|5|85|84|7|15|5|77|5,183,144
98,4.487369041473282e-05,-0.5575211941227527,-0.5575411255201085,4.480388164717675,4.4803274449899915,4.384529507765816,18,0.6,0,6,2981,60.39333333333334,4.480388164717675,-0.0003402926730220468,0.01683898760867695,39654.0,618.0672030657438,6.885874106190566,-0.5195057348361958,14.346875228472381,-4.92691481114595,29.998219141861487,13.154926321531407,-0.03801545928655689,92|103|5|87|81|6|16|5|78|5,184,146
99,4.442495351058549e-05,-0.557527671445163,-0.5575411255201085,4.480382275652569,4.4803274449899915,4.384529507765816,20,0.6666666666666666,0,6,3011,60.39333333333334,4.480382275652569,-0.0011286197159419893,0.016400401366667955,39332.0,627.2419571305452,6.885858715416085,-0.5195073046545153,14.280112102652486,-5.030886168580495,29.682365811023757,13.358845382098895,-0.03802036679064764,90|103|5|90|80|6|15|6|76|5,184,147
100,4.398070397547964e-05,-0.5575258760121874,-0.5575411255201085,4.480396907918275,4.4803274449899915,4.384529507765816,15,0.5,0,8,3041,60.39333333333334,4.480396907918275,-0.0009163009947326994,0.016408136208678824,38772.0,622.9047791640735,6.885852113724465,-0.5195034042054035,14.29809329665734,-5.0290525451186,29.133055670436406,13.262446802890105,-0.03802247180678389,88|102|5|91|80|6|14|6|75|5,184,147
101,4.354089693572484e-05,-0.5575235676216398,-0.5575411255201085,4.480405842644758,4.4803274449899915,4.384529507765816,14,0.4666666666666667,0,6,3071,60.39333333333334,4.480405842644758,-0.0014659366566586063,0.01635720804601281,39474.0,656.0768904638005,6.885851883860872,-0.5195010225205247,14.251544855649477,-5.041125587309295,29.821655168101266,13.999733680064496,-0.038022545101115156,87|104|5|91|81|6|14|6|77|5,185,148
102,4.310548796636759e-05,-0.5575249433390335,-0.5575411255201085,4.480407364133884,4.4803274449899915,4.384529507765816,16,0.5333333333333333,0,6,3101,60.39333333333334,4.480407364133884,-0.001922758445133993,0.01642777138630815,40548.0,660.3637869878966,6.885846297420339,-0.5195006169448584,14.212856787270796,-5.024397825302862,30.87515354487058,14.095014698582197,-0.03802432639417511,89|106|5|90|83|6|14|6|78|5,186,150
103,4.2674433086703915e-05,-0.5575186891941827,-0.5575411255201085,4.480414495388914,4.4803274449899915,4.384529507765816,14,0.4666666666666667,0,7,3131,60.39333333333334,4.480414495388914,-0.00295859858503521,0.016081154812026537,40653.0,627.4634378456833,6.8858599498091575,-0.5194987160022496,14.125131868773302,-5.106566831727445,30.97814919623071,13.363768036051882,-0.03801997319193309,93|102|5|92|83|6|14|6|77|5,186,152
104,4.224768875583687e-05,-0.5575229585967605,-0.5575411255201085,4.480383572153226,4.4803274449899915,4.384529507765816,15,0.5,0,6,3161,60.39333333333334,4.480383572153226,-0.003999661215335157,0.016654601563232847,39985.0,625.7737014492778,6.885872411850969,-0.5195069590528882,14.0369646594947,-4.970625410340755,30.322900671387227,13.326211775019924,-0.038015999543872206,93|102|5|90|83|6|14|6|75|5,185,151
105,4.18252118682785e-05,-0.5575255071622193,-0.5575411255201085,4.480380720097862,4.4803274449899915,4.384529507765816,13,0.43333333333333335,0,5,3191,60.39333333333334,4.480380720097862,-0.008065243032579956,0.019520727325768126,40630.0,629.2731500937612,6.885866803412025,-0.5195077193108713,13.692652038440352,-4.2911809646054975,30.955588244028018,13.403990893135463,-0.03801778785134801,92|103|5|92|81|6|13|6|79|5,185,152
106,4.140695974959572e-05,-0.5576656702648485,-0.5576656702648485,4.479835351635807,4.479835351635807,4.384529507765816,11,0.36666666666666664,2,9,3221,60.39333333333334,4.479835351635807,0.004383827402833907,0.01964397386908156,40632.0,660.263644468623,6.885883152311034,-0.5196530954252866,14.746959211186505,-4.2619641101307275,30.957550065958685,14.092788920287882,-0.038012574839561906,89|104|6|92|84|6|13|5|78|5,184,154
107,4.099289015209976e-05,-0.5743184537141998,-0.5743920923958484,4.483214303004638,4.4829380525716145,4.384529507765816,13,0.43333333333333335,2,7,3251,60.39333333333334,4.483214303004638,0.00307848144609008,0.019574325016200593,40401.0,649.7442141178378,6.8308323864139755,-0.5187523854374948,14.636409944697078,-4.278475083536145,30.730959632966403,13.858982941436974,-0.05556606827670498,90|103|5|90|85|8|12|5|78|5,183,155
108,4.058296125057876e-05,-0.5743185137209575,-0.5743920923958484,4.483217686829336,4.4829380525716145,4.384529507765816,14,0.4666666666666667,0,8,3281,60.39333333333334,4.483217686829336,0.0017003084189470136,0.019580615213861154,41011.0,641.7591823904252,6.830829369367424,-0.5187514834284481,14.519692980539755,-4.276983927802887,31.329315321820484,13.681506776195391,-0.055567030292509374,92|103|5|92|85|7|14|5|77|5,184,155
109,4.017713163807297e-05,-0.5762622527016473,-0.5762622527016473,4.480144507181811,4.480144507181811,4.384529507765816,14,0.4666666666666667,1,9,3311,60.39333333333334,4.480144507181811,-0.0016957306217510292,0.019224910243627595,41872.0,657.4340016812749,6.827302628426348,-0.5195706853939863,14.232083689700774,-4.3613074315042155,32.17387966297354,14.029896978459021,-0.056691567307661,92|107|5|93|84|5|15|5|77|5,184,155
110,3.977536032169224e-05,-0.5762644967565205,-0.5762644967565205,4.480143171243658,4.480143171243658,4.384529507765816,15,0.5,2,7,3341,60.39333333333334,4.480143171243658,-0.001729094249185195,0.01901389002212262,41663.0,663.7624877045947,6.827296707520864,-0.5195710415082675,14.229258136427928,-4.411331934725091,31.968869271218615,14.170554582529391,-0.05669345524825299,92|108|5|91|84|5|13|5|77|5,183,154
111,3.937760671847532e-05,-0.5762650029147103,-0.5762651761739291,4.480145673764679,4.480146060570397,4.384529507765816,16,0.5333333333333333,1,6,3371,60.39333333333334,4.480145673764679,-0.001457524845941241,0.018882323867950697,42043.0,667.9963656446389,6.827293028030951,-0.5195703744238878,14.252257248789281,-4.442521038101974,32.34161543804575,14.26465720435372,-0.056694628490822525,92|110|5|89|83|5|13|5|80|5,184,155
112,3.8983830651290565e-05,-0.5762715193820535,-0.5762722224557916,4.480117791764842,4.480115124847665,4.384529507765816,17,0.5666666666666667,2,6,3401,60.39333333333334,4.480117791764842,-0.003918568872084649,0.01983388388144177,42236.0,669.5892617229299,6.827295900439223,-0.5195778067876573,14.043832340064696,-4.216943998042721,32.530931254355316,14.300061082165866,-0.056693712594396165,91|107|5|93|82|5|12|5|83|5,184,155
113,3.859399234477766e-05,-0.576272699973829,-0.5762746073688976,4.480121226952535,4.480113868141354,4.384529507765816,14,0.4666666666666667,3,10,3431,60.39333333333334,4.480121226952535,-0.0038312321290843,0.019775849445470152,43010.0,653.749082040881,6.827289326106749,-0.519576891087037,14.051228856540948,-4.230701655050561,33.290156341524266,13.947995562243559,-0.05669580888679201,91|108|5|95|80|5|12|5|86|5,184,155
114,3.820805242132988e-05,-0.5762743952576025,-0.5762746073688976,4.480120791347015,4.480113868141354,4.384529507765816,16,0.5333333333333333,0,5,3461,60.39333333333334,4.480120791347015,-0.001663342861068104,0.0182502304571431,43602.0,662.0400256010868,6.827284373569422,-0.5195770072041985,14.234826597179234,-4.592365250373797,33.87085563300233,14.13227095644747,-0.05669738805340392,91|109|5|96|80|5|12|5|87|6,184,156
115,3.782597189711658e-05,-0.5762636745958358,-0.5762746073688976,4.480155416461982,4.480113868141354,4.384529507765816,14,0.4666666666666667,0,7,3491,60.39333333333334,4.480155416461982,-0.0024822915694441812,0.018586831054547236,43549.0,657.3573774380461,6.827289049036244,-0.5195677773623112,14.16547013383271,-4.512570633777801,33.81886735183959,14.028193919871777,-0.05669589723352462,91|111|5|93|77|5|13|5|90|5,184,155
116,3.744771217814542e-05,-0.5762696340227333,-0.5762746073688976,4.480144147534626,4.480113868141354,4.3621276312885895,15,0.5,0,7,3521,60.39333333333334,4.480144147534626,-0.004818656516174277,0.019834257368049245,43415.0,651.2452700081978,6.827279780000171,-0.5195707812633187,13.967604250249705,-4.216855459219924,33.68742528248476,13.892345569455074,-0.05669885275941464,90|111|5|95|77|5|14|5|88|5,184,155
117,3.707323505636396e-05,-0.5762702352063325,-0.5762746073688976,4.480146432263857,4.480113868141354,4.3621276312885895,13,0.43333333333333335,0,11,3551,60.39333333333334,4.480146432263857,-0.00471976826608396,0.019688756645834835,44313.0,655.0868942652161,6.827275984566773,-0.5195701722345956,13.975979059590808,-4.251347894566376,34.5682833293552,13.97772991916204,-0.056700062971736916,91|112|5|97|79|5|13|5|87|5,184,155
118,3.670250270580032e-05,-0.5800111457217323,-0.5800111457217323,4.322716479019006,4.322716479019006,4.3219761972929405,16,0.5333333333333333,5,6,3581,56.46600000000001,4.322716479019006,0.00040520983215658335,0.02005335129215041,44360.0,675.9117688231102,6.94715424729747,-0.5615354791559288,14.410011560023221,-4.164917002167293,34.61438614472592,14.440585798054034,-0.01847566656580346,90|111|6|96|82|5|12|5|88|5,185,154
119,3.6335477678742315e-05,-0.5800118855503864,-0.5800118855503864,4.322721326073514,4.322721326073514,4.3219761972929405,14,0.4666666666666667,2,9,3611,56.46600000000001,4.322721326073514,0.0009995818244754374,0.01977988212604208,43934.0,680.9554092704929,6.947147874962417,-0.5615341871011077,14.460348704313011,-4.2297456668480065,34.1965180734934,14.552686287571921,-0.018477698449278667,90|109|6|96|81|5|12|5|89|5,185,153
120,3.597212290195489e-05,-0.5802139717161364,-0.5802349121455421,4.320312298354491,4.320233999919181,4.320233999919181,13,0.43333333333333335,1,9,3641,56.46600000000001,4.320312298354491,-0.011314349227042133,0.020362974724217026,43995.0,675.3970545435088,6.948528029328228,-0.5621763494439597,13.417486436027923,-4.091517598715763,34.256353642378805,14.429145703680318,-0.018037622272176805,91|109|5|97|80|5|13|5|88|6,185,155
121,3.561240167293534e-05,-0.5802267154169427,-0.5802349121455421,4.320264523589602,4.320233999919181,4.250737620805324,7,0.23333333333333334,0,11,3671,56.46600000000001,4.320264523589602,-0.013191864556976754,0.021447653680068002,44048.0,674.3254573002052,6.948528002284385,-0.5621890845215629,13.25848035685434,-3.834383350947459,34.30834192354154,14.405328269270875,-0.018037630895379835,90|106|5|100|82|5|12|5|88|5,185,154
122,3.5256277656205986e-05,-0.5802176583326975,-0.5802349121455421,4.320293256071063,4.320233999919181,4.250737620805324,12,0.4,0,11,3701,56.46600000000001,4.320293256071063,-0.013961321567987014,0.021496545509312657,43818.0,639.5559894178233,6.948532386689428,-0.5621814254492055,13.193315327060613,-3.8227930424354093,34.08273240151459,13.632538374639488,-0.01803623288349204,90|104|5|100|83|5|13|5|88|5,184,155
123,3.490371487964393e-05,-0.5802157894713955,-0.5802349121455421,4.320296325091383,4.320233999919181,4.250737620805324,18,0.6,0,7,3731,56.46600000000001,4.320296325091383,-0.013764079179431224,0.021508735757610573,44383.0,657.2522964212792,6.9485356820782975,-0.5621806073559709,13.21001971202677,-3.8199032193137517,34.636947096928616,14.025858378006433,-0.018035182115424635,92|105|5|100|84|5|13|5|87|5,184,156
124,3.4554677730847484e-05,-0.5802211465026186,-0.5802349121455421,4.320505915358468,4.320233999919181,4.250737620805324,14,0.4666666666666667,0,7,3761,56.46600000000001,4.320505915358468,-0.013888830968862467,0.02131208964031122,44944.0,653.2268351453689,6.948343665432564,-0.5621247379378287,13.199454529100654,-3.8665201940190985,35.187238148481306,13.936388047146703,-0.018096408564789838,90|105|5|102|85|5|13|5|89|5,183,156
125,3.420913095353901e-05,-0.5802148985498404,-0.5802349121455421,4.320529354122197,4.320233999919181,4.250737620805324,16,0.5333333333333333,0,6,3791,56.46600000000001,4.320529354122197,-0.013035607218808956,0.02143757976410224,45300.0,675.2574547378108,6.948343665432564,-0.5621184899850505,13.271713733055337,-3.836771475829908,35.536442452140406,14.426042943537398,-0.018096408564789838,92|107|5|103|81|5|14|5|89|5,184,159
126,3.386703964400362e-05,-0.5802212594568122,-0.5802349121455421,4.320505491618604,4.320233999919181,4.250737620805324,10,0.3333333333333333,0,8,3821,56.46600000000001,4.320505491618604,-0.012795454637999411,0.02152359257417418,44658.0,674.4516722040496,6.948343665432564,-0.5621248508920224,13.292052166339538,-3.816381258893382,34.90669761239562,14.408133535160268,-0.018096408564789838,91|104|5|103|82|6|14|5|89|5,184,156
127,3.3528369247563584e-05,-0.5802022796861253,-0.5802349121455421,4.320306550942674,4.320233999919181,4.250737620805324,13,0.43333333333333335,0,6,3851,56.46600000000001,4.320306550942674,-0.012924494224838013,0.02160792127493009,44603.0,639.799962878868,6.948569502337828,-0.5621778815024778,13.281123851436192,-3.79639027730645,34.85274750930222,13.637960954757519,-0.018024398183647473,94|104|5|104|78|6|14|5|88|5,184,154
128,3.319308555508795e-05,-0.5802017142812024,-0.5802349121455421,4.320308807760116,4.320233999919181,4.250737620805324,13,0.43333333333333335,0,7,3881,56.46600000000001,4.320308807760116,-0.013132277108897583,0.021686231379502298,45219.0,641.6614769040561,6.94856938886018,-0.5621772799140591,13.263526795802647,-3.7778260655429485,35.45698866394831,13.679335163653853,-0.018024434367143335,95|103|5|101|79|6|14|5|94|5,185,154
129,3.286115469953707e-05,-0.580200753104175,-0.5802349121455421,4.320315156391418,4.320233999919181,4.250737620805324,11,0.36666666666666664,0,7,3911,56.46600000000001,4.320315156391418,-0.013330280290159998,0.021590374556183657,45119.0,666.8663363028086,6.948567095862404,-0.5621755875915017,13.246757979583432,-3.8005499065694024,35.35889756741485,14.239541051901874,-0.018025165512673292,93|103|5|101|83|6|14|5|92|5,185,154
130,3.25325431525417e-05,-0.5802055187125573,-0.5802349121455421,4.320345774434213,4.320233999919181,4.250737620805324,19,0.6333333333333333,0,5,3941,56.46600000000001,4.320345774434213,-0.009103077232478888,0.022053391758432465,45653.0,701.3748783124655,6.948526553615928,-0.5621674258945898,13.604758243738859,-3.690786939968261,35.8827040229035,15.006531580308506,-0.018038092817967578,93|102|6|101|84|6|14|5|95|5,185,154
131,3.220721772101628e-05,-0.5802243082370543,-0.5802349121455421,4.320494054329897,4.320233999919181,4.250737620805324,14,0.4666666666666667,0,10,3971,56.46600000000001,4.320494054329897,-0.009228461055977993,0.022121114718659893,46320.0,705.821186996917,6.948343665432564,-0.5621278996722644,13.594139534081197,-3.6747325191271556,36.53697163678166,15.10535571047292,-0.018096408564789838,95|103|6|99|87|6|13|5|95|5,185,154
132,3.188514554380612e-05,-0.5802199839175607,-0.5802349121455421,4.320510276716092,4.320233999919181,4.250737620805324,13,0.43333333333333335,0,7,4001,56.46600000000001,4.320510276716092,-0.009455614079705419,0.02231168042316623,46107.0,711.3116512226587,6.948343665432564,-0.5621235753527708,13.574902028480334,-3.629556968505146,36.3280376011654,15.227387352856447,-0.018096408564789838,97|102|6|97|87|6|13|5|95|5,185,153
133,3.156629408836806e-05,-0.5802172212509992,-0.5802349121455421,4.320307321225443,4.320233999919181,4.250737620805324,13,0.43333333333333335,0,12,4031,56.46600000000001,4.320307321225443,-0.009939012680024395,0.02280928554085086,45761.0,705.5987845362083,6.948521999076559,-0.5621776761720934,13.533963179732082,-3.5115945825555523,35.98864240715964,15.100412569704753,-0.01803954507890585,95|103|6|98|86|6|13|5|94|5,184,152
134,3.125063114748438e-05,-0.5802201752028477,-0.5802349121455421,4.320297278448437,4.320233999919181,4.250737620805324,14,0.4666666666666667,0,6,4061,56.46600000000001,4.320297278448437,-0.01009362722036837,0.023139347155386764,45766.0,669.9886903827351,6.9485211306721055,-0.5621803532243997,13.52086893147144,-3.4333500987725167,35.99354696198631,14.308938826080952,-0.01803982197844798,99|102|6|95|87|6|14|5|93|5,184,152
135,3.093812483600954e-05,-0.5802209355989669,-0.5802349121455421,4.320294818076465,4.320233999919181,4.250737620805324,9,0.3,0,11,4091,56.46600000000001,4.320294818076465,-0.013636486369520497,0.022380907844901578,46326.0,667.8428563899398,6.948520802794161,-0.5621810090733206,13.220825499926969,-3.613145899665987,36.54285710257366,14.261245291316534,-0.01803992652564638,99|103|5|96|88|6|14|5|93|5,184,154
136,3.062874358764944e-05,-0.5820456095974057,-0.5820456095974057,4.313814086838343,4.313814086838343,4.250737620805324,9,0.3,1,10,4121,56.51666666666667,4.313814086838343,-0.013552833939839104,0.022511593520774996,45587.0,664.4549651698114,6.948216160649924,-0.5639085448432096,13.22790999327033,-3.5821655226811306,35.817963899191426,14.185945660390855,-0.018137064754196085,99|100|5|95|87|5|16|5|94|5,184,154
137,3.0322456151772945e-05,-0.5820456095974057,-0.5820456095974057,4.313814086838343,4.313814086838343,4.250737620805324,16,0.5333333333333333,0,6,4151,56.51666666666667,4.313814086838343,-0.010627112122155433,0.020061452814171862,46354.0,695.0454775202556,6.948216160649924,-0.5639085448432096,13.475688292368794,-4.162996453456056,36.57032260960303,14.865853644487402,-0.018137064754196085,100|100|5|93|90|5|17|5|96|5,184,154
138,3.0019231590255215e-05,-0.5820456095974057,-0.5820456095974057,4.313814086838343,4.313814086838343,4.250737620805324,13,0.43333333333333335,0,11,4181,56.51666666666667,4.313814086838343,-0.010930445932266445,0.01987073406004027,46191.0,672.5212295376672,6.948216160649924,-0.5639085448432096,13.449999064133191,-4.208208286058138,36.4104341222535,14.365227310946766,-0.018137064754196085,97|102|5|97|88|5|17|5|94|5,182,154
139,2.971903927435266e-05,-0.5820456095974057,-0.5820456095974057,4.313814086838343,4.313814086838343,4.250737620805324,20,0.6666666666666666,0,7,4211,56.51666666666667,4.313814086838343,-0.0003076197669327638,0.018699606909174386,46970.0,735.1549567023236,6.948216160649924,-0.5639085448432096,14.349642284809889,-4.485835963219701,37.17456376424912,15.75733119875093,-0.018137064754196085,96|105|6|96|92|5|17|5|93|5,183,155
140,2.9421848881609135e-05,-0.5820573145934643,-0.5820573145934643,4.313770176353292,4.313770176353292,4.250737620805324,15,0.5,1,7,4241,56.51666666666667,4.313770176353292,-0.0036251146373820014,0.0210949753074707,47926.0,687.7143648197488,6.948216160649924,-0.5639202498392683,14.06868487071145,-3.917989368703017,38.11231464710896,14.702911553152543,-0.018137064754196085,100|105|6|98|91|5|16|5|93|5,183,156
141,2.9127630392793044e-05,-0.5820573145934643,-0.5820573145934643,4.313770176353292,4.313770176353292,4.250737620805324,12,0.4,0,12,4271,56.51666666666667,4.313770176353292,-0.003577508388292605,0.02101647596539851,47710.0,690.8007739697686,6.948216160649924,-0.5639202498392683,14.072716626346773,-3.9365984411526647,37.9004378785967,14.771510411492901,-0.018137064754196085,101|102|6|96|92|5|17|5|95|5,183,157
142,2.8836354088865115e-05,-0.5820573145934643,-0.5820573145934643,4.313770176353292,4.313770176353292,4.250737620805324,13,0.43333333333333335,0,12,4301,56.51666666666667,4.313770176353292,-0.0032045486167705277,0.02087715712044285,48110.0,703.2774393652628,6.948216160649924,-0.5639202498392683,14.104302451513519,-3.9696253992257264,38.29280226473052,15.048818104810252,-0.018137064754196085,100|104|6|97|94|5|17|5|93|5,184,156
143,2.8547990547976464e-05,-0.5820573145934643,-0.5820573145934643,4.313770176353292,4.313770176353292,4.250737620805324,14,0.4666666666666667,0,9,4331,56.51666666666667,4.313770176353292,-0.0031751712878339694,0.02054275430148926,47888.0,710.6655583995097,6.948216160649924,-0.5639202498392683,14.10679040664034,-4.048899009946579,38.075040030426244,15.213027224987579,-0.018137064754196085,98|104|6|98|96|5|16|5|91|5,184,154
144,2.82625106424967e-05,-0.5820573145934643,-0.5820573145934643,4.313770176353292,4.313770176353292,4.250737620805324,15,0.5,0,9,4361,56.51666666666667,4.313770176353292,-0.005999747675223238,0.019522704437144992,47983.0,680.6169640397327,6.948216160649924,-0.5639202498392683,13.867578076639981,-4.290712270118615,38.16822657213303,14.545163967842946,-0.018137064754196085,99|106|5|97|96|6|17|5|89|5,184,154
145,2.797988553607173e-05,-0.5820573145934643,-0.5820573145934643,4.313770176353292,4.313770176353292,4.250737620805324,19,0.6333333333333333,0,6,4391,56.51666666666667,4.313770176353292,-0.005584075776986256,0.019700359845618777,47950.0,706.6833537096757,6.948216160649924,-0.5639202498392683,13.902781176027514,-4.248597237303178,38.13585651027699,15.124518319614978,-0.018137064754196085,100|105|5|93|96|6|17|5|93|6,183,152
146,2.7700086680711012e-05,-0.5975975711002683,-0.5975975711002683,4.254346188403755,4.254346188403755,4.250737620805324,11,0.36666666666666664,1,10,4421,56.59533333333333,4.254346188403755,-0.00274424877674731,0.02011904662345816,48501.0,699.6358561477995,6.949157311943462,-0.5797606019539221,14.14328507479195,-4.149343251513621,38.67633845217633,14.96787988854434,-0.017836969146346297,101|105|5|95|95|5|17|5|94|5,184,152
147,2.74230858139039e-05,-0.5976424063150855,-0.5976428274194394,4.254196818535536,4.254197551983123,4.250737620805324,12,0.4,1,9,4451,56.59533333333333,4.254196818535536,-0.0031299469962099507,0.020048755291079547,47167.0,673.2904121675621,6.94914157324233,-0.5798004187247171,14.110620435178529,-4.1660065312594945,37.36780322442003,14.382323245964223,-0.01784198759036833,101|104|5|97|92|5|16|5|89|5,184,149
148,2.714885495576486e-05,-0.5976252690204954,-0.5976428274194394,4.254244863339784,4.254197551983123,4.250737620805324,18,0.6,0,6,4481,56.59533333333333,4.254244863339784,-0.00046765297256789464,0.01905275074538951,46970.0,678.0256379615994,6.949155153598676,-0.5797876116640868,14.336089131789025,-4.402119602549692,37.17456376424912,14.487568878563742,-0.01783765735640861,98|105|5|98|91|5|16|5|90|5,184,153
149,2.687736640620721e-05,-0.5976219866787262,-0.5976428274194394,4.254245801685704,4.254197551983123,4.250737620805324,12,0.4,0,12,4511,56.59533333333333,4.254245801685704,-0.0008729936058725046,0.019095667626912664,46738.0,686.7660115268644,6.949164663134413,-0.5797873615339576,14.30176098340914,-4.391945716546381,36.9469924202915,14.681833351905386,-0.017834625144768624,98|103|5|97|93|5|16|5|90|6,184,152
150,2.6608592742145138e-05,-0.5976272759222301,-0.5976428274194394,4.254246089757725,4.254197551983123,4.250737620805324,18,0.6,0,5,4541,56.59533333333333,4.254246089757725,-0.0007410104611279333,0.019106996242226466,46803.0,662.0914381964831,6.949147834333359,-0.5797872847440549,14.312938587143309,-4.3892601523421,37.01075163303825,14.133413658266015,-0.01783999117817512,96|105|5|99|94|5|16|5|87|5,184,154
151,2.6342506814723686e-05,-0.5976266261780299,-0.5976428274194394,4.25424305523064,4.254197551983123,4.250737620805324,13,0.43333333333333335,0,9,4571,56.59533333333333,4.25424305523064,-0.0008172474747866004,0.019130984506962802,46581.0,672.7905882640512,6.949152408887176,-0.5797880936426021,14.306482102641427,-4.383573488675425,36.79298939873398,14.371214106674687,-0.017838532535427734,94|103|5|99|95|5|17|5|89|5,184,153
152,2.607908174657645e-05,-0.5976274410685894,-0.5976428274194394,4.254243847466495,4.254197551983123,4.250737620805324,15,0.5,0,6,4601,56.59533333333333,4.254243847466495,-0.0006848846537008873,0.018963850709040844,46684.0,652.6229266484368,6.949149190946691,-0.5797878824602947,14.317691861024558,-4.423194266024798,36.894023228163434,13.92296551260318,-0.017839558608294753,95|104|5|101|93|5|18|5|87|5,184,155
153,2.5818290929110686e-05,-0.5976271024023471,-0.5976428274194394,4.254242302292202,4.254197551983123,4.250737620805324,15,0.5,0,8,4631,56.59533333333333,4.254242302292202,-0.00091418442652354,0.02004056437079538,47401.0,654.5449735842755,6.949151544817599,-0.5797882943495961,14.298272548036476,-4.167948272743865,37.597336390308314,13.965685132415826,-0.017838808052750947,96|103|5|104|93|6|16|5|88|5,184,156
154,2.556010801981958e-05,-0.597625510365569,-0.5976428274194394,4.254247396457972,4.254197551983123,4.250737620805324,15,0.5,0,8,4661,56.59533333333333,4.254247396457972,-0.0020249569319139267,0.01999069756836164,47893.0,732.1580980972166,6.949152279029082,-0.5797869364235747,14.204201635208248,-4.179769708628873,38.07994458525292,15.690722700355147,-0.017838573941994285,95|101|5|103|99|5|15|5|89|6,184,159
155,2.5304506939621385e-05,-0.5976270435068348,-0.5976428274194394,4.254246821097986,4.254197551983123,4.250737620805324,13,0.43333333333333335,0,8,4691,56.59533333333333,4.254246821097986,0.0013849414110051709,0.020555847457870893,48080.0,733.0991995100698,6.949147951832277,-0.579787089794378,14.492984665228537,-4.04579514322275,38.26337493577048,15.711639720544714,-0.017839953712456794,97|101|6|103|98|5|15|5|89|5,183,158
156,2.505146187022517e-05,-0.597627789746129,-0.5976428274194394,4.254268301905082,4.254197551983123,4.250737620805324,12,0.4,0,6,4721,56.59533333333333,4.254268301905082,0.0016634517010992902,0.020479598412180416,48639.0,755.3523619091579,6.949127653685208,-0.5797813637642032,14.516571598731183,-4.06387075988417,38.8117041653925,16.206240877047325,-0.0178464259819258,97|99|6|105|98|5|15|5|92|5,183,157
157,2.4800947251522917e-05,-0.5976278124459892,-0.5976428274194394,4.2542679692010275,4.254197551983123,4.250737620805324,16,0.5333333333333333,0,9,4751,56.59533333333333,4.2542679692010275,0.001850770109187816,0.020327553656843328,49990.0,774.3584787937656,6.9491278606329425,-0.5797814524514414,14.532435525460468,-4.099914525258088,40.13691487955949,16.628672854272097,-0.01784635999454778,99|100|6|104|101|5|15|5|94|5,184,158
158,2.455293777900769e-05,-0.597626972899268,-0.5976428274194394,4.254269546315702,4.254197551983123,4.250737620805324,18,0.6,0,5,4781,56.59533333333333,4.254269546315702,0.002426032030634695,0.02029323294842757,49003.0,777.5493299043453,6.949129175138008,-0.5797810320479541,14.581154244913114,-4.10805060044767,39.16875575677428,16.699593050746508,-0.017845940851313937,98|98|6|103|101|5|15|5|93|5,184,157
159,2.4307408401217612e-05,-0.5976263435117775,-0.5976428274194394,4.254266537291064,4.254197551983123,4.250737620805324,14,0.4666666666666667,0,7,4811,56.59533333333333,4.254266537291064,-0.001893303110436867,0.019780398668210526,48425.0,790.8149550257959,6.949133664529816,-0.5797818341484428,14.21535134867664,-4.229623215240361,38.60178921881091,16.994436246923804,-0.017844509363334652,96|98|5|100|104|5|15|5|92|5,184,155
160,2.4064334317205435e-05,-0.5976019347203042,-0.5976428274194394,4.2543545887088055,4.254197551983123,4.250737620805324,18,0.6,0,5,4841,56.59533333333333,4.2543545887088055,-0.002016153336414772,0.019856887685883264,48629.0,794.997024409346,6.949136604283192,-0.5797583627270633,14.204947208456376,-4.211490710764522,38.80189505573915,17.087387366256074,-0.01784357199324091,98|96|5|99|104|5|16|5|94|5,184,155
161,2.382369097403338e-05,-0.5976235970684491,-0.5976428274194394,4.25427118660862,4.254197551983123,4.250737620805324,14,0.4666666666666667,0,5,4871,56.59533333333333,4.25427118660862,-0.0021608532663943804,0.019949816531536622,48861.0,810.4628279290089,6.949138391048391,-0.5797805948033615,14.192692624882058,-4.1894609768103805,39.02946639969677,17.431131961737965,-0.017843002265087598,99|94|5|99|107|5|15|5|93|5,184,154
162,2.3585454064293047e-05,-0.5978253907895128,-0.5978453220515222,4.253752253465669,4.253677482717249,4.250737620805324,17,0.5666666666666667,1,5,4901,56.59533333333333,4.253752253465669,-0.0006715721036171906,0.01889224962590037,49603.0,831.5246879860895,6.9489393560062185,-0.5799189241883783,14.31881929596949,-4.44016803559358,39.75730233597501,17.89925510556381,-0.017906466601134492,99|93|5|98|110|5|18|5|95|5,184,155
163,2.3349599523650115e-05,-0.5978253907895128,-0.5978453220515222,4.253752253465669,4.253677482717249,4.250737620805324,16,0.5333333333333333,0,5,4931,56.59533333333333,4.253752253465669,-0.000719484531610487,0.01894354921112093,49394.0,820.7494171179287,6.9489393560062185,-0.5799189241883783,14.31476161015599,-4.428006943884959,39.552291944220094,17.65976278813752,-0.017906466601134492,95|92|5|104|107|5|18|5|96|5,184,155
164,2.3116103528413612e-05,-0.5983568459523659,-0.5983568459523659,4.255981763297435,4.255981763297435,4.250737620805324,9,0.3,1,9,4961,56.59533333333333,4.255981763297435,-0.0006825908036525635,0.018930834037270108,48643.0,815.4569526072419,6.945408765995742,-0.5793246150213758,14.317886126337113,-4.4310212059813505,38.81562780925384,17.542131908499396,-0.019032230930990143,94|89|5|106|106|5|17|5|95|5,184,154
165,2.2884942493129477e-05,-0.5983568459523659,-0.5983568459523659,4.255981763297435,4.255981763297435,4.250737620805324,16,0.5333333333333333,0,8,4991,56.59533333333333,4.255981763297435,-0.000662036357578899,0.01906157302011304,49869.0,823.0583565025308,6.945408765995742,-0.5793246150213758,14.319626874776102,-4.400028192033793,40.01822465275401,17.711081520704063,-0.019032230930990143,95|89|5|105|110|5|17|5|97|5,185,156
166,2.2656093068198182e-05,-0.5983568459523659,-0.5983568459523659,4.255981763297435,4.255981763297435,4.250737620805324,11,0.36666666666666664,0,9,5021,56.59533333333333,4.255981763297435,0.0008089965577653902,0.017772728588984182,49652.0,822.657271338281,6.945408765995742,-0.5793246150213758,14.444208108534829,-4.7055619552740735,39.805366973276406,17.70216695914484,-0.019032230930990143,93|92|5|105|110|5|17|5|95|5,185,155
167,2.24295321375162e-05,-0.5983568459523659,-0.5983568459523659,4.255981763297435,4.255981763297435,4.250737620805324,17,0.5666666666666667,0,5,5051,56.59533333333333,4.255981763297435,0.0008649654325863148,0.01778498915194769,48769.0,825.584424363482,6.945408765995742,-0.5793246150213758,14.448948091851687,-4.702655463341293,38.93922259088599,17.767226173900934,-0.019032230930990143,92|89|5|105|111|5|17|5|93|5,185,155
168,2.2205236816141036e-05,-0.5983568459523659,-0.5983568459523659,4.255981763297435,4.255981763297435,4.250737620805324,16,0.5333333333333333,0,8,5081,56.59533333333333,4.255981763297435,0.000358641273719551,0.01795054838825023,47852.0,803.5613205908583,6.945408765995742,-0.5793246150213758,14.406067686025613,-4.6634079519388525,38.0397272356742,17.277738324921636,-0.019032230930990143,91|86|5|104|111|5|17|5|93|5,184,155
169,2.1983184447979625e-05,-0.5983568459523659,-0.5983568459523659,4.255981763297435,4.255981763297435,4.250737620805324,18,0.6,0,6,5111,56.59533333333333,4.255981763297435,0.0004991680437790274,0.01793166150314402,47939.0,786.5784749118332,6.945408765995742,-0.5793246150213758,14.417968846229117,-4.667885281353492,38.12506648965831,16.90027578890494,-0.019032230930990143,91|88|5|105|108|5|17|5|94|5,184,153
170,2.176335260349983e-05,-0.5983568459523659,-0.5983568459523659,4.255981763297435,4.255981763297435,4.250737620805324,12,0.4,0,9,5141,56.59533333333333,4.255981763297435,0.00037154012921121194,0.018008050487877823,47149.0,788.5374137731852,6.945408765995742,-0.5793246150213758,14.407160085328487,-4.649776490709628,37.35014682704401,16.943815372581476,-0.019032230930990143,91|86|5|103|107|5|17|5|95|5,182,152
171,2.154571907746483e-05,-0.5983568459523659,-0.5983568459523659,4.255981763297435,4.255981763297435,4.250737620805324,15,0.5,0,6,5171,56.59533333333333,4.255981763297435,-0.0019378768766208255,0.01882303049224964,46244.0,786.5805554615868,6.945408765995742,-0.5793246150213758,14.211576412897468,-4.456577139657456,36.462422403416234,16.900322031425254,-0.019032230930990143,90|83|5|104|105|5|17|5|95|5,180,152
172,2.133026188669018e-05,-0.5983568459523659,-0.5983568459523659,4.255981763297435,4.255981763297435,4.250737620805324,13,0.43333333333333335,0,10,5201,56.59533333333333,4.255981763297435,0.006098134682262811,0.01902922838449646,46113.0,802.3153261897755,6.945408765995742,-0.5793246150213758,14.892143260900875,-4.4076958189419635,36.333923066957404,17.250044720717472,-0.019032230930990143,92|81|6|105|104|5|17|5|94|6,180,153
173,2.111695926782328e-05,-0.5983568459523659,-0.5983568459523659,4.255981763297435,4.255981763297435,4.250737620805324,12,0.4,0,10,5231,56.59533333333333,4.255981763297435,0.006244259822941235,0.018867153021508813,46358.0,800.5058981987901,6.945408765995742,-0.5793246150213758,14.904518545042379,-4.446117442518967,36.57424625346437,17.209828181562287,-0.019032230930990143,92|80|6|107|103|5|17|5|95|6,180,152
174,2.0905789675145045e-05,-0.5983568459523659,-0.5983568459523659,4.255981763297435,4.255981763297435,4.250737620805324,13,0.43333333333333335,0,8,5261,56.59533333333333,4.255981763297435,-0.0045832583455603145,0.020987309280775513,46794.0,767.6629982075307,6.945408765995742,-0.5793246150213758,13.987540034292152,-3.9435127022526655,37.00192343435024,16.47985838997698,-0.019032230930990143,91|81|5|110|101|5|18|5|96|6,180,153
175,2.0696731778393594e-05,-0.5983568459523659,-0.5983568459523659,4.255981763297435,4.255981763297435,4.250737620805324,15,0.5,0,7,5291,56.59533333333333,4.255981763297435,-0.0046250357116983136,0.021002063096473962,47027.0,777.4112474214763,6.945408765995742,-0.5793246150213758,13.984001924599044,-3.940015159241557,37.23047568927319,16.69652401478232,-0.019032230930990143,90|81|5|111|101|5|18|5|97|6,180,152
176,2.048976446060966e-05,-0.5985437742836243,-0.5985437742836243,4.25528051456678,4.25528051456678,4.250737620805324,15,0.5,2,10,5321,56.59533333333333,4.25528051456678,-0.003730405243357307,0.02092989897562858,46593.0,769.5447594212496,6.945408765990961,-0.5795115433511097,14.059767848217405,-3.957122402660768,36.80476033031799,16.521682615041065,-0.019032230932514636,91|81|5|110|100|5|18|5|96|6,179,152
177,2.0284866816003562e-05,-0.5985437742836243,-0.5985437742836243,4.25528051456678,4.25528051456678,4.250737620805324,12,0.4,0,9,5351,56.59533333333333,4.25528051456678,-0.0001882130628085149,0.021765723896011356,46506.0,790.3025913210372,6.945408765990961,-0.5795115433511097,14.359754794437437,-3.7589815509282714,36.71942107633389,16.983048396676775,-0.019032230932514636,91|78|6|109|103|5|18|5|96|5,180,151
178,2.0082018147843527e-05,-0.5985437742836243,-0.5985437742836243,4.25528051456678,4.25528051456678,4.250737620805324,15,0.5,0,9,5381,56.59533333333333,4.25528051456678,-0.00024420450575064203,0.021959139146405002,47236.0,802.1418735294621,6.945408765990961,-0.5795115433511097,14.355012899834742,-3.7131304862896384,37.43548608102812,17.246189543423977,-0.019032230932514636,89|80|6|108|104|5|18|5|100|5,182,152
179,1.988119796636509e-05,-0.5985437742836243,-0.5985437742836243,4.25528051456678,4.25528051456678,4.250737620805324,12,0.4,0,9,5411,56.59533333333333,4.25528051456678,-3.59744233802195e-05,0.02194579408307492,47133.0,798.3874028032133,6.945408765990961,-0.5795115433511097,14.372647828527903,-3.716294070133771,37.334452251598655,17.16274227737005,-0.019032230932514636,87|83|6|107|105|5|17|5|99|5,182,151
180,1.968238598670144e-05,-0.5985437742836243,-0.5985437742836243,4.25528051456678,4.25528051456678,4.250737620805324,11,0.36666666666666664,0,10,5441,56.59533333333333,4.25528051456678,1.4041754612525991e-05,0.021977429953975842,46970.0,796.4251915700873,6.945408765990961,-0.5795115433511097,14.376883680151096,-3.7087944631553893,37.17456376424912,17.119129961610103,-0.019032230932514636,85|83|6|106|104|5|17|5|102|5,183,151
181,1.9485562126834423e-05,-0.5985437742836243,-0.5985437742836243,4.25528051456678,4.25528051456678,4.250737620805324,7,0.23333333333333334,0,11,5471,56.59533333333333,4.25528051456678,-0.0015899546855229249,0.021482139332049722,47058.0,808.8372540026585,6.945408765990961,-0.5795115433511097,14.241041814634501,-3.8262081741974296,37.26088392919856,17.39500178259604,-0.019032230932514636,85|87|6|106|104|5|17|5|99|6,182,152
182,1.929070650556608e-05,-0.5985437742836243,-0.5985437742836243,4.25528051456678,4.25528051456678,4.250737620805324,10,0.3333333333333333,0,11,5501,56.59533333333333,4.25528051456678,-0.0016505761374343716,0.021529833104946293,47488.0,809.4153871619077,6.945408765990961,-0.5795115433511097,14.235907806283908,-3.814901877204352,37.682675644292424,17.40785143174024,-0.019032230932514636,85|86|6|106|104|5|17|5|102|6,182,154
183,1.909779944051042e-05,-0.5985437742836243,-0.5985437742836243,4.25528051456678,4.25528051456678,4.250737620805324,13,0.43333333333333335,0,8,5531,56.59533333333333,4.25528051456678,-0.003645009769576643,0.02129102769185253,47265.0,780.4782984278065,6.945408765990961,-0.5795115433511097,14.066999959321128,-3.8715131444624036,37.46393249902282,16.764692616960208,-0.019032230932514636,85|87|5|104|104|5|18|5|102|6,182,153
184,1.8906821446105315e-05,-0.5985437742836243,-0.5985437742836243,4.25528051456678,4.25528051456678,4.250737620805324,18,0.6,0,3,5561,56.59533333333333,4.25528051456678,-0.005564509588103545,0.021165125086643925,47429.0,810.8976071258297,6.945408765990961,-0.5795115433511097,13.904438229330358,-3.9013596455932253,37.62480189733768,17.4407954104521,-0.019032230932514636,86|87|5|102|104|5|17|5|104|8,183,155
185,1.871775323164426e-05,-0.5985437742836243,-0.5985437742836243,4.25528051456678,4.25528051456678,4.250737620805324,14,0.4666666666666667,0,6,5591,56.59533333333333,4.25528051456678,-0.0037985313997771,0.02132429357567587,47047.0,775.9943029610556,6.945408765990961,-0.5795115433511097,14.053998269216494,-3.86362712623819,37.250093908579885,16.66503085636036,-0.019032230932514636,87|86|5|105|103|5|18|5|100|7,184,153
186,1.8530575699327816e-05,-0.5985437742836243,-0.5985437742836243,4.25528051456678,4.25528051456678,4.250737620805324,12,0.4,0,7,5621,56.59533333333333,4.25528051456678,-0.004294118205840363,0.021450860484405178,46256.0,769.218396197175,6.945408765990961,-0.5795115433511097,14.012027205829746,-3.8336231451588874,36.474193335000244,16.514428831278906,-0.019032230932514636,86|86|5|103|104|5|18|5|98|6,184,152
187,1.834526994233454e-05,-0.5985437742836243,-0.5985437742836243,4.25528051456678,4.25528051456678,4.250737620805324,14,0.4666666666666667,0,9,5651,56.59533333333333,4.25528051456678,-0.004398690696617908,0.021519416627344728,45854.0,758.0009865107077,6.945408765990961,-0.5795115433511097,14.00317100024631,-3.8173712098285595,36.07986712693575,16.265109489407852,-0.019032230932514636,86|86|5|103|103|5|18|5|97|6,184,151
188,1.8161817242911193e-05,-0.5985437742836243,-0.5985437742836243,4.25528051456678,4.25528051456678,4.250737620805324,12,0.4,0,6,5681,56.59533333333333,4.25528051456678,-0.004468112473333646,0.021528539700599113,45110.0,757.1236256598504,6.945408765990961,-0.5795115433511097,13.997291695641527,-3.8152084919423617,35.35006936872684,16.24560917373488,-0.019032230932514636,88|83|5|104|101|5|18|5|95|6,183,153
189,1.798019907048208e-05,-0.5985437742836243,-0.5985437742836243,4.25528051456678,4.25528051456678,4.249384452717936,9,0.3,0,9,5711,56.59533333333333,4.25528051456678,-0.0021345502340060995,0.020775635871883642,45379.0,780.2468732693139,6.945408765990961,-0.5795115433511097,14.194920218970772,-3.993692050228733,35.61393441840184,16.759548936750562,-0.019032230932514636,88|82|5|106|102|5|18|5|94|6,183,154
190,1.780039707977726e-05,-0.5985437742836243,-0.5985437742836243,4.25528051456678,4.25528051456678,4.249384452717936,13,0.43333333333333335,0,9,5741,56.59533333333333,4.25528051456678,-0.0016968503567033832,0.02053497129747611,45475.0,797.172859051836,6.945408765990961,-0.5795115433511097,14.231988859761625,-4.0507440507040355,35.70810187107396,17.135747698654406,-0.019032230932514636,86|81|5|107|103|5|18|5|95|6,182,154
191,1.762239310897949e-05,-0.5985437742836243,-0.5985437742836243,4.25528051456678,4.25528051456678,4.249384452717936,15,0.5,0,7,5771,56.59533333333333,4.25528051456678,-0.001844163180494049,0.02063383035955506,44729.0,802.7963774368668,6.945408765990961,-0.5795115433511097,14.219512991176435,-4.0273084982526575,34.976342290934376,17.260736616946932,-0.019032230932514636,83|82|5|106|103|5|18|5|94|6,182,154
192,1.7446169177889693e-05,-0.5994546605431185,-0.5994546605431185,4.249176972817484,4.249176972817484,4.249176972817484,12,0.4,1,12,5801,56.59533333333333,4.249176972817484,-0.014685984916570855,0.02318996865753773,44587.0,797.2482234223438,6.947654590995506,-0.581138533625432,13.131943855977537,-3.42134975359547,34.83705293385687,17.13742275517643,-0.01831612691768642,83|81|5|107|102|5|18|5|94|7,182,155
193,1.7271707486110797e-05,-0.6441344829078408,-0.6441344829078408,4.12903802782778,4.12903802782778,4.12903802782778,9,0.3,1,13,5831,57.03666666666667,4.12903802782778,-0.011406211973497189,0.02197049049991844,43663.0,800.6843775898501,6.907966368755465,-0.6131633649601449,13.409706613992357,-3.7104395317624164,33.93069120188773,17.213795083508494,-0.03097111794769596,80|83|5|105|103|6|18|5|91|7,182,154
194,1.7098990411249688e-05,-0.6440631702561833,-0.6441344829078408,4.12930555231979,4.12903802782778,4.12903802782778,9,0.3,0,9,5861,57.03666666666667,4.12930555231979,-0.008802379481433645,0.021099398085656522,43934.0,825.786834060284,6.907966368755465,-0.6130920523084874,13.630224225106735,-3.9169409038685856,34.1965180734934,17.77172495337013,-0.03097111794769596,83|83|5|103|103|6|18|5|92|8,183,154
195,1.692800050713719e-05,-0.6493401908145273,-0.6493401908145273,4.13053439888019,4.13053439888019,4.12903802782778,13,0.43333333333333335,1,7,5891,57.03666666666667,4.13053439888019,-0.008992980730555275,0.021074204569237413,44946.0,824.9788518372814,6.890389419662213,-0.612764484891973,13.614082275784025,-3.9229132847819623,35.18919997041197,17.753766654465743,-0.03657570592255436,83|84|5|104|105|6|19|5|93|8,184,154
196,1.6758720502065817e-05,-0.6493401908145273,-0.6493401908145273,4.13053439888019,4.13053439888019,4.12903802782778,14,0.4666666666666667,0,9,5921,57.03666666666667,4.13053439888019,-0.008558801958001194,0.02093722240839013,45510.0,833.0579101227447,6.890389419662213,-0.612764484891973,13.65085271551547,-3.955386307972045,35.74243375486066,17.93333266399641,-0.03657570592255436,85|89|5|101|104|6|19|5|94|8,184,154
197,1.659113329704516e-05,-0.6493401908145273,-0.6493401908145273,4.13053439888019,4.13053439888019,4.12903802782778,10,0.3333333333333333,0,8,5951,57.03666666666667,4.13053439888019,-0.011058817598095941,0.02227839332862229,45362.0,846.6475004225988,6.890389419662213,-0.612764484891973,13.439127315213176,-3.6374480149477626,35.59725893199115,18.235376344717487,-0.03657570592255436,85|87|5|100|106|6|19|5|94|7,184,154
198,1.6425221964074707e-05,-0.6493401908145273,-0.6493401908145273,4.13053439888019,4.13053439888019,4.12903802782778,11,0.36666666666666664,0,8,5981,57.03666666666667,4.13053439888019,-0.0107870086952975,0.022154200608759965,45330.0,844.4873836700065,6.890389419662213,-0.612764484891973,13.462146710703255,-3.6668891702572104,35.565869781100446,18.18736535981331,-0.03657570592255436,86|86|5|99|105|6|19|5|96|7,183,155
199,1.626096974443396e-05,-0.6493401908145273,-0.6493401908145273,4.13053439888019,4.13053439888019,4.12903802782778,15,0.5,0,8,6011,57.03666666666667,4.13053439888019,-0.005826791589514807,0.022491455842414916,45324.0,851.1523685336881,6.890389419662213,-0.612764484891973,13.882225663596657,-3.5869393654380013,35.559984315308434,18.335502022932456,-0.03657570592255436,88|86|6|99|105|5|20|5|94|6,183,154
200,1.6098360046989622e-05,-0.6493401908145273,-0.6493401908145273,4.13053439888019,4.13053439888019,4.12903802782778,14,0.4666666666666667,0,8,6041,57.03666666666667,4.13053439888019,-0.002359104905276491,0.021553753457144803,45117.0,871.9584118280059,6.890389419662213,-0.612764484891973,14.175902766878885,-3.8092313128998283,35.356935745484186,18.797939356155467,-0.03657570592255436,88|85|6|100|104|5|19|5|94|7,182,155
201,1.5937376446519725e-05,-0.6493401908145273,-0.6493401908145273,4.13053439888019,4.13053439888019,4.12903802782778,13,0.43333333333333335,0,10,6071,57.03666666666667,4.13053439888019,-0.002139717070676919,0.021310150169632145,44966.0,876.1907588872399,6.890389419662213,-0.612764484891973,14.194482641483305,-3.8669799653933308,35.20881818971866,18.892007952459934,-0.03657570592255436,85|88|6|99|106|5|19|5|92|7,182,157
202,1.5778002682054527e-05,-0.6493401908145273,-0.6493401908145273,4.13053439888019,4.13053439888019,4.12903802782778,16,0.5333333333333333,0,8,6101,57.03666666666667,4.13053439888019,-0.011916096842610472,0.02238635460959663,44455.0,854.3842436740517,6.890389419662213,-0.612764484891973,13.366524652931906,-3.6118546883494234,34.707572686432705,18.40733402386017,-0.03657570592255436,83|89|5|98|106|5|20|5|91|7,182,155
203,1.562022265523398e-05,-0.6493401908145273,-0.6493401908145273,4.13053439888019,4.13053439888019,4.12903802782778,17,0.5666666666666667,0,7,6131,57.03666666666667,4.13053439888019,-0.0116942565720792,0.022127220399600963,43403.0,832.8807620736778,6.890389419662213,-0.612764484891973,13.385312223428715,-3.6732851049707116,33.67565435090075,17.929395352599077,-0.03657570592255436,79|89|5|99|104|5|20|5|90|7,182,154
204,1.546402042868164e-05,-0.6493401908145273,-0.6493401908145273,4.13053439888019,4.13053439888019,4.12903802782778,10,0.3333333333333333,0,12,6161,57.03666666666667,4.13053439888019,-0.012070471041856424,0.02243287932301207,43735.0,838.0574996831101,6.890389419662213,-0.612764484891973,13.353450759070002,-3.6008255288712347,34.00131679139182,18.044454073809895,-0.03657570592255436,81|89|5|98|105|5|20|5|90|7,182,154
205,1.5309380224394825e-05,-0.6493401908145273,-0.6493401908145273,4.13053439888019,4.13053439888019,4.12903802782778,9,0.3,0,13,6191,57.03666666666667,4.13053439888019,-0.012039097755143193,0.022407000333215348,43337.0,833.560816088677,6.890389419662213,-0.612764484891973,13.356107751123023,-3.606960408264339,33.610914227188665,17.944510305533434,-0.03657570592255436,81|89|5|99|103|5|20|5|89|7,182,154
206,1.5156286422150876e-05,-0.6493401908145273,-0.6493401908145273,4.13053439888019,4.13053439888019,4.12903802782778,11,0.36666666666666664,0,7,6221,57.03666666666667,4.13053439888019,-0.0056908240395945565,0.022440318586256155,43448.0,838.2622562278318,6.890389419662213,-0.612764484891973,13.893740705132114,-3.599061975381145,33.7197953443408,18.04900501457079,-0.03657570592255436,85|88|6|98|103|5|20|5|88|6,182,152
207,1.5004723557929367e-05,-0.6493401908145273,-0.6493401908145273,4.13053439888019,4.13053439888019,4.12903802782778,10,0.3333333333333333,0,15,6251,57.03666666666667,4.13053439888019,-0.0050187352829959685,0.021951626447928488,44367.0,836.1284693999023,6.890389419662213,-0.612764484891973,13.950659653456821,-3.714911448353158,34.621252521483264,18.001579241375193,-0.03657570592255436,88|86|6|101|102|5|20|5|90|6,182,152
208,1.4854676322350073e-05,-0.6493401908145273,-0.6493401908145273,4.13053439888019,4.13053439888019,4.12903802782778,13,0.43333333333333335,0,5,6281,57.03666666666667,4.13053439888019,-0.0049840671616005975,0.021939247091744503,45336.0,841.592758140885,6.890389419662213,-0.612764484891973,13.953595683840968,-3.7178461014346564,35.57175524689245,18.123029104647884,-0.03657570592255436,90|86|6|103|103|5|20|5|90|6,183,154
209,1.4706129559126573e-05,-0.6493401908145273,-0.6493401908145273,4.13053439888019,4.13053439888019,4.12903802782778,12,0.4,0,12,6311,57.03666666666667,4.13053439888019,-0.014687603804068566,0.02280190715470135,45466.0,812.6546473088506,6.890389419662213,-0.612764484891973,13.13180675299386,-3.513343704507319,35.69927367238594,17.479847572610378,-0.03657570592255436,89|89|5|102|103|5|20|5|90|6,183,155
210,1.4559068263535308e-05,-0.6493401908145273,-0.6493401908145273,4.13053439888019,4.13053439888019,4.12903802782778,19,0.6333333333333333,0,4,6341,57.03666666666667,4.13053439888019,-0.014573313058281911,0.022658865877676897,45478.0,795.0804276818874,6.890389419662213,-0.612764484891973,13.141485994001172,-3.5472531031999894,35.71104460396996,17.0892410962705,-0.03657570592255436,90|87|5|101|104|5|20|5|91|6,182,156
211,1.4413477580899954e-05,-0.6493401908145273,-0.6493401908145273,4.13053439888019,4.13053439888019,4.12903802782778,15,0.5,0,9,6371,57.03666666666667,4.13053439888019,-0.014190588151455696,0.02241901900822308,45897.0,777.8698327776099,6.890389419662213,-0.612764484891973,13.17389882486665,-3.604111258347108,36.12204629844514,16.706716581727687,-0.03657570592255436,89|88|5|102|105|6|20|5|91|6,182,156
212,1.4269342805090954e-05,-0.6493401908145273,-0.6493401908145273,4.13053439888019,4.13053439888019,4.12903802782778,17,0.5666666666666667,0,5,6401,57.03666666666667,4.13053439888019,-0.015608909013168294,0.023269631179406676,46135.0,744.1375244485318,6.890389419662213,-0.612764484891973,13.053781755442309,-3.4024649374702904,36.35550310819477,15.956978705741651,-0.03657570592255436,92|92|5|100|102|6|20|5|91|6,182,156
213,1.4126649377040045e-05,-0.6493401908145273,-0.6493401908145273,4.13053439888019,4.13053439888019,4.12903802782778,16,0.5333333333333333,0,6,6431,57.03666666666667,4.13053439888019,-0.012811324383522471,0.022327931903922314,45554.0,760.5417954008756,6.890389419662213,-0.612764484891973,13.290708163458245,-3.6257043886640834,35.785593837335384,16.321581778289392,-0.03657570592255436,93|90|5|100|100|5|20|5|91|7,184,155
214,1.3985382883269644e-05,-0.6493401908145273,-0.6493401908145273,4.13053439888019,4.13053439888019,4.12903802782778,12,0.4,0,9,6461,57.03666666666667,4.13053439888019,-0.012757720980344427,0.02229408667532336,45214.0,759.2311831374014,6.890389419662213,-0.612764484891973,13.295247815856182,-3.6337277464967337,35.452084109121635,16.292451970596648,-0.03657570592255436,92|90|5|102|99|5|20|5|89|7,184,153
215,1.3845529054436948e-05,-0.6494115034661848,-0.6494115034661848,4.130266874388179,4.130266874388179,4.12903802782778,11,0.36666666666666664,1,7,6491,57.03666666666667,4.130266874388179,-0.012897567838625498,0.02228629564133899,45969.0,758.1814169930635,6.890389419662213,-0.6128357975436305,13.283404237129828,-3.6355746908410507,36.192671887949224,16.269119756516904,-0.03657570592255436,95|91|5|103|100|5|19|5|87|7,186,154
216,1.3707073763892578e-05,-0.6494115034661848,-0.6494115034661848,4.130266874388179,4.130266874388179,4.12903802782778,18,0.6,0,8,6521,57.03666666666667,4.130266874388179,-0.012949709834798203,0.022799153596948153,45551.0,780.3553006352216,6.890389419662213,-0.6128357975436305,13.27898835075089,-3.513996463554349,35.78265110443938,16.761958854928153,-0.03657570592255436,96|93|5|101|98|5|19|5|86|7,184,157
217,1.3570003026253653e-05,-0.6494115034661848,-0.6494115034661848,4.130266874388179,4.130266874388179,4.12903802782778,15,0.5,0,6,6551,57.03666666666667,4.130266874388179,-0.011496850351044648,0.022763758744389642,45754.0,804.1257908320704,6.890389419662213,-0.6128357975436305,13.402030483306929,-3.522387175606435,35.981776030402294,17.29028430059502,-0.03657570592255436,97|93|5|102|98|5|18|5|85|8,184,156
218,1.3434302995991116e-05,-0.6494115034661848,-0.6494115034661848,4.130266874388179,4.130266874388179,4.12903802782778,14,0.4666666666666667,0,7,6581,57.03666666666667,4.130266874388179,-0.011744975256758747,0.022423108472945687,45797.0,800.551002807227,6.890389419662213,-0.6128357975436305,13.381016876773932,-3.603141808880471,36.02395520191168,17.21083068139114,-0.03657570592255436,97|92|5|104|98|5|18|5|84|7,184,156
219,1.3299959966031204e-05,-0.6494115034661848,-0.6494115034661848,4.130266874388179,4.130266874388179,4.12903802782778,13,0.43333333333333335,0,13,6611,57.03666666666667,4.130266874388179,-0.012140372429513184,0.022402245426839502,45946.0,765.7976245254431,6.890389419662213,-0.6128357975436305,13.34753083639194,-3.6080876074854236,36.170110935746536,16.438398395935508,-0.03657570592255436,93|94|5|104|99|5|18|5|86|7,185,154
220,1.3166960366370893e-05,-0.6494115034661848,-0.6494115034661848,4.130266874388179,4.130266874388179,4.12903802782778,17,0.5666666666666667,0,6,6641,57.03666666666667,4.130266874388179,-0.011330670282705064,0.02297379869159215,45649.0,799.6341536275461,6.890389419662213,-0.6128357975436305,13.416104211857734,-3.472595056441701,35.87878037904217,17.190452693917898,-0.03657570592255436,94|96|5|99|98|5|18|5|88|7,185,151
221,1.3035290762707183e-05,-0.6494115034661848,-0.6494115034661848,4.130266874388179,4.130266874388179,4.12903802782778,15,0.5,0,6,6671,57.03666666666667,4.130266874388179,-0.015441071772593485,0.023873645664970154,46000.0,777.9709902685854,6.890389419662213,-0.6128357975436305,13.06799582929706,-3.259277121804894,36.223080127874596,16.708964918891102,-0.03657570592255436,94|95|5|100|98|5|18|5|90|6,185,152
222,1.2904937855080111e-05,-0.6494115034661848,-0.6494115034661848,4.130266874388179,4.130266874388179,4.12903802782778,17,0.5666666666666667,0,2,6701,57.03666666666667,4.130266874388179,-0.01497211490038034,0.023580940180388237,46060.0,781.5600256366484,6.890389419662213,-0.6128357975436305,13.107711613431144,-3.328665952656305,36.281934785794675,16.78873520106212,-0.03657570592255436,92|97|5|102|98|5|18|5|88|6,186,151
223,1.277588847652931e-05,-0.6494115034661848,-0.6494115034661848,4.130266874388179,4.130266874388179,4.12903802782778,13,0.43333333333333335,0,6,6731,57.03666666666667,4.130266874388179,-0.014944611694057974,0.023572691397553237,45598.0,782.7674486505399,6.890389419662213,-0.6128357975436305,13.110040849806634,-3.330621411050552,35.828753919810104,16.81557151350835,-0.03657570592255436,92|98|5|101|99|5|19|5|84|6,185,153
224,1.2648129591764016e-05,-0.6494115034661848,-0.6494115034661848,4.130266874388179,4.130266874388179,4.12903802782778,13,0.43333333333333335,0,6,6761,57.03666666666667,4.130266874388179,-0.01522439278931866,0.023700385715042443,45359.0,781.8311041081004,6.890389419662213,-0.6128357975436305,13.086346292284249,-3.3003501661861083,35.59431619909515,16.794760220027,-0.03657570592255436,93|100|5|98|97|5|19|5|85|6,184,150
225,1.2521648295846376e-05,-0.6494115034661848,-0.6494115034661848,4.130266874388179,4.130266874388179,4.12903802782778,15,0.5,0,9,6791,57.03666666666667,4.130266874388179,-0.015280129483345459,0.023656183438691032,46070.0,764.0211089533425,6.890389419662213,-0.6128357975436305,13.081625972273011,-3.3108287681889927,36.291743895448015,16.39891337170624,-0.03657570592255436,93|102|5|98|97|5|18|5|87|6,184,152
226,1.2396431812887913e-05,-0.6494115034661848,-0.6494115034661848,4.130266874388179,4.130266874388179,4.12903802782778,11,0.36666666666666664,0,12,6821,57.03666666666667,4.130266874388179,-0.011671482090478788,0.02421456161333766,45520.0,761.4251740440119,6.890389419662213,-0.6128357975436305,13.387240985855712,-3.1784595070970263,35.75224286451401,16.341215846054197,-0.03657570592255436,93|102|6|96|97|5|18|5|86|6,184,152
227,1.2272467494759034e-05,-0.6494115034661848,-0.6494115034661848,4.130266874388179,4.130266874388179,4.12903802782778,10,0.3333333333333333,0,15,6851,57.03666666666667,4.130266874388179,-0.013736783370590186,0.02341901807284501,46350.0,754.4287012206239,6.890389419662213,-0.6128357975436305,13.212331383986239,-3.3670512454616963,36.5663989657417,16.185711496253173,-0.03657570592255436,94|106|5|95|97|5|18|5|86|7,183,153
228,1.2149742819811443e-05,-0.6494115034661848,-0.6494115034661848,4.130266874388179,4.130266874388179,4.12903802782778,14,0.4666666666666667,0,6,6881,57.03666666666667,4.130266874388179,-0.014362416002093415,0.024111568407206775,45492.0,754.9618460438566,6.890389419662213,-0.6128357975436305,13.159346787721002,-3.2028751007073346,35.72477735748464,16.197561229851715,-0.03657570592255436,96|107|5|91|97|5|17|5|82|7,183,151
229,1.2028245391613328e-05,-0.6494115034661848,-0.6494115034661848,4.130266874388179,4.130266874388179,4.12903802782778,15,0.5,0,8,6911,57.03666666666667,4.130266874388179,-0.014682283591349845,0.024525539994916485,44731.0,777.0217349124493,6.890389419662213,-0.6128357975436305,13.132257319842122,-3.1047388989962257,34.97830411286504,16.68786666829008,-0.03657570592255436,96|107|5|87|100|5|17|5|78|7,181,149
230,1.1907962937697194e-05,-0.6494314625129924,-0.6494314625129924,4.130191999401285,4.130191999401285,4.12903802782778,17,0.5666666666666667,1,5,6941,57.03666666666667,4.130191999401285,-0.014556908606622005,0.02430619173677338,44708.0,788.1984308924741,6.890389419662213,-0.6128557565904381,13.142875280947514,-3.1567376485365126,34.95574316066235,16.936281102987454,-0.03657570592255436,98|105|5|87|101|5|16|5|77|7,181,149
231,1.1788883308320222e-05,-0.6494314625129924,-0.6494314625129924,4.130191999401285,4.130191999401285,4.12903802782778,10,0.3333333333333333,0,12,6971,57.03666666666667,4.130191999401285,-0.01465515636207472,0.024304404222239544,44769.0,800.4822623113262,6.890389419662213,-0.6128557565904381,13.13455471486048,-3.157161397151302,35.015578729547755,17.209302847811294,-0.03657570592255436,95|104|5|88|102|5|16|5|80|7,182,149
232,1.167099447523702e-05,-0.6494314625129924,-0.6494314625129924,4.130191999401285,4.130191999401285,4.12903802782778,18,0.6,0,9,7001,57.03666666666667,4.130191999401285,-0.014769401124843642,0.024312551894833785,45525.0,807.1277705602099,6.890389419662213,-0.6128557565904381,13.124879368137938,-3.1552299079744524,35.75714741934068,17.357006621616502,-0.03657570592255436,94|105|5|88|104|5|16|5|82|7,184,149
233,1.155428453048465e-05,-0.6494314625129924,-0.6494314625129924,4.130191999401285,4.130191999401285,4.12903802782778,16,0.5333333333333333,0,6,7031,57.03666666666667,4.130191999401285,-0.014795480113085475,0.024424821975402727,45323.0,808.7283599245349,6.890389419662213,-0.6128557565904381,13.122670748265156,-3.1286151363332593,35.5590034043431,17.39258149122305,-0.03657570592255436,96|101|5|90|101|5|16|5|85|7,184,149
234,1.1438741685179803e-05,-0.6494314625129924,-0.6494314625129924,4.130191999401285,4.130191999401285,4.12903802782778,12,0.4,0,10,7061,57.03666666666667,4.130191999401285,-0.0140821759740223,0.024028111575328352,44495.0,770.990768644877,6.890389419662213,-0.6128557565904381,13.183080212093433,-3.222659396853606,34.746809125046084,16.55382176998422,-0.03657570592255436,97|99|5|90|97|5|16|5|86|7,183,147
235,1.1324354268328005e-05,-0.6494314625129924,-0.6494314625129924,4.130191999401285,4.130191999401285,4.12903802782778,10,0.3333333333333333,0,6,7091,57.03666666666667,4.130191999401285,-0.012415774909502733,0.022625955275852597,44323.0,757.6233150005603,6.890389419662213,-0.6128557565904381,13.324207102178091,-3.555054898190152,34.57809243900854,16.256715322217275,-0.03657570592255436,95|100|5|90|96|5|17|5|87|7,184,148
236,1.1211110725644724e-05,-0.6494314625129924,-0.6494314625129924,4.130191999401285,4.130191999401285,4.12903802782778,15,0.5,0,8,7121,57.03666666666667,4.130191999401285,-0.012440397119151552,0.022583536093332166,44880.0,765.0005071024516,6.890389419662213,-0.6128557565904381,13.32212185634578,-3.565110799551104,35.12445984669989,16.420681579232813,-0.03657570592255436,92|100|5|91|99|5|17|5|89|7,184,150
237,1.1098999618388277e-05,-0.6494314625129924,-0.6494314625129924,4.130191999401285,4.130191999401285,4.12903802782778,15,0.5,0,8,7151,57.03666666666667,4.130191999401285,-0.013951730671651013,0.022538674099746123,44686.0,767.3801814395528,6.890389419662213,-0.6128557565904381,13.19412757652555,-3.5757457942764175,34.93416311942499,16.47357247438388,-0.03657570592255436,92|99|5|90|100|5|17|5|89|6,183,150
238,1.0988009622204394e-05,-0.6494314625129924,-0.6494314625129924,4.130191999401285,4.130191999401285,4.12903802782778,11,0.36666666666666664,0,11,7181,57.03666666666667,4.130191999401285,-0.013975937962663759,0.022295407911989924,44487.0,731.6244877263146,6.890389419662213,-0.6128557565904381,13.192077469999132,-3.6334145338225614,34.73896183732341,15.678862619444546,-0.03657570592255436,91|100|5|91|98|5|17|5|89|6,180,151
239,1.087812952598235e-05,-0.6494314625129924,-0.6494314625129924,4.130191999401285,4.130191999401285,4.12903802782778,13,0.43333333333333335,0,7,7211,57.03666666666667,4.130191999401285,-0.012433950132730392,0.022251159581123794,44451.0,747.0262797826474,6.890389419662213,-0.6128557565904381,13.322667849242332,-3.6439040535195106,34.703649042571364,16.02118448932795,-0.03657570592255436,90|97|5|91|100|5|16|5|91|7,180,152
240,1.0769348230722527e-05,-0.6494314625129924,-0.6494314625129924,4.130191999401285,4.130191999401285,4.12903802782778,13,0.43333333333333335,0,9,7241,57.03666666666667,4.130191999401285,-0.012734247975442089,0.022341126937623624,44525.0,766.7033606666658,6.890389419662213,-0.6128557565904381,13.297235735963376,-3.622576370878948,34.776236454006124,16.45852938383291,-0.03657570592255436,93|94|5|88|104|5|16|5|90|7,181,152
241,1.06616547484153e-05,-0.6494314625129924,-0.6494314625129924,4.130191999401285,4.130191999401285,4.12903802782778,12,0.4,0,14,7271,57.03666666666667,4.130191999401285,-0.011208608591022172,0.022080095593976404,44329.0,769.4973010792776,6.890389419662213,-0.6128557565904381,13.426441571400074,-3.6844565224487913,34.58397790480055,16.52062780088009,-0.03657570592255436,95|94|5|87|102|5|16|5|90|8,181,151
242,1.0555038200931147e-05,-0.6494314625129924,-0.6494314625129924,4.130191999401285,4.130191999401285,4.12903802782778,7,0.23333333333333334,0,12,7301,57.03666666666667,4.130191999401285,-0.011240952657249522,0.022365332244025794,44359.0,783.5069672221009,6.890389419662213,-0.6128557565904381,13.423702364388902,-3.616838255264047,34.61340523376059,16.83200813200731,-0.03657570592255436,96|93|5|87|103|5|16|5|89|8,180,151
243,1.0449487818921835e-05,-0.652016351296172,-0.652016351296172,4.115004112463791,4.115004112463791,4.115004112463791,19,0.6333333333333333,1,6,7331,57.03666666666667,4.115004112463791,-0.006848132505529481,0.022928268178460408,44148.0,785.8343472342917,6.894979738150157,-0.6169043148455954,13.795728679009741,-3.48338853056737,34.40643302007499,16.883736727925783,-0.035112036450576575,96|92|6|87|101|6|16|5|91|8,181,151
244,1.0344992940732616e-05,-0.652016351296172,-0.652016351296172,4.115004112463791,4.115004112463791,4.115004112463791,8,0.26666666666666666,0,12,7361,57.03666666666667,4.115004112463791,-0.006829689290560509,0.022922487406165336,44365.0,787.292944428724,6.894979738150157,-0.6169043148455954,13.797290628066996,-3.4847589218039614,34.61929069955259,16.916155664448137,-0.035112036450576575,97|93|6|85|101|6|16|5|92|8,181,151
245,1.0241543011325289e-05,-0.652016351296172,-0.652016351296172,4.115004112463791,4.115004112463791,4.115004112463791,11,0.36666666666666664,0,14,7391,57.03666666666667,4.115004112463791,-0.011432505124741827,0.024473041035095375,43497.0,775.555229321722,6.894979738150157,-0.6169043148455954,13.407479856734044,-3.1171843147290574,33.7678599816422,16.65527195890976,-0.035112036450576575,98|90|6|83|101|6|17|5|91|6,179,151
246,1.0139127581212036e-05,-0.652016351296172,-0.652016351296172,4.115004112463791,4.115004112463791,4.115004112463791,9,0.3,0,11,7421,57.03666666666667,4.115004112463791,-0.010928127199666179,0.024451288470267833,43496.0,750.7450086894682,6.894979738150157,-0.6169043148455954,13.45019543673987,-3.1223409828507998,33.766879070676865,16.103837353898275,-0.035112036450576575,99|90|6|84|99|6|18|5|91|6,181,152
247,1.0037736305399915e-05,-0.652016351296172,-0.652016351296172,4.115004112463791,4.115004112463791,4.115004112463791,13,0.43333333333333335,0,8,7451,57.03666666666667,4.115004112463791,-0.011558418118980205,0.02445910661787192,43143.0,737.1533871128009,6.894979738150157,-0.6169043148455954,13.396816331802109,-3.120487610945431,33.42061749991376,15.801748525802502,-0.035112036450576575,100|88|6|84|100|6|17|5|89|6,180,151
248,9.937358942345917e-06,-0.652016351296172,-0.652016351296172,4.115004112463791,4.115004112463791,4.115004112463791,10,0.3333333333333333,0,11,7481,57.03666666666667,4.115004112463791,-0.01142310517571707,0.02447271776384071,42725.0,742.3983029259555,6.894979738150157,-0.6169043148455954,13.408275934941784,-3.117260949488536,33.01059671640392,15.918322583027347,-0.035112036450576575,97|87|6|85|100|6|17|5|90|6,180,151
249,9.837985352922458e-06,-0.652016351296172,-0.652016351296172,4.115004112463791,4.115004112463791,4.115004112463791,8,0.26666666666666666,0,11,7511,57.03666666666667,4.115004112463791,-0.011491424297966376,0.024539684856221697,43119.0,760.5435871487042,6.894979738150157,-0.6169043148455954,13.402490013736113,-3.101385714856455,33.39707563674573,16.321621601867378,-0.035112036450576575,98|86|6|86|101|6|17|5|90|6,180,152
250,9.739605499393234e-06,-0.652016351296172,-0.652016351296172,4.115004112463791,4.115004112463791,4.115004112463791,11,0.36666666666666664,0,10,7541,57.03666666666667,4.115004112463791,-0.01180785524972065,0.02472423750167924,42859.0,778.5379707635418,6.894979738150157,-0.6169043148455954,13.375691593416763,-3.057635621423375,33.14203878575875,16.721566687731443,-0.035112036450576575,100|84|6|84|102|6|17|5|89|6,180,152
251,9.642209444399302e-06,-0.652016351296172,-0.652016351296172,4.115004112463791,4.115004112463791,4.115004112463791,10,0.3333333333333333,0,9,7571,57.03666666666667,4.115004112463791,-0.011888841641780046,0.02475552520772845,43054.0,779.2886871972961,6.894979738150157,-0.6169043148455954,13.36883288581397,-3.050218550486429,33.33331642399899,16.73825219110761,-0.035112036450576575,99|83|6|83|102|6|17|5|93|6,180,151
252,9.545787349955308e-06,-0.652016351296172,-0.652016351296172,4.115004112463791,4.115004112463791,4.115004112463791,11,0.36666666666666664,0,10,7601,57.03666666666667,4.115004112463791,-0.011542133825090386,0.024653149532274706,43056.0,781.5361530212781,6.894979738150157,-0.6169043148455954,13.398195442631323,-3.074487752129525,33.33527824592966,16.788204605771476,-0.035112036450576575,99|82|6|84|102|6|17|5|93|6,179,152
253,9.450329476455754e-06,-0.652016351296172,-0.652016351296172,4.115004112463791,4.115004112463791,4.115004112463791,13,0.43333333333333335,0,9,7631,57.03666666666667,4.115004112463791,-0.01140026478249952,0.02455262582785667,43028.0,778.4291084462893,6.894979738150157,-0.6169043148455954,13.41021027939927,-3.098317925084375,33.30781273890029,16.719147102278956,-0.035112036450576575,100|85|6|84|102|6|17|5|89|6,179,150
254,9.355826181691197e-06,-0.652016351296172,-0.652016351296172,4.115004112463791,4.115004112463791,4.115004112463791,9,0.3,0,7,7661,57.03666666666667,4.115004112463791,-0.01198813990453136,0.025109743801132407,42620.0,776.4397622420768,6.894979738150157,-0.6169043148455954,13.360423352652193,-2.9662474076250684,32.90760106504379,16.674931681762907,-0.035112036450576575,98|85|6|86|102|6|17|5|87|6,179,150
255,9.262267919874285e-06,-0.652016351296172,-0.652016351296172,4.115004112463791,4.115004112463791,4.115004112463791,11,0.36666666666666664,0,8,7691,57.03666666666667,4.115004112463791,-0.011953984762607707,0.025113657522351042,42929.0,805.872107296462,6.894979738150157,-0.6169043148455954,13.363315938994528,-2.965319619954717,33.21070255333217,17.329098116241422,-0.035112036450576575,99|83|6|86|105|6|17|5|86|6,179,150
256,9.169645240675543e-06,-0.652016351296172,-0.652016351296172,4.115004112463791,4.115004112463791,4.115004112463791,14,0.4666666666666667,0,7,7721,57.03666666666667,4.115004112463791,-0.011837243488142492,0.024958667055560914,42596.0,768.670841832306,6.894979738150157,-0.6169043148455954,13.373202714369665,-3.0020616963768334,32.88405920187576,16.50225882967395,-0.035112036450576575,98|84|6|88|101|6|17|5|87|6,179,151
257,9.077948788268788e-06,-0.652016351296172,-0.652016351296172,4.115004112463791,4.115004112463791,4.115004112463791,9,0.3,0,11,7751,57.03666666666667,4.115004112463791,-0.012546155247975704,0.025483876804602963,42115.0,795.4018231328073,6.894979738150157,-0.6169043148455954,13.313165239514507,-2.877555350040875,32.41224102754984,17.096384465777664,-0.035112036450576575,97|85|6|85|103|6|17|5|85|6,180,149
258,8.987169300386099e-06,-0.652016351296172,-0.652016351296172,4.115004112463791,4.115004112463791,4.115004112463791,14,0.4666666666666667,0,7,7781,57.03666666666667,4.115004112463791,-0.012472080013989245,0.02538613947234204,42580.0,789.7147248879987,6.894979738150157,-0.6169043148455954,13.319438643695161,-2.900724984958404,32.868364626430406,16.969982414753154,-0.035112036450576575,96|87|6|88|102|6|17|5|85|6,180,150
259,8.897297607382238e-06,-0.652016351296172,-0.652016351296172,4.115004112463791,4.115004112463791,4.115004112463791,13,0.43333333333333335,0,8,7811,57.03666666666667,4.115004112463791,-0.01041709883269469,0.023903581826892558,42798.0,801.1777729824653,6.894979738150157,-0.6169043148455954,13.49347424021118,-3.2521804482357566,33.08220321687334,17.224761342030497,-0.035112036450576575,96|87|6|88|103|7|17|5|85|6,180,149
260,8.808324631308415e-06,-0.652016351296172,-0.652016351296172,4.115004112463791,4.115004112463791,4.115004112463791,13,0.43333333333333335,0,6,7841,57.03666666666667,4.115004112463791,-0.009374681450041687,0.02331835353911626,43174.0,811.7921892163918,6.894979738150157,-0.6169043148455954,13.581756182965712,-3.390914803445987,33.45102573983913,17.460678487232084,-0.035112036450576575,97|86|6|90|103|7|17|5|85|6,179,148
261,8.72024138499533e-06,-0.652016351296172,-0.652016351296172,4.115004112463791,4.115004112463791,4.115004112463791,8,0.26666666666666666,0,10,7871,57.03666666666667,4.115004112463791,-0.009431063282956263,0.023231451397427234,43315.0,794.4601648340067,6.894979738150157,-0.6169043148455954,13.576981226380576,-3.4115158455443204,33.58933418595131,17.075455068181746,-0.035112036450576575,98|87|6|91|101|7|17|5|85|6,180,148
262,8.633038971145377e-06,-0.652016351296172,-0.652016351296172,4.115004112463791,4.115004112463791,4.115004112463791,16,0.5333333333333333,0,4,7901,57.03666666666667,4.115004112463791,-0.00952712416159925,0.023047194766372514,44019.0,791.5770276684489,6.894979738150157,-0.6169043148455954,13.568845866082066,-3.455195765733614,34.27989550554684,17.011374154607907,-0.035112036450576575,101|87|6|92|100|6|16|5|86|6,182,148
263,8.546708581433923e-06,-0.652016351296172,-0.652016351296172,4.115004112463791,4.115004112463791,4.115004112463791,8,0.26666666666666666,0,12,7931,57.03666666666667,4.115004112463791,-0.009497225957709136,0.02301922313997311,44220.0,791.1385565804457,6.894979738150157,-0.6169043148455954,13.571377933916137,-3.461826726050737,34.47705860957908,17.001628649527326,-0.035112036450576575,102|89|6|91|100|6|16|5|85|6,184,148
264,8.461241495619584e-06,-0.652016351296172,-0.652016351296172,4.115004112463791,4.115004112463791,4.115004112463791,9,0.3,0,13,7961,57.03666666666667,4.115004112463791,-0.009656082151758193,0.023131419844267413,43679.0,796.1046229333255,6.894979738150157,-0.6169043148455954,13.557924461571355,-3.435229349006426,33.946385777333084,17.11200496896243,-0.035112036450576575,100|90|6|90|101|6|16|5|83|6,184,147
265,8.376629080663388e-06,-0.652016351296172,-0.652016351296172,4.115004112463791,4.115004112463791,4.115004112463791,11,0.36666666666666664,0,10,7991,57.03666666666667,4.115004112463791,-0.009827406093338016,0.02319430705035669,43946.0,793.039370441772,6.894979738150157,-0.6169043148455954,13.543415100297528,-3.4203212931759066,34.20828900507741,17.043876340765436,-0.035112036450576575,102|91|6|88|102|6|16|5|82|6,183,147
266,8.292862789856754e-06,-0.652016351296172,-0.652016351296172,4.115004112463791,4.115004112463791,4.115004112463791,18,0.6,0,7,8021,57.03666666666667,4.115004112463791,-0.00940344201022741,0.023076859441022796,43836.0,785.3928823558955,6.894979738150157,-0.6169043148455954,13.57932046175638,-3.448163451000904,34.10038879889061,16.873924682541215,-0.035112036450576575,101|90|6|89|100|6|16|5|85|6,183,149
267,8.209934161958185e-06,-0.652016351296172,-0.652016351296172,4.115004112463791,4.115004112463791,4.115004112463791,6,0.2,0,7,8051,57.03666666666667,4.115004112463791,-0.00939979448038726,0.02308065349571968,43635.0,784.1561336684598,6.894979738150157,-0.6169043148455954,13.57962936971005,-3.4472640315042753,33.903225694858364,16.846436574552847,-0.035112036450576575,102|89|6|89|98|6|16|5|86|6,183,150
268,8.127834820338604e-06,-0.652016351296172,-0.652016351296172,4.115004112463791,4.115004112463791,4.115004112463791,13,0.43333333333333335,0,9,8081,57.03666666666667,4.115004112463791,-0.008948321202224049,0.022783829808340605,44500.0,756.1770645671643,6.894979738150157,-0.6169043148455954,13.61786447472774,-3.517629124477019,34.75171367987276,16.22457080612012,-0.035112036450576575,102|92|6|93|95|6|16|5|87|6,183,151
269,8.046556472135218e-06,-0.652016351296172,-0.652016351296172,4.115004112463791,4.115004112463791,4.115004112463791,13,0.43333333333333335,0,8,8111,57.03666666666667,4.115004112463791,-0.008890699161934815,0.022825652809110877,44172.0,751.8739812399699,6.894979738150157,-0.6169043148455954,13.622744464016932,-3.50771455410164,34.42997488324303,16.128930017993547,-0.035112036450576575,103|94|6|92|93|6|16|5|85|6,184,151
270,7.966090907413865e-06,-0.652016351296172,-0.652016351296172,4.115004112463791,4.115004112463791,4.115004112463791,12,0.4,0,6,8141,57.03666666666667,4.115004112463791,-0.00907623106555443,0.02282807707130061,44737.0,737.7879089132513,6.894979738150157,-0.6169043148455954,13.607031835690645,-3.5071398579381463,34.98418957865705,15.815851474889042,-0.035112036450576575,105|91|6|93|93|6|16|5|88|6,184,153
271,7.886429998339726e-06,-0.652016351296172,-0.652016351296172,4.115004112463791,4.115004112463791,4.115004112463791,12,0.4,0,9,8171,57.03666666666667,4.115004112463791,-0.009040681416692776,0.022910920454080882,44552.0,739.8597725820938,6.894979738150157,-0.6169043148455954,13.610042522310012,-3.487500986179014,34.802721050070154,15.861900937358577,-0.035112036450576575,105|92|6|91|93|6|16|5|88|6,185,152
272,7.807565698356328e-06,-0.652016351296172,-0.652016351296172,4.115004112463791,4.115004112463791,4.115004112463791,12,0.4,0,8,8201,57.03666666666667,4.115004112463791,-0.009250905947776623,0.022933761039781987,44402.0,726.0906674991547,6.894979738150157,-0.6169043148455954,13.592238684492662,-3.482086391573706,34.65558440526997,15.55586734195792,-0.035112036450576575,105|93|6|88|91|6|17|5|91|6,184,152
273,7.729490041372764e-06,-0.652016351296172,-0.652016351296172,4.115004112463791,4.115004112463791,4.115004112463791,12,0.4,0,3,8231,57.03666666666667,4.115004112463791,-0.009275661593130369,0.022968034311007336,43573.0,720.4065784585274,6.894979738150157,-0.6169043148455954,13.59014213803983,-3.4739615618556123,33.84240921500762,15.429532173825894,-0.035112036450576575,107|91|6|86|88|6|17|5|91|6,183,152
274,7.652195140959036e-06,-0.652016351296172,-0.652016351296172,4.115004112463791,4.115004112463791,4.115004112463791,17,0.5666666666666667,0,3,8261,57.03666666666667,4.115004112463791,-0.013253814858364637,0.022356004009325407,43421.0,705.6682968034436,6.894979738150157,-0.6169043148455954,13.253233808732865,-3.61904960877077,33.69331074827677,15.10195755675644,-0.035112036450576575,108|87|5|88|87|6|17|5|92|6,182,153
275,7.575673189549446e-06,-0.652016351296172,-0.652016351296172,4.115004112463791,4.115004112463791,4.115004112463791,13,0.43333333333333335,0,6,8291,57.03666666666667,4.115004112463791,-0.009230908529368476,0.022957828491113295,43211.0,718.6526892189668,6.894979738150157,-0.6169043148455954,13.593932258464589,-3.476380955914248,33.487319445556516,15.390550044872406,-0.035112036450576575,107|87|6|87|89|6|17|5|91|6,181,154
276,7.499916457653952e-06,-0.652016351296172,-0.652016351296172,4.115004112463791,4.115004112463791,4.115004112463791,15,0.5,0,5,8321,57.03666666666667,4.115004112463791,-0.009190820745918152,0.022991898917562936,42735.0,717.3740906636533,6.894979738150157,-0.6169043148455954,13.597327278024519,-3.4683042126262764,33.020405826057264,15.362131777265349,-0.035112036450576575,107|86|6|85|88|6|18|5|92|6,181,154
277,7.424917293077412e-06,-0.652016351296172,-0.652016351296172,4.115004112463791,4.115004112463791,4.115004112463791,8,0.26666666666666666,0,7,8351,57.03666666666667,4.115004112463791,-0.009668995311623088,0.02311839669660681,43211.0,705.7273270827056,6.894979738150157,-0.6169043148455954,13.556830850836402,-3.4383166194464225,33.487319445556516,15.103269570027548,-0.035112036450576575,110|86|6|85|87|6|18|5|92|6,181,154
278,7.350668120146638e-06,-0.652016351296172,-0.652016351296172,4.115004112463791,4.115004112463791,4.115004112463791,11,0.36666666666666664,0,13,8381,57.03666666666667,4.115004112463791,-0.009471537543668262,0.023285466239253105,43177.0,732.6113165753144,6.894979738150157,-0.6169043148455954,13.573553476204237,-3.3987110744677738,33.45396847273514,15.700795982497946,-0.035112036450576575,109|86|6|85|87|6|18|5|93|6,182,153
279,7.2771614389451715e-06,-0.652016351296172,-0.652016351296172,4.115004112463791,4.115004112463791,4.115004112463791,19,0.6333333333333333,0,6,8411,57.03666666666667,4.115004112463791,-0.011444715186429031,0.022576708228953336,43243.0,724.0041011616726,6.894979738150157,-0.6169043148455954,13.406445791123822,-3.5667294146827464,33.51870859644722,15.50949109640999,-0.035112036450576575,111|85|5|90|87|6|18|5|87|7,182,154
280,7.20438982455572e-06,-0.652016351296172,-0.652016351296172,4.115004112463791,4.115004112463791,4.115004112463791,16,0.5333333333333333,0,4,8441,57.03666666666667,4.115004112463791,-0.010779832574406139,0.02238172454867065,43161.0,717.6629397480625,6.894979738150157,-0.6169043148455954,13.462754453728527,-3.6129522916788708,33.43827389728978,15.368551767765636,-0.035112036450576575,109|89|5|90|88|6|18|5|84|7,183,153
281,7.1323459263101625e-06,-0.652016351296172,-0.652016351296172,4.115004112463791,4.115004112463791,4.115004112463791,7,0.23333333333333334,0,11,8471,57.03666666666667,4.115004112463791,-0.010697416114892565,0.02235269172381507,43529.0,724.2072154940513,6.894979738150157,-0.6169043148455954,13.469734273215318,-3.619834819951,33.7992491325329,15.514005537184524,-0.035112036450576575,109|90|5|90|90|6|18|5|83|7,183,153
282,7.061022467047061e-06,-0.652016351296172,-0.652016351296172,4.115004112463791,4.115004112463791,4.115004112463791,6,0.2,0,11,8501,57.03666666666667,4.115004112463791,-0.010694919166460487,0.022330964092600943,43285.0,717.7782670588821,6.894979738150157,-0.6169043148455954,13.469945738854905,-3.6249855773044963,33.55990685699127,15.371115044853392,-0.035112036450576575,108|92|5|90|88|6|17|5|83|7,183,152
283,6.99041224237659e-06,-0.652016351296172,-0.652016351296172,4.115004112463791,4.115004112463791,4.115004112463791,14,0.4666666666666667,0,14,8531,57.03666666666667,4.115004112463791,-0.011036790654369568,0.02225649359014272,43219.0,717.3781864468506,6.894979738150157,-0.6169043148455954,13.440992768933986,-3.6426395720899847,33.49516673327919,15.362222810578718,-0.035112036450576575,107|91|5|90|87|6|17|5|86|7,183,152
284,6.920508119952824e-06,-0.652016351296172,-0.652016351296172,4.115004112463791,4.115004112463791,4.115004112463791,11,0.36666666666666664,0,8,8561,57.03666666666667,4.115004112463791,-0.0010279629402091463,0.021143043939651565,42991.0,757.1111242200819,6.894979738150157,-0.6169043148455954,14.288636687776428,-3.906594207480053,33.27151903318291,16.24533131540371,-0.035112036450576575,105|91|6|91|88|6|17|5|85|7,182,151
285,6.851303038753296e-06,-0.652016351296172,-0.652016351296172,4.115004112463791,4.115004112463791,4.115004112463791,12,0.4,0,9,8591,57.03666666666667,4.115004112463791,-0.0009538161414647195,0.021040047348079315,43285.0,757.7163886357266,6.894979738150157,-0.6169043148455954,14.294916152749977,-3.9310106036438857,33.55990685699127,16.258783986740887,-0.035112036450576575,103|92|6|92|88|6|17|5|87|7,182,152
286,6.782790008365763e-06,-0.652016351296172,-0.652016351296172,4.115004112463791,4.115004112463791,4.115004112463791,15,0.5,0,9,8621,57.03666666666667,4.115004112463791,-0.010706982340475017,0.022029918960122213,43303.0,689.4527817801172,6.894979738150157,-0.6169043148455954,13.468924113107379,-3.6963514070430263,33.57756325436729,14.741549793581562,-0.035112036450576575,102|94|5|92|86|6|18|5|88|7,182,152
287,6.7149621082821054e-06,-0.652016351296172,-0.652016351296172,4.115004112463791,4.115004112463791,4.115004112463791,17,0.5666666666666667,0,5,8651,57.03666666666667,4.115004112463791,-0.010729703924355105,0.02208745985063854,43560.0,677.0615987264819,6.894979738150157,-0.6169043148455954,13.466999830568758,-3.6827107500366165,33.82965737245827,14.46614203989462,-0.035112036450576575,105|91|5|93|85|6|18|5|89|7,182,149
288,6.647812487199284e-06,-0.652016351296172,-0.652016351296172,4.115004112463791,4.115004112463791,4.115004112463791,16,0.5333333333333333,0,9,8681,57.03666666666667,4.115004112463791,-0.010511167410656098,0.02216500775170422,43526.0,718.7910075784707,6.894979738150157,-0.6169043148455954,13.48550760712084,-3.664327226415205,33.7963063996369,15.393624323455795,-0.035112036450576575,103|88|5|95|85|6|18|5|92|7,182,150
289,6.581334362327291e-06,-0.652016351296172,-0.652016351296172,4.115004112463791,4.115004112463791,4.115004112463791,14,0.4666666666666667,0,11,8711,57.03666666666667,4.115004112463791,-0.009821338397593828,0.02203223088423629,43049.0,721.9896620439392,6.894979738150157,-0.6169043148455954,13.54392897120687,-3.6958033417701044,33.328411869172314,15.464717958126695,-0.035112036450576575,102|84|5|96|83|6|18|5|95|7,182,150
290,6.515521018704018e-06,-0.652016351296172,-0.652016351296172,4.115004112463791,4.115004112463791,4.115004112463791,13,0.43333333333333335,0,10,8741,57.03666666666667,4.115004112463791,-0.009698312679361174,0.021861289223100506,43952.0,723.4985405168652,6.894979738150157,-0.6169043148455954,13.554347973801312,-3.7363268120663733,34.21417447086942,15.498254451697678,-0.035112036450576575,103|86|5|96|84|6|18|5|96|7,182,150
291,6.450365808516978e-06,-0.652016351296172,-0.652016351296172,4.115004112463791,4.115004112463791,4.115004112463791,10,0.3333333333333333,0,11,8771,57.03666666666667,4.115004112463791,-0.010238146526268149,0.02180275232179204,44246.0,710.3704135690573,6.894979738150157,-0.6169043148455954,13.508629644883667,-3.750203583624858,34.50256229467778,15.206467304565505,-0.035112036450576575,102|87|5|97|87|6|18|5|94|7,182,152
292,6.385862150431808e-06,-0.652016351296172,-0.652016351296172,4.115004112463791,4.115004112463791,4.115004112463791,14,0.4666666666666667,0,10,8801,57.03666666666667,4.115004112463791,-0.008709700771424439,0.021551919049168405,44142.0,716.2139972906723,6.894979738150157,-0.6169043148455954,13.638073150794039,-3.8096661780851138,34.40054755428299,15.3363474184566,-0.035112036450576575,103|87|5|95|84|6|18|5|97|8,182,154
293,6.32200352892749e-06,-0.652016351296172,-0.652016351296172,4.115004112463791,4.115004112463791,4.115004112463791,12,0.4,0,11,8831,57.03666666666667,4.115004112463791,-0.009715055345153604,0.02155619378608121,44885.0,729.062694324676,6.894979738150157,-0.6169043148455954,13.552930043625125,-3.8086528079495987,35.129364401526566,15.621923926577097,-0.035112036450576575,105|88|5|96|85|6|18|5|96|7,182,155
294,6.258783493638215e-06,-0.652016351296172,-0.652016351296172,4.115004112463791,4.115004112463791,4.115004112463791,16,0.5333333333333333,0,6,8861,57.03666666666667,4.115004112463791,-0.009770783814437838,0.021561957779420854,44604.0,731.9871103413523,6.894979738150157,-0.6169043148455954,13.548210420164292,-3.8072863943361175,34.85372842026755,15.686922308290344,-0.035112036450576575,102|90|5|94|86|6|18|5|97|7,180,155
295,6.196195658701833e-06,-0.652016351296172,-0.652016351296172,4.115004112463791,4.115004112463791,4.115004112463791,12,0.4,0,11,8891,57.03666666666667,4.115004112463791,-0.008541291912626531,0.021550785223695818,44420.0,739.3580773796164,6.894979738150157,-0.6169043148455954,13.652335634784773,-3.8099349630176707,34.67324080264599,15.850750206378995,-0.035112036450576575,103|89|5|94|88|6|18|5|94|8,181,155
296,6.134233702114815e-06,-0.652016351296172,-0.652016351296172,4.115004112463791,4.115004112463791,4.115004112463791,14,0.4666666666666667,0,10,8921,57.03666666666667,4.115004112463791,-0.010171711493426187,0.021901348954837165,44240.0,731.4666379347319,6.894979738150157,-0.6169043148455954,13.51425600325398,-3.7268302426618116,34.496676828885775,15.675354233172504,-0.035112036450576575,104|89|5|92|88|6|18|5|94|7,182,154
297,6.072891365093666e-06,-0.652016351296172,-0.652016351296172,4.115004112463791,4.115004112463791,4.115004112463791,10,0.3333333333333333,0,8,8951,57.03666666666667,4.115004112463791,-0.007730792711509987,0.022520894746971044,44621.0,729.1257050435953,6.894979738150157,-0.6169043148455954,13.72097651248528,-3.5799605718167826,34.87040390667824,15.623324409523772,-0.035112036450576575,103|90|6|93|88|6|19|5|95|6,184,154
298,6.01216245144273e-06,-0.652016351296172,-0.652016351296172,4.115004112463791,4.115004112463791,4.115004112463791,14,0.4666666666666667,0,5,8981,57.03666666666667,4.115004112463791,-0.007412350903562517,0.02236255575708665,45170.0,717.2259634155578,6.894979738150157,-0.6169043148455954,13.747945231472215,-3.6174964499092774,35.408924026646915,15.35883948527989,-0.035112036450576575,103|91|6|93|89|6|19|5|96|6,185,153
299,5.952040826928303e-06,-0.652016351296172,-0.652016351296172,4.115004112463791,4.115004112463791,4.115004112463791,11,0.36666666666666664,0,10,9011,57.03666666666667,4.115004112463791,-0.007926302671999657,0.022293796649283514,45152.0,677.4606063983824,6.894979738150157,-0.6169043148455954,13.704418846211562,-3.633796500137788,35.39126762927089,14.47501042688772,-0.035112036450576575,100|94|6|93|87|6|19|5|98|6,184,154
300,5.89252041865902e-06,-0.652016351296172,-0.652016351296172,4.115004112463791,4.115004112463791,4.115004112463791,7,0.23333333333333334,0,9,9041,57.03666666666667,4.115004112463791,-0.008205082248093673,0.02215097381808134,45132.0,660.2812352040149,6.894979738150157,-0.6169043148455954,13.68080910697714,-3.6676541140125756,35.3716494099642,14.093179893845372,-0.035112036450576575,98|94|6|95|87|6|19|5|98|6,184,154
301,5.833595214472429e-06,-0.652016351296172,-0.652016351296172,4.115004112463791,4.115004112463791,4.115004112463791,14,0.4666666666666667,0,10,9071,57.03666666666667,4.115004112463791,-0.00876119484769809,0.022654426776911332,45031.0,646.9003328861093,6.894979738150157,-0.6169043148455954,13.633712136511816,-3.548305437469004,35.27257740246541,13.79577453442752,-0.035112036450576575,99|92|6|96|84|6|19|5|100|6,184,154
302,5.7752592623277054e-06,-0.652016351296172,-0.652016351296172,4.115004112463791,4.115004112463791,4.115004112463791,8,0.26666666666666666,0,12,9101,57.03666666666667,4.115004112463791,-0.008663309245563267,0.022546325993811258,45407.0,646.9762289080938,6.894979738150157,-0.6169043148455954,13.642002031968245,-3.5739318344740005,35.6413999254312,13.797461407491866,-0.035112036450576575,98|92|6|96|85|6|19|5|102|6,184,155
303,5.7175066697044284e-06,-0.652016351296172,-0.652016351296172,4.115004112463791,4.115004112463791,4.115004112463791,9,0.3,0,11,9131,57.03666666666667,4.115004112463791,-0.008635778212399369,0.022521503389321573,45744.0,644.2798933631753,6.894979738150157,-0.6169043148455954,13.644333624988656,-3.5798162869183625,35.971966920748955,13.73753236662483,-0.035112036450576575,97|92|6|97|86|6|18|5|103|6,184,158
304,5.660331603007384e-06,-0.652016351296172,-0.652016351296172,4.115004112463791,4.115004112463791,4.115004112463791,12,0.4,0,5,9161,57.03666666666667,4.115004112463791,-0.010500401008057667,0.02329589915081006,45708.0,627.9661891060412,6.894979738150157,-0.6169043148455954,13.486419409776557,-3.3962378460062457,35.93665412599691,13.374942239086337,-0.035112036450576575,95|91|6|101|88|6|18|5|100|6,183,159
305,5.60372828697731e-06,-0.652016351296172,-0.652016351296172,4.115004112463791,4.115004112463791,4.115004112463791,9,0.3,0,13,9191,57.03666666666667,4.115004112463791,-0.002695925153736928,0.021721010528005423,46069.0,667.0624239608826,6.894979738150157,-0.6169043148455954,14.147377584559425,-3.7695813124386928,36.29076298448268,14.243899317065267,-0.035112036450576575,94|91|7|101|91|6|18|5|100|6,184,160
306,5.547691004107536e-06,-0.652016351296172,-0.652016351296172,4.115004112463791,4.115004112463791,4.115004112463791,10,0.3333333333333333,0,13,9221,57.03666666666667,4.115004112463791,-0.0026895927966480698,0.021764387697094312,44953.0,661.8587916316229,6.894979738150157,-0.6169043148455954,14.147913869540204,-3.759298310557053,35.196066347169314,14.128242830948416,-0.035112036450576575,93|89|7|102|90|6|18|5|97|6,183,158
307,5.492214094066461e-06,-0.652016351296172,-0.652016351296172,4.115004112463791,4.115004112463791,4.115004112463791,15,0.5,0,8,9251,57.03666666666667,4.115004112463791,-0.0026819750232226244,0.02183628264771261,45317.0,659.8180214583929,6.894979738150157,-0.6169043148455954,14.148559015955309,-3.742254876695029,35.5531179385511,14.082884455822507,-0.035112036450576575,93|92|7|102|89|6|18|5|97|6,183,158
308,5.437291953125797e-06,-0.652016351296172,-0.652016351296172,4.115004112463791,4.115004112463791,4.115004112463791,9,0.3,0,10,9281,57.03666666666667,4.115004112463791,-0.010091325508308754,0.02325602478531374,45888.0,635.2107024805446,6.894979738150157,-0.6169043148455954,13.521063862614826,-3.40569047244638,36.11321809975713,13.53595956458228,-0.035112036450576575,93|92|6|104|92|7|18|5|95|6,183,159
309,5.382919033594539e-06,-0.652016351296172,-0.652016351296172,4.115004112463791,4.115004112463791,4.115004112463791,6,0.2,0,10,9311,57.03666666666667,4.115004112463791,-0.010503668729079704,0.02326820418452393,46089.0,633.8311926833472,6.894979738150157,-0.6169043148455954,13.48614266769128,-3.4028032212120047,36.310381203789376,13.505298432970331,-0.035112036450576575,91|92|6|104|93|7|18|5|97|6,183,159
310,5.329089843258593e-06,-0.652016351296172,-0.652016351296172,4.115004112463791,4.115004112463791,4.115004112463791,9,0.3,0,14,9341,57.03666666666667,4.115004112463791,-0.010299558599262515,0.02321434872528109,46660.0,642.7805930282841,6.894979738150157,-0.6169043148455954,13.503428679125856,-3.4155702090160225,36.870481364995406,13.704208757769472,-0.035112036450576575,92|94|6|105|93|7|18|5|96|6,183,159
311,5.275798944826007e-06,-0.652016351296172,-0.652016351296172,4.115004112463791,4.115004112463791,4.115004112463791,15,0.5,0,8,9371,57.03666666666667,4.115004112463791,-0.010189378527906596,0.023155190960171452,47042.0,639.8530083468465,6.894979738150157,-0.6169043148455954,13.512759788635346,-3.4295941626928843,37.24518935375321,13.63913994897591,-0.035112036450576575,96|95|6|105|91|7|18|5|95|6,183,158
312,5.223040955377747e-06,-0.652016351296172,-0.652016351296172,4.115004112463791,4.115004112463791,4.115004112463791,15,0.5,0,7,9401,57.03666666666667,4.115004112463791,-0.01032111782056388,0.023400937807909774,47070.0,633.5818118299717,6.894979738150157,-0.6169043148455954,13.501602836644299,-3.37133735730935,37.27265486078257,13.499755667574695,-0.035112036450576575,97|97|6|105|89|7|18|5|94|6,183,159
313,5.17081054582397e-06,-0.652016351296172,-0.652016351296172,4.115004112463791,4.115004112463791,4.115004112463791,16,0.5333333333333333,0,5,9431,57.03666666666667,4.115004112463791,-0.010130343092158952,0.023357082786786856,47794.0,647.106361368943,6.894979738150157,-0.6169043148455954,13.517759477863377,-3.3817336389062933,37.9828343996848,13.800353745420303,-0.035112036450576575,96|101|6|103|93|7|18|5|93|6,183,161
314,5.11910244036573e-06,-0.652016351296172,-0.652016351296172,4.115004112463791,4.115004112463791,4.115004112463791,10,0.3333333333333333,0,9,9461,57.03666666666667,4.115004112463791,-0.006800412579706777,0.02364973211175867,47597.0,661.5231331959607,6.894979738150157,-0.6169043148455954,13.79977006188558,-3.3123581212652295,37.78959493951389,14.120782450823961,-0.035112036450576575,98|100|7|103|94|7|17|5|90|6,183,162
315,5.067911415962073e-06,-0.652016351296172,-0.652016351296172,4.115004112463791,4.115004112463791,4.115004112463791,12,0.4,0,7,9491,57.03666666666667,4.115004112463791,-0.006891361872722936,0.023637983119504335,48027.0,647.5413762195944,6.894979738150157,-0.6169043148455954,13.792067599884053,-3.315143340125666,38.21138665460775,13.810022431801562,-0.035112036450576575,98|101|7|105|90|7|17|5|93|6,183,162
316,5.017232301802453e-06,-0.652016351296172,-0.652016351296172,4.115004112463791,4.115004112463791,4.115004112463791,13,0.43333333333333335,0,12,9521,57.03666666666667,4.115004112463791,-0.0010236610783963848,0.022527709596227234,47086.0,663.7615813760164,6.894979738150157,-0.6169043148455954,14.289001010862952,-3.578345042053167,37.28834943622793,14.170534438373922,-0.035112036450576575,99|101|8|103|86|6|16|5|93|7,183,162
317,4.9670599787844285e-06,-0.652016351296172,-0.652016351296172,4.115004112463791,4.115004112463791,4.115004112463791,14,0.4666666666666667,0,6,9551,57.03666666666667,4.115004112463791,-0.003978457285243408,0.02342143298864576,46467.0,639.1190608784577,6.894979738150157,-0.6169043148455954,14.038760412495064,-3.3664787649553674,36.68116554868584,13.62282715440914,-0.035112036450576575,98|100|8|101|86|7|16|5|94|6,183,164
318,4.917389378996584e-06,-0.652016351296172,-0.652016351296172,4.115004112463791,4.115004112463791,4.115004112463791,10,0.3333333333333333,0,9,9581,57.03666666666667,4.115004112463791,-0.006421471396887294,0.023362125082515256,47009.0,641.1072733541986,6.894979738150157,-0.6169043148455954,13.831862450563774,-3.380538311097863,37.21281929189717,13.667017376555483,-0.035112036450576575,98|99|7|103|88|7|16|5|94|6,184,163
319,4.868215485206618e-06,-0.652016351296172,-0.652016351296172,4.115004112463791,4.115004112463791,4.115004112463791,11,0.36666666666666664,0,9,9611,57.03666666666667,4.115004112463791,-0.006757774995975642,0.023509695716698795,47172.0,640.2152062382395,6.894979738150157,-0.6169043148455954,13.803381023088631,-3.345555181934353,37.3727077792467,13.647190197868763,-0.035112036450576575,100|98|7|100|88|7|16|5|97|6,183,164
320,4.819533330354552e-06,-0.652016351296172,-0.652016351296172,4.115004112463791,4.115004112463791,4.115004112463791,8,0.26666666666666666,0,9,9641,57.03666666666667,4.115004112463791,-0.006712796026961185,0.023535364234833347,46955.0,656.5138288343469,6.894979738150157,-0.6169043148455954,13.807190275345713,-3.3394701970028655,37.1598500997691,14.009445118803715,-0.035112036450576575,100|97|7|99|89|7|16|5|97|6,183,163
321,4.771337997051006e-06,-0.652016351296172,-0.652016351296172,4.115004112463791,4.115004112463791,4.115004112463791,9,0.3,0,11,9671,57.03666666666667,4.115004112463791,-0.006751500301919099,0.02357788001641993,46213.0,653.6081708472886,6.894979738150157,-0.6169043148455954,13.80391242460852,-3.329391395844627,36.43201416349086,13.944863655053693,-0.035112036450576575,97|96|7|100|87|7|16|5|98|6,183,161
322,4.723624617080496e-06,-0.652016351296172,-0.652016351296172,4.115004112463791,4.115004112463791,4.115004112463791,10,0.3333333333333333,0,12,9701,57.03666666666667,4.115004112463791,-0.00664358631533246,0.023528438823002283,46205.0,663.2934307161922,6.894979738150157,-0.6169043148455954,13.813051620236674,-3.3411119367564215,36.42416687576819,14.16012927197043,-0.035112036450576575,98|98|7|98|87|7|16|5|97|6,182,161
323,4.676388370909691e-06,-0.652016351296172,-0.652016351296172,4.115004112463791,4.115004112463791,4.115004112463791,11,0.36666666666666664,0,9,9731,57.03666666666667,4.115004112463791,-0.01052808352869616,0.02365766890666267,46014.0,641.1261692088443,6.894979738150157,-0.6169043148455954,13.484074987337927,-3.310476622803107,36.236812881389284,13.66743735783245,-0.035112036450576575,97|99|6|96|88|7|17|5|97|6,182,161
324,4.6296244872005944e-06,-0.652016351296172,-0.652016351296172,4.115004112463791,4.115004112463791,4.115004112463791,11,0.36666666666666664,0,12,9761,57.03666666666667,4.115004112463791,-0.010367609236300002,0.02357180051040228,46189.0,664.158522006866,6.894979738150157,-0.6169043148455954,13.497665495833512,-3.3308326049675836,36.40847230032283,14.179356883092572,-0.035112036450576575,96|98|6|98|89|7|17|5|97|6,182,161
325,4.583328242328588e-06,-0.652016351296172,-0.652016351296172,4.115004112463791,4.115004112463791,4.115004112463791,15,0.5,0,2,9791,57.03666666666667,4.115004112463791,-0.007389808015065735,0.022701394561747745,46978.0,694.4276993888357,6.894979738150157,-0.6169043148455954,13.749854380364889,-3.537171243375804,37.1824110519718,14.852122841971223,-0.035112036450576575,96|99|6|99|91|6|18|5|97|7,183,161
326,4.537494959905302e-06,-0.652016351296172,-0.652016351296172,4.115004112463791,4.115004112463791,4.115004112463791,14,0.4666666666666667,0,7,9821,57.03666666666667,4.115004112463791,-0.007245326062036049,0.022231090573415383,47405.0,671.7350083309456,6.894979738150157,-0.6169043148455954,13.762090503551905,-3.648661617195585,37.601260034169655,14.34775267470687,-0.035112036450576575,96|102|6|102|89|6|17|5|95|7,183,162
327,4.492120010306249e-06,-0.652016351296172,-0.652016351296172,4.115004112463791,4.115004112463791,4.115004112463791,10,0.3333333333333333,0,5,9851,57.03666666666667,4.115004112463791,-0.006394245533019803,0.022336442949172683,47225.0,681.0800921155333,6.894979738150157,-0.6169043148455954,13.83416819890929,-3.6236867582801153,37.42469606040943,14.55545750175924,-0.035112036450576575,99|100|6|102|89|6|17|5|93|8,184,163
328,4.447198810203186e-06,-0.652016351296172,-0.652016351296172,4.115004112463791,4.115004112463791,4.115004112463791,9,0.3,0,11,9881,57.03666666666667,4.115004112463791,-0.006864944864749532,0.02272240033685491,47752.0,692.8239637748111,6.894979738150157,-0.6169043148455954,13.794304846522936,-3.532191609400391,37.94163613914075,14.816478043483908,-0.035112036450576575,99|100|6|101|92|6|17|5|94|8,184,164
329,4.402726822101155e-06,-0.652016351296172,-0.652016351296172,4.115004112463791,4.115004112463791,4.115004112463791,9,0.3,0,14,9911,57.03666666666667,4.115004112463791,-0.007107879522949045,0.022831844978461767,47744.0,692.1295983418116,6.894979738150157,-0.6169043148455954,13.773730800133112,-3.506246636982472,37.93378885141807,14.801045003449516,-0.035112036450576575,101|98|6|100|92|6|17|5|95|8,185,164
330,4.358699553880143e-06,-0.652016351296172,-0.652016351296172,4.115004112463791,4.115004112463791,4.115004112463791,10,0.3333333333333333,0,14,9941,57.03666666666667,4.115004112463791,-0.007078172715018786,0.022793399906349966,47027.0,672.8544035140593,6.894979738150157,-0.6169043148455954,13.7762466587141,-3.5153604347975227,37.23047568927319,14.372632471214992,-0.035112036450576575,101|98|6|99|90|6|18|5|94|8,185,163
331,4.315112558341342e-06,-0.652016351296172,-0.652016351296172,4.115004112463791,4.115004112463791,4.115004112463791,14,0.4666666666666667,0,9,9971,57.03666666666667,4.115004112463791,-0.007773620313673961,0.022820880233746572,47759.0,673.6313587293128,6.894979738150157,-0.6169043148455954,13.717349458691402,-3.508845941937274,37.948502515898085,14.389901160542081,-0.035112036450576575,100|97|6|100|93|6|18|5|96|8,186,164
332,4.271961432757928e-06,-0.652016351296172,-0.652016351296172,4.115004112463791,4.115004112463791,4.115004112463791,14,0.4666666666666667,0,10,10001,57.03666666666667,4.115004112463791,0.0033206412054178833,0.020002253489822774,47569.0,730.7808330222134,6.894979738150157,-0.6169043148455954,14.656918365187938,-4.177030259175973,37.76212943248452,15.660111460177655,-0.035112036450576575,97|97|7|100|93|6|18|5|98|8,186,165
333,4.229241818430349e-06,-0.652016351296172,-0.652016351296172,4.115004112463791,4.115004112463791,4.115004112463791,15,0.5,0,6,10031,57.03666666666667,4.115004112463791,0.0033421997331114887,0.01970116679009241,48570.0,731.5733441806676,6.894979738150157,-0.6169043148455954,14.658744148928108,-4.2484059428569285,38.74402130878442,15.677725897554373,-0.035112036450576575,99|97|7|103|93|6|18|5|98|8,186,166
334,4.1869494002460454e-06,-0.652016351296172,-0.652016351296172,4.115004112463791,4.115004112463791,4.115004112463791,10,0.3333333333333333,0,10,10061,57.03666666666667,4.115004112463791,-0.0010036484043113333,0.020486147692591987,47819.0,684.312233659644,6.894979738150157,-0.6169043148455954,14.290695876832517,-4.06231818593317,38.007357173818164,14.627295423804997,-0.035112036450576575,98|97|6|101|89|7|18|5|101|7,186,165
335,4.145079906243585e-06,-0.652016351296172,-0.652016351296172,4.115004112463791,4.115004112463791,4.115004112463791,14,0.4666666666666667,0,10,10091,57.03666666666667,4.115004112463791,0.0005929702235858356,0.020281615740768495,47972.0,693.9686652203184,6.894979738150157,-0.6169043148455954,14.425912918158232,-4.110804578421034,38.15743655151435,14.841920299674037,-0.035112036450576575,100|97|6|100|90|7|17|5|100|8,187,163
336,4.103629107181149e-06,-0.652016351296172,-0.652016351296172,4.115004112463791,4.115004112463791,4.115004112463791,17,0.5666666666666667,0,8,10121,57.03666666666667,4.115004112463791,-0.008075629185536493,0.021170230008339803,47620.0,670.427656002149,6.894979738150157,-0.6169043148455954,13.69177243898623,-3.900149471658251,37.812155891716586,14.318695322669317,-0.035112036450576575,99|95|5|102|89|7|17|5|100|9,186,161
337,4.062592816109338e-06,-0.652016351296172,-0.652016351296172,4.115004112463791,4.115004112463791,4.115004112463791,15,0.5,0,9,10151,57.03666666666667,4.115004112463791,-0.008073100195581048,0.021185490860569416,47097.0,652.2045029713892,6.894979738150157,-0.6169043148455954,13.691986618210588,-3.896531730448101,37.29913945684661,13.913665583412698,-0.035112036450576575,99|93|5|103|87|7|17|5|100|9,186,160
338,4.0219668879482445e-06,-0.652016351296172,-0.652016351296172,4.115004112463791,4.115004112463791,4.115004112463791,13,0.43333333333333335,0,10,10181,57.03666666666667,4.115004112463791,-0.010402118728291379,0.02128326078806379,47166.0,628.2819493152394,6.894979738150157,-0.6169043148455954,13.494742899714943,-3.8733543684968827,37.3668223134547,13.381960359111085,-0.035112036450576575,96|97|5|103|84|7|18|5|102|7,186,160
339,3.981747219068762e-06,-0.652016351296172,-0.652016351296172,4.115004112463791,4.115004112463791,4.115004112463791,12,0.4,0,7,10211,57.03666666666667,4.115004112463791,-0.012373376209263012,0.02154329021618073,47287.0,627.6595918610903,6.894979738150157,-0.6169043148455954,13.327797832426567,-3.8117117312577236,37.485512540260174,13.368127776080424,-0.035112036450576575,96|97|5|102|85|7|17|5|103|6,185,160
340,3.941929746878075e-06,-0.652016351296172,-0.652016351296172,4.115004112463791,4.115004112463791,4.115004112463791,10,0.3333333333333333,0,9,10241,57.03666666666667,4.115004112463791,-0.012295144137070769,0.02155562303880236,47450.0,612.5696975235742,6.894979738150157,-0.6169043148455954,13.334423277698082,-3.8087881094334346,37.64540102760971,13.032738178099352,-0.035112036450576575,96|98|5|101|86|7|17|5|103|6,185,161
341,3.9025104494092935e-06,-0.652016351296172,-0.652016351296172,4.115004112463791,4.115004112463791,4.115004112463791,12,0.4,0,8,10271,57.03666666666667,4.115004112463791,-0.008867526424687706,0.020588521503025363,47648.0,636.5683769280587,6.894979738150157,-0.6169043148455954,13.624706954567413,-4.03804942641224,37.839621398745955,13.566135381387626,-0.035112036450576575,96|97|5|101|87|7|17|5|104|7,185,162
342,3.8634853449152e-06,-0.652016351296172,-0.652016351296172,4.115004112463791,4.115004112463791,4.115004112463791,14,0.4666666666666667,0,11,10301,57.03666666666667,4.115004112463791,-0.009765020732184269,0.02076362355944573,47300.0,611.3223866804265,6.894979738150157,-0.6169043148455954,13.54869849346973,-3.9965396918336693,37.49826438280952,13.005015314513708,-0.035112036450576575,92|98|5|101|87|7|17|5|105|7,185,161
343,3.824850491466048e-06,-0.652016351296172,-0.652016351296172,4.115004112463791,4.115004112463791,4.115004112463791,14,0.4666666666666667,0,5,10331,57.03666666666667,4.115004112463791,-0.013633440676085684,0.021681537180429637,46935.0,618.5859938212666,6.894979738150157,-0.6169043148455954,13.221083438577969,-3.778938873476496,37.14023188046241,13.166457020092928,-0.035112036450576575,88|97|5|101|89|7|17|5|106|6,185,161
344,3.7866019865513876e-06,-0.652016351296172,-0.652016351296172,4.115004112463791,4.115004112463791,4.115004112463791,10,0.3333333333333333,0,10,10361,57.03666666666667,4.115004112463791,-0.014007308665839036,0.021778008313671472,46696.0,615.5335477733804,6.894979738150157,-0.6169043148455954,13.189420696744984,-3.7560694039955163,36.90579415974745,13.098613029276224,-0.035112036450576575,89|98|5|99|89|7|17|5|105|6,186,160
345,3.7487359666858735e-06,-0.652016351296172,-0.652016351296172,4.115004112463791,4.115004112463791,4.115004112463791,14,0.4666666666666667,0,8,10391,57.03666666666667,4.115004112463791,-0.01409034581615777,0.02177310897478712,46495.0,609.4089955649397,6.894979738150157,-0.6169043148455954,13.182388311183379,-3.757230842420955,36.7086310557152,12.962488079885683,-0.035112036450576575,91|98|5|99|87|7|17|5|104|6,186,161
346,3.7112486070190146e-06,-0.652016351296172,-0.652016351296172,4.115004112463791,4.115004112463791,4.115004112463791,12,0.4,0,10,10421,57.03666666666667,4.115004112463791,-0.014034936335427777,0.021753902490604222,47253.0,611.9472126622447,6.894979738150157,-0.6169043148455954,13.187080919621481,-3.7617839360676997,37.4521615674388,13.018902763303137,-0.035112036450576575,95|97|5|99|87|7|17|5|105|6,186,162
347,3.6741361209488246e-06,-0.652016351296172,-0.652016351296172,4.115004112463791,4.115004112463791,4.115004112463791,9,0.3,0,13,10451,57.03666666666667,4.115004112463791,-0.01284925121881143,0.020706676070979056,47452.0,612.1438819879937,6.894979738150157,-0.6169043148455954,13.287496153799198,-4.010039676810961,37.64736284954038,13.023273956674197,-0.035112036450576575,95|97|5|100|87|7|17|5|105|6,186,161
348,3.6373947597393364e-06,-0.652016351296172,-0.652016351296172,4.115004112463791,4.115004112463791,4.115004112463791,15,0.5,0,7,10481,57.03666666666667,4.115004112463791,-0.012375127863604965,0.020718623521002105,48794.0,648.7537215268045,6.894979738150157,-0.6169043148455954,13.327649485467937,-4.007207411505311,38.963745365019356,13.836968147663105,-0.035112036450576575,95|98|5|102|89|7|16|5|107|6,185,163
349,3.601020812141943e-06,-0.652016351296172,-0.652016351296172,4.115004112463791,4.115004112463791,4.115004112463791,10,0.3333333333333333,0,11,10511,57.03666666666667,4.115004112463791,-0.012248444976700999,0.02067830687984876,49415.0,667.494199816422,6.894979738150157,-0.6169043148455954,13.338378212325091,-4.016764883916469,39.57289107449212,14.25349601319635,-0.035112036450576575,93|99|5|105|90|7|16|5|107|6,185,165
350,3.5650106040205233e-06,-0.652016351296172,-0.652016351296172,4.115004112463791,4.115004112463791,4.115004112463791,17,0.5666666666666667,0,4,10541,57.03666666666667,4.115004112463791,-0.01034696450556788,0.020657692743481393,48907.0,635.4052640167702,6.894979738150157,-0.6169043148455954,13.499413890446847,-4.021651675920337,39.074588304102164,13.540283909999003,-0.035112036450576575,94|97|5|105|87|7|16|5|108|7,186,164
351,3.529360497980318e-06,-0.652016351296172,-0.652016351296172,4.115004112463791,4.115004112463791,4.115004112463791,18,0.6,0,6,10571,57.03666666666667,4.115004112463791,-0.011004700542501276,0.020878066706264062,47564.0,632.7575407079873,6.894979738150157,-0.6169043148455954,13.443710468644378,-3.9694097725975372,37.75722487765785,13.481435329867463,-0.035112036450576575,92|95|5|101|87|6|17|5|109|7,184,163
352,3.494066893000515e-06,-0.652016351296172,-0.652016351296172,4.115004112463791,4.115004112463791,4.115004112463791,11,0.36666666666666664,0,9,10601,57.03666666666667,4.115004112463791,-0.012367803180564633,0.02090345213887698,47808.0,648.6233376152329,6.894979738150157,-0.6169043148455954,13.328269810166681,-3.9633918959862275,37.99656715319948,13.834070220964144,-0.035112036450576575,91|95|5|101|87|6|17|5|111|6,184,163
353,3.4591262240705095e-06,-0.652016351296172,-0.652016351296172,4.115004112463791,4.115004112463791,4.115004112463791,11,0.36666666666666664,0,11,10631,57.03666666666667,4.115004112463791,-0.01199578018703757,0.02093348283860645,48098.0,688.6185519871922,6.894979738150157,-0.6169043148455954,13.359776299951358,-3.956272811262365,38.2810313331465,14.723008113393826,-0.035112036450576575,91|95|5|100|91|6|17|5|110|6,183,164
354,3.4245349618298044e-06,-0.652016351296172,-0.652016351296172,4.115004112463791,4.115004112463791,4.115004112463791,12,0.4,0,9,10661,57.03666666666667,4.115004112463791,-0.012222781195119058,0.021001236945175097,47744.0,691.3228863828006,6.894979738150157,-0.6169043148455954,13.34055166849935,-3.940211006862303,37.93378885141807,14.783114937567836,-0.035112036450576575,88|95|5|100|92|6|17|5|110|6,183,163
355,3.3902896122115062e-06,-0.652016351296172,-0.652016351296172,4.115004112463791,4.115004112463791,4.115004112463791,11,0.36666666666666664,0,6,10691,57.03666666666667,4.115004112463791,-0.012769933010522528,0.02084125973016965,47871.0,668.5716197948154,6.894979738150157,-0.6169043148455954,13.294213583535193,-3.978135242986365,38.05836454401556,14.277442864335775,-0.035112036450576575,87|96|5|101|95|6|17|5|107|6,183,163
356,3.356386716089391e-06,-0.652016351296172,-0.652016351296172,4.115004112463791,4.115004112463791,4.115004112463791,10,0.3333333333333333,0,12,10721,57.03666666666667,4.115004112463791,-0.012725692721306137,0.020802270316658628,48227.0,668.1687662952307,6.894979738150157,-0.6169043148455954,13.297960277273267,-3.987378082501232,38.40756884767466,14.26848899956715,-0.035112036450576575,89|97|5|101|94|6|17|5|107|6,183,163
357,3.3228228489284972e-06,-0.652016351296172,-0.652016351296172,4.115004112463791,4.115004112463791,4.115004112463791,19,0.6333333333333333,0,5,10751,57.03666666666667,4.115004112463791,-0.012867941612801043,0.0208192967857602,47962.0,665.6963771672126,6.894979738150157,-0.6169043148455954,13.285913271242066,-3.983341783741155,38.147627441861005,14.21353741560296,-0.035112036450576575,90|97|5|99|96|6|17|5|105|6,183,163
358,3.289594620439212e-06,-0.652016351296172,-0.652016351296172,4.115004112463791,4.115004112463791,4.115004112463791,9,0.3,0,6,10781,57.03666666666667,4.115004112463791,-0.012711370610387351,0.020755456955647116,48358.0,656.45635236528,6.894979738150157,-0.6169043148455954,13.299173211552088,-3.9984756688462695,38.53606818413349,14.008167640683423,-0.035112036450576575,91|98|5|101|94|6|17|5|105|6,184,164
359,3.25669867423482e-06,-0.652016351296172,-0.652016351296172,4.115004112463791,4.115004112463791,4.115004112463791,9,0.3,0,11,10811,57.03666666666667,4.115004112463791,-0.012677258733177859,0.020714600883654358,48384.0,661.9842034654359,6.894979738150157,-0.6169043148455954,13.302062133821778,-4.008161018858784,38.56157186923219,14.1310302477178,-0.035112036450576575,89|99|5|101|95|6|17|5|105|6,185,164
360,3.2241316874924718e-06,-0.652016351296172,-0.652016351296172,4.115004112463791,4.115004112463791,4.115004112463791,5,0.16666666666666666,0,14,10841,57.03666666666667,4.115004112463791,-0.012493639296095302,0.020713542417462746,48008.0,660.4614650331908,6.894979738150157,-0.6169043148455954,13.317612796064077,-4.008411939102512,38.192749346266396,14.097185701215489,-0.035112036450576575,88|100|5|101|94|6|17|5|104|6,185,164
361,3.191890370617547e-06,-0.652016351296172,-0.652016351296172,4.115004112463791,4.115004112463791,4.115004112463791,9,0.3,0,9,10871,57.03666666666667,4.115004112463791,-0.01272386877619423,0.020762521926115177,47930.0,677.1536992788488,6.894979738150157,-0.6169043148455954,13.298114746510482,-3.9968008452894828,38.116238290970294,14.46818907657634,-0.035112036450576575,91|98|5|100|95|6|17|5|103|6,185,163
362,3.1599714669113717e-06,-0.652016351296172,-0.652016351296172,4.115004112463791,4.115004112463791,4.115004112463791,11,0.36666666666666664,0,11,10901,57.03666666666667,4.115004112463791,-0.012310341555306638,0.020658472507851314,47743.0,646.6746202856488,6.894979738150157,-0.6169043148455954,13.333136213966183,-4.0214668247958505,37.93280794045273,13.790757822140842,-0.035112036450576575,92|100|5|100|92|6|17|5|102|6,185,164
363,3.1283717522422578e-06,-0.652016351296172,-0.652016351296172,4.115004112463791,4.115004112463791,4.115004112463791,12,0.4,0,7,10931,57.03666666666667,4.115004112463791,-0.014749756353433188,0.022082281369016216,47956.0,639.6400397352553,6.894979738150157,-0.6169043148455954,13.126543076566007,-3.683938362105013,38.141741976069,13.634406485942534,-0.035112036450576575,94|100|5|103|90|6|17|5|100|6,184,166
364,3.0970880347198352e-06,-0.652016351296172,-0.652016351296172,4.115004112463791,4.115004112463791,4.115004112463791,12,0.4,0,9,10961,57.03666666666667,4.115004112463791,-0.014461197922596642,0.02216935457696234,47755.0,638.3653041024967,6.894979738150157,-0.6169043148455954,13.150980983393323,-3.663296766999635,37.94457887203675,13.606074076063418,-0.035112036450576575,97|101|5|102|89|6|17|5|97|6,184,164
365,3.066117154372637e-06,-0.652016351296172,-0.652016351296172,4.115004112463791,4.115004112463791,4.115004112463791,18,0.6,0,3,10991,57.03666666666667,4.115004112463791,-0.015669997814319353,0.02332656853912199,46735.0,647.4020778991077,6.894979738150157,-0.6169043148455954,13.048608167457395,-3.388967353617173,36.9440496873955,13.806926372501044,-0.035112036450576575,97|99|5|101|89|6|16|5|95|6,184,163
366,3.0354559828289104e-06,-0.652016351296172,-0.652016351296172,4.115004112463791,4.115004112463791,4.115004112463791,10,0.3333333333333333,0,7,11021,57.03666666666667,4.115004112463791,-0.01583781950388622,0.023500402197729135,45784.0,645.1174836980215,6.894979738150157,-0.6169043148455954,13.03439541061176,-3.347758305721805,36.011203359362334,13.75614873857506,-0.035112036450576575,96|97|5|101|88|6|16|5|94|6,184,162
367,3.0051014230006213e-06,-0.652016351296172,-0.652016351296172,4.115004112463791,4.115004112463791,4.115004112463791,10,0.3333333333333333,0,9,11051,57.03666666666667,4.115004112463791,-0.011877447081471487,0.024099403642916982,45984.0,651.8652223955983,6.894979738150157,-0.6169043148455954,13.369797886913927,-3.2057588825840475,36.207385552429244,13.90612469721614,-0.035112036450576575,96|97|6|101|88|6|16|5|95|6,184,162
368,2.975050408770615e-06,-0.652016351296172,-0.652016351296172,4.115004112463791,4.115004112463791,4.115004112463791,13,0.43333333333333335,0,5,11081,57.03666666666667,4.115004112463791,-0.011798210495362633,0.024039095750330433,46016.0,646.3980560227252,6.894979738150157,-0.6169043148455954,13.376508404097669,-3.2200554857504358,36.238774703319955,13.784610875390708,-0.035112036450576575,97|97|6|102|87|6|16|5|94|6,184,162
369,2.945299904682909e-06,-0.652016351296172,-0.652016351296172,4.115004112463791,4.115004112463791,4.115004112463791,9,0.3,0,9,11111,57.03666666666667,4.115004112463791,-0.012014950321149626,0.024047268871110035,45047.0,638.644680152811,6.894979738150157,-0.6169043148455954,13.358152788380616,-3.2181179638207937,35.28827197791076,13.612283517899437,-0.035112036450576575,96|97|6|99|86|6|16|5|94|6,184,160
370,2.9158469056360797e-06,-0.652016351296172,-0.652016351296172,4.115004112463791,4.115004112463791,4.115004112463791,14,0.4666666666666667,0,8,11141,57.03666666666667,4.115004112463791,-0.01165088535676852,0.023967132261119392,44263.0,648.0383012242266,6.894979738150157,-0.6169043148455954,13.38898531561901,-3.2371151673873366,34.51923778108847,13.82106713985601,-0.035112036450576575,98|94|6|97|88|6|16|5|91|6,184,159
371,2.886688436579719e-06,-0.652016351296172,-0.652016351296172,4.115004112463791,4.115004112463791,4.115004112463791,11,0.36666666666666664,0,8,11171,57.03666666666667,4.115004112463791,-0.011943262901409454,0.024001329416574044,43728.0,631.7397006280714,6.894979738150157,-0.6169043148455954,13.364223969455528,-3.2290083816917026,33.99445041463448,13.458812707894339,-0.035112036450576575,97|94|6|98|87|6|16|5|89|6,184,159
372,2.857821552213922e-06,-0.652016351296172,-0.652016351296172,4.115004112463791,4.115004112463791,4.115004112463791,15,0.5,0,10,11201,57.03666666666667,4.115004112463791,-0.011321083580363364,0.024143007103303738,43824.0,665.1034641180154,6.894979738150157,-0.6169043148455954,13.416916106134842,-3.195422236034242,34.088617867306596,14.200359267051343,-0.035112036450576575,97|95|6|101|88|6|16|5|84|6,184,159
373,2.8292433366917824e-06,-0.652016351296172,-0.652016351296172,4.115004112463791,4.115004112463791,4.115004112463791,17,0.5666666666666667,0,5,11231,57.03666666666667,4.115004112463791,-0.01702072533808803,0.02340846029474748,44618.0,667.1162237188094,6.894979738150157,-0.6169043148455954,12.934215552834228,-3.3695540748146304,34.86746117378224,14.245095076212346,-0.035112036450576575,97|94|5|103|92|6|17|5|83|6,184,160
374,2.8009509033248645e-06,-0.652016351296172,-0.652016351296172,4.115004112463791,4.115004112463791,4.115004112463791,12,0.4,0,9,11261,57.03666666666667,4.115004112463791,-0.011873436068343771,0.0234925651619923,44544.0,672.9830290009945,6.894979738150157,-0.6169043148455954,13.370137578132839,-3.3496161552523542,34.79487376234748,14.375491314980788,-0.035112036450576575,95|94|6|106|92|6|17|5|81|6,184,160
375,2.772941394291616e-06,-0.652016351296172,-0.652016351296172,4.115004112463791,4.115004112463791,4.115004112463791,14,0.4666666666666667,0,6,11291,57.03666666666667,4.115004112463791,-0.008642740136199123,0.02367099078113374,44102.0,693.4457469958106,6.894979738150157,-0.6169043148455954,13.643744022235882,-3.3073185361153317,34.36131111566961,14.830297863547456,-0.035112036450576575,93|94|7|107|93|6|17|5|78|6,184,161
376,2.7452119803486996e-06,-0.652016351296172,-0.652016351296172,4.115004112463791,4.115004112463791,4.115004112463791,10,0.3333333333333333,0,15,11321,57.03666666666667,4.115004112463791,-0.008534192077107254,0.02360030520365953,44635.0,694.4374696323055,6.894979738150157,-0.6169043148455954,13.652936917230088,-3.324075275696068,34.88413666019292,14.8523399964427,-0.035112036450576575,94|95|7|107|93|6|17|5|79|6,184,161
377,2.7177598605452124e-06,-0.652016351296172,-0.652016351296172,4.115004112463791,4.115004112463791,4.115004112463791,15,0.5,0,5,11351,57.03666666666667,4.115004112463791,-0.008650876368439189,0.023723246956003065,43773.0,685.9117555838156,6.894979738150157,-0.6169043148455954,13.643054967735441,-3.2949306750401335,34.03859140807454,14.66284656837306,-0.035112036450576575,92|95|7|105|90|6|17|5|82|6,185,161
378,2.6905822619397602e-06,-0.652016351296172,-0.652016351296172,4.115004112463791,4.115004112463791,4.115004112463791,15,0.5,0,7,11381,57.03666666666667,4.115004112463791,-0.0063066413880467865,0.023414995568213477,44577.0,698.5478985457182,6.894979738150157,-0.6169043148455954,13.84158736155975,-3.3680048213534333,34.82724382420352,14.943698827059018,-0.035112036450576575,91|96|7|107|91|7|17|5|83|7,185,163
379,2.6636764393203625e-06,-0.652016351296172,-0.652016351296172,4.115004112463791,4.115004112463791,4.115004112463791,11,0.36666666666666664,0,12,11411,57.03666666666667,4.115004112463791,-0.008789081806828258,0.02444525191990378,44533.0,706.6138156578165,6.894979738150157,-0.6169043148455954,13.631350400252908,-3.1237720088964362,34.7840837417288,15.122972759471496,-0.035112036450576575,90|97|7|106|93|7|16|5|82|6,185,163
380,2.637039674927159e-06,-0.652016351296172,-0.652016351296172,4.115004112463791,4.115004112463791,4.115004112463791,9,0.3,0,10,11441,57.03666666666667,4.115004112463791,-0.008843409839817695,0.024449860749722177,44678.0,704.7001403756988,6.894979738150157,-0.6169043148455954,13.62674937922414,-3.122679438618334,34.92631583170231,15.080439208925679,-0.035112036450576575,88|99|7|107|94|7|17|5|80|6,185,162
381,2.6106692781778875e-06,-0.652016351296172,-0.652016351296172,4.115004112463791,4.115004112463791,4.115004112463791,11,0.36666666666666664,0,11,11471,57.03666666666667,4.115004112463791,-0.010047556199497576,0.024455681855608764,44854.0,689.8294956946457,6.894979738150157,-0.6169043148455954,13.524770669196505,-3.1212994858910745,35.098956161601194,14.74992267714997,-0.035112036450576575,90|98|7|107|95|6|17|5|79|6,184,162
382,2.5845625853961085e-06,-0.652016351296172,-0.652016351296172,4.115004112463791,4.115004112463791,4.115004112463791,13,0.43333333333333335,0,8,11501,57.03666666666667,4.115004112463791,-0.009428426894361816,0.02474169822329323,44421.0,696.6772509569519,6.894979738150157,-0.6169043148455954,13.577204501155965,-3.053496378660817,34.67422171361133,14.902121614606259,-0.035112036450576575,91|97|7|106|92|6|18|5|81|6,185,160
