temperature_step,temperature,current_energy,best_energy,current_D,best_E_D,best_D,accepted,acceptance_rate,new_bests,infeasible_proposals,blackbox_calls,security_pct,raw_DD,raw_S,raw_V,raw_N,raw_P,raw_C,z_DD,z_S,z_V,z_N,z_P,z_C,sizes,n_covered,n_overlap
1,0.020028982521756947,0.041006309116489344,-0.008129612181387523,6.440309088634709,6.426482065239164,6.426482065239164,8,0.26666666666666666,1,13,71,65.66466666666666,6.440309088634709,-0.16890401051016607,0.037719259633937255,8979.0,27.393307426538975,7.005514047054021,0.0029404796132216434,0.07127628295550563,0.022967374224405767,-0.091224719776114,0.026545435270319467,0.00013294578184680587,46|41|5|41|5|39|40|7|5|16,82,52
2,0.019828692696539377,0.09864933700172289,-0.008129612181387523,6.429848538072372,6.426482065239164,6.420802702133744,5,0.16666666666666666,0,10,101,65.66466666666666,6.429848538072372,-0.16799598328628124,0.03779630620729744,9110.0,28.440174897173684,7.0055073105928605,0.00015206352170532488,0.14817677284808525,0.04123205298232754,0.037274616682713244,0.04981322311974917,0.00013079779307966226,47|42|5|42|6|39|39|7|5|14,83,52
3,0.019630405769573984,0.0735679891272924,-0.008129612181387523,6.405368708416592,6.426482065239164,6.405368708416592,10,0.3333333333333333,0,15,131,65.66466666666666,6.405368708416592,-0.16266997154028331,0.035831950485706685,8996.0,27.643875377113652,7.005086015166054,-0.006373400938599723,0.5992347385868091,-0.4244385752676023,-0.07454923336542649,0.03211458521467984,-3.5365143372439533e-06,45|41|5|42|6|38|42|5|6|14,84,51
4,0.019434101711878246,0.15383085343414424,-0.008129612181387523,6.427919348777445,6.426482065239164,6.401748442985553,9,0.3,0,14,161,65.376,6.427919348777445,-0.16189644674839015,0.03621460692358891,8956.0,29.639367649244576,7.00548883223508,-0.00036219071773437413,0.6647442672396463,-0.3337259503219561,-0.11378567197880886,0.07646660889057855,0.00012490578182879476,45|38|5|41|5|39|44|5|7|15,86,51
5,0.019239760694759463,0.23265033491415474,-0.008129612181387523,6.435763803684841,6.426482065239164,6.401748442985553,9,0.3,0,11,191,65.376,6.435763803684841,-0.16090446161988922,0.03648765224558302,8980.0,31.71876200511842,7.005518422152613,0.0017288659778578667,0.7487551210348742,-0.268997762226403,-0.09024380881077944,0.12268344921177024,0.00013434082627838815,45|40|5|40|5|38|44|6|8|15,86,52
6,0.01904736308781187,0.257602246656595,-0.008129612181387523,6.437695330646304,6.426482065239164,6.387852016006991,8,0.26666666666666666,0,13,221,65.376,6.437695330646304,-0.1599632125767037,0.036574352243640716,8718.0,32.229978756516324,7.005539271235534,0.0022437433572505216,0.8284691545219014,-0.24844464034474123,-0.3472424817284339,0.13404580715129935,0.00014098876721559955,42|39|5|39|5|39|44|6|12|15,87,53
7,0.018856889456933753,0.2832095532700513,-0.008129612181387523,6.409796033375473,6.426482065239164,6.387852016006991,11,0.36666666666666664,0,15,251,65.376,6.409796033375473,-0.15754659656482967,0.03628925494113098,8683.0,32.36107869219332,6.804441230837282,-0.005193231301815617,1.033131471143078,-0.31602987376904096,-0.3815743655151435,0.13695964827825377,-0.0639811551272743,42|41|5|38|5|41|41|6|11|15,88,54
8,0.018668320562364414,0.13731668660508023,-0.008129612181387523,6.424777208743355,6.426482065239164,6.387852016006991,11,0.36666666666666664,0,8,281,65.376,6.424777208743355,-0.14864573891100002,0.03192999370653994,8580.0,33.344551285273226,6.804539290081619,-0.0011997751049655234,1.7869418151933247,-1.3494373648387727,-0.48260819494460305,0.15881841483027767,-0.06394988794553993,42|42|5|38|5|38|41|8|12|15,91,54
9,0.01848163735674077,0.11561947783458716,-0.008129612181387523,6.443090766896554,6.426482065239164,6.384958901390435,13,0.43333333333333335,0,8,311,65.376,6.443090766896554,-0.1464682088598405,0.030903259236916038,8609.0,33.49881099155034,6.8049673551125975,0.0036819775277459085,1.9713560301918174,-1.592835279106783,-0.45416177694990084,0.16224700748412632,-0.06381339508137165,42|42|5|40|5|39|39|8|10|15,92,55
10,0.018296820983173364,0.13540576894157028,-0.008129612181387523,6.44463576135549,6.426482065239164,6.384958901390435,11,0.36666666666666664,0,9,341,65.376,6.44463576135549,-0.14578802452781678,0.03055724626874093,8931.0,33.836195482980834,6.804966066533367,0.004093818891632697,2.028960589806337,-1.6748611945261365,-0.13830844611217283,0.16974575110783727,-0.06381380595789087,44|39|5|42|5|39|41|8|13|15,98,54
11,0.01811385277334163,0.12303524507386829,-0.008129612181387523,6.4392363231480365,6.426482065239164,6.384958901390435,12,0.4,0,9,371,65.376,6.4392363231480365,-0.14501586677120085,0.0301368543788317,8994.0,35.20433468496809,6.8050994200634465,0.0026545179396332405,2.0943543447469395,-1.7745193945830358,-0.07651105529609561,0.2001541586601581,-0.06377128483621469,46|37|5|46|5|37|38|7|16|15,99,55
12,0.017932714245608213,0.1335099626973157,-0.008129612181387523,6.624411700220484,6.426482065239164,6.384958901390435,7,0.23333333333333334,0,14,401,65.376,6.624411700220484,-0.14440921932261608,0.0294136313101434,9207.0,37.24526108069913,6.80670131908352,0.05201578225400857,2.1457310928896463,-1.9459668249334776,0.13242298032016547,0.2455160060040053,-0.06326050313358758,47|37|5|47|5|36|38|9|18|15,102,57
13,0.01775338710315213,0.17779647415041938,-0.008129612181387523,6.6241998852507855,6.426482065239164,6.384958901390435,7,0.23333333333333334,0,15,431,65.376,6.6241998852507855,-0.14438331787941022,0.02980827810567982,9171.0,39.30387293772242,6.806700883640642,0.051959319808135326,2.147924676538971,-1.8524117629890742,0.09711018556812136,0.2912709322932875,-0.06326064197895295,48|37|5|46|5|36|37|9|19|15,103,57
14,0.01757585323212061,0.07015206636492223,-0.008129612181387523,6.576848812458094,6.426482065239164,6.384958901390435,10,0.3333333333333333,0,7,461,65.376,6.576848812458094,-0.14111691799890594,0.027698142167697698,9346.0,37.908571173149426,6.80426312244459,0.03933718366540805,2.42455487482882,-2.352641083540623,0.2687696045016692,0.2602588067332721,-0.06403794678950236,48|38|5|47|5|36|37|7|20|15,107,57
15,0.017400094699799404,0.04743973238008381,-0.008129612181387523,6.609302752075982,6.426482065239164,6.384958901390435,17,0.5666666666666667,0,3,491,65.14,6.609302752075982,-0.13858242383724437,0.026656972465784894,9185.0,41.31706288942916,6.807502976064006,0.047988266313910684,2.639200248375878,-2.599461017361926,0.11084293908280518,0.33601630647949254,-0.06300488669816659,44|39|5|47|5|37|36|8|22|16,109,58
16,0.01722609375280141,0.08094159668445472,-0.008129612181387523,6.640872996571117,6.426482065239164,6.384958901390435,4,0.13333333333333333,0,12,521,65.14,6.640872996571117,-0.138185993679331,0.026701512230495557,9214.0,44.09220388522259,6.808604629727596,0.0564037868200961,2.672773771889087,-2.5889024102894136,0.1392893570775074,0.3976968856871237,-0.06265361328645792,45|38|5|47|5|36|37|9|22|16,110,58
17,0.017053832815273395,0.12219686501973107,-0.008129612181387523,6.637634569168363,6.426482065239164,6.384958901390435,9,0.3,0,15,551,65.14,6.637634569168363,-0.1360510875651418,0.025929633051871202,9653.0,44.653514337239045,6.80951570641751,0.05554053559567601,2.8535781814236563,-2.7718842694773023,0.5699092708593788,0.41017263154946093,-0.06236310727011958,46|40|5|50|5|35|36|9|23|16,115,58
18,0.01688329448712066,-0.043515573259267235,-0.043515573259267235,6.654517718389341,6.654517718389341,6.384958901390435,9,0.3,3,16,581,65.14,6.654517718389341,-0.13278387355922375,0.02332917621235838,9653.0,45.93183120776502,6.807445752235193,0.0600409913491949,3.130277327693816,-3.388349177987925,0.5699092708593788,0.4385846384004446,-0.06302313309469083,46|41|5|48|5|35|36|10|25|16,116,58
19,0.016714461542249454,-0.011159982009128266,-0.046468140594082746,6.617923378421945,6.606306296715155,6.233713640357524,12,0.4,1,12,611,65.14,6.617923378421945,-0.13210006448284514,0.02311971080141128,10043.0,44.83376909825702,6.805733544601433,0.05028622310679482,3.1881888655676813,-3.4380050974531513,0.9524645473398569,0.4141789930573537,-0.06356908781434767,48|41|5|49|5|35|37|9|26|16,117,61
20,0.01654731692682696,0.0023332367019578693,-0.046468140594082746,6.591679586965829,6.606306296715155,6.233713640357524,11,0.36666666666666664,0,8,641,65.482,6.591679586965829,-0.13204475225990014,0.02302249827002748,10343.0,45.5795869918551,6.80725139820492,0.04329054826515614,3.19287323727993,-3.461050322951617,1.2467378369402247,0.4307556209585218,-0.06308510484275445,49|42|5|49|5|35|36|9|30|15,119,65
21,0.01638184375755869,0.03569421239652627,-0.046468140594082746,6.6018212205150055,6.606306296715155,6.233713640357524,10,0.3333333333333333,0,11,671,65.482,6.6018212205150055,-0.1323862770615422,0.023357995534758764,10394.0,47.34351443459381,6.809447974129589,0.04599395226041081,3.163949628090794,-3.3815172626579177,1.2967642961722872,0.46996086008449,-0.062384704395102714,51|42|5|47|5|35|35|10|32|14,119,66
22,0.016218025319983103,0.019382007616974294,-0.046468140594082746,6.595045014251696,6.606306296715155,6.233713640357524,8,0.26666666666666666,0,7,701,65.482,6.595045014251696,-0.1319817504117166,0.023055207356911512,10437.0,48.1870362731208,6.8096743376866735,0.0441876532065085,3.198208840510773,-3.4532962991404745,1.3389434676816732,0.4887090662669855,-0.062312526085701515,48|43|5|49|5|34|35|10|34|14,120,66
23,0.016055845066783273,0.03967428910615867,-0.046468140594082746,6.603877421739853,6.606306296715155,6.233713640357524,14,0.4666666666666667,0,1,731,65.482,6.603877421739853,-0.1308695292130234,0.02237299872559952,10964.0,50.18840243674219,6.8097328676274405,0.046542063428039265,3.292402442639234,-3.6150208373434207,1.855883546412986,0.5331916436804721,-0.062293863222172056,47|43|5|52|5|33|35|11|39|14,122,69
24,0.015895286616115438,0.04774364604069062,-0.046468140594082746,6.5844249604954115,6.606306296715155,6.233713640357524,13,0.43333333333333335,0,3,761,65.482,6.5844249604954115,-0.1296888336316116,0.02205799207032382,10974.0,50.55257064492116,6.807319457605453,0.04135671915477589,3.3923951149251113,-3.6896963889519414,1.8656926560663314,0.5412856850439677,-0.0630634034146067,48|41|5|53|5|31|37|10|38|16,122,69
25,0.015736333749954284,0.030404649240725043,-0.046468140594082746,6.5296130939517605,6.606306296715155,6.233713640357524,12,0.4,0,8,791,65.40933333333334,6.5296130939517605,-0.13105977457355608,0.022062972510262582,11530.0,47.87809974883708,6.808543721036624,0.026745796931747803,3.2762906333895483,-3.6885157246915163,2.4110791527923463,0.4818426101895838,-0.0626730346385466,49|41|5|56|5|33|36|9|40|14,125,71
26,0.015578970412454742,0.10438509179935154,-0.046468140594082746,6.527292748767673,6.606306296715155,6.233713640357524,12,0.4,0,5,821,65.40933333333334,6.527292748767673,-0.13003988157946594,0.022016862764822624,11909.0,47.9751274925911,6.806666113280202,0.026127274243995816,3.362664994003971,-3.6994465117640747,2.782844408654144,0.483999159151611,-0.06327172886001338,49|42|5|56|6|33|38|9|42|13,126,75
27,0.015423180708330195,0.12314777959169476,-0.046468140594082746,6.524424492895301,6.606306296715155,6.233713640357524,16,0.5333333333333333,0,3,851,65.40933333333334,6.524424492895301,-0.12999022767027069,0.022069957867955407,12022.0,48.29849651257898,6.806961013415317,0.0253626977734319,3.366870165216636,-3.6868597741579063,2.8936873477369494,0.4911863934149836,-0.06317769696959362,49|44|5|54|5|33|38|9|44|13,126,76
28,0.015268948901246892,0.11542422645026254,-0.046468140594082746,6.555875918118777,6.606306296715155,6.233713640357524,9,0.3,0,8,881,65.376,6.555875918118777,-0.1293130225708209,0.021783186929679187,11910.0,48.5724856796743,6.808175780707634,0.0337465452269322,3.424222414725895,-3.7548417600696875,2.7838253196194787,0.49727610581110065,-0.06279035613344226,51|45|5|54|5|31|38|12|40|13,127,75
29,0.015116259412234424,0.10580678194046675,-0.046468140594082746,6.558642605431012,6.606306296715155,5.973483623860769,14,0.4666666666666667,0,7,911,65.376,6.558642605431012,-0.12938485293774626,0.021406846220198367,12289.0,48.164198993226115,6.808915165161321,0.03448404707978938,3.418139127506716,-3.8440571769586604,3.1555905754812765,0.4882014824528419,-0.06255459592295602,52|45|5|57|6|30|36|13|42|11,129,75
30,0.014965096818112079,0.08004802968949462,-0.046468140594082746,6.50786396011747,6.606306296715155,5.973483623860769,14,0.4666666666666667,0,4,941,65.41466666666666,6.50786396011747,-0.13008208354423387,0.021289996397107797,12525.0,51.45557842852335,6.859105702343004,0.02094824025452769,3.3590909252098675,-3.871757623436559,3.3870855633002326,0.5613560321744414,-0.046550835563421496,53|44|5|60|5|29|34|15|42|12,129,76
31,0.014815445849930957,0.08139600688453678,-0.046468140594082746,6.501270052680407,6.606306296715155,5.973483623860769,10,0.3333333333333333,0,10,971,65.41466666666666,6.501270052680407,-0.13027751163535983,0.02129519410877703,12635.0,49.48617228439842,6.8589485310598075,0.01919053567732524,3.342540192422296,-3.8705254526887307,3.494985769487034,0.517583801556673,-0.046600951216548864,53|47|5|60|5|28|34|15|41|11,129,77
32,0.014667291391431648,0.04812607114412379,-0.046468140594082746,6.413864507664091,6.606306296715155,5.973483623860769,14,0.4666666666666667,0,6,1001,65.06066666666668,6.413864507664091,-0.12952531499989473,0.021048245349888743,12504.0,49.11061281306242,6.860820763561724,-0.004108718674425853,3.4062434473922742,-3.929067183411475,3.3664864330282067,0.5092365767655617,-0.04600397094934134,52|47|5|60|5|26|37|14|40|10,128,78
33,0.014520618477517332,0.06610899570558046,-0.046468140594082746,6.4197240939165505,6.606306296715155,5.973483623860769,10,0.3333333333333333,0,15,1031,65.06066666666668,6.4197240939165505,-0.12923959048110328,0.020948113752713483,12669.0,49.14016862102633,6.860855834557493,-0.002546758383844923,3.4304413512561895,-3.9528044033313545,3.528336742308409,0.509893487299811,-0.04599278820766589,52|47|5|62|5|26|37|14|39|10,129,76
34,0.01437541229274216,0.053720438033852985,-0.046468140594082746,6.420378865336798,6.606306296715155,5.587277801670423,6,0.2,0,16,1061,65.06066666666668,6.420378865336798,-0.12824927247175139,0.020680324482750718,12437.0,49.17113086056622,6.860857704684796,-0.0023722192758311375,3.514311017347021,-4.016286590499148,3.300765398350791,0.5105816573319933,-0.045992191898662715,53|46|5|60|5|26|37|14|39|10,128,76
35,0.014231658169814738,0.04087223280190099,-0.046468140594082746,6.401691207363657,6.606306296715155,5.587277801670423,13,0.43333333333333335,0,12,1091,65.06066666666668,6.401691207363657,-0.12883399908817342,0.02105782601211752,12154.0,48.95200269496327,6.86027995629538,-0.00735369380669142,3.464790736376031,-3.9267959893756452,3.023167595161111,0.5057112913954217,-0.04617641281542341,51|45|5|60|5|26|36|12|41|9,127,76
36,0.01408934158811659,0.0213025742199448,-0.046468140594082746,6.397406094803555,6.606306296715155,5.587277801670423,6,0.2,0,15,1121,65.06066666666668,6.397406094803555,-0.12883527183638685,0.021137897983886513,11870.0,48.106472613017125,6.860238732641553,-0.008495954603132466,3.4646829478003713,-3.907814108961093,2.7445888810060963,0.4869184497808992,-0.046189557394342946,50|46|5|59|5|25|36|11|40|9,127,75
37,0.013948448172235424,0.04311477198236367,-0.046468140594082746,6.3972686344016205,6.606306296715155,5.587277801670423,10,0.3333333333333333,0,14,1151,65.06066666666668,6.3972686344016205,-0.12826452828463625,0.020798895292844486,12256.0,47.20819733115896,6.860236695177589,-0.008532596727695343,3.5130190081938855,-3.988178166438482,3.123220513625236,0.46695328773799966,-0.04619020706033276,49|49|5|60|5|25|36|11|41|9,129,77
38,0.013808963690513069,0.0065634414410033134,-0.046468140594082746,6.386432840035624,6.606306296715155,5.587277801670423,11,0.36666666666666664,0,16,1181,65.06066666666668,6.386432840035624,-0.12752276918367111,0.020393357014955246,12085.0,46.468133938223865,6.858791155570335,-0.011421039663317934,3.5758383122258235,-4.084315165744874,2.9554847385530265,0.45050455998117783,-0.046651131982912444,50|49|5|59|5|24|36|10|40|9,129,78
39,0.013670874053607939,0.05919295392998947,-0.046468140594082746,6.392209497412611,6.606306296715155,5.587277801670423,11,0.36666666666666664,0,13,1211,65.06066666666668,6.392209497412611,-0.12725057277979326,0.020164738104962932,12763.0,48.39195138703522,6.859769731994915,-0.009881185303915362,3.5988905250390597,-4.138511618187674,3.6205423730498576,0.493263531403639,-0.046339102993547814,52|48|5|63|5|23|34|11|43|9,132,80
40,0.01353416531307186,0.09239250623748466,-0.046468140594082746,6.394395170942007,6.606306296715155,5.587277801670423,10,0.3333333333333333,0,17,1241,65.06066666666668,6.394395170942007,-0.12752302060885704,0.020298341675966475,13053.0,48.99668323132701,6.858961956972239,-0.009298561358469177,3.57581701911978,-4.106839524298655,3.9050065529968796,0.5067043657532293,-0.0465966702285932,54|47|5|64|5|24|33|10|44|9,133,81
41,0.01339882365994114,0.09113101347144437,-0.046468140594082746,6.393224648136185,6.606306296715155,5.587277801670423,4,0.13333333333333333,0,19,1271,65.06066666666668,6.393224648136185,-0.12756052255707256,0.020314491620329243,13040.0,49.04624699004584,6.85895863326999,-0.009610581706517783,3.5726409929899003,-4.103011014698814,3.8922547104475305,0.5078059751309577,-0.046597730024668174,54|48|5|63|5|24|33|10|44|10,133,80
42,0.013264835423341729,0.09326530167967521,-0.046468140594082746,6.357575149987516,6.606306296715155,5.587277801670423,10,0.3333333333333333,0,12,1301,65.09933333333333,6.357575149987516,-0.12776213988970048,0.02041866935078542,13121.0,48.780366304856784,6.858212638377534,-0.019113488240915143,3.555566095627695,-4.078314617474033,3.9717084986396296,0.5018964827168997,-0.04683559804040752,54|49|5|63|5|25|32|10|44|10,134,80
43,0.013132187069108311,0.062075341636687584,-0.046468140594082746,6.362374569596363,6.606306296715155,5.587277801670423,6,0.2,0,17,1331,65.09933333333333,6.362374569596363,-0.1279479250767655,0.020446928962649304,12836.0,46.079997262514716,6.858238165160853,-0.0178341312140077,3.539832016820057,-4.07161538725513,3.6921488735192804,0.4418777929067287,-0.046827458567392705,54|49|5|63|5|26|32|10|40|10,134,78
44,0.013000865198417227,-0.020055720476225673,-0.046468140594082746,6.397584583354666,6.606306296715155,5.587277801670423,9,0.3,0,7,1361,65.09933333333333,6.397584583354666,-0.11924494969353397,0.016584191385930126,12817.0,48.96173234272791,6.856179378854008,-0.008448375812216772,4.276883784530548,-4.987316863492222,3.673511565177924,0.5059275435824345,-0.04748392340192865,55|46|5|63|5|25|32|12|42|10,134,79
45,0.012870856546433055,-0.12533849157639496,-0.13307550848397542,5.932449069558615,6.020726523345833,5.587277801670423,14,0.4666666666666667,3,2,1391,64.19466666666668,5.932449069558615,-0.11870337084727249,0.016411748186894982,12985.0,53.478736235645606,6.854507197849488,-0.13243719874037,4.322749896798397,-5.028196288715212,3.8383046073541296,0.6063229529762666,-0.04801711522606137,54|50|5|62|5|23|33|12|43|8,133,80
46,0.012742147980968725,-0.127055946425579,-0.13456261680069379,5.932740861255813,5.932449069558615,5.587277801670423,6,0.2,1,12,1421,64.242,5.932740861255813,-0.11909747165614312,0.016517594142717706,13009.0,53.031200912230524,6.854461847161828,-0.13235941730248202,4.289373644994456,-5.003104421593627,3.8618464705221593,0.5963759852344619,-0.04803157575145512,57|48|5|63|5|21|32|12|42|8,133,79
47,0.012614726501159038,-0.10307409430802655,-0.13456261680069379,5.9407849858277135,5.932449069558615,5.587277801670423,10,0.3333333333333333,0,10,1451,64.14533333333334,5.9407849858277135,-0.11926684260044032,0.016532592601325148,13289.0,53.733824426219826,6.852995848365713,-0.13021513567363463,4.27502968233847,-4.999548883477113,4.136501540815836,0.6119925702560711,-0.048499024293308206,57|49|5|63|6|21|32|12|44|8,134,80
48,0.012488579236147447,-0.07316556946264258,-0.13456261680069379,5.942941521566659,5.932449069558615,5.587277801670423,7,0.23333333333333334,0,15,1481,64.19466666666668,5.942941521566659,-0.11912628822649574,0.01660414721298834,13441.0,56.95685225216913,6.85293748949835,-0.1296402788417146,4.286933180304798,-4.982586130447639,4.285600007546689,0.6836279298317482,-0.048517632608352616,59|49|5|63|6|19|32|12|44|8,135,80
49,0.012363693443785972,-0.05254282735545494,-0.13456261680069379,5.942390224263374,5.932449069558615,5.587277801670423,8,0.26666666666666666,0,12,1511,64.19466666666668,5.942390224263374,-0.11599941605608913,0.015524112508740404,13608.0,57.059550287628355,6.8529268369648895,-0.12978723537737,4.551746828409956,-5.238619410841262,4.44941213875756,0.6859105073008617,-0.048521029276376096,58|47|5|66|6|19|32|12|45|8,136,80
50,0.012240056509348111,-0.07741042254190965,-0.13456261680069379,5.950075560761661,5.932449069558615,5.587277801670423,10,0.3333333333333333,0,14,1541,64.14533333333334,5.950075560761661,-0.1162169957082139,0.015514259359245016,13435.0,57.18648831746464,6.855653978464684,-0.12773859407184449,4.533320088110842,-5.240955200772446,4.279714541754681,0.6887318454655335,-0.047651452629462326,55|46|5|68|5|20|32|14|44|8,137,80
51,0.01211765594425463,-0.06283221790232447,-0.13456261680069379,5.937709618369701,5.932449069558615,5.587277801670423,6,0.2,0,15,1571,64.14533333333334,5.937709618369701,-0.11571250286876784,0.015219403001114592,13756.0,56.862155373516245,6.8554908480094925,-0.13103492083275647,4.576045400172212,-5.310853918211918,4.5945869616270745,0.6815231869255974,-0.047703468424845664,53|50|5|68|5|20|32|13|46|8,138,80
52,0.011996479384812084,-0.03912503462609351,-0.13456261680069379,5.938827607942547,5.932449069558615,5.587277801670423,7,0.23333333333333334,0,16,1601,64.14533333333334,5.938827607942547,-0.11472680209327082,0.015002680509772465,13831.0,58.6576569493464,6.855498120154079,-0.13073690400309793,4.659524034434868,-5.362230202858291,4.668155284027167,0.721430196094966,-0.04770114962800087,53|51|5|69|5|20|32|13|44|9,137,82
53,0.011876514590963963,-0.05166734367605859,-0.13456261680069379,6.006347707099561,5.932449069558615,5.587277801670423,17,0.5666666666666667,0,6,1631,63.976000000000006,6.006347707099561,-0.11556115884959355,0.015221957634577812,13610.0,60.868061449915125,6.858490473191244,-0.1127384124449127,4.588862669204106,-5.310248316203744,4.451373960688229,0.7705588818391844,-0.04674700760030007,53|50|5|68|5|19|30|13|46|9,139,81
54,0.011757749445054323,-0.305649582176908,-0.305649582176908,5.81187696295357,5.81187696295357,5.587277801670423,8,0.26666666666666666,1,14,1661,63.68600000000001,5.81187696295357,-0.11968560456574787,0.014757724714906406,13891.0,58.2276255314382,6.858288005600879,-0.16457749577750894,4.239564886313132,-5.420299481062326,4.72700994194724,0.7118722720203826,-0.046811566439051884,55|50|5|69|5|19|31|12|45|8,140,81
55,0.01164017195060378,-0.3247102270590895,-0.3358711742174049,5.845870074543267,5.810035776744702,5.587277801670423,10,0.3333333333333333,5,13,1691,63.68600000000001,5.845870074543267,-0.11923081694476548,0.014610432900901402,13586.0,60.2780143982503,6.858265336534803,-0.15551612383608376,4.2780806817988655,-5.455216513048893,4.4278320975201995,0.7574444332538303,-0.04681879470002345,52|51|5|68|5|19|31|14|45|8,138,80
56,0.01152377023109774,-0.37866840468162705,-0.37866840468162705,5.857848263733315,5.857848263733315,5.587277801670423,15,0.5,8,8,1721,63.68600000000001,5.857848263733315,-0.11936842608989787,0.014407696619102772,13316.0,60.35493202063819,6.853190021082197,-0.15232315848634284,4.266426614171789,-5.503277223579351,4.162986136879868,0.7591540125174968,-0.0484371103589798,49|52|5|66|5|19|31|15|47|7,137,79
57,0.011408532528786763,-0.2987072599445028,-0.37866840468162705,5.827734446434663,5.857848263733315,5.587277801670423,14,0.4666666666666667,0,9,1751,63.68600000000001,5.827734446434663,-0.11708287644896916,0.014115279245155177,13723.0,59.72622833888414,6.765028759580256,-0.16035044655613848,4.459988968292924,-5.572597754856192,4.562216899771034,0.7451803775564837,-0.07654822016766782,50|52|5|68|5|18|32|12|48|7,140,78
58,0.011294447203498896,-0.273481777733338,-0.37866840468162705,5.836782619589001,5.857848263733315,5.587277801670423,8,0.26666666666666666,0,12,1781,63.68600000000001,5.836782619589001,-0.1166825736140579,0.013946355149030093,13987.0,60.01760108503006,6.764961961161046,-0.15793852077154147,4.4938904673893525,-5.612642940717649,4.821177394619358,0.751656459231195,-0.07656951951916813,50|54|5|67|5|18|33|13|49|7,140,80
59,0.011181502731463906,-0.2763574212160295,-0.37866840468162705,5.828933541829792,5.857848263733315,5.587277801670423,7,0.23333333333333334,0,11,1811,63.68600000000001,5.828933541829792,-0.11712066689991943,0.013983937718544429,14123.0,60.472667848401045,6.764789905832561,-0.16003080975737582,4.456788508973099,-5.603733607970719,4.954581285904858,0.7617708215592394,-0.07662438110065882,49|54|5|68|5|17|32|13|51|7,141,79
60,0.011069687704149267,-0.2594615756262871,-0.37866840468162705,5.841299457466201,5.857848263733315,5.587277801670423,8,0.26666666666666666,0,10,1841,63.68600000000001,5.841299457466201,-0.11645849549205241,0.013891022660853878,14088.0,60.29806748589677,6.764830181577397,-0.15673449012855575,4.512867560700178,-5.625760073347163,4.920249402118149,0.7578901353146664,-0.07661153877210769,49|57|5|66|5|18|33|13|49|7,140,80
61,0.010958990827107775,-0.2547547948986352,-0.37866840468162705,5.811698134988282,5.857848263733315,5.587277801670423,14,0.4666666666666667,0,9,1871,63.68600000000001,5.811698134988282,-0.11663550327441666,0.014057529238391658,14084.0,60.728997705070384,6.769529030095796,-0.16462516504434643,4.497876837051636,-5.586287985009225,4.91632575825681,0.767468036241859,-0.07511326340234996,48|58|5|64|5|18|32|13|52|7,141,81
62,0.010849400918836696,-0.2256011212750726,-0.37866840468162705,5.802149718054252,5.857848263733315,5.587277801670423,12,0.4,0,13,1901,63.68600000000001,5.802149718054252,-0.1172091423345544,0.014253495009215864,14418.0,60.479457396027286,6.7695247321666665,-0.16717043828486003,4.449295557123286,-5.539832293398904,5.243950020678553,0.7619217267675799,-0.07511463384051818,48|58|5|64|5|17|31|13|56|7,140,81
63,0.010740906909648329,-0.22445624305240136,-0.37866840468162705,5.78459092053634,5.857848263733315,5.587277801670423,7,0.23333333333333334,0,11,1931,63.724000000000004,5.78459092053634,-0.1175874540825039,0.014245053661638663,14651.0,60.256120179837104,6.769463938045912,-0.17185099818989066,4.417256475051531,-5.541833401236119,5.472502275601506,0.7569578100245705,-0.07513401866073441,49|61|5|63|5|16|30|13|56|7,142,82
64,0.010633497840551846,-0.2535697375595938,-0.37866840468162705,5.79622178561321,5.857848263733315,5.587277801670423,13,0.43333333333333335,0,7,1961,63.724000000000004,5.79622178561321,-0.1174961997333825,0.014163267444613362,14382.0,61.47302468194753,6.76948031448969,-0.1687506172734819,4.4249847721418325,-5.561221661033338,5.208637225926509,0.7840048590373306,-0.0751287968660201,46|60|5|62|5|15|32|15|57|7,141,82
65,0.010527162862146326,-0.21256644590921656,-0.37866840468162705,5.7831353005940915,5.857848263733315,5.587277801670423,8,0.26666666666666666,0,16,1991,63.724000000000004,5.7831353005940915,-0.11684690683594719,0.014171765925330584,14545.0,61.07813482506317,6.769488640687826,-0.17223901544059944,4.479973147581643,-5.559207009200545,5.368525713276042,0.7752279950391531,-0.07512614197354113,47|59|5|62|5|14|34|14|58|7,143,82
66,0.010421891233524863,-0.22544239536208138,-0.37866840468162705,5.778109869822291,5.857848263733315,5.587277801670423,14,0.4666666666666667,0,7,2021,63.724000000000004,5.778109869822291,-0.11703409380156002,0.014301976176355383,14351.0,56.58664744294417,6.769400125902981,-0.17357861912086292,4.464120352667029,-5.52833933654185,5.1782289860011375,0.675399718330762,-0.07515436580784318,48|58|5|61|5|17|34|13|57|7,142,82
67,0.010317672321189615,-0.25384028945103015,-0.37866840468162705,5.7877707352737415,5.857848263733315,5.587277801670423,13,0.43333333333333335,0,10,2051,63.724000000000004,5.7877707352737415,-0.1157375323877154,0.013789121269330374,14095.0,57.473461669205406,6.769552402365433,-0.17100337104742125,4.5739256594659725,-5.649916841130477,4.92711577887549,0.6951101457318467,-0.07510581091781139,47|59|5|60|5|15|37|14|54|7,141,84
68,0.010214495597977718,-0.2796967317768218,-0.37866840468162705,5.702369446103072,5.857848263733315,5.587277801670423,9,0.3,0,10,2081,64.03866666666667,5.702369446103072,-0.11582233137713885,0.01380500194199021,14082.0,57.38101498012281,6.768876190280514,-0.19376836104872455,4.56674406440194,-5.646152165143711,4.914363936326141,0.6930554157786352,-0.0753214279796512,46|59|5|60|5|14|37|14|55|7,140,85
69,0.010112350641997942,-0.3005484836679796,-0.37866840468162705,5.699334233958571,5.857848263733315,5.587277801670423,11,0.36666666666666664,0,12,2111,64.12800000000001,5.699334233958571,-0.11651971017753149,0.01376943501060201,14222.0,57.13158354107061,6.768692440086429,-0.1945774422088849,4.507683311618061,-5.654583670243538,5.05169147147298,0.6875115260603637,-0.075380018587309,45|62|5|59|5|14|37|14|55|6,141,85
70,0.010011227135577963,-0.3922213419307294,-0.440003926498428,5.542037076319783,5.557037832557415,5.519276330241037,13,0.43333333333333335,2,11,2141,63.48266666666668,5.542037076319783,-0.11798904118151876,0.01359155096848857,14569.0,55.43111397851514,6.765698058944974,-0.23650735047671295,4.383246212102961,-5.696752903003235,5.392067576444071,0.649716708534928,-0.07633480729657292,50|63|5|58|6|14|37|13|54|5,142,85
71,0.009911114864222184,-0.4607016118263519,-0.4776106609002158,5.388461979169253,5.388461979169253,5.358986371754028,8,0.26666666666666666,3,14,2171,62.82733333333333,5.388461979169253,-0.11875179612983126,0.013435355538332088,14778.0,56.570028331403876,6.7830662287656605,-0.2774450878929968,4.318648777521352,-5.733780628323695,5.597077968198994,0.675030340188435,-0.07079679070416615,51|64|5|58|5|14|35|14|55|5,143,84
72,0.009812003715579961,-0.4880703864014605,-0.49321010060018655,5.393450931993638,5.39291955655274,5.358986371754028,9,0.3,3,10,2201,62.82733333333333,5.393450931993638,-0.11942216498810201,0.013643705357705815,14523.0,56.485812823549054,6.7831006761959864,-0.27611520795480127,4.261875486750184,-5.6843891712586005,5.346945672038681,0.6731585573454646,-0.0707858067926383,51|63|5|56|5|15|36|14|55|5,143,85
73,0.009713883678424162,-0.517188998358615,-0.5264459301250197,5.392258051313462,5.392258051313462,5.358986371754028,10,0.3333333333333333,7,14,2231,62.82733333333333,5.392258051313462,-0.11927700209434347,0.01341257688534411,14446.0,54.99018650207644,6.783108025438692,-0.2764331881284108,4.274169278555783,-5.7391805411454975,5.27141552770792,0.6399166075034767,-0.07078346341227829,50|63|5|59|5|14|36|15|52|5,143,84
74,0.009616744841639921,-0.5212086180342477,-0.5392751761849045,5.400536009162982,5.392135192629524,5.358986371754028,10,0.3333333333333333,2,14,2261,62.82733333333333,5.400536009162982,-0.11933869015406114,0.013451503400757358,14362.0,56.094344207797384,6.78318093575949,-0.2742265747446369,4.268944939584408,-5.7299526122684465,5.189019006619818,0.6644577342169197,-0.07076021521914659,51|61|5|59|5|15|35|15|53|5,144,83
75,0.009520577393223522,-0.5398164513919581,-0.5398164513919581,5.39656376968203,5.39656376968203,5.18335915018534,5,0.16666666666666666,1,16,2291,62.82733333333333,5.39656376968203,-0.11953219735270271,0.013577062634814077,14115.0,56.08768084960779,6.783124504124785,-0.27528543454575716,4.252556886471185,-5.700187510783455,4.946733998182181,0.664309633708432,-0.07077820901656784,50|61|5|58|5|14|35|15|53|5,143,83
76,0.009425371619291287,-0.5028962126776,-0.5499022648998451,5.382935908759265,5.395653086796448,5.18335915018534,10,0.3333333333333333,1,13,2321,62.78,5.382935908759265,-0.11948972968979148,0.01355907597998135,14532.0,55.874432919968655,6.783015593901242,-0.2789181445511752,4.2561534571428155,-5.704451431398245,5.355773870726693,0.6595699625223885,-0.0708129361427587,51|61|5|59|5|12|37|15|54|5,145,84
77,0.009331117903098374,-0.5184733777182892,-0.5499022648998451,5.406633356795165,5.395653086796448,5.18335915018534,8,0.26666666666666666,0,14,2351,62.82733333333333,5.406633356795165,-0.11951872790290999,0.013736206162746206,14107.0,54.77804449258544,6.783186858163495,-0.27260123560480587,4.253697609194466,-5.662460908712598,4.938886710459505,0.6352015166163792,-0.0707583268007362,50|61|5|57|5|14|35|15|54|5,144,84
78,0.00923780672406739,-0.5100322446507626,-0.5499022648998451,5.403303511069456,5.395653086796448,5.18335915018534,7,0.23333333333333334,0,16,2381,62.82733333333333,5.403303511069456,-0.11928646786353121,0.01362934939347486,14231.0,53.06963792497322,6.783162986914157,-0.2734888557495107,4.273367626062774,-5.687792399507478,5.06051967016099,0.5972302903715971,-0.0707659383899984,51|64|5|56|5|13|35|15|52|5,145,85
79,0.009145428656826717,-0.5981243444615723,-0.6079089039842056,5.391207498309725,5.401012157171498,5.18335915018534,11,0.36666666666666664,5,10,2411,62.69200000000001,5.391207498309725,-0.11863356734914868,0.012838787827668693,14039.0,52.66156618925494,6.783314572210886,-0.27671322873269394,4.328661529248107,-5.875203109784067,4.872184764816755,0.5881604445311444,-0.0707176038851477,50|65|5|55|5|14|33|15|52|5,146,84
80,0.00905397437025845,-0.5764796804737399,-0.6079089039842056,5.387082582847443,5.401012157171498,5.18335915018534,11,0.36666666666666664,0,6,2441,62.69200000000001,5.387082582847443,-0.11842376642217141,0.012843927891498116,14174.0,52.546747709924226,6.7833690787575005,-0.27781278659847053,4.346429492190279,-5.87398460504667,5.00460774513692,0.5856084767862287,-0.07070022392153238,51|65|5|54|5|14|34|14|53|5,145,82
81,0.008963434626555866,-0.5727288144580968,-0.6079089039842056,5.471130064394888,5.401012157171498,5.18335915018534,6,0.2,0,15,2471,62.64266666666667,5.471130064394888,-0.11890188874684197,0.012764224420702472,14294.0,53.97349934048115,6.778784530966454,-0.2554086742525946,4.305937489276048,-5.8928791285340205,5.122317060977068,0.6173196104156833,-0.07216205334844518,52|66|5|53|5|14|33|16|53|5,145,83
82,0.008873800280290306,-0.5955174107308587,-0.6079089039842056,5.538226106836551,5.401012157171498,5.18335915018534,7,0.23333333333333334,0,18,2501,62.64266666666667,5.538226106836551,-0.12095503198440549,0.013049334367092727,14087.0,53.40297575462881,6.984371005683622,-0.2375232213496651,4.13205754753512,-5.825290897748439,4.919268491152814,0.6046390924599008,-0.006608726779631144,52|66|5|52|5|14|32|18|52|5,145,83
83,0.008785062277487403,-0.5889702956581906,-0.6079089039842056,5.5402365914563445,5.401012157171498,5.18335915018534,12,0.4,0,9,2531,62.69200000000001,5.5402365914563445,-0.1207119655227705,0.012933835367780358,14183.0,53.60063721024065,6.984320517294025,-0.23698729662637544,4.152642756309167,-5.852671117624538,5.013435943824931,0.6090323370149133,-0.006624825513245526,51|66|5|53|5|15|33|18|52|5,145,86
84,0.008697211654712529,-0.5661775703548791,-0.6079089039842056,5.5136148076271025,5.401012157171498,5.18335915018534,10,0.3333333333333333,0,9,2561,62.69200000000001,5.5136148076271025,-0.12076507868154214,0.012890343338358298,14563.0,52.24170335563673,6.984437968286695,-0.24408373098439087,4.148144622528764,-5.862981348323708,5.386182110652064,0.5788285284935146,-0.00658737507644546,51|68|5|55|5|15|34|16|51|5,144,86
85,0.008610239538165403,-0.5707051979506766,-0.6079089039842056,5.468590122880774,5.401012157171498,5.18335915018534,8,0.26666666666666666,0,7,2591,62.69200000000001,5.468590122880774,-0.12067623521817346,0.012914095629687103,14568.0,50.781663105967596,6.986987660978644,-0.25608573362411247,4.1556687425959735,-5.857350624568388,5.391086665478737,0.5463775184718421,-0.005774379776460818,53|69|5|54|5|15|34|15|49|5,144,85
86,0.00852413714278375,-0.5466883951182694,-0.6079089039842056,5.469178109826189,5.401012157171498,5.18335915018534,9,0.3,0,11,2621,62.64266666666667,5.469178109826189,-0.12086445686739036,0.012991435205791468,14799.0,50.71229193843152,6.987013783654716,-0.25592899691599874,4.139728320709454,-5.839016486511184,5.61767709847102,0.5448356675170904,-0.00576605029701545,53|69|5|54|5|16|34|15|51|5,146,85
87,0.008438895771355912,-0.5585128554385914,-0.6079089039842056,5.4932310185242725,5.401012157171498,5.18335915018534,9,0.3,0,9,2651,62.788666666666664,5.4932310185242725,-0.12120282656452426,0.0131707268147969,14546.0,50.3906895714373,6.984866582715572,-0.2495173346175544,4.111071916154671,-5.79651357561382,5.369506624241376,0.5376876990712287,-0.006450707031201079,53|70|5|54|5|16|34|15|47|5,146,83
88,0.008354506813642353,-0.5610216248106621,-0.6079089039842056,5.450966601197691,5.401012157171498,5.18335915018534,12,0.4,0,10,2681,62.788666666666664,5.450966601197691,-0.12089492390920717,0.01292081852869853,14805.0,50.26781801017273,6.984461553543446,-0.26078354672271054,4.137148078201673,-5.85575689255137,5.623562564263027,0.5349567426699386,-0.00657985467881159,51|71|5|58|5|16|34|14|46|5,146,84
89,0.008270961745505928,-0.6171550995376788,-0.6176781239076735,5.444940734026219,5.445185623489686,5.18335915018534,10,0.3333333333333333,2,9,2711,62.788666666666664,5.444940734026219,-0.12120224758569867,0.012827968928483322,14494.0,50.26347898112937,6.984450134917029,-0.26238983167742114,4.111120949657361,-5.877767840563351,5.31849925404398,0.5348603029484978,-0.006583495623321683,49|69|5|60|5|16|33|14|46|5,147,83
90,0.008188252128050869,-0.6263496710884981,-0.6263496710884981,5.446545717673192,5.446545717673192,5.18335915018534,5,0.16666666666666666,1,7,2741,62.788666666666664,5.446545717673192,-0.12027972904223845,0.012370728258907348,14536.0,58.61078653578344,6.993172975871795,-0.26196199929888897,4.189248704047331,-5.986161420973743,5.359697514588031,0.720388449293399,-0.0038021295704125284,48|69|5|59|5|16|35|15|47|5,147,84
91,0.00810636960677036,-0.629008765805155,-0.629008765805155,5.466135862067812,5.466135862067812,5.18335915018534,6,0.2,1,14,2771,62.69200000000001,5.466135862067812,-0.12001167354218237,0.012407717286162813,14295.0,58.83596927365932,6.993321877742002,-0.2567399535241892,4.211950225246796,-5.977392793493962,5.123297971942402,0.7253933847978646,-0.0037546507032459446,47|69|5|58|5|17|35|16|46|5,146,84
92,0.008025305910702656,-0.6505897487237832,-0.6505897487237832,5.474617783440524,5.474617783440524,5.18335915018534,10,0.3333333333333333,4,11,2801,62.69200000000001,5.474617783440524,-0.1198185457528526,0.012434833767700633,13934.0,59.20050851606663,6.994431077270213,-0.25447897061495295,4.2283061463256715,-5.970964554018366,4.769189113456626,0.7334956728076185,-0.0034009712162911604,48|68|5|58|5|17|35|17|42|5,145,84
93,0.007945052851595628,-0.6273041129733071,-0.6505897487237832,5.473929283998104,5.474617783440524,5.18335915018534,12,0.4,0,9,2831,62.69200000000001,5.473929283998104,-0.119814287714434,0.012407054942824937,14205.0,58.82439999022279,6.994423550006501,-0.25466250043136207,4.228666758025143,-5.977549808761042,5.035015985062292,0.725136244672565,-0.0034033713604492534,49|66|5|61|5|17|35|17|43|5,146,84
94,0.007865602323079672,-0.6174209438317382,-0.6505897487237832,5.473193417574118,5.474617783440524,5.18335915018534,5,0.16666666666666666,0,11,2861,62.788666666666664,5.473193417574118,-0.11948916953604052,0.012324680801989115,14267.0,58.61152249520708,6.994388580193488,-0.2548586566246353,4.256200896356894,-5.997077441914727,5.095832464913035,0.7204048068058976,-0.0034145218389798385,48|67|5|62|5|17|36|17|41|5,147,83
95,0.007786946299848875,-0.6404032931060402,-0.6505897487237832,5.472472599154417,5.474617783440524,5.18335915018534,9,0.3,0,10,2891,62.82066666666666,5.472472599154417,-0.12002602271013792,0.012523926253306084,14026.0,58.156433013483706,6.994176020612895,-0.25505080154746473,4.210734999517537,-5.9498442684772925,4.8594329222674055,0.7102899395373344,-0.003482298610876447,47|66|5|62|5|15|37|16|41|6,145,82
96,0.007709076836850386,-0.6556167941829478,-0.6777807822015008,5.485373499739126,5.468249198651299,5.18335915018534,8,0.26666666666666666,4,11,2921,62.782,5.485373499739126,-0.12012840626864207,0.012681942478398423,13689.0,58.192020802829205,6.994238755044995,-0.2516118736850086,4.202064173799085,-5.91238490508213,4.528865926949659,0.7110809175319216,-0.0034622951027652956,45|67|5|60|5|16|36|16|41|6,145,82
97,0.007631986068481883,-0.6276303234861754,-0.6777807822015008,5.455076347485411,5.468249198651299,5.18335915018534,10,0.3333333333333333,0,7,2951,62.82733333333333,5.455076347485411,-0.11963901412777256,0.012425978732387512,14155.0,57.42789891064555,6.994040370595866,-0.2596880324271257,4.243510613280747,-5.9730637307673184,4.985970436795564,0.694097463009589,-0.0035255519906408107,48|69|5|60|5|15|38|15|39|5,146,82
98,0.007555666207797064,-0.6514497327887382,-0.6777807822015008,5.465552859843478,5.468249198651299,5.18335915018534,5,0.16666666666666666,0,12,2981,62.82733333333333,5.465552859843478,-0.12070295001415335,0.012510823077568022,14240.0,57.8353548103991,6.994327234934219,-0.25689536148039915,4.153406276400913,-5.952950510392107,5.069347868849001,0.7031536212143291,-0.0034340823952850614,48|69|5|60|5|15|37|15|41|5,147,82
99,0.007480109545719094,-0.6489940048295045,-0.6777807822015008,5.404418954716979,5.468249198651299,5.18335915018534,8,0.26666666666666666,0,15,3011,62.82733333333333,5.404418954716979,-0.11958371063262804,0.012391911685187353,14427.0,57.940296058422504,6.7880263958939695,-0.2731915175742974,4.2481942458388,-5.981139672969615,5.252778219366564,0.7054860565647011,-0.06921519125291205,49|69|5|62|5|15|36|15|40|5,147,82
100,0.007405308450261903,-0.6349060177679231,-0.6777807822015008,5.413513549757109,5.468249198651299,5.18335915018534,5,0.16666666666666666,0,14,3041,62.82733333333333,5.413513549757109,-0.11966161818064666,0.012459357967256304,14498.0,58.01343968427313,6.788050130247299,-0.27076721734223985,4.241596284399571,-5.965150841517675,5.322422897905318,0.7071117545795592,-0.06920762331432626,50|69|5|62|5|16|34|15|41|5,147,82
101,0.007331255365759283,-0.6455002495052325,-0.6777807822015008,5.407850599636906,5.468249198651299,5.18335915018534,8,0.26666666666666666,0,13,3071,62.73066666666667,5.407850599636906,-0.12000734084249254,0.012421171595505716,14601.0,57.50799605347033,6.787910424110499,-0.27227676133292444,4.212317159981726,-5.9742033117643984,5.423456727334777,0.69587771063297,-0.06925217002889951,50|68|5|65|5|14|34|15|40|5,146,84
102,0.0072579428121016904,-0.6379784485251844,-0.6777807822015008,5.41098634115593,5.468249198651299,5.18335915018534,10,0.3333333333333333,0,13,3101,62.73066666666667,5.41098634115593,-0.11972304302055241,0.012445014903121427,14518.0,59.202550059007535,6.787677058192954,-0.271440882565514,4.236394237416755,-5.968551011666749,5.342041117212009,0.7335410483583612,-0.06932658111174869,50|65|5|67|5|14|34|14|41|5,146,84
103,0.007185363383980674,-0.6333451194245822,-0.6777807822015008,5.39611557427469,5.468249198651299,5.18335915018534,8,0.26666666666666666,0,9,3131,62.778,5.39611557427469,-0.1197671031709849,0.012493748116893423,14566.0,58.07884002725767,6.787541243223232,-0.27540490773012943,4.232662799565691,-5.956998304575863,5.389124843548068,0.7085653495651036,-0.06936988708834749,50|68|5|64|5|14|35|13|41|5,146,83
104,0.007113509750140867,-0.6884806671621948,-0.6931296381596894,5.37908507172404,5.379580458094204,5.18335915018534,12,0.4,3,5,3161,62.778,5.37908507172404,-0.12013366235030491,0.01259361040881638,14088.0,57.350108670869744,6.787396495762425,-0.27994464271595526,4.2016190381862355,-5.933324926222281,4.920249402118149,0.6923684888589619,-0.06941604128006328,48|65|5|66|5|14|32|12|42|5,145,82
105,0.007042374652639458,-0.6738993721292171,-0.6931296381596894,5.417077709868106,5.379580458094204,5.18335915018534,3,0.1,0,7,3191,62.788666666666664,5.417077709868106,-0.12056284256100255,0.012702129671840322,14187.0,58.78609875389367,6.787732233379762,-0.2698171371961691,4.165271924810442,-5.907599324268347,5.01735958768627,0.7242849573164525,-0.06930898794544586,48|65|5|67|5|15|31|12|42|5,146,82
106,0.006971950906113063,-0.6814478199475216,-0.6931296381596894,5.436226570805562,5.379580458094204,5.18335915018534,6,0.2,0,10,3221,62.788666666666664,5.436226570805562,-0.12114858013577326,0.012892332327090727,14069.0,59.58868704759988,6.7951341801281915,-0.26471272212221914,4.115666026150655,-5.862509838188129,4.901612093776792,0.7421233701740702,-0.06694880236848942,47|65|5|66|5|15|31|13|43|5,146,82
107,0.006902231397051932,-0.6962168047010076,-0.70123093273385,5.44871635689245,5.435328479209108,5.18335915018534,7,0.23333333333333334,2,7,3251,62.788666666666664,5.44871635689245,-0.1211786128671846,0.01297030123680216,13803.0,61.09977712773205,6.795284554664847,-0.2613833829735068,4.113122565230547,-5.844026510158376,4.6406897769977995,0.7757090191622613,-0.06690085392673235,47|64|5|65|5|15|29|14|44|5,146,83
108,0.006833209083081413,-0.7041654919944592,-0.7148648799186044,5.457306299510592,5.457306299510592,5.18335915018534,8,0.26666666666666666,2,8,3281,62.788666666666664,5.457306299510592,-0.12128979502200221,0.013062536100954338,13635.0,62.42203728250305,6.795386278663747,-0.25909360538685955,4.103706589643156,-5.822161291621731,4.4758967348215934,0.805097714126976,-0.06686841820094377,47|62|5|63|5|15|28|15|48|5,146,82
109,0.006764876992250599,-0.7179260708616926,-0.728131491323821,5.4155293934512825,5.427897973294339,5.18335915018534,9,0.3,3,10,3311,62.788666666666664,5.4155293934512825,-0.12172270921936117,0.0132563059639163,13573.0,62.94830323389106,6.7879939139933425,-0.2702298640775797,4.067043246317473,-5.776226162444451,4.41508025497085,0.8167945571875884,-0.06922554843541788,46|59|5|63|5|15|27|13|53|5,146,82
110,0.006697228222328093,-0.7149800685117136,-0.728131491323821,5.4163146644692945,5.427897973294339,5.18335915018534,7,0.23333333333333334,0,1,3341,62.788666666666664,5.4163146644692945,-0.1218874085493303,0.01330678595912115,13611.0,62.95744153636135,6.787993775278827,-0.270020538351388,4.053094920951831,-5.764259362937251,4.452354871653564,0.8169976660711358,-0.06922559266594394,49|56|5|65|5|15|26|13|52|5,146,81
111,0.0066302559401048115,-0.7055286029519233,-0.728131491323821,5.421177449865824,5.427897973294339,5.18335915018534,8,0.26666666666666666,0,6,3371,62.788666666666664,5.421177449865824,-0.12159207556700347,0.013369750262359712,13482.0,63.442566732449144,6.7932624310933525,-0.2687242902267345,4.078106562040305,-5.749333030438434,4.3258173571254055,0.8277801103246955,-0.06754562847732982,48|57|5|65|5|16|24|14|51|5,146,83
112,0.006563953380703764,-0.7393765236749206,-0.7471834263424231,5.495002601767647,5.496722463787815,5.18335915018534,10,0.3333333333333333,3,7,3401,62.788666666666664,5.495002601767647,-0.12289894776158106,0.013317252387897688,13230.0,64.92812857085721,6.9987047387744985,-0.24904509262667188,3.967428039032988,-5.761778188875786,4.078627793861097,0.8607983658946492,-0.002038271025919132,49|56|5|61|5|16|24|16|53|5,145,84
113,0.006498313846896726,-0.736621713700063,-0.7471834263424231,5.485057806590116,5.496722463787815,5.18335915018534,6,0.2,0,16,3431,62.788666666666664,5.485057806590116,-0.12330714202697804,0.013308717238272247,13470.0,63.73232374937232,6.99971122146379,-0.2516960264120983,3.93285821760619,-5.7638015334485635,4.314046425541391,0.8342202806296954,-0.001717343841833936,50|58|5|61|5|16|25|15|52|5,145,85
114,0.006433330708427758,-0.7361392744110378,-0.7471834263424231,5.510805159696657,5.496722463787815,5.18335915018534,6,0.2,0,12,3461,62.788666666666664,5.510805159696657,-0.1232300919174583,0.013318353226302376,13362.0,64.66107471041443,6.998507612144079,-0.24483268463210392,3.9393835628959435,-5.761517223865284,4.208108041285259,0.8548627983625081,-0.0021011268455789866,51|58|5|59|5|16|25|16|52|5,145,87
115,0.0063689974013434805,-0.7838088224992703,-0.7909636943314494,5.50245226167698,5.50245226167698,5.18335915018534,10,0.3333333333333333,7,8,3491,62.64266666666667,5.50245226167698,-0.12352826289914957,0.013314448519070973,13030.0,62.7613392557995,6.999838015460658,-0.2470592744382582,3.9141315726905064,-5.762442874677708,3.8824456007941848,0.8126390759067705,-0.001676914293659161,49|58|5|60|5|17|24|15|50|5,144,86
116,0.006305307427330046,-0.790163505598227,-0.7959752608876364,5.465027288328809,5.502148804302024,5.18335915018534,6,0.2,2,13,3521,62.64266666666667,5.465027288328809,-0.12355201090542263,0.013280723350925052,13118.0,61.47341794354433,6.999791220413591,-0.25703546042261183,3.912120362818894,-5.770437770951193,3.968765765743626,0.7840135997114468,-0.0016918353676570461,50|59|5|60|5|17|24|14|49|5,143,86
117,0.006242254353056745,-0.7970527745653689,-0.797879684316817,5.457831649742207,5.463916289197283,5.18335915018534,5,0.16666666666666666,1,7,3551,62.690000000000005,5.457831649742207,-0.12432024878672462,0.01347935148524806,13159.0,61.86374157031139,6.99975719982129,-0.25895356543095216,3.847058580669448,-5.723350938825186,4.008983115322343,0.792688974192927,-0.001702683177563876,49|61|5|59|5|16|23|14|50|5,142,86
118,0.006179831809526178,-0.7981345790943438,-0.807272245790628,5.495809804255683,5.4636320561739415,5.18335915018534,7,0.23333333333333334,1,11,3581,62.64266666666667,5.495809804255683,-0.12486925981682025,0.013646641284182049,13079.0,62.553821469105266,7.000138116663678,-0.24882992073936644,3.800563039500368,-5.683693179839299,3.9305102380955783,0.8080267634878382,-0.0015812239901394638,52|58|5|59|5|17|21|15|50|5,143,85
119,0.006118033491430916,-0.8345849640324265,-0.8345849640324265,5.508892225572085,5.508892225572085,5.18335915018534,7,0.23333333333333334,5,14,3611,62.64266666666667,5.508892225572085,-0.12538045649899957,0.013914563596391797,12569.0,62.24028212912469,7.000002792635474,-0.24534260581294245,3.7572699814763313,-5.62017945364522,3.4302456457749533,0.801058004738753,-0.0016243734250701513,52|56|5|58|5|17|21|16|48|5,142,84
120,0.006056853156516607,-0.8580190887756353,-0.8580190887756353,5.518465327405925,5.518465327405925,5.18335915018534,6,0.2,5,16,3641,62.64266666666667,5.518465327405925,-0.1254192580609927,0.013820734460482301,12434.0,62.67231609355804,7.000134156674608,-0.2427907524434539,3.753983891536095,-5.642422610618714,3.2978226654547877,0.8106604376255908,-0.0015824866727019774,49|56|5|60|5|17|20|18|47|5,142,83
121,0.005996284624951441,-0.8856671166338538,-0.8856671166338538,5.4845234412914925,5.4845234412914925,5.18335915018534,11,0.36666666666666664,4,5,3671,62.64266666666667,5.4845234412914925,-0.1259958911613,0.013837749907772603,12475.0,61.35040370814227,6.998745041489725,-0.2518384694688523,3.705149047452683,-5.638388924691801,3.3380400150335046,0.7812794722195883,-0.002025420097586001,47|58|5|59|5|16|20|17|49|5,142,82
122,0.005936321778701926,-0.8940390054990434,-0.8940390054990434,5.453338025330004,5.453338025330004,5.18335915018534,13,0.43333333333333335,3,6,3701,62.73933333333333,5.453338025330004,-0.1260016942731116,0.013804727060694083,12522.0,60.525612498709364,6.995550549377433,-0.26015140817790383,3.704657584058774,-5.646217328568266,3.3841428304042287,0.7629475749933577,-0.0030440162136323797,46|57|5|60|5|15|20|16|51|5,141,84
123,0.005876958560914907,-0.9108171058278131,-0.9225013918372119,5.444295147789904,5.445248051547801,5.18335915018534,9,0.3,5,2,3731,62.73933333333333,5.444295147789904,-0.12594779653371965,0.013879337355867397,12263.0,60.52688152792062,6.99499953020171,-0.2625619223373797,3.709222163681849,-5.628530194488938,3.1300868903825783,0.7629757805717051,-0.0032197142502933037,46|54|5|60|5|15|21|17|51|5,142,85
124,0.005818188975305758,-0.9279750648174943,-0.9279750648174943,5.461392615577755,5.461392615577755,5.18335915018534,8,0.26666666666666666,3,6,3761,62.73933333333333,5.461392615577755,-0.12629927037281666,0.013872763633309585,12201.0,60.342734902769294,6.995177553579809,-0.25800433676674284,3.6794559741888198,-5.630088562700862,3.0692704105318356,0.7588829180772656,-0.00316294969582816,46|53|5|61|5|16|20|18|50|5,141,85
125,0.0057600070855527005,-1.0906177463826752,-1.1072590607469575,5.513838078476221,5.472702797375498,5.18335915018534,10,0.3333333333333333,4,6,3791,62.64266666666667,5.513838078476221,-0.12137779354614944,0.010804716116094282,11984.0,62.941206538629515,6.994675578393703,-0.24402421480264325,4.096254027166236,-6.357400626976732,2.856412731054236,0.8166368252832077,-0.0033230095604156267,47|51|5|59|5|16|20|19|51|5,141,85
126,0.005702407014697174,-1.0929486551329688,-1.1072590607469575,5.5431759187486955,5.472702797375498,5.18335915018534,5,0.16666666666666666,0,14,3821,62.64266666666667,5.5431759187486955,-0.1214999548842606,0.010831326286991055,11903.0,65.06908886077665,6.993501539266072,-0.23620377500661152,4.085908228604724,-6.351092413620496,2.776958942862137,0.8639313643047067,-0.0036973638093710606,47|51|5|60|5|16|19|20|49|5,141,85
127,0.005645382944550202,-1.168730771629742,-1.168730771629742,5.538084690015361,5.538084690015361,5.18335915018534,7,0.23333333333333334,6,11,3851,62.602666666666664,5.538084690015361,-0.12336969339572282,0.01119795777983863,11505.0,64.80945018403361,6.995584840428246,-0.23756091811691152,3.9275607653124744,-6.264178665904638,2.3865563786589825,0.8581606074348797,-0.0030330821652936888,47|50|5|60|5|16|16|20|47|5,140,83
128,0.0055889291151046995,-1.176859770801409,-1.1834838386414197,5.516423036518555,5.514136847181313,5.18335915018534,12,0.4,3,12,3881,62.602666666666664,5.516423036518555,-0.12338470148655875,0.011232672977319596,11448.0,64.56948379847188,6.994061597029161,-0.24333515560272975,3.92628973564808,-6.2559490730447,2.3306444536349122,0.8528270890031153,-0.0035187837277209527,46|50|5|59|5|15|17|19|49|5,140,83
129,0.005533039823953653,-1.190378247598597,-1.190378247598597,5.545192759288544,5.545192759288544,5.18335915018534,6,0.2,3,15,3911,62.74866666666666,5.545192759288544,-0.12339703181027628,0.011231113142676892,11238.0,64.784372799067,6.994805914344718,-0.23566615601783816,3.9252454850909704,-6.256318847811078,2.124653150914655,0.8576032348069311,-0.0032814506243411816,47|49|5|58|5|14|17|20|48|5,141,82
130,0.005477709425714116,-1.206839633653931,-1.206839633653931,5.536863540416417,5.536863540416417,5.18335915018534,7,0.23333333333333334,3,8,3941,62.602666666666664,5.536863540416417,-0.12360861515716295,0.01128543508007611,11119.0,64.77242394489686,6.994507377836897,-0.23788643379331426,3.9073265696656323,-6.243441276585862,2.0079247460398424,0.8573376583020981,-0.003376642008972786,46|48|5|57|5|15|17|19|50|5,140,81
131,0.005422932331456975,-1.2378440323268212,-1.2393423209252565,5.523341879563563,5.531077378140597,5.18335915018534,8,0.26666666666666666,5,8,3971,62.708666666666666,5.523341879563563,-0.12407918384449752,0.011440345792721787,10853.0,64.26638662914918,6.9961180711881035,-0.24149083458287468,3.867474281504803,-6.20671810669994,1.7470024292608497,0.8460904190507217,-0.0028630561449265717,45|48|5|56|5|14|16|19|50|5,139,81
132,0.005368703008142405,-1.6114694934930587,-1.6295393696325373,5.347980658279563,5.321038559028866,5.18335915018534,9,0.3,2,2,4001,62.788666666666664,5.347980658279563,-0.1410466380525026,0.014632052161771398,10989.0,39.258948034394,6.995802483028949,-0.2882359889934668,2.43050685750718,-5.4500914459946035,1.8804063205463497,0.29027242660930824,-0.0029636846210302887,45|49|5|56|5|14|16|20|50|5,139,82
133,0.0053150159780609805,-1.7061761381963936,-1.7061761381963936,5.337673263861951,5.337673263861951,4.977870081905524,6,0.2,5,3,4031,62.788666666666664,5.337673263861951,-0.14285572562722948,0.014563593962289895,10916.0,40.291015299050734,6.9953096821796485,-0.29098357902559746,2.2772958996243564,-5.466320162825787,1.808799820076927,0.31321126350507555,-0.0031208191555467447,45|48|5|56|5|14|14|22|50|5,139,81
134,0.005261865818280371,-1.7066929674843812,-1.725440621618186,5.329865533246431,5.328973270359814,4.977870081905524,8,0.26666666666666666,2,6,4061,62.788666666666664,5.329865533246431,-0.14326692694275453,0.014673588202895988,10977.0,41.109580519600144,6.995030528810647,-0.2930648463123238,2.242471412233921,-5.440244902340159,1.868635388962335,0.33140478123957706,-0.0032098300303435366,47|49|5|53|5|13|13|21|52|5,139,82
135,0.005209247160097567,-1.7488836011746551,-1.75252509425617,5.310609551764089,5.318175481659192,4.977870081905524,9,0.3,3,3,4091,62.788666666666664,5.310609551764089,-0.14398921194619668,0.014589483174163462,11012.0,40.127029713515086,6.99542663646467,-0.2981978159684932,2.181301362321618,-5.460182860184747,1.9029672727490448,0.30956650242343203,-0.0030835270990038632,46|50|5|54|5|14|12|19|52|5,138,82
136,0.005157154688496592,-1.7346744859243095,-1.75252509425617,5.321289276011933,5.318175481659192,4.977870081905524,5,0.16666666666666666,0,2,4121,62.788666666666664,5.321289276011933,-0.143810668403181,0.014526226081348145,11127.0,40.940517474746144,6.995547544300179,-0.2953509758554246,2.1964221489719584,-5.475178601449327,2.015772033762519,0.3276471680065892,-0.0030449744129052046,45|51|5|54|5|14|12|19|53|5,139,82
137,0.0051055831416116255,-1.7482098538292026,-1.75252509425617,5.308973470297663,5.318175481659192,4.977870081905524,5,0.16666666666666666,0,5,4151,62.788666666666664,5.308973470297663,-0.144264705629569,0.014511011626005748,11237.0,42.63730713445664,6.995466425064354,-0.29863393793557585,2.1579699041270013,-5.4787853438025085,2.1236722399493204,0.36536019561963856,-0.003070840101610616,44|52|5|54|5|13|11|20|54|5,139,82
138,0.0050545273101955095,-1.8170588202213855,-1.8170588202213855,5.3248322300147155,5.3248322300147155,4.977870081905524,6,0.2,4,3,4181,62.64266666666667,5.3248322300147155,-0.1456748094076733,0.014671213956014126,10907.0,43.183966058742726,6.995563576749707,-0.29440654851443626,2.038548736475588,-5.440807741863034,1.7999716213889159,0.3775102950668726,-0.0030398623042363297,43|52|5|52|5|15|10|21|53|5,139,81
139,0.0050039820370935545,-1.8294450227259007,-1.8294450227259007,5.3270739950307995,5.3270739950307995,4.977870081905524,5,0.16666666666666666,2,4,4211,62.64266666666667,5.3270739950307995,-0.14638018061743413,0.014660830260358002,11092.0,42.16088755099514,6.995368900915522,-0.2938089725448928,1.9788111094971164,-5.443269303191562,1.9814401499758094,0.3547712432390904,-0.0031019366627318343,45|53|5|51|5|15|8|22|53|5,140,81
140,0.004953942216722619,-1.8798287848888642,-1.8798287848888642,5.328509806766971,5.328509806766971,4.977870081905524,5,0.16666666666666666,2,2,4241,62.64266666666667,5.328509806766971,-0.1480470280632255,0.014701703497859469,11259.0,35.080474254134884,6.986524426709152,-0.2934262354675593,1.8376464155475776,-5.433579883919526,2.1452522811866808,0.19740122353856276,-0.005922086707997482,45|53|5|52|5|15|8|21|54|5,141,81
141,0.004904402794555393,-1.9257639076982858,-1.9257639076982858,5.312071058592604,5.312071058592604,4.977870081905524,4,0.13333333333333333,4,7,4271,62.64266666666667,5.312071058592604,-0.14893405950065172,0.014634957307574182,11300.0,33.24147554871729,6.985883093811733,-0.29780822948026714,1.762524051048023,-5.449402751448972,2.1854696307653976,0.15652744253637962,-0.0061265821881678565,45|54|5|53|5|16|7|19|53|5,140,81
142,0.00485535876660984,-1.926855083642952,-1.9355874334544356,5.293658184396395,5.300347136297557,4.977870081905524,6,0.2,2,4,4301,62.64266666666667,5.293658184396395,-0.14912949360166272,0.014385682471346518,11722.0,31.920754909822158,6.98741859216388,-0.30271645628858,1.7459728092855096,-5.508495902611548,2.5994140581365817,0.12717296501541545,-0.005636973010022129,46|54|5|56|5|15|7|17|54|5,140,83
143,0.004806805178943741,-1.94929386423405,-1.9560608726834634,5.291437646044907,5.28780940886731,4.977870081905524,6,0.2,2,5,4331,62.73933333333333,5.291437646044907,-0.1492943637345819,0.014348241343434862,11618.0,33.04298499105707,6.986000463827069,-0.30330837397343036,1.7320100186811738,-5.517371705178961,2.4973993177417877,0.1521157702709754,-0.006089157571809718,46|53|5|56|5|13|6|19|54|5,140,81
144,0.0047587371271543034,-2.0798489569521634,-2.0798489569521634,5.26829698579583,5.26829698579583,4.977870081905524,6,0.2,2,4,4361,62.788666666666664,5.26829698579583,-0.15172030218948074,0.014029002957161493,11784.0,33.5979036966047,6.985345335856792,-0.3094768628136984,1.5265581878067407,-5.593050431930664,2.6602305379873243,0.16444945249584597,-0.00629805175047114,47|53|5|56|5|12|5|19|55|5,140,82
145,0.0047111497558827604,-2.0756752518783657,-2.0798489569521634,5.261218925378271,5.26829698579583,4.977870081905524,5,0.16666666666666666,0,2,4391,62.788666666666664,5.261218925378271,-0.1520043391856993,0.014136467143411057,11838.0,32.659890562779644,6.9856796526705915,-0.3113636256038049,1.5025031996056437,-5.567574946724413,2.7131997301153903,0.14360107272472983,-0.0061914514534301655,48|55|5|54|5|12|5|18|55|5,141,82
146,0.004664038258323933,-2.1176797345425724,-2.1237091052620234,5.263178813536791,5.254147740186322,4.977870081905524,7,0.23333333333333334,6,5,4421,62.82733333333333,5.263178813536791,-0.15184718501295769,0.013845235700604192,11689.0,32.72177672496603,6.985389154908518,-0.31084118812346195,1.5158125283951365,-5.636614340886782,2.567043996280541,0.14497656115374283,-0.0062840796026843344,47|53|5|55|5|11|5|17|56|5,139,80
147,0.004617397875740694,-2.1119574693922214,-2.1277922226460175,5.26146014179047,5.263222439414368,4.738543301730991,6,0.2,1,1,4451,62.82733333333333,5.26146014179047,-0.15173633816978768,0.01385984567352963,11687.0,32.52042632033577,6.985082274851801,-0.3112993257640113,1.5252001065630576,-5.633150897277192,2.565082174349872,0.1405013256251299,-0.006381931412260186,47|54|5|56|5|11|5|17|54|5,139,79
148,0.004571223896983287,-2.1107323384709797,-2.1277922226460175,5.254359090921172,5.263222439414368,4.738543301730991,7,0.23333333333333334,0,2,4481,62.82733333333333,5.254359090921172,-0.15199388902412955,0.013927290368610911,11749.0,31.5331109455609,6.984756676732311,-0.3131922170026348,1.5033882199255548,-5.61716244203692,2.625898654200615,0.11855714899806004,-0.006485751665447988,48|54|5|56|5|11|5|16|54|5,140,78
149,0.004525511658013454,-2.160534127667366,-2.160534127667366,5.234005252282354,5.234005252282354,4.738543301730991,8,0.26666666666666666,4,2,4511,62.82733333333333,5.234005252282354,-0.15226540033473812,0.01385250318537271,11500.0,28.768676694518753,6.987329238018812,-0.31861783689198847,1.4803940274080147,-5.634891509242412,2.3816518238323097,0.05711453903908633,-0.0056654644828195225,47|53|5|57|5|12|5|13|53|6,138,77
150,0.004480256541433319,-2.17594902413168,-2.17594902413168,5.211950609920086,5.211950609920086,4.738543301730991,3,0.1,2,2,4541,62.82733333333333,5.211950609920086,-0.1525925599476837,0.013833379398835766,11567.0,27.772851312373444,6.987406090564005,-0.324496831433347,1.4526870007387653,-5.639424998565805,2.4473728585097247,0.034981218082245344,-0.005640959271571331,47|53|5|58|5|12|5|11|53|6,138,76
151,0.004435453976018986,-2.1977016703768237,-2.1977016703768237,5.211950609920086,5.211950609920086,4.738543301730991,3,0.1,3,1,4571,62.82733333333333,5.211950609920086,-0.15262507715982992,0.013843539941633084,11347.0,27.761411104799578,6.987406090564005,-0.324496831433347,1.4499331300637348,-5.637016337906341,2.231572446136122,0.03472694681081041,-0.005640959271571331,47|53|5|57|5|12|5|11|52|6,137,75
152,0.004391099436258796,-2.42697144649215,-2.42697144649215,4.927895414245582,4.927895414245582,4.738543301730991,10,0.3333333333333333,7,3,4601,61.422,4.927895414245582,-0.15477470371649552,0.01357701495534154,11032.0,27.250043083831763,6.987185643723981,-0.4002159892135693,1.267882051697995,-5.700198813690402,1.922585492055736,0.023361226737716616,-0.0057112509759018335,46|49|5|58|5|11|5|11|53|5,136,73
153,0.004347188441896208,-2.451702642520772,-2.453787732648182,4.923749081902347,4.9233152588067775,4.738543301730991,9,0.3,5,4,4631,61.422,4.923749081902347,-0.1549897562363242,0.0136084465776494,10846.0,27.358921830501203,6.98718426444961,-0.40132125606905195,1.2496693332987543,-5.692747625931413,1.740136052503508,0.025781177352172488,-0.005711690771483742,44|50|5|58|5|11|5|11|52|5,136,71
154,0.004303716557477246,-2.5347340295488703,-2.5359522657191698,4.852869921820426,4.849001979870365,4.738543301730991,6,0.2,2,2,4661,61.37933333333333,4.852869921820426,-0.15698419293049354,0.013671067429205305,10978.0,27.217342591425943,6.986846084437463,-0.42021515551992655,1.080761227014033,-5.677902712169068,1.8696162999276698,0.02263442211228568,-0.005819522888386355,45|51|5|56|5|10|5|10|54|5,136,71
155,0.004260679391902473,-2.5612289610263597,-2.5716642703648263,4.8406187565384675,4.84068796704143,4.738543301730991,5,0.16666666666666666,2,1,4691,61.37933333333333,4.8406187565384675,-0.1576108835862833,0.013597985759741377,11100.0,26.59858547697168,6.986865935040199,-0.4234808867267558,1.0276870270631209,-5.695227469879073,1.989287437698486,0.008881860614966266,-0.00581319332295401,45|49|5|58|5|11|5|8|55|5,135,72
156,0.004218072597983448,-2.580601068471573,-2.5825497503034707,4.868867819002347,4.868994749083181,4.738543301730991,5,0.16666666666666666,2,5,4721,61.37933333333333,4.868867819002347,-0.1572421613948324,0.013594296754079086,10680.0,26.102152878548527,6.981344570476076,-0.4159506769280346,1.058913973140275,-5.696101986426913,1.577304832257971,-0.002151903166659193,-0.007573736252032179,44|49|5|57|5|11|5|8|53|5,134,70
157,0.0041758918720036136,-2.6064885285409938,-2.6064885285409938,4.861282796363912,4.861282796363912,4.738543301730991,7,0.23333333333333334,3,1,4751,61.37933333333333,4.861282796363912,-0.1573204729653283,0.013665997508250496,10384.0,27.392602860414808,6.981261749359883,-0.41797257807496635,1.0522817951868135,-5.679104588820152,1.2869551865189415,0.026529775508637245,-0.007600144602503897,42|48|5|56|5|10|5|8|54|5,133,69
158,0.0041341329532835775,-2.6597838335735227,-2.6597838335735227,4.860795305857945,4.860795305857945,4.670842925385853,6,0.2,5,1,4781,61.37933333333333,4.860795305857945,-0.15804123989535987,0.013622028602875046,10080.0,27.351418113148892,7.058955494156235,-0.41810252595516634,0.9912403103504206,-5.6895278678447205,0.9887582530572355,0.025614398931471542,0.017173291646140662,43|46|5|55|5|10|5|9|53|5,132,70
159,0.004092791623750741,-2.652989247887376,-2.6597838335735227,4.862322649531702,4.860795305857945,4.646366616075712,5,0.16666666666666666,0,2,4811,61.37933333333333,4.862322649531702,-0.15796325084189194,0.013618881666772966,10115.0,27.50505729175092,7.059111272039522,-0.41769538967187025,0.9978451744560178,-5.690273881255433,1.0230901368439451,0.02902919967115372,0.017222962999615454,44|44|5|55|5|11|5|9|54|5,132,70
160,0.004051863707513234,-2.6690351966174,-2.6690351966174,4.869005989076285,4.869005989076285,4.646366616075712,2,0.06666666666666667,1,4,4841,61.37933333333333,4.869005989076285,-0.15798267204485034,0.013616789371915733,9944.0,27.06880465811482,7.0592145896925285,-0.4159138456297926,0.9962003999575024,-5.690769881165197,0.8553543617717355,0.019333002193506005,0.01725590687813258,43|44|5|55|5|12|5|9|53|5,132,69
161,0.004011345070438102,-2.6665220147192246,-2.6690351966174,4.868688769968867,4.869005989076285,4.646366616075712,1,0.03333333333333333,0,7,4871,61.37933333333333,4.868688769968867,-0.15806597829034794,0.01361055006273806,10014.0,26.93844593188757,7.059205170202275,-0.41599840512390246,0.9891452248246813,-5.692248973262762,0.9240181293451547,0.016435635266689032,0.017252903378405498,44|44|5|55|5|12|5|8|53|5,132,69
162,0.0039712316197337205,-2.6745653072400595,-2.6745653072400595,4.85246437513263,4.85246437513263,4.646366616075712,8,0.26666666666666666,2,3,4901,61.37933333333333,4.85246437513263,-0.15808330786784267,0.013525121336536597,10087.0,28.29001662578053,7.059083530988206,-0.42032326005069415,0.9876775893134082,-5.712500727139911,0.9956246298145774,0.04647578939426082,0.01721411748485668,42|42|5|57|5|11|5|8|55|5,132,70
163,0.003931519303536383,-2.6678636543549668,-2.6773978716277163,4.85011410761011,4.85011410761011,4.645634539837867,2,0.06666666666666667,1,1,4931,61.37933333333333,4.85011410761011,-0.15811382918292863,0.013501027103204616,10204.0,28.29251945232707,7.059082309598677,-0.42094975898496245,0.9850927504225271,-5.718212511746733,1.110391212758721,0.04653141748352936,0.017213728032453652,41|43|5|58|5|11|5|8|55|5,133,70
164,0.003892204110501019,-2.692974778143919,-2.692974778143919,4.853486318155825,4.853486318155825,4.643898518719295,7,0.23333333333333334,4,0,4961,61.37933333333333,4.853486318155825,-0.15819114434606654,0.013641012572340062,9803.0,27.664974077365564,7.059119285141592,-0.4200508458643175,0.9785449578398407,-5.685027523589204,0.7170459156595627,0.03258352717259792,0.017225518058247298,40|43|5|56|5|11|5|9|54|5,133,68
165,0.003853282069396009,-2.7054986225254485,-2.7054986225254485,4.865583400025572,4.865583400025572,4.643898518719295,4,0.13333333333333333,3,0,4991,61.37933333333333,4.865583400025572,-0.15821920159145628,0.013653649275303789,9639.0,27.664974077365564,7.059299216486049,-0.4168261878938814,0.9761688001005652,-5.682031863819719,0.556176517344695,0.03258352717259792,0.017282890987081113,39|44|5|54|5|13|5|9|54|5,133,68
166,0.0038147492487020486,-2.757805564122753,-2.757805564122753,4.864302763619565,4.864302763619565,4.643898518719295,9,0.3,8,6,5021,61.37933333333333,4.864302763619565,-0.1581734765052445,0.013657372217438882,9085.0,27.195151589091893,7.059295437805563,-0.41716756066777216,0.9800412407472485,-5.681149302283674,0.012751842549349269,0.02214120253200601,0.01728168611659424,37|43|5|54|5|13|5|9|51|5,131,66
167,0.003776601756215028,-2.7600887598165986,-2.7600887598165986,4.863826527427422,4.863826527427422,4.643898518719295,5,0.16666666666666666,1,5,5051,61.37933333333333,4.863826527427422,-0.15811729713524728,0.013663787147186166,9031.0,27.38936601618018,7.059304244051886,-0.41729450854241995,0.9847990508227649,-5.679628577532671,-0.04021734957871692,0.026457833064091406,0.017284494077292375,36|43|5|54|5|13|5|10|51|5,131,66
168,0.003738835738652878,-2.760938364594059,-2.771882135994563,4.866243010945268,4.863826527427422,4.643898518719295,4,0.13333333333333333,1,3,5081,61.37933333333333,4.866243010945268,-0.15767171667298613,0.013319866325254105,9239.0,27.39731887486493,7.059305814693063,-0.4166503587449604,1.0225350954402888,-5.761158528272775,0.16381213121087138,0.02663459414786169,0.017284994892115664,37|42|5|56|5|13|5|10|51|5,132,67
169,0.003701447381266349,-2.7749757571914144,-2.7758855035655636,4.867936393215233,4.867936393215233,4.643898518719295,4,0.13333333333333333,1,3,5111,61.37933333333333,4.867936393215233,-0.15770701560986106,0.013339336895912657,9083.0,27.37050743321445,7.059307696658398,-0.4161989623922999,1.01954564152639,-5.7565428302241495,0.01079002061868015,0.02603868019145372,0.01728559497579503,36|41|5|56|5|13|5|10|51|5,131,67
170,0.003664432907453685,-2.7728147348542853,-2.7758855035655636,4.865185583523048,4.867936393215233,4.643898518719295,5,0.16666666666666666,0,6,5141,61.37933333333333,4.865185583523048,-0.15773391818755922,0.013300542987462634,9171.0,28.229917439212073,7.059305855584057,-0.4169322318282324,1.0172672721670322,-5.765739323263385,0.09711018556812136,0.04514001847556914,0.01728500793062254,34|41|5|58|5|13|5|10|51|5,131,68
171,0.0036277885783791482,-2.772635752322194,-2.7758855035655636,4.8634997570643685,4.867936393215233,4.643898518719295,3,0.1,0,3,5171,61.37933333333333,4.8634997570643685,-0.15767926948694147,0.01331364729282746,9138.0,28.074593314376568,7.0592934801127,-0.41738161406646856,1.0218954504186908,-5.762632813558984,0.0647401237120809,0.04168776794152616,0.017281061886426658,32|42|5|59|5|13|5|10|50|5,131,68
172,0.0035915106925953565,-2.7453708496258704,-2.7758855035655636,4.860538545288704,4.867936393215233,4.643898518719295,4,0.13333333333333333,0,2,5201,61.37933333333333,4.860538545288704,-0.15733099376383014,0.013339887511983386,9242.0,29.051024261577837,7.059261218577139,-0.4181709693223363,1.051390792651239,-5.756412301049233,0.16675486410687504,0.06339002612261399,0.0172707749695506,32|43|5|59|5|12|5|12|50|5,132,68
173,0.003555595585669403,-2.754383529701195,-2.7758855035655636,4.859327567295022,4.867936393215233,4.643898518719295,4,0.13333333333333333,0,2,5231,61.37933333333333,4.859327567295022,-0.15741658224821237,0.013336046057910356,9195.0,29.044489175967534,7.05926098208964,-0.41849377360533574,1.0441423355510238,-5.757322957053093,0.12065204873615076,0.06324477661412924,0.01727069956311996,31|42|5|59|5|12|5|12|51|5,132,68
174,0.003520039629812709,-2.7878994041687974,-2.7878994041687974,4.856062820090075,4.856062820090075,4.643898518719295,3,0.1,2,3,5261,61.37933333333333,4.856062820090075,-0.15779914746871748,0.0133636610369047,8994.0,28.668368533920482,7.059243105547467,-0.4193640407663956,1.0117430284610445,-5.750776543653491,-0.07651105529609561,0.05488507918305314,0.017264999446861898,30|42|5|58|5|12|5|11|51|5,132,66
175,0.003484839233514582,-2.8113804102684212,-2.8200052335637675,4.85802718571947,4.85802718571947,4.643898518719295,5,0.16666666666666666,4,0,5291,61.37933333333333,4.85802718571947,-0.15811849677547613,0.013371512204496169,8878.0,28.28121254384503,7.059030583690602,-0.41884040974927217,0.9846974537352914,-5.7489153440221665,-0.19029672727490446,0.04628010893190006,0.017197234703557506,30|41|5|57|5|12|5|10|52|5,132,65
176,0.003449990841179436,-2.822299027468312,-2.822299027468312,4.84873353681593,4.84873353681593,4.62206213204638,3,0.1,1,2,5321,61.37933333333333,4.84873353681593,-0.15838604059556063,0.01333794523584945,8948.0,28.16181482225318,7.059031570923263,-0.42131777076359955,0.9620392665234502,-5.756872737485254,-0.12163295970148533,0.04362636246099285,0.017197549492675383,29|41|5|59|5|12|5|10|51|5,132,66
177,0.0034154909327676415,-2.8184968854879235,-2.8254139254425032,4.848623385410337,4.848623385410337,4.62206213204638,2,0.06666666666666667,1,1,5351,61.37933333333333,4.848623385410337,-0.15832631853050044,0.013268658987911856,9045.0,28.16181482225318,7.05903317294856,-0.4213471332670382,0.9670971061341134,-5.7732977516777195,-0.026484596064033097,0.04362636246099285,0.017198060314642497,30|40|5|60|5|12|5|10|51|5,132,67
178,0.0033813360234399652,-2.8740413517295202,-2.8740413517295202,4.814817013785287,4.814817013785287,4.62206213204638,5,0.16666666666666666,4,3,5381,61.37933333333333,4.814817013785287,-0.1594582554453275,0.013258356545349164,9071.0,27.241907425944966,7.059469527347409,-0.4303587268799473,0.871233787295189,-5.775740051128856,-0.000980910965334559,0.023180402739421246,0.017337196327587272,30|42|5|59|5|12|5|9|51|5,132,67
179,0.0033475226632055655,-2.866019430051411,-2.8818397917734457,4.816355495496299,4.814817013785287,4.608616398393476,5,0.16666666666666666,1,1,5411,61.37933333333333,4.816355495496299,-0.15950644806777628,0.013281027868295103,9142.0,27.30999709066944,7.059474681026752,-0.42994862158635655,0.8671523719168434,-5.770365581992001,0.06866376757341913,0.024693770876256498,0.01733883963036513,30|43|5|58|5|12|5|9|52|5,134,66
180,0.0033140474365735096,-2.988013631069564,-2.988013631069564,4.784930620759527,4.784930620759527,4.608616398393476,6,0.2,4,2,5441,61.37933333333333,4.784930620759527,-0.16105447635504866,0.013116899207360855,8851.0,25.169434213654334,7.059049662069182,-0.4383253916108133,0.7360504285747619,-5.809273960861984,-0.21678132333893757,-0.02288260750768092,0.017203318037507975,27|43|5|58|5|12|5|8|51|5,132,64
181,0.0032809069622077745,-3.210244504450889,-3.210244504450889,4.780269391485233,4.780269391485233,4.603501806169422,4,0.13333333333333333,2,4,5471,61.37933333333333,4.780269391485233,-0.15813604614899818,0.010137114112210625,8939.0,28.065098127874602,7.059009015689332,-0.43956791193870914,0.983211203779723,-6.515662514654418,-0.13046115838949637,0.04147672691549777,0.01719035752823431,27|43|5|58|5|12|5|7|52|5,132,64
182,0.003248097892585697,-3.2084646078824695,-3.210244504450889,4.770233898018237,4.780269391485233,4.575138165292332,4,0.13333333333333333,0,3,5501,61.37933333333333,4.770233898018237,-0.15843322134511,0.010135919973182571,9111.0,28.279571800536786,7.060945343925892,-0.4422430227087323,0.9580435462868659,-6.515945597532585,0.03825552764804781,0.04624364159646128,0.017807775368635637,25|44|5|58|5|11|5|7|54|5,132,64
183,0.0032156169136598398,-3.2386156050999073,-3.2386156050999073,4.768319519282127,4.768319519282127,4.560389919651503,6,0.2,5,0,5531,61.37933333333333,4.768319519282127,-0.15857020222868307,0.010115886620405055,8892.0,28.37323992434078,7.0610472383629554,-0.4427533289723668,0.9464426858989813,-6.520694708842375,-0.17656397376022065,0.048325519287821826,0.01784026544035647,25|43|5|56|5|11|5|6|55|5,131,63
184,0.003183460744523241,-3.2700140170829406,-3.2700140170829406,4.768275077704066,4.768275077704066,4.560389919651503,3,0.1,3,0,5561,61.37933333333333,4.768275077704066,-0.1585574591702081,0.010117040359349419,8565.0,28.13957537421542,7.061127950134232,-0.44276517553920447,0.9475218908101087,-6.520421203217527,-0.4973218594246215,0.04313206612134507,0.01786600120486966,25|43|5|55|5|11|5|6|53|5,130,62
185,0.003151626137078009,-3.276512281388834,-3.2801633866432125,4.768275077704066,4.768275077704066,4.560389919651503,3,0.1,1,0,5591,61.37933333333333,4.768275077704066,-0.15846717655817283,0.010116857286150492,8460.0,28.10324960680508,7.061127950134232,-0.44276517553920447,0.9551678918458391,-6.520464602593018,-0.6003175107847502,0.04232468574772523,0.01786600120486966,25|43|5|55|5|11|5|6|52|5,130,62
186,0.0031201098757072288,-3.286128034666471,-3.2868030586578008,4.763348566755457,4.763334593025262,4.556241852271511,4,0.13333333333333333,2,2,5621,61.37933333333333,4.763348566755457,-0.15859693463142824,0.010109782830345857,8440.0,27.980679428699297,7.0610804150487745,-0.44407841066218096,0.9441787285934785,-6.522141674745918,-0.6199357300914413,0.03960042792060692,0.017850844162147182,27|43|5|55|5|10|5|6|51|5,130,62
187,0.0030889087769501566,-3.3015074310779973,-3.3015074310779973,4.765622392118951,4.765622392118951,4.556241852271511,3,0.1,3,1,5651,61.37933333333333,4.765622392118951,-0.15852940578208416,0.010107180942271591,8251.0,27.980679428699297,7.0610967492016945,-0.44347228852787457,0.9498977218789711,-6.522758478943276,-0.805327902539673,0.03960042792060692,0.01785605247199375,29|42|5|53|5|10|5|6|51|5,130,61
188,0.003058019689180655,-3.339569730825412,-3.339569730825412,4.765236196087353,4.765236196087353,4.556241852271511,6,0.2,6,4,5681,61.37933333333333,4.765236196087353,-0.15838356207665988,0.010126621933779683,7951.0,26.739693777598497,6.954391071581186,-0.44357523485202544,0.9622491713728453,-6.518149792934999,-1.0996011921400408,0.01201814872676293,-0.016168131956611945,29|41|5|52|5|10|5|5|50|5,129,59
189,0.0030274394922888484,-3.37744784731773,-3.37744784731773,4.75873834940844,4.75873834940844,4.552790993639936,7,0.23333333333333334,5,2,5711,61.37933333333333,4.75873834940844,-0.15856348475018073,0.010130894948666883,7655.0,26.68626175915345,6.954398959827996,-0.4453073329984579,0.9470115866698884,-6.517136831023277,-1.3899508378790701,0.010830562996553545,-0.01616561670934225,27|40|5|51|5|10|5|5|50|5,128,57
190,0.00299716509736596,-3.39040198834302,-3.39040198834302,4.758721558396643,4.758721558396643,4.549833715212887,2,0.06666666666666667,2,1,5741,61.37933333333333,4.758721558396643,-0.15863029874681422,0.010129068940660377,7554.0,25.368353812634037,6.954419024424903,-0.44531180889360406,0.9413531339961734,-6.517569704909729,-1.4890228453778607,-0.01846139932423513,-0.016159218909704405,27|40|5|50|5|10|5|5|50|5,128,56
191,0.0029671934463923,-3.4015661263510677,-3.4015661263510677,4.755836015671215,4.755836015671215,4.549833715212887,2,0.06666666666666667,2,2,5771,61.37933333333333,4.755836015671215,-0.15871121052099252,0.010128939643567748,7483.0,25.376449488584516,6.954488234122545,-0.44608099343321245,0.9345007457541468,-6.517600356108844,-1.5586675239166143,-0.018281463968712754,-0.0161371506976904,26|41|5|49|5|10|5|5|50|5,128,55
192,0.002937521511928377,-3.415964147593178,-3.418238883976151,4.754358124721051,4.755841214879932,4.549833715212887,7,0.23333333333333334,2,2,5801,61.37933333333333,4.754358124721051,-0.1587366617342426,0.010129170620997646,7351.0,25.286332646725796,6.954452522911321,-0.4464749473539344,0.9323452919133256,-6.517545600545119,-1.6881477713407762,-0.020284410489496335,-0.01614853757853816,25|40|5|50|5|10|5|5|49|5,127,54
193,0.0029081462968090933,-3.4235032009532627,-3.4341648576955772,4.745941497048042,4.754358124721051,4.549833715212887,6,0.2,2,1,5831,61.37933333333333,4.745941497048042,-0.1589592831510354,0.010116931907835466,7408.0,25.359427889119615,6.954395136521106,-0.44871852525166184,0.9134915664284189,-6.52044691275887,-1.6322358463167064,-0.018659787850499956,-0.016166835809409322,24|39|5|52|5|9|5|5|49|5,126,55
194,0.0028790648338410025,-3.4292654973331658,-3.4341648576955772,4.757877008195138,4.754358124721051,4.549833715212887,4,0.13333333333333333,0,1,5861,61.37933333333333,4.757877008195138,-0.15895718031720743,0.010115576222436373,7317.0,25.127972897214384,6.9547341564395255,-0.44553693637211844,0.9136696546478917,-6.520768291857658,-1.7214987441621512,-0.02380413114075161,-0.0160587358798977,22|40|5|52|5|10|5|5|48|5,125,55
195,0.0028502741855025923,-3.4381678177396484,-3.4381678177396484,4.757877008195138,4.757877008195138,4.549833715212887,1,0.03333333333333333,1,3,5891,61.37933333333333,4.757877008195138,-0.15895215569847543,0.010117293652718278,7222.0,24.70193608347588,6.9547341564395255,-0.44553693637211844,0.9140951877507004,-6.520361157432076,-1.8146852858689344,-0.03327327071780276,-0.0160587358798977,22|40|5|52|5|10|5|5|47|5,124,55
196,0.0028217714436475664,-3.4885621158525133,-3.4885621158525133,4.752567756148459,4.752567756148459,4.549833715212887,4,0.13333333333333333,4,9,5921,61.37933333333333,4.752567756148459,-0.15955901369544362,0.010104508108119768,7004.0,24.265683449839784,6.9523355072196065,-0.4469521968550777,0.8627006083432416,-6.523392101634424,-2.0285238763118683,-0.042969468195450396,-0.0168235694413161,21|40|5|51|5|11|5|5|46|5,123,54
197,0.0027935537292110907,-3.4976097140402964,-3.4976097140402964,4.749702005024566,4.749702005024566,4.549833715212887,2,0.06666666666666667,2,5,5951,61.422666666666665,4.749702005024566,-0.1596654652872096,0.010092673110021481,6980.0,22.885311167422394,6.952216167176325,-0.4477161056474999,0.8536852623918003,-6.526197709060407,-2.0520657394798976,-0.07364976949571704,-0.016861622221007552,23|40|5|51|5|10|5|5|45|5,123,54
198,0.00276561819191898,-3.535054850841208,-3.535054850841208,4.747553178249161,4.747553178249161,4.549833715212887,7,0.23333333333333334,6,5,5981,61.422666666666665,4.747553178249161,-0.15971765395055462,0.010102305326507056,6615.0,21.9206360205986,6.952210690658833,-0.4482889075399732,0.8492654237872912,-6.523914293560364,-2.410098241827012,-0.09509074200611964,-0.016863368463994124,21|40|5|50|5|10|5|5|43|5,123,51
199,0.00273796200999979,-3.556222138167385,-3.556222138167385,4.747578225670655,4.747578225670655,4.544228000257119,6,0.2,5,6,6011,61.422666666666665,4.747578225670655,-0.159690784522968,0.010102752680949722,6387.0,22.188882640941365,6.952210690658833,-0.44828223077542534,0.8515409856759578,-6.523808243611225,-2.633745941923291,-0.08912866406546321,-0.016863368463994124,22|38|5|47|5|10|5|5|45|5,122,51
200,0.002710582389899792,-3.5686576623297412,-3.5686576623297412,4.7526379422796685,4.7526379422796685,4.544228000257119,4,0.13333333333333333,3,1,6041,61.422666666666665,4.7526379422796685,-0.1597191367378726,0.010119075300574872,6239.0,21.524798524406847,6.952204809221997,-0.44693348769283064,0.8491398470775184,-6.51993879957317,-2.778920764792806,-0.10388866833642678,-0.016865243819608588,21|40|5|47|5|10|5|5|42|5,120,51
201,0.002683476566000794,-3.559306626300011,-3.569720355559012,4.752328736897101,4.7526379422796685,4.538843314899626,2,0.06666666666666667,1,3,6071,61.422666666666665,4.752328736897101,-0.15954208505998432,0.010109748246852828,6270.0,21.52750012540047,6.952210777688253,-0.4470159110088116,0.8641342882217623,-6.5221498731168905,-2.7485125248674347,-0.10382862226513632,-0.016863340713783388,22|41|5|46|5|10|5|5|42|5,120,52
202,0.002656641800340786,-3.6051223454419032,-3.607131986130754,4.752211385259648,4.752236629380195,4.538843314899626,8,0.26666666666666666,5,7,6101,61.422666666666665,4.752211385259648,-0.15981834711353335,0.01008782192306015,5949.0,20.54839947227356,6.952210777688253,-0.44704719284166444,0.8407377570409476,-6.527347732579676,-3.0633849447398283,-0.1255902176143382,-0.016863340713783388,20|38|5|46|5|10|5|5|42|5,117,51
203,0.0026300753823373783,-3.6051223454419032,-3.607131986130754,4.752211385259648,4.752236629380195,4.538843314899626,0,0.0,0,6,6131,61.422666666666665,4.752211385259648,-0.15981834711353335,0.01008782192306015,5949.0,20.54839947227356,6.952210777688253,-0.44704719284166444,0.8407377570409476,-6.527347732579676,-3.0633849447398283,-0.1255902176143382,-0.016863340713783388,20|38|5|46|5|10|5|5|42|5,117,51
204,0.0026037746285140044,-3.632460477878192,-3.640236223447589,4.750139316519996,4.751266331576399,4.538843314899626,8,0.26666666666666666,5,3,6161,61.422666666666665,4.750139316519996,-0.16022514109531352,0.010104007925656197,5832.0,19.07171598967117,6.9521979440035455,-0.4475995337325136,0.8062865251159715,-6.5235106750065945,-3.1781515276839714,-0.15841114190298544,-0.016867432863940112,17|38|5|45|5|10|5|5|43|5,116,50
205,0.0025777368822288644,-3.6439806810960573,-3.651019089879752,4.747472069240033,4.747472069240033,4.533575855613032,3,0.1,2,1,6191,61.422666666666665,4.747472069240033,-0.16037747841672206,0.010094547852666844,5799.0,19.054330227865712,6.952196669905439,-0.4483105283585784,0.7933851336850842,-6.525753282129033,-3.210521589540012,-0.15879755969572174,-0.016867839123006264,16|38|5|45|5|10|5|5|43|5,116,49
206,0.002551959513406576,-3.660834068102043,-3.660834068102043,4.7449578363073375,4.7449578363073375,4.533575855613032,5,0.16666666666666666,3,2,6221,61.422666666666665,4.7449578363073375,-0.16048381953127894,0.010092004395483942,5683.0,18.940425588892207,6.952195777186687,-0.44898073472348915,0.7843791440076385,-6.526356234685574,-3.324307261518821,-0.1613292163275727,-0.016868123775408524,15|38|5|45|5|10|5|5|42|5,115,48
207,0.0025264399182725102,-3.656715232505674,-3.6617604572479285,4.743055527092569,4.743313123649887,4.513166861593073,4,0.13333333333333333,1,5,6251,61.422666666666665,4.743055527092569,-0.16071757213493365,0.010126787791016133,5789.0,21.013155411556554,6.952218352325732,-0.449487823675824,0.7645827224226032,-6.518110474779611,-3.2203306991933576,-0.1152605026309862,-0.016860925464020553,13|39|5|45|5|10|5|5|43|5,115,48
208,0.002501175519089785,-3.6745975288331962,-3.6745975288331962,4.738966998658899,4.738966998658899,4.513166861593073,5,0.16666666666666666,3,2,6281,61.422666666666665,4.738966998658899,-0.16073269284891434,0.010123118797570989,5629.0,20.951486962893803,6.952076017428081,-0.45057768203529824,0.763302154745716,-6.518980247226559,-3.377276453646887,-0.11663115213604568,-0.016906310385575864,14|39|5|45|5|9|5|5|41|5,114,47
209,0.0024761637638988873,-3.693347373853204,-3.693347373853204,4.738106433554642,4.738106433554642,4.513166861593073,4,0.13333333333333333,4,5,6311,61.422666666666665,4.738106433554642,-0.16080341329655262,0.010121963970381674,5472.0,20.831767207627646,6.95214739487698,-0.4508070785254933,0.7573128661806231,-6.519254010831011,-3.5312794752044128,-0.11929205616168102,-0.016883550964151086,14|39|5|43|5|10|5|5|41|5,114,46
210,0.0024514021262598985,-3.7009368061920656,-3.7009368061920656,4.738106433554642,4.738106433554642,4.513166861593073,1,0.03333333333333333,1,6,6341,61.422666666666665,4.738106433554642,-0.1607974733257127,0.010122844923809413,5391.0,20.671772018167577,6.95214739487698,-0.4508070785254933,0.757815920115045,-6.519045171804737,-3.610733263396512,-0.12284812627534034,-0.016883550964151086,14|39|5|43|5|10|5|5|40|5,114,45
211,0.0024268881049972994,-3.71204908416611,-3.71204908416611,4.739257168679749,4.739257168679749,4.513166861593073,4,0.13333333333333333,3,11,6371,61.471999999999994,4.739257168679749,-0.1608923779839107,0.010117626722388055,5322.0,19.799513677499274,6.952062694885838,-0.45050033287947794,0.7497784796985669,-6.520282199858011,-3.678416120004597,-0.1422350330136504,-0.016910558412901427,15|39|5|43|5|9|5|5|39|5,114,45
212,0.0024026192239473263,-3.720462259333866,-3.720462259333866,4.739245520943547,4.739245520943547,4.513166861593073,3,0.1,2,7,6401,61.471999999999994,4.739245520943547,-0.16089560955950682,0.010116515875549828,5239.0,19.96051725703484,6.952062694885838,-0.45050343775764473,0.7495047987560471,-6.520545537470116,-3.759831730127365,-0.13865655031482219,-0.016910558412901427,15|38|5|42|5|9|5|5|40|5,115,43
213,0.002378593031707853,-3.7281894556300856,-3.7281894556300856,4.739245520943547,4.739245520943547,4.513166861593073,1,0.03333333333333333,1,6,6431,61.471999999999994,4.739245520943547,-0.16089849864748867,0.010117733610162242,5160.0,19.594405464171032,6.952062694885838,-0.45050343775764473,0.7492601229629618,-6.520256861017184,-3.837323696388795,-0.14679378999843246,-0.016910558412901427,15|38|5|42|5|9|5|5|39|5,114,43
214,0.0023548071013907742,-3.7455409593305267,-3.7455774892338827,4.738838379149667,4.738831244489232,4.513166861593073,5,0.16666666666666666,4,3,6461,61.471999999999994,4.738838379149667,-0.1609236852994426,0.010116978097530295,4996.0,19.591703863177415,6.952062951947183,-0.45061196748777893,0.7471270747205054,-6.5204359630189765,-3.998193094703663,-0.14685383606972283,-0.01691047644629201,15|38|5|40|5|9|5|5|39|5,114,41
215,0.0023312590303768664,-3.7530749414596962,-3.7530749414596962,4.738838379149667,4.738838379149667,4.513166861593073,1,0.03333333333333333,1,4,6491,61.471999999999994,4.738838379149667,-0.16092618672445275,0.010118032299503641,4919.0,19.2879429870022,6.952062951947183,-0.45061196748777893,0.7469152299611739,-6.520186053651831,-4.073723239034424,-0.15360525764127722,-0.01691047644629201,15|38|5|40|5|9|5|5|38|5,113,41
216,0.0023079464400730977,-3.7637059845999805,-3.771136764340834,4.738876822704105,4.738876822704105,4.502795596754339,4,0.13333333333333333,3,6,6521,61.471999999999994,4.738876822704105,-0.1614078066697861,0.010136591314967828,4996.0,18.30378455643799,6.952062951947183,-0.45060171978378166,0.7061270148460839,-6.515786449091457,-3.998193094703663,-0.17547926769023992,-0.01691047644629201,15|38|5|40|5|9|5|5|39|5,114,41
217,0.0022848669756723667,-3.7905906411292825,-3.7905906411292825,4.738200259487826,4.738200259487826,4.502795596754339,5,0.16666666666666666,3,5,6551,61.471999999999994,4.738200259487826,-0.16140622511622657,0.01013334107398121,4727.0,16.95051723745668,6.952065945908659,-0.450782067820719,0.7062609560323394,-6.516556951982337,-4.262058144378659,-0.20555713118764415,-0.0169095217913973,16|36|5|40|5|9|5|5|37|5,114,39
218,0.002262018305915643,-3.790078893222644,-3.7905906411292825,4.720264358690996,4.738200259487826,4.502795596754339,4,0.13333333333333333,0,1,6581,61.471999999999994,4.720264358690996,-0.16123432448698047,0.010116269695386102,4716.0,16.909031734538676,6.959067163564512,-0.45556315024077715,0.7208191567714227,-6.520603896997489,-4.272848164997339,-0.20647919239195092,-0.01467711273820017,17|35|5|41|5|10|5|5|36|5,115,38
219,0.0022393981228564864,-3.798024272041852,-3.798024272041852,4.720264358690996,4.720264358690996,4.502795596754339,1,0.03333333333333333,1,6,6611,61.471999999999994,4.720264358690996,-0.1612343244869804,0.010116269695386102,4635.0,16.909031734538676,6.959067163564512,-0.45556315024077715,0.7208191567714274,-6.520603896997489,-4.352301953189439,-0.20647919239195092,-0.01467711273820017,17|35|5|40|5|10|5|5|36|5,115,37
220,0.0022170041416279215,-3.811778359292545,-3.811778359292545,4.720264187740738,4.720264187740738,4.502795596754339,3,0.1,3,3,6641,61.471999999999994,4.720264187740738,-0.16122278753181324,0.010118589024666216,4487.0,17.003701854203314,6.959067163564512,-0.4555631958101235,0.7217962172393159,-6.520054076254168,-4.497476776058954,-0.20437504423392153,-0.01467711273820017,17|34|5|39|5|10|5|5|36|5,115,37
221,0.002194834100211642,-3.812746559997136,-3.812746559997136,4.720486595087627,4.720486595087627,4.502795596754339,1,0.03333333333333333,1,5,6671,61.471999999999994,4.720486595087627,-0.1613261845259396,0.010113758336933138,4527.0,17.07647061504088,6.959065771222085,-0.45550390980780053,0.7130395640326863,-6.521199240221579,-4.458240337445571,-0.2027576780087509,-0.014677556700663882,16|34|5|39|5|10|5|5|37|5,115,37
222,0.002172885759209526,-3.816740624248711,-3.816740624248711,4.7151983935264346,4.7151983935264346,4.502795596754339,3,0.1,1,4,6701,61.471999999999994,4.7151983935264346,-0.16124033558771056,0.010095631744397721,4483.0,16.88308488198372,6.960601760622605,-0.45691355896924174,0.7203100788728989,-6.5254963345010015,-4.501400419920292,-0.2070558898990796,-0.014187790946778264,17|34|5|38|5|10|5|5|37|5,116,36
223,0.0021511569016174304,-3.8157137468581332,-3.8205790775448527,4.69778806734323,4.715179042714381,4.502795596754339,4,0.13333333333333333,1,5,6731,61.46133333333333,4.69778806734323,-0.16114160188427018,0.010101841674645094,4491.0,16.811682069405492,6.960389799888166,-0.4615545416210142,0.7286717997153533,-6.524024206979546,-4.493553132197615,-0.20864289641282247,-0.014255376770522795,18|36|5|37|5|9|5|5|36|5,116,36
224,0.0021296453326012563,-3.8295221237736046,-3.8295221237736046,4.69778806734323,4.69778806734323,4.493654818521445,2,0.06666666666666667,2,5,6761,61.46133333333333,4.69778806734323,-0.16114599400629437,0.010102772747666394,4351.0,16.668609528298276,6.960389799888166,-0.4615545416210142,0.728299832524895,-6.523803486590662,-4.630880667344454,-0.21182284194264506,-0.014255376770522795,18|36|5|37|5|9|5|5|34|5,115,35
225,0.0021083488792752437,-3.8295221237736046,-3.8295221237736046,4.69778806734323,4.69778806734323,4.493654818521445,0,0.0,0,1,6791,61.46133333333333,4.69778806734323,-0.16114599400629437,0.010102772747666394,4351.0,16.668609528298276,6.960389799888166,-0.4615545416210142,0.728299832524895,-6.523803486590662,-4.630880667344454,-0.21182284194264506,-0.014255376770522795,18|36|5|37|5|9|5|5|34|5,115,35
226,0.002087265390482491,-3.8410404392558384,-3.842255294426783,4.700154669179827,4.700154669179827,4.493654818521445,5,0.16666666666666666,3,2,6821,61.46133333333333,4.700154669179827,-0.16110124543157406,0.010111731377471183,4197.0,15.896351973513976,6.960390569677995,-0.46092368853120286,0.7320895727743824,-6.521679751707208,-4.781940956005975,-0.22898712056804366,-0.014255131315250831,19|35|5|38|5|9|5|5|31|5,114,34
227,0.0020663927365776663,-3.8572845118958474,-3.8572845118958474,4.700154669179827,4.700154669179827,4.493654818521445,4,0.13333333333333333,3,1,6851,61.46133333333333,4.700154669179827,-0.16111821896593376,0.010109848983266664,4041.0,16.074759664564507,6.960390569677995,-0.46092368853120286,0.7306520904245857,-6.522125992518991,-4.934963066598167,-0.22502181223388218,-0.014255131315250831,19|35|5|35|5|9|5|5|32|5,113,33
228,0.0020457288092118895,-3.863560930905538,-3.863560930905538,4.700154669179827,4.700154669179827,4.493654818521445,1,0.03333333333333333,1,1,6881,61.46133333333333,4.700154669179827,-0.16112245929106067,0.010110548179871457,3978.0,15.967536209334884,6.960390569677995,-0.46092368853120286,0.7302929788572381,-6.521960240807809,-4.996760457414244,-0.22740497216457814,-0.014255131315250831,19|35|5|35|5|9|5|5|31|5,112,33
229,0.0020252715211197705,-3.8662917337988754,-3.8675631883641186,4.698977710097555,4.698977710097555,4.4934066190386295,3,0.1,2,4,6911,61.46133333333333,4.698977710097555,-0.16116252458641225,0.010110273819596186,3971.0,15.959326589509502,6.960382091335154,-0.46123742456493305,0.7268998638060771,-6.522025280719037,-5.003626834171586,-0.22758744004879436,-0.014257834720607584,19|36|5|35|5|8|5|5|30|5,112,33
230,0.002005018805908573,-3.8942935134861036,-3.8942935134861036,4.699971523693309,4.699971523693309,4.4934066190386295,4,0.13333333333333333,4,2,6941,61.46133333333333,4.699971523693309,-0.16136588106781452,0.010110784082779661,3770.0,12.67011571032775,6.9603835083100485,-0.46097250869785195,0.7096776785771362,-6.5219043176090405,-5.200789938203832,-0.30069379121131157,-0.014257382903832463,20|36|5|34|5|8|5|5|27|5,111,31
231,0.001984968617849487,-3.9072530035939566,-3.9072530035939566,4.7125810932166585,4.7125810932166585,4.4934066190386295,2,0.06666666666666667,2,3,6971,61.422666666666665,4.7125810932166585,-0.16148307045423366,0.010109938440128516,3655.0,12.67011571032775,6.960523468165264,-0.45761123948391624,0.6997529527662882,-6.5221047858543315,-5.313594699217306,-0.30069379121131157,-0.014212755288576658,20|36|5|32|5|9|5|5|27|5,110,31
232,0.001965118931670992,-3.9107671425016637,-3.9126237434897746,4.711381671318298,4.7125810932166585,4.4934066190386295,3,0.1,1,5,7001,61.422666666666665,4.711381671318298,-0.16152741103680768,0.010114555658965553,3636.0,12.507858845341591,6.960521147660657,-0.45793096331699507,0.6959977652208352,-6.521010226873502,-5.332232007558663,-0.3043001295659865,-0.014213495204938009,19|37|5|32|5|9|5|5|26|5,110,30
233,0.0019454677423542822,-3.9302615848323263,-3.9302615848323263,4.712350020009447,4.712350020009447,4.4934066190386295,4,0.13333333333333333,4,3,7031,61.471999999999994,4.712350020009447,-0.16155569531221664,0.010107804070838024,3455.0,12.560121144796977,6.9605203778708296,-0.4576728355008244,0.6936023803931644,-6.5226107599391145,-5.5097768922842185,-0.3031385421345669,-0.014213740660209407,18|36|5|30|5|9|5|5|27|5,107,30
234,0.0019260130649307395,-3.928748133602279,-3.9302615848323263,4.714388422964854,4.712350020009447,4.4934066190386295,5,0.16666666666666666,0,2,7061,61.422666666666665,4.714388422964854,-0.16138637335420933,0.010117562588321916,3380.0,12.401568528891657,6.960522456916577,-0.45712946872792093,0.7079421944183709,-6.520297403494778,-5.583345214684311,-0.3066625494548253,-0.014213077735447456,19|36|5|29|5|9|5|5|26|5,106,30
235,0.001906752934281432,-3.9268650734492074,-3.9302615848323263,4.714194538854474,4.712350020009447,4.4934066190386295,1,0.03333333333333333,0,6,7091,61.422666666666665,4.714194538854474,-0.16137733407910046,0.010117415105824663,3396.0,12.406231664570347,6.960522456916577,-0.4571811514352556,0.7087077272855153,-6.52033236573018,-5.567650639238957,-0.306558906104804,-0.014213077735447456,19|37|5|28|5|9|5|5|26|5,106,30
236,0.0018876854049386176,-3.9275222436955217,-3.9302615848323263,4.714016880463032,4.712350020009447,4.4934066190386295,3,0.1,0,2,7121,61.422666666666665,4.714016880463032,-0.16139057209862687,0.01012031241441923,3392.0,12.404865716311013,6.960520542606624,-0.4572285089347043,0.707586604305928,-6.5196455290749675,-5.571574283100296,-0.3065892658162317,-0.014213688132535261,18|35|5|31|5|9|5|5|26|5,106,30
237,0.0018688085508892314,-3.934640908974034,-3.9357180518614974,4.71281750008327,4.71281750008327,4.4934066190386295,3,0.1,1,1,7151,61.46133333333333,4.71281750008327,-0.16139770390797503,0.01012186165085745,3324.0,12.404865716311013,6.960455348018943,-0.45754822170038023,0.7069826140088662,-6.519278266721431,-5.638276228743046,-0.3065892658162317,-0.014234476086133228,18|35|5|31|5|8|5|5|25|5,104,30
238,0.001850120465380339,-3.94015274351301,-3.9406679718071778,4.712654290534046,4.712654290534046,4.4934066190386295,2,0.06666666666666667,1,1,7181,61.46133333333333,4.712654290534046,-0.1615593682835021,0.010141757273357508,3314.0,12.404865716311013,6.960455348018943,-0.45759172764498923,0.6932913178128992,-6.514561805783529,-5.648085338396391,-0.3065892658162317,-0.014234476086133228,18|35|5|30|5|8|5|5|26|5,104,30
239,0.0018316192607265357,-3.941553160031192,-3.941553160031192,4.712582431343509,4.712582431343509,4.4934066190386295,2,0.06666666666666667,1,2,7211,61.46133333333333,4.712582431343509,-0.16155091791099438,0.010140326132495919,3298.0,12.532869997697286,6.960455348018943,-0.4576108827862052,0.6940069767364694,-6.514901072371961,-5.663779913841744,-0.30374422903109904,-0.014234476086133228,18|34|5|30|5|8|5|5|27|5,104,30
240,0.0018133030681192703,-3.9821559936721203,-3.9821559936721203,4.692717268590522,4.692717268590522,4.4934066190386295,6,0.2,5,3,7241,61.510666666666665,4.692717268590522,-0.16215732122064958,0.010154282060565921,3183.0,11.904717816945176,6.9604355070362764,-0.4629062388146399,0.64265090462945,-6.511592676789258,-5.7765846748552185,-0.3177056062721316,-0.014240802584109225,16|33|5|32|5|8|5|5|25|5,103,28
241,0.0017951700374380776,-3.9884508876683427,-3.9899615307956493,4.702003487449238,4.702003487449238,4.478077336811319,3,0.1,1,2,7271,61.471999999999994,4.702003487449238,-0.16239827101757207,0.010162790682399085,3187.0,11.767031660799407,6.9606350168431765,-0.46043085838980696,0.6222449554073733,-6.509575620901141,-5.772661030993881,-0.3207658334363789,-0.0141771868645275,15|34|5|32|5|9|5|5|24|5,102,29
242,0.0017772183370636967,-4.004845251941855,-4.004845251941855,4.702003487449238,4.702003487449238,4.478077336811319,2,0.06666666666666667,2,3,7301,61.471999999999994,4.702003487449238,-0.16251862604534006,0.010161815673952735,3073.0,10.442637886757876,6.9606350168431765,-0.46043085838980696,0.6120521326010298,-6.509806756632195,-5.88448488104202,-0.35020195045014046,-0.0141771868645275,15|33|5|32|5|9|5|5|23|5,101,28
243,0.0017594461536930598,-4.02158406528306,-4.02158406528306,4.702003487449238,4.702003487449238,4.478077336811319,3,0.1,3,0,7331,61.471999999999994,4.702003487449238,-0.16274440319068753,0.010192286400246683,2963.0,9.186525273587723,6.9606350168431765,-0.46043085838980696,0.5929311496315033,-6.5025833591077165,-5.992385087228821,-0.3781204431133195,-0.0141771868645275,15|32|5|32|5|9|5|5|22|5,99,28
244,0.0017418516921561293,-4.027763804364668,-4.027763804364668,4.702003487449238,4.702003487449238,4.438269499345368,1,0.03333333333333333,1,2,7361,61.471999999999994,4.702003487449238,-0.16274440319068756,0.010192286400246683,2900.0,9.186525273587723,6.9606350168431765,-0.46043085838980696,0.592931149631501,-6.5025833591077165,-6.054182478044899,-0.3781204431133195,-0.0141771868645275,15|32|5|31|5|9|5|5|22|5,98,28
245,0.001724433175234568,-4.067463551123047,-4.067463551123047,4.747479523971139,4.747479523971139,4.438269499345368,3,0.1,3,3,7391,61.33,4.747479523971139,-0.16411569409044127,0.010173227731833859,2986.0,9.181169649696836,6.9610627129084,-0.4483085411885869,0.4767970302984536,-6.507101411513327,-5.969824135026126,-0.3782394777800657,-0.014040811648821512,14|31|5|34|5|8|5|5|22|5,98,28
246,0.0017071888434822223,-4.083243760386176,-4.083243760386176,4.747292578595618,4.747292578595618,4.438269499345368,3,0.1,3,10,7421,61.33,4.747292578595618,-0.1643621302868309,0.01015089904904375,2959.0,9.086416714111163,6.9610627129084,-0.44835837427244124,0.4559264399338315,-6.5123946542944475,-5.99630873109016,-0.38034546661357244,-0.014040811648821512,13|31|5|34|5|8|5|5|22|5,97,28
247,0.0016901169550474,-4.095207926426412,-4.095207926426412,4.7366700111616264,4.7366700111616264,4.438269499345368,3,0.1,3,7,7451,61.422666666666665,4.7366700111616264,-0.1644354152631095,0.010156377030061893,2891.0,9.029387136236057,6.961009809930105,-0.4511899783825352,0.44971996238629625,-6.511096042829008,-6.06301067673291,-0.38161301208266224,-0.014057680298461056,12|31|5|34|5|8|5|5|21|5,95,28
248,0.001673215785496926,-4.098334532001776,-4.101780029894155,4.739724732188405,4.7366700111616264,4.438269499345368,4,0.13333333333333333,1,9,7481,61.37933333333333,4.739724732188405,-0.16433326992045533,0.010148659487793919,2816.0,9.440389900936626,6.961043559260431,-0.450375696838232,0.4583706136924824,-6.512925565209792,-6.136578999133001,-0.3724780208800185,-0.014046918983178131,13|30|5|33|5|7|5|5|22|5,94,28
249,0.0016564836276419567,-4.10938491892171,-4.10938491892171,4.728716027389429,4.728716027389429,4.4142690090677075,2,0.06666666666666667,2,6,7511,61.471999999999994,4.728716027389429,-0.16447530179220263,0.010151717084022446,2791.0,9.42147558609006,6.960970307100647,-0.4533102316340142,0.44634198698347444,-6.5122007307304655,-6.161101773266366,-0.3728984124553728,-0.014070276175127688,12|30|5|33|5|7|5|5|22|5,94,27
250,0.001639918791365537,-4.10951529235865,-4.10951529235865,4.728716027389429,4.728716027389429,4.4142690090677075,1,0.03333333333333333,1,8,7541,61.471999999999994,4.728716027389429,-0.16442347736773383,0.010143688797360686,2777.0,9.886035062934383,6.960970307100647,-0.4533102316340142,0.45073097833221526,-6.51410391825015,-6.17483452678105,-0.3625730640670976,-0.014070276175127688,12|29|5|33|5|7|5|5|23|5,94,27
251,0.0016235196034518817,-4.125283042900696,-4.125283042900696,4.728716027389429,4.728716027389429,4.4142690090677075,3,0.1,3,5,7571,61.471999999999994,4.728716027389429,-0.16437931326676578,0.010141362408476417,2600.0,9.886035062934383,6.960970307100647,-0.4533102316340142,0.45447121971570414,-6.514655412544887,-6.348455767645267,-0.3625730640670976,-0.014070276175127688,12|27|5|32|5|7|5|5|23|5,92,26
252,0.001607284407417363,-4.131265311350716,-4.131265311350716,4.728716027389429,4.728716027389429,4.4142690090677075,3,0.1,2,5,7601,61.471999999999994,4.728716027389429,-0.1644057507664109,0.010144197558810892,2547.0,9.644208825543545,6.960970307100647,-0.4533102316340142,0.4522322376447188,-6.513983311141395,-6.400444048807998,-0.36794791976361124,-0.014070276175127688,12|28|5|31|5|7|5|5|22|5,92,25
253,0.0015912115633431893,-4.131838131361722,-4.131838131361722,4.728716027389429,4.728716027389429,4.4142690090677075,1,0.03333333333333333,1,7,7631,61.471999999999994,4.728716027389429,-0.16441002876943558,0.010144203427550704,2543.0,9.644208825543545,6.960970307100647,-0.4533102316340142,0.45186993515013835,-6.513981919896558,-6.404367692669337,-0.36794791976361124,-0.014070276175127688,12|29|5|30|5|7|5|5|22|5,92,25
254,0.0015752994477097573,-4.156519806531501,-4.156519806531501,4.716825155564054,4.716825155564054,4.4142690090677075,6,0.2,5,2,7661,61.51933333333333,4.716825155564054,-0.16448904947569107,0.010152216467605533,2348.0,9.482443590639138,6.96104625813108,-0.4564799212351918,0.4451777007513655,-6.51208234674109,-6.5956453309095755,-0.37154333109575144,-0.01404605842097798,11|28|5|29|5|6|5|5|21|5,89,24
255,0.0015595464532326597,-4.157810965883384,-4.157810965883384,4.73099387308091,4.73099387308091,4.4142690090677075,2,0.06666666666666667,1,4,7691,61.471999999999994,4.73099387308091,-0.16442844717116878,0.010150649512923864,2272.0,9.482443590639138,6.96108651722905,-0.4527030378211967,0.45031008751664864,-6.512453809385575,-6.670194564275002,-0.37154333109575144,-0.014033221400448178,12|27|5|28|5|7|5|5|21|5,89,24
256,0.001543950988700333,-4.18220438056376,-4.18220438056376,4.73099387308091,4.73099387308091,4.4142690090677075,4,0.13333333333333333,4,5,7721,61.471999999999994,4.73099387308091,-0.16465358967426288,0.010145278827214643,2127.0,8.023846396206999,6.96108651722905,-0.4527030378211967,0.43124285216493163,-6.513726985399908,-6.812426654248513,-0.40396226761810206,-0.014033221400448178,12|28|5|25|5|7|5|5|20|5,87,23
257,0.0015285114788133297,-4.187010844293901,-4.187010844293901,4.73099387308091,4.73099387308091,4.4142690090677075,1,0.03333333333333333,1,6,7751,61.471999999999994,4.73099387308091,-0.16465358967426294,0.010145278827214643,2078.0,8.023846396206999,6.96108651722905,-0.4527030378211967,0.4312428521649269,-6.513726985399908,-6.860491291549907,-0.40396226761810206,-0.014033221400448178,12|28|5|24|5|7|5|5|20|5,86,23
258,0.0015132263640251964,-4.187390375034015,-4.187390375034015,4.721693384865658,4.721693384865658,4.4142690090677075,2,0.06666666666666667,1,3,7781,61.51933333333333,4.721693384865658,-0.16471476388758777,0.010146833640658177,2124.0,8.023846396206999,6.96104625813108,-0.4551822219562784,0.42606203065459186,-6.5133584009601835,-6.815369387144517,-0.40396226761810206,-0.01404605842097798,11|30|5|23|5|7|5|5|20|5,86,23
259,0.0014980941003849444,-4.1978560033034515,-4.1978560033034515,4.721693384865658,4.721693384865658,4.4142690090677075,4,0.13333333333333333,3,4,7811,61.51933333333333,4.721693384865658,-0.16460818485548706,0.01014211495392409,1977.0,8.035546199161756,6.96104625813108,-0.4551822219562784,0.43508816948086654,-6.514477013944495,-6.959563299048697,-0.4037022265520956,-0.01404605842097798,11|29|5|20|5|7|5|5|21|5,84,22
260,0.001483113159381095,-4.1978560033034515,-4.1978560033034515,4.721693384865658,4.721693384865658,4.4142690090677075,0,0.0,0,3,7841,61.51933333333333,4.721693384865658,-0.16460818485548706,0.01014211495392409,1977.0,8.035546199161756,6.96104625813108,-0.4551822219562784,0.43508816948086654,-6.514477013944495,-6.959563299048697,-0.4037022265520956,-0.01404605842097798,11|29|5|20|5|7|5|5|21|5,84,22
261,0.001468282027787284,-4.205392233236267,-4.205392233236267,4.702866342405967,4.702866342405967,4.4142690090677075,2,0.06666666666666667,2,2,7871,61.51933333333333,4.702866342405967,-0.16474017532328705,0.010151214887703928,1997.0,8.035546199161756,6.9612411613267,-0.4602008515052123,0.4239099455598429,-6.5123197815075615,-6.939945079742006,-0.4037022265520956,-0.013983911565989748,10|29|5|21|5|7|5|5|21|5,84,22
262,0.0014535992075094112,-4.220114221176773,-4.220114221176773,4.702866342405967,4.702866342405967,4.4142690090677075,3,0.1,3,0,7901,61.51933333333333,4.702866342405967,-0.16481974108488268,0.010155570170721917,1876.0,7.645216154758971,6.9612411613267,-0.4602008515052123,0.4171715506258209,-6.511287317093453,-7.058635306547488,-0.41237774367263036,-0.013983911565989748,10|29|5|20|5|7|5|5|19|5,82,21
263,0.001439063215434317,-4.226707075491281,-4.226707075491281,4.702866342405967,4.702866342405967,4.4142690090677075,2,0.06666666666666667,2,1,7931,61.51933333333333,4.702866342405967,-0.1648107370639922,0.010155488671934406,1805.0,7.644081295868176,6.9612411613267,-0.4602008515052123,0.4179340978262421,-6.511306637215141,-7.128279985086241,-0.4124029671671517,-0.013983911565989748,10|27|5|21|5|7|5|5|19|5,81,21
264,0.0014246725832799739,-4.231388508980326,-4.231388508980326,4.701397568003056,4.701397568003056,4.4142690090677075,3,0.1,2,4,7961,61.51933333333333,4.701397568003056,-0.1648529410895086,0.01015837597034044,1776.0,7.679636807818629,6.961238789876144,-0.46059237527401176,0.41435985450811386,-6.510622173577572,-7.156726403080944,-0.41161270657338295,-0.01398466772698209,9|26|5|22|5|7|5|5|19|5,80,21
265,0.0014104258574471741,-4.246544040825482,-4.246544040825482,4.704558668157523,4.704558668157523,4.4142690090677075,2,0.06666666666666667,1,4,7991,61.51933333333333,4.704558668157523,-0.16529292714953214,0.010189893543095381,1767.0,7.667937004863872,6.95985885131391,-0.45974973678332415,0.37709759774783863,-6.503150610385432,-7.165554601768954,-0.41187274763938947,-0.014424675092931065,8|26|5|23|5|7|5|5|18|5,79,21
266,0.0013963215988727024,-4.245303595102874,-4.246565326354262,4.704558668157523,4.704558668157523,4.4142690090677075,2,0.06666666666666667,1,2,8021,61.51933333333333,4.704558668157523,-0.1653103565620642,0.010190034174389382,1787.0,7.668796480754791,6.95985885131391,-0.45974973678332415,0.37562150724416393,-6.50311727229788,-7.1459363824622635,-0.41185364483674014,-0.014424675092931065,8|28|5|21|5|7|5|5|18|5,79,21
267,0.0013823583828839754,-4.244557815899758,-4.246565326354262,4.704558668157523,4.704558668157523,4.4142690090677075,3,0.1,0,2,8051,61.51933333333333,4.704558668157523,-0.165240991111555,0.0101864414314771,1769.0,7.910622718145628,6.95985885131391,-0.45974973678332415,0.38149604160333817,-6.5039689687756175,-7.163592779838285,-0.4064787891402264,-0.014424675092931065,8|27|5|21|5|7|5|5|19|5,79,21
268,0.0013685347990551357,-4.248265631034353,-4.248265631034353,4.696513631784523,4.696513631784523,4.4142690090677075,2,0.06666666666666667,1,4,8081,61.51933333333333,4.696513631784523,-0.16541958974377785,0.010187503212247007,1829.0,7.474370084509531,6.959784315962447,-0.461894261466382,0.3663705894684091,-6.503717262777182,-7.104738121918212,-0.4161749866178741,-0.014448441443524205,7|29|5|21|5|7|5|5|18|5,79,21
269,0.0013548494510645843,-4.326554067056619,-4.327599591917223,4.655331532790086,4.65548602765212,4.4142690090677075,4,0.13333333333333333,3,2,8111,61.46133333333333,4.655331532790086,-0.16715592493830927,0.010264800265735017,1795.0,7.474370084509531,6.96221252353251,-0.4728719654442162,0.2193210037677393,-6.4853932051413885,-7.138089094739587,-0.4161749866178741,-0.013674182903237629,6|30|5|19|5|7|5|5|18|5,79,19
270,0.0013413009565539384,-4.329630584198023,-4.329630584198023,4.654434108785283,4.654434108785283,4.4142690090677075,2,0.06666666666666667,2,1,8141,61.46133333333333,4.654434108785283,-0.16711311797161066,0.010258678970023565,1755.0,7.730976635380315,6.96220784002267,-0.4731111872252299,0.22294630995168302,-6.486844320938962,-7.177325533352969,-0.41047162210047694,-0.013675676287714501,6|28|5|19|5|7|5|5|20|5,79,19
271,0.001327887946988399,-4.388472414851802,-4.388472414851802,4.6776479190168425,4.6776479190168425,4.4142690090677075,2,0.06666666666666667,2,2,8171,61.46133333333333,4.6776479190168425,-0.16878862920199084,0.01027331030402732,1748.0,9.475312260594736,6.992765306178167,-0.4669231991638612,0.08104788328832505,-6.483375813467136,-7.184191910110311,-0.37170183279650326,-0.003932119175007914,5|28|5|18|5|7|5|5|21|5,78,19
272,0.0013146090675185149,-4.393054687108752,-4.393054687108752,4.67721476294724,4.67721476294724,4.4142690090677075,1,0.03333333333333333,1,1,8201,61.46133333333333,4.67721476294724,-0.16880217041257492,0.010274392957002143,1707.0,9.389534812156338,6.992765306178281,-0.4670386633879879,0.07990108317015293,-6.483119159498905,-7.224409259689028,-0.373608331497165,-0.003932119174971381,5|28|5|18|5|7|5|5|20|5,77,19
273,0.0013014629768433297,-4.396297096702071,-4.397956754253605,4.678637697942721,4.677896667346407,4.4142690090677075,4,0.13333333333333333,1,0,8231,61.46133333333333,4.678637697942721,-0.16882032615615883,0.010272665110841621,1680.0,9.519231355285102,6.992767494206764,-0.466659358798336,0.07836347995822135,-6.483528763115117,-7.250893855753061,-0.3707256823223894,-0.003931421499961996,5|28|5|16|5|7|5|5|21|5,77,18
274,0.0012884483470748964,-4.390902086392747,-4.397956754253605,4.678637697942721,4.677896667346407,4.4142690090677075,2,0.06666666666666667,0,0,8261,61.46133333333333,4.678637697942721,-0.16882032615615922,0.010272665110841621,1735.0,9.519231355285102,6.992767494206764,-0.466659358798336,0.07836347995818845,-6.483528763115117,-7.19694375265966,-0.3707256823223894,-0.003931421499961996,5|28|5|18|5|6|5|5|21|5,78,18
275,0.0012755638636041474,-4.391299323320862,-4.397956754253605,4.678845823987981,4.677896667346407,4.4142690090677075,1,0.03333333333333333,0,2,8291,61.46133333333333,4.678845823987981,-0.16878581430605066,0.01027350596690304,1723.0,9.761521288657047,6.987519502850434,-0.4666038796904048,0.08128627578482953,-6.48332942957991,-7.208714684243675,-0.36534052046963567,-0.005604796617099964,5|27|5|18|5|6|5|5|22|5,78,18
276,0.0012628082249681058,-4.391299323320862,-4.397956754253605,4.678845823987981,4.677896667346407,4.4142690090677075,0,0.0,0,0,8321,61.46133333333333,4.678845823987981,-0.16878581430605066,0.01027350596690304,1723.0,9.761521288657047,6.987519502850434,-0.4666038796904048,0.08128627578482953,-6.48332942957991,-7.208714684243675,-0.36534052046963567,-0.005604796617099964,5|27|5|18|5|6|5|5|22|5,78,18
277,0.0012501801427184248,-4.388820643560451,-4.397956754253605,4.680109441821137,4.677896667346407,4.4142690090677075,1,0.03333333333333333,0,1,8351,61.46133333333333,4.680109441821137,-0.168781408009954,0.010273450470631305,1743.0,9.762121670766094,6.987519601932684,-0.4662670434714599,0.08165944337224522,-6.483342585539108,-7.189096464936983,-0.36532717631296463,-0.005604765023722541,5|28|5|17|5|6|5|5|22|5,78,18
278,0.0012376783412912406,-4.388820643560451,-4.397956754253605,4.680109441821137,4.677896667346407,4.4142690090677075,0,0.0,0,0,8381,61.46133333333333,4.680109441821137,-0.168781408009954,0.010273450470631305,1743.0,9.762121670766094,6.987519601932684,-0.4662670434714599,0.08165944337224522,-6.483342585539108,-7.189096464936983,-0.36532717631296463,-0.005604765023722541,5|28|5|17|5|6|5|5|22|5,78,18
279,0.0012253015578783282,-4.3920576497460795,-4.397956754253605,4.680109441821137,4.677896667346407,4.4142690090677075,1,0.03333333333333333,0,0,8411,61.46133333333333,4.680109441821137,-0.1687814080099546,0.010273450470631305,1710.0,9.762121670766094,6.987519601932684,-0.4662670434714599,0.08165944337219586,-6.483342585539108,-7.221466526793024,-0.36532717631296463,-0.005604765023722541,5|28|5|16|5|6|5|5|22|5,78,17
280,0.0012130485422995449,-4.3983474444313675,-4.3983474444313675,4.678398832702013,4.678398832702013,4.4142690090677075,3,0.1,1,1,8441,61.46133333333333,4.678398832702013,-0.16883090699429593,0.010278147181142092,1649.0,9.455516180627827,6.998114055457111,-0.46672303189822917,0.07746739268813296,-6.482229182243449,-7.2813020956784325,-0.37214182257729295,-0.0022266163752750114,5|28|5|15|5|7|5|5|21|5,77,17
281,0.0012009180568765495,-4.412799246141416,-4.412799246141416,4.665710579538601,4.665710579538601,4.4142690090677075,2,0.06666666666666667,2,1,8471,61.46133333333333,4.665710579538601,-0.1688706462690992,0.010278395678499683,1553.0,9.356243816431778,6.998117096891843,-0.4701052754123971,0.07410188819667816,-6.482170273401555,-7.37546954835055,-0.3743482607122219,-0.0022256465830526677,5|27|5|15|5|7|5|5|20|5,77,16
282,0.001188908876307784,-4.412799246141416,-4.412799246141416,4.665710579538601,4.665710579538601,4.4142690090677075,0,0.0,0,1,8501,61.46133333333333,4.665710579538601,-0.1688706462690992,0.010278395678499683,1553.0,9.356243816431778,6.998117096891843,-0.4701052754123971,0.07410188819667816,-6.482170273401555,-7.37546954835055,-0.3743482607122219,-0.0022256465830526677,5|27|5|15|5|7|5|5|20|5,77,16
283,0.0011770197875447062,-4.420291731735266,-4.420291731735266,4.660547355921564,4.660547355921564,4.4142690090677075,1,0.03333333333333333,1,0,8531,61.46133333333333,4.660547355921564,-0.16903982263579576,0.01029385436206237,1545.0,8.48520549217536,6.998117096893375,-0.47148160983495396,0.05977440424575443,-6.478505634249169,-7.383316836073226,-0.39370805123588126,-0.0022256465825641397,5|27|5|16|5|7|5|5|19|5,77,16
284,0.001165249589669259,-4.426208183495832,-4.426208183495832,4.659946668511622,4.659946668511622,4.4142690090677075,3,0.1,2,3,8561,61.46133333333333,4.659946668511622,-0.16911029644883493,0.010296121254484484,1514.0,8.077806854479071,6.998117096893556,-0.4716417320417034,0.053806003073678665,-6.47796824419971,-7.413725075998598,-0.40276293672804075,-0.002225646582506366,5|27|5|15|5|7|5|5|19|5,76,16
285,0.0011535970937725664,-4.426297770177084,-4.427580733909498,4.659575916874443,4.6595506885678795,4.4142690090677075,2,0.06666666666666667,1,2,8591,61.46133333333333,4.659575916874443,-0.16910977066700822,0.010296011893580218,1514.0,8.080781022719515,6.998116727673922,-0.4717405614316962,0.05385053134220135,-6.4779941693213345,-7.413725075998598,-0.4026968325481055,-0.002225764311920736,5|27|5|15|5|7|5|5|19|5,76,16
286,0.0011420611228348408,-4.429340721158001,-4.429340721158001,4.655890301056911,4.655890301056911,4.4142690090677075,2,0.06666666666666667,1,1,8621,61.46133333333333,4.655890301056911,-0.1691112391342078,0.010297317294649095,1492.0,8.080781022719515,6.998147849490512,-0.47272301741157124,0.05372616739796139,-6.477684710637664,-7.435305117235958,-0.4026968325481055,-0.0022158408059645323,5|26|5|16|5|7|5|5|19|5,76,16
287,0.0011306405116064924,-4.425799720788813,-4.429340721158001,4.656143897652371,4.655890301056911,4.4142690090677075,1,0.03333333333333333,0,1,8651,61.46133333333333,4.656143897652371,-0.16911704894720275,0.010296421852179655,1531.0,8.080781022719515,6.998147849490432,-0.4726554174489,0.05323413648331099,-6.477896984439565,-7.39704958958791,-0.4026968325481055,-0.002215840805990021,5|26|5|16|5|7|5|5|20|5,77,16
288,0.0011193341064904274,-4.427293468739228,-4.429435403683696,4.659670639531578,4.658404490547379,4.4142690090677075,3,0.1,1,1,8681,61.46133333333333,4.659670639531578,-0.16909905216377105,0.010301729368503144,1492.0,8.075532197976385,6.998151161645515,-0.4717153116917507,0.05475827741871975,-6.476638783374636,-7.435305117235958,-0.4028134934856242,-0.002214784691845946,5|26|5|16|5|7|5|5|19|5,77,15
289,0.0011081407654255232,-4.439259484126634,-4.439259484126634,4.658664255401232,4.658664255401232,4.4142690090677075,3,0.1,3,2,8711,61.46133333333333,4.658664255401232,-0.16914440691770619,0.010305315360105125,1388.0,7.919790486133356,6.998146244437825,-0.47198357842270156,0.050917200075633856,-6.475788687364101,-7.537319857630752,-0.4062750253529517,-0.002216352593245817,5|24|5|17|5|7|5|5|18|5,76,14
290,0.001097059357771268,-4.444528777782844,-4.444528777782844,4.657294555156331,4.657294555156331,4.4142690090677075,1,0.03333333333333333,1,2,8741,61.46133333333333,4.657294555156331,-0.1692361952479176,0.010306662472997368,1376.0,7.911671426673963,6.998146244437825,-0.4723486924939615,0.04314368032423095,-6.475469340465798,-7.549090789214767,-0.4064554804328326,-0.002216352593245817,5|23|5|18|5|7|5|5|18|5,76,14
291,0.0010860887641935553,-4.4611207277946265,-4.4611207277946265,4.65377344308964,4.65377344308964,4.4142690090677075,2,0.06666666666666667,1,3,8771,61.46133333333333,4.65377344308964,-0.16951245248753882,0.010290671002637176,1355.0,6.289985286243692,6.998146875844681,-0.47328729754044385,0.019747556833182894,-6.479260282181405,-7.569689919486793,-0.4424992492310117,-0.0022161512627841516,5|24|5|18|5|7|5|5|16|5,76,13
292,0.0010752278765516197,-4.467261204626017,-4.467261204626017,4.652469311545129,4.652469311545129,4.4142690090677075,1,0.03333333333333333,1,2,8801,61.46133333333333,4.652469311545129,-0.1695875800474769,0.010294292407586697,1324.0,6.043779102396417,6.998146875845151,-0.4736349332946517,0.013385031556732636,-6.478401791074395,-7.600098159412164,-0.4479714540837451,-0.002216151262634336,5|24|5|18|5|7|5|5|15|5,75,13
293,0.0010644755977861034,-4.498820680972326,-4.498820680972326,4.652116247666596,4.652116247666596,4.4142690090677075,3,0.1,2,2,8831,61.46133333333333,4.652116247666596,-0.17032219567900436,0.010323443819397293,1344.0,4.073164573575424,6.961921956353608,-0.47372904774822355,-0.04882929468947441,-6.471491150550886,-7.580479940105473,-0.49177054238841006,-0.01376683318674937,5|24|5|20|5|7|5|5|13|5,75,13
294,0.0010538308418082424,-4.498820680972326,-4.498820680972326,4.652116247666596,4.652116247666596,4.4142690090677075,0,0.0,0,1,8861,61.46133333333333,4.652116247666596,-0.17032219567900436,0.010323443819397293,1344.0,4.073164573575424,6.961921956353608,-0.47372904774822355,-0.04882929468947441,-6.471491150550886,-7.580479940105473,-0.49177054238841006,-0.01376683318674937,5|24|5|20|5|7|5|5|13|5,75,13
295,0.00104329253339016,-4.500422175159352,-4.500422175159352,4.651893829490764,4.651893829490764,4.4142690090677075,1,0.03333333333333333,1,3,8891,61.46133333333333,4.651893829490764,-0.17040496432513685,0.010320138217870574,1368.0,3.8308746402034783,6.961923491462726,-0.4737883366371629,-0.055838940730815405,-6.472274777224391,-7.556938076937444,-0.4971557042411638,-0.013766343701682454,5|25|5|20|5|7|5|5|12|5,75,13
296,0.0010328596080562585,-4.496400440201471,-4.500422175159352,4.651893829490764,4.651893829490764,4.4142690090677075,1,0.03333333333333333,0,2,8921,61.46133333333333,4.651893829490764,-0.17040496432513663,0.010320138217870574,1409.0,3.8308746402034783,6.961923491462726,-0.4737883366371629,-0.0558389407307966,-6.472274777224391,-7.516720727358726,-0.4971557042411638,-0.013766343701682454,5|25|5|21|5|7|5|5|12|5,76,13
297,0.001022531011975696,-4.496400440201471,-4.500422175159352,4.651893829490764,4.651893829490764,4.4142690090677075,0,0.0,0,3,8951,61.46133333333333,4.651893829490764,-0.17040496432513663,0.010320138217870574,1409.0,3.8308746402034783,6.961923491462726,-0.4737883366371629,-0.0558389407307966,-6.472274777224391,-7.516720727358726,-0.4971557042411638,-0.013766343701682454,5|25|5|21|5|7|5|5|12|5,76,13
298,0.001012305701855939,-4.5002748481606725,-4.500422175159352,4.651587054369032,4.651893829490764,4.3319734335453095,1,0.03333333333333333,0,1,8981,61.46133333333333,4.651587054369032,-0.17044471583698848,0.010321376157892016,1386.0,3.7786123407480923,6.961923491462856,-0.47387011213079655,-0.05920548157337066,-6.471981310872454,-7.539281679561421,-0.4983172916725834,-0.013766343701641107,5|25|5|21|5|7|5|5|11|5,76,12
299,0.0010021826448373796,-4.5002748481606725,-4.500422175159352,4.651587054369032,4.651893829490764,4.3319734335453095,0,0.0,0,4,9011,61.46133333333333,4.651587054369032,-0.17044471583698848,0.010321376157892016,1386.0,3.7786123407480923,6.961923491462856,-0.47387011213079655,-0.05920548157337066,-6.471981310872454,-7.539281679561421,-0.4983172916725834,-0.013766343701641107,5|25|5|21|5|7|5|5|11|5,76,12
300,0.0009921608183890058,-4.517780223851973,-4.519511830243639,4.653541432270802,4.652750446253756,4.3319734335453095,3,0.1,2,1,9041,61.46133333333333,4.653541432270802,-0.17078014269351258,0.010329682511736346,1337.0,3.317674859221194,6.961918188447284,-0.47334914349174423,-0.08761265804488028,-6.470012204681228,-7.587346316862814,-0.5085621372073441,-0.01376803462178573,5|24|5|21|5|7|5|5|11|5,75,12
301,0.0009822392102051157,-4.519795956929138,-4.519795956929138,4.6422105138744305,4.6422105138744305,4.3319734335453095,1,0.03333333333333333,1,5,9071,61.46133333333333,4.6422105138744305,-0.1708689530573025,0.010329310827073251,1386.0,3.317674859221194,6.961936648600792,-0.47636956913758527,-0.09513397492100123,-6.470100316334668,-7.539281679561421,-0.5085621372073441,-0.013762148415151332,5|25|5|21|5|7|5|5|11|5,76,12
302,0.0009724168181030645,-4.53075976774385,-4.53075976774385,4.644578911749658,4.644578911749658,4.3319734335453095,2,0.06666666666666667,2,2,9101,61.46133333333333,4.644578911749658,-0.17114163037610108,0.010337994713428804,1375.0,3.137342885188821,6.961943096494054,-0.475738237286834,-0.11822691624108088,-6.468041712197753,-7.550071700180101,-0.5125702148599147,-0.013760092439176915,5|26|5|20|5|7|5|5|10|5,75,12
303,0.0009626926499220339,-4.53075976774385,-4.53075976774385,4.644578911749658,4.644578911749658,4.3319734335453095,0,0.0,0,10,9131,61.46133333333333,4.644578911749658,-0.17114163037610108,0.010337994713428804,1375.0,3.137342885188821,6.961943096494054,-0.475738237286834,-0.11822691624108088,-6.468041712197753,-7.550071700180101,-0.5125702148599147,-0.013760092439176915,5|26|5|20|5|7|5|5|10|5,75,12
304,0.0009530657234228135,-4.53075976774385,-4.53075976774385,4.644578911749658,4.644578911749658,4.3319734335453095,0,0.0,0,3,9161,61.46133333333333,4.644578911749658,-0.17114163037610108,0.010337994713428804,1375.0,3.137342885188821,6.961943096494054,-0.475738237286834,-0.11822691624108088,-6.468041712197753,-7.550071700180101,-0.5125702148599147,-0.013760092439176915,5|26|5|20|5|7|5|5|10|5,75,12
305,0.0009435350661885853,-4.537745619470152,-4.537745619470152,4.640539139367923,4.640539139367923,4.3319734335453095,1,0.03333333333333333,1,4,9191,61.46133333333333,4.640539139367923,-0.17116381170416956,0.010338282094197586,1324.0,3.1308919069771943,6.961935926344457,-0.47681509899197705,-0.12010544471474899,-6.467973585645279,-7.600098159412164,-0.5127135949884027,-0.013762378713888157,5|25|5|20|5|7|5|5|10|5,74,12
306,0.0009340997155266995,-4.535613202920145,-4.537745619470152,4.653322518657985,4.640539139367923,4.3319734335453095,1,0.03333333333333333,0,5,9221,61.418,4.653322518657985,-0.17116381170416958,0.010338282094197586,1311.0,3.1308919069771943,6.961935926344457,-0.4734074981870342,-0.12010544471475133,-6.467973585645279,-7.6128500019615135,-0.5127135949884027,-0.013762378713888157,5|25|5|20|5|6|5|5|10|5,73,12
307,0.0009247587183714325,-4.536692204982012,-4.537745619470152,4.653322518657985,4.640539139367923,4.3319734335453095,1,0.03333333333333333,0,9,9251,61.418,4.653322518657985,-0.17116381170416956,0.010338282094197586,1300.0,3.1308919069771943,6.961935926344457,-0.4734074981870342,-0.12010544471474899,-6.467973585645279,-7.623640022580194,-0.5127135949884027,-0.013762378713888157,5|25|5|20|5|5|5|5|10|5,73,11
308,0.0009155111311877182,-4.53749096807854,-4.537745619470152,4.653159424984106,4.640539139367923,4.3319734335453095,1,0.03333333333333333,0,4,9281,61.418,4.653159424984106,-0.17116320726539896,0.010338315077377421,1292.0,3.1308919069771943,6.961935527322191,-0.4734509732433382,-0.12005425501872906,-6.4679657666449275,-7.6314873103028695,-0.5127135949884027,-0.01376250594617297,5|24|5|21|5|5|5|5|10|5,73,11
309,0.000906356019875841,-4.537872286012831,-4.537872286012831,4.654291043695618,4.654291043695618,4.3319734335453095,1,0.03333333333333333,1,7,9311,61.418,4.654291043695618,-0.17125350904932737,0.01033998437979976,1322.0,3.0546173301387833,6.961937089296325,-0.4731493233630726,-0.1277018797150006,-6.467570041421026,-7.602059981342833,-0.5144088818532292,-0.013762007894924018,5|25|5|21|5|5|5|5|9|5,73,11
310,0.0008972924596770826,-4.550656360658077,-4.550656360658077,4.653105447478761,4.653105447478761,4.3319734335453095,3,0.1,3,5,9341,61.418,4.653105447478761,-0.17122116563245054,0.010339938224625976,1181.0,3.054016948029737,6.961928954859119,-0.4734653617541138,-0.12496272769708322,-6.467580982977352,-7.740368427455006,-0.5144222260099002,-0.01376460164249095,5|22|5|21|5|5|5|5|9|5,70,11
311,0.0008883195350803117,-4.550656360658077,-4.550656360658077,4.653105447478761,4.653105447478761,4.3319734335453095,0,0.0,0,4,9371,61.418,4.653105447478761,-0.17122116563245054,0.010339938224625976,1181.0,3.054016948029737,6.961928954859119,-0.4734653617541138,-0.12496272769708322,-6.467580982977352,-7.740368427455006,-0.5144222260099002,-0.01376460164249095,5|22|5|21|5|5|5|5|9|5,70,11
312,0.0008794363397295086,-4.550656360658077,-4.550656360658077,4.653105447478761,4.653105447478761,4.3319734335453095,0,0.0,0,0,9401,61.418,4.653105447478761,-0.17122116563245054,0.010339938224625976,1181.0,3.054016948029737,6.961928954859119,-0.4734653617541138,-0.12496272769708322,-6.467580982977352,-7.740368427455006,-0.5144222260099002,-0.01376460164249095,5|22|5|21|5|5|5|5|9|5,70,11
313,0.0008706419763322134,-4.559512689383995,-4.559512689383995,4.652364416882103,4.652364416882103,4.3319734335453095,1,0.03333333333333333,1,2,9431,61.418,4.652364416882103,-0.17139343523721967,0.010342498563487481,1164.0,2.9217460936584754,6.961928954859588,-0.4736628945347943,-0.139552176836801,-6.466974028446121,-7.757043913865694,-0.5173620921004067,-0.01376460164234142,5|22|5|21|5|5|5|5|8|5,69,11
314,0.0008619355565688913,-4.5669842959471,-4.5669842959471,4.651532910957537,4.651532910957537,4.3319734335453095,3,0.1,3,0,9461,61.418,4.651532910957537,-0.17154319966213588,0.010347249736591803,1149.0,2.9060768909966397,6.9619289548601175,-0.47388454486633586,-0.1522356706149542,-6.4658477142352595,-7.771757578345712,-0.5177103574668759,-0.013764601642172629,5|21|5|22|5|5|5|5|7|5,68,11
315,0.0008533162010032024,-4.5669842959471,-4.5669842959471,4.651532910957537,4.651532910957537,4.3319734335453095,0,0.0,0,2,9491,61.418,4.651532910957537,-0.17154319966213588,0.010347249736591803,1149.0,2.9060768909966397,6.9619289548601175,-0.47388454486633586,-0.1522356706149542,-6.4658477142352595,-7.771757578345712,-0.5177103574668759,-0.013764601642172629,5|21|5|22|5|5|5|5|7|5,68,11
316,0.0008447830389931703,-4.56653990184857,-4.5669842959471,4.652725801597355,4.651532910957537,4.3319734335453095,1,0.03333333333333333,0,5,9521,61.418,4.652725801597355,-0.17154010573441272,0.010347210224989935,1149.0,2.9084981400799066,6.961929474130531,-0.47356656203783515,-0.15197364701990695,-6.465857080864869,-7.771757578345712,-0.5176565425269907,-0.013764436067549932,5|22|5|21|5|5|5|5|7|5,68,11
317,0.0008363352086032386,-4.5749126499364055,-4.5749126499364055,4.651480791778607,4.651480791778607,4.3319734335453095,2,0.06666666666666667,2,3,9551,61.418,4.651480791778607,-0.17153620376907014,0.010347472948077087,1065.0,2.9084981400799066,6.961944599233852,-0.47389843801243164,-0.15164319101760249,-6.4657947996681875,-7.854154099433814,-0.5176565425269907,-0.01375961327539521,5|21|5|20|5|5|5|5|7|5,66,11
318,0.0008279718565172063,-4.580418094959349,-4.580418094959349,4.649543434290531,4.649543434290531,4.3319734335453095,1,0.03333333333333333,1,4,9581,61.418,4.649543434290531,-0.17155998922451013,0.010347819975401056,1024.0,2.9021458237675173,6.961936941034011,-0.4744148696058338,-0.1536575724453176,-6.465712533289345,-7.894371449012532,-0.5177977297856028,-0.013762055169862073,5|20|5|20|5|5|5|5|7|5,65,11
319,0.0008196921379520342,-4.590743370948867,-4.590743370948867,4.649543434290531,4.649543434290531,4.3319734335453095,2,0.06666666666666667,2,0,9611,61.418,4.649543434290531,-0.17171839944296233,0.010349575885191618,985.0,2.7986146143653277,6.961936941034011,-0.4744148696058338,-0.16707327528167845,-6.465296276902412,-7.932626976660579,-0.5200988254674702,-0.013762055169862073,5|19|5|20|5|5|5|5|7|5,64,11
320,0.0008114952165725139,-4.591086945089386,-4.591086945089386,4.646382878068841,4.646382878068841,4.3319734335453095,1,0.03333333333333333,1,2,9641,61.418,4.646382878068841,-0.17170625713961407,0.010349444478643933,985.0,2.801180850813044,6.961939019685332,-0.4752573631031105,-0.16604494810013173,-6.465327428169437,-7.932626976660579,-0.5200417880229876,-0.013761392370867067,5|20|5|19|5|5|5|5|7|5,64,11
321,0.0008033802644067888,-4.5949012831404135,-4.5949012831404135,4.648665943667814,4.648665943667814,4.3319734335453095,1,0.03333333333333333,1,6,9671,61.418,4.648665943667814,-0.1717207973183554,0.010349603503255613,946.0,2.798665171585692,6.9619357670475255,-0.4746487778459361,-0.16727635046222228,-6.465289729757681,-7.970882504308627,-0.5200977017773082,-0.013762429507325648,5|19|5|19|5|5|5|5|7|5,63,11
322,0.0007953464617627209,-4.616497236995272,-4.616497236995272,4.647468964396804,4.647468964396804,4.3319734335453095,2,0.06666666666666667,2,3,9701,61.418,4.647468964396804,-0.17223375664461746,0.010362459757402286,935.0,2.7574804243197755,6.96193222605226,-0.47496785056018825,-0.21071868616197498,-6.462242023133255,-7.9816725249273075,-0.5210130783544739,-0.013763558589476423,5|18|5|20|5|5|5|5|6|5,62,11
323,0.0007873929971450936,-4.613126235537573,-4.616497236995272,4.645851655791751,4.647468964396804,4.3319734335453095,2,0.06666666666666667,0,0,9731,61.46133333333333,4.645851655791751,-0.17222913224471886,0.010362270127781088,972.0,2.7582276171026554,6.961928501087361,-0.4753989683405004,-0.21032704744420647,-6.462286976775748,-7.945378819209929,-0.5209964711681372,-0.013764746332204987,5|20|5|19|5|5|5|5|6|5,62,11
324,0.0007795190671736427,-4.617429656734202,-4.620125436294001,4.643879742132805,4.647515486737275,4.3319734335453095,5,0.16666666666666666,3,3,9761,61.418,4.643879742132805,-0.17223292200943113,0.010362365346248095,935.0,2.7582276171026554,6.961933412723683,-0.4759246113977103,-0.21064800121661023,-6.462264404263618,-7.9816725249273075,-0.5209964711681372,-0.013763180207292227,5|20|5|18|5|5|5|5|6|5,62,11
325,0.0007717238765019063,-4.620862845112875,-4.620862845112875,4.643879742132805,4.643879742132805,4.3319734335453095,1,0.03333333333333333,1,2,9791,61.418,4.643879742132805,-0.1722329220094312,0.010362365346248095,900.0,2.7582276171026554,6.961933412723683,-0.4759246113977103,-0.21064800121661492,-6.462264404263618,-8.016004408714018,-0.5209964711681372,-0.013763180207292227,5|20|5|17|5|5|5|5|6|5,61,11
326,0.0007640066377368872,-4.620862845112875,-4.620862845112875,4.643879742132805,4.643879742132805,4.3319734335453095,0,0.0,0,3,9821,61.418,4.643879742132805,-0.1722329220094312,0.010362365346248095,900.0,2.7582276171026554,6.961933412723683,-0.4759246113977103,-0.21064800121661492,-6.462264404263618,-8.016004408714018,-0.5209964711681372,-0.013763180207292227,5|20|5|17|5|5|5|5|6|5,61,11
327,0.0007563665713595184,-4.621029143345506,-4.621029143345506,4.643833279967471,4.643833279967471,4.3319734335453095,1,0.03333333333333333,1,1,9851,61.418,4.643833279967471,-0.1721750344205604,0.010361903153266062,874.0,2.783833087831946,6.961933412723683,-0.4759369965822846,-0.205745522716225,-6.462373971840382,-8.041508093812716,-0.5204273612498085,-0.013763180207292227,5|19|5|17|5|5|5|5|7|5,61,11
328,0.0007488029056459232,-4.692279414088166,-4.692279414088166,4.651124977734983,4.651124977734983,4.3319734335453095,2,0.06666666666666667,2,0,9881,61.418,4.651124977734983,-0.17378217304962484,0.01027254821183879,867.0,1.0394974626175235,7.0004324003413965,-0.4739932855636114,-0.3418534990515468,-6.483556475220156,-8.048374470570057,-0.5591971505537822,-0.0014873886633947572,5|20|5|16|5|5|5|5|6|5,60,11
329,0.000741314876589464,-4.692279414088166,-4.692279414088166,4.651124977734983,4.651124977734983,4.3319734335453095,0,0.0,0,2,9911,61.418,4.651124977734983,-0.17378217304962484,0.01027254821183879,867.0,1.0394974626175235,7.0004324003413965,-0.4739932855636114,-0.3418534990515468,-6.483556475220156,-8.048374470570057,-0.5591971505537822,-0.0014873886633947572,5|20|5|16|5|5|5|5|6|5,60,11
330,0.0007339017278235693,-4.692279414088166,-4.692279414088166,4.651124977734983,4.651124977734983,4.3319734335453095,0,0.0,0,4,9941,61.418,4.651124977734983,-0.17378217304962484,0.01027254821183879,867.0,1.0394974626175235,7.0004324003413965,-0.4739932855636114,-0.3418534990515468,-6.483556475220156,-8.048374470570057,-0.5591971505537822,-0.0014873886633947572,5|20|5|16|5|5|5|5|6|5,60,11
331,0.0007265627105453337,-4.692279414088166,-4.692279414088166,4.651124977734983,4.651124977734983,4.3319734335453095,0,0.0,0,4,9971,61.418,4.651124977734983,-0.17378217304962484,0.01027254821183879,867.0,1.0394974626175235,7.0004324003413965,-0.4739932855636114,-0.3418534990515468,-6.483556475220156,-8.048374470570057,-0.5591971505537822,-0.0014873886633947572,5|20|5|16|5|5|5|5|6|5,60,11
332,0.0007192970834398804,-4.710532655141257,-4.710532655141257,4.651124977740451,4.651124977740451,4.3319734335453095,1,0.03333333333333333,1,1,10001,61.418,4.651124977740451,-0.17402967591897772,0.010273875326684447,828.0,0.9368862113794632,6.9746873921174,-0.4739932855621539,-0.36281442555507804,-6.483241869063469,-8.086629998218106,-0.561477799147557,-0.009696444896039508,5|19|5|16|5|5|5|5|6|5,59,11
333,0.0007121041126054816,-4.724559171089595,-4.724559171089595,4.653439881977535,4.653439881977535,4.3319734335453095,2,0.06666666666666667,2,0,10031,61.46133333333333,4.653439881977535,-0.17429149985051928,0.010253616044342329,817.0,0.7013496983857347,6.974208403935623,-0.4733762132401438,-0.38498819752086316,-6.488044539288852,-8.097420018836786,-0.566712858760031,-0.00984917512182824,5|19|5|16|5|5|5|5|5|5,58,11
334,0.0007049830714794267,-4.727147428621226,-4.727147428621226,4.6396824106590575,4.6396824106590575,4.3319734335453095,1,0.03333333333333333,1,2,10061,61.46133333333333,4.6396824106590575,-0.17429149985051928,0.010253616044342329,828.0,0.7013496983857347,6.974208403935623,-0.47704347283364323,-0.38498819752086316,-6.488044539288852,-8.086629998218106,-0.566712858760031,-0.00984917512182824,5|19|5|16|5|6|5|5|5|5,59,11
335,0.0006979332407646325,-4.727147428621226,-4.727147428621226,4.6396824106590575,4.6396824106590575,4.3319734335453095,0,0.0,0,1,10091,61.46133333333333,4.6396824106590575,-0.17429149985051928,0.010253616044342329,828.0,0.7013496983857347,6.974208403935623,-0.47704347283364323,-0.38498819752086316,-6.488044539288852,-8.086629998218106,-0.566712858760031,-0.00984917512182824,5|19|5|16|5|6|5|5|5|5,59,11
336,0.0006909539083569862,-4.727147428621226,-4.727147428621226,4.6396824106590575,4.6396824106590575,4.3319734335453095,0,0.0,0,1,10121,61.46133333333333,4.6396824106590575,-0.17429149985051928,0.010253616044342329,828.0,0.7013496983857347,6.974208403935623,-0.47704347283364323,-0.38498819752086316,-6.488044539288852,-8.086629998218106,-0.566712858760031,-0.00984917512182824,5|19|5|16|5|6|5|5|5|5,59,11
337,0.0006840443692734164,-4.726741630587676,-4.727147428621226,4.643168801105479,4.6396824106590575,4.3319734335453095,1,0.03333333333333333,0,0,10151,61.46133333333333,4.643168801105479,-0.17429562360111717,0.01025398664992581,824.0,0.7013496983857347,6.97420529582359,-0.4761141233539789,-0.38533743643444485,-6.487956683442278,-8.090553642079444,-0.566712858760031,-0.009850166174782323,5|18|5|17|5|6|5|5|5|5,59,11
338,0.0006772039255806822,-4.726741630587676,-4.727147428621226,4.643168801105479,4.6396824106590575,4.3319734335453095,0,0.0,0,4,10181,61.46133333333333,4.643168801105479,-0.17429562360111717,0.01025398664992581,824.0,0.7013496983857347,6.97420529582359,-0.4761141233539789,-0.38533743643444485,-6.487956683442278,-8.090553642079444,-0.566712858760031,-0.009850166174782323,5|18|5|17|5|6|5|5|5|5,59,11
339,0.0006704318863248753,-4.726741630587676,-4.727147428621226,4.643168801105479,4.6396824106590575,4.3319734335453095,0,0.0,0,1,10211,61.46133333333333,4.643168801105479,-0.17429562360111717,0.01025398664992581,824.0,0.7013496983857347,6.97420529582359,-0.4761141233539789,-0.38533743643444485,-6.487956683442278,-8.090553642079444,-0.566712858760031,-0.009850166174782323,5|18|5|17|5|6|5|5|5|5,59,11
340,0.0006637275674616265,-4.726735707062931,-4.727147428621226,4.64265996179032,4.6396824106590575,4.3319734335453095,1,0.03333333333333333,0,2,10241,61.46133333333333,4.64265996179032,-0.17429251006280377,0.010254070179724602,824.0,0.7013496983857347,6.974204162084504,-0.47624976207833947,-0.3850737520257606,-6.4879368818485785,-8.090553642079444,-0.566712858760031,-0.00985052767895536,5|17|5|18|5|6|5|5|5|5,59,11
341,0.0006570902917870103,-4.726735707062931,-4.727147428621226,4.64265996179032,4.6396824106590575,4.3319734335453095,0,0.0,0,2,10271,61.46133333333333,4.64265996179032,-0.17429251006280377,0.010254070179724602,824.0,0.7013496983857347,6.974204162084504,-0.47624976207833947,-0.3850737520257606,-6.4879368818485785,-8.090553642079444,-0.566712858760031,-0.00985052767895536,5|17|5|18|5|6|5|5|5|5,59,11
342,0.0006505193888691401,-4.726735707062931,-4.727147428621226,4.64265996179032,4.6396824106590575,4.3319734335453095,0,0.0,0,1,10301,61.46133333333333,4.64265996179032,-0.17429251006280377,0.010254070179724602,824.0,0.7013496983857347,6.974204162084504,-0.47624976207833947,-0.3850737520257606,-6.4879368818485785,-8.090553642079444,-0.566712858760031,-0.00985052767895536,5|17|5|18|5|6|5|5|5|5,59,11
343,0.0006440141949804487,-4.726735707062931,-4.727147428621226,4.64265996179032,4.6396824106590575,4.3319734335453095,0,0.0,0,2,10331,61.46133333333333,4.64265996179032,-0.17429251006280377,0.010254070179724602,824.0,0.7013496983857347,6.974204162084504,-0.47624976207833947,-0.3850737520257606,-6.4879368818485785,-8.090553642079444,-0.566712858760031,-0.00985052767895536,5|17|5|18|5|6|5|5|5|5,59,11
344,0.0006375740530306442,-4.726735707062931,-4.727147428621226,4.64265996179032,4.6396824106590575,4.3319734335453095,0,0.0,0,2,10361,61.46133333333333,4.64265996179032,-0.17429251006280377,0.010254070179724602,824.0,0.7013496983857347,6.974204162084504,-0.47624976207833947,-0.3850737520257606,-6.4879368818485785,-8.090553642079444,-0.566712858760031,-0.00985052767895536,5|17|5|18|5|6|5|5|5|5,59,11
345,0.0006311983125003378,-4.726044030796169,-4.727147428621226,4.642768423474039,4.6396824106590575,4.3319734335453095,1,0.03333333333333333,0,3,10391,61.46133333333333,4.642768423474039,-0.1742766283771385,0.010253987982389105,824.0,0.7018456557804438,6.974204162084504,-0.4762208499955201,-0.3837287379382379,-6.487956367568216,-8.090553642079444,-0.5667018355581778,-0.00985052767895536,5|18|5|17|5|6|5|5|5|5,59,11
346,0.0006248863293753345,-4.726044030796169,-4.727147428621226,4.642768423474039,4.6396824106590575,4.3319734335453095,0,0.0,0,5,10421,61.46133333333333,4.642768423474039,-0.1742766283771385,0.010253987982389105,824.0,0.7018456557804438,6.974204162084504,-0.4762208499955201,-0.3837287379382379,-6.487956367568216,-8.090553642079444,-0.5667018355581778,-0.00985052767895536,5|18|5|17|5|6|5|5|5|5,59,11
347,0.0006186374660815811,-4.726044030796169,-4.727147428621226,4.642768423474039,4.6396824106590575,4.3319734335453095,0,0.0,0,1,10451,61.46133333333333,4.642768423474039,-0.1742766283771385,0.010253987982389105,824.0,0.7018456557804438,6.974204162084504,-0.4762208499955201,-0.3837287379382379,-6.487956367568216,-8.090553642079444,-0.5667018355581778,-0.00985052767895536,5|18|5|17|5|6|5|5|5|5,59,11
348,0.0006124510914207652,-4.726044030796169,-4.727147428621226,4.642768423474039,4.6396824106590575,4.3319734335453095,0,0.0,0,2,10481,61.46133333333333,4.642768423474039,-0.1742766283771385,0.010253987982389105,824.0,0.7018456557804438,6.974204162084504,-0.4762208499955201,-0.3837287379382379,-6.487956367568216,-8.090553642079444,-0.5667018355581778,-0.00985052767895536,5|18|5|17|5|6|5|5|5|5,59,11
349,0.0006063265805065576,-4.726044030796169,-4.727147428621226,4.642768423474039,4.6396824106590575,4.3319734335453095,0,0.0,0,3,10511,61.46133333333333,4.642768423474039,-0.1742766283771385,0.010253987982389105,824.0,0.7018456557804438,6.974204162084504,-0.4762208499955201,-0.3837287379382379,-6.487956367568216,-8.090553642079444,-0.5667018355581778,-0.00985052767895536,5|18|5|17|5|6|5|5|5|5,59,11
350,0.0006002633147014919,-4.726044030796169,-4.727147428621226,4.642768423474039,4.6396824106590575,4.3319734335453095,0,0.0,0,1,10541,61.46133333333333,4.642768423474039,-0.1742766283771385,0.010253987982389105,824.0,0.7018456557804438,6.974204162084504,-0.4762208499955201,-0.3837287379382379,-6.487956367568216,-8.090553642079444,-0.5667018355581778,-0.00985052767895536,5|18|5|17|5|6|5|5|5|5,59,11
351,0.000594260681554477,-4.730790989060823,-4.730790989060823,4.641088032758042,4.641088032758042,4.3319734335453095,2,0.06666666666666667,2,2,10571,61.46133333333333,4.641088032758042,-0.17429734116942394,0.01025408550487355,789.0,0.6992794193327274,6.974202176153074,-0.4766687832553038,-0.38548289665935953,-6.487933248865173,-8.124885525866153,-0.5667588730026603,-0.00985116091327562,5|17|5|17|5|6|5|5|5|5,58,11
352,0.0005883180747389323,-4.737997942247564,-4.737997942247564,4.638650857253011,4.638650857253011,4.3319734335453095,3,0.1,3,1,10601,61.46133333333333,4.638650857253011,-0.17430455851459098,0.01025430962913857,725.0,0.6968581702494603,6.97419963095447,-0.4773184488112017,-0.386094130953299,-6.4878801179143215,-8.187663827647565,-0.5668126879425456,-0.009851972475590456,5|15|5|17|5|6|5|5|5|5,57,10
353,0.000582434893991543,-4.744275772425739,-4.744275772425739,4.638650857253011,4.638650857253011,4.3319734335453095,2,0.06666666666666667,2,2,10631,61.46133333333333,4.638650857253011,-0.17430455851459178,0.01025430962913857,661.0,0.6968581702494603,6.97419963095447,-0.4773184488112017,-0.38609413095336714,-6.4878801179143215,-8.250442129428977,-0.5668126879425456,-0.009851972475590456,5|15|5|15|5|6|5|5|5|5,56,9
354,0.0005766105450516275,-4.744275772425739,-4.744275772425739,4.638650857253011,4.638650857253011,4.3319734335453095,0,0.0,0,2,10661,61.46133333333333,4.638650857253011,-0.17430455851459178,0.01025430962913857,661.0,0.6968581702494603,6.97419963095447,-0.4773184488112017,-0.38609413095336714,-6.4878801179143215,-8.250442129428977,-0.5668126879425456,-0.009851972475590456,5|15|5|15|5|6|5|5|5|5,56,9
355,0.0005708444396011112,-4.745662118795582,-4.745662118795582,4.639391133744522,4.639391133744522,4.3319734335453095,1,0.03333333333333333,1,1,10691,61.46133333333333,4.639391133744522,-0.17427690564701664,0.010255081174344687,632.0,0.6968581702494603,6.974190578441362,-0.4771211170485188,-0.3837522198217108,-6.487697215226735,-8.278888547423678,-0.5668126879425456,-0.009854858960943416,5|14|5|15|5|6|5|5|5|5,55,9
356,0.0005651359952051001,-4.745662118795582,-4.745662118795582,4.639391133744522,4.639391133744522,4.3319734335453095,0,0.0,0,0,10721,61.46133333333333,4.639391133744522,-0.17427690564701664,0.010255081174344687,632.0,0.6968581702494603,6.974190578441362,-0.4771211170485188,-0.3837522198217108,-6.487697215226735,-8.278888547423678,-0.5668126879425456,-0.009854858960943416,5|14|5|15|5|6|5|5|5|5,55,9
