a,b,source,length,role_a,role_b,screen_C_freq,screen_C_rocof,screen_C_H2,theta_shift,post_fault_ok,worst_line_load,exact_C_freq,exact_C_rocof,exact_C_H2,R_rocof_top5,r_R_rocof_top5,R_dev_top5,r_R_dev_top5,R_rocof_top1,r_R_rocof_top1,R_dev_top1,r_R_dev_top1,R_nadir_top5,r_R_nadir_top5,R_J,r_R_J
31,96,top C_freq,7.810249675906654,load,sync,0.7508723823561265,0.24457590221395323,0.7043283328363964,0.28271383038662734,True,0.3346048097146,0.67750954762191,0.3220002042744564,0.6907216133662224,1.891075289337127,1.0026726935464627,1.2929579733989793,0.9977601485114074,0.4077808234641542,1.0058140516401017,0.277515712119044,0.9993244857158493,1.2054844891918157,0.9968050207846363,1247.0157880440993,0.9805044102345145
2,97,top C_freq,10.295630140987,load,load,0.7573268815098304,0.334067519790978,0.7208773134511366,0.36820626838745096,True,0.3218744386442592,0.8620576705142683,0.4413331857585076,0.7584343913997077,1.876735719626771,0.9950696673386488,1.2896727436435913,0.9952249761422598,0.401609384019065,0.9905918534504354,0.2763657411893664,0.9951834801521885,1.201652856821618,0.9936366760911474,1246.8008206772656,0.9803353855491355
31,97,top C_freq,8.48528137423857,load,load,0.7615801919104864,0.2695127375826245,0.7297894751860452,0.3675135732557997,True,0.3577848619312527,0.6390489548099803,0.3543713566546964,0.7114408324453352,1.96070097557407,1.0395891371977823,1.2872142123025963,0.9933277570165193,0.4235530548865256,1.04471713652667,0.27592325745763574,0.9935901115307402,1.2000108897358683,0.9922789472694885,1249.4189919945752,0.9823940030485963
11,98,top C_freq,10.63014581273465,load,city,0.7618753767673416,0.4183218754085481,0.7303613502262674,0.5601372263915927,True,0.3556392607640806,0.8779584480344028,0.4494736397432298,0.7743268391405047,1.9077726290959334,1.0115258400739557,1.2884035078825078,0.9942455221402512,0.4066201775325548,1.0029512539806524,0.27639201515991724,0.9952780918118597,1.20014684394915,0.9923913666690006,1238.4698749778195,0.9737849239767578
22,97,top C_freq,8.602325267042627,wind,load,0.7628250836106297,0.2686715595248873,0.714271364549645,0.37300187516818817,True,0.32665424339242505,0.7095294287054879,0.3632458637868172,0.7088741747658899,1.8885961052745668,1.0013581979386883,1.2920378251031122,0.997050081116159,0.4038076685542881,0.996014044362326,0.27698540008091127,0.997414850399242,1.2038807721508449,0.9954789206044262,1245.7070339476797,0.9794753621857608
12,98,top C_freq,10.0,load,city,0.7631356036290631,0.4190138264550202,0.7381834498305785,0.4740660604569723,True,0.3295665509138062,0.882240466311116,0.45166583271613214,0.7825210268460625,1.9085920959234108,1.011960332035123,1.288430788847505,0.9942665745334822,0.4090785833771042,1.0090150485506764,0.2763690854619547,0.9951955227621686,1.199626355631047,0.9919609792410439,1242.5470500010367,0.9769907278886976
21,96,top C_freq,8.602325267042627,load,sync,0.7636306392546047,0.219015073850107,0.699823798820865,0.337382975611391,True,0.3282587324196516,0.8896780657785004,0.28887022871283113,0.7543331992299401,1.84632869303378,0.9789474666898209,1.287877073684084,0.993839279188193,0.4013092946293219,0.9898516663018895,0.2764146542970104,0.9953596145619048,1.2009431482967794,0.9930498240601212,1243.595546750275,0.9778151406159471
13,97,top C_freq,8.94427190999916,load,load,0.766727577946085,0.342979488903624,0.7456543939503488,0.21016219604012687,True,0.3218744386441754,0.8807910773611948,0.45092381340054477,0.7843713615110327,1.8080501139489962,0.9586516666164536,1.2952365278289664,0.9995184816152117,0.39460590757480474,0.9733173897860434,0.2775564946010548,0.9994713420237334,1.2064073026000366,0.9975680874576704,1252.4772455605575,0.98479864871372
32,97,top C_freq,7.810249675906654,sync,load,0.7677372390053386,0.27819149326763487,0.7374281588450738,0.30773723812571285,True,0.32187443864426607,0.6207063652588228,0.3648118114544321,0.715349077048265,1.933872085701229,1.0253641111370313,1.2889867845559526,0.9946956297479946,0.4142696704392545,1.0218191531332377,0.2769050341945344,0.9971254556206206,1.2013751610158774,0.9934070517567865,1251.3639886759115,0.9839233163437655
42,96,top C_freq,6.4031242374328485,load,sync,0.7678810276855093,0.28239055074404223,0.7303584260600222,0.1831570937665039,True,0.3218744386442776,0.6121054744722098,0.36943613120887436,0.7116655640914699,1.9150419735324438,1.0153801409616945,1.2968966749824353,1.0007995972465584,0.4111237729901408,1.014059622333194,0.2783832100334642,1.0024483157165653,1.2097430975477064,1.0003264283421514,1256.777545059112,0.9881798910877845
3,97,top C_freq,9.848857801796104,load,load,0.7685450833337764,0.3437925117906053,0.7386240932051258,0.2482551728910738,True,0.3218744386442304,0.8841597234801766,0.4526484025715875,0.7798706274597518,1.8036476650274174,0.9563174309869735,1.2936982311400251,0.9983313965247522,0.3880623482794708,0.9571773373160045,0.27726453056916645,0.9984199896380019,1.204979649077028,0.9963875727248513,1251.4362831500962,0.9839801600914175
21,97,top C_freq,9.219544457292887,load,load,0.7708481295383522,0.27657653706378826,0.7110282380770148,0.4232968592919131,True,0.35116229430268264,0.7327568235136208,0.37513720296071335,0.7125036056461309,1.9166054058155033,1.016209093075485,1.287918828162741,0.9938715006181875,0.4145252719467306,1.0224496084490513,0.2763485021568847,0.9951214029921696,1.2006692494615956,0.9928233394088908,1247.3337597235156,0.9807544252198792
11,96,top C_rocof,9.433981132056603,load,sync,0.7947012041119461,0.2062206161440964,0.7033786833347344,0.3935740771519907,True,0.3218744386442686,0.8967933470800292,0.27166906719423345,0.7547884958996992,1.8378749067888769,0.9744651593630649,1.28444751588825,0.9911927306026235,0.39627173937774646,0.9774262564581787,0.27569546691126673,0.9927698456479079,1.197975233609053,0.9905956802793335,1234.3067905260082,0.9705115711416809
1,96,top C_rocof,10.295630140987,load,sync,0.8059567110250252,0.21095826660468409,0.7104694122006943,0.3880585928400939,True,0.321874438644261,0.7892503591678998,0.27707907771386453,0.7179476750807416,1.8466540044382576,0.9791199510240026,1.2839729211947062,0.9908264915742442,0.3982202697187561,0.9822324147772122,0.27557441113741604,0.992333927991129,1.197445558039833,0.9901576959904279,1233.489414680901,0.9698688843139514
12,96,top C_rocof,8.94427190999916,load,sync,0.8024980154409884,0.21560625039918405,0.7076072145898902,0.3162899863186762,True,0.3218744386442569,0.9149174871319432,0.28346333234260357,0.7670523391344051,1.8250710026367707,0.9676763629907094,1.2882997480423213,0.9941654519170235,0.39733375206598465,0.9800457697442024,0.27652234648066265,0.995747410392354,1.2016028105747525,0.9935952932690586,1239.5889169340394,0.9746648050366696
2,96,top C_rocof,9.848857801796104,load,sync,0.7738539093356828,0.21762372058336746,0.7131475039385204,0.28891988723154427,True,0.32187443864425935,0.8766138772284934,0.28552290001775815,0.7539036596120902,1.7978417189275515,0.9532390429146622,1.2897969410421442,0.9953208177839639,0.38953726380948545,0.9608152983963429,0.27667211887589893,0.9962867356100186,1.2029858808954068,0.9947389425255088,1240.1635311241766,0.9751166130675019
22,96,top C_rocof,8.06225774829855,wind,sync,0.7942065275023699,0.22376132738324425,0.7057049237389785,0.2899115297801972,True,0.3218744386442601,0.8502652016311227,0.29473827095354466,0.7408429341998671,1.8111800175887365,0.9603111822003622,1.2910974474647854,0.9963244029801503,0.38911371223340013,0.9597705849073617,0.27708841757431324,0.9977858128317025,1.2044679235677906,0.9959644311901035,1241.6427840602419,0.9762797210582509
3,96,top C_rocof,9.486832980505138,load,sync,0.7803089825307915,0.23626707551138612,0.7282321295571604,0.178832476800175,True,0.32187443864419596,0.8910827404312929,0.30891763142531103,0.7718401247798691,1.7242637478264715,0.914227046467147,1.287841344108643,0.9938117071036923,0.3720812634232896,0.917759103833986,0.27664275178728603,0.9961809857391338,1.2006778414063584,0.9928304440160048,1246.7035588349859,0.9802589104425513
10,96,top C_rocof,10.0,wind,sync,0.8101486868342332,0.2368560009895566,0.7170181846866482,0.5286707229333703,True,0.32187443864424603,0.5903535552573322,0.30223339363148466,0.6763318431995051,1.9152172598811934,1.015473080061705,1.2858486398727644,0.9922739611635805,0.42245682330552886,1.0420132204409371,0.2756279015037487,0.992526544951149,1.1986485528190496,0.9911524422909006,1220.3102247758268,0.9595063420357084
23,96,top C_rocof,7.615773105863909,load,sync,0.8084434500219724,0.2410806237482768,0.725727548912128,0.17125709690785862,True,0.3218744386442776,0.934533053637836,0.3153547341998524,0.7905544441766557,1.7594805572458259,0.9328994564752086,1.2898098328846523,0.9953307662640848,0.3793285303264191,0.9356348902067472,0.2771069042771878,0.9978523828096747,1.2026876769991852,0.9944923602230102,1248.5318053883602,0.9816964253687988
13,96,top C_rocof,8.54400374531753,load,sync,0.7967991722368472,0.24439380010623574,0.7335729860167548,0.14481511266059655,True,0.3218744386442773,0.9135006180799649,0.3191312715057649,0.7859599403711196,1.7336739407537174,0.9192164530456978,1.2882817813214396,0.9941515872141762,0.3770690066525604,0.930061649557827,0.2765188628354308,0.9957348659063027,1.2012001329751407,0.9932623225368349,1248.2737898270625,0.9814935527202027
0,96,top C_rocof,10.816653826391969,load,sync,0.8126295270139804,0.24561922365434158,0.7235642200111045,0.548346134964613,True,0.3218744386442675,0.6101004915652051,0.31234290092758576,0.6834095692457662,1.9016212643648274,1.0082643065545334,1.2865709289269842,0.9928313429569825,0.41922577409630024,1.034043658094736,0.27591325852406745,0.9935541057166205,1.1997889806206457,0.9920954524819612,1228.02225579416,0.9655701629574958
11,97,top C_H2,10.0,load,load,0.7708718959288837,0.3182496354318468,0.7086594482465919,0.4802477749262835,True,0.32994315240801003,0.8292118509667744,0.42451766322960666,0.7378353694955002,1.8995031814749812,1.0071412714811592,1.289005221824354,0.9947098575667148,0.40622788687488837,1.001983647283368,0.2763013425802023,0.9949515829868267,1.2012054309033238,0.9932667033492468,1241.4599840702617,0.9761359889595198
32,96,top C_H2,7.211102550927978,sync,sync,0.7795211866586866,0.25275980138171805,0.7116352267647801,0.2284749232271739,True,0.3218744386442209,0.6120956787417722,0.33172648330731636,0.6815139359142696,1.8748915130639154,0.9940918450529571,1.2908801635717666,0.9961567276079976,0.40150794762041053,0.990341654938775,0.2775135923982121,0.9993168526744116,1.2035386668663912,0.995196036611942,1250.3324149765438,0.983112209883519
12,97,top C_H2,9.433981132056603,load,load,0.774346115648345,0.31580426679395635,0.7154294804683398,0.3982681660681613,True,0.32187443864426574,0.8199726400679163,0.41978761961494304,0.7406306465796373,1.8941774958676494,1.004317523763131,1.2905269016287186,0.9958841196068015,0.4055768322510298,1.0003777848901851,0.2767209589360321,0.9964626069781737,1.2027087083394807,0.9945097508620341,1245.9690943443788,0.9796814152102492
73,96,worst C_freq,3.605551275463989,sync,sync,1.0866376777078017,0.9296060046219722,0.9185547417729784,0.0887469961202908,True,0.32187443864427595,1.263557082817917,1.236021585369083,1.126606199906353,1.9072007319293285,1.0112226127642319,1.3136586364239282,1.0137346016947237,0.41027469922219745,1.0119653347219681,0.2802991111763195,1.009347409499929,1.2262421404936557,1.0139693486734527,1268.513162419454,0.9974073801773075
67,73,worst C_freq,4.123105625617661,load,sync,1.0608660441395943,0.39613020909260316,1.0692186860664237,0.08275469847333872,True,0.321874438644276,1.0992013158275162,0.5160648248659234,1.0748362908128268,1.8698227472690647,0.9914043195582632,1.299926485601372,1.003137665733939,0.40334018845578745,0.9948609787327565,0.2785324723995308,1.0029858043368212,1.2128490565140626,1.0028947197799702,1268.460664954238,0.9973661024351458
48,73,worst C_freq,5.830951894845301,load,sync,1.0590356025152343,0.9024327893380975,1.029722635979794,0.10557177735989098,True,0.3218744386442761,1.217304442043117,1.1769764697648315,1.0607040530624976,1.8436604583245721,0.9775327339724189,1.306111972668608,1.0079109318584338,0.3991466448573488,0.9845173705129212,0.2798222681132689,1.007630314114188,1.2185702480473293,1.0076255251087507,1262.8038364209378,0.9929182475017766
47,73,worst C_freq,5.0,load,sync,1.0565369982691357,0.943982684416954,1.0281045167755187,0.08608863988548932,True,0.3218744386442755,1.2246607289526257,1.1840890508894015,1.0614201917395174,1.827552523895824,0.9689920978104372,1.3047358325985963,1.0068489810844132,0.3976571737877529,0.9808435073857047,0.2798556774047717,1.0077506198179418,1.2173179023176615,1.006589970920967,1262.808642330986,0.9929220262959528
58,73,worst C_freq,5.385164807134504,sync,sync,1.0557092153419838,0.8004622855080155,1.036701593230662,0.11430875944492191,True,0.32187443864427545,1.0722196944814892,1.0366982221021506,1.0264413281416895,1.830058152514436,0.970320614665486,1.3035148098337141,1.0059067324728657,0.3944987391956592,0.9730530530261134,0.27932968763137883,1.0058565488272437,1.215864057634224,1.0053877989371007,1263.4263866222213,0.993407746691605
59,73,worst C_freq,6.324555320336759,load,sync,1.0531754396043282,0.8148633813165594,1.032177654577526,0.14731727289556729,True,0.32187443864427584,1.090837125071455,1.0546988774641664,1.0277722214882994,1.8438386577307615,0.9776272176133399,1.3029693502352944,1.0054858078479951,0.39797631535183997,0.981630687780541,0.2790605902435231,1.0048875384361813,1.2153048664760107,1.0049254084550305,1261.6092181878635,0.9919789422762083
49,73,worst C_freq,6.708203932499369,hvdc,sync,1.0530786976865112,0.8905045652300152,1.0275010482849616,0.12618952269666617,True,0.3218744386442756,1.2088345488627437,1.1687871749340417,1.0582176243006678,1.8485033697629458,0.9801005085522577,1.3044988697175226,1.0066661196733881,0.39849271990980756,0.9829044283069402,0.2792289420866121,1.0054937676032782,1.2169123240335133,1.006254601637011,1250.7128273154347,0.9834113207524962
46,73,worst C_freq,4.242640687119285,load,sync,1.0508987297149788,0.9893204558500213,1.0077865956422891,0.08696726826157708,True,0.3218744386442755,1.1523198619629518,1.1141447581483601,1.0250223156093392,1.7773145476528687,0.9423552699475423,1.3003271081430896,1.0034468213406527,0.38476987819350617,0.9490562769656543,0.2783216664639926,1.0022266994504385,1.2137442450797515,1.0036349437022423,1259.5350588983886,0.9903480709188787
13,87,random,8.06225774829855,load,load,0.8072195982090985,0.4432189653144328,0.7649064267317175,0.1938448850185125,True,0.32187443864417836,0.878914379708569,0.4499630320258547,0.7959516368345971,1.8220091888359726,0.9660529495242577,1.293770058948847,0.9983868251826605,0.4001745712114387,0.987052807962411,0.2772576407961843,0.9983951798036703,1.2053831805812731,0.9967212495436597,1251.2143774828694,0.9838056799545516
17,44,random,4.242640687119285,load,load,1.0037563209820541,0.9863966976467279,0.9961293331492217,0.12544936453699618,True,0.3218744386442767,1.0199100007096362,0.9861214915952438,1.0007171166049191,1.942992016819439,1.0301996171323844,1.2987519052701015,1.0022312561909545,0.42127138892670246,1.039089280699505,0.2783153965024843,1.0022041215357977,1.2124391093805522,1.0025557379310928,1265.1128216373413,0.9947337579464366
0,52,random,5.385164807134504,load,load,0.9894628805186898,0.9736688561813003,0.9471799681578901,0.2139303023391892,True,0.3218744386442703,0.9946583379883881,0.9617063889973563,0.943813960883845,1.8995285062663485,1.007154699014646,1.2941338641711222,0.9986675693058839,0.41096680920692324,1.013672462443188,0.27754009527902207,0.9994122886320127,1.2069229234926953,0.9979944500523217,1248.4941564228714,0.9816668227149619
51,88,random,7.615773105863909,load,load,0.8963213576462857,0.4062673650518119,0.8845045661129307,0.26447448070402924,True,0.34367490443124005,1.0473506062164366,0.5361944977206181,0.9427718020966748,1.9644048311053304,1.0415529695332666,1.3016012498068419,1.0044300611688646,0.4218414085592782,1.0404952657855244,0.27830469285687165,1.002165578077968,1.2141543617498711,1.003974065739521,1257.8804390768864,0.9890470753358244
6,86,random,8.0,load,load,0.8703780460011447,0.5652247251757585,0.8313787095554179,0.010610740194275992,True,0.3218744386442754,0.7370656743295699,0.5961462301994674,0.8050488668250044,1.859968437610556,0.9861794365173552,1.297048560313145,1.0009168053331656,0.4004970237037645,0.9878481549456567,0.27779880176294247,1.000343881737214,1.2091320698531904,0.9998211746626615,1257.2133966445308,0.9885225927647063
5,23,random,2.8284271247461903,load,load,1.000781119332232,0.9916485010231134,0.9960705066089073,0.08984647805402468,True,0.32187443864427645,1.0080234872625071,0.9861295071632288,0.9982958374055135,1.9308041874680952,1.023737471625486,1.2983239017843213,1.0019009710383653,0.4157048735685237,1.0253591613712751,0.27813155395099404,1.0015421108632563,1.2118450213424843,1.0020644915115464,1267.1015017686018,0.996297418693912
47,89,random,4.47213595499958,load,load,0.9238790854484196,0.7812507698805073,0.933663883192601,0.036814053054413653,True,0.3218744386442763,1.0496908823845175,1.0149157650486091,0.9627685228880645,1.8762140162841223,0.9947930534466713,1.2938380810716121,0.998439317038319,0.40683431248293606,1.003479429730093,0.2771926761861753,0.9981612444888327,1.2065941698959197,0.9977226064584762,1261.0135172398675,0.9915105541352635
67,88,random,2.23606797749979,load,load,1.0007814763707115,1.000267679028627,0.9998789010442961,0.03475308962527801,True,0.32187443864427584,1.0013826198847693,0.9999160713808044,0.9999588853998108,1.8769556852380092,0.995186295964252,1.2968397944823276,1.0007557032473702,0.40387435711526454,0.9961785354022525,0.27759618458330837,0.9996142642777592,1.2102803653631304,1.0007706905958114,1265.9553747825296,0.9953962411985611
54,61,random,3.1622776601683795,load,load,1.024283058233668,0.9642643514908632,1.0046180870411612,0.05123709475496985,True,0.32187443864427573,1.0846540307527763,1.048720622335805,1.0210937933143645,1.866195317706761,0.9894810092647,1.2955701792715777,0.9997759564286086,0.405076318279999,0.9991432393791229,0.27768604334086733,0.999937842557342,1.2087713698112004,0.9995229148210156,1268.6503617143917,0.9975152573309548
0,35,random,5.830951894845301,load,load,0.9901335773024641,0.9329208001465622,0.9550764559218295,0.4865827227731463,True,0.3218744386442695,1.0319629765386997,0.9977751654433751,0.9679855211068339,2.025714449794949,1.0740601261009857,1.2915582359552962,0.996679987927367,0.44426830304360115,1.0958124467538561,0.2767442332207786,0.9965464168729616,1.2050109718196436,0.9964134732382001,1245.6066538272441,0.9793964352373368
84,91,random,3.1622776601683795,load,load,1.001327269193068,0.9426536757560063,0.990925439384352,0.052257515347808536,True,0.32187443864427595,1.1252350287891013,1.0879572160412896,1.0246045406100759,1.8543418967681273,0.9831961714439669,1.2944499822559379,0.9989115138375253,0.3946823767170361,0.9735060051729068,0.2771113417031359,0.9978683618271135,1.2079790718414858,0.9988677702702148,1266.0910705291758,0.9955029361412493
27,94,random,7.615773105863909,load,load,0.976226273954698,0.9190234939417717,0.9291470171200688,0.07253647248504758,True,0.32187443864427584,1.0599426059181982,1.0248278601309413,0.950733651557934,1.9372157021374032,1.0271369400228765,1.3012754656616423,1.004178657454448,0.4244030697244373,1.0468137453392454,0.2790721715481051,1.0049292423136194,1.214330404265123,1.004119633819947,1258.8326443139513,0.9897957759082966
44,53,uniform,1.4142135623730951,load,load,0.9997457077416303,0.999168541437818,0.9870606145283205,0.019315094396502697,True,0.3218744386442763,1.0009179584731598,0.9961654953038579,0.9845035057295162,1.8722848013033044,0.992709732602412,1.2981367057015525,1.001756514068234,0.4056716530745855,1.0006116657183963,0.27831289864781195,1.0021951268474725,1.210514806088319,1.0009645476665905,1268.7854633981965,0.9976214851735137
25,72,uniform,5.830951894845301,load,load,1.009780631246959,1.004971509230901,0.9610745787844955,0.07778412057809114,True,0.32187443864427523,1.0206727686979964,0.9956056092646012,0.9543286817004228,1.7377683328141305,0.9213873529240885,1.3000588759307832,1.0032398297620455,0.37427761675774024,0.9231765313319007,0.2783984339767251,1.002503136609961,1.2127125627127942,1.0027818541996742,1257.7741278950996,0.9889634849085029
51,66,uniform,5.0990195135927845,load,load,0.931633313014145,0.6900750816657866,0.9302327600963541,0.14057597046111903,True,0.32187443864427684,0.8545017847145072,0.8261930699053556,0.9118797413716611,1.9550495564458068,1.036592681333943,1.2979216262444768,1.0015905398328384,0.42326371875984653,1.0440034728987715,0.277927430611008,1.0008070697724418,1.211326981280466,1.001636128526027,1267.3805287983148,0.9965168122539866
1,40,uniform,4.123105625617661,load,wind,0.9983136264002842,0.997559111883437,0.9865127482914109,0.1547209534394579,True,0.32187443864427623,0.9995180367815547,0.9949803423828214,0.9842770531090961,1.9254218788433142,1.0208837016477716,1.288162646167136,0.9940596520455965,0.4120245176017658,1.0162813589504656,0.27160039715995044,0.978023641038602,1.2012921770239458,0.9933384329893582,1255.4991325982703,0.9871747000806038
61,89,uniform,8.246211251235321,load,load,0.9942319633501875,0.5012302007589663,0.9735406041522516,0.25000028047232004,True,0.3218744386442772,1.1483543541489758,0.587903690009371,1.022249442484535,1.9106480502893475,1.01305042575774,1.3012195310995893,1.0041354934243023,0.41768761603464527,1.0302497057972415,0.2780422363754114,1.001220481361262,1.2140766592388408,1.0039098141843854,1258.3223847574855,0.9893945686819922
24,57,uniform,4.242640687119285,load,load,0.9174348637649647,0.7758014061804555,0.8807904250458061,0.10552401034936132,True,0.32187443864427684,1.0482746097366602,1.0135464119732995,0.9198328325367223,1.8759885867970414,0.9946735278030913,1.2958872606886263,1.000020644352171,0.40929504491701685,1.009548962962429,0.2781000371637049,1.0014286200017528,1.2074329568706321,0.9984161923778792,1260.4306940593601,0.991052291533977
21,64,uniform,5.0,load,load,0.9666372320038741,0.9099963297767459,0.8967351371622229,0.2226064101869007,True,0.32187443864426385,1.0272990491782263,0.9932657489240726,0.9128425604112819,1.8794816779782504,0.9965256101412271,1.2968068990659731,1.0007303182494178,0.4093593322433186,1.0097075312236516,0.2777101455418484,1.00002463374987,1.2091178254602157,0.999809396093495,1255.7705428948111,0.9873881047506111
29,72,uniform,8.602325267042627,load,load,1.0342388382093701,0.9837434862864018,0.9931620200118345,0.14683831667152258,True,0.32187443864427645,1.095843590226489,1.0595394838734247,1.0041401371565466,1.888565237840051,1.0013418316237757,1.3055018888457233,1.0074401374952378,0.41166487356455583,1.015394276955924,0.27909045374194225,1.0049950758616175,1.2195155141015905,1.008407157686617,1261.7190165834745,0.9920652746323545
49,78,uniform,3.1622776601683795,hvdc,load,0.9811395328733231,0.8453197009040533,0.9662230799309249,0.0010377196416319068,True,0.32187443864427584,1.133996878639228,1.096428795334883,1.0120758654761044,1.902449725241527,1.0087035672774785,1.2960936354771753,1.000179901299348,0.41190637620712495,1.0159899566383102,0.2776173297630941,0.9996904073391859,1.2095959515541659,1.000204754553343,1256.719093547641,0.9881339317941398
3,68,uniform,7.810249675906654,load,load,0.8853678686326898,0.6624938856550687,0.8367552608953852,0.25244023737166665,True,0.32187443864425547,0.866387579171052,0.8376851009180206,0.8339971882368588,1.876954673091349,0.9951857593109396,1.2925744015173575,0.9974641506944283,0.4034050304517173,0.9950209151174264,0.27761997671827565,0.9996999389332903,1.2040645233929332,0.9956308629664652,1251.4809918658923,0.9840153136904611
41,78,uniform,7.615773105863909,load,load,0.8747254541389881,0.4903792750196476,0.8429464438955162,0.29877069053868355,True,0.3689722576071532,0.8715624552523211,0.5139883575787267,0.8598810282782174,1.9960822666938298,1.058348757540892,1.295143850388263,0.9994469635466416,0.43099907494450596,1.0630831585958003,0.2771310113762821,0.9979391916401389,1.20756378332275,0.9985243716746612,1252.411322463866,0.9847468146570368
18,21,uniform,7.0710678118654755,load,load,0.9919987463194653,0.9338717653389838,0.9621714643934557,0.40055182489600816,True,0.45519852129883903,1.0585998299316761,1.0235295688525088,0.9839438271607908,1.9323594570022569,1.0245620957437331,1.2914821083848647,0.9966212411950351,0.41638654668439257,1.027040545975734,0.2765848006330114,0.9959723056359427,1.2056806597505383,0.996967232575512,1255.9759176612695,0.987549586959733
23,25,uniform,2.0,load,load,1.0005628498084203,0.9870216902332605,0.9933320294638859,0.07569013319937423,True,0.32187443864427656,1.0099411550376631,0.9790463455410474,0.996390971184563,1.90418243905861,1.009622274660477,1.2977990765306546,1.0014959696896637,0.4097761421118693,1.0107356159165244,0.2780499975436969,1.001248429059957,1.2115460387607513,1.0018172653205246,1268.541735215683,0.9974298464146911
59,77,uniform,2.8284271247461903,load,load,0.9708639945302342,0.906637171315059,0.9792104996548299,0.012472113191797973,True,0.3218744386442757,1.1345422902725866,1.096956138073994,1.0205243865269062,1.8991455655635163,1.006951658877565,1.2953094862317247,0.9995747827388901,0.4107262190374422,1.0130790334263582,0.27740164661121003,0.9989137397653454,1.2088640577836798,0.9995995577286285,1266.9550568381856,0.9961822718757992
44,60,uniform,4.47213595499958,load,wind,1.0194262637967866,1.0055015623504888,0.9927421841986872,0.2116749520188283,True,0.3218744386442761,1.0362657470024386,1.0019353898011536,0.9928292290387417,1.8595501629593567,0.9859576618616739,1.2998533803766208,1.003081251309491,0.40124099956637005,0.9896832127356058,0.27841064262857784,1.002547099543234,1.2122918977303985,1.0024340098513813,1260.2541863696442,0.9909135069493181
49,69,uniform,2.0,hvdc,load,0.9948993269270682,0.9366023840444816,0.9846462580145483,0.004037434945597607,True,0.32187443864427606,1.0899011807484116,1.053793939958654,1.011967778733131,1.8794302220734642,0.9964983275518232,1.2967677608038466,1.000700115722317,0.40560982715837374,1.0004591686618818,0.2776925251517356,0.9999611833342046,1.2103439400061888,1.0008232599353288,1257.7587404924789,0.9889513860912496
78,82,uniform,6.082762530298219,load,load,1.00684365414162,0.7230353708756273,0.9948816747088044,0.10171165939659588,True,0.3218744386442761,0.90467769041014,0.8747067024143932,0.9701125173244334,1.8465564428244323,0.9790682225885076,1.2958808723316728,1.0000157145337905,0.3990928685670825,0.9843847283059253,0.2774490895829148,0.9990845802663667,1.2094096971480244,1.000050742345928,1259.3409443409446,0.9901954423944531
57,66,uniform,1.4142135623730951,load,load,1.0006966202254128,0.9900080182235649,0.9944476847075997,0.011925740927628992,True,0.3218744386442759,1.0078119215997132,0.9844887619573118,0.9964650946387607,1.8878504411975143,1.0009628371548873,1.2958790574932582,1.0000143140447697,0.40783804760220466,1.0059551981551713,0.27787537089154724,1.0006196045223505,1.2093348350468276,0.9999888395018777,1271.1097949450923,0.9994490621412063
20,94,uniform,8.06225774829855,wind,load,0.9345234574040958,0.8008742654581819,0.8568762993627543,0.31951909284106506,True,0.3218744386442611,1.0824805621046858,1.0466191583402573,0.9052313848560687,1.8775560709944359,0.995504628294518,1.2930644801001212,0.9978423384542633,0.40902792748622474,1.0088901029820936,0.27395760793189144,0.9865118755403779,1.2049986497938403,0.9964032842583359,1250.4421126868065,0.9831984630727219
43,48,uniform,5.0,load,load,0.9627175098267555,0.882275877882462,0.9610156504802904,0.15266267468915828,True,0.32187443864427806,1.1250599258387117,1.0877879140612123,1.0062238981532512,1.958634627505933,1.038493532599189,1.2984033773814767,1.001962301402733,0.4224851942424156,1.0420831989326584,0.27844175872909893,1.0026591475455373,1.211723006571492,1.001963598520035,1264.0733263933523,0.993916422928772
76,81,uniform,5.0990195135927845,load,load,1.0168689209858457,0.6845023357247708,0.9878157810646618,0.14218037919661514,True,0.3218744386442754,0.8342017476704223,0.8065655510111166,0.9617809909911015,1.8340658169071855,0.9724455304074272,1.2961885694061301,1.0002531606728169,0.3910024194005609,0.964429186045163,0.27706113596381454,0.9976875726954127,1.2100582371176862,1.0005870146113405,1260.9137188266745,0.9914320845720003
94,98,uniform,4.0,load,city,1.0015931581384532,0.8469673556068417,0.9855881262701194,0.08495976480998446,True,0.32187443864427606,1.1514884248018402,1.1133408655961616,1.0253271807830988,1.8790577173283154,0.9963008206951246,1.2958094399403595,0.9999605910148273,0.4057388159922077,1.0007773267853382,0.2773457183292162,0.9987123439553074,1.209110693988988,0.9998034991397066,1257.403992899881,0.9886724549162017
27,71,uniform,7.810249675906654,load,load,1.0359683326041547,0.9911927670337584,0.9895314721770891,0.18406712600415295,True,0.3218744386442762,1.0895803798851877,1.05348376687914,0.9977037662083502,1.846856196897603,0.9792271560935045,1.3045650511948712,1.0067171911250723,0.3994752239748752,0.9853278291575334,0.27915697808888174,1.0052346277352224,1.2178131678211603,1.0069995018149231,1260.2607884996935,0.9909186980765615
2,29,uniform,7.280109889280518,load,load,0.9720392241989791,0.9150817878040945,0.9353677874790067,0.38221223149913,True,0.3753232137958502,1.0558318006382474,1.0208532413591849,0.9608693533396302,1.9626872836054396,1.0406423035287349,1.2907659312454585,0.9960685758929326,0.4227273816550442,1.0426805676384323,0.2766896266906887,0.9963497806458372,1.2046240480950172,0.9960935292531664,1252.222109538022,0.9845980401907934
47,86,uniform,4.123105625617661,load,load,0.9458349184405668,0.7077395425176606,0.92072099969422,0.013813496494529898,True,0.3218744386442753,0.9209759701642485,0.8904650378855381,0.9134950794331294,1.9072605478265363,1.0112543279302584,1.2939156010381936,0.9984991382660466,0.41420876112086147,1.0216689169161564,0.2774755805603265,0.999179973360242,1.2076053124615005,0.9985587117714327,1265.4905933402167,0.9950307925343563
53,72,uniform,2.23606797749979,load,load,1.005366088473374,1.002174385103939,0.9883645865503654,0.005606532953268184,True,0.3218744386442761,1.0091676663724316,1.0006767544964992,0.9857577313361827,1.8540399168223065,0.9830360577523648,1.2976342554608475,1.0013687792484647,0.3993624097957137,0.9850495667182628,0.2781191476474361,1.001497436193026,1.2102060099435654,1.0007092067225558,1267.0972379451891,0.9962940661319792
35,97,uniform,6.324555320336759,load,load,0.8422473550015654,0.42573665163595986,0.8167169935718068,0.06066193916453977,True,0.3218744386442767,0.9768199754430876,0.5000861153728458,0.8699363673843677,1.8422980293739424,0.9768103564375866,1.291233111510889,0.9964290932961335,0.40256708293331994,0.9929540710187238,0.27705304086139015,0.9976584225114276,1.204147710562251,0.995699649739571,1257.2809630923634,0.988575718956627
28,71,uniform,8.602325267042627,load,load,1.0370630125823563,0.9833545842812117,0.9922872802743229,0.19131442787396816,True,0.32187443864427634,1.1001092983875864,1.0636638737623412,1.0037381525839932,1.8685756912732636,0.9907431142633902,1.3051157633634787,1.0071421690953093,0.4046122299379527,0.9979985397052463,0.2789190221519314,1.0043777566323209,1.2188944615528388,1.0078936145391793,1260.8739611517528,0.9914008238806962
5,18,uniform,3.1622776601683795,load,load,0.9989041680454067,0.9764738356746285,0.9876964522792272,0.08605067794450805,True,0.32187443864427645,1.0146906002454235,0.9810750041920206,0.9926280021298254,1.9047308355027606,1.009913041581756,1.2975323171839732,1.0012901147037805,0.4108250311244597,1.0133227589275962,0.278000562610668,1.001070415575069,1.211201687538083,1.0015325241805544,1267.626741892665,0.9967104048509549
19,28,uniform,1.4142135623730951,load,load,1.000280789409601,0.9965714836730022,0.9980140883121046,0.009514553362339973,True,0.32187443864427584,1.002364414263534,0.9945933621383264,0.9986555116326199,1.883058803825072,0.9984222487511285,1.2959052657480945,1.0000345386404454,0.40640118944244047,1.0024111076924878,0.27771418013299753,1.0000391621731235,1.2093228179040263,0.9999789026272126,1271.0090176949388,0.9993698229373613
25,54,uniform,3.1622776601683795,load,load,0.9913500074021813,0.9758558392737661,0.9579426672812014,0.03049083807507824,True,0.32187443864427573,0.9989069140448099,0.9658142143495927,0.9556372283734295,1.826273451119104,0.9683139168022525,1.2989386248992563,1.0023753454875506,0.3977656555991055,0.9811110837991291,0.27822928109201855,1.0018940229196913,1.2107435599966878,1.0011537023562034,1263.172484634639,0.9932081084665091
27,79,uniform,5.385164807134504,load,load,0.9187657636408522,0.7437086485232273,0.9075927088748587,0.00044974045364654103,True,0.3218744386442762,0.9939282624001045,0.9610005000193147,0.9253075226122581,1.9173917446932964,1.016626020167221,1.2914997236443155,0.9966348346793149,0.42204848679028706,1.041006035744661,0.276529388553994,0.9957727686549781,1.204466059302184,0.9959628896444981,1260.1119864314164,0.9908016978865105
57,85,uniform,3.605551275463989,load,load,1.0015620814997641,0.9733124803024711,0.985183656426754,0.017106790955418005,True,0.32187443864427573,1.020536040322618,0.9867267911967005,0.9905588198479496,1.9049038497592854,1.0100047759889423,1.2963558151805246,1.000382222229442,0.4113075513264586,1.0145129218078606,0.27751202785544193,0.999311218809982,1.2099322556008798,1.0004828415509612,1269.2233691505858,0.997965802002219
25,58,uniform,4.242640687119285,load,sync,0.9417088117832464,0.7963279457201156,0.9082695841917665,0.07860897352888618,True,0.3218744386442768,1.0864165266240742,1.0504247286356996,0.9540456793194882,1.8532344655862545,0.9826089970399086,1.2953685875550922,0.9996203905207312,0.3951134339320551,0.9745692317372258,0.27799710332265654,1.001057958798526,1.2062113359955808,0.9974060443148686,1259.7691540037179,0.9905321353753116
88,92,uniform,6.082762530298219,load,city,1.0090418912127395,0.682555349082648,0.983367138322418,0.08518573280336705,True,0.32187443864427606,0.8356453302871434,0.8079613093057224,0.9578102299322447,1.8453932501465915,0.9784514827146482,1.2961350020512312,1.0002118233880182,0.39754569483428026,0.9805685383547621,0.2773487419885419,0.9987232320480125,1.2096031786325838,1.0002107305639156,1254.0595464809028,0.9860427813426662
16,50,uniform,7.211102550927978,sync,wind,1.0306613126446014,0.9960613144495297,0.9963109061105603,0.374177269930349,True,0.3590191566987986,1.0705195210050251,1.0350543735239277,1.003327329110345,1.9606620807028894,1.0395685146316307,1.3037026386946633,1.0060516777503232,0.4284973595989766,1.0569125387359424,0.2787072505559326,1.003615174436002,1.2172303563730504,1.0065175799131023,1261.3310567741369,0.9917602293332521
10,84,uniform,8.06225774829855,wind,load,0.9061003254300575,0.8342259742073145,0.8337156979869845,0.45053085687345057,True,0.32187443864426823,1.0581839989713135,1.0231275139196236,0.8751845369775907,1.8908628983943323,1.0025600811085036,1.2888479757555613,0.9945885126628747,0.4164081201931607,1.0270937582334312,0.2763319756606727,0.9950618916506254,1.2014991270517787,0.9935095582328972,1227.7538926803406,0.9653591542283627
42,68,uniform,6.324555320336759,load,load,0.885603444198886,0.6602696622642372,0.8902215750529676,0.2589098163572672,True,0.3218744386441839,0.8116268415317377,0.7847385269613347,0.8731794244945146,1.9595248224492336,1.0389655255265007,1.2972661805235248,1.001084740237389,0.42738278170410826,1.054163370447982,0.278021094359836,1.0011443496940473,1.209409139036351,1.000050280848063,1256.403837521521,0.9878860520744703
17,29,uniform,2.23606797749979,load,load,0.9988803654801056,0.992548063212174,0.9939380921186143,0.010979300561776872,True,0.32187443864427623,1.0025844834186486,0.9885322141569266,0.9947456703213242,1.888084318347722,1.0010868418592371,1.2965688033235272,1.0005465826228699,0.40541343224968307,0.9999747497106581,0.2779114324978133,1.000749461119877,1.209423309032749,1.0000619978993237,1269.3729551514018,0.9980834185832724
52,59,uniform,7.0,load,load,0.9536738865046158,0.80644585398861,0.9548088645173366,0.2068894720556712,True,0.32187443864427784,1.0872796780167653,1.0512592847614763,0.9880276857484047,1.9539226451407667,1.0359951783154309,1.29971639802182,1.0029755436705103,0.41826029372320617,1.0316622471259926,0.27815048298210654,1.0016102736499222,1.2124453400389563,1.0025608900103071,1260.9817222978281,0.9914855543869109
40,68,uniform,8.246211251235321,wind,load,0.9361000147973098,0.7424974037295121,0.9099806988534352,0.4465841055731221,True,0.33728084432588007,0.9858614138860186,0.9532008974233516,0.9247803585182429,1.9384649466930928,1.0277993057206434,1.2910970161941777,0.996324070173799,0.4151503178205112,1.0239913188154866,0.27197375935396106,0.9793681053922287,1.2035882475336563,0.9952370344501613,1249.1133517831222,0.9821536840581329
4,60,uniform,7.211102550927978,wind,wind,1.0120881709400829,1.0062017332479505,0.9755848814640287,0.19789631016468423,True,0.32187443864427534,1.0233808601391998,0.9978620027977715,0.9710861368704463,1.8425506499343594,0.9769442991416063,1.30069484252891,1.0037305975522215,0.40024360634275424,0.9872230869484215,0.27884586126632505,1.0041143068123997,1.2131310418228498,1.0031278910684496,1261.6957462034316,0.9920469775823262
38,54,uniform,4.47213595499958,load,load,1.0110825125561076,0.9924227455706089,0.9959399318610765,0.09781564696085099,True,0.32187443864427584,1.0317935818157111,0.9976113825833327,0.9996900464581977,1.9101072119907752,1.0127636662634667,1.2995270219549444,1.0028294044328105,0.41780608484261206,1.030541915692552,0.27796013245587087,1.0009248279853011,1.2133314305275482,1.0032935908088798,1267.1678298987845,0.9963495712206003
44,46,uniform,2.0,load,load,1.0042952110604733,0.9600069625588589,0.9906773036830254,0.06812687525505134,True,0.3218744386442762,1.0398097378596942,1.0053619720955964,1.0021800526262523,1.9148525724034726,1.0152797180217847,1.2979916623117171,1.001644585825275,0.4113831393483861,1.0146993638625519,0.2780465295902043,1.0012359410793161,1.2118014900126137,1.0020284958197183,1268.5726162091778,0.997454127542969
2,33,uniform,3.1622776601683795,load,load,0.9964353659723674,0.9887269184352826,0.9812470220235663,0.06127769105599634,True,0.3218744386442769,0.9995880392424663,0.98045562091822,0.9804451818722427,1.9016490596858269,1.0082790439949365,1.2951171653525484,0.9994263710248849,0.4112980630992695,1.0144895185684661,0.2776641155054523,0.9998588811800503,1.2082976217476886,0.9991311765178442,1263.252596231986,0.9932710986670044
0,60,uniform,6.0,load,wind,0.991803922322475,0.9848277109551243,0.9427344044158359,0.04494463724757068,True,0.32187443864427684,0.9945961520660681,0.9686022456883191,0.935616417388125,1.8561376018418063,0.9841482776098043,1.293988084909279,0.998555073199329,0.4076399577407628,1.0054665985088391,0.2774008858893299,0.9989110004321529,1.2065041052869248,0.9976481327881419,1241.3954171101616,0.9760852212068253
63,89,uniform,6.324555320336759,load,load,0.9758008971267289,0.5729117313098366,0.9629063395375888,0.20129232011746512,True,0.3218744386442763,1.0002852178889754,0.6385307417246953,0.9761115356120019,1.8939311727406711,1.0041869200401579,1.3001979744322845,1.0033471704060348,0.41398818672706783,1.0211248579218541,0.27789147635497113,1.0006775997393795,1.2134876932839063,1.003422803172453,1259.301406549691,0.990164354593427
21,58,uniform,7.615773105863909,load,sync,0.88966831644389,0.7235287635753862,0.8513953026284656,0.37562395077795885,True,0.39664821367586856,0.9757433511563743,0.943418035107982,0.8778091008233149,1.9317993356306473,1.0242651121135458,1.2913223652676142,0.9964979693488726,0.41860683536011917,1.0325170113224167,0.27681127725676974,0.9967878401288759,1.2039400464977006,0.9955279340650549,1251.299606769819,0.9838726940954603
77,95,uniform,2.8284271247461903,load,city,1.0009321466090682,0.9976358858156593,0.9975382019051285,0.0037419453201120723,True,0.3218744386442763,1.0040310664976062,0.9974211027844725,0.9979009532033526,1.8915088842905114,1.002902591225455,1.2959782869740355,1.0000908882440198,0.40938875462187063,1.0097801031546436,0.2773844523244639,0.9988518237331733,1.2097548068781319,1.0003361106893427,1269.6238028879366,0.9982806553098061
20,93,uniform,7.615773105863909,wind,load,0.9648683443635161,0.9083310915599474,0.8897063338557013,0.28271535314993057,True,0.3218744386442623,1.0347453492396161,1.000465361162696,0.9073631241721261,1.830343691975451,0.9704720113983946,1.292773398909601,0.9976177145934283,0.39581100342298053,0.9762898256337407,0.27395738886548227,0.9865110866898115,1.2045901191897184,0.9960654737257375,1251.8479561192762,0.9843038505897459
17,38,uniform,2.23606797749979,load,load,0.9987481422298574,0.9738552370223548,0.9856077697506206,0.00022548467303717956,True,0.3218744386442762,1.01464282938979,0.981028815932881,0.9903345597406243,1.8777383931513527,0.9956012978714512,1.2961874930260402,1.0002523300432216,0.4055407321484316,1.0002887419819129,0.277610701456085,0.9996665390347845,1.2087088786126157,0.9994712413726531,1268.5681217210813,0.9974505936138539
24,98,uniform,8.06225774829855,load,city,0.8019628177284647,0.44033263201593403,0.7795674920509883,0.23092404808331068,True,0.3218744386442775,0.8857480277785175,0.45346154004477135,0.8147991167770146,1.880513789429828,0.9970728490454783,1.2916773242988457,0.9967718869726496,0.41142255430833696,1.0147965830506114,0.2771161379189132,0.997885632834324,1.2027770370348976,0.9945662512876022,1248.3436411451949,0.9815484754614752
43,82,uniform,4.123105625617661,load,load,0.9906119493586046,0.9764907124383065,0.9511560840235336,0.04368639614172798,True,0.32187443864427623,0.9951352052053068,0.9621674581219983,0.9471617405470272,1.8137736119709864,0.9616863396464356,1.2980163338606105,1.0016636245634198,0.3881720670926641,0.9574479648631796,0.27844758613734116,1.002680131841166,1.210214022226339,1.0007158320120293,1261.6263527440947,0.9919924148465745
27,83,uniform,7.211102550927978,load,wind,1.002670447953014,1.0012063339393706,0.9640612870122827,0.12112346363661108,True,0.3218744386442752,1.0129715171726503,0.9898846028277836,0.9590963393272296,1.8811516859310067,0.9974110700600762,1.3026541148480753,1.0052425444834938,0.41240536777625925,1.0172207470605314,0.2790479080771199,1.0048418703933815,1.2159279249013246,1.005440610244986,1257.1679555300716,0.9884868632947506
22,45,uniform,3.605551275463989,wind,load,0.9970338219704525,0.9446565947579739,0.9720541020082133,0.20947809784756677,True,0.3218744386442354,1.0357486245622256,1.0014353990649854,0.9848496050852187,1.9182499954432486,1.017081075868094,1.2964389979740176,1.0004464133927256,0.4108656651321129,1.0134229849645267,0.278022673262707,1.0011500352687035,1.210167520407882,1.0006773800480853,1259.6528395235705,0.9904406795478458
70,72,uniform,2.0,wind,load,1.0012196815979064,0.9994305301801499,0.9988885198341756,0.1258317120569941,True,0.3218744386442761,1.0015637804175137,0.9975955778453288,0.9991134230347343,1.8489815685195428,0.9803540557473541,1.292244155194062,0.9972093035707352,0.39930048728150014,0.9848968313974114,0.2739001909877691,0.9863051191094777,1.205688773217117,0.996973941533026,1267.5352614085105,0.996638475514515
41,79,uniform,8.54400374531753,load,load,0.8568093831165393,0.5532017530265211,0.8581996817103493,0.3366120326935177,True,0.35853700361326013,0.7792393396840542,0.5869958562014669,0.8483514905831744,1.9884732763847826,1.0543143719977255,1.2957491756980788,0.9999140858224196,0.4321613527382879,1.0659499813339663,0.2772259181741423,0.9982809477383375,1.208139296237338,0.9990002584802828,1251.1919388881406,0.9837880369212381
45,70,uniform,5.830951894845301,load,wind,1.0219358872693176,1.0030004873434633,0.9872096317601244,0.2880269978043075,True,0.32187443864427456,1.0444764264586588,1.0098740583765622,0.9879291282828752,1.8097432553164705,0.9595493921724125,1.2969799603776972,1.0008638675863957,0.38751839053327186,0.9558356353203651,0.27533480775323704,0.9914711244877088,1.209475145986584,1.0001048614419974,1257.0373391146013,0.9883841621319862
62,95,uniform,4.242640687119285,wind,city,0.9775497649340003,0.5247573663748222,0.9753121658641116,0.1448368129858878,True,0.3218744386442768,1.1283626066440369,0.5776688508367541,1.0217315139304675,1.8836704425525403,0.9987465475528768,1.3008917337103587,1.0038825361136323,0.4073251333585114,1.0046900666828025,0.2785732299484116,1.0031325708613663,1.213886197611044,1.0037523230606449,1271.165988403109,0.9994932459710664
44,87,uniform,5.0,load,load,0.8202562130451959,0.45037696166595487,0.8163763481265386,0.12848027977030985,True,0.3218744386442769,0.9334385363664073,0.4778768486783352,0.857494816949728,1.8743784513342363,0.9938198130564768,1.2923322302316613,0.9972772700200733,0.4039871498669544,0.996456744989474,0.27705706393911494,0.997672909475238,1.204975526430632,0.996384163743099,1258.0522127210766,0.989182137631992
28,96,uniform,7.280109889280518,load,sync,0.8650145891588603,0.31751818574885005,0.8487755965052978,0.05060028947733508,True,0.3218744386442752,0.7775787667718652,0.4135182104845657,0.8321479082465814,1.9626862887225134,1.0406417760288784,1.2936674788133087,0.9983076653233497,0.4283126910916124,1.0564570436049443,0.2773292800133809,0.9986531501482517,1.2072987318739037,0.9983052028530421,1258.7997061336703,0.9897698772538126
16,87,uniform,7.0710678118654755,sync,load,0.8495603424558213,0.5363963693603695,0.8298818157107012,0.015063563996903895,True,0.3218744386442752,0.7921083081329925,0.5489016296994504,0.8179419592604552,1.9087712191815036,1.0120553055143289,1.2954104190650084,0.9996526713948238,0.4244273798782296,1.0468737076839043,0.27800708769176996,1.0010939121665472,1.2071836718947397,0.9982100607206047,1255.997152002395,0.9875662831117158
68,93,uniform,5.830951894845301,load,load,0.999945028157957,0.9284960138163969,0.9965259515487216,0.07600926273211062,True,0.32187443864427606,1.168185221645501,1.1294845157190918,1.0348095882101522,1.8670133672144746,0.9899147497445098,1.2980198903714584,1.0016663690801517,0.40528737891573174,0.9996638321607173,0.2774613676674707,0.9991287932244033,1.2109561517491638,1.0013294926945655,1260.5874362817956,0.9911755349137653
52,98,uniform,7.211102550927978,load,city,0.8627092847290153,0.3900518852166859,0.8556837814906276,0.28256836520706097,True,0.3218744386442781,1.0031156583739123,0.5135482744794786,0.9116424033289675,1.923531176052709,1.0198812264578936,1.2974740950994352,1.0012451854199906,0.4123840305373225,1.0171681175754972,0.2775749564409313,0.999537822470909,1.2095758969516783,1.0001881715706264,1254.3525617411774,0.9862731735780491
48,57,uniform,1.4142135623730951,load,load,1.003670869772623,0.9732209775583117,0.9915722033037565,0.012590379873228197,True,0.32187443864427573,1.0245391038968044,0.9905972376282295,0.9982494554080316,1.8948934866192566,1.0046971513641665,1.296154465777327,1.0002268433118202,0.4060627845610334,1.0015764132554827,0.27775256192197995,1.0001773736684036,1.2097056809645577,1.000295488883139,1271.3813478069549,0.9996625789075704
57,73,uniform,4.47213595499958,load,sync,1.0489411617580546,0.7848908128435074,1.041290957342641,0.07443074530371507,True,0.32187443864427556,1.039809630102445,1.0053618679082277,1.0248207269179608,1.849582944338902,0.9806729130218532,1.3012557154993514,1.004163416491272,0.39967703948850875,0.9858256183319412,0.27911064891889825,1.0050677979956957,1.2139573891620727,1.0038111907575245,1267.5501863194727,0.996650210683517
46,64,uniform,2.8284271247461903,load,load,1.0029112109010356,1.0014852608154303,0.9840338002887942,0.06586427896381919,True,0.32187443864427545,1.0076334390231785,0.9975167173495738,0.9809411265575004,1.8633390022879428,0.9879665537108925,1.2997690073764296,1.003016141677985,0.40668844572977714,1.0031196412811219,0.27826142664230846,1.0020097779350243,1.2125223613916731,1.0026245783213423,1263.8268326624107,0.9937226096726764
45,59,uniform,4.123105625617661,load,load,0.9489630573263875,0.8632550436332007,0.9420245754239054,0.07371136313614801,True,0.3218744386442768,1.106532441143769,1.0698742247845379,0.9863718157455273,1.8570902219294712,0.9846533691598929,1.2953080962828727,0.9995737101320448,0.39935396991941924,0.9850287492945817,0.27788564333091587,1.0006565952214024,1.2069324524363672,0.9980023294559806,1262.4727121708206,0.9926578909042995
10,97,uniform,10.63014581273465,wind,load,0.7889467937778398,0.41390708098172585,0.7305467771532368,0.6163193784680594,True,0.33593565984922985,0.9173434256367372,0.469636905184504,0.7812159143194048,1.9319254019864762,1.0243319541336797,1.2906947492722523,0.9960136456186168,0.4216729037788288,1.040079639384791,0.2766504046420889,0.9962085434047224,1.202838557809086,0.9946171223001649,1229.544385706723,0.9667669842860844
83,99,uniform,6.082762530298219,wind,load,1.0012765375982442,0.6981439908006906,0.9863239435345303,0.19184106150654856,True,0.32187443864427606,0.8655880020997918,0.8369120129655466,0.9617281742934881,1.8616167571911197,0.9870533969794204,1.2960586292928389,1.00015288744708,0.4079890579903972,1.006327673665661,0.2772805378562405,0.9984776313253891,1.2091405041666161,0.9998281489257441,1254.6224733894862,0.9864853998899192
4,57,uniform,5.830951894845301,wind,load,0.9263536106493421,0.7833432782495772,0.8779761495182882,0.12074476937552803,True,0.3218744386442772,1.0625687572845843,1.0273670099586454,0.92088759739911,1.8520898094203482,0.982002085465565,1.297163847656425,1.0010057711921643,0.396234166162751,0.9773335800363531,0.2780364729864636,1.0011997275968993,1.2088093129265987,0.9995542896651322,1261.7113691329068,0.9920592615897927
49,52,uniform,7.0710678118654755,hvdc,load,0.9830024622766687,0.8815419652847941,0.9729289355356355,0.18536602124380042,True,0.321874438644277,1.144947673928435,1.1070168026857603,1.0192947943291528,1.955609516143186,1.0368895792423523,1.2983726175248573,1.001938564390595,0.4185014084227398,1.032256969925333,0.27814581333883165,1.0015934584259174,1.211733134085284,1.0019719728763095,1252.0296496746223,0.9844467127203108
9,13,uniform,6.082762530298219,city,load,0.9973152873051392,0.9657780179260782,0.9832360588001277,0.21787563498768714,True,0.347486392247535,1.022724915923197,0.9888431517291567,0.9913072350320074,1.9555834516558506,1.0368757595124505,1.2945807661089215,0.9990124381670553,0.43125145297302325,1.0637056630217108,0.2776535279384399,0.9998207557172474,1.2081812541160986,0.9990349530985752,1262.2240091987205,0.9924623405645839
11,88,uniform,9.899494936611665,load,load,0.80614507053131,0.44262897586595085,0.7400011170428773,0.5076622953408662,True,0.3531205099408917,0.8081018123281243,0.4338048439657801,0.7547748027561402,1.907408153951922,1.0113325906161277,1.28955393326062,0.9951332915958191,0.40883343497028096,1.0084103763882504,0.2766832506609048,0.9963268207830027,1.2016632914153038,0.9936453043692124,1239.537608922175,0.974624462538687
12,74,uniform,6.324555320336759,load,load,0.9470112433296706,0.8915203420220207,0.8637368227338069,0.21786604409436172,True,0.32187443864426374,1.0274531775527225,0.9934147711931451,0.884019151051738,1.8166787292228055,0.963226670566296,1.2862987981120644,0.9926213428735342,0.39147530237690153,0.9655955781730327,0.2762905972679724,0.9949128894889487,1.1997289540595366,0.9920458170216708,1245.9291772600625,0.9796500291784194
4,39,uniform,5.830951894845301,wind,city,0.96960463831356,0.9127898584774488,0.929665755547473,0.16936311384558256,True,0.32187443864420645,1.0480647385116633,1.0133434935537404,0.9522549955964364,1.8934771079970205,1.0039461690123548,1.2979531890247553,1.0016148964515268,0.4084285400362485,1.007411680543193,0.27851117706908846,1.002909120588071,1.2089727045792065,0.9996893968532661,1262.509094415866,0.9926864975603363
64,89,uniform,5.385164807134504,load,load,0.9486135770402623,0.7098187283542372,0.9646208769089635,0.14595109311509735,True,0.3218744386442764,0.8942045880972311,0.8645805625910272,0.946840599238905,1.8796406113386694,0.996609878674312,1.2991401701758725,1.0025308755583384,0.40983167438980317,1.0108725893646404,0.27763131047891687,0.999740751413555,1.2124899195977203,1.0025977524738219,1260.8955891529831,0.99141782956001
56,67,uniform,1.4142135623730951,load,load,0.9856917520651565,0.6031025790306159,0.9833864510969382,0.014757025958453629,True,0.32187443864427606,0.9783651432591536,0.6674255937414868,0.9869620304380637,1.893931400118369,1.004187040598768,1.301381281867894,1.0042603145506854,0.4082203464842415,1.0068981595828628,0.2786838188447354,1.0035307976540075,1.2142903557809668,1.0040865180640497,1270.7156074398986,0.9991391201252292
15,80,uniform,8.602325267042627,load,wind,1.0046773612463837,1.0025377571684384,0.9634458801223459,0.21463583277329118,True,0.3218744386442753,1.0116761492377098,0.9951178952799287,0.9573514929424015,1.8239458029441018,0.9670797674913194,1.2972215020331346,1.0010502623826374,0.39039342184886167,0.9629270597565605,0.27741426008991754,0.9989591604661274,1.2099220105592183,1.0004743700118763,1254.787476800294,0.9866151388824419
69,99,uniform,3.0,load,load,0.99877837148779,0.9402541328044373,0.9864825325537999,0.01876670188377516,True,0.32187443864427623,1.0842879208214355,1.0483666412283246,1.011555013696294,1.857064796571045,0.9846398883044445,1.2954221018449164,0.9996616868558487,0.40272885152133664,0.9933530822266539,0.27739636857130395,0.9988947337261037,1.2075610582000063,0.9985221182935041,1265.4400458621624,0.9949910480294081
43,61,uniform,2.8284271247461903,load,load,1.0093499238278338,1.0043259576777064,0.9788717406074058,0.020816990125160695,True,0.32187443864427595,1.0165171418672578,0.9999636633337109,0.9743869724604115,1.8367078775106969,0.9738463852738479,1.2991126290373154,1.002509622392294,0.39646313875414374,0.9778983536515192,0.27859644133082606,1.003216154247031,1.211285947651303,1.0016021981619805,1263.757627720483,0.9936681951645197
46,57,uniform,1.4142135623730951,load,load,0.9683843402969813,0.9116410648250269,0.9560678802553628,0.0051781221090350105,True,0.3218744386442763,1.0892693738197952,1.0531830641064572,0.9886623004208464,1.8650693977213024,0.9888840318567126,1.2950232717079635,0.9993539144263777,0.39958581745497124,0.9856006141192081,0.2777400406463386,1.0001322849876755,1.2075888822507146,0.9985451257678377,1268.1513565497864,0.9971228992154312
49,91,uniform,9.433981132056603,hvdc,load,1.0258368896965298,0.965727134923449,0.9949907167587494,0.159783114406142,True,0.3218744386442755,1.1328760391454875,1.0953450880345945,1.0201569110300912,1.833530513193875,0.9721617054221837,1.3002525828269378,1.0033893110487164,0.3965397334587465,0.9780872787449462,0.2773474171159375,0.9987184612275645,1.2130744386575687,1.0030810863854773,1242.9043612704063,0.977271674833237
14,41,uniform,4.242640687119285,load,load,1.0068061436740958,1.0007114458582829,0.9946677092053359,0.10031101328405412,True,0.321874438644276,1.0155532433351206,0.9968474590069106,0.9947597043399966,1.9233968654732088,1.0198100132432328,1.2994326493780721,1.002756578248006,0.4293999024192983,1.0591387107348478,0.2777270296421336,1.0000854328113191,1.212543658846903,1.002642189008575,1264.2417380166278,0.9940488417328798
36,38,uniform,2.0,load,load,0.9989219009565561,0.9829259144837913,0.9908875259583031,0.021733508454630845,True,0.32187443864427645,1.0094365807205843,0.9759950446199998,0.9940835319079185,1.8807150425801098,0.997179556081108,1.296419238200433,1.0004311650126296,0.40828708410602416,1.007062771633993,0.27810476255328526,1.0014456359662767,1.2089985273057429,0.9997107494494153,1271.4934013538286,0.999750684445564
15,81,uniform,8.06225774829855,load,load,1.0049919121468391,1.0024973756757107,0.9582688955034484,0.13460675134833228,True,0.3218744386442755,1.0125323239723838,0.9937775638877582,0.9512941969187215,1.7806801809311215,0.9441397724491737,1.2985898716109117,1.002106216761071,0.3803186648641006,0.9380771120418839,0.27702258059702267,0.9975487361524413,1.2113030910302907,1.0016163738783845,1254.1666100119733,0.986126963327687
30,87,uniform,8.602325267042627,wind,load,0.8354309384135905,0.5258894892116155,0.8057331717387667,0.45294581127442457,True,0.3541663062591749,0.7806733565421421,0.5195335016903951,0.7966902702894192,1.9492511782664024,1.033518305871408,1.284729992147445,0.9914107141412412,0.4251261683420372,1.0485973082447422,0.2702324667577407,0.9730977709491386,1.1972767268495104,0.990018090894147,1243.5981264479728,0.9778171689823832
69,96,uniform,4.242640687119285,load,sync,1.001714896077122,0.7054758164812877,0.9876043181017349,0.03689212945904352,True,0.3218744386442762,0.8593226779089178,0.8308542521512261,0.962480225014439,1.9186189791775068,1.0172767158390614,1.298058438288892,1.001696116045339,0.4230245833649981,1.0434136321643794,0.2777749224605287,1.0002578931947215,1.2111431511795172,1.0014841209562573,1263.6743816303897,0.9936027403729655
18,36,uniform,2.8284271247461903,load,load,1.0001889115075384,0.9995588549541521,0.9994298238589708,0.034828973543835406,True,0.32187443864427595,1.0007653270651014,0.9990299094179118,0.9994967421218335,1.8575677725733395,0.9849065727171982,1.2963654357610246,1.0003896463159367,0.4003813745180794,0.9875628998053227,0.27785630869076827,1.0005509621963193,1.2100820990393406,1.0006067458343664,1268.4405926873756,0.9973503199996941
4,32,uniform,3.605551275463989,wind,sync,1.002558218857619,0.9988907192226537,0.9977472807687205,0.06460227203780095,True,0.3218744386442764,1.007172600568815,0.9970404551752509,0.9981492551726814,1.932408649579891,1.0245881782876682,1.2985179914929255,1.0020507477368084,0.413999551554664,1.02115288990039,0.2780429611119306,1.0012230911124136,1.2121250895387181,1.0022960775557228,1267.9084476179398,0.9969319046175724
46,65,uniform,2.23606797749979,load,load,0.9926645040709396,0.9615428094236039,0.9624513467066129,0.034406387131901695,True,0.3218744386442753,1.0116885851503012,0.9781724425921408,0.9656932017501867,1.8629681986670252,0.987769948812368,1.2977923597945065,1.0014907864650002,0.4034569424530382,0.995148958952185,0.2780850057451531,1.0013744923831789,1.2104652294426252,1.0009235531537748,1264.2668124189445,0.9940685572507516
13,44,uniform,3.1622776601683795,load,load,0.9976648874830002,0.9901766631202452,0.9874493458701461,0.029326970715768508,True,0.32187443864427634,1.0011580584563198,0.9837104051516398,0.987478841409367,1.8758920523982894,0.994622344010377,1.2968624150553807,1.0007731592720772,0.4045434993637489,0.9978290119262688,0.27820247122826725,1.0017974815271307,1.2100425044921235,1.0005740054351198,1268.1418716487456,0.997115441421079
56,61,uniform,5.0990195135927845,load,load,0.9949200946652936,0.936621934880035,0.9986796100899082,0.06213394543022738,True,0.32187443864427456,1.1579015150154028,1.119541497105543,1.038321139445032,1.8945508825095465,1.004515498212946,1.2976087553848743,1.0013491011459172,0.4095314299578594,1.0101320197958945,0.27783611700544625,1.0004782526354945,1.2113553938733097,1.0016596226609198,1268.858207546611,0.9976786824913209
3,22,uniform,2.23606797749979,load,wind,1.000778501050049,0.9993698965710086,0.9995567984692328,0.052630131622028176,True,0.3218744386442762,1.0025450528373872,0.9981473242707267,0.9998570847350781,1.914938208983513,1.0153251236493974,1.2972600111466286,1.0010799794032903,0.41198082327639085,1.0161735844698863,0.27779265534483266,1.00032174869808,1.2108256954217997,1.0012216194508403,1265.9153436809866,0.9953647655171898
28,87,uniform,6.082762530298219,load,load,0.9102420456433872,0.5950822170343085,0.881455540363661,0.030511779337054734,True,0.3218744386442753,0.7137373614300615,0.6759887303221598,0.854518473301477,1.929713440898117,1.023159143619476,1.2921071515074922,0.9971035794702843,0.42548451117214636,1.0494811807396927,0.2768319919767096,0.9968624331192785,1.205983834336884,0.9972179251000143,1260.8344474106552,0.9913697549898429
22,58,uniform,6.708203932499369,wind,sync,0.8870231376011858,0.7278854150094024,0.8563286324349335,0.32770048517580697,True,0.3733361578060237,0.9817683291493958,0.9492434121325949,0.8838188731189093,1.9408307678411716,1.0290536948379718,1.2921758946354283,0.9971566277169789,0.41865722495487245,1.0326413000568126,0.2774977698509968,0.9992598762288694,1.2043837385092968,0.9958948192708013,1249.8876027439208,0.9827624626229031
52,68,uniform,6.082762530298219,load,load,0.9276275596961311,0.6941155289641247,0.9288420624735526,0.21757924698840503,True,0.32187443864427717,0.8711837898200967,0.8423224183244095,0.9144846359040124,1.9465882043920921,1.032106362517035,1.2999087153739384,1.0031239526627271,0.4202115256669964,1.0364750690983475,0.2781120420415378,1.0014718491518244,1.2124882433663586,1.0025963664121575,1259.6808638248017,0.9904627145142145
2,59,uniform,8.602325267042627,load,load,0.8899392231513978,0.7525505384683883,0.8549430454225809,0.36455770223931505,True,0.32187443864426435,1.01442865339018,0.9808217353512096,0.8906321836457181,1.937119321090012,1.0270858375390464,1.2914857885735125,0.9966240811524408,0.4155387874111921,1.0249495006388063,0.277164794315463,0.9980608428362645,1.2035006441873406,0.9951645959773083,1248.7045891233033,0.981832281879801
39,77,uniform,4.47213595499958,city,load,0.9432472708728984,0.705803284434952,0.9441583722975709,0.04287371181798649,True,0.32187443864427523,0.8886981691045963,0.8592565652710799,0.9286481437804383,1.904774702913682,1.009936300653098,1.2970795293789847,1.0009407037895481,0.41004715423627613,1.0114040823749948,0.278013285241668,1.0011162293294829,1.2100525150877135,1.0005822831127131,1266.566440732086,0.9958767105432387
55,82,uniform,4.242640687119285,load,load,1.0158888455545503,0.982579664663169,0.9983824690375676,0.036439817445796496,True,0.3218744386442756,1.0457794086243504,1.01113387416017,1.005882751437991,1.8472011981005512,0.9794100802147108,1.296372932808708,1.0003954316976458,0.39795869333880346,0.9815872221065552,0.277628222240929,0.99972963077532,1.209417238239913,1.0000569780116078,1265.8657616543364,0.9953257801280192
47,67,uniform,2.0,load,load,0.9397100273171783,0.7031564725155672,0.9283260767606125,0.012366435068101311,True,0.3218744386442755,0.8874141460844296,0.8580150805371244,0.9133011891373884,1.9041912660141187,1.009626954826997,1.2938392029735204,0.9984401827965553,0.41159394818245343,1.0152193355613521,0.2774373717267359,0.9990423846713488,1.2075532192566016,0.9985156363369021,1267.557240082746,0.9966557569212346
31,64,uniform,4.242640687119285,load,load,0.9730402410827206,0.9160241492816894,0.9159163907191645,0.18107317575999782,True,0.32187443864427795,1.0341529832448915,0.9998926196091453,0.9333530440598156,1.890889402237362,1.0025741337905039,1.2968348045273823,1.000751852559034,0.4110547944451496,1.0138894829204954,0.2777883651235265,1.000306299759468,1.2091327104261314,0.9998217043470576,1257.7943700516773,0.988979400924954
2,28,uniform,6.324555320336759,load,load,0.9746874976143896,0.9175748834644727,0.9403133761065687,0.3532708264319143,True,0.3701953928674336,1.058658331344604,1.02358613217725,0.966003997307473,1.9637323879359851,1.0411964314262616,1.2899053378845413,0.9954044663261388,0.427856811217289,1.0553325905726534,0.2764585075948234,0.9955175287713356,1.204291122016762,0.9958182354693556,1252.1125743727962,0.984511914807611
6,59,uniform,5.830951894845301,load,load,0.9450573525495217,0.8442242939171973,0.9228701197409985,0.022573106130103326,True,0.32187443864427656,1.0992154974615829,1.0627996834889577,0.9676930966600124,1.8873049016339085,1.0006735849887989,1.2974944438316807,1.0012608882924157,0.41043497734841095,1.0123606696230716,0.27837822856617994,1.0024303776250822,1.208109156017787,0.9989753357853453,1261.40131367725,0.9918154709781554
59,70,uniform,9.219544457292887,load,wind,1.0293885022026497,0.9000716758226018,0.998808614112743,0.3769242778375054,True,0.32187443864427595,1.1924673363580116,1.1529621903793332,1.0422752866149103,1.8425100743877636,0.9769227854595087,1.2938908817123413,0.9984800626589961,0.3968706985151145,0.9789036224402402,0.2738027551395055,0.9859542559882052,1.2069564429290618,0.9980221669933222,1255.1176698626368,0.9868747633049714
14,86,uniform,7.280109889280518,load,load,0.8400388904202416,0.46123900938725637,0.7802191768043855,0.11345365119609885,True,0.3218744386442773,0.868002382546082,0.4530653545941496,0.7980734701220078,1.801323383333143,0.9550850666278708,1.2988508364310412,1.0023076001803666,0.3957898331585621,0.9762376080006305,0.2779102601209645,1.0007452394313732,1.2108607788424468,1.0012506296373345,1254.192611869596,0.9861474080857389
16,67,uniform,5.0990195135927845,sync,load,0.8709972603306567,0.54141448094681,0.840365832970106,0.03332677184152355,True,0.32187443864427523,0.8196315119358819,0.5539633147879003,0.8302971129757962,1.8846057054926901,0.9992424361177911,1.2981702711864036,1.0017824161500024,0.41030982133076854,1.0120519653536488,0.27823288480373065,1.0019069997609873,1.209822779279538,1.0003923164983795,1258.914102131142,0.9898598246154335
35,54,uniform,2.23606797749979,load,load,0.9963440236280241,0.9928795228508095,0.9740433982865249,0.05053299072716011,True,0.32187443864427534,0.9987345999932705,0.9849233706482315,0.9704330976366322,1.8521209099376663,0.9820185753640085,1.2989301984773864,1.0023688429189372,0.40306845600525465,0.9941907355498851,0.2781699512251937,1.0016803781202686,1.2110840139050931,1.0014352208396735,1264.5687904559559,0.9943059967442387
45,83,uniform,4.47213595499958,load,wind,0.9940326160180388,0.9889712326032899,0.9527045326693202,0.05497111071435945,True,0.32187443864427545,0.9985800759562766,0.9743367747982905,0.9466280015415771,1.7770743476197697,0.9422279127685155,1.2995593720253384,1.0028543685938311,0.38881491546439123,0.9590335860796563,0.2784174532003041,1.002571624176581,1.2122660937012977,1.002412672715985,1256.1636230273798,0.9876971760608979
58,63,uniform,5.0990195135927845,sync,load,1.0117459112759912,0.855552728227609,1.0008753347159545,0.1139088022697653,True,0.321874438644277,1.1569546364699574,1.118625987616525,1.0335574265976641,1.8837351474552473,0.9987808549331534,1.2990342906873478,1.0024491696279305,0.413108313077159,1.0189546006909525,0.27778477707159055,1.0002933793084845,1.212245843673803,1.0023959281379677,1264.2949679730361,0.9940906954187075
43,94,uniform,5.0990195135927845,load,load,0.9440414916907489,0.7983005068510308,0.895291785512786,0.12166232965099233,True,0.3218744386442768,1.0875081424060185,1.0514801803739813,0.9409943679899476,1.870954212264992,0.9920042370028603,1.2953299584360298,0.9995905808932215,0.4022188617392981,0.9920951641013983,0.27844947290721755,1.002686926034266,1.2076336878525753,0.9985821751444945,1261.0943588462146,0.991574118327725
36,75,uniform,4.123105625617661,load,load,0.9843742490957749,0.9266940317898963,0.9388580429190647,0.05097132459747622,True,0.3218744386442753,1.0325156498715016,0.9983095293097244,0.9506347222656765,1.862086712594074,0.9873025734412905,1.2990789046574425,1.0024835976931448,0.4087414904951075,1.0081835902330936,0.2784621985636555,1.0027327506831774,1.2116715723133296,1.001921067963038,1260.9615594096315,0.9914697006976558
30,58,uniform,8.246211251235321,wind,sync,0.9411754280703735,0.7958769057053701,0.8964624025971702,0.4800759405133321,True,0.3772298445067567,1.0793634135650811,1.0436052775416964,0.9429727273757147,1.958144635974452,1.0382337327215982,1.2883055445927079,0.99416992504538,0.42327252822059913,1.0440252019230476,0.2710743727411921,0.9761294452911404,1.2007482485707124,0.9928886631101173,1244.655545807332,0.9786485973855032
9,45,uniform,5.656854249492381,city,load,1.0000012282801385,0.9999867883109758,0.9979467737769405,0.09199431418906734,True,0.3218744386442762,1.0016435375461206,0.9985472394102206,0.9977832957124214,1.9113231072741173,1.0134083497436503,1.2978586659170877,1.0015419541039141,0.41770654579334315,1.0302963970985408,0.2779248342861195,1.0007977204962726,1.21134803762522,1.001653539841028,1268.7870639941218,0.9976227436911514
82,84,uniform,2.0,load,load,1.0016051641429593,0.9429152872231547,0.9952819822010569,0.0263861079290455,True,0.3218744386442763,1.1241298323937026,1.086888633600508,1.028017599471038,1.8588871690049698,0.9856061338512353,1.296029007841667,1.0001300289287611,0.3983898114623744,0.9826505989052008,0.2778959098578645,1.000693564630034,1.209473769502007,1.000103723238437,1269.0884860451479,0.997859746023605
4,55,uniform,5.0990195135927845,wind,load,0.9745095734387631,0.9174073849019945,0.9169062158045791,0.06907139465913492,True,0.32187443864427684,1.0266762536640184,0.9926635859479254,0.9293302405985848,1.798996722740895,0.9538514409461479,1.300947191978758,1.0039253325936826,0.38719856989768237,0.9550467799579484,0.2786744877464824,1.0034971966917712,1.2133481122020893,1.0033073847457465,1261.8559707583727,0.9921729590528527
26,79,uniform,5.830951894845301,load,load,0.9176231769210066,0.7224504005155997,0.8965711931965777,0.013081611147850225,True,0.3218744386442763,0.9631177427046762,0.931210699333234,0.9078575271849029,1.9186386311586847,1.017287135574866,1.2923184101770742,0.9972666052498325,0.42161951215492,1.0399479459787324,0.2767864510479945,0.9966984418093099,1.2048133595037502,0.9962500692704033,1259.6425157732292,0.990432562182503
35,63,uniform,3.605551275463989,load,load,1.0129617250866365,1.0046331147766452,0.9798889646853945,0.0721627881795211,True,0.3218744386442755,1.0274123004877693,0.9984916845534453,0.97689563339244,1.8153110729908242,0.9625015214589608,1.2999416007192879,1.003149329889006,0.39642210957929785,0.9777971529127581,0.27841192587693436,1.0025517204762042,1.21231652998665,1.0024543780576294,1262.8741801170904,0.9929735573903692
20,87,uniform,9.219544457292887,wind,load,0.8190658912617205,0.5319025398402968,0.7883951901523468,0.3806502810423203,True,0.3218744386442295,0.737443048651867,0.5310807930138207,0.7701153887040189,1.925983621241396,1.0211815447672603,1.2884564954258275,0.9942864119914139,0.41679343941897723,1.028044169506823,0.27303662837521314,0.9831954599947329,1.2012724949494258,0.9933221580468958,1250.2900471123362,0.9830788968508324
3,8,uniform,5.0,load,load,0.9972762510980452,0.9612301290201883,0.9796178898759904,0.25929113664322134,True,0.3218744386442463,1.0251159946516046,0.9911550166197242,0.9885080124173468,1.949216289656358,1.0334998074769735,1.2930050404585043,0.9977964695962901,0.42239178657211046,1.0418528037254347,0.27707258621500114,0.9977288046541044,1.206616750169387,0.997741277897358,1259.160131266748,0.9900532725691971
13,34,uniform,2.23606797749979,load,load,0.9989651026125778,0.9968461760156297,0.9940424506181139,0.011983991372697123,True,0.3218744386442763,0.9997668268985215,0.9944300679491503,0.9935687736836071,1.8718583022366357,0.9924835972547698,1.2968357541323836,1.0007525853578154,0.4023399635458511,0.9923938684339739,0.27814461078559843,1.0015891280732965,1.2100319526292265,1.0005652801881268,1269.513861738092,0.9981942107087655
11,84,uniform,7.615773105863909,load,load,0.9118861077144018,0.8092437036626536,0.8281006353883456,0.3178307539467014,True,0.3218744386442719,1.0611478546094142,1.0259931802437927,0.873808538430669,1.8435708439036873,0.9774852192418971,1.286629107602474,0.992876238742531,0.3945868739714058,0.9732704423460207,0.27628576830934437,0.9948955005758647,1.1997958072764388,0.9921010973864214,1241.1440079174422,0.9758875430181461
4,20,uniform,4.47213595499958,wind,wind,1.0030535502415368,0.9895559664371942,0.9927047998857897,0.2743667237532301,True,0.32187443864427734,1.012420980262776,0.9788805742510598,0.9957268526900126,1.9511573297279305,1.0345289721473698,1.2954854207994597,0.9997105493330433,0.4328581841770599,1.067668754783849,0.2741523823767262,0.9872132515829407,1.2089949274109923,0.9997077727266173,1263.9157763224853,0.993792544353377
29,38,uniform,1.4142135623730951,load,load,1.0011325642089042,0.994197812889233,0.9981189270803876,0.010859913527492271,True,0.3218744386442761,1.0054727447674177,0.9913387366019922,0.9995911673030188,1.8774825687914756,0.9954656564713235,1.2959608027034328,1.000077395842262,0.40533806302760345,0.999788847337945,0.277736894557992,1.0001209560322986,1.2094473246963937,1.000081856250313,1271.5639530653375,0.9998061578926104
5,54,uniform,5.0990195135927845,load,load,0.9905719015424854,0.9724100337210728,0.9526885853110233,0.03837148063980855,True,0.3218744386442756,0.9996222814000035,0.9665058823623107,0.9504405332448577,1.8266940673016812,0.9685369329682993,1.3002062165577777,1.0033535307553465,0.3926449271609149,0.9684805226707001,0.2787348005359113,1.0037143809615119,1.2120050270152158,1.002196798861299,1263.2443549374668,0.9932646186964221
27,68,uniform,4.123105625617661,load,load,0.9545294992265091,0.8071693773459704,0.9302618195665636,0.006825186355675861,True,0.3218744386442758,1.098320575881319,1.0619344096873709,0.9745614338125326,1.8766652156158994,0.995032285195862,1.293253256601754,0.9979880150146618,0.4045905931519025,0.997945171370618,0.27714767397116924,0.9979991930683072,1.205718252227841,0.996998317479926,1262.5546837691477,0.9927223435876129
27,86,uniform,6.082762530298219,load,load,0.912123048019776,0.6077162853127025,0.8730137340238067,0.03681432894450498,True,0.3218744386442753,0.7134197987363115,0.689784976688074,0.8428348167580594,1.9274523756777935,1.0219602974563808,1.295991860384221,1.0001013626817363,0.42113078460542824,1.0387424723310839,0.2780237311702201,1.0011538447570867,1.2088071611269098,0.9995525103600039,1260.217672562011,0.9908847968481614
70,77,uniform,7.0,wind,load,1.0151723447790537,0.6748865389019607,0.9857816664138033,0.35129704087907865,True,0.3218744386442763,0.834059049976339,0.787683336940435,0.9608873585215814,1.8600486703183823,0.9862219769416949,1.2938730320264935,0.9984662882706796,0.39767464405105174,0.9808865987605333,0.2741595697710438,0.9872391331414127,1.2075759322524462,0.9985344175228053,1261.6708817021224,0.9920274271055595
12,15,uniform,3.0,load,load,0.9991201763255151,0.9692769699418448,0.9822559433593158,0.2089141228138791,True,0.3218744386442664,1.021043789823425,0.9872177195087517,0.9894847360818039,1.9817880783748394,1.0507697931365259,1.2932600418832503,0.9979932511349477,0.4312866152950489,1.0637923928421111,0.27729790482233224,0.9985401691699152,1.2065009729325822,0.9976455426705887,1261.3177356193617,0.9917497551667406
2,46,uniform,5.656854249492381,load,load,0.9762018168188512,0.9190004698918792,0.9425233349382744,0.2718258808656038,True,0.32187443864426785,1.060414484311095,1.0252841057058755,0.967884193925738,1.9588500906129092,1.038607773938521,1.2929418466323737,0.9977477036791896,0.4201980756910822,1.0364418939856639,0.27737487092238367,0.9988173214355082,1.2066339386803997,0.9977554909330552,1255.7362691371375,0.987361155957439
11,28,uniform,7.0710678118654755,load,load,0.9689098414324183,0.9121357737899919,0.9325795745056591,0.46250213878139856,True,0.4309741494312453,1.0662713278115374,1.0309469183507929,0.9626355848423686,1.9162779130142116,1.0160354521363644,1.2885106565429698,0.994328207475409,0.4113632886976875,1.0146504011299808,0.27618341631641996,0.9945269345876179,1.2029537804673107,0.9947123989505542,1247.3924649098904,0.9808005839731972
26,76,uniform,5.0,load,load,0.9241086733564288,0.6958078149644094,0.8852355281016174,0.028086211887928147,True,0.3218744386442753,0.925250639874512,0.8945980924372428,0.8845425564220015,1.8973090771577383,1.005977928859056,1.2963811442462476,1.000401768365432,0.4134882181965628,1.0198916577701456,0.27809132666838643,1.00139725380923,1.2085916277034632,0.9993742875785706,1260.4763644579707,0.991088201285629
73,91,uniform,2.8284271247461903,sync,load,1.0087506942463764,0.9875715658789137,1.0037566316582127,0.028940774603091524,True,0.3218744386442763,1.028668659765647,0.9945899858022601,1.0092848220948605,1.8363818089941344,0.9736734995089997,1.2946510943182856,0.999066709602062,0.39292177403294454,0.9691633808582786,0.27682373982573166,0.996832717408881,1.208204361195966,0.9990540601492541,1265.3385653315936,0.9949112558497664
86,94,uniform,2.23606797749979,load,load,1.0101197691084598,0.8541776296456313,0.9972413640403994,0.020956844297953525,True,0.32187443864427634,1.1607040353104099,1.1222511729510738,1.0370466830364913,1.8958950824341634,1.0052282104812942,1.296121897055718,1.0002017104202816,0.41010194887947177,1.0115392364060565,0.2780650415742835,1.0013026020940323,1.2096249350665045,1.000228720776781,1268.8307541569975,0.9976570964217216
13,45,uniform,3.605551275463989,load,load,0.9974747049862438,0.9663599901077442,0.9797301854651114,0.08563296314003777,True,0.3218744386442768,1.0178520203291201,0.9841316898665653,0.9859439534063936,1.8878276260426632,1.000950740263295,1.2950042976522467,0.9993392723753293,0.41015936603846476,1.0116808590180022,0.27737926946461555,0.9988331604340291,1.2089520594420538,0.9996723255623842,1263.9348796860186,0.9938075649588692
7,89,uniform,8.246211251235321,load,load,0.8906114334145236,0.6664174859234702,0.869182554187399,0.010545225613587061,True,0.3218744386442762,0.8317408420334474,0.8041861725015222,0.8531856863971634,1.944911015782211,1.0312170953204631,1.2929584595733652,0.9977605236863453,0.4362391574933396,1.0760081132677657,0.2772364431248911,0.9983188477221399,1.204570767572438,0.9960494720355969,1255.573413221397,0.9872331054987782
20,73,uniform,5.830951894845301,wind,sync,0.9937985772947148,0.9855444517660154,0.9304351656189058,0.23819826216617013,True,0.32187443864422466,0.9885258407686291,0.9655080776002477,0.9193827572842466,1.8468900170693985,0.9792450879880946,1.2940761685287139,0.9986230462711665,0.39906837032642895,0.9843243020345757,0.2739024182653297,0.9863131394589773,1.2064928609653278,0.9976388349528535,1251.959625801403,0.9843916543023088
24,75,uniform,5.0990195135927845,load,load,0.9171785384453472,0.8544576157908247,0.8785970162747196,0.06536297362280263,True,0.3218744386442768,1.0731204198876452,1.0375691074551896,0.9177778810924679,1.8019660745056654,0.9554258298395235,1.3008057995226587,1.0038162217324647,0.39190781912703676,0.966662404761787,0.2784560301640849,1.002710538489563,1.2130103008413682,1.0030280513628087,1255.7830594734614,0.9873979462944675
7,95,uniform,9.219544457292887,load,city,0.9264200628203015,0.6932119957261046,0.8688844367142076,0.01626271148026348,True,0.3218744386442756,0.9155739538247533,0.8852419844723757,0.8638576267319548,1.898567603698997,1.006645215986194,1.300226795929454,1.003369411609452,0.4041722468502191,0.9969132969800808,0.2786526951649903,1.0034187223591804,1.2121332657460455,1.002302838393036,1258.0361911593138,0.989169540187663
30,65,uniform,5.830951894845301,wind,load,0.9288313200039279,0.8744056862294304,0.896461982358017,0.3888671551317102,True,0.3145680004943982,1.0814511808331715,1.0456238793507586,0.9368024915684497,1.9185239385094182,1.0172263240417565,1.289383946423811,0.99500211479423,0.41657992381151754,1.0275175214011003,0.27099864931897727,0.975856767865478,1.2020515639304228,0.9939663636578,1248.403740110335,0.9815957301160958
16,89,uniform,7.615773105863909,sync,load,0.8725526124371724,0.6257177306646667,0.8551540462959795,0.01573963325637462,True,0.32187443864427606,0.7437370580968736,0.7190978582177345,0.8283046123271038,1.9792027858961092,1.0493990374675846,1.2938282186825805,0.998431706351083,0.4437641234901751,1.0945688598802077,0.2773128936820696,0.9985941435356697,1.205355244363536,0.9966981493193501,1254.9360526164064,0.9867319611747891
20,49,uniform,9.219544457292887,wind,hvdc,0.9379531977296626,0.8633572793778571,0.9089704676440189,0.40853429982805883,True,0.34466655770297877,1.0997143648131833,1.0632820239077458,0.9551280260830003,1.9673055534724249,1.043090970228133,1.2891044075738731,0.994786398019078,0.4250104096329504,1.0483117829588542,0.27326410471405554,0.9840145944271238,1.201623436516102,0.9936123486870918,1242.4811029525483,0.9769388749991794
64,88,uniform,4.47213595499958,load,load,0.9715007458019351,0.649417253078501,0.9601849400697626,0.11945015248465429,True,0.3218744386442766,0.7912486687658964,0.7650354608968241,0.9382982238624299,1.8858260206041582,0.9998894630482842,1.300018484816897,1.00320866042428,0.4075290884118112,1.0051931331506399,0.27765709112823017,0.9998335866405038,1.2136354430366105,1.0035449762046535,1261.905073097273,0.9922115672728178
7,52,uniform,7.0710678118654755,load,load,1.0116070020825192,0.9967577417739574,0.9933184157240204,0.22475202945293704,True,0.3218744386442767,1.031682692100198,0.9975041665234962,0.995835821443319,1.9566799093906961,1.0374571156522914,1.3000579752058328,1.0032391346834129,0.41935644885619017,1.034365974648456,0.27821734864499054,1.001851054590444,1.21327420763474,1.0032462736784096,1264.1065932572837,0.9939425800208571
37,59,uniform,2.8284271247461903,load,load,0.9825708477357302,0.9249963022131522,0.9692597456969567,0.0040962243846141,True,0.3218744386442762,1.0799164175925264,1.0441399611471351,0.9971286224791763,1.8746706825676434,0.9939747578540693,1.2953112885245772,0.9995761735466512,0.4050646870701044,0.9991145503538514,0.2775003732482571,0.9992692509724053,1.2080450222611174,0.9989223041194688,1264.2193297337235,0.9940312225331679
57,65,uniform,2.23606797749979,load,load,1.013799456372412,0.9779373272507325,1.0002083039457719,0.031803399255737164,True,0.3218744386442762,1.0456983460807738,1.0110554971305021,1.008878349119845,1.8972557478300682,1.0059496529564933,1.2958193968554512,0.9999682746466892,0.41014573615637184,1.0116472401567356,0.277634978741771,0.9997539607012822,1.2092815613945351,0.9999447879652907,1268.894179287979,0.9977069663762508
22,69,uniform,8.06225774829855,wind,load,0.863148018406743,0.6458674465935353,0.8283143323729406,0.3890491213486891,True,0.3515656325517138,0.8013004704751729,0.7747542573473684,0.8154682033123543,1.9363700470173384,1.0266885626886542,1.29156439036452,0.9966847372110927,0.4134187305187482,1.0197202625530581,0.2774698628020484,0.9991593839103435,1.2037660735824534,0.9953840773195275,1248.5593520322184,0.9817180847624078
9,86,uniform,8.54400374531753,city,load,0.8947863857714564,0.5810755352944834,0.8486925714633322,0.07612281121177078,True,0.3218744386442752,0.7206597118646602,0.6370059952423112,0.8192619769851855,1.8989054666290202,1.0068243553023313,1.298324012998884,1.0019010568613085,0.41673929403461063,1.027910616908727,0.2783809713078934,1.002440254143177,1.2102086826451035,1.0007114167570574,1258.8045308173612,0.9897736708093412
2,88,uniform,10.0,load,load,0.8108934911814898,0.46511528626960935,0.7522077224704604,0.3940067711391967,True,0.3218744386442671,0.7855113925427336,0.4557268153785896,0.7566057966630143,1.895106197836866,1.0048099336159946,1.2887266207646235,0.9944948644730094,0.4086430851480145,1.0079408679784718,0.276654810711359,0.9962244095078477,1.2003199358128793,0.9925344948804121,1242.7824439200726,0.9771758135772429
19,70,uniform,10.816653826391969,load,wind,1.0262690252695728,0.9970812233061266,0.9883099609892095,0.45376128770151736,True,0.3218744386442753,1.0632825293141273,1.0280571354971164,0.9933384501086672,1.8766318964712803,0.9950146189523917,1.301559400680739,1.004397766700572,0.4049327916255832,0.9987892229136845,0.2758430185088267,0.9933011738499122,1.2144743229990091,1.004238639014795,1258.6834138992986,0.9896784389177701
1,21,uniform,2.0,load,load,0.9993530844269871,0.9988660484626591,0.9966304605017621,0.01640148354053804,True,0.321874438644276,0.9996831921946719,0.9981201920073023,0.9962354976899181,1.9284791418400857,1.0225047022187894,1.295008755115529,0.9993427121462407,0.42607548922271066,1.0509388609278358,0.2774379160404572,0.9990443447262425,1.208476548753817,0.9992791297596003,1266.8263084114649,0.9960810394764819
78,96,uniform,2.8284271247461903,load,sync,1.0121159865175722,0.8108050316913321,1.0020381489297143,0.027228050477289156,True,0.3218744386442762,1.0847985025812885,1.0488603079697598,1.0162370802827518,1.9214945400419172,1.0188013755782228,1.2972718451545366,1.0010891115651475,0.4249728305677462,1.0482190921071637,0.2775226067001155,0.9993493128639445,1.2109267756040218,1.001305201806353,1266.1862188582422,0.9955777494332465
40,63,uniform,3.605551275463989,wind,load,0.9944200027683155,0.9768159737019183,0.9646270729739249,0.26929350517316897,True,0.3218744386442774,0.9988506413050509,0.9657598058645022,0.9636948693959562,1.9053990664475198,1.0102673463125464,1.291505005907989,0.9966389109387879,0.4133903287091771,1.019650207912146,0.2720372069133971,0.9795965778603971,1.204235602292797,0.9957723266749271,1257.7894524463047,0.9889755343069031
11,46,uniform,5.830951894845301,load,load,0.9698081502468854,0.9129814454619556,0.9344213305318276,0.373691350581197,True,0.35136353545813054,1.068317444599421,1.03292524951476,0.9642451775638704,1.9419390251777968,1.029641307280016,1.2898937162882758,0.9953954980797964,0.417134777413239,1.0288860986296067,0.276747880615644,0.9965595510157826,1.2039376607232393,0.9955259612881484,1251.6245656412889,0.9841282029748792
35,82,uniform,5.830951894845301,load,load,1.0021379845672265,1.00053175435265,0.9608281492469446,0.07281387677281126,True,0.32187443864427573,1.0075629618770319,0.9920494973964902,0.9539880122751776,1.775947604982047,0.9416304991796071,1.2986157408639722,1.0021261797531456,0.3856132467803313,0.9511364924307525,0.2783018903083325,1.0021554861975617,1.2113349213154947,1.0016426940744458,1257.5247539573343,0.9887674070014542
46,51,uniform,5.0990195135927845,load,load,1.0269412097136783,0.9667667464025361,1.0012430098831469,0.15244832027542143,True,0.3218744386442763,1.1115043280389876,1.0746813984741226,1.0233445786027342,1.91891374090795,1.0174330023390672,1.3007164049489828,1.0037472370129747,0.4153859038265842,1.0245724047853098,0.27809527618648,1.0014114758873514,1.214639821967665,1.0043754887249075,1266.102245035778,0.9955117224397956
1,54,uniform,5.830951894845301,load,load,0.9702048795040429,0.9133549280425717,0.9014005249417443,0.2457543898388907,True,0.32187443864426496,1.0177945932466224,0.9840761652808557,0.9124128598820074,1.8977687030728205,1.0062216284922212,1.2945086508009276,0.9989567876494868,0.4171474782009271,1.0289174258279166,0.27750411711095396,0.9992827324925526,1.2071033829324196,0.9981436704505748,1249.058518168616,0.9821105694469404
52,81,uniform,3.1622776601683795,load,load,0.9971517041751067,0.9947608830955799,0.9762506099749515,0.03779747633336705,True,0.32187443864427623,0.9973240264876356,0.9902463020881234,0.9725947692253015,1.8597312252014135,0.9860536634153753,1.2971355822283344,1.0009839591005807,0.397511495981154,0.980484184983919,0.2775238494280835,0.9993537878843964,1.2096326650876013,1.0002351126664397,1264.7679312306163,0.9944625772861084
32,92,uniform,6.0,sync,city,0.9809154983318591,0.9375775595206871,0.9190559438234478,0.1888438906195395,True,0.3218744386442772,1.000791739488448,0.9676365975761361,0.9202466199970394,1.7913226385733139,0.9497825417932708,1.296430297601623,1.0004396994197806,0.3800965514196949,0.9375292568937591,0.27824082970380765,1.0019356090715121,1.2087894206023877,0.9995378408689624,1254.0076534983787,0.9860019788935609
22,51,uniform,3.1622776601683795,wind,load,0.9970578625614066,0.993949448297943,0.963384145412253,0.028175779029925158,True,0.3218744386442763,0.9976560666509118,0.9849297529887027,0.9573500423654485,1.8714165686229094,0.9922493843522998,1.2976224928735725,1.0013597022010525,0.3997810203406237,0.986082092879396,0.27813928844885605,1.0015699625226784,1.2099408786281596,1.000489971859948,1261.7058542965635,0.9920549253805738
66,96,uniform,3.0,load,sync,0.9705948019324043,0.528266492136721,0.985792999795709,0.005433833009128919,True,0.3218744386442762,1.1282786121577368,0.577625849590442,1.0299777092216782,1.9116620728299378,1.0135880736863143,1.3018627808614718,1.0046318815445276,0.41074051635669295,1.013114298558448,0.27861919402377294,1.0032980859077798,1.2147771446749431,1.0044890397206354,1270.5696660980047,0.9990243692690376
62,79,uniform,7.0710678118654755,wind,load,0.9936970556883129,0.6453082632195073,0.9866751808576362,0.20442005527332918,True,0.3218744386442768,0.8916821704070941,0.7531784925926576,0.9690427676208476,1.8930707543261598,1.003730715015366,1.2975292875987265,1.00128777680921,0.41294548543252346,1.0185529772610455,0.2773593000043953,0.9987612510981134,1.2116345440041227,1.001890449564494,1260.3785776143955,0.991011313380674
18,83,uniform,8.602325267042627,load,wind,0.9990071141403344,0.9975673354701019,0.958008848831437,0.13477380249419213,True,0.32187443864427445,1.0089252035299026,0.9831481597861372,0.9529346248291392,1.8791795206342314,0.996365402390795,1.3040002897742253,1.0062813715156724,0.41257105880095957,1.017629433176417,0.2789558360314798,1.0045103221399312,1.2173377209619718,1.0066063587918443,1256.1179737402056,0.9876612829087602
29,33,uniform,6.082762530298219,load,load,0.9969436697543742,0.9385269369253976,0.9776290025921327,0.21162145866888604,True,0.3383875916400304,1.0568947272800948,1.0218809543973797,0.9964707977878877,1.9843501145033386,1.052128217986351,1.2960264776413706,1.0001280764035627,0.4350668540406136,1.0731165616849296,0.27792898921490955,1.000812682251211,1.2099527850760943,1.0004998172019557,1262.1728860429516,0.9924221434153762
28,54,uniform,5.0,load,load,1.0045552540863887,1.0011757716546013,0.9886781510439748,0.10709275388012507,True,0.3218744386442763,1.0131260054497528,0.9969541788889322,0.98752991166302,1.9183887262079424,1.0171546327223862,1.3009431861278609,1.003922241326628,0.4211616897044517,1.0388187014744779,0.2781307689625726,1.0015392841470876,1.214797204369327,1.0045056269137984,1265.485548876325,0.9950268261699041
63,96,uniform,4.242640687119285,load,sync,0.9261735761350525,0.4813274995934003,0.9304787843762101,0.08840431975148066,True,0.32187443864427656,1.0926021557154324,0.5102862381135237,0.9969674706839854,1.920593820612622,1.0183238024316679,1.3049199719318343,1.006991079197622,0.415228425322418,1.0241839753074937,0.27906016307007786,1.0048860001993722,1.217124956301494,1.0064304254773047,1268.796057740377,0.9976298152999893
25,75,uniform,5.0,load,load,0.9435924213690474,0.8883018487410639,0.8986624506010689,0.008747777776042298,True,0.32187443864427584,1.063776861021873,1.028535090532998,0.9288433209797671,1.8198289480796823,0.9648969575423331,1.3015536710335707,1.004393345200626,0.3921833880009405,0.9673421106960004,0.2786756551035482,1.00350140030421,1.2136717394165324,1.0035749893770063,1258.0550306246532,0.9891843532951063
75,86,uniform,1.4142135623730951,load,load,0.9982306123181613,0.7971170510130803,0.993541992536173,0.02571587672706943,True,0.32187443864427606,1.0674000083687758,1.032038206948673,1.0059100783032957,1.8799267165220646,0.9967615753605783,1.2983223941813447,1.0018998076392442,0.40463928801238946,0.9980652799488106,0.278494049095325,1.002847443346657,1.2117353585400013,1.0019738122592718,1270.8435402057908,0.9992397111862032
22,60,uniform,4.47213595499958,wind,wind,1.0003784989401625,0.9974024341464557,0.9611031214329573,0.05730445449295472,True,0.32187443864427484,1.0038565116839655,0.987359230585185,0.9544248936534786,1.852683833457045,0.9823170447293577,1.2961037222245804,1.000187685121248,0.3997231708303547,0.9859394038490126,0.277966265164912,1.0009469116585528,1.2085484361632814,0.9993385728559885,1253.7638619822224,0.9858102903367192
8,74,uniform,8.06225774829855,load,load,0.9899472032161558,0.972533448891096,0.9424811445074066,0.11618236199987031,True,0.3218744386442751,0.9998869421713513,0.9667617752101371,0.9392752639075849,1.8574152154837438,0.9848256849657654,1.304320273072948,1.0065282987864912,0.40279967033847175,0.9935277607728148,0.2791368280249332,1.0051620680515247,1.216621974930193,1.0060145143969303,1259.368646590786,0.9902172241380393
37,60,uniform,7.615773105863909,load,wind,1.040477490574812,0.9795098577732034,1.0062897602479888,0.35257234638938917,True,0.364872893394094,1.1424810700256656,1.10463191468772,1.0311947108859434,1.9198253641415708,1.017916356824374,1.3025792522996886,1.0051847739534898,0.4159076380060724,1.0258592911192286,0.2784919483505309,1.0028398786372754,1.2164265623732864,1.0058529293914034,1262.660385999307,0.9928054552080402
26,63,uniform,5.0,load,load,1.019916358616338,1.001591921961875,0.9855423287905056,0.11217771299797796,True,0.3218744386442753,1.0470406860997412,1.012353366884511,0.9865436364050154,1.8723532913654317,0.9927460469234025,1.3044966999727965,1.0066644453074267,0.4127467619225776,1.0180628146854815,0.27929520364252525,1.0057323731754817,1.2170668554817614,1.0063823823964184,1262.7848074016779,0.9929032853517495
53,85,uniform,3.605551275463989,load,load,0.941913613130124,0.7048053488519619,0.921518536981926,0.0967013262026678,True,0.3218744386442769,0.9045958038064356,0.8746275286248133,0.9129086582488137,1.8775300627459806,0.9954908383832014,1.2913834662191206,0.9965451202197466,0.40323252051898767,0.9945954097861239,0.27694249333926885,0.9972603447058593,1.2048231423943714,0.9962581586606662,1267.176804221288,0.9963566275569177
41,74,uniform,4.242640687119285,load,load,0.9618494054999528,0.9054890498976707,0.9118826939238189,0.15385080129799683,True,0.3218744386442774,1.0579874910902385,1.0229375161309353,0.9394776303661776,1.9217085470766282,1.0189148448891179,1.2973464811934274,1.0011467073004925,0.4152494761620294,1.0242358983726836,0.2781649291187914,1.0016622936887265,1.2093052468155003,0.9999643732413761,1257.9507634355057,0.9891023700196883
12,60,uniform,5.385164807134504,load,wind,0.9968689296993285,0.9930182805332672,0.9530431183026691,0.05704701199544701,True,0.32187443864427434,1.0002307120457639,0.9804685071469688,0.9458443647425316,1.8750139827310452,0.9941567800620026,1.2943855012788672,0.9988617546414943,0.4046431553548685,0.9980748189638502,0.2777493701920216,1.0001658803591607,1.2068660421974706,0.9979474153860303,1253.7823389707526,0.9858248184356538
7,96,uniform,9.055385138137417,load,sync,0.8677093786447381,0.2998646813090803,0.8163566729892908,0.043049409918158865,True,0.3218744386442756,0.6710084164750294,0.3902769557484626,0.7802855021223536,1.8931780728629533,1.0037876166982134,1.2941030737541521,0.9986438087106899,0.40784305580400104,1.0059675511630874,0.2773270920422983,0.9986452713400205,1.2067926600887244,0.9978867363353333,1255.610036116368,0.9872619013732001
1,41,uniform,4.0,load,load,0.9954672561351547,0.9911475986771512,0.9720824495814393,0.01753971794842038,True,0.3218744386442765,0.9969621651845323,0.9832849246452017,0.9686114587965072,1.8937582653813376,1.0040952423112517,1.293388735962471,0.9980925628111488,0.4060544731905293,1.0015559127984717,0.27693721454834763,0.9972413359622381,1.2062760875842762,0.9974595868608689,1259.183350479983,0.9900715293877532
35,73,uniform,4.47213595499958,load,sync,1.0402231601645686,1.0036511939808361,0.9876020856792005,0.06739882799466335,True,0.3218744386442751,1.0875226332536834,1.0514941911556226,0.9903571972035144,1.7317953174472938,0.9182203825553097,1.2978718745938227,1.001552147081205,0.37560160760132866,0.9264422282899164,0.278189689431114,1.0017514547174444,1.2110101664423456,1.0013741569916532,1257.4686834354538,0.9887233198339018
51,53,uniform,2.0,load,load,1.006218577349636,0.9901920670027293,0.9989479890694443,0.034972841467744514,True,0.3218744386442764,1.0175731379459978,0.9838620465534957,1.002786764300519,1.890427202964539,1.002329069729623,1.295470886418802,0.999699333325948,0.40767595563069803,1.0055553893039006,0.27756896925396485,0.999516262817618,1.2090875867877682,0.9997843919886824,1271.1178858131616,0.9994554238343787
16,59,uniform,5.0,sync,load,0.9468476863203884,0.8530877128320146,0.9286730878491309,0.0021737016464188352,True,0.3218744386442762,1.1023477258220664,1.0658281445303315,0.9730089955149099,1.8760227736796486,0.9946916541325194,1.2963302847583091,1.0003625207090636,0.40946492432735926,1.0099679799641486,0.2779792138141258,1.0009935392967413,1.2072548966429784,0.998268955867979,1261.7835693214329,0.9921160312024538
32,88,uniform,7.810249675906654,sync,load,0.7960779224653101,0.4177978240042241,0.7787316079077587,0.3292837633532859,True,0.3357351948527797,0.9226342552781001,0.4723455623669583,0.8322457565145777,1.952144545796111,1.0350524069359137,1.2907110002008855,0.9960261862651809,0.4225065982479145,1.042135993101127,0.2769777069361407,0.9973871476508728,1.2028602720974253,0.9946350776632021,1247.29847851068,0.9807266842841867
75,82,uniform,3.1622776601683795,load,load,1.001221466790304,0.9425540729318973,0.9970727289706605,0.0358141425953894,True,0.32187443864427623,1.1357508521045514,1.0981246615668445,1.0315406894795631,1.8356369200584939,0.9732785497152486,1.295824728851408,0.9999723892839684,0.38985495600095743,0.9615989038331174,0.2777044402696889,1.0000040892620528,1.209171803183174,0.9998540298202145,1266.5675388989187,0.9958775740105925
0,70,uniform,7.0,load,wind,0.9893360723520478,0.979937929502144,0.9343639088995066,0.14787517977693226,True,0.3218744386442773,0.9917864639220635,0.9623577224173514,0.9269087902018798,1.8372947675054825,0.9741575619759101,1.2891171212412167,0.994796209003563,0.39095452332452535,0.9643110477131891,0.27362956354640267,0.9853305990486169,1.201662340443669,0.9936445180187379,1241.2032618098428,0.9759341332084063
6,71,uniform,8.602325267042627,load,load,1.0169629363137664,1.0064808442341593,0.9701219201381412,0.16397343784879725,True,0.32187443864427395,1.0373193869777966,1.0029541238300204,0.9668568321514264,1.8008043487410201,0.9548098677421035,1.3019639035820465,1.0047099167342046,0.38436494476307953,0.9480574861671024,0.2784731291379567,1.0027721113033696,1.214355458025974,1.0041403505648157,1257.7574154323793,0.9889503442221057
8,54,uniform,6.4031242374328485,load,load,0.9975795552863954,0.9954919231280598,0.9735378316247968,0.12642840314344095,True,0.3218744386442762,1.0022951913660998,0.9866427557350623,0.9701480509199092,1.9024572976849345,1.0087075822853797,1.30339700579504,1.0058158245102395,0.4182878609852878,1.0317302433091664,0.2790051899718558,1.004688043973076,1.2156096698966017,1.0051774478489188,1263.3367990604122,0.9933373057234167
15,20,uniform,5.0990195135927845,load,wind,1.0039212727595916,0.9761577185484277,0.9851505962605397,0.3694021474194058,True,0.32187443864421317,1.023808558622191,0.9898908945240552,0.9916509383459323,1.9622753877235326,1.0404239109794264,1.2923995996991295,0.9973292582294732,0.42767269538541264,1.0548784586464448,0.27377863963606625,0.9858674168939852,1.2055884317962149,0.9968909700530569,1262.7868179064667,0.9929048661728035
24,70,uniform,6.4031242374328485,load,wind,1.0058355940739396,1.0031615837240258,0.9676021835809531,0.20070859394441323,True,0.3218744386442753,1.0124716163073673,0.9960470666773313,0.9616937154834421,1.7887159138817696,0.9484004224865769,1.2971406590342656,1.0009878768107803,0.3826321658564699,0.943783490745131,0.2751734595237839,0.9908901150912021,1.2098486442247283,1.0004137040047798,1257.9098606935297,0.9890702089842927
56,90,uniform,7.211102550927978,load,load,1.0174830223655975,0.9696280066263464,0.9936527919631569,0.17614411724457707,True,0.3218744386442744,1.0613099744375944,1.0261499292183796,1.0060675260886356,1.8668492950128226,0.9898277565310222,1.2937112858460833,0.9983414706847198,0.3977442543061594,0.9810582963213228,0.27645169304836015,0.9954929898250982,1.2071243332035304,0.9981609940541692,1258.9478950917191,0.9898863953671421
1,98,uniform,11.40175425099138,load,city,0.798438161351953,0.43839735374004446,0.7396724182791762,0.552056303892313,True,0.32187443864424514,0.8388844001599759,0.42946955577212637,0.7646342365755043,1.9172121104949678,1.0165307757808622,1.2877747385374414,0.9937603083838723,0.4100648642060996,1.0114477649992812,0.27610549798313777,0.9942463533630793,1.1995180267768881,0.9918714030194588,1236.7417122400477,0.9724261030201715
77,98,uniform,2.23606797749979,load,city,1.0028074317163223,0.9836324678664257,0.9959485070837722,0.03848685364957416,True,0.32187443864427606,1.016274172217981,0.9826061141473504,1.0005574214871469,1.8780166214939342,0.995748818154356,1.2959479685923623,1.0000674919127985,0.40136209656157185,0.9899819052007164,0.2776162790402794,0.9996866237226534,1.2090224615558027,0.9997305404801936,1264.9486570693102,0.994604678519775
37,54,uniform,3.605551275463989,load,load,1.0089474224485908,0.999183761210153,0.9926763251406701,0.08960817039535995,True,0.3218744386442758,1.0218528172185302,0.9952478027099265,0.9931227923106636,1.8770494651600778,0.9952360192976334,1.2997471459854544,1.0029992715049747,0.4129998523990045,1.0186870764037348,0.27775187616375885,1.0001749042767558,1.2135343928438842,1.0034614186472035,1265.663333120899,0.9951666144849731
38,56,uniform,2.8284271247461903,load,load,1.0019686293151084,1.0010020944138425,0.9878562419151329,0.039086905636484315,True,0.32187443864427434,1.0022235428896789,1.000162032942303,0.9846848316178469,1.8925455911726305,1.0034522666866985,1.2991396622032627,1.0025304835619726,0.40734133730339506,1.004730034612921,0.27815604966532337,1.0016303190837477,1.2124215995730847,1.0025412592180498,1267.5435390794032,0.9966449840871368
39,62,uniform,7.615773105863909,city,wind,1.024511443847733,0.9644793546623653,1.0021668017927574,0.1653826298091956,True,0.408423118572193,1.1371928827954594,1.0995189193492514,1.0289088074735393,1.9000966464721771,1.0074559343349436,1.3014032929751513,1.0042773002579533,0.4112710991542053,1.0144230105002279,0.27816205399229854,1.0016519404576176,1.2148552977500844,1.0045536638434582,1266.2324775907164,0.9956141217804434
70,81,uniform,1.4142135623730951,wind,load,1.0018907949265736,0.9986503327378297,0.9995842259874073,0.10263726950062099,True,0.32187443864427673,1.0038391177318158,0.9966732975962246,1.0002662103644175,1.8797557453011398,0.9966709241974172,1.2908091328686115,0.9961019140669646,0.412257981293653,1.0168572101144635,0.27318339667383074,0.9837239675643241,1.2042636083587435,0.9957954846561357,1267.7488003917101,0.9968063770894523
0,23,uniform,3.605551275463989,load,load,0.9975827091262979,0.9859274622464307,0.9845066771774877,0.2295562372875954,True,0.3218744386442704,1.0042812633717404,0.9759004094746954,0.9860529989269918,1.9395796985599663,1.0283903616470236,1.2952769294438415,0.9995496590564644,0.4243588218835823,1.046704605581989,0.2774831379476648,0.999207187250791,1.2086674757579425,0.9994370056991269,1253.8780658370779,0.985900086620315
31,90,uniform,6.082762530298219,load,load,0.9903018614391436,0.977620903274283,0.9447865302945945,0.20662246859599998,True,0.3218744386442769,0.9930934076572193,0.9620848967660747,0.9395783905091484,1.852285698065738,0.9821059481709875,1.2968564649303542,1.0007685676320146,0.40347714954548886,0.9951988008681363,0.27735817019401177,0.9987571826899796,1.208760989875652,0.9995143317393063,1251.7789625254682,0.9842496022605304
69,84,uniform,5.385164807134504,load,load,1.0170260131118147,0.9574325388860242,0.9964635816158387,0.0815351489482693,True,0.32187443864427623,1.1031975128129095,1.0666497790023588,1.0177818049331486,1.8988379728428775,1.0067885692198146,1.2976745472114541,1.00139987190878,0.4149972948436286,1.0236138791432017,0.2773623694666777,0.9987723041256821,1.2108523248195606,1.0012436390766641,1262.4632692329092,0.9926504661047447
39,90,uniform,10.816653826391969,city,load,1.023287396927119,0.9741383370617965,0.991852024547437,0.32629354654112025,True,0.3218744386442757,1.0749870380957431,1.0393738866321047,1.0038530921368087,1.8420263525397413,0.9766663098495642,1.2982241258168077,1.0018239751218603,0.39489747648829576,0.9740365607066359,0.276788772231245,0.9967068003099524,1.2105818235870023,1.001019963874569,1254.2228494400567,0.986171183302922
39,52,uniform,7.280109889280518,city,load,0.9900969213519002,0.9320813793668086,0.9790348290706549,0.16365765785253616,True,0.4084687809641783,1.104921796729178,1.0683169392677367,1.0114935000682528,1.9504416483276628,1.0341495085684347,1.2979659683296847,1.0016247580877489,0.4210412305295141,1.038521582228477,0.27758560460820886,0.999576166153172,1.2114462867175004,1.0017347811919959,1265.3172472292752,0.9948944938379768
16,80,uniform,9.219544457292887,sync,wind,1.0130054027939643,1.0047962363688492,0.9727949071751666,0.334064974490827,True,0.321874438644275,1.0290832504850145,0.9958582695409198,0.9698374108047553,1.862787131097211,0.9876739444338205,1.3016266433462051,1.004449657058389,0.40089695154778937,0.9888345991873088,0.27828722081561286,1.0021026618613975,1.214015618306962,1.003859339949407,1255.0747285478128,0.9868409993791495
5,97,uniform,9.219544457292887,load,load,0.8296876885955151,0.3952758981481703,0.7827228621733751,0.08772054102681248,True,0.3218744386442766,0.9582699726912821,0.4905893820447848,0.8372509011577804,1.8445969027873432,0.9780292489959812,1.296261058041476,1.0003090992826218,0.3994775341446264,0.9853335273195452,0.2774669107682911,0.9991487537388344,1.2082215948862243,0.9990683105432907,1255.8767820507837,0.9874716385454271
49,55,uniform,4.123105625617661,hvdc,load,1.0115849847096157,0.9858978205124073,0.9976403620253599,0.06009872185116971,True,0.3218744386442753,1.0345116255189675,1.000239380454725,1.0030199491950509,1.8882226864776932,1.0011602064398868,1.2974270270299897,1.0012088635557643,0.41131377372492456,1.0145282696993059,0.2776182840630067,0.9996938437401813,1.2110241410440203,1.001385712472655,1255.7211217401687,0.9873492458519906
33,89,uniform,7.810249675906654,load,load,0.8410095934484656,0.5133964467942785,0.8264515288756722,0.2676322340568633,True,0.3218744386441828,0.7944435551383563,0.5267727283043253,0.8251545772404492,1.9388597455706247,1.028008633216051,1.2890603623798396,0.994752408871523,0.4200634765666599,1.0361098977688423,0.2769978743234384,0.997459769715352,1.2013902524102256,0.99341953070429,1250.1279372506258,0.9829514330000347
3,33,uniform,3.0,load,load,0.998738145152431,0.9974232385933169,0.9905091708166085,0.0007154528700099028,True,0.3218744386442763,0.9991656381937207,0.9948248740961231,0.9890428422736605,1.8672748410737399,0.9900533865826303,1.297534548613895,1.001291836671467,0.39819001146459543,0.982157781112602,0.2782929024885989,1.0021231213694068,1.2104400454540662,1.0009027287247059,1267.9063134273829,0.9969302265447899
22,95,uniform,7.615773105863909,wind,city,0.827877135822875,0.5202129741617935,0.7663146719736934,0.3472797297364968,True,0.34004229644892214,0.7517110509565129,0.5148453321695129,0.7500660514960581,1.8265391532096995,0.9684547955035715,1.2917218506355295,0.9968062474122125,0.3908998555059175,0.964176206502018,0.2770912055704467,0.9977958523093989,1.2045520170716197,0.9960339674036208,1247.5257936589355,0.9809054177914242
14,19,uniform,5.0,load,load,0.9968138267606563,0.9604629420284129,0.9802997591288789,0.1769132692166725,True,0.3218744386442772,1.024636083748183,0.9906910046426027,0.9890882489732999,1.9540781980110669,1.0360776544687242,1.2980599917801257,1.0016973148558772,0.43512697685257606,1.0732648579402126,0.27807229870012296,1.0013287347533038,1.2119285280286536,1.002133542490459,1263.7600900971038,0.9936701312836607
28,70,uniform,9.433981132056603,load,wind,1.0321223141027884,0.9870747753262841,0.993232469452692,0.4400216381479687,True,0.32187443864427506,1.0830070014993358,1.0471281573702946,1.003067122052428,1.8722113962860942,0.992670812308365,1.3004158619478874,1.0035153115864903,0.4036424965520625,0.9956066384442038,0.27558731709927864,0.9923804019136414,1.2135672108832654,1.0034885556089155,1259.557458915024,0.9903656836189831
25,41,uniform,4.47213595499958,load,load,1.0114322912532085,0.9928078426327153,0.9976296719921867,0.12691676041217836,True,0.3218744386442767,1.0303045247571652,0.9961716563657037,1.0018056602725325,1.9339497268509813,1.025405277483602,1.298201927656714,1.0018068450681639,0.42757720321337167,1.054642921899904,0.2773555847063086,0.9987478724381399,1.211860286397543,1.0020771140576359,1263.5605682987818,0.9935132511502508
39,94,uniform,7.810249675906654,city,load,0.9993568928374355,0.940798755220629,0.9680686889353081,0.09272057922081511,True,0.32187443864427573,1.0532776518002782,1.018383708694438,0.9832520022798346,1.8921152464514506,1.0032240923230589,1.299453843574261,1.002772933554808,0.41558553531144693,1.0250648069314405,0.2777967824630524,1.0003366103081162,1.2126804405941434,1.0027552926889818,1262.8466542663957,0.9929519143460225
33,42,uniform,1.4142135623730951,load,load,1.0008562164257573,1.0002868264841454,0.9989904614622399,0.016894711791375083,True,0.32187443864427606,1.0017584956752879,0.9998445637385647,0.9988119085766576,1.8829473836663486,0.998363172335032,1.296229707383017,1.0002849063557955,0.4048071479783351,0.9984793158787537,0.27783089293319835,1.0004594409319243,1.2096844038672268,1.0002778950296822,1271.7110304283988,0.9999218019802875
3,86,uniform,8.54400374531753,load,load,0.830084906224886,0.4557735888429462,0.76275845900408,0.19313396607624045,True,0.3218744386442117,0.8577737888791888,0.44181595097505194,0.7810580409756708,1.7948733366593088,0.9516651680609446,1.2959703111952292,1.0000847334312495,0.3880302039660351,0.9570980515814296,0.2775995168784402,0.9996262637573327,1.2078021092793099,0.9987214414106986,1250.8221628248916,0.9834972891502066
57,71,uniform,6.324555320336759,load,load,1.0123124559567866,0.8560318098249896,1.0073977012153856,0.13333511198404482,True,0.3218744386442763,1.151756861296916,1.1136004090820952,1.0310874151106946,1.8545536397307234,0.9833084403144041,1.2984223500765428,1.0019769424037837,0.39988970177959776,0.9863501616854373,0.2779755095767544,1.0009802004660209,1.211663183266276,1.0019141311303392,1266.244375068708,0.9956234765374187
6,46,uniform,4.0,load,load,1.000053593923801,0.977051082362465,0.987544756871117,0.01049440349239561,True,0.3218744386442762,1.0145055254883533,0.980896060760373,0.9918738600965268,1.864440478587874,0.9885505707591596,1.296443397451871,1.0004498084169775,0.40497752666784537,0.9988995643802738,0.27763238130329293,0.9997446074151152,1.209569153226033,1.0001825952404104,1266.7942557852525,0.996055837116045
36,68,uniform,3.605551275463989,load,load,0.9482275410829166,0.8018403145616918,0.9256089221966642,0.026900192622453134,True,0.32187443864427623,1.0887435107629673,1.0526746223207966,0.9686244594860612,1.8459592797795696,0.9787515989817929,1.2929056123732505,0.9977197421363494,0.400806887870791,0.9886124521253215,0.2771362629285278,0.9979581022982312,1.2051767001058653,0.9965505125690857,1261.6358906496218,0.9919999143173297
29,86,uniform,6.708203932499369,load,load,0.927269604331168,0.6362269157278919,0.8982372452306948,0.053709862041097955,True,0.32187443864427445,0.7570473904065453,0.731967233693717,0.8700132001984993,1.9464154601191102,1.0320147712586318,1.2941881429019877,0.9987094555509773,0.4243870703367928,1.0467742819609194,0.2771850039261391,0.9981336169456697,1.2082347143743621,0.9990791589380758,1262.9261466711946,0.9930144176873857
17,34,uniform,3.605551275463989,load,load,1.0030991321540885,0.9739029829210509,0.9919174547392757,0.15111475244160943,True,0.32187443864427684,1.0280150836237845,0.9939580619271768,0.9996288886042424,1.946818421757806,1.0322284267560862,1.2973494128049536,1.0011489695899187,0.4255847571270607,1.0497284429557439,0.27818355529170635,1.0017293658934925,1.2111835982470405,1.0015175662974,1264.7492554652472,0.9944478928927876
2,95,uniform,9.486832980505138,load,city,0.8525616468355041,0.5536547305414871,0.7682476384534803,0.3459976881395673,True,0.32187443864425813,0.6739692423012501,0.5769975910053404,0.7340780272003192,1.808430555009257,0.9588533814105595,1.2910317252983916,0.9962736859732169,0.39024239443417036,0.9625545422492658,0.27691126838008195,0.9971479047072637,1.204109591305101,0.9956681292453164,1245.698882981597,0.9794689532386822
65,83,uniform,2.8284271247461903,load,wind,1.0190779132536039,0.9657201459691751,1.0009598193053315,0.03238184439803049,True,0.32187443864427623,1.0687013336565085,1.0332964207448874,1.0143156516279472,1.871739363789048,0.9924205345442149,1.295622994263838,0.9998167131241898,0.40796161228587974,1.0062599773109715,0.2775832880828457,0.9995678244254209,1.2087083059415071,0.9994707678357131,1266.7030299160815,0.9959841079784452
8,94,uniform,9.848857801796104,load,load,0.9604250599923296,0.9041481650844672,0.9138198484235539,0.08980687059596637,True,0.3218744386442749,1.0724951009369446,1.0369645046412563,0.9421852009682292,1.9019326967933943,1.0084294320753253,1.3025636551664885,1.005172737833014,0.41365621331910923,1.020306027071352,0.2788388824728011,1.0040891764181745,1.2148379807414122,1.0045393445541235,1257.8882489424964,0.9890532160821945
33,95,uniform,6.324555320336759,load,city,0.8438627456121556,0.5443394929944907,0.819213495580329,0.19552881151477752,True,0.3218744386442776,0.7711334698771102,0.5515832317192563,0.8031641987935801,1.8723407808778845,0.9927394137003271,1.29335609804208,0.9980673765197408,0.4003312686440066,0.9874393108837446,0.27773184729517075,1.0001027810133614,1.206016677177129,0.9972450825693525,1257.7733667942498,0.9889628864696163
26,91,uniform,8.602325267042627,load,load,1.0131076348119328,1.0042437218110571,0.9730000578603921,0.17112894113872867,True,0.3218744386442748,1.028563812886646,0.9970104017094169,0.9697563733856294,1.8184290928054607,0.9641547360843651,1.3011946064925533,1.0041162594042263,0.3941297533954231,0.9721429290541711,0.2780750020694572,1.0013384694928216,1.2138290872128894,1.0037050989510607,1254.2663743062126,0.9862054060638764
24,41,uniform,3.605551275463989,load,load,1.0067956705453633,1.00011468349463,0.996386505077244,0.09146642103435215,True,0.3218744386442763,1.0153528389912958,0.9961572346674863,0.9969498102949245,1.9133378364536324,1.014476585336692,1.2976098408651235,1.0013499387979963,0.42639355571404003,1.0517233895959994,0.2774673029484929,0.9991501659661836,1.2107841328113167,1.0011872516765736,1266.2786264737358,0.9956504077551374
44,79,uniform,5.830951894845301,load,load,0.8752776265426787,0.6307167006791935,0.8687486421713244,0.16785385377126905,True,0.3218744386442772,0.7565115236281666,0.7314491195989209,0.8460070813982526,1.9022898016509502,1.0086187737114956,1.289546407590624,0.9951274841266148,0.41465137998240414,1.0227606609238284,0.27618818395386896,0.9945441026852561,1.2019172908649989,0.9938553343853617,1256.3429478857026,0.9878381757307786
60,98,uniform,8.54400374531753,wind,city,0.9801209826427861,0.4922220878049004,0.9449286259751422,0.3076152923400255,True,0.3541312430890011,1.1353258598940144,0.5812337106427373,1.0033956306326677,1.9244872190547615,1.0203881328816724,1.3030679782733674,1.0055619179211295,0.4138984628149844,1.020903548908902,0.27829983453655804,1.0021480834344692,1.215062512640042,1.0047250080992685,1249.0366027192977,0.982093337752751
4,88,uniform,8.94427190999916,wind,load,0.8118770740293743,0.5156053233336686,0.7907658911125577,0.2068558714501445,True,0.3218744386441746,0.7459108525396868,0.519558539872796,0.7777197891977378,1.8580361130137795,0.9851548929049562,1.293422323654089,0.9981184820296125,0.4083331822778552,1.0071764753353802,0.27725178862832517,0.9983741063495171,1.2044310332649428,0.9959339269078612,1255.33229063982,0.9870435154736076
2,30,uniform,3.605551275463989,load,wind,1.0005119123186756,1.0005512700284664,0.9981433364840812,0.26408778312025216,True,0.28246850054115075,1.0016663774881307,0.9999167031595685,0.9977359056529866,1.9281742267240864,1.0223430322618152,1.2897178711618587,0.9952598005064347,0.41513012450337916,1.0239415108771237,0.27125563161506905,0.9767821522299129,1.203142618495767,0.9948685475336077,1258.6958361422776,0.9896882062873117
33,86,uniform,5.830951894845301,load,load,0.8325413056050205,0.41273961902466527,0.7943571954091584,0.16285514295038783,True,0.3218744386442774,0.9650386853453701,0.4940546461695509,0.851528771035726,1.8893547596317528,1.001760446337829,1.2932021643054386,0.9979485877028633,0.4088831642349028,1.0085330363816984,0.27775790419562896,1.000196611011133,1.2056552078123923,0.9969461865811753,1257.4353672840793,0.988697123988053
45,56,uniform,1.4142135623730951,load,load,0.9888210443453432,0.9596375148594357,0.9553113914993845,0.009679061872176042,True,0.3218744386442763,1.0050736547400956,0.9717766576323187,0.9571590148882424,1.8283385117424253,0.9694088387808736,1.2977279948625868,1.0014411168196193,0.39490478420577363,0.9740545855977091,0.2785152180968446,1.0029236721893238,1.2095189678979765,1.0001410974132505,1263.7349285832402,0.9936503472716633
45,74,uniform,3.1622776601683795,load,load,0.9884392511979121,0.9670141334679024,0.9445020703920571,0.0320542522424776,True,0.32187443864427523,0.9987373022886386,0.9656502216464411,0.9421389495017192,1.7972789579711166,0.9529406597422982,1.2991951477376689,1.002573301082873,0.38854737177322857,0.95837367470444,0.27844599821290206,1.0026744137801546,1.212103798813556,1.0022784724335265,1261.4537967971623,0.9918567374408821
14,58,uniform,5.656854249492381,load,sync,0.9208419590331575,0.7786825145887487,0.8844778791906227,0.13492141068278873,True,0.3218744386442773,1.054360681819456,1.0194308591069359,0.9256625432032509,1.8536090304589927,0.982807596203027,1.2949467870424491,0.9992948921280567,0.40157416951735314,0.9905049949259409,0.27771349235311976,1.0000366855015599,1.20620067827464,0.9973972315347464,1257.6037089419226,0.9888294877796938
57,94,uniform,5.0,load,load,1.000993319201892,1.00043564885476,0.9905068934680966,0.031715746669048195,True,0.32187443864427623,1.0036828956860255,0.9985851347545154,0.988909614642687,1.9105338418350442,1.012989870951092,1.2975124475354645,1.0012747815345246,0.4149043929410963,1.0233847314402833,0.277732686330297,1.000105802349846,1.2109199115681153,1.0012995259925903,1267.3766080005862,0.9965137294065187
54,88,uniform,5.0,load,load,0.9498795179101063,0.6168530926618933,0.9443248727409559,0.12529944549684713,True,0.3218744386442764,0.8031084279102614,0.7158441132385088,0.9258412379870609,1.8788810080266145,0.9962071271269679,1.2995579151304903,1.0028532443255642,0.40848661990892987,1.0075549377752622,0.277646308473147,0.999794758672302,1.212995241399351,1.00301559883642,1260.9156143482198,0.9914335749839522
41,64,uniform,3.605551275463989,load,load,0.9848480986645083,0.9271401157541149,0.9451130662831555,0.13338213753799666,True,0.32187443864427706,1.046606203495775,1.0119332782166899,0.9640650442813329,1.8997062907304136,1.0072489626478605,1.2962560203292397,1.0003052117405575,0.41336507684207396,1.0195879227792977,0.27740228566268277,0.9989160409676069,1.2091848997717878,0.999864859279575,1264.386341182931,0.9941625404074703
36,94,uniform,6.324555320336759,load,load,0.9712616538970024,0.9143497798723544,0.9254669199450344,0.0406857851421808,True,0.3218744386442753,1.0615030443599915,1.0263366029442218,0.9486504028130304,1.8846912940241598,0.9992878162694272,1.3003557026640213,1.0034688873892315,0.41542798826351807,1.0246762083866265,0.2792093016337943,1.0054230430116453,1.2127030350282801,1.0027739758372025,1258.2030126043155,0.9893007086653312
45,52,uniform,3.1622776601683795,load,load,1.0149466210071025,0.9895743774521156,0.9988342404173473,0.09338707596824491,True,0.3218744386442762,1.0394811576004008,1.0050442773429442,1.00437951101869,1.8857442644003282,0.9998461148465649,1.298153208278279,1.0017692489086112,0.40935575375824895,1.0096987046914572,0.2778265379882406,1.0004437589256805,1.211888612940299,1.0021005370384324,1268.564237673405,0.9974475396622418
4,53,uniform,5.0990195135927845,wind,load,0.9955455665749955,0.9913024966826901,0.9655701520653086,0.009141385648345879,True,0.3218744386442759,0.9970661490874729,0.9814515796574111,0.9604777531762957,1.8243655988932397,0.9673023487589376,1.3010550153150764,1.0040085385681004,0.39653454999728843,0.9780744934493397,0.27892144801722185,1.0043864920893706,1.2132024617211752,1.003186947583795,1265.755746591993,0.9952392774110094
45,69,uniform,4.47213595499958,load,load,0.9276860840649105,0.7844700446177681,0.9160506066102548,0.08630130823862203,True,0.32187443864427645,1.0585586136069531,1.0234897179797988,0.9528847733468577,1.844843863409706,0.9781601907272918,1.2920996669463671,0.9970978037243023,0.3990747384972192,0.9843400094815558,0.2769345204500349,0.9972316346073481,1.2040329481598122,0.9956047536708337,1259.2071113001825,0.9900902120613968
28,61,uniform,8.06225774829855,load,load,1.0411951379186428,0.9801854539817275,1.0006882457746666,0.15343580085087205,True,0.3663684627286174,1.128768821762015,1.091373938296208,1.018553072602954,1.9173675237246062,1.016613177894862,1.306711683392125,1.008373721425358,0.41926634022747733,1.034143716710568,0.27912839557120905,1.0051317030771711,1.2212529688924771,1.0098438444913582,1262.453268083375,0.9926426023941809
60,97,uniform,7.615773105863909,wind,load,0.9481040250078419,0.36956111474767117,0.941133962368652,0.2878714768146563,True,0.3297434033624868,0.896989137651097,0.4815815404874799,0.9244092711674555,1.9299111457311604,1.0232639692911945,1.3030234885978802,1.005527585772572,0.41528229513717985,1.0243168481978528,0.2784987713924484,1.00286444817535,1.215229300906429,1.0048629239188689,1262.6533621093288,0.992799932459117
60,92,uniform,3.605551275463989,wind,city,1.0125452992066921,0.9633037002607385,0.9899986693548344,0.19004652345668566,True,0.3218744386442764,1.0467713496385673,1.0120929532473772,1.0012134587576613,1.8894867506504318,1.0018304296911988,1.2959249803831872,1.0000497521877088,0.40504875211647484,0.9990752459056023,0.27803906389618654,1.0012090573732446,1.2093474150680465,0.9999992418159888,1266.9691049272437,0.9961933176166864
21,94,uniform,7.615773105863909,load,load,0.9052943645358105,0.7655351554135525,0.8237552384813334,0.32549713830993043,True,0.32187443864426507,1.0413978775085055,1.0068974984050332,0.8682873497982615,1.8491345481210242,0.9804351675200794,1.2903504750075787,0.9957479733009419,0.39817103686465516,0.9821109792078875,0.27677259853219366,0.9966485593787879,1.2028910034295737,0.9946604891441923,1248.3566092994906,0.981558672070533
37,41,uniform,6.082762530298219,load,load,0.9954557713973968,0.9371262231942252,0.9802147353748158,0.21870199057897954,True,0.40694861588633235,1.1118977104530865,1.075061748556668,1.0135049584305045,1.9955507008424604,1.0580669144186245,1.2958226588914508,0.9999707919207154,0.4375506786395058,1.0792430530244488,0.27815650638683287,1.0016319637221147,1.2096596956792465,1.0002574640361241,1260.8962892892482,0.9914183800636222
0,68,uniform,10.0,load,load,0.883127748360415,0.682969974231056,0.8239981872354121,0.6492421800036146,True,0.3218744386442682,0.9087829883091828,0.8786759962587816,0.8329623866093009,1.9721132721131305,1.0456400851293062,1.2897739411090068,0.9953030690116332,0.44003972886896403,1.0853824336720215,0.27645924643037684,0.9955201892926223,1.2022964238047904,0.994168836235711,1236.9308412769076,0.9725748115261282
30,75,uniform,6.4031242374328485,wind,load,0.9286356229878385,0.8475552745270694,0.8819919884704271,0.37841836783260885,True,0.30602046651374687,1.085450494687269,1.0494907002863472,0.9271840684255088,1.88121779870702,0.9974461239130756,1.2890013742074276,0.9947068884069162,0.40666084206792286,1.0030515553158872,0.27118330421850306,0.9765217037752126,1.2011617389903202,0.993230574872572,1246.528895167133,0.9801215757766397
28,50,uniform,8.54400374531753,load,wind,1.0357626784399523,0.975071313926289,1.0025313828293565,0.37172440174163757,True,0.38342075770848794,1.11439097403859,1.0774724130311475,1.0227917958124475,1.9811598911115744,1.0504367200860445,1.3007442277684131,1.003768707548768,0.43395117831533414,1.0703646855372801,0.2788353831040926,1.0040765753124272,1.2147669663962541,1.0044806233872932,1263.4268019988176,0.9934080732941938
18,51,uniform,8.06225774829855,load,load,1.0261376351091103,0.9736655421986143,0.9970843248495475,0.21771683997049618,True,0.3930195420761418,1.0827981480832838,1.0469262230407768,1.010604750578987,1.9965414060931486,1.058592199217077,1.3014353961702239,1.0043020739082515,0.4349021737786202,1.0727103686714043,0.27894314527975467,1.004464623181684,1.2150376122789137,1.0047044181993445,1265.9315045170506,0.9953774724702098
15,26,uniform,1.4142135623730951,load,load,0.9999430310079772,0.980002552164518,0.9904534297774036,0.05497898801588286,True,0.32187443864427634,1.0135440324802807,0.9799664209699808,0.9947950950326517,1.9042538072767379,1.0096601150171816,1.2958547086059153,0.9999955243006704,0.41296916360704083,1.018611380793719,0.2776195616620265,0.9996984443300855,1.2096089593208643,1.0002155105666062,1268.6171227299712,0.9974891221599903
41,95,uniform,6.4031242374328485,load,city,0.8733300798737857,0.4795181574362168,0.822911678195494,0.2756862323335397,True,0.3607447556751859,0.9166654674248242,0.4740124289631409,0.8516244228943184,1.9265009304712417,1.0214558288435265,1.2932950116593964,0.9980202368914525,0.4154365410229969,1.024697304242952,0.277101754993753,0.997833840418035,1.2061507886411365,0.997355978214934,1259.8988824933372,0.9906341383791424
25,85,uniform,6.0,load,load,0.8912519194851963,0.7536605809377461,0.8567465197367023,0.03710585088928264,True,0.3218744386442765,1.0112239523278403,0.9777232025497736,0.8839503378593657,1.8220696992901453,0.9660850329534131,1.3015035685133283,1.0043546816871427,0.3947433387383788,0.9736563713847408,0.27852791210171424,1.0029693828620319,1.21374912632966,1.0036389799668812,1258.1193064437841,0.9892348921292843
38,72,uniform,7.211102550927978,load,load,1.0376710491129753,0.9768678620529366,1.0010929264112751,0.13592334437229103,True,0.32187443864427656,1.138501326586734,1.1007840158207272,1.0221198984288198,1.8743199053464052,0.9937887712129045,1.3060525155345273,1.0078650495017365,0.4057365665791185,1.000771778483008,0.2794229606449078,1.0061924217245448,1.2195641969046709,1.008447413088467,1262.1727775528614,0.9924220581117152
36,86,uniform,5.0,load,load,0.9029601030142552,0.5863835587487184,0.8647185652714601,0.007600426646918956,True,0.3218744386442758,0.7110747953018581,0.6580939592600245,0.8357010241349122,1.8872060952850511,1.000621196578614,1.2940850563608204,0.9986299049045211,0.41128797439298587,1.014464634214031,0.27755703139469967,0.9994732749990919,1.2071239798480071,0.9981607018674487,1259.6523818769765,0.9904403197091749
26,80,uniform,8.48528137423857,load,wind,1.0188652373326377,1.0027613896296839,0.9801061956132606,0.3106935366832087,True,0.32187443864427545,1.040873479036109,1.0063904726837147,0.9798443960733774,1.853062632345591,0.9825178888226799,1.3018001781879154,1.004583571812773,0.4010519959483097,0.9892170248132779,0.27803692674433195,1.0012013615632969,1.214496311394675,1.0042568210348832,1257.8693423290692,0.9890383501775077
44,88,uniform,5.656854249492381,load,load,0.8502062684352325,0.505637392945619,0.8308598441462439,0.16209926336491887,True,0.3218744386442771,0.8203672035798285,0.5177985854590854,0.8343049809810597,1.9022586476153172,1.008602255436946,1.2909238631638764,0.9961904500586962,0.40921125960339555,1.0093423018324488,0.27668912960140846,0.9963479906445233,1.2033693921158657,0.995056064739447,1254.1135760567645,0.986085263753814
34,75,uniform,4.123105625617661,load,load,0.924312986257525,0.8562055389167261,0.8924853109828742,0.07264785421799846,True,0.321874438644277,1.080707031282772,1.0449043826656597,0.9331812546143501,1.8338122679967976,0.9723110954801888,1.2962743475224459,1.0003193546155706,0.3999351696538154,0.9864623107227507,0.2779539348221517,1.0009025105205287,1.2086973287598843,0.9994616908962305,1260.008533620951,0.990720354941309
9,52,uniform,8.602325267042627,city,load,1.013820164604224,0.9900890266892193,0.993199544524706,0.21213086945002102,True,0.3811459705710466,1.0438073366105216,1.0092271347474209,0.9988486243204414,1.9857774049609493,1.052884985935081,1.3002491705163308,1.0033866778095795,0.430725513157958,1.0624084032540353,0.27859778177867206,1.0032209811533856,1.2131206656702875,1.0031193111148597,1265.7986948687649,0.9952730468108762
30,35,uniform,5.0,wind,load,1.0027374521743369,0.959781059405773,0.9804829200190742,0.4399254321926048,True,0.337231095650639,1.0366422286067152,1.0022993989793252,0.991745969146291,1.9400945858643066,1.0286633615869132,1.2906499243081517,0.995979054731861,0.42351236308674434,1.0446167679422458,0.2712720354525711,0.9768412218816828,1.2044809894286184,0.9959752352409152,1253.3369737052237,0.9854746363359539
0,47,uniform,8.06225774829855,load,load,0.922674296696726,0.8641434022297825,0.8976697887315844,0.5790643046231019,True,0.3218744386442695,1.0836580526810569,1.04775763993442,0.9406025930710505,2.0202963381212715,1.0711873728814743,1.2889057210985426,0.9946330740509277,0.4473029618122091,1.1032976011695763,0.27673567417087463,0.9965155960301408,1.2024359390003199,0.9942842001815986,1241.3258279936117,0.9760305046295888
31,53,uniform,2.8284271247461903,load,load,0.9915620287526017,0.9653555465036812,0.9568979791881276,0.10264721712051961,True,0.3218744386442775,1.003411104375678,0.9701691857533578,0.9584396805410921,1.8909451467005969,1.0026036902293285,1.2977353016700146,1.0014467553952067,0.4057181365194863,1.0007263197172103,0.2777604134053436,1.000205646588573,1.2106188484299172,1.0010505794068651,1262.3300632179826,0.9925457287899829
5,21,uniform,4.47213595499958,load,load,1.0028157626141778,0.9771748043827369,0.9887697898665135,0.23253931567162495,True,0.3218744386442139,1.0230215513240606,0.9891299599217973,0.9953382664668078,2.001854910441941,1.0614094882735283,1.2941063679529952,0.9986463508043963,0.43254215254241773,1.0668892452027325,0.27724340499731004,0.9983439171840509,1.2071412244189506,0.9981749612586327,1261.8295240725743,0.9921521645350045
15,82,uniform,7.615773105863909,load,load,0.9934996765809452,0.98832218295726,0.9409082958977788,0.06787266833933847,True,0.3218744386442754,0.9980188080798268,0.9717998440671415,0.9331101685844375,1.7406892660914437,0.9229360697062002,1.2988359916507217,1.0022961446415781,0.3778023882473912,0.9318705759978412,0.27842809602167057,1.0026099486084028,1.211519270454319,1.0017951308322846,1255.722505566993,0.9873503339282742
24,86,uniform,6.324555320336759,load,load,0.8242125550205669,0.4525492649656324,0.7804417397054477,0.12027470323488465,True,0.32187443864427706,0.9020897073137772,0.461827715228432,0.8120946596824372,1.8120325002787063,0.9607631796008747,1.2984138841368342,1.0019704093397284,0.3923630976563407,0.9677853745431853,0.27790335276133377,1.000720366268128,1.210486901495036,1.0009414735922768,1254.5672016650167,0.986441940801331
2,83,uniform,8.06225774829855,load,wind,0.9666602609858028,0.9100180093565716,0.8801005644153158,0.14761233382496947,True,0.3218744386442113,1.0019702845847798,0.9687760987551601,0.8849163473293846,1.7503312651874743,0.9280483829278374,1.2870556874861692,0.9932054253184788,0.3821570797470376,0.9426116644671156,0.2761990480970228,0.9945832240891832,1.2006843778058272,0.9928358489099431,1243.2208516961864,0.977520525137499
27,96,uniform,7.0710678118654755,load,sync,0.8554854209420615,0.31032984302557826,0.8347194920060916,0.041382480323812865,True,0.3218744386442753,0.7676674790557879,0.40412989323093207,0.8172053196877416,1.9398205744667625,1.028518077183068,1.290681158620168,0.9960031578755341,0.4199660483330754,1.0358695856189641,0.27686077482966526,0.9969660791777583,1.2046431508510602,0.9961093251620357,1257.5622269399234,0.9887968712833387
83,91,uniform,2.23606797749979,wind,load,1.0050521326370512,0.9882589718060298,0.9966183709076428,0.0036340684895104225,True,0.3218744386442759,1.0154528363419755,0.9818119882356683,1.0003398874538758,1.8460932085424375,0.9788226097523134,1.2944989569249539,0.9989493070017549,0.3949780652600161,0.9742353373884626,0.27693401475590573,0.9972298136202705,1.208003934373781,0.9988883288897934,1264.8210097231797,0.9945043118788425
6,73,uniform,7.615773105863909,load,sync,1.031117369795772,1.0081021795781895,0.9759627905544357,0.11060680384000499,True,0.32187443864427434,1.0674047023152118,1.0320427453897685,0.9750955278658393,1.753645445343167,0.9298056043152373,1.29644883090494,1.0004540013474923,0.3755824544609917,0.9263949860053963,0.2775727781260642,0.9995299784343763,1.2101207249343713,1.0006386852632385,1254.6413897075386,0.9865002734251652
82,93,uniform,1.4142135623730951,load,load,1.0113614786214375,0.9664429624149902,0.9989366386215622,0.019124176602429155,True,0.3218744386442763,1.0476853423970394,1.0129766664197795,1.0103533498429935,1.8893142709914972,1.0017389787346023,1.295615696032145,0.9998110811663942,0.4096677701772923,1.01046831052027,0.2776498690629184,0.9998075802329806,1.2091008420948506,0.9997953526910144,1270.53171911989,0.9989945322936334
79,86,uniform,3.1622776601683795,load,load,1.0096568579073928,0.9776930130827252,0.9971420601668715,0.03444323694255891,True,0.3218744386442763,1.0331523334141142,0.9989251202189992,1.0044237799820916,1.894418945608524,1.004445543553461,1.2967609089753882,1.0006948282485393,0.41229785421316284,1.016955558885213,0.2774893007046272,0.999229379125568,1.2103207893994257,1.0008041168926247,1266.0468797417457,0.9954681897792687
56,98,uniform,4.47213595499958,load,city,0.9544258458439706,0.619805484405669,0.9577839477494337,0.10062878460279734,True,0.3218744386442742,0.8456644047485551,0.7107132889740624,0.9418438318711235,1.8939430981561638,1.0041932430504268,1.3011255565240778,1.0040629743723704,0.4081093279140221,1.0066243261127867,0.27823736064523485,1.0019231171115157,1.2136514705785073,1.0035582292447192,1261.0994426914033,0.9915781156569298
13,61,uniform,5.385164807134504,load,load,1.0035729222164085,1.000274736584347,0.9507868734703785,0.03509362331198518,True,0.3218744386442753,1.0090044503521605,0.9884675824937459,0.9420941196109752,1.7329451290405118,0.9188300276042104,1.2967937662308664,1.0007201837982014,0.3766944308797707,0.9291377376080809,0.27814759109834075,1.001599860076453,1.2095721152613084,1.0001850445225544,1256.1710992809058,0.9877030544945349
1,92,uniform,9.055385138137417,load,city,0.9714122646289457,0.9166911836430798,0.8889329663850317,0.3152604056291711,True,0.321874438644269,0.9970947140564883,0.9640620505760156,0.8905073507373938,1.779068368619973,0.9432851686157763,1.2875990988589956,0.993624769352244,0.3788426372026232,0.9344364078275182,0.27604877563086955,0.994042098133434,1.200752252804787,0.9928919741777135,1238.6636607646506,0.9739372939952052
36,90,uniform,8.48528137423857,load,load,1.0187395597878472,1.0013590839931688,0.9817336070072469,0.22915405329384214,True,0.3218744386442757,1.039795671535568,1.0053483717734908,0.9815167069111171,1.8207816186796937,0.9654020758747242,1.300466723867034,1.0035545611189929,0.3926642914073475,0.968528285660131,0.2777962212847909,1.0003345895245963,1.2132318042206847,1.0032112106507158,1254.5500600924966,0.9864284627141925
57,64,uniform,3.1622776601683795,load,load,0.993075990918584,0.9348858879063895,0.9989758019365568,0.06161036960231703,True,0.3218744386442763,1.1474878716359918,1.1094728464058727,1.0359199735741598,1.8981548378396536,1.0064263621635432,1.2959306244591127,1.0000541076533538,0.41333607547794904,1.0195163893037757,0.27755904511600815,0.99948052633991,1.2096889673086102,1.0002816685011156,1269.2975296584414,0.9980241129760773
34,92,uniform,6.324555320336759,load,city,0.986685835225,0.9657532857960337,0.9358853711340657,0.06481798132688277,True,0.3218744386442762,0.9945509371599495,0.9616025462415594,0.9318741243246891,1.7556791114074088,0.9308838804906518,1.2998220859204412,1.0030571017532892,0.37566871497999016,0.9266077523669269,0.2786775491521815,1.003508220707862,1.212547406635355,1.0026452880234353,1257.1517105807634,0.9884740902051126
13,92,uniform,8.06225774829855,load,city,0.9817721526570488,0.9526019909874132,0.9163286338393716,0.092024266933873,True,0.3218744386442763,0.9931103790884851,0.9602097122923152,0.9123881032219863,1.698826419727716,0.9007398445428151,1.2968803628425802,1.0007870093640294,0.3665815915556351,0.9041938576880181,0.2782083556556784,1.0018186711468158,1.2093368973533807,0.999990544805882,1251.734461155725,0.9842146116936804
54,71,uniform,3.605551275463989,load,load,1.0214559085400192,0.9797758512007856,1.0002725871774927,0.05458422575561869,True,0.3218744386442758,1.058723617441541,1.0236492554167977,1.0098837205822404,1.843474851557609,0.9774343228525546,1.296137147709198,1.0002134791665165,0.3980488626487583,0.9818096297180972,0.2773869360436982,0.9988607675202746,1.2092091045424345,0.9998848740015593,1268.0012517701198,0.9970048747285951
63,82,uniform,2.23606797749979,load,load,0.9998244942327772,0.9930763366003194,0.9940100600797772,0.022573754465815332,True,0.3218744386442762,1.0038528488020562,0.989758851439029,0.9948455610968966,1.8686875060241719,0.9908023998973909,1.2956160243991195,0.9998113345632469,0.4011439840252981,0.9894439185147332,0.27767699893611286,0.9999052739684832,1.208909070281047,0.9996367781854456,1268.383375731559,0.9973053314132976
21,80,uniform,6.082762530298219,load,wind,0.9883834341822808,0.9760364513301453,0.9344228309982516,0.16780830675188238,True,0.32187443864427717,0.9913187074549565,0.9585810142044121,0.9277469711961676,1.8059804120742124,0.9575542837859926,1.2935635053225676,0.9982274302285536,0.3878133252737176,0.9565631082400994,0.2764493132253055,0.9954844201645481,1.205942897043475,0.9971840743951952,1252.118831062094,0.9845168343214686
5,37,uniform,3.605551275463989,load,load,0.9939487714817653,0.9357075271759105,0.97029392667481,0.057971119167122276,True,0.3218744386442767,1.0382283381473778,1.0038329624358886,0.9838513068510096,1.8888567830616914,1.0014964126890145,1.2967650918181284,1.0006980560980745,0.4031333224371014,0.9943507322071016,0.2781171227781799,1.0014901447088334,1.209473210120028,1.000103260690167,1265.0249545079778,0.9946646697210255
27,60,uniform,8.06225774829855,load,wind,1.0407784740130455,0.9797932048397635,1.0022570612449333,0.36601736415763975,True,0.3698537872411222,1.1105109746245452,1.0737209537779737,1.01800994608869,1.9423517775593795,1.0298601539565828,1.3037076548558795,1.006055548661724,0.41780357190033524,1.0305357173808425,0.2788191270085566,1.0040180376743697,1.2176314931717291,1.0068492765699482,1263.0446201082918,0.9931075710609703
40,92,uniform,5.385164807134504,wind,city,0.9904027248096072,0.9473909373240538,0.9454381594465356,0.3147751068716215,True,0.3218744386442773,1.0107783224366576,0.9772923358922384,0.9493761826358595,1.8561256489093267,0.9841419400096714,1.2930269257352809,0.9978133582016865,0.39602765730576805,0.9768242144698779,0.27281739537395977,0.9824060095360306,1.2051789665839183,0.996552386700792,1254.9746352560724,0.9867622979585843
74,96,uniform,2.8284271247461903,load,sync,1.023994759806011,0.38232815749720567,1.0263724631506193,0.03899351252054728,True,0.32187443864427595,1.1841028933570565,0.4973435177739981,1.072411066238305,1.902299534677952,1.0086239342888959,1.3028451727587957,1.0053899815799012,0.408119240461951,1.0066487759628553,0.2787149599010049,1.003642935521098,1.2150487356977042,1.0047136160611156,1269.0663151670433,0.9978423134906983
55,70,uniform,5.385164807134504,load,wind,1.0238790096876802,0.9638839785011551,0.9987985195584098,0.25747307084812643,True,0.32187443864427534,1.0934825036415001,1.057256617519183,1.018924690840031,1.8263204483531712,0.9683388353464993,1.2919610635657948,0.996990845159191,0.4013811319444202,0.99002885702985,0.273975014189915,0.9865745548737922,1.2054503407849,0.99677678375316,1261.8500192644033,0.9921682795081826
65,81,uniform,4.47213595499958,load,load,1.0078817816000565,0.9488241211271939,0.9961852725573425,0.09740184399268753,True,0.3218744386442759,1.141829043342184,1.1040014889391467,1.030458289734936,1.855996452306672,0.9840734382919919,1.2944717219228403,0.9989282900775296,0.3968978741985524,0.9789706527729385,0.2767650152681979,0.9966212523072902,1.207774051740018,0.9986982408666122,1264.8725269581323,0.9945448188848952
48,83,uniform,6.4031242374328485,load,wind,1.029445120570537,0.9757559902028423,0.9944530360872258,0.09927767035662816,True,0.3218744386442754,1.0883390205214096,1.0522835324010358,1.0058197352934988,1.8699840427351577,0.9914898405104728,1.3035149172035758,1.005906815328899,0.40279824045675905,0.9935242338901463,0.27908371839974544,1.0049708221272053,1.2163910883916773,1.005823596253323,1260.1728954478554,0.9908495894688096
75,93,uniform,2.8284271247461903,load,load,1.0108769774047317,0.9783135870256766,0.9984462378279975,0.01223472159057959,True,0.32187443864427623,1.0365679597170576,1.0022275905372107,1.0062644979287485,1.8567950428752957,0.9844968613894209,1.2959965179311639,1.000104956854807,0.39695062784453483,0.9791007725710046,0.27775449014033315,1.0001843171160356,1.2093538397303325,1.000004554315387,1267.4362496062267,0.9965606244482053
32,67,uniform,5.830951894845301,sync,load,0.7874558201697207,0.35225183299065643,0.7707990677694574,0.22407086919488428,True,0.3218744386442477,0.9233498023811456,0.4727118889983993,0.8214423157152908,1.9313373280759305,1.0240201497040962,1.2917887013174023,0.9968578352809954,0.4172229435157888,1.029103565218814,0.2774464984169585,0.9990752495673338,1.2043897264367136,0.9958997706377966,1254.9130292933826,0.9867138583809195
49,74,uniform,5.830951894845301,hvdc,load,1.018041073509084,0.9905207036190767,0.9934388274654204,0.07698346604403528,True,0.321874438644276,1.0454098864895707,1.0107765938918398,0.9973229981828906,1.894529335461098,1.0045040736878477,1.3006412047382647,1.0036892059130027,0.41057820060974715,1.0127139377526266,0.2781478774228229,1.001600891121015,1.213856415999589,1.0037276968957365,1250.916397708384,0.9835713842176051
79,84,uniform,5.0990195135927845,load,load,0.9977730146337768,0.9142379087588866,0.9947608427435066,0.08979597272928852,True,0.32187443864427645,1.162735603098745,1.124215437108025,1.034606652564658,1.912314860887046,1.0139341903973866,1.295466013945612,0.9996955732968722,0.41940671282986575,1.034489953531486,0.27721767602563224,0.998251268046481,1.208903028277954,0.9996317821037269,1261.4389099036387,0.9918450321642571
91,98,uniform,7.0,load,city,0.9917036648834505,0.6160162518076753,0.9740799620605665,0.16115983510405385,True,0.3218744386442761,0.9726751636365658,0.6884509351339224,0.9721029335756036,1.826400346673902,0.9683811984744556,1.295535721665401,0.9997493659075217,0.38989628071614063,0.9617008335385365,0.27673143899231734,0.9965003452985648,1.208571228894093,0.9993574199740677,1249.0383342732134,0.9820946992401253
56,77,uniform,2.23606797749979,load,load,0.9822818467422643,0.6800013234909157,0.9755103856288242,0.03264846483820061,True,0.3218744386442755,0.8329367326259449,0.805342444539288,0.9525912607862113,1.8925492502890378,1.003454206797769,1.3004583087884005,1.0035480673038188,0.4079538635607314,1.006240864649983,0.2786807999959387,1.003519926883851,1.2135317792181473,1.0034592574619867,1269.4871453663795,0.998173204142096
8,76,uniform,7.280109889280518,load,load,0.9231530182872731,0.6933719361528381,0.8796449360424038,0.055821824576698265,True,0.32187443864427495,0.9227987719233214,0.8922274522047318,0.8783443637008839,1.8859857773211584,0.9999741681357283,1.2974349705542068,1.0012149934780554,0.41452127747304024,1.0224397558578173,0.2785422747151166,1.003021102136383,1.209022687612356,0.9997307274044629,1260.4559013187845,0.9910721115148244
22,24,uniform,2.0,wind,load,1.0009752292522633,0.9903319907161323,0.9943756367509262,0.09688130380153559,True,0.32187443864427717,1.0086004732031577,0.982859595737357,0.9968337664858479,1.9164247420858245,1.0161133028182252,1.2976129941337877,1.0013523721375754,0.414132812498271,1.0214815854199,0.2781857601055882,1.0017373053520615,1.2112247549361845,1.0015515984187136,1265.0514745979517,0.994685521955158
55,90,uniform,6.4031242374328485,load,load,1.018122716308067,0.9730698844958565,0.9955135270990899,0.12260239908529807,True,0.32187443864427584,1.0567859254326044,1.021775757036769,1.0063481610256946,1.8475913663912453,0.9796169525128009,1.2954409298984415,0.9996762162387582,0.3949336722845416,0.9741258396486056,0.2769610363763353,0.9973271175413091,1.2087834508404414,0.9995329045228423,1259.1603531426235,0.9900534470259093
65,94,uniform,3.1622776601683795,load,load,1.004278906303242,0.977119939558271,0.9932781290698722,0.014810427655074343,True,0.32187443864427606,1.0227474719621426,0.9888649605110632,0.9992329998519224,1.8837933250872534,0.9988117014696803,1.2951445125397911,0.9994474745210279,0.40898983163324,1.0087961374446373,0.27754083494060106,0.9994149521277887,1.2085196593345184,0.9993147775374668,1268.9318250519839,0.9977365665128228
35,44,uniform,1.4142135623730951,load,load,1.0030747345246547,0.9938970382754667,0.9989354937863802,0.044815349829007256,True,0.3218744386442763,1.0108606969181975,0.989984746121877,1.0011953402205267,1.9150465046148653,1.0153825434004773,1.2976118487760622,1.0013514882787664,0.4105603113320475,1.012669812855504,0.27813983149204663,1.001571918002435,1.2113881014591832,1.0016866682895518,1270.2295143519314,0.998756914525985
16,96,uniform,8.0,sync,sync,0.8600626637769933,0.28859440105882495,0.7994487241801785,0.04177102500678942,True,0.3218744386442751,0.8636375432554948,0.37534568834702436,0.8135049096069653,1.8880562231864257,1.0010719454396122,1.2937107140821487,0.9983410294613544,0.4094667528938646,1.0099724902250036,0.27732052080477254,0.9986216085408558,1.2069044139070049,0.9979791446310456,1254.6182322885263,0.9864820651942119
10,81,uniform,7.0710678118654755,wind,load,0.9828422564865771,0.9610848661124584,0.9098163439888312,0.34363009060750116,True,0.32187443864427,0.986797878761639,0.9541063382361007,0.9025900053031961,1.8071214309760228,0.9581592668356451,1.2885330033794447,0.9943454522608842,0.39037578986722565,0.9628835694944703,0.2752288128396489,0.9910894404680864,1.2011131519063878,0.9931903986200832,1232.0199306168952,0.9687134573984775
9,18,uniform,1.4142135623730951,city,load,1.000317921411471,0.9975225967038428,0.9982141682770637,0.010823484906441472,True,0.32187443864427606,1.0016948219355697,0.9957234503206116,0.9986205287365989,1.8884810436215198,1.001297190754979,1.2959123440100493,1.0000400008502346,0.4046774461694661,0.9981593991627704,0.277763373135664,1.00021630447514,1.209367485393865,1.000015837800196,1272.1404811778484,1.0002594708036103
0,11,uniform,1.4142135623730951,load,load,0.9994355603157559,0.9983715286018696,0.9969276142712237,0.036803375784367806,True,0.3218744386442771,0.9999153530935684,0.9971375264513277,0.9967990400821908,1.9150380419529742,1.0153780563871677,1.2949733040207665,0.9993153549619371,0.4142102746912434,1.021672650221576,0.2775852742927294,0.9995749766985494,1.2083994163723293,0.9992153496398051,1267.7395904525529,0.9967991354923144
23,42,uniform,2.23606797749979,load,load,0.999996586779905,0.9995854281856889,0.9890242698280646,0.02330115248760095,True,0.32187443864427623,1.000981478376547,0.9973861313659073,0.9867868231111314,1.8913398872063083,1.0028129867752382,1.2965690871515552,1.0005468016495522,0.40829415720041584,1.0070802178141918,0.27787525401213037,1.000619183643611,1.209232593068587,0.9999042964669743,1267.040385555557,0.9962493641969266
34,40,uniform,4.123105625617661,load,wind,1.004827912471914,0.9966243846558763,0.9980031177648206,0.3068179300055074,True,0.3218744386442773,1.0123897076833335,0.9904030472666283,1.0000064076497783,1.8956861066367607,1.0051174087978028,1.2913939622926975,0.99655321991374,0.42262306350184164,1.0424232611191093,0.27186987134545715,0.9789940082649796,1.2051174898041122,0.9965015520668156,1261.5039608373859,0.9918961804560755
25,98,uniform,7.615773105863909,load,city,0.8388862977322099,0.48908362868658056,0.806393231471579,0.15174125466096722,True,0.3218744386442768,0.8181721694638666,0.4906296637600563,0.8113535662410386,1.8632146831294214,0.9879006380774764,1.2915182420355626,0.9966491250995614,0.406909675729527,1.0036653173639314,0.2772704486065556,0.9984413002860556,1.203091792381008,0.994826519845294,1251.1088748332465,0.9837227252604424
47,61,uniform,6.324555320336759,load,load,1.034376031277183,0.9441692296387107,1.0140905528144784,0.1131964894940386,True,0.32187443864427645,1.2047039737891359,1.1647934413203913,1.0517724001884927,1.8871041477631376,1.0005671426776541,1.3043363850507732,1.0065407322063844,0.4104767639762864,1.0124637386618034,0.2792617186297735,1.0056117948021284,1.2175592251770047,1.0067895187707983,1264.2839763549841,0.9940820529218932
28,89,uniform,6.082762530298219,load,load,0.9218662734298771,0.6898045334331977,0.9016447214339062,0.00725804075824521,True,0.32187443864427595,0.8919929606165953,0.8624422039235562,0.8943460552740773,1.8995148773396486,1.0071474727805974,1.2900501689482096,0.9955162307195435,0.42518739965396746,1.0487483386767682,0.2765386672084539,0.9958061807689281,1.203032692355876,0.9947776505298377,1258.3255963122567,0.9893970938654318
30,92,uniform,6.324555320336759,wind,city,0.9822905130228955,0.9348522383519188,0.9198618799840579,0.34036730055186687,True,0.299901453757845,1.0024065641919178,0.9691979248933918,0.9218505927745417,1.8239379831745122,0.9670756213478626,1.291666173298008,0.9967632818791502,0.3905251642453885,0.9632520096953481,0.27189305877268294,0.9790775053888381,1.203283977833001,0.9949854363848147,1246.461979607867,0.9800689613658178
87,90,uniform,7.0710678118654755,load,load,1.00625863409417,0.6546694440288222,0.9822630564610151,0.22528772284298398,True,0.3218744386442763,0.8619953270497289,0.7659816626598541,0.9600867823805135,1.876225848872569,0.994799327238834,1.294504099690808,0.9989532756124352,0.4046040085543626,0.997978261205957,0.276568648851384,0.9959141436286642,1.2080520489575448,0.9989281144358529,1253.1399967892041,0.9853197571943075
10,50,uniform,4.0,wind,wind,0.9919283502325871,0.9847007363222162,0.945371126871473,0.12965032110181862,True,0.3218744386442745,0.9938595155152089,0.9693510856351779,0.9387268980378186,1.8516812959172473,0.9817854862974548,1.2947638160858466,0.9991536956370732,0.40400336353948996,0.9964967369133866,0.27753586757344434,0.9993970648103776,1.2070590898320768,0.9981070448571278,1237.7845123533957,0.9732460365927323
15,38,uniform,3.605551275463989,load,load,0.9867073765465975,0.9288904477222194,0.9595181020071684,0.07103930098150324,True,0.32187443864427673,1.0451101938764915,1.0104868297690992,0.9769179476777972,1.8787671954949061,0.9961467822436251,1.2967555523544374,1.0006906946084477,0.4022685763713419,0.9922177880027798,0.27776052804336016,1.0002060593961075,1.2091960725962057,0.9998740979944453,1264.6779671130664,0.9943918402394196
18,91,uniform,10.63014581273465,load,load,1.0129010285451185,1.0038335857686578,0.9731077545547013,0.20533382876096018,True,0.32187443864427506,1.030105822795888,0.995979537184304,0.9704843550115829,1.8512532980098348,0.9815585562449723,1.3015918583981658,1.0044228139315157,0.40417021406438874,0.9969082830009173,0.27791343144999275,1.0007566592775723,1.21453222322434,1.0042865162258514,1252.589061940722,0.9848865677721145
2,24,uniform,2.8284271247461903,load,load,0.9984763169341179,0.9851325359921734,0.9876093259974945,0.10373429976345344,True,0.3218744386442775,1.0065897952387002,0.9754430095493188,0.9898959835628393,1.9415782176015335,1.029450002414269,1.2947067671758232,0.9991096716779745,0.4192384890892086,1.0340750203310107,0.27734346656727726,0.998704235438408,1.208421311525971,0.9992334545588452,1263.1660971542628,0.9932030861141546
7,32,uniform,5.830951894845301,load,sync,1.0058754633708193,0.9781654397256089,0.9926545032404728,0.3078523469517118,True,0.3354138782790448,1.0318642398045075,0.9976796997498051,1.0002017826308789,1.9788193313445344,1.0491957248812227,1.294522099673085,0.9989671659827021,0.4236908598426193,1.0450570401053798,0.2775036658090174,0.9992811073698804,1.2072559523396247,0.998269828814688,1262.3308463852745,0.9925463445792866
7,41,uniform,7.211102550927978,load,load,1.0126071858764754,0.9835025474711301,0.9951462566749014,0.30741764193906884,True,0.35187889031344205,1.042964400169004,1.00841212387347,1.0027502359059624,1.9815281199368144,1.0506319597944405,1.2971303271594439,1.0009799038269953,0.42142580494942117,1.0394701563967224,0.27778315180619506,1.0002875267839801,1.209790057373438,1.000365259028472,1261.9553571052907,0.9922511046163689
6,38,uniform,3.605551275463989,load,load,0.9934640322394066,0.9408088153794961,0.9695367132427997,0.024264544241874075,True,0.3218744386442761,1.0315037717061535,0.9973311735675202,0.9807989642048626,1.925907604080035,1.021141239480439,1.2961448520452044,1.0002194245101363,0.4153533550547329,1.0244921214315867,0.2777470964144554,1.0001576925647484,1.2080405503832166,0.9989186063611121,1265.5024532883733,0.9950401177823478
74,81,uniform,3.1622776601683795,load,load,1.0131851121619881,0.953816698680767,0.9924655371194923,0.06368535786458601,True,0.3218744386442765,1.0658504014291301,1.030539936801654,1.0092726099033091,1.8587012241739191,0.9855075434853986,1.2940007028145994,0.9985648102854102,0.3949632860541549,0.9741988836562813,0.2768586369761601,0.996958380841191,1.2075943156221265,0.9985496185771203,1266.3922472883207,0.9957397456054381
18,52,uniform,7.211102550927978,load,load,1.0170776646785182,0.97854710006493,0.9958176833716169,0.19575650769179764,True,0.3481157698707851,1.0580328643258818,1.0229813862006276,1.0057614243475048,1.9815393464659876,1.0506379122461005,1.2994285637567395,1.002753425423064,0.4297532673849857,1.060010305050702,0.27873377036464353,1.0037106713503894,1.2129427739330803,1.0029722139282977,1265.882969251105,0.9953393101287479
27,35,uniform,2.23606797749979,load,load,1.000287811166365,0.9912726094684677,0.9963596902811848,0.04494904576191716,True,0.3218744386442761,1.0070406754497252,0.986489595931463,0.9984802508340274,1.8942254917286874,1.0043429717923753,1.2962899188412749,1.0003313708154062,0.41329454176410224,1.0194139440915437,0.2777918597826427,1.0003188839061363,1.2099293851713717,1.0004804680168584,1267.9785434221658,0.9969870195935346
4,28,uniform,4.47213595499958,wind,load,0.9922668822175831,0.9341241895940094,0.9663156499840313,0.163612617308731,True,0.3218744386441902,1.0387203068537505,1.0043086327540627,0.9808385125644787,1.9124552704044706,1.0140086373481927,1.2993671675418252,1.002706046700962,0.4165310514259673,1.0273969749474785,0.27831717670182937,1.0022105319720984,1.2130564869903773,1.003066242302332,1264.489403867805,0.9942435766044605
16,72,uniform,7.211102550927978,sync,load,1.0212716766845877,1.0062439558421703,0.9721752493864795,0.15412857699878246,True,0.321874438644275,1.0486823250139519,1.0139406200868677,0.9705380258350496,1.8214291769795206,0.9657454197005236,1.3049667640942408,1.0070271881476982,0.39754039032911825,0.9805554544981363,0.2790661368122168,1.0049075114383044,1.2179352552120286,1.0071004548552012,1257.7422914075078,0.9889384524936855
24,62,uniform,4.47213595499958,load,wind,1.001961726571171,0.9993114109136083,0.9549830719479204,0.06433459080806214,True,0.3218744386442753,1.0076921260648792,0.9877026726274674,0.9473452138418731,1.755281125263886,0.9306728630653963,1.3014928587255794,1.004346417072488,0.3810880840958282,0.9399749273150481,0.2784984791811801,1.0028633959326745,1.2141568746997924,1.0039761436767496,1259.898692983446,0.990633989371178
21,70,uniform,5.0990195135927845,load,wind,0.9930331463010418,0.9872213270050585,0.9456024517133229,0.07597437568453438,True,0.3218744386442761,0.9943458958453448,0.9739665014548889,0.9382395791072529,1.8024865046844423,0.9557017686834709,1.2922267163019998,0.9971958461870524,0.38252069025348795,0.9435085299783598,0.2740807291071959,0.9869552306363916,1.2043226232386373,0.9958442835657082,1254.6122388242084,0.986477352649068
6,11,uniform,5.0990195135927845,load,load,0.9969431341966549,0.9528278327704492,0.9728341137138676,0.39650070009143845,True,0.3688385438570978,1.031246201522444,0.997082136403875,0.9841056072351676,1.9827386869803167,1.0512738181726187,1.290334866890162,0.9957359287040778,0.419666538484294,1.0351308279403915,0.2764087679367227,0.9953384179819983,1.2042277820818172,0.9957658602080103,1251.6897433969518,0.9841794509843186
67,89,uniform,2.8284271247461903,load,load,1.0027542329828742,0.9995517360283825,1.0005165363012178,0.050055727873058675,True,0.3218744386442763,1.005287014273522,0.9983800089623114,1.001154815811522,1.884862097310803,0.9993783783916498,1.295974766475735,1.0000881715177383,0.408602408604778,1.0078405370251626,0.2773338847971483,0.9986697318154123,1.2091029578825163,0.9997971022181025,1265.744673506784,0.9952305708581441
23,37,uniform,4.123105625617661,load,load,0.9781914137459643,0.9208734847535714,0.9520042344071217,0.18076680522152,True,0.3218744386442088,1.0666809707077405,1.0313429902233542,0.9786686816621766,1.9546980077952707,1.0364062856709395,1.2964761619147482,1.0004750923597032,0.4230706580825897,1.0435272780145823,0.27800682430639534,1.0010929637249184,1.2100967013117923,1.000618820331073,1259.6067384402418,0.9904044311571246
37,53,uniform,4.47213595499958,load,load,1.0196689309500322,0.9654364935992858,0.9983003525950802,0.1133224868322007,True,0.3218744386442767,1.0744985955550637,1.0389016256615893,1.012414621083174,1.9240474158273417,1.020154943495108,1.2997687018008492,1.0030159058689774,0.41939137151462624,1.0344521133253002,0.2782709391876827,1.0020440322820714,1.2135880426551717,1.003505781226511,1264.8900156412215,0.9945585698983648
47,78,uniform,3.1622776601683795,load,load,0.9531464777409181,0.8059998665112762,0.9417692978591703,0.016142067352162726,True,0.32187443864427634,1.0902667495917469,1.0541473979037859,0.9810821592106733,1.8896256295463665,1.0019040650866,1.2949543498957896,0.9993007282912015,0.4072033879693454,1.0043897749179636,0.27759135147135355,0.999596860408689,1.2084937743156963,0.9992933734323486,1264.8063286652675,0.9944927684467803
69,98,uniform,3.1622776601683795,load,city,0.9823194331397365,0.9247596194618243,0.9823447927154386,0.01797455873655407,True,0.3218744386442762,1.1161810185156409,1.0792031552814467,1.0179078423070653,1.8732712875044064,0.9932327804059461,1.2953726924905913,0.9996235582501836,0.4049656246419424,0.998870207372275,0.27755635378323995,0.9994708349436502,1.2077257927421905,0.9986583359057738,1266.1312941710999,0.9955345632134006
17,76,uniform,6.082762530298219,load,load,0.9256524792289742,0.6998184181110958,0.885870988601382,0.04335335663030648,True,0.3218744386442754,0.9313152622566575,0.9004618004754834,0.8862335760674019,1.8981251991706098,1.0064106473560521,1.2971235123839753,1.0009746449465649,0.4091658653669833,1.0092303344268727,0.2784216266217748,1.0025866525230231,1.2092027022501421,0.9998795799997213,1260.909578116298,0.9914288288114681
50,84,uniform,5.0,wind,load,0.9961883983630134,0.8771281820949417,0.9651995141500657,0.21369838506196404,True,0.3218744386442767,1.1567265911302176,1.1184054971708786,1.0157718047115964,1.9362646753514425,1.0266326932620569,1.295040610198435,0.9993672943313582,0.41852305245999555,1.0323103561454625,0.277833819364087,1.0004699789083886,1.208536956968393,0.999329080805944,1266.6390238939875,0.9959337812804624
26,47,uniform,2.23606797749979,load,load,0.9991564752375993,0.9500779022117358,0.9807643393383545,0.007760443106580639,True,0.32187443864427595,1.0349678147024806,1.0006804565867193,0.9919053832540993,1.8755366416350108,0.9944339006050079,1.2961181004237976,1.0001987806050003,0.40481472504532967,0.998498005135371,0.27766850144402816,0.9998746747932417,1.2091126834216916,0.9998051441849355,1268.1856370014712,0.9971498532719748
14,75,uniform,6.082762530298219,load,load,0.9137755658920856,0.8590822567028069,0.8763126277378972,0.0582379374674159,True,0.3218744386442763,1.0702528425351208,1.0347965298217037,0.9139451516629544,1.7790069756665088,0.9432526172740281,1.2999665175344277,1.0031685578961693,0.3878405716082626,0.9566303128376776,0.278230065552213,1.001896847733733,1.2122803614653503,1.0024244706105,1256.148931438673,0.9876856243486754
10,12,uniform,2.0,wind,load,0.9989058342249779,0.9958403822704726,0.9922284316943912,0.10598303088401893,True,0.3218744386441991,1.0002723407887044,0.9918579548724767,0.9921845714669745,1.9339970955887467,1.0254303930039372,1.29583248713229,0.9999783762562012,0.4176366840091507,1.0301240791272923,0.277733972059203,1.0001104322151892,1.209061366581898,0.9997627107202034,1258.9935330412961,0.9899222796047462
57,69,uniform,2.23606797749979,load,load,1.0048851576414632,0.9704817867583025,0.995064961205017,0.02992334002980268,True,0.32187443864427606,1.0306437435454154,0.9964996372044186,1.00351335739331,1.8838028549069747,0.9988167543039397,1.2962871281183612,1.0003292172480311,0.40645974963134723,1.0025555496512066,0.2775428175645107,0.9994220914879488,1.2100039808374063,1.0005421505479062,1268.2544382422416,0.9972039503577148
4,77,uniform,7.615773105863909,wind,load,0.817629932963434,0.5309700265051527,0.7948226920856533,0.1554804530726832,True,0.3218744386442774,0.7361037987159554,0.539547653597018,0.7757586089996269,1.82636509093656,0.9683625054243571,1.2975939891634147,1.001337706230058,0.39587434284715106,0.9764460558417046,0.27788498551052,1.0006542264328973,1.209352246423602,1.0000032368234053,1258.075115511574,0.9892001456534659
14,87,uniform,7.615773105863909,load,load,0.8151116623546563,0.44755225022544054,0.7746952774304601,0.1468614487277573,True,0.3218744386442774,0.8832655066951551,0.4521906054241452,0.8044222141188718,1.8229649524729155,0.9665597078250248,1.2966109106863555,1.0005790763693436,0.401489488435645,0.9902961243342182,0.27770391569774056,1.0000022002966011,1.2083180033046201,0.9991480298564503,1253.9603932380373,0.9859648190643608
65,68,uniform,3.0,load,load,1.0018317645646266,0.9431286098070735,0.9952274394225422,0.07304024286692823,True,0.3218744386442763,1.1210909944462386,1.0839504690493371,1.0257146413266751,1.8745408712371248,0.9939059301996879,1.296307126525262,1.0003446497785928,0.4073279875538671,1.0046971067141863,0.27730182211489807,0.9985542752050253,1.2099812998708113,1.000523395846721,1263.8595065320474,0.9937483005048097
4,56,uniform,5.385164807134504,wind,load,0.9684412284280511,0.911694619549351,0.9068638801102991,0.0804328846404857,True,0.3218744386442755,1.0282990461326282,0.9942326170669277,0.9217691562025395,1.8065815770762157,0.9578730292823899,1.300560063077016,1.003626589866972,0.3874876167531172,0.9557597300822553,0.278644165156066,1.0033880060919236,1.212376204364864,1.0025037223008355,1259.9573724051938,0.9906801278662679
47,71,uniform,6.708203932499369,load,load,1.0272102977144082,0.9670200669709397,1.0059381603143753,0.15489935864160875,True,0.3218744386442751,1.1800237255498895,1.1409308228641624,1.0381344269233725,1.842000714360589,0.9766527161538011,1.3041059992922306,1.0063629462818706,0.3992900884219357,0.9848711820326813,0.279284018528689,1.005692095967223,1.216984400840723,1.0063142013448072,1262.9492633894524,0.9930325939161225
55,58,uniform,3.0,load,sync,1.0124573487279043,0.9531315791426037,0.9984379309705639,0.05208253976346233,True,0.32187443864427573,1.1038356272543748,1.0672667534063638,1.0226515133621608,1.8762710206286528,0.9948232778909314,1.2966657010037925,1.0006213573996539,0.4126274947008546,1.0177686354582929,0.2775927306746365,0.9996018268720324,1.2102696185583788,1.0007618041530326,1264.559950596006,0.9942990461332282
9,37,uniform,3.605551275463989,city,load,1.0014272399673327,0.9775759190278248,0.9880689926911183,0.033356545195621035,True,0.321874438644276,1.0158255051389518,0.9821723109206989,0.9925341258695177,1.8842572137089086,0.9990576612452658,1.296954797312043,1.000844449550666,0.4082212096290691,1.0069002885775242,0.27792109880764526,1.000784269167421,1.2098142721000689,1.0003852819829764,1268.7690859914333,0.9976086079351391
36,40,uniform,6.082762530298219,load,wind,1.0110318130920162,0.9517895739376778,0.9878252745018794,0.4663457680410179,True,0.33999301647371905,1.0656308134170605,1.0303276235016097,1.0049726020135872,1.9680616917382896,1.0434918845629577,1.2920216462916438,0.9970375961215455,0.42547440026839345,1.0494562416339666,0.2720395418929761,0.9796049860411415,1.2059316053250557,0.9971747373678718,1256.3410545627107,0.9878366870475066
48,95,uniform,5.830951894845301,load,city,0.982174931815899,0.8351131563925878,0.9488271941113098,0.00953085995014158,True,0.3218744386442759,1.1336773432566758,1.0961198458120422,0.9947274900978951,1.927223655910542,1.0218390272634963,1.2974552533279102,1.0012306454510653,0.4145421176523761,1.0224911593177364,0.27776380827623187,1.0002178714012822,1.2109746695077888,1.0013448048739728,1263.6205024096016,0.9935603761831058
84,89,uniform,5.0,load,load,1.005761282683095,0.8504920057052675,0.9902505880244225,0.10542046558595042,True,0.3218744386442764,1.1557526984876703,1.1174638685324163,1.028562791803644,1.8976029038800337,1.006133719605591,1.2950003533286392,0.9993362285881456,0.41071721304277126,1.0130568196402558,0.27714480371498035,0.9979888573749949,1.2081618082651293,0.999018873487387,1261.5317914053633,0.9919180630937317
32,79,uniform,8.06225774829855,sync,load,0.8419512394825808,0.5467643171083673,0.8230632248532407,0.3387190856236191,True,0.3283527122099652,0.7146035804165937,0.5799811868383713,0.8055942935676706,1.966405014461849,1.0426134927419277,1.2930745826447478,0.9978501344666894,0.426779832906233,1.05267616374667,0.27728668553237457,0.9984997688946247,1.2052147201764178,0.9965819510467743,1250.12480151088,0.9829489674284841
6,55,uniform,5.0990195135927845,load,load,0.988024015446233,0.951477139345764,0.9450556506952381,0.05420676537479174,True,0.32187443864427484,1.008834721725478,0.975413124558846,0.9474533213581138,1.8490403240950357,0.9803852087170284,1.3000218172865021,1.0032112320510742,0.4010536414331046,0.9892210834929245,0.2784954311385363,1.0028524200364841,1.2115158404498523,1.0017922945903384,1260.8464333011477,0.9913791792638587
0,49,uniform,9.848857801796104,load,hvdc,0.9247930734237549,0.8338443127671258,0.8813910482037934,0.6300852603099398,True,0.321874438644262,1.0806697031157535,1.0448682911402178,0.9279463829537772,1.990805250082062,1.0555508147567816,1.2901502221081893,0.9955934405421474,0.44446419106280083,1.0962956154339947,0.27700925889629174,0.997500765168636,1.2026256626234733,0.9944410810554849,1229.9527531438994,0.9670880757084919
20,92,uniform,7.280109889280518,wind,city,0.9817801265164248,0.9314693371002069,0.9098656563446682,0.27884978195313104,True,0.3218744386442626,1.002688857911318,0.9694708665288788,0.9111569608223032,1.802224730637321,0.9555629726818481,1.2920529388217843,0.9970617441914462,0.38680094620981403,0.954066019045443,0.2736169434885231,0.9852851546564638,1.203738953258582,0.9953616517510173,1251.7679385340084,0.9842409343091313
32,53,uniform,2.23606797749979,sync,load,0.9926323111013697,0.9749656667023154,0.9646077794702271,0.0604309440715583,True,0.3218744386442771,1.0000370485773862,0.9669069087541893,0.9642620384179861,1.890663719103318,1.0024544736600078,1.2970332606003248,1.000904998728427,0.4058202335190481,1.0009781476377027,0.2781447539177331,1.0015896434871652,1.2097555056427842,1.0003366884919773,1265.5035946456956,0.9950410152095487
9,57,uniform,5.385164807134504,city,load,0.9472390454913662,0.8697988035262461,0.9280207333674793,0.052602206282447495,True,0.3218744386442749,1.1046371655146594,1.0680417375758027,0.9702887615731356,1.8902774835145444,1.0022496865315826,1.2985912449169121,1.0021072765248276,0.4106528271685098,1.0128980083050165,0.2785147374639111,1.0029219414467454,1.2100832351087953,1.000607685240677,1266.8212159511077,0.9960770353733365
52,74,uniform,2.8284271247461903,load,load,0.9811472758114793,0.9236561456545681,0.9440560909891305,0.0833167899355195,True,0.3218744386442765,1.0546758916475278,1.019735626376212,0.9657008174552986,1.8956342132737785,1.0050898942623783,1.2954383900200834,0.9996742562451157,0.40931138024378483,1.0095892549532632,0.27798245955469364,1.0010052270963217,1.2080921715281396,0.9989612914532051,1265.6681611256004,0.9951704106517479
7,30,uniform,7.615773105863909,load,wind,1.0035218657138376,0.9706701314409486,0.9852678866966854,0.4814909958790314,True,0.3627188484702982,1.0324049272438611,0.9982024748023206,0.9942123943850085,1.9768084600461993,1.0481295347869173,1.2885644865713608,0.9943697474621886,0.4286046520418386,1.0571771815059203,0.27087476164429247,0.9754106526316934,1.2014195426701275,0.9934437505747172,1253.4311138806015,0.9855486569361925
64,95,uniform,3.1622776601683795,load,city,0.9577107638268676,0.7084750548440198,0.9655189431808104,0.08480280300996623,True,0.32187443864427634,0.8759362822061945,0.846917465806357,0.9449785317165871,1.8575293620278708,0.984886206946833,1.296264488928651,1.0003117468570732,0.40472100013113615,0.9982668274284751,0.2776971129740494,0.9999777039237573,1.209590313975459,1.0002000928867596,1269.3867471543101,0.99809426296857
52,71,uniform,2.23606797749979,load,load,0.9998864999153868,0.9988999861001642,0.9794487081059824,0.010213228504578287,True,0.3218744386442763,1.000218736298823,0.9953751839799747,0.9754005947990305,1.8576472228554248,0.9849486982892421,1.2980457925567224,1.0016863574856123,0.3987429160791117,0.9835215510559083,0.27803558785217036,1.001196540258908,1.210468614289994,1.0009263520556952,1267.6806504443844,0.9967527921031588
13,58,uniform,6.4031242374328485,load,sync,0.9099946778034904,0.7695098350192415,0.8749842063593585,0.17939711929826851,True,0.3218744386441974,1.0397861176125596,1.0053391343615612,0.9139870835326739,1.8814548210828235,0.9975717962569096,1.2932635752091919,0.9979959777601659,0.40977354687787065,1.010729214627712,0.2775022225031921,0.9992759100754981,1.205279971602659,0.9966359069042521,1254.957777362453,0.9867490429226822
46,69,uniform,3.605551275463989,load,load,0.9581304218459463,0.827916376184222,0.939721508762347,0.04309392399445633,True,0.3218744386442765,1.108622220290951,1.0718947718213256,0.9859190825616482,1.8496251688538592,0.9806953010084049,1.2923514770932556,0.9972921225921427,0.4015462848914747,0.9904362159473342,0.27707427857372996,0.9977348987793826,1.2049198471840792,0.9963381230407797,1262.4768231831108,0.9926611233138003
35,40,uniform,5.0990195135927845,load,wind,1.0114081316494279,0.9756843099847482,0.9937578472124226,0.41619043129970756,True,0.32187443864427606,1.0424485793243587,1.007913391612424,1.003368842308622,1.9453905045174988,1.0314713264790252,1.292183204937086,0.9971622689890216,0.4233954466756452,1.0443283871200388,0.27198351335516247,0.9794032292133624,1.2060271215865517,0.9972537189639681,1257.7685885213007,0.9889591294059569
4,30,uniform,5.0,wind,wind,1.002482288674308,0.9930819212748456,0.9954904759185504,0.346132970955005,True,0.27925585398824115,1.0112715853618324,0.9854213901657521,0.9979254882717564,1.9258906039434127,1.0211322257870794,1.2919129427775229,0.9969537109244823,0.4208406722808304,1.038026894167904,0.27123280083084544,0.9766999393651763,1.2052899304991171,0.9966441418322665,1257.1124113903234,0.9884431900112942
5,25,uniform,2.0,load,load,0.9999625491115243,0.9996506645485602,0.9993146051600494,0.004936571003248735,True,0.3218744386442759,1.0001212261749033,0.9993155089600201,0.9992683056384657,1.8779079878950604,0.995691219208504,1.2963970345568394,1.000414030727382,0.3975831513710342,0.9806609269832239,0.2778633537102274,1.000576331067848,1.209852546438237,1.000416930712425,1270.4646028228017,0.9989417600465419
28,75,uniform,5.830951894845301,load,load,0.9906836545865746,0.9371794520080362,0.9496216650656302,0.08781306224035246,True,0.3218744386442753,1.028300610020921,0.9942341291453021,0.9585631799689982,1.9290338360059223,1.0227988082739474,1.3013829397131977,1.0042615938900068,0.4216764453619722,1.0400883748963348,0.2788577279177768,1.0041570382140512,1.214588113470959,1.0043327314023571,1261.2615370122626,0.9917055672882567
32,84,uniform,5.385164807134504,sync,load,0.9268590913495667,0.8203902568290969,0.8652417174485952,0.17264532349729256,True,0.32187443864427784,1.0780361908361467,1.0423220242583429,0.9116378267225607,1.8765953972495883,0.9949952665907313,1.2941636464470747,0.9986905519307555,0.4024526402263776,0.9926717917252238,0.2777316154895703,1.0001019462894076,1.206294211816695,0.9974745736367544,1254.776481125256,0.9866064931956979
78,81,uniform,7.0710678118654755,load,load,1.0159965406329923,0.7016265081201261,0.9870722218330139,0.1763102827897302,True,0.32187443864427634,0.8627514992391507,0.8341694803598231,0.9600448046298821,1.8771207708217097,0.995273826486071,1.2943248725386163,0.9988149681703782,0.41338164490373475,1.0196287888236724,0.2766253093249688,0.9961181760353096,1.207971064498895,0.9988611490657371,1255.618221637676,0.9872683374903845
30,68,uniform,8.54400374531753,wind,load,0.9076138748919168,0.7217668932545404,0.8711230401602417,0.46405614708557047,True,0.36406332006224096,0.9571290724423661,0.9254204272037005,0.8862381940916093,1.939348918561611,1.0282679990928343,1.2880520800080968,0.9939743294678075,0.4194144245016996,1.0345089747984162,0.27093512050129565,0.9756280027891764,1.2005406474239828,0.9927169994618198,1242.3058490927733,0.9768010762767675
51,86,uniform,5.830951894845301,load,load,0.8891747721693477,0.3420205303130423,0.8706681502561114,0.18361720631766065,True,0.3218744386442775,0.8686856824086981,0.4472329941323523,0.8737988772420764,1.9534551888050644,1.035747326891494,1.2967907851315388,1.0007178833196329,0.4219573150054776,1.040781155473207,0.2775042834238887,0.9992833313796813,1.2097304450087285,1.000315966063713,1264.8051002190682,0.9944918025432787
11,13,uniform,2.0,load,load,0.9998259223866952,0.9894073281767287,0.9917064549692332,0.14642750732076254,True,0.32187443864419846,1.0068015192399171,0.981386454169776,0.9939127970417524,1.9038180954476929,1.0094290949432048,1.2977975801775776,1.0014948149719551,0.41701908828436407,1.0286007449671761,0.2777618126028872,1.0002106850505577,1.2111230833869067,1.0014675270667386,1262.7787125461077,0.9928984930846239
6,57,uniform,5.0990195135927845,load,load,0.9457059332824932,0.8403932264620935,0.9143975082769551,0.004499844159175481,True,0.32187443864427584,1.0991800943974765,1.0627654532898625,0.958976921367133,1.8773310859260277,0.9953853382874938,1.297514253137137,1.0012761748956625,0.402613904647856,0.9930695593783828,0.2781185698401464,1.0014953555289503,1.2091527893987575,0.9998383074812376,1263.195757591885,0.9932264075429423
0,95,uniform,10.295630140987,load,city,0.8523373479930553,0.6072483585205164,0.778184005736833,0.6166406621761582,True,0.32187443864427234,0.7000494657936404,0.6768575883348095,0.7428371798345812,1.8963092471624239,1.0054478060024234,1.2901732959324097,0.9956112463353398,0.4161661357741795,1.026496890222764,0.27655192615972096,0.9958539257940835,1.2031411178819695,0.9948673066886354,1233.8533363514343,0.9701550288891515
9,51,uniform,9.433981132056603,city,load,1.022554634954322,0.9873560342642336,0.9934408725856096,0.23364904131477293,True,0.42475554307339425,1.0651091763129894,1.029823267667487,1.001868835760322,1.9838354999757528,1.0518553626762415,1.302998596079926,1.0055083765152553,0.4329123212501611,1.0678022868817472,0.27892756791905116,1.0044085296442948,1.2160114613898887,1.0055096858672492,1265.1046086903195,0.9947273002649436
41,94,uniform,5.830951894845301,load,load,0.9169277698284628,0.7753725973303215,0.8792642789356356,0.22194280746458006,True,0.32187443864427745,1.0509701010947032,1.0161526046341485,0.9182702322327558,1.9371286735966073,1.0270907963595821,1.2942170589956927,0.9987317697534055,0.4230308573814976,1.0434291073745716,0.2775098866843568,0.9993035085269238,1.2065906590001234,0.9977197033281675,1258.0117451236208,0.9891503187423216
8,20,uniform,8.246211251235321,load,wind,1.0016386067472074,0.9526724438045124,0.9743406630400502,0.44610979037413334,True,0.36992651158633705,1.0405023903994397,1.0060316778099985,0.9867918134272171,1.9747361462909416,1.0470307671034869,1.290716830326454,0.9960306853031023,0.42299936005497035,1.0433514174691438,0.2733688586922166,0.984391809881172,1.2047354772182017,0.9961856690612252,1256.2545059269385,0.9877686355281208
60,86,uniform,6.324555320336759,wind,load,0.9925678593023324,0.4717693416004103,0.953344858412185,0.2771281163864806,True,0.32313714087341977,1.1481228339386187,0.5877851624960744,1.0127612774727726,1.9233835332940221,1.019802944348572,1.3018998011598637,1.0046604496644367,0.4136847742878576,1.0203764742872155,0.2784563163400388,1.00271156899928,1.2147345462753207,1.0044538154610108,1265.7042529864157,0.9951987889842776
7,84,uniform,8.54400374531753,load,load,0.977591767619614,0.9203089753843094,0.9198206134037163,0.0876809781839959,True,0.32187443864427495,1.035840231607409,1.0015239712683894,0.9335427805254951,1.867787637372243,0.9903252778440518,1.3016374672291342,1.0044580097189246,0.40044266260254746,0.9877140702699669,0.2785716895301957,1.0031270238686225,1.2135909894979626,1.0035082179461168,1257.379488787014,0.9886531878059011
10,74,uniform,7.211102550927978,wind,load,0.9475580477610522,0.8920351059988141,0.8578115697916324,0.41718041811952156,True,0.3218744386442694,1.0240050829974785,0.9900809082605205,0.8771508649761256,1.8800220603209414,0.9968121278817665,1.2898219324921392,0.995340103385949,0.4137654952577658,1.0205755770432154,0.2764443139383191,0.9954664179049336,1.202524256942856,0.9943572295480771,1227.1132151066993,0.9648554018360381
15,79,uniform,7.211102550927978,load,load,0.8595849787631551,0.6432013322450791,0.8459598543983866,0.10416066383105171,True,0.3218744386442768,0.7824429047198873,0.7565214222368988,0.8248270775656795,1.9178654944428186,1.01687720844095,1.2927214783976693,0.9975776481575799,0.4289893480519168,1.0581260555830763,0.27725089028741795,0.9983708714549655,1.204088126935137,0.995650380537689,1256.9284337446293,0.9882985319446385
23,93,uniform,7.0,load,load,0.9631501561872498,0.9067135820305172,0.8893657466197482,0.11429680655983987,True,0.3218744386442769,1.0237780340021025,0.989861381151433,0.9029574232846304,1.745229381512671,0.925343297902815,1.2968611736179079,1.0007722012696807,0.3782253236114438,0.9329137695656157,0.2781362691611974,1.0015590901721954,1.2090937173826093,0.9997894613261752,1253.0892475680953,0.9852798540626951
1,83,uniform,8.246211251235321,load,wind,0.9632316799734062,0.9067903288634923,0.8732415351855581,0.22789855762043576,True,0.3218744386442672,1.0036468049012846,0.9703970777768884,0.8800283925559224,1.7948787795893675,0.9516680539731943,1.2856685163761643,0.9921349620233024,0.38841978025397605,0.9580589631350138,0.2760000619959849,0.9938666820182285,1.1992176571309177,0.9916230298766443,1236.4151509500668,0.9721693341900508
30,88,uniform,9.433981132056603,wind,load,0.8610362160434024,0.5591581276842856,0.8167459430626839,0.46554764709014257,True,0.36430941756644475,0.6978629869910631,0.5879101929600775,0.791773278224724,1.946681856695824,1.0321560181855158,1.287282671337075,0.9933805860317031,0.42409948401723696,1.046064934329485,0.27074528845523665,0.9749444241537479,1.1992192601708935,0.991624355416965,1240.9491912142425,0.9757343624100848
7,24,uniform,3.605551275463989,load,load,1.0009891537529645,0.9886730969016624,0.9950272458541388,0.17138800038312363,True,0.3218744386442767,1.011507969901755,0.9814308710464286,0.99815890139201,1.9541796853025226,1.0361314643495145,1.2978849875608032,1.0015622662004269,0.4284505117183187,1.0567969858360906,0.2779987709754016,1.0010639639584107,1.2114446520462023,1.0017334294959999,1264.94985774416,0.9946056225872012
6,67,uniform,6.082762530298219,load,load,0.852569777969696,0.5536600109114482,0.8367148582744157,0.0109995430062646,True,0.32187443864427573,0.7822356280339915,0.571235940979333,0.8186115507275579,1.8703387828492843,0.9916779283289463,1.2973501925381776,1.0011495713006884,0.403261184382936,0.9946661107987136,0.2778062252240999,1.0003706133642154,1.209249132339298,0.9999179726513074,1257.945592144752,0.9890983039337259
27,55,uniform,3.605551275463989,load,load,0.9954698744173378,0.9884185953053987,0.9718517633267864,0.07295005370221563,True,0.3218744386442749,0.9994074708037339,0.9784547081284207,0.9691867802195814,1.8817894823815298,0.9977492380265164,1.3009597481896684,1.003935022070928,0.41216681949401196,1.016632354471982,0.2782942833157909,1.0021280936803905,1.2137248857441574,1.0036189356298928,1264.5972613100244,0.9943283828264718
2,82,uniform,8.0,load,load,0.9769169648933254,0.939622593688109,0.8988045597335815,0.16045136673523164,True,0.3218744386442072,0.9907792832279608,0.9579558431024531,0.8954766082011719,1.730495022082021,0.9175309490548799,1.2887123479124263,0.994483850284288,0.3694981208673604,0.9113876392367265,0.2764014770283082,0.9953121636728419,1.2021308837615794,0.9940319525613932,1246.7091747010666,0.9802633260895
8,61,uniform,9.219544457292887,load,load,1.0309901450842374,0.9997711339561961,0.9861453096173662,0.20232674354407998,True,0.3346927006287157,1.0746563951448567,1.0390541975225884,0.9907849384733451,1.8882450747477324,1.0011720769916046,1.3043463149997698,1.0065483950288345,0.4110524285850422,1.0138836473951267,0.2789309387809648,1.0044206680015164,1.2177176921851647,1.0069205538117125,1260.6093606037907,0.991192773584369
11,50,uniform,4.123105625617661,load,wind,0.9947149165523974,0.9901111812771747,0.9538951572958707,0.005502544561508574,True,0.3218744386442762,0.9972257168571248,0.9778725046886251,0.9474092237574605,1.8932422728263822,1.0038216563531228,1.2948117507803443,0.99919068626545,0.4066845629975472,1.0031100643064066,0.2777317162579977,1.000102309153031,1.2072418667251852,0.9982581815381614,1254.1281986458605,0.9860967612129762
59,76,uniform,3.605551275463989,load,load,0.998880246467279,0.940350038335863,0.9837194300337253,0.022793721836186,True,0.32187443864427545,1.0906442093686934,1.054512352848831,1.0098106497699315,1.8917777700274745,1.0030451579374506,1.29559014060339,0.9997913603487695,0.41096205139207675,1.013660727028592,0.2774447383364031,0.9990689115780992,1.2092066402830308,0.9998828363261117,1266.1420276643498,0.9955430027516724
24,56,uniform,3.605551275463989,load,load,0.9666075383036608,0.9099683760032754,0.9098090284689982,0.06611614690187073,True,0.32187443864427573,1.0310324884471287,0.9968755034103198,0.9263981607667265,1.8249234851319067,0.9675981472925924,1.2982559717200577,1.0018485502231473,0.39871959398779155,0.9834640258222198,0.2783632966096058,1.0023766081656516,1.2101069232447752,1.0006272727617853,1258.7718847973408,0.9897480018748229
24,33,uniform,1.4142135623730951,load,load,1.0010637747951838,1.0002740615137997,0.9979818906585437,0.029827508309991646,True,0.3218744386442765,1.0025614415403128,0.9996449433980354,0.9976566879251633,1.902765085963391,1.0088707756304263,1.2965224469172398,1.0005108099405604,0.41023889656111223,1.0118770254697091,0.2778685779093914,1.0005951432284386,1.2100399789079024,1.0005719170506946,1268.9492926044054,0.9977503009116568
1,31,uniform,3.0,load,load,0.9979891379288157,0.9961088148680269,0.9879844979344409,0.01157258827455021,True,0.32187443864427634,0.9988643717115893,0.9929861992597231,0.986499931774185,1.909430311522011,1.0124047648383858,1.2941648558866223,0.9986914852407373,0.4097250466477852,1.0106095861162159,0.2771093172535709,0.9978610718542145,1.20747257103343,0.998448948997085,1262.006053674328,0.9922909663486753
39,50,uniform,9.219544457292887,city,wind,1.014512700241662,0.9550664956469508,0.9966682541977491,0.38780562207070685,True,0.43294338377503644,1.1445562842557573,1.1066383793272803,1.0314968443563552,1.9369113134274722,1.0269755491732404,1.2995557088871283,1.0028515417940436,0.41716899149867137,1.0289704895717788,0.27802632143799205,1.0011631722217889,1.2126140785331292,1.0027004184569186,1261.555095953834,0.9919363870097343
14,95,uniform,8.06225774829855,load,city,0.878228565717472,0.5760349391416351,0.8051547980314708,0.14481129812856075,True,0.3218744386442772,0.6586613089212022,0.6368405760876219,0.7686481380429298,1.7677434814693254,0.9372805662779022,1.2986471946255553,1.002150452243415,0.3849806056933282,0.9495760480490207,0.2782223346576019,1.0018690090494926,1.2111095004544408,1.001456295453723,1255.133772959909,0.9868874248590954
30,60,uniform,3.0,wind,wind,0.996647684854854,0.9926451506308597,0.9658213817359146,0.1063610376249471,True,0.3416544579397594,0.9969848724757059,0.9831046455821001,0.9608816467688022,1.8621819346556787,0.9873530614157949,1.2908003064024658,0.9960951027889853,0.4007759173633045,0.9885360616483202,0.2712114757250421,0.9766231483963802,1.2031692434360772,0.9948905634736029,1254.1738000793812,0.9861326167387111
51,71,uniform,2.0,load,load,0.9976374550264906,0.9948997635181371,0.981681842116458,0.03622029407610672,True,0.32187443864427606,0.9976912114931176,0.9900955568872297,0.9790180240842755,1.8703696316773304,0.9916942847784669,1.2969776877667842,1.0008621138398324,0.4040456138945154,0.9966009497608921,0.2777262869895716,1.0000827585451166,1.2097632392851927,1.000343083376068,1270.4064757331234,0.998896055839482
19,52,uniform,8.06225774829855,load,load,1.0159784622129093,0.9771433215472213,0.9955363317281201,0.2202798795709645,True,0.3569212345489182,1.0574963469467054,1.0224626430587307,1.0058763209459292,1.9960106089324363,1.0583107636645852,1.2996503042410859,1.002924539893251,0.43542440341080085,1.0739984770669093,0.2786765133158226,1.0035044906969421,1.21322779403268,1.0032078946598648,1266.2150100333715,0.9956003873777383
34,89,uniform,7.0710678118654755,load,load,0.8289404008549666,0.5383150602350042,0.8266184649815419,0.21860863423009136,True,0.32187443864427745,0.7395690446755583,0.5611879526083805,0.8117198783864086,1.9309789121256178,1.0238301129095082,1.2911778344354103,0.9963864366404852,0.4215244642363062,1.0397135050079462,0.2768168899037823,0.9968080510767408,1.20308897595155,0.99482419096338,1252.0321268607102,0.9844486604838495
41,80,uniform,4.123105625617661,load,wind,0.9938204756547918,0.9870327368422134,0.9640050880759805,0.10327491439577649,True,0.3218744386442763,0.9957436011717,0.978237276109217,0.9600532360511791,1.8745551991541816,0.9939135270475074,1.2969266819535206,1.000822753265967,0.401915047590318,0.9913457896272988,0.27701104582217284,0.9975071998269603,1.209144192146573,0.9998311984854611,1259.4812177884432,0.990305736694838
90,98,uniform,8.0,load,city,1.0029127627201457,0.660708814970296,0.9745090081768736,0.2622489299876151,True,0.32187443864427595,0.8360918734121731,0.7730557364294397,0.9504441851183567,1.867899010128669,0.990384329126834,1.2950714694472214,0.9993911080432386,0.3995462407824478,0.985502996058106,0.2765862540058141,0.9959775391811627,1.2077245599634718,0.9986573165313835,1248.0064621670654,0.9812833581483954
23,77,uniform,6.4031242374328485,load,load,0.8291259341122216,0.47793578985224255,0.7759711829983404,0.20575616133298547,True,0.3218744386441994,0.8051125936512158,0.47333143101502206,0.7799529161257192,1.86932228545187,0.9911389681991222,1.2939352163510067,0.9985142751674991,0.4020863352513485,0.9917682801575634,0.27762997040108794,0.9997359258396191,1.2054874924403305,0.9968075041456624,1253.890162716612,0.9859095981628687
35,66,uniform,3.1622776601683795,load,load,0.9435713229401499,0.7979029226821015,0.9008123762377062,0.007884307299366622,True,0.3218744386442762,1.087607856609103,1.0515765911539623,0.9452641111810984,1.845333106992081,0.978419594032547,1.2962322564315771,1.0002868734259727,0.40044322558995205,0.9877154589096719,0.2781411979340628,1.0015768385128976,1.2086795912496315,0.9994470238976629,1261.6081153947528,0.9919780751713015
22,78,stratified,7.810249675906654,wind,load,0.8077294092868381,0.5063546236417533,0.7756854145841436,0.37129104649407974,True,0.3542802628847668,0.7358499688299345,0.5119231817386339,0.7657524359350178,1.9307454522231844,1.0237063294353506,1.2904707205979018,0.995840765379669,0.41478766006499035,1.0230968033173315,0.2769016040218849,0.9971131036874897,1.2026338083256947,0.9944478166683816,1246.8424549010267,0.9803681217345197
71,77,stratified,6.0,load,load,1.0106080875457755,0.5185957450007306,0.9880962287585128,0.12254455797385069,True,0.32187443864427595,1.1672574659987842,0.5975811986712318,1.0354774378275018,1.8633510733144227,0.987972953925999,1.3003810376803284,1.0034884381172158,0.4025119275728393,0.9928180272584425,0.2778865492965325,1.000659857572269,1.213937243590073,1.0037945325528808,1264.0864927730697,0.9939267753986473
1,97,stratified,10.816653826391969,load,load,0.7749916426071853,0.3466762447726688,0.7192411928833871,0.4726970988916397,True,0.3218744386442695,0.8956995218306971,0.4585562393013597,0.7688204942200143,1.909901282135888,1.0126544795782801,1.2891280306355593,0.9948046276522301,0.40944477685054875,1.0099182850934851,0.2765352251903611,0.9957937861807655,1.2013831777146047,0.993413680697775,1241.5830949938272,0.976232788699075
75,96,stratified,2.23606797749979,load,sync,0.9892556520920158,0.3850789004260183,1.0016465776818462,0.02254610509602495,True,0.3218744386442763,0.960436220266989,0.5012841754831026,0.9880710310819533,1.909282846229877,1.0123265768241367,1.3026426502793353,1.005233697413408,0.41292709521796855,1.0185076167753442,0.2788738516476601,1.004215099207969,1.2152236089179391,1.0048582172612919,1269.225534203396,0.9979675043413947
24,67,stratified,5.0,load,load,0.8095516228934869,0.4376306330684749,0.785012866410518,0.10837531968788572,True,0.3218744386442772,0.9420797016071208,0.48230072090265486,0.8309800709122483,1.8345835766076217,0.9727200533290546,1.2960187453359253,1.0001221094762627,0.3982481888190493,0.9823012787888777,0.277603058051337,0.9996390153985169,1.208657255796761,0.9994285548988807,1255.969217246666,0.9875443185532444
71,96,stratified,5.385164807134504,load,sync,1.0280792667772085,0.4566211758492882,0.9969592856832157,0.10697381873895143,True,0.3218744386442764,1.1601813388384432,0.5418482544890503,1.0534254008431014,1.8715650477029768,0.9923281098900856,1.3069376233272103,1.0085480765612738,0.4011295158488174,0.9894082319537952,0.2788880745925404,1.0042663155408007,1.218988804717929,1.0079716261116896,1267.9176209896461,0.9969391174624306
81,86,stratified,5.0,load,load,0.9881540954285344,0.5425644232607009,0.9842041139990575,0.14341922340802254,True,0.3218744386442759,1.1322686690038042,0.6016013508514377,1.0236016226127034,1.8492678508483933,0.9805058463584428,1.2985496991478924,1.0020752161535549,0.39493480173457235,0.9741286254998427,0.27757838896874343,0.9995501828848993,1.2118583611876177,1.002075522117684,1261.787935472224,0.9921194642224265
22,89,stratified,9.219544457292887,wind,load,0.8166709670945062,0.4743203792106006,0.7704272293633322,0.43202003451933524,True,0.3395652239107551,0.7816997681152852,0.47241045263998993,0.7744146770034953,1.9221545744212025,1.019151334383482,1.2889796154573678,0.9946900974406685,0.414857262918024,1.0232684826204943,0.2764077413344882,0.9953347212228412,1.2007167116379096,0.992862585484698,1244.0224181076092,0.9781507813131073
38,96,stratified,6.324555320336759,load,sync,0.883283096797406,0.33103968613112367,0.8773689390397973,0.042387396846305325,True,0.3218744386442751,0.7640980611410562,0.4309185076466914,0.8558395849107018,1.9577587566319774,1.0380291344795902,1.296009740640582,1.0001151606609509,0.4237155608240301,1.0451179664480688,0.2778418123075748,1.000498761221575,1.2091157167640714,0.9998076524303264,1261.6211769859137,0.9919883452479604
1,88,stratified,10.63014581273465,load,load,0.8076958491933564,0.47953077449133114,0.7493392804901009,0.5013757344986389,True,0.3218744386442546,0.7625723317973291,0.4691633939573898,0.7462612825636143,1.920239500924915,1.0181359375287458,1.2894915291847784,0.9950851351195371,0.4086933055525422,1.0080647393957787,0.2766274377574825,0.9961258404472122,1.2017721584059236,0.9937353255713269,1237.8134130931444,0.9732687606857665
46,97,stratified,5.0990195135927845,load,load,0.880813255096597,0.4853804074481768,0.8578525379336205,0.03162879098097415,True,0.3218744386442762,0.9295659707901704,0.5010891747811637,0.8822786098087237,1.875439279229314,0.9943822777922513,1.2916089583629717,0.9967191298005419,0.4057229433443864,1.000738176017826,0.276834025851763,0.9968697570330353,1.2052344894751195,0.9965982981141814,1259.2521801218434,0.9901256488047213
2,77,stratified,8.602325267042627,load,load,0.8183171652655874,0.4827435080311187,0.7557614826468644,0.3300278881779243,True,0.3218744386442605,0.7767779533176256,0.47345190910205914,0.7529746879866934,1.8915407316746395,1.0029194771223868,1.2908816652672725,0.9961578864483944,0.4063388832934788,1.0022574261152208,0.2766494885842434,0.9962052447120885,1.2031471984956466,0.9948723346971224,1245.7951734925318,0.9795446646062049
19,98,stratified,8.06225774829855,load,city,0.8974688168260468,0.5853227293383416,0.8680615791022677,0.012086624977403204,True,0.32187443864427534,0.6990595035531568,0.6616623818731399,0.8409800634372568,1.9382740953565936,1.0276981138618562,1.2923475724948266,0.9972891094604025,0.43109223661050305,1.0633129470197336,0.2770380981532493,0.9976046143359768,1.2046317127791402,0.9960998671162289,1255.8987022157357,0.987488873947428
67,74,stratified,3.1622776601683795,load,load,1.0199043034949875,0.6686133392325038,1.0153353882712408,0.046368061899181634,True,0.32187443864427606,0.8928079688395401,0.7970217543633585,0.9955189956266013,1.873149898687829,0.9931684184779095,1.2988677346581734,1.0023206403394127,0.4040948575560668,0.9967224119873938,0.278428143823065,1.002610120739572,1.2122780454585296,1.0024225555238706,1269.0220689637777,0.9978075235563173
2,66,stratified,7.211102550927978,load,load,0.8798379072846194,0.687917317813878,0.8104028136553822,0.2624802312064133,True,0.32187443864425674,0.9194036740208772,0.8889448302034368,0.8213314260848797,1.895401995198648,1.0049667692211945,1.2928569284380047,0.9976821733278805,0.4084401356802713,1.0074402818432662,0.27719958491606034,0.9981861225863162,1.205406655299256,0.9967406605912149,1248.0811798348363,0.9813421072063258
5,79,stratified,8.06225774829855,load,load,0.8717103398791454,0.652274371696024,0.847562921148152,0.10984609768280129,True,0.32187443864427684,0.8048650886796419,0.7782007836274447,0.8296650143319724,1.9223547434560082,1.0192574666069978,1.293171358052613,0.9979248148873298,0.42816351270720504,1.056089086833551,0.2773363216273398,0.9986785067566913,1.204503399680265,0.9959937660901784,1257.2539369077722,0.9885544687900794
25,89,stratified,7.211102550927978,load,load,0.8656739740639579,0.5695187084233585,0.8325445375747329,0.13691223269107744,True,0.3218744386442768,0.6614422092852096,0.6395293482469543,0.804646137938135,1.8955250270344581,1.00503200229938,1.2918885155453836,0.996934860722644,0.4140344020698552,1.0212388506319134,0.27701681824478563,0.9975279861212383,1.2037365993482776,0.9953597053223151,1253.692609820388,0.9857542661391211
19,89,stratified,7.0,load,load,0.9093076580195086,0.6804073029525937,0.8892086681299143,0.025910413566175405,True,0.32187443864427584,0.8620895420766455,0.8335294531181963,0.8768544323002936,1.94767442868235,1.0326822927515684,1.2913972642810059,0.9965557680184833,0.43118728545353574,1.0635473902706503,0.2769107343483904,0.9971459816776038,1.2041511439596222,0.9957024887870816,1257.2985524622816,0.988589549138204
60,79,stratified,9.055385138137417,wind,load,1.0071752839554013,0.6616133357744546,0.9712895353920451,0.3000969928091729,True,0.34189478223451414,0.8120722901193009,0.7691770683353686,0.9456167692098832,1.9383907854634335,1.0277599844729286,1.3008004437105753,1.0038120887165665,0.41629548687169493,1.0268159418897131,0.2777397982302946,1.000131412055881,1.213943110181754,1.003799383588373,1254.6612557696799,0.9865158937258305
54,67,stratified,3.1622776601683795,load,load,0.9662879107003157,0.5550754629718567,0.9551607004778581,0.05481813985788242,True,0.3218744386442766,1.0056217660416948,0.6061065366563301,0.9746705872540815,1.8858344313954443,0.999893922559125,1.2987689636883266,1.0022444199675442,0.4105351944361225,1.0126078606365636,0.27804605989299086,1.0012342497158877,1.211840730171998,1.002060943178636,1268.890830873695,0.9977043335828218
19,87,stratified,7.280109889280518,load,load,0.9017765110290354,0.5856149324516285,0.8686621137073979,0.04505138562227784,True,0.3218744386442752,0.7147830116615123,0.6578735327928111,0.8412351196690264,1.951172430196704,1.034536978612149,1.2939488314381253,0.9985247817668047,0.433933777343927,1.0703217650747512,0.2774582031279944,0.9991173978271461,1.2072227194715353,0.998242348834594,1260.0838829758482,0.9907796006826165
50,79,stratified,9.219544457292887,wind,load,0.9915784435016503,0.6540481751489435,0.9546355225218396,0.29725509824765817,True,0.3337392270159321,0.782438563943902,0.7565172252661011,0.9281244291728888,1.9626913571404483,1.0406444633699332,1.3010089329446288,1.0039729773559594,0.4181534296579382,1.0313986609731454,0.27815775944172166,1.0016364759294516,1.213876507522826,1.0037443104079111,1254.8884378123448,0.9866945225747149
45,86,stratified,4.123105625617661,load,load,0.8551521659584143,0.5553370172972671,0.8469688040408073,0.03863089030391598,True,0.32187443864427656,0.7794171510384645,0.5774880143614558,0.8302485553965435,1.8412836339851921,0.9762725108200725,1.2932768948030398,0.9980062563308613,0.3957064427422892,0.9760319209068951,0.27757082016820844,0.9995229278958236,1.2062699053708992,0.9974544748404415,1259.0014669805673,0.989928517907838
34,69,stratified,5.830951894845301,load,load,0.9089033793308057,0.6873212699754158,0.8804653631285677,0.18583220540245826,True,0.32187443864427745,0.9156782714807685,0.8853428461978985,0.8846805683557252,1.9084619938131326,1.0118913502055342,1.2919131072541188,0.9969538378490971,0.4186564399751279,1.0326393638606703,0.2767598243370847,0.9966025599438001,1.2040151730287312,0.9955900555639186,1255.8832714329046,0.9874767410211537
86,90,stratified,6.082762530298219,load,load,1.0099030686695956,0.6571448234444313,0.9856310376630634,0.19739580472190338,True,0.3218744386442762,0.8609469136297598,0.7673735871221633,0.9631557317630021,1.860529357145661,0.9864768433442,1.29432995390047,0.9988188893963283,0.3965449102125194,0.9781000474956747,0.2765224532091028,0.9957477947177774,1.2079439076446727,0.9988386932905859,1257.1887369901474,0.9885032033551178
30,95,stratified,7.810249675906654,wind,city,0.875781154556339,0.6249848219217636,0.8230306232627661,0.4521381178012719,True,0.35797319414172046,0.7174830749484109,0.6937136409783066,0.7903520138330756,1.8907504372371087,1.0025004527414743,1.286543756714409,0.9928103744866901,0.40788626023075825,1.0060741172815142,0.2706645644068958,0.9746537396462757,1.1987129227857465,0.9912056692768688,1245.5296300513894,0.9793358729311955
43,58,stratified,5.0990195135927845,load,sync,0.9324559457409902,0.7885035357589297,0.9297168107339412,0.16138842098237738,True,0.32187443864427734,1.063889564004113,1.0286440597880073,0.9649847614378647,1.9448833391466878,1.0312024208086419,1.2990712095368449,1.0024776594609452,0.4182469024523443,1.0316292168125814,0.2781709924977439,1.0016841277067254,1.2114221304675419,1.001714806591362,1260.6681019495081,0.9912389607690792
55,78,stratified,3.605551275463989,load,load,0.9800381913083281,0.7875569428748412,0.9768224231307114,0.07338639032350058,True,0.3218744386442761,1.0553885852755152,1.020424709239398,0.9916458085097282,1.8779003315393492,0.9956871597092091,1.2995140112467245,1.0028193642254468,0.4075722148463218,1.0052995068968582,0.2779327969034381,1.0008263936059716,1.2131868875203975,1.0031740694077014,1264.2771763986577,0.994076706247672
46,79,stratified,4.242640687119285,load,load,0.9114480734126287,0.7608262410711902,0.9151204531651644,0.04988251208425454,True,0.32187443864427656,1.0197828301257796,0.9859985340345251,0.9398701057157964,1.8629398476130437,0.9877549167151158,1.2913090084997236,0.9964876620914147,0.4010993530016562,0.9893338336158487,0.27669880193480173,0.9963828203827032,1.2041510960094952,0.9957024491375235,1260.045730367272,0.9907496020239551
18,69,stratified,5.0990195135927845,load,load,0.951743021929148,0.8048130759986339,0.925712392898036,0.0220247554920886,True,0.3218744386442754,1.0942031074348515,1.0579533484925576,0.9695623986308347,1.900344517041407,1.0075873585319082,1.293959471170708,0.9985329923207286,0.4264896550099415,1.0519604238472653,0.27715510399547905,0.9980259483289934,1.2062211165295735,0.9974141317564551,1262.6090959515118,0.992765126834858
47,87,stratified,4.0,load,load,0.9281359825907384,0.6944959663743104,0.9169671680701249,0.004772169870900789,True,0.3218744386442763,0.8795230608772536,0.8503854184008661,0.9038261438344077,1.8931205530238533,1.0037571189320336,1.2926304600263232,0.9975074103729188,0.4083365060351144,1.0071846735672814,0.2771786861346282,0.9981108667968429,1.2064298371754385,0.997586721109205,1263.75650339999,0.9936673111330483
37,89,stratified,5.385164807134504,load,load,0.9287118352592145,0.700486262506179,0.9077592709990681,0.022644806783894467,True,0.32187443864427595,0.9315490350264273,0.9006878286076317,0.9091824434143573,1.8745631748086766,0.9939177558431668,1.2913815672162887,0.9965436547820552,0.40871852906875644,1.0081269545995848,0.2768117768492276,0.9967896391440458,1.2041161421304156,0.9956735460678657,1257.4949302419361,0.9887439571905072
32,57,stratified,5.385164807134504,sync,load,0.9065480165357531,0.7311264661829076,0.877415238117961,0.21456520754986008,True,0.33922653189324503,0.9844236621052858,0.9518107767954793,0.90080023345214,1.9761269222233744,1.0477681745764493,1.2960279776409007,1.0001292339351955,0.4272119895564602,1.0537421021289992,0.278215870912288,1.0018457333260669,1.208928746795395,0.9996530485302485,1258.3487888274683,0.9894153296918483
63,66,stratified,3.0,load,load,0.9986515084867236,0.7487166730803643,0.985520022433442,0.06604817576215027,True,0.3218744386442756,1.0013041462995464,0.968132028906854,0.9829745138255266,1.8953170161508683,1.0049217122257312,1.29826590952081,1.0018562191047031,0.4103072597839191,1.0120456471560613,0.2783841100923726,1.0024515567975798,1.2118635574457626,1.0020798188599935,1269.5159368582563,0.9981958423356402
9,79,stratified,7.0,city,load,0.9179188720770561,0.6985700371674045,0.8844905106763441,0.046315383328390025,True,0.32187443864427545,0.9299157553387675,0.8991086576997412,0.8877013311830043,1.9586560616583657,1.0385048972653528,1.2943831376020556,0.9988599306204703,0.4443969084519851,1.0961296591371423,0.2776574593363465,0.999834912545202,1.2057455213830504,0.9970208661158222,1259.922330206238,0.9906525748625691
3,57,stratified,6.4031242374328485,load,load,0.9039536456903802,0.7644014165437335,0.859580692694714,0.17579213100976487,True,0.3218744386442213,1.031531440541088,0.9973579257640448,0.8972266513200332,1.872501774704764,0.9928247747195059,1.2957777437359135,0.9999361314343104,0.4052009996851929,0.9994507729905785,0.2778546496633752,1.000544988096029,1.2079380949667882,0.9988338868359601,1254.618554162064,0.9864823182771529
42,57,stratified,5.0990195135927845,load,load,0.9292730501475981,0.7517858874564963,0.9128678011617468,0.1683143211870184,True,0.3218744386441952,1.0114536672871233,0.9779453073022834,0.9360057641757801,1.9681685611166402,1.0435485480961617,1.297556228234244,1.0013085665742667,0.42291828415412114,1.0431514392562629,0.278480516208803,1.0027987118901185,1.2105891919264238,1.0010260566926816,1262.2797444480036,0.9925061641137736
20,57,stratified,7.615773105863909,wind,load,0.9363104452034241,0.7917629781686136,0.8767297041572645,0.39067334905983764,True,0.3298670786737005,1.074600618432756,1.0390002686322992,0.9235267514616682,1.9584306928144588,1.0383854037755718,1.289029757029132,0.9947287910897424,0.41992109781815107,1.035758712677085,0.2731198446002294,0.9834951187442595,1.2018835068457945,0.9938273986630299,1255.0240071184537,0.9868011180996527
23,49,stratified,6.324555320336759,load,hvdc,0.9341162048683119,0.841980261336678,0.9076214125877452,0.2173660799346615,True,0.3218744386442302,1.0902715985980904,1.0541520862678229,0.9538362743265738,1.9285037169605226,1.0225177322670067,1.2984427233625968,1.001992664224088,0.41843717371077355,1.0320985314402913,0.27852910805408687,1.002973689445182,1.210419118615927,1.000885424497639,1246.656725043412,0.9802220859374997
24,65,stratified,4.123105625617661,load,load,0.9356568246168706,0.880831244795777,0.8948911750636246,0.05559329006950964,True,0.3218744386442769,1.0648588355944677,1.0295812204647106,0.9274792014853691,1.8287824397421992,0.9696442151753427,1.2992534895560728,1.00261832276385,0.39755984355192536,0.9806034369527374,0.2783111188976478,1.0021887180286568,1.2116946523886798,1.0019401526839078,1259.1667878958108,0.9900585065479613
57,87,stratified,3.0,load,load,0.9764729183189916,0.8257251746681836,0.9667735930142587,0.01361292538781933,True,0.3218744386442763,1.1186975480892114,1.0816363149671115,1.007054345699397,1.894812349712426,1.0046541315217643,1.2959253028682565,1.000050001045566,0.4096773295702367,1.010491889293953,0.27787448693804334,1.000616421436341,1.2095746766394855,1.0001871625047019,1268.4414520992252,0.9973509957386197
18,59,stratified,4.123105625617661,load,load,0.9487222907363466,0.8931311292011173,0.9492327373147788,0.023212449761915832,True,0.3218744386442758,1.1004248223474473,1.0639689447565617,0.9877386693380753,1.8573032687585056,0.9847663293572599,1.2950198814059184,0.9993512981709838,0.39812299164236464,0.9819924729983913,0.27773853283057864,1.0001268553952485,1.2068352311097175,0.997921937955799,1263.4982915494354,0.9934642841460037
3,38,stratified,5.830951894845301,load,load,0.9611424098040943,0.9048234811950607,0.9310873607750897,0.21804935778321333,True,0.3218744386442653,1.067861377366204,1.032484291292981,0.9618106034011331,1.9390641957082342,1.0281170353359077,1.2966672597278572,1.000622560248305,0.4207978810994531,1.037921347342161,0.27826030531781076,1.002005740084272,1.2101393587267497,1.000654093389984,1257.8008079562835,0.9889844629249057
44,65,stratified,2.23606797749979,load,load,0.9575667289381363,0.9014573202851096,0.9254643243327335,0.04074215256253588,True,0.3218744386442763,1.0684197644380726,1.0330241796084358,0.9550403331331649,1.854556158690959,0.9833097758998557,1.2970558567450807,1.0009224359021103,0.39844829694960177,0.982794856608078,0.27834719302991157,1.0023186197318679,1.2088796973088773,0.9996124899209374,1263.9118644496693,0.9937894685233956
2,55,stratified,5.830951894845301,load,load,0.947958347403005,0.8924119497545971,0.8835587631180418,0.21441548441623665,True,0.3218744386442562,1.043289934963021,1.0087268740537985,0.9087835674387255,1.8711566230779701,0.9921115578462959,1.2957674189941577,0.9999281639550268,0.40621027758647976,1.0019402129953838,0.27789337026587846,1.000684419647085,1.2083085211991986,0.9991401891829481,1250.9007549811406,0.9835590846435361
39,41,stratified,8.06225774829855,city,load,0.9611093242383256,0.9047923343051819,0.9536383542022455,0.23931980687172416,True,0.4882890299294223,1.1079481974215115,1.071243078596513,0.9949758035993125,1.9856653063975618,1.0528255498200154,1.2959062804348622,1.0000353216620446,0.4345044258450869,1.0717293013000648,0.27787219598698576,1.0006081718007802,1.2084702144299886,0.9992738919603155,1260.1453845469377,0.9908279581791838
57,72,stratified,5.385164807134504,load,load,1.0123682619820833,0.8560790005244152,1.0139108333355777,0.09365623359134456,True,0.32187443864427556,1.1517402199293367,1.1135843190249257,1.0351561700962584,1.8592305996963538,0.9857882252668009,1.2990120440578745,1.0024320021709956,0.4010725311019986,0.9892676759104957,0.27836066193986014,1.002367120810977,1.212182012531,1.0023431467009614,1266.9047236243882,0.9961426958426947
66,98,stratified,3.605551275463989,load,city,0.986579007103471,0.8799385726910646,0.9803861653963439,0.08039069949542232,True,0.3218744386442756,1.1456288144345927,1.1076753777477275,1.0250224675306432,1.8815920283469119,0.9976445453313825,1.2976054402350596,1.0013465428845973,0.40500207264592286,0.9989601083986311,0.27772729452523964,1.000086386646227,1.2106089476946305,1.001042392571836,1263.8575851087085,0.993746789726778
55,85,stratified,3.0,load,load,0.9885568347794563,0.8771071187305631,0.979122234517683,0.0223106489424304,True,0.3218744386442763,1.1473397686172435,1.1093296498790652,1.0248075968005406,1.8662299432025893,0.9894993681525578,1.2949404350851186,0.9992899903988282,0.40245264788231605,0.9926718106090212,0.27778896946011383,1.0003084759546275,1.2083884625164956,0.999206291988222,1269.0722855453098,0.9978470078837263
35,94,stratified,6.082762530298219,load,load,0.9447832042046527,0.8894228566787734,0.9081237282580776,0.003784096526102898,True,0.32187443864427573,1.076359973868533,1.0407013385358863,0.9406485384153431,1.8407486984474768,0.9759888810463141,1.2980951202706665,1.0017244230903752,0.40561248805753464,1.0004657319174644,0.2784428007346496,1.0026628997715035,1.2105568232924369,1.0009992913405237,1257.9491162229851,0.9891010748483228
35,57,stratified,2.8284271247461903,load,load,0.9471648963721014,0.8518462627841619,0.9272355295607985,0.023767791448265352,True,0.3218744386442764,1.10279024635022,1.0662560048346532,0.9716419086672721,1.8615725693087797,0.9870299679899678,1.2958688017642488,1.000006399821794,0.40024781256071307,0.9872334618186552,0.27793711257280507,1.0008419341821708,1.2074628996961612,0.9984409518493542,1265.8150656844564,0.9952859188668185
84,95,stratified,1.4142135623730951,load,city,1.004303275585355,0.8492590855260561,0.9981828717310633,0.04345437916652195,True,0.3218744386442762,1.1470080829490088,1.1090089525962925,1.0333274735512743,1.8897493686012905,1.0019696731415502,1.2970157883370068,1.0008915155925466,0.4088788357897302,1.0085223600312527,0.27829950368688294,1.0021468920562264,1.2105061334440075,1.000957376329696,1271.2422582377483,0.9995532154678031
62,75,stratified,3.1622776601683795,wind,load,1.0100251259135242,0.865057865953493,0.9912095737514295,0.08074613588408075,True,0.32187443864427656,1.1662988026705432,1.1276605917531881,1.0369805582498346,1.887294192835959,1.0006679070449618,1.2965495273066205,1.0005317075519957,0.4060002713505802,1.0014222209495456,0.27795172983640276,1.0008945704430723,1.2100703199852167,1.0005970058332332,1270.2711910321814,0.9987896840940858
6,75,stratified,7.0710678118654755,load,load,0.9630974930115209,0.9066640046968072,0.9103988846168746,0.05503227772219077,True,0.32187443864427506,1.054295716399697,1.0193680459208803,0.9335441038489092,1.8494227454972254,0.9805879735141602,1.2984394454563408,1.0019901347031754,0.39877672748161797,0.9836049487582759,0.2781122585350114,1.001472628737339,1.2104144898669937,1.0008815970239404,1258.1236159776472,0.9892382806324607
25,55,stratified,3.0,load,load,0.9833272337545887,0.9316624072766828,0.9369648334637423,0.0020222490822208172,True,0.3218744386442759,1.0155785986211519,0.9819335841473091,0.9433872113397725,1.8216277593551553,0.9658507106567279,1.298889098772472,1.0023371267699803,0.3963914400116347,0.9777215047205472,0.27847307913830577,1.002771931256355,1.2105998450665516,1.001034865684968,1262.5847296453173,0.9927459680792802
65,72,stratified,3.1622776601683795,load,load,1.0077805765063566,0.9216987092766036,1.0034759893376608,0.05000312643559479,True,0.3218744386442756,1.1749384641894796,1.136014030682117,1.0453615149865438,1.8710976022740575,0.9920802642490668,1.295923144921484,1.0000483357839438,0.40306055053695306,0.9941712362732027,0.2776138433170194,0.9996778527673961,1.2090984512673864,0.999793375735822,1268.8860094591596,0.9977005425977671
48,53,stratified,5.0990195135927845,load,load,0.9841202162175979,0.9264548841767793,0.9899441384849125,0.12534164187534946,True,0.32187443864427695,1.141464533655837,1.1036490550622837,1.0285125303867484,1.92794933446308,1.0222237914624812,1.2991258552574347,1.002519828907604,0.4215898997407489,1.0398749053143304,0.2783099344365933,1.0021844528253459,1.2127941643709712,1.0028493299269063,1265.641295183465,0.9951492864807459
19,22,stratified,7.0710678118654755,load,wind,0.992410530699176,0.9342594208748866,0.965911430651422,0.38160945331143337,True,0.44310226208294057,1.050775083254976,1.0159640475233582,0.9849793493310035,1.9665999840605521,1.0427168681568535,1.292577110941227,0.9974662415243067,0.42790825813255573,1.0554594872468255,0.2771066565170531,0.9978514906339945,1.207141081109554,0.9981748427572937,1254.9172194547355,0.9867171530237986
43,55,stratified,2.23606797749979,load,load,0.9805983886556339,0.9231394209922608,0.9481982296503159,0.0781369887516189,True,0.3218744386442766,1.0538083027526421,1.0188967797578625,0.9696797218060237,1.884062418022851,0.9989543780410846,1.2960496147421425,1.0001459310265106,0.40629808904715425,1.0021568048407068,0.27790390286964406,1.0007223471891364,1.2084720430316307,0.9992754040156876,1264.5156313753673,0.9942641987866981
24,29,stratified,5.0,load,load,0.9910201038471069,0.9329504672257675,0.9674885398952286,0.17476745669574056,True,0.3218744386442772,1.0389510109386482,1.004531693863531,0.9824550196753085,1.9578815625287547,1.0380942477619644,1.299012596272911,1.002432428308711,0.4285831343959293,1.0571241070370672,0.2782905887108488,1.0021147895357152,1.2126118157006713,1.0026985473397243,1262.891673992724,0.992987312486636
12,29,stratified,7.0710678118654755,load,load,0.9709086618535857,0.9140174716875314,0.9352349942558201,0.40570311342930476,True,0.4077468860325455,1.0609749670313326,1.025826020243148,0.9629415031382679,1.948176630642147,1.0329485667569311,1.2908453522302055,0.9961298641135604,0.42153285466721996,1.0397342004718495,0.27657417903058557,0.9959340576127926,1.205252684093343,0.996613343091499,1251.8332246345135,0.9842922675080258
36,84,stratified,5.385164807134504,load,load,0.9856357255503247,0.9327471229058034,0.9357359381185613,0.0580949902502107,True,0.3218744386442753,1.021373012143795,0.9875360350516953,0.9427584811775157,1.8654963057269633,0.9891103840291227,1.3002571608381654,1.0033928438450301,0.40972424272004415,1.0106076031837876,0.2788245490951067,1.0040375624205968,1.212763866218396,1.002824276638475,1258.6729353268943,0.9896701998188318
28,59,stratified,3.1622776601683795,load,load,0.9713587683634313,0.914441203836891,0.9637766158330016,0.01802444355490307,True,0.3218744386442763,1.09376445967696,1.0575292326578314,0.9970297871385446,1.866605236449935,0.9896983535093585,1.2953477893044893,0.9996043407603853,0.4038272182948801,0.9960622648834047,0.27763778107590353,0.9997640518096177,1.208051187540376,0.9989274021372158,1265.906803987107,0.9953580509209583
52,92,stratified,4.0,load,city,0.9930282667751551,0.9613415770305128,0.9609614449936646,0.11796380500976056,True,0.32187443864427645,1.0098605428070948,0.9764049613036665,0.9639417503846178,1.8430027048696906,0.9771839845429202,1.2973331105113584,1.00113638930563,0.3933158480830218,0.9701353863920044,0.27826284938298496,1.0020149011750168,1.2097081408615324,1.0002975229513307,1264.956667623817,0.9946109770639455
79,98,stratified,2.23606797749979,load,city,1.0076630360249386,0.9495520222555303,0.9932445366268727,0.012740656551907481,True,0.3218744386442762,1.0553696931349001,1.0204064429748556,1.0082933099960067,1.8821912602668966,0.9979622658825725,1.2953480411011467,0.9996045350688434,0.40462911412820646,0.9980401854983553,0.27737542590815273,0.9988193199200769,1.2084652494370365,0.9992697864492557,1267.7425888801574,0.9968014930979825
77,97,stratified,2.0,load,load,1.0092357905272147,0.9500987907896119,0.9957382160352494,0.007489086805975487,True,0.3218744386442763,1.0767781600588713,1.0411056706725397,1.015879774171784,1.893375754086924,1.0038924298520946,1.2957943433130559,0.999948941128744,0.40557098599367397,1.0003633647716812,0.2775700017491321,0.9995199807970223,1.209063737686809,0.9997646713669818,1271.559611316756,0.9998027440596235
17,65,stratified,5.385164807134504,load,load,0.9887267861867505,0.9361883257047664,0.9466121676442123,0.07311053193045514,True,0.3218744386442755,1.02476778467907,0.9908183424648815,0.9547945981270328,1.8861612742804401,1.0000672189041797,1.3019163470926407,1.0046732179621574,0.40655420445351353,1.0027885277166608,0.2790221653022714,1.0047491715510712,1.2139011369511306,1.0037646762757537,1261.5833923377959,0.9919586359094951
57,92,stratified,6.4031242374328485,load,city,1.0018978166833374,0.9431907915476591,0.9997603323217114,0.06668261987104829,True,0.3218744386442759,1.1727196546637417,1.1338687279028872,1.0366430382709935,1.849057375560537,0.9803942496256265,1.2986851716105696,1.0021797586269074,0.3924961072761369,0.9681134501585559,0.2781090072279884,1.0014609208931458,1.2117728445872593,1.002004809157574,1261.8705433179232,0.9921844171747504
23,82,stratified,6.082762530298219,load,load,0.9833023005674357,0.9601328325308717,0.9177227008863078,0.06643867094585859,True,0.32187443864427656,0.990808247158173,0.9579838474891573,0.9120383078750588,1.7202001689810533,0.9120724841557744,1.2948957008861832,0.9992554695544608,0.3701184212034357,0.9129176444708164,0.27816546876143267,1.0016642369232223,1.2074474057503093,0.9984281400353862,1253.1766341462446,0.9853485644399752
65,69,stratified,4.0,load,load,1.0039936325581071,0.9451638013705629,0.9948830419558836,0.0813254199347111,True,0.32187443864427573,1.1150777741487214,1.0781364602005636,1.0236874307555606,1.8770279689303853,0.9952246217173,1.2963994815053055,1.0004159190081423,0.411728828371926,1.015552025040732,0.2773918908604734,0.9988786096441957,1.2101026692117738,1.00062375513755,1263.9569430660317,0.9938249129681046
19,42,stratified,7.615773105863909,load,load,1.009700178576241,0.9608498188219615,0.9914739343632938,0.2607863157698095,True,0.389870996040629,1.057055100585724,1.0220360147098086,1.0053251110623638,2.003217859482885,1.0621321415670038,1.2958596808027287,0.9999993612852693,0.4353625510001914,1.0738459146604913,0.27811035655543004,1.0014657797746171,1.2094646052630158,1.000096145406022,1264.1914158904408,0.9940092744177489
7,10,stratified,7.0710678118654755,load,wind,0.9930862855280765,0.9454829424776972,0.9619128926664346,0.6212562166396662,True,0.3679155686200125,1.0295921219261566,0.9954828546657086,0.9734149077591597,1.9586716696168325,1.0385131728077623,1.2892931582801954,0.994932054673545,0.42150801274078054,1.0396729264804185,0.2761414089491461,0.9943756675102454,1.2028556988865828,0.9946312961134852,1237.5010685695497,0.9730231702242557
68,99,stratified,3.1622776601683795,load,load,0.9991842052261753,0.9406361863817286,0.9865474015145422,0.023380231685337316,True,0.3218744386442763,1.0812203460720136,1.045400691894192,1.010794003396579,1.8623606252139513,0.9874478054719331,1.295296126845469,0.9995644734608712,0.40319189879168815,0.994495214039368,0.277425217420488,0.9989986174347203,1.2074547389509789,0.9984342037975593,1264.3736737870738,0.9941525802789595
48,62,stratified,6.324555320336759,load,wind,1.0217275418691505,0.9400188505427621,1.0085007522976803,0.13830452347004657,True,0.32187443864427656,1.1922764208287029,1.1527775996738794,1.0466804661982028,1.8889011671709892,1.0015199457205501,1.302273681585144,1.0049489687008848,0.4096059562066038,1.0103158429280523,0.2785697877370237,1.0031201755771546,1.2157227810369162,1.005270978502845,1264.5892092367953,0.9943220516369327
11,63,stratified,5.385164807134504,load,load,0.9804584295716628,0.9509030225304643,0.9079186901445103,0.18944173020412597,True,0.3218744386442657,0.9887219463487701,0.9559666635566012,0.9032886387136687,1.8570458588411505,0.9846298472739524,1.291476112757218,0.9966166144411467,0.4008292175848287,0.9886675296053202,0.27681585658271113,0.9968043301232851,1.204328457548226,0.995849107907409,1247.452471366,0.9808477658897554
27,42,stratified,5.385164807134504,load,load,1.0100156815793082,0.9508329834852104,0.9902349136230634,0.2026183100641734,True,0.3654842317874686,1.072049107298681,1.0365332862871857,1.008659928386083,1.9808213023444607,1.0502571959216493,1.2971115619149507,1.0009654229130618,0.4320955380548141,1.0657876457614404,0.2783336020597099,1.002269679118007,1.2108907353978737,1.001275400461947,1264.8533654746743,0.9945297525808297
55,71,stratified,4.47213595499958,load,load,1.020611393523133,0.9608078309885119,1.0002334338871592,0.07921213961871074,True,0.32187443864427545,1.1191195419377395,1.0820443286183798,1.0266767175617617,1.847500497252928,0.979568772514791,1.2961090519932321,1.0001917980397426,0.40005658025877067,0.9867617767237379,0.2773978409552782,0.998900035729895,1.2092854217824154,0.9999479800876745,1267.3278195824475,0.9964753680163808
49,64,stratified,5.385164807134504,hvdc,load,1.017914324848855,0.9625659095227874,0.9981247026479606,0.08626511947860527,True,0.3218744386442759,1.0724624813193546,1.0369329656761213,1.012236585041785,1.9048182241880216,1.009959376198326,1.2983292062569358,1.0019050644362115,0.415964552849712,1.0259996747424536,0.2778750750831648,1.0006185393265914,1.2120007002693503,1.0021932211114057,1254.0741943687565,0.9860542986937526
8,23,stratified,5.385164807134504,load,load,0.9991532618912837,0.9655063327158877,0.9839213389537068,0.2477690093161502,True,0.3252597943770126,1.026278167378194,0.9922786878278095,0.9925668483409942,1.9738296965144824,1.0465501556523977,1.2946188997173338,0.9990418654149439,0.426806707679638,1.0527424518680577,0.27763604901542477,0.9997578147197104,1.207937909680415,0.998833733624211,1261.8676995332694,0.9921821811618454
9,14,stratified,5.0990195135927845,city,load,0.998599852248031,0.9765986009857461,0.9887918392672097,0.1696978480879653,True,0.32326270284294734,1.0164172453716385,0.9827444474430271,0.9943634221473833,1.9432715400016343,1.030347823956079,1.2976300247687256,1.0013655144741358,0.4283909091870658,1.056649972882077,0.27775832214382773,1.0001981160281486,1.211457210066094,1.001743813617398,1264.8298368816236,0.9945112525029044
26,93,stratified,7.615773105863909,load,load,0.9913484007290236,0.9775184152912204,0.9477511545109826,0.0958597367888323,True,0.3218744386442754,1.0022325006593173,0.969029627896323,0.9445738089262584,1.8646435136886583,0.9886582226081029,1.30215027816416,1.0048537397621407,0.41051360107199814,1.0125545994045273,0.27900345643535973,1.0046818015680816,1.2148109271893155,1.0045169741986342,1257.639059916014,0.9888572835673134
21,62,stratified,4.123105625617661,load,wind,0.9870090740617901,0.972011680728223,0.9226102305641523,0.12066368949096556,True,0.3218744386442774,0.9887334098400908,0.9559777472749217,0.91466541796336,1.8133737912997279,0.9614743495307344,1.2929186954517433,0.9977298381909842,0.39394672310989287,0.971691474688323,0.2769975895916673,0.9974587444060873,1.2055361118670047,0.9968477071420934,1253.9938498972015,0.9859911253887689
41,91,stratified,5.0,load,load,0.9908647921085165,0.9712166317338662,0.9507795905684532,0.16603351466042293,True,0.32187443864427645,0.9976476879989612,0.9645967050931642,0.948656171778172,1.8514606166525678,0.9816684792835227,1.297709106579382,1.0014265409581888,0.4020559315775321,0.9916932878072948,0.27748252464781625,0.9992049787792379,1.2097439579788865,1.0003271398254827,1258.0097100512317,0.9891487186042385
31,62,stratified,3.1622776601683795,load,wind,0.9898741888470942,0.9781231557613392,0.9379475121369786,0.0943573220179979,True,0.3218744386442769,0.9909321366709,0.9581036326770644,0.9310847479574823,1.8338473755761495,0.9723297099749957,1.2977617712858946,1.0014671816800627,0.39789105489400056,0.9814203881254084,0.27818413093543437,1.0017314387666574,1.2094336930907867,1.000070584389885,1256.554084105127,0.988004188059003
14,92,stratified,8.246211251235321,load,city,0.985054764437736,0.9643681637734454,0.9244245831881238,0.04555077013674591,True,0.32187443864427623,0.9925806142405823,0.9596974979776745,0.9188528920640272,1.710228646583969,0.9067854533976557,1.2986046855168054,1.0021176484744356,0.3689999629439169,0.9101589050479072,0.2784335965603401,1.0026297558580002,1.21107001786514,1.001423647631539,1252.9889089315575,0.985200959732258
16,40,stratified,6.708203932499369,sync,wind,1.0112944744001147,0.9764977086239768,0.9927884336657181,0.5181240608150738,True,0.3684085077904987,1.044982560547354,1.0103634247933477,1.0024146461038728,1.9700126079450744,1.044526285688587,1.29259741551567,0.9974819103206858,0.42599514056258575,1.0507406764945966,0.2723868784582551,0.9808557330054031,1.206111882895316,0.9973238073797893,1256.3645136804325,0.9878551324983237
47,80,stratified,8.06225774829855,load,wind,1.0342526436972448,0.9736497609090825,0.9956833801338675,0.2921178758574717,True,0.32187443864427534,1.116930373114931,1.0799276845778274,1.0148983455576284,1.8436173924210641,0.9775098998707236,1.2988140823714023,1.0022792375137075,0.39728338540887054,0.9799215375867676,0.27712680310405813,0.997924037797339,1.2117512709257756,1.0019869700777049,1257.310831900284,0.9885992042229528
7,13,stratified,4.123105625617661,load,load,0.9998761457994809,0.9790054729664236,0.989366783691972,0.2105252672436595,True,0.32187443864427756,1.0160051257620226,0.9823459809078748,0.9944032101648923,1.9456593805206677,1.0316138880300367,1.2959040026952562,1.0000335639577307,0.42654140896302445,1.0520880778472659,0.2777123814961643,1.000032685344065,1.2094468356085668,1.000081451827688,1261.139676243925,0.9916097505215924
10,14,stratified,4.0,wind,load,0.9966413771750491,0.9742648821043564,0.9757966010491161,0.31784141143306865,True,0.3218744386442704,1.0111583041942722,0.9776597292674748,0.9801203965187072,1.987472244425886,1.053783611844382,1.2923077923205608,0.9972584115774088,0.4423949273049633,1.091191661436105,0.27686417026667104,0.9969783060290369,1.2057187447220439,0.9969987247192547,1246.9227361139924,0.9804312453004974
39,70,stratified,9.848857801796104,city,wind,1.029036311511489,0.9687390839904068,0.9976357796266626,0.47059390460953976,True,0.32187443864427573,1.1128840592092544,1.0760154206512536,1.0190714024104746,1.8650491564887148,0.9888732996921532,1.2962697680736999,1.0003158207099412,0.39897913482052183,0.9841041977025865,0.2744406028271041,0.9882511234610676,1.2090528558729403,0.9997556732862958,1259.54269517072,0.9903540751722093
64,72,stratified,2.23606797749979,load,load,1.0204174026159283,0.9716661059781478,1.0022121751335977,0.0288115601091804,True,0.32187443864427645,1.0645988722212654,1.0293298693953374,1.014144721872751,1.881977389235394,0.997848868682346,1.296282476280637,1.0003256274806962,0.40973203296698324,1.0106268182605795,0.27776892561376626,1.0002362987568387,1.2093586294220753,1.0000085148713462,1268.9792237969152,0.9977738352297792
17,93,stratified,8.94427190999916,load,load,0.9912461092046417,0.9762326513791579,0.9467575684608334,0.1111001163653238,True,0.3218744386442754,1.003617288358374,0.9703685390849437,0.9440673374120321,1.8807410164067502,0.9971933277415311,1.3026366921958563,1.005229099631903,0.4060272699203898,1.0014888144216416,0.2790386336459235,1.0048084734872575,1.2154608592756744,1.0050543975936759,1257.3141403678987,0.9886018056070879
37,72,stratified,6.4031242374328485,load,load,1.0409518757012648,0.9799564459136971,0.9975351794005825,0.12982257510384254,True,0.3218744386442753,1.1187258382222156,1.0816636678787765,1.0119719633749198,1.8512225396678352,0.9815422477723295,1.3052707729987785,1.0072617881702672,0.40196025635927796,0.9914572995671018,0.2796543095844982,1.0070255012583549,1.2182236709654843,1.0073389434244824,1260.2330511090097,0.9908968887024103
16,42,stratified,5.0,sync,load,1.0115419020664207,0.981010984821814,0.9950369824090296,0.1732109685817933,True,0.36534810829537684,1.0428038865988105,1.0082569279432898,1.0029847265646843,1.9816071853219412,1.050673881289115,1.2976627409121178,1.001390761129295,0.42660556616789974,1.0522463251567626,0.27842834892065815,1.0026108592889145,1.2106773900651002,1.0010989869943527,1264.198239860228,0.9940146399732903
4,21,stratified,3.605551275463989,wind,load,1.0021035898603663,0.9891544222017581,0.9946090078217049,0.13444222463234212,True,0.3218744386442769,1.01221460701996,0.9807875194345019,0.9978375402051765,1.9617875819335535,1.0401652700103843,1.2985068326318603,1.002042136577666,0.43014873213374594,1.060985740819977,0.2777192729782299,1.0000575013327473,1.2121190972569524,1.0022911225881528,1265.4169449058916,0.994972884194017
5,31,stratified,5.0,load,load,1.0061639504622697,0.9868835462513001,0.995245742474891,0.18757309403675215,True,0.32187443864427706,1.0240667210462808,0.990140504307801,1.0002780656473522,1.9750757395702212,1.0472108238732862,1.2973564224502347,1.0011543788490442,0.42464966526348025,1.0474219869336738,0.2773622049025529,0.9987717115359578,1.2107259436827316,1.0011391355738375,1261.9143530172296,0.9922188638945055
0,32,stratified,3.605551275463989,load,sync,0.9955475897930461,0.9869891641068994,0.9764137315590563,0.13991250259074606,True,0.3218744386442687,0.9990131156819593,0.977208513489517,0.9754091436175522,1.9363186953761518,1.0266613353811656,1.2941717529918357,0.9986968076540436,0.42045547140967665,1.037076774822862,0.27708011793737714,0.9977559261260113,1.2077198955101474,0.9986534595340228,1254.5175535726926,0.9864029034659979
79,85,stratified,4.123105625617661,load,load,1.0078200139431,0.9807442092156027,0.9951242845659602,0.0544494116170775,True,0.3218744386442762,1.0298696999605297,0.9957512368416844,1.0008723426674258,1.9085608214435141,1.0119437498994597,1.2961141163805139,1.0001957061666193,0.4160315778614314,1.0261649956568262,0.2773520587893513,0.9987351757330665,1.2096229335472557,1.0002270657372894,1263.7360322474779,0.9936512150615204
14,20,stratified,4.123105625617661,load,wind,1.0033771461168064,0.9879950192221064,0.9912480437729438,0.3067792054045534,True,0.32187443864427745,1.0138015098695827,0.9802153684133962,0.9946233406192397,1.9459264523533957,1.0317554929864345,1.2949852657296246,0.9993245856690848,0.42926984832232307,1.0588179250806824,0.27417058942384787,0.9872788145302145,1.2084955913908568,0.9992948759565697,1263.0664044547843,0.9931246996715418
20,52,stratified,3.605551275463989,wind,load,0.9951610956389682,0.9830325142601863,0.9640375573940858,0.19365588115608345,True,0.3218744386442776,0.9977384844362961,0.9667875556114297,0.9614275669168251,1.891769570313496,1.0030408103425412,1.293902731657396,0.9984892071193583,0.40670390385214067,1.0031577695985674,0.27392728821949547,0.9864026953041822,1.2066811134714035,0.9977944993723579,1263.9936315036418,0.9938537603774367
6,92,stratified,9.848857801796104,load,city,0.9939423447891339,0.9893123273397342,0.9465205185399238,0.0816325888083308,True,0.321874438644275,0.9987814628836524,0.9753795603654787,0.9395936087854669,1.7867874036302644,0.9473779012896093,1.2992882744099783,1.0026451658180815,0.37861760640302106,0.9338813568607541,0.27805114726459623,1.00125256916517,1.2118743218081802,1.002088719821059,1253.6336186140134,0.9857078824938057
21,51,stratified,3.0,load,load,0.9941253270098869,0.9882259547192708,0.9565566591996267,0.06431434160172766,True,0.3218744386442767,0.9946887286721957,0.9755475561922042,0.9506790161947223,1.889357318528997,1.0017618030984015,1.2971411527173546,1.0009882577800944,0.4074201375913116,1.0049243999001027,0.27798644052282995,1.0010195624249598,1.2092409182991184,0.9999111805303259,1263.9763788721689,0.9938401949667903
4,91,stratified,9.486832980505138,wind,load,0.9925131792620373,0.9863509769596731,0.9397743114913092,0.017487045780141264,True,0.32187443864427623,0.9939022304447716,0.972803587948625,0.931421765697214,1.7223931664113235,0.9132352398920202,1.3010536610203667,1.0040074934751286,0.36759698488313114,0.9066983817312555,0.2781257410334105,1.0015211787479885,1.213309797532962,1.0032757026669656,1253.2412495407466,0.9853993702757037
51,63,stratified,2.23606797749979,load,load,0.9991410035701537,0.984747193449868,0.9854737017066644,0.04406647603422892,True,0.32187443864427645,1.005554738551662,0.9732509901753149,0.9870651922076743,1.8966320762493603,1.0056189741795865,1.2964165571654254,1.0004290960900952,0.4099881857831047,1.01125863340979,0.2779284343774155,1.0008106843005753,1.2097170274729439,1.000304871215827,1271.1686322090197,0.9994953247445512
17,60,stratified,8.602325267042627,load,wind,1.0365685142882242,0.9903851371792054,0.9982852886594988,0.3665249734890552,True,0.36215264411582565,1.0891097130224094,1.0530286926976489,1.0084966026741429,1.9363024915766904,1.0266527439161175,1.3047452256033445,1.0068562295534318,0.4176130687500813,1.0300658307790662,0.27888874988366075,1.0042687472407805,1.2185528622979742,1.0076111489783213,1260.8487922080967,0.9913810340267967
21,41,stratified,2.0,load,load,0.9973452190310054,0.9945498928645803,0.9809570756870267,0.027678936189555664,True,0.3218744386442766,0.9978851589198673,0.9890834850972121,0.9783642152555496,1.9205193946435588,1.0182843408156808,1.2952233363745158,0.9995083019281511,0.4197175611476096,1.0352566781735606,0.2770179463616179,0.9975320484309528,1.2082692347969235,0.9991077035861714,1266.3667336999367,0.9957196847640508
4,72,stratified,7.280109889280518,wind,load,0.9997712954993291,0.9968343315960304,0.9442767243809108,0.019312630762725602,True,0.32187443864427606,1.0029179899809193,0.9840744796313095,0.9347839015166846,1.7004349002842563,0.901592681836622,1.2995790125583233,1.0028695249573873,0.3698097463186115,0.9121562807217635,0.27833437407700884,1.002272459125612,1.2126891510074433,1.0027624952567364,1258.3918408306176,0.9894491806497608
40,42,stratified,2.0,wind,load,1.0009157228390102,0.9976309148416306,0.9970215499140715,0.21088734835039136,True,0.32187443864427717,1.0027449770440136,0.994172636659704,0.9976229041841739,1.8756233100109498,0.9944798533042146,1.2900348348142159,0.9955043975523984,0.4051118196980278,0.9992308055986502,0.27185599208822225,0.978944029539478,1.2036074021040783,0.9952528732039062,1266.4276566479584,0.9957675873004842
82,91,stratified,1.4142135623730951,load,load,1.000771717318938,0.9985524475084976,0.9988956752058544,0.006695107171184933,True,0.3218744386442759,1.0018776139499845,0.9971546358824261,0.9993152019269308,1.8687799622493855,0.990851421389498,1.2948372392171872,0.9992103553862204,0.4011390664038427,0.9894317889282597,0.27693900779874764,0.9972477933949364,1.2083232758925901,0.9991523897152524,1267.9039696977597,0.9969283837154898
19,45,stratified,5.0,load,load,1.0000708507836444,0.9972661926360371,0.9983526584499466,0.09389893710008812,True,0.3218744386442761,1.0037624660211522,0.9949375431799706,0.9991748133915075,1.8982775992501082,1.006491451858691,1.2973390844265507,1.0011409993042781,0.41515075715977884,1.0239924024701936,0.27797069163725446,1.0009628512324362,1.2113629109987007,1.0016658385089034,1267.508544076908,0.9966174681931026
0,40,stratified,4.0,load,wind,0.9969955593467308,0.9947674496909018,0.9817996980058573,0.08276478593887397,True,0.3218744386442756,0.9983609302561175,0.9906131080545578,0.9794778257743761,1.9063893338822413,1.010792398975284,1.2875847424202085,0.9936136906607544,0.4142587492759982,1.0217922154774397,0.2711868246611195,0.9765343807673739,1.200712676257995,0.9928592486628676,1252.9685444213446,0.9851849475115088
83,92,stratified,1.4142135623730951,wind,city,1.0005194101267454,0.9986610111264841,0.9987905088837148,0.028942843562431708,True,0.3218744386442762,1.0013980843967039,0.9974193247978499,0.9991246924545724,1.8377613451228334,0.9744049474919577,1.2958970486409305,1.000028197597478,0.39543979675013957,0.9753742237561579,0.2775434297701426,0.9994242960192655,1.209376312548339,1.000023136900249,1266.378692342252,0.9957290876133514
50,62,stratified,2.23606797749979,wind,wind,1.0017148939689977,0.9949947643551317,0.992770455077028,0.1011634998465125,True,0.3218744386442762,1.003171878811092,0.9878604349626106,0.9928397216581301,1.9010291394023409,1.007950354204566,1.2958543492865304,0.999995247018214,0.40857283830860897,1.007767600247152,0.27765826336674126,0.9998378078308584,1.209354194817166,1.0000048479337136,1269.2881395769045,0.9980167297364684
5,14,stratified,1.4142135623730951,load,load,1.0001940290590783,0.9976311603218295,0.9988753429384516,0.034203363768733896,True,0.32187443864427645,1.0022404237394391,0.995998826179942,0.999476685982366,1.8905078854806168,1.002371848648143,1.2961575055322305,1.0002291890541928,0.4043830540890044,0.9974332647440293,0.27775799763092923,1.0001969474684194,1.209848031745048,1.0004131975504653,1270.3717704125731,0.9988687677167618
29,90,stratified,11.40175425099138,load,load,1.020367060190316,0.9947815648023415,0.9859988843741723,0.3104542239753744,True,0.32187443864427573,1.0507849614326519,1.015973598447751,0.9897571990431798,1.8598104510040496,0.986095669965498,1.3014268317955466,1.0042954648831126,0.39783757016157034,0.9812884650620101,0.27768897354672095,0.9999483941273247,1.2146377957411651,1.0043738132551967,1256.4118764212785,0.9878923729059637
31,50,stratified,2.23606797749979,load,wind,0.999287627372409,0.9971775742842154,0.975073678886066,0.012759663505578347,True,0.32187443864427573,1.0009833552297442,0.9908082508727762,0.9708321959647206,1.865733610213388,0.9892362059516742,1.2969728356039703,1.00085836948403,0.4015594564428894,0.9904687043105246,0.27752493533940703,0.9993576982135329,1.209547411056231,1.0001646168224252,1261.2951629396994,0.9917320067050356
3,21,stratified,2.8284271247461903,load,load,1.0017322698416677,0.9972501750530555,0.998628301886455,0.08335668212122666,True,0.3218744386442763,1.0057116779822497,0.9937695653407678,0.9997360308668051,1.9111594549956954,1.0133215791789163,1.2981513734440102,1.0017678329890296,0.41732229147828576,1.029348612486688,0.2777230898179159,1.0000712456405096,1.2117321431853987,1.0019711535094993,1266.2493204579905,0.9956273650014208
25,91,stratified,8.06225774829855,load,load,0.9988654888767923,0.9971636432829248,0.9543484911305561,0.06937192187113439,True,0.3218744386442754,1.0019942453283313,0.9883536437160543,0.946733473566542,1.770530254661273,0.9387581496392989,1.299028583431388,1.0024447654070114,0.38551090358984097,0.9508840572666601,0.2775613987603016,0.9994890017316461,1.2118788294201241,1.0020924471275967,1254.1570180078802,0.9861194213202751
11,22,stratified,1.4142135623730951,load,wind,0.9990316307825946,0.9960749999706212,0.9944952840796419,0.025994867702405333,True,0.3218744386442767,1.0004678328530847,0.993245761093681,0.9945670100328722,1.9047828487208842,1.009940619665934,1.2950072817959448,0.9993415752032021,0.40917270268916683,1.009247199061824,0.27739499981910776,0.9988898048967625,1.2085842808248277,0.9993682125062021,1264.738974922783,0.9944398095009633
9,26,stratified,3.605551275463989,city,load,1.0005314304222226,0.9982369440827941,0.9985934562631784,0.02860052913974953,True,0.32187443864427656,1.0016961021319797,0.9967386438731272,0.9988990527009113,1.879878056898551,0.9967357753958437,1.295935432159768,1.000057817698242,0.40521726402224373,0.9994908898813321,0.27770270038089706,0.9999978239826608,1.2094516373939428,1.000085422383771,1270.094858083275,0.9986510369047479
16,81,stratified,8.602325267042627,sync,load,1.0147315648296065,1.0052678038310365,0.9697824119208451,0.22587312042127244,True,0.321874438644275,1.0332671695115396,0.9990361519214076,0.9665659574695018,1.8179911090483813,0.9639225114046199,1.3006168939330196,1.0036704455564012,0.39229695642062123,0.9676222335114066,0.2776704544235841,0.9998817074051088,1.2130661792134665,1.0030742567203728,1252.8751681439142,0.9851115275494604
7,16,stratified,1.4142135623730951,load,sync,0.9999606449063,0.9996239072068746,0.999751533857181,0.0024952075289277342,True,0.32187443864427606,1.0001597315103532,0.9994671633429882,0.9997999168112734,1.8811658871757964,0.9974185997446136,1.295739731968129,0.9999067982093718,0.4021462313446829,0.991916017198757,0.2777656077660521,1.000224351301917,1.2092259705895168,0.999898820394535,1271.052459965575,0.9994039807550552
4,73,stratified,7.0710678118654755,wind,sync,1.013202964085964,1.0064510183899866,0.9523592818819457,0.010368978282307706,True,0.32187443864427623,1.0234760409658974,0.9966374008977624,0.9431914929994997,1.6542317992473652,0.8770951972425011,1.3031948302324574,1.005659808055337,0.3609771820755362,0.890370270403208,0.27856037391842026,1.003086276741796,1.2158179173478598,1.005349645921014,1254.7704031272876,0.9866017141833787
2,31,stratified,3.1622776601683795,load,load,0.999568735668616,0.9993796544089171,0.993194817814346,0.04507508786304695,True,0.32187443864427584,1.0002375996929833,0.9981676661878106,0.9919347720992421,1.8967482826755977,1.005680588336918,1.2968017620418921,1.000726354069595,0.4133217708640865,1.0194811061791207,0.27789974463990164,1.0007073735475824,1.2099245767989066,1.0004764920139666,1264.2165934381806,0.9940290710368731
6,80,stratified,10.0,load,wind,1.0084231709478322,1.0042933701812953,0.9687983627912402,0.2796321658768585,True,0.3218744386442747,1.0194538683214274,0.9963054576938746,0.9641460385384514,1.8706978949033382,0.9918683342067838,1.2984127850705967,1.001969561203505,0.3978866889028089,0.9814096191656213,0.277503183167803,0.999279369395552,1.210933142225138,1.0013104663119945,1253.5794487078388,0.9856652897436453
8,90,stratified,12.041594578792296,load,load,1.0106118168272764,1.0038039440346342,0.9732499344749905,0.29941754107139557,True,0.3218744386442746,1.0250367819875585,0.995932518465246,0.9701404225303203,1.8678245541095968,0.9903448515779417,1.3013645012787975,1.0042473651714994,0.39998702393195185,0.9865902121800684,0.27768241951573924,0.9999247932883302,1.2137738627986459,1.0036594343457659,1251.5678118015753,0.9840835785277228
13,31,stratified,2.8284271247461903,load,load,1.002957625903373,0.9992483838725272,0.9984437740847841,0.08342743446948359,True,0.32187443864427606,1.0076535256826737,0.9965251884168415,0.9990659454440826,1.9027155561084825,1.0088445142576972,1.297619059299459,1.0013570525531228,0.4215934824387535,1.039883742237963,0.27737057819113053,0.998801863458664,1.210989141075698,1.0013567712921887,1265.25722965066,0.9948473031760077
15,44,stratified,3.1622776601683795,load,load,1.0004190823140011,1.000219626279682,0.9967096954476123,0.03982155043675473,True,0.32187443864427606,1.0016796808605781,0.9992595894698704,0.9961106355759134,1.8964112864129512,1.0055019085390864,1.2978737017861592,1.001553557103599,0.40625918423355173,1.002060843956952,0.2779909564239671,1.0010358240288415,1.2112003598669896,1.0015314263404544,1269.840086089763,0.9984507146108059
5,51,stratified,6.4031242374328485,load,load,1.013630339145947,1.0034250453475513,0.986432160035902,0.11693217202266123,True,0.32187443864427606,1.0296548734869377,0.9966288690517995,0.9854947719812077,1.9197069799887596,1.017853588008113,1.304298155579804,1.0065112309825115,0.41474895704032244,1.0230013401571925,0.2792890403388363,1.0057101793319612,1.21653802028769,1.00594509300668,1265.3721226108817,0.9949376412898329
3,31,stratified,3.605551275463989,load,load,1.0022251019562287,1.0003874733657157,0.9976172978821632,0.07435692698987509,True,0.32187443864427595,1.0054207872932215,0.9987386565876081,0.997478854543666,1.8995993589251305,1.0071922660150856,1.2982748476242614,1.0018631165318512,0.41593176618844785,1.02591880462128,0.27769897892358414,0.9999844231435265,1.2113930946532685,1.0016907971198923,1264.3019850303494,0.9940962127952384
3,23,stratified,2.0,load,load,0.9999108975448205,0.999803966932806,0.9993364081775766,0.0011040719405155386,True,0.3218744386442759,0.9999506044152475,0.9996281405419387,0.9992341608278618,1.8980590541238826,1.006375576392701,1.2961769846613767,1.000244220864344,0.4046691108637705,0.9981388396682799,0.27790695656609116,1.0007333434444772,1.2096711670474032,1.0002669496143097,1270.3059941309816,0.9988170490979539
5,34,stratified,3.1622776601683795,load,load,1.0011551766459403,0.999434948823731,0.9983492059788353,0.049972458098337724,True,0.32187443864427645,1.003767481591601,0.9982780905751224,0.9984733759632071,1.904829769707252,1.0099654977826598,1.2981378833834254,1.0017574228711996,0.4077281384538039,1.0056841011356348,0.2779712125334085,1.0009647269614796,1.2117661076592088,1.0019992384482321,1268.9376377180238,0.9977411368997754
20,30,stratified,1.0,wind,wind,1.000019675268247,0.999913389731489,0.9978347288437291,0.0357866289145935,True,0.29691415286132405,1.0000642059318652,0.9996502833337644,0.997519098718929,1.9129452635363258,1.0142684380743228,1.2846236905039574,0.9913286824389157,0.4149722756905236,1.023552168012356,0.2667630062748704,0.9606043636884045,1.1980723944926566,0.9906760217996669,1263.6940383613555,0.9936181960805737
