a,b,source,length,role_a,role_b,screen_C_freq,screen_C_rocof,screen_C_H2,theta_shift,post_fault_ok,worst_line_load,exact_C_freq,exact_C_rocof,exact_C_H2,R_rocof_top5,r_R_rocof_top5,R_dev_top5,r_R_dev_top5,R_rocof_top1,r_R_rocof_top1,R_dev_top1,r_R_dev_top1,R_nadir_top5,r_R_nadir_top5,R_J,r_R_J,r_C_rocof,r_C_freq,r_C_H2,r_C_H2rocof,r_C_Linf,f_peak_rocof,f_peak_freq,r_C_rocof_cap,f_peak_rocof_cap
31,96,top C_freq,7.810249675906654,load,sync,0.7508723823561265,0.2445759022139532,0.7043283328363964,0.2827138303866273,True,0.3346048097146,0.67750954762191,0.3220002042744564,0.6907216133662224,1.891075289337127,1.0026726935464627,1.292957973398979,0.9977601485114074,0.4077808234641542,1.0058140516401015,0.277515712119044,0.9993244857158492,1.2054844891918155,0.9968050207846364,1247.0157880440993,0.9805044102345144,0.24457590221395323,0.7508723823561265,0.7043283328363964,0.5849992745766498,0.6960035324607167,1.3372953686945157,2.033475852475111,0.24457590221395323,1.3372953686945157
2,97,top C_freq,10.295630140987,load,load,0.7573268815098304,0.334067519790978,0.7208773134511366,0.3682062683874509,True,0.3218744386442592,0.8620576705142683,0.4413331857585076,0.7584343913997077,1.876735719626771,0.9950696673386488,1.2896727436435913,0.9952249761422598,0.401609384019065,0.9905918534504354,0.2763657411893664,0.9951834801521884,1.201652856821618,0.9936366760911474,1246.8008206772656,0.9803353855491356,0.334067519790978,0.7573268815098304,0.7208773134511366,0.6192423466690842,0.8209040854846846,1.9205218171562206,1.9389020694933725,0.2760141296259446,1.8842823797779598
31,97,top C_freq,8.48528137423857,load,load,0.7615801919104864,0.2695127375826245,0.7297894751860452,0.3675135732557997,True,0.3577848619312527,0.6390489548099803,0.3543713566546964,0.7114408324453352,1.96070097557407,1.0395891371977823,1.2872142123025965,0.9933277570165192,0.4235530548865256,1.04471713652667,0.2759232574576357,0.9935901115307402,1.2000108897358683,0.9922789472694884,1249.4189919945752,0.9823940030485964,0.2695127375826245,0.7615801919104864,0.7297894751860452,0.6298313666671365,0.8454006827523861,1.3372953686945157,1.9574582290620703,0.2695127375826245,1.3372953686945157
11,98,top C_freq,10.63014581273465,load,city,0.7618753767673416,0.4183218754085481,0.7303613502262674,0.5601372263915927,True,0.3556392607640806,0.8779584480344028,0.4494736397432298,0.7743268391405047,1.9077726290959331,1.0115258400739555,1.2884035078825078,0.9942455221402512,0.4066201775325548,1.0029512539806524,0.2763920151599172,0.9952780918118596,1.20014684394915,0.9923913666690006,1238.4698749778197,0.9737849239767578,0.4183218754085481,0.7618753767673416,0.7303613502262674,0.635211155870394,0.8517849904680963,1.9023158044989832,1.9023158044989843,0.38172787941192815,1.8842823797779598
22,97,top C_freq,8.602325267042627,wind,load,0.7628250836106297,0.2686715595248873,0.714271364549645,0.3730018751681881,True,0.326654243392425,0.7095294287054879,0.3632458637868172,0.7088741747658899,1.8885961052745668,1.0013581979386883,1.2920378251031122,0.997050081116159,0.4038076685542881,0.996014044362326,0.2769854000809112,0.997414850399242,1.2038807721508449,0.9954789206044262,1245.7070339476795,0.9794753621857608,0.2686715595248873,0.7628250836106297,0.714271364549645,0.6142269662840159,0.8305622086741162,1.9205218171562206,1.9389020694933725,0.2506544664875772,1.3372953686945157
12,98,top C_freq,10.0,load,city,0.7631356036290631,0.4190138264550202,0.7381834498305785,0.4740660604569723,True,0.3295665509138062,0.882240466311116,0.4516658327161321,0.7825210268460625,1.9085920959234108,1.011960332035123,1.288430788847505,0.9942665745334822,0.4090785833771042,1.0090150485506764,0.2763690854619547,0.9951955227621686,1.199626355631047,0.991960979241044,1242.5470500010367,0.9769907278886976,0.4190138264550202,0.7631356036290631,0.7381834498305785,0.6488561732503515,0.8620332562034458,1.9023158044989832,1.9023158044989843,0.3829513215750076,1.8842823797779598
21,96,top C_freq,8.602325267042627,load,sync,0.7636306392546047,0.219015073850107,0.699823798820865,0.337382975611391,True,0.3282587324196516,0.8896780657785004,0.2888702287128311,0.7543331992299401,1.84632869303378,0.9789474666898208,1.287877073684084,0.993839279188193,0.4013092946293219,0.9898516663018896,0.2764146542970104,0.9953596145619048,1.2009431482967794,0.9930498240601212,1243.595546750275,0.9778151406159472,0.219015073850107,0.7636306392546047,0.699823798820865,0.5566596760913382,0.7083606246573576,1.3120611686260149,2.014199066979819,0.219015073850107,1.3120611686260149
13,97,top C_freq,8.94427190999916,load,load,0.766727577946085,0.342979488903624,0.7456543939503488,0.2101621960401268,True,0.3218744386441754,0.8807910773611948,0.4509238134005447,0.7843713615110327,1.808050113948996,0.9586516666164536,1.2952365278289664,0.9995184816152116,0.3946059075748047,0.9733173897860434,0.2775564946010548,0.9994713420237334,1.2064073026000366,0.9975680874576704,1252.4772455605575,0.98479864871372,0.342979488903624,0.766727577946085,0.7456543939503488,0.6546143297938634,0.8454788729720085,1.9205218171562206,1.9205218171562206,0.2893977553295489,1.8842823797779598
32,97,top C_freq,7.810249675906654,sync,load,0.7677372390053386,0.2781914932676348,0.7374281588450738,0.3077372381257128,True,0.321874438644266,0.6207063652588228,0.3648118114544321,0.715349077048265,1.933872085701229,1.0253641111370313,1.2889867845559526,0.9946956297479946,0.4142696704392545,1.0218191531332377,0.2769050341945344,0.9971254556206206,1.2013751610158774,0.9934070517567865,1251.3639886759115,0.9839233163437656,0.27819149326763487,0.7677372390053386,0.7374281588450738,0.6436837097199937,0.8703598171912739,1.3372953686945157,1.9574582290620703,0.27819149326763487,1.3372953686945157
42,96,top C_freq,6.4031242374328485,load,sync,0.7678810276855093,0.2823905507440422,0.7303584260600222,0.1831570937665039,True,0.3218744386442776,0.6121054744722098,0.3694361312088743,0.7116655640914699,1.915041973532444,1.0153801409616945,1.296896674982435,1.0007995972465584,0.4111237729901408,1.014059622333194,0.2783832100334642,1.0024483157165651,1.2097430975477064,1.0003264283421514,1256.777545059112,0.9881798910877844,0.28239055074404223,0.7678810276855093,0.7303584260600222,0.6400198866174848,0.7625819730066498,1.3372953686945157,2.0529371254250552,0.28239055074404223,1.3372953686945157
3,97,top C_freq,9.848857801796104,load,load,0.7685450833337764,0.3437925117906053,0.7386240932051258,0.2482551728910738,True,0.3218744386442304,0.8841597234801766,0.4526484025715875,0.7798706274597518,1.8036476650274171,0.9563174309869736,1.2936982311400251,0.9983313965247522,0.3880623482794708,0.9571773373160044,0.2772645305691664,0.998419989638002,1.204979649077028,0.9963875727248512,1251.4362831500962,0.9839801600914176,0.3437925117906053,0.7685450833337764,0.7386240932051258,0.6453410130648795,0.8440330394029913,1.9205218171562206,1.9205218171562206,0.2900030030686548,1.8842823797779598
21,97,top C_freq,9.219544457292889,load,load,0.7708481295383522,0.2765765370637882,0.7110282380770148,0.4232968592919131,True,0.3511622943026826,0.7327568235136208,0.3751372029607133,0.7125036056461309,1.9166054058155035,1.016209093075485,1.287918828162741,0.9938715006181876,0.4145252719467306,1.0224496084490513,0.2763485021568847,0.9951214029921696,1.2006692494615956,0.9928233394088908,1247.3337597235156,0.9807544252198792,0.27657653706378826,0.7708481295383522,0.7110282380770148,0.6061043183867817,0.8322431900945775,1.9205218171562206,1.9389020694933725,0.2452163448036443,1.3372953686945157
11,96,top C_rocof,9.433981132056603,load,sync,0.7947012041119461,0.2062206161440964,0.7033786833347344,0.3935740771519907,True,0.3218744386442686,0.8967933470800292,0.2716690671942334,0.7547884958996992,1.8378749067888769,0.9744651593630648,1.28444751588825,0.9911927306026236,0.3962717393777464,0.9774262564581788,0.2756954669112667,0.992769845647908,1.197975233609053,0.9905956802793336,1234.3067905260082,0.9705115711416809,0.2062206161440964,0.7947012041119461,0.7033786833347344,0.5460403251007462,0.7410679042738414,1.3120611686260149,1.995105020049425,0.2062206161440964,1.3120611686260149
1,96,top C_rocof,10.295630140987,load,sync,0.8059567110250252,0.210958266604684,0.7104694122006943,0.3880585928400939,True,0.321874438644261,0.7892503591678998,0.2770790777138645,0.7179476750807416,1.8466540044382576,0.9791199510240026,1.2839729211947062,0.9908264915742442,0.3982202697187561,0.9822324147772122,0.275574411137416,0.992333927991129,1.197445558039833,0.990157695990428,1233.489414680901,0.9698688843139514,0.21095826660468409,0.8059567110250252,0.7104694122006943,0.5576315920097978,0.7577687310234452,1.3120611686260149,1.976191979373157,0.21095826660468409,1.3120611686260149
12,96,top C_rocof,8.94427190999916,load,sync,0.8024980154409884,0.215606250399184,0.7076072145898902,0.3162899863186762,True,0.3218744386442569,0.9149174871319432,0.2834633323426035,0.7670523391344051,1.8250710026367707,0.9676763629907094,1.2882997480423213,0.9941654519170235,0.3973337520659846,0.9800457697442024,0.2765223464806626,0.995747410392354,1.2016028105747525,0.9935952932690586,1239.5889169340394,0.9746648050366696,0.21560625039918405,0.8024980154409884,0.7076072145898902,0.5593578300499188,0.7419111874006558,1.3120611686260149,1.995105020049425,0.21560625039918405,1.3120611686260149
2,96,top C_rocof,9.848857801796104,load,sync,0.7738539093356828,0.2176237205833674,0.7131475039385204,0.2889198872315442,True,0.3218744386442593,0.8766138772284934,0.2855229000177581,0.7539036596120902,1.7978417189275515,0.9532390429146622,1.2897969410421442,0.995320817783964,0.3895372638094854,0.9608152983963428,0.2766721188758989,0.9962867356100186,1.2029858808954068,0.9947389425255088,1240.1635311241766,0.975116613067502,0.21762372058336746,0.7738539093356828,0.7131475039385204,0.5658085769180565,0.7111230798759028,1.3120611686260149,1.995105020049425,0.21762372058336746,1.3120611686260149
22,96,top C_rocof,8.06225774829855,wind,sync,0.7942065275023699,0.2237613273832442,0.7057049237389785,0.2899115297801972,True,0.3218744386442601,0.8502652016311227,0.2947382709535446,0.7408429341998671,1.8111800175887365,0.9603111822003622,1.2910974474647854,0.9963244029801503,0.3891137122334001,0.9597705849073616,0.2770884175743132,0.9977858128317024,1.2044679235677906,0.9959644311901036,1241.642784060242,0.9762797210582508,0.22376132738324425,0.7942065275023699,0.7057049237389785,0.5652648727753253,0.7320716899091785,1.3120611686260149,2.014199066979819,0.22376132738324425,1.3120611686260149
3,96,top C_rocof,9.486832980505138,load,sync,0.7803089825307915,0.2362670755113861,0.7282321295571604,0.178832476800175,True,0.3218744386441959,0.8910827404312929,0.308917631425311,0.7718401247798691,1.7242637478264715,0.914227046467147,1.287841344108643,0.9938117071036924,0.3720812634232896,0.917759103833986,0.276642751787286,0.9961809857391338,1.2006778414063584,0.9928304440160048,1246.703558834986,0.9802589104425512,0.23626707551138612,0.7803089825307915,0.7282321295571604,0.5904523458161297,0.7141026658937785,1.3120611686260149,1.995105020049425,0.23626707551138612,1.3120611686260149
10,96,top C_rocof,10.0,wind,sync,0.8101486868342332,0.2368560009895566,0.7170181846866482,0.5286707229333703,True,0.321874438644246,0.5903535552573322,0.3022333936314846,0.6763318431995051,1.9152172598811932,1.015473080061705,1.2858486398727644,0.9922739611635804,0.4224568233055288,1.0420132204409371,0.2756279015037487,0.992526544951149,1.1986485528190496,0.9911524422909006,1220.3102247758268,0.9595063420357084,0.2368560009895566,0.8101486868342332,0.7170181846866482,0.5592626533850498,0.8171627167480578,1.9389020694933725,1.9574582290620703,0.20833764752122594,1.3120611686260149
23,96,top C_rocof,7.615773105863909,load,sync,0.8084434500219724,0.2410806237482768,0.725727548912128,0.1712570969078586,True,0.3218744386442776,0.934533053637836,0.3153547341998524,0.7905544441766557,1.759480557245826,0.9328994564752086,1.2898098328846523,0.9953307662640848,0.3793285303264191,0.9356348902067472,0.2771069042771878,0.9978523828096748,1.2026876769991852,0.9944923602230102,1248.5318053883602,0.9816964253687988,0.2410806237482768,0.8084434500219724,0.725727548912128,0.592574848154532,0.7320389575853438,1.3120611686260149,1.995105020049425,0.2410806237482768,1.3120611686260149
13,96,top C_rocof,8.54400374531753,load,sync,0.7967991722368472,0.2443938001062357,0.7335729860167548,0.1448151126605965,True,0.3218744386442773,0.9135006180799649,0.3191312715057649,0.7859599403711196,1.7336739407537174,0.9192164530456978,1.2882817813214396,0.9941515872141762,0.3770690066525604,0.930061649557827,0.2765188628354308,0.9957348659063028,1.2012001329751407,0.9932623225368348,1248.2737898270625,0.9814935527202028,0.24439380010623574,0.7967991722368472,0.7335729860167548,0.5995841977512162,0.7332490279362481,1.3120611686260149,1.995105020049425,0.24439380010623574,1.3120611686260149
0,96,top C_rocof,10.816653826391969,load,sync,0.8126295270139804,0.2456192236543415,0.7235642200111045,0.548346134964613,True,0.3218744386442675,0.6101004915652051,0.3123429009275857,0.6834095692457662,1.9016212643648276,1.0082643065545334,1.2865709289269842,0.9928313429569824,0.4192257740963002,1.034043658094736,0.2759132585240674,0.9935541057166204,1.1997889806206457,0.9920954524819612,1228.02225579416,0.9655701629574958,0.24561922365434158,0.8126295270139804,0.7235642200111045,0.5748780901150181,0.8123942459331092,1.9389020694933725,1.9574582290620703,0.21766276224054948,1.3120611686260149
11,97,top C_H2,10.0,load,load,0.7708718959288837,0.3182496354318468,0.7086594482465919,0.4802477749262835,True,0.32994315240801,0.8292118509667744,0.4245176632296066,0.7378353694955002,1.8995031814749808,1.0071412714811592,1.289005221824354,0.9947098575667148,0.4062278868748883,1.001983647283368,0.2763013425802023,0.9949515829868268,1.2012054309033238,0.9932667033492468,1241.4599840702615,0.9761359889595198,0.3182496354318468,0.7708718959288837,0.7086594482465919,0.5980319352670234,0.8230134287240062,1.9205218171562206,1.9389020694933725,0.2581975159983758,1.8842823797779598
32,96,top C_H2,7.211102550927978,sync,sync,0.7795211866586866,0.252759801381718,0.7116352267647801,0.2284749232271739,True,0.3218744386442209,0.6120956787417722,0.3317264833073163,0.6815139359142696,1.8748915130639157,0.9940918450529572,1.2908801635717666,0.9961567276079976,0.4015079476204105,0.990341654938775,0.2775135923982121,0.9993168526744116,1.2035386668663912,0.995196036611942,1250.3324149765438,0.983112209883519,0.25275980138171805,0.7795211866586866,0.7116352267647801,0.5994577475539543,0.7101632495258478,1.3120611686260149,2.033475852475111,0.25275980138171805,1.3120611686260149
12,97,top C_H2,9.433981132056603,load,load,0.774346115648345,0.3158042667939563,0.7154294804683398,0.3982681660681613,True,0.3218744386442657,0.8199726400679163,0.419787619614943,0.7406306465796373,1.8941774958676492,1.004317523763131,1.2905269016287186,0.9958841196068016,0.4055768322510298,1.0003777848901851,0.2767209589360321,0.9964626069781736,1.2027087083394807,0.994509750862034,1245.9690943443788,0.9796814152102492,0.31580426679395635,0.774346115648345,0.7154294804683398,0.6116081934751644,0.8372263153790683,1.9205218171562206,1.9389020694933725,0.2566969521969634,1.8842823797779598
73,96,worst C_freq,3.605551275463989,sync,sync,1.0866376777078015,0.9296060046219722,0.9185547417729784,0.0887469961202908,True,0.3218744386442759,1.263557082817917,1.236021585369083,1.126606199906353,1.9072007319293285,1.011222612764232,1.3136586364239282,1.0137346016947235,0.4102746992221974,1.011965334721968,0.2802991111763195,1.009347409499929,1.2262421404936557,1.013969348673453,1268.513162419454,0.9974073801773076,0.9296060046219722,1.0866376777078017,0.9185547417729784,0.8067200553082639,1.0538399287894284,2.1530731937855543,2.1530731937855525,0.3720257165480842,1.4159473824117974
67,73,worst C_freq,4.123105625617661,load,sync,1.0608660441395945,0.3961302090926031,1.0692186860664237,0.0827546984733387,True,0.321874438644276,1.0992013158275162,0.5160648248659234,1.0748362908128268,1.8698227472690647,0.9914043195582632,1.299926485601372,1.003137665733939,0.4033401884557874,0.9948609787327564,0.2785324723995308,1.0029858043368212,1.2128490565140626,1.0028947197799702,1268.460664954238,0.9973661024351458,0.39613020909260316,1.0608660441395943,1.0692186860664237,0.8164057645604594,0.9478147292662052,1.4709355059338176,1.976191979373157,0.39613020909260316,1.4709355059338176
48,73,worst C_freq,5.830951894845301,load,sync,1.0590356025152343,0.9024327893380976,1.029722635979794,0.1055717773598909,True,0.3218744386442761,1.217304442043117,1.1769764697648315,1.0607040530624976,1.843660458324572,0.9775327339724188,1.306111972668608,1.0079109318584338,0.3991466448573488,0.9845173705129212,0.2798222681132689,1.007630314114188,1.2185702480473293,1.0076255251087507,1262.8038364209378,0.9929182475017766,0.9024327893380975,1.0590356025152343,1.029722635979794,0.9689077871519614,1.0064926418112947,1.8312013497770037,1.8487267653116621,0.9024327893380975,1.8312013497770037
47,73,worst C_freq,5.0,load,sync,1.0565369982691355,0.943982684416954,1.0281045167755187,0.0860886398854893,True,0.3218744386442755,1.2246607289526257,1.1840890508894015,1.0614201917395174,1.827552523895824,0.9689920978104372,1.3047358325985965,1.0068489810844132,0.3976571737877529,0.9808435073857048,0.2798556774047717,1.0077506198179418,1.2173179023176617,1.006589970920967,1262.808642330986,0.9929220262959528,0.943982684416954,1.0565369982691357,1.0281045167755187,0.9753705779444775,1.0023194892695633,1.8312013497770037,1.8487267653116621,0.943982684416954,1.8312013497770037
58,73,worst C_freq,5.385164807134504,sync,sync,1.0557092153419838,0.8004622855080155,1.036701593230662,0.1143087594449219,True,0.3218744386442754,1.0722196944814892,1.0366982221021506,1.0264413281416895,1.830058152514436,0.970320614665486,1.303514809833714,1.0059067324728657,0.3944987391956592,0.9730530530261134,0.2793296876313788,1.0058565488272435,1.215864057634224,1.0053877989371007,1263.4263866222211,0.993407746691605,0.8004622855080155,1.0557092153419838,1.036701593230662,0.942886660686322,0.9984299433349625,1.8487267653116608,1.8664199069075176,0.8004622855080155,1.8487267653116608
59,73,worst C_freq,6.324555320336759,load,sync,1.0531754396043282,0.8148633813165594,1.032177654577526,0.1473172728955672,True,0.3218744386442758,1.090837125071455,1.0546988774641664,1.0277722214882994,1.8438386577307613,0.97762721761334,1.3029693502352944,1.0054858078479951,0.3979763153518399,0.981630687780541,0.2790605902435231,1.0048875384361813,1.2153048664760109,1.0049254084550303,1261.6092181878637,0.9919789422762084,0.8148633813165594,1.0531754396043282,1.032177654577526,0.9443528977882447,1.008766356082718,1.8487267653116608,1.8664199069075176,0.8148633813165594,1.8487267653116608
49,73,worst C_freq,6.708203932499369,hvdc,sync,1.0530786976865112,0.8905045652300152,1.0275010482849616,0.1261895226966661,True,0.3218744386442756,1.2088345488627437,1.1687871749340415,1.0582176243006678,1.8485033697629456,0.9801005085522576,1.3044988697175226,1.006666119673388,0.3984927199098075,0.9829044283069402,0.2792289420866121,1.0054937676032782,1.2169123240335131,1.006254601637011,1250.7128273154349,0.9834113207524962,0.8905045652300152,1.0530786976865112,1.0275010482849616,0.9661091425150695,1.0140102316039323,1.8487267653116608,1.8487267653116621,0.8905045652300152,1.8487267653116608
46,73,worst C_freq,4.242640687119285,load,sync,1.0508987297149788,0.9893204558500212,1.0077865956422891,0.086967268261577,True,0.3218744386442755,1.1523198619629518,1.11414475814836,1.0250223156093392,1.777314547652869,0.9423552699475424,1.3003271081430896,1.0034468213406529,0.3847698781935061,0.9490562769656544,0.2783216664639926,1.0022266994504383,1.2137442450797515,1.0036349437022425,1259.5350588983886,0.9903480709188788,0.9893204558500213,1.0508987297149788,1.0077865956422891,0.9765849802642452,1.0005989688422163,1.8312013497770037,1.8312013497770057,0.9893204558500213,1.8312013497770037
13,87,random,8.06225774829855,load,load,0.8072195982090985,0.4432189653144328,0.7649064267317175,0.1938448850185125,True,0.3218744386441783,0.878914379708569,0.4499630320258547,0.7959516368345971,1.8220091888359728,0.9660529495242576,1.293770058948847,0.9983868251826604,0.4001745712114387,0.987052807962411,0.2772576407961843,0.9983951798036704,1.2053831805812731,0.9967212495436596,1251.2143774828694,0.9838056799545516,0.4432189653144328,0.8072195982090985,0.7649064267317175,0.6825198061869833,0.9057641730482686,1.9023158044989832,1.9023158044989843,0.42228859145943176,1.8842823797779598
17,44,random,4.242640687119285,load,load,1.003756320982054,0.986396697646728,0.9961293331492216,0.1254493645369961,True,0.3218744386442767,1.0199100007096362,0.9861214915952438,1.0007171166049191,1.942992016819439,1.0301996171323844,1.2987519052701015,1.0022312561909543,0.4212713889267024,1.039089280699505,0.2783153965024843,1.0022041215357975,1.2124391093805522,1.0025557379310928,1265.1128216373413,0.9947337579464366,0.9863966976467279,1.0037563209820541,0.9961293331492217,0.9919917676270883,1.0067444895097617,1.8138420703071392,1.8312013497770057,0.9863966976467279,1.8138420703071392
0,52,random,5.385164807134504,load,load,0.9894628805186898,0.9736688561813004,0.94717996815789,0.2139303023391892,True,0.3218744386442703,0.994658337988388,0.9617063889973564,0.943813960883845,1.8995285062663485,1.007154699014646,1.2941338641711222,0.998667569305884,0.4109668092069232,1.013672462443188,0.277540095279022,0.9994122886320128,1.2069229234926953,0.9979944500523216,1248.4941564228714,0.981666822714962,0.9736688561813003,0.9894628805186898,0.9471799681578901,0.9277315333748717,1.000832534740016,1.8138420703071392,1.8312013497770057,0.9736688561813003,1.8138420703071392
51,88,random,7.615773105863909,load,load,0.8963213576462857,0.4062673650518119,0.8845045661129307,0.2644744807040292,True,0.34367490443124,1.0473506062164366,0.5361944977206181,0.9427718020966748,1.9644048311053304,1.0415529695332666,1.301601249806842,1.0044300611688646,0.4218414085592782,1.0404952657855244,0.2783046928568716,1.002165578077968,1.2141543617498711,1.003974065739521,1257.8804390768864,0.9890470753358244,0.4062673650518119,0.8963213576462857,0.8845045661129307,0.7702476933362146,0.9981536520130677,1.9023158044989832,1.9205218171562206,0.3746655997150348,1.8842823797779598
6,86,random,8.0,load,load,0.8703780460011447,0.5652247251757585,0.8313787095554179,0.0106107401942759,True,0.3218744386442754,0.7370656743295699,0.5961462301994674,0.8050488668250044,1.859968437610556,0.9861794365173552,1.297048560313145,1.0009168053331656,0.4004970237037645,0.9878481549456568,0.2777988017629424,1.000343881737214,1.2091320698531904,0.9998211746626616,1257.2133966445308,0.9885225927647064,0.5652247251757585,0.8703780460011447,0.8313787095554179,0.7529756853650076,0.9153146976148823,1.8842823797779598,1.8842823797779598,0.5652247251757585,1.8842823797779598
5,23,random,2.8284271247461903,load,load,1.000781119332232,0.9916485010231134,0.9960705066089072,0.0898464780540246,True,0.3218744386442764,1.0080234872625071,0.9861295071632288,0.9982958374055136,1.9308041874680952,1.023737471625486,1.298323901784321,1.0019009710383653,0.4157048735685237,1.0253591613712751,0.278131553950994,1.0015421108632565,1.2118450213424845,1.0020644915115464,1267.1015017686018,0.996297418693912,0.9916485010231134,1.000781119332232,0.9960705066089073,0.9928829744048526,1.0027806091252276,1.8138420703071392,1.8312013497770057,0.9916485010231134,1.8138420703071392
47,89,random,4.47213595499958,load,load,0.9238790854484196,0.7812507698805073,0.933663883192601,0.0368140530544136,True,0.3218744386442763,1.0496908823845177,1.0149157650486091,0.9627685228880644,1.8762140162841223,0.9947930534466712,1.293838081071612,0.998439317038319,0.406834312482936,1.003479429730093,0.2771926761861753,0.9981612444888328,1.2065941698959195,0.9977226064584762,1261.0135172398675,0.9915105541352636,0.7812507698805073,0.9238790854484196,0.933663883192601,0.8898331350611217,0.963869649869833,1.8487267653116608,1.8487267653116621,0.7812507698805073,1.8487267653116608
67,88,random,2.23606797749979,load,load,1.0007814763707117,1.000267679028627,0.999878901044296,0.034753089625278,True,0.3218744386442758,1.0013826198847693,0.9999160713808044,0.9999588853998108,1.8769556852380087,0.995186295964252,1.2968397944823276,1.0007557032473702,0.4038743571152645,0.9961785354022524,0.2775961845833083,0.9996142642777592,1.2102803653631304,1.0007706905958114,1265.9553747825296,0.9953962411985612,1.000267679028627,1.0007814763707115,0.9998789010442961,0.9986768494601354,0.999867484051494,1.8138420703071392,1.8312013497770057,1.000267679028627,1.8138420703071392
54,61,random,3.1622776601683795,load,load,1.024283058233668,0.9642643514908632,1.0046180870411612,0.0512370947549698,True,0.3218744386442757,1.0846540307527763,1.048720622335805,1.0210937933143645,1.866195317706761,0.9894810092647,1.2955701792715777,0.9997759564286086,0.405076318279999,0.9991432393791227,0.2776860433408673,0.999937842557342,1.2087713698112004,0.9995229148210156,1268.6503617143917,0.9975152573309548,0.9642643514908632,1.024283058233668,1.0046180870411612,0.9931477843216886,1.0110823083142146,1.8312013497770037,1.8312013497770057,0.9642643514908632,1.8312013497770037
0,35,random,5.830951894845301,load,load,0.990133577302464,0.9329208001465622,0.9550764559218295,0.4865827227731463,True,0.3218744386442695,1.0319629765386995,0.9977751654433752,0.967985521106834,2.025714449794949,1.0740601261009857,1.2915582359552962,0.996679987927367,0.4442683030436011,1.095812446753856,0.2767442332207786,0.9965464168729616,1.2050109718196436,0.9964134732382,1245.606653827244,0.9793964352373368,0.9329208001465622,0.9901335773024641,0.9550764559218295,0.9311018901119295,1.0081562027345823,1.8138420703071392,1.8312013497770057,0.9329208001465622,1.8138420703071392
84,91,random,3.1622776601683795,load,load,1.001327269193068,0.9426536757560064,0.990925439384352,0.0522575153478085,True,0.3218744386442759,1.1252350287891013,1.0879572160412896,1.024604540610076,1.8543418967681276,0.9831961714439668,1.294449982255938,0.9989115138375252,0.3946823767170361,0.9735060051729068,0.2771113417031359,0.9978683618271136,1.2079790718414858,0.9988677702702148,1266.0910705291758,0.9955029361412492,0.9426536757560063,1.001327269193068,0.990925439384352,0.9700405800455645,0.9892478492675627,1.8312013497770037,1.8312013497770057,0.9426536757560063,1.8312013497770037
27,94,random,7.615773105863909,load,load,0.976226273954698,0.9190234939417716,0.9291470171200688,0.0725364724850475,True,0.3218744386442758,1.0599426059181982,1.0248278601309413,0.950733651557934,1.9372157021374032,1.0271369400228765,1.3012754656616423,1.004178657454448,0.4244030697244373,1.0468137453392454,0.2790721715481051,1.0049292423136194,1.214330404265123,1.004119633819947,1258.8326443139513,0.9897957759082966,0.9190234939417717,0.976226273954698,0.9291470171200688,0.9115690180539732,0.9893195748834883,1.8312013497770037,1.8312013497770057,0.9190234939417717,1.8312013497770037
44,53,uniform,1.4142135623730951,load,load,0.9997457077416304,0.999168541437818,0.9870606145283204,0.0193150943965026,True,0.3218744386442763,1.0009179584731598,0.996165495303858,0.9845035057295162,1.8722848013033044,0.992709732602412,1.2981367057015525,1.001756514068234,0.4056716530745855,1.0006116657183963,0.2783128986478119,1.0021951268474725,1.210514806088319,1.0009645476665905,1268.7854633981965,0.9976214851735136,0.999168541437818,0.9997457077416303,0.9870606145283205,0.9863629522304058,0.9999769862679186,1.8138420703071392,1.8312013497770057,0.999168541437818,1.8138420703071392
25,72,uniform,5.830951894845301,load,load,1.009780631246959,1.004971509230901,0.9610745787844956,0.0777841205780911,True,0.3218744386442752,1.0206727686979964,0.9956056092646012,0.9543286817004228,1.7377683328141305,0.9213873529240884,1.3000588759307832,1.0032398297620455,0.3742776167577402,0.9231765313319008,0.2783984339767251,1.002503136609961,1.2127125627127942,1.0027818541996742,1257.7741278950996,0.9889634849085028,1.004971509230901,1.009780631246959,0.9610745787844955,0.9470034313629933,1.0013842062406975,1.8138420703071392,1.8312013497770057,1.004971509230901,1.8138420703071392
51,66,uniform,5.0990195135927845,load,load,0.931633313014145,0.6900750816657866,0.930232760096354,0.140575970461119,True,0.3218744386442768,0.8545017847145072,0.8261930699053556,0.9118797413716612,1.9550495564458068,1.036592681333943,1.2979216262444768,1.0015905398328384,0.4232637187598465,1.0440034728987715,0.277927430611008,1.0008070697724418,1.211326981280466,1.001636128526027,1267.3805287983148,0.9965168122539866,0.6900750816657866,0.931633313014145,0.9302327600963541,0.8525135858925482,0.9990600584426288,1.8664199069075176,1.8842823797779598,0.6900750816657866,1.8664199069075176
1,40,uniform,4.123105625617661,load,wind,0.9983136264002842,0.997559111883437,0.9865127482914108,0.1547209534394579,True,0.3218744386442762,0.9995180367815548,0.9949803423828214,0.984277053109096,1.9254218788433144,1.0208837016477716,1.288162646167136,0.9940596520455964,0.4120245176017658,1.0162813589504656,0.2716003971599504,0.978023641038602,1.2012921770239458,0.9933384329893582,1255.4991325982703,0.9871747000806038,0.997559111883437,0.9983136264002842,0.9865127482914109,0.9843117118092216,0.9999840589794659,1.8138420703071392,1.8312013497770057,0.997559111883437,1.8138420703071392
61,89,uniform,8.246211251235321,load,load,0.9942319633501876,0.5012302007589663,0.9735406041522516,0.25000028047232,True,0.3218744386442772,1.1483543541489758,0.587903690009371,1.022249442484535,1.9106480502893477,1.01305042575774,1.301219531099589,1.0041354934243023,0.4176876160346452,1.0302497057972415,0.2780422363754114,1.001220481361262,1.2140766592388408,1.0039098141843854,1258.3223847574857,0.9893945686819922,0.5012302007589663,0.9942319633501875,0.9735406041522516,0.8343142000748547,1.0125122486999167,1.9023158044989832,1.9205218171562206,0.48210243200398,1.8842823797779598
24,57,uniform,4.242640687119285,load,load,0.9174348637649647,0.7758014061804555,0.8807904250458061,0.1055240103493613,True,0.3218744386442768,1.0482746097366602,1.0135464119732995,0.9198328325367224,1.8759885867970412,0.9946735278030912,1.2958872606886265,1.000020644352171,0.4092950449170168,1.009548962962429,0.2781000371637049,1.0014286200017528,1.207432956870632,0.9984161923778792,1260.43069405936,0.991052291533977,0.7758014061804555,0.9174348637649647,0.8807904250458061,0.8386397621458356,0.988135248814952,1.8487267653116608,1.8487267653116621,0.7758014061804555,1.8487267653116608
21,64,uniform,5.0,load,load,0.966637232003874,0.909996329776746,0.8967351371622229,0.2226064101869007,True,0.3218744386442638,1.0272990491782263,0.9932657489240726,0.912842560411282,1.8794816779782504,0.9965256101412272,1.2968068990659731,1.0007303182494178,0.4093593322433186,1.0097075312236516,0.2777101455418484,1.00002463374987,1.2091178254602155,0.999809396093495,1255.7705428948111,0.9873881047506112,0.9099963297767459,0.9666372320038741,0.8967351371622229,0.8615800684425163,1.0014930427901532,1.8312013497770037,1.8312013497770057,0.9099963297767459,1.8312013497770037
29,72,uniform,8.602325267042627,load,load,1.03423883820937,0.9837434862864018,0.9931620200118344,0.1468383166715225,True,0.3218744386442764,1.095843590226489,1.059539483873425,1.0041401371565466,1.888565237840051,1.0013418316237757,1.3055018888457233,1.0074401374952378,0.4116648735645558,1.015394276955924,0.2790904537419422,1.0049950758616175,1.2195155141015903,1.008407157686617,1261.7190165834745,0.9920652746323544,0.9837434862864018,1.0342388382093701,0.9931620200118345,0.9773432720356606,1.0130038392290313,1.8138420703071392,1.8312013497770057,0.9837434862864018,1.8138420703071392
49,78,uniform,3.1622776601683795,hvdc,load,0.9811395328733232,0.8453197009040533,0.9662230799309248,0.0010377196416319,True,0.3218744386442758,1.133996878639228,1.096428795334883,1.0120758654761044,1.902449725241527,1.0087035672774785,1.2960936354771753,1.000179901299348,0.4119063762071249,1.0159899566383102,0.2776173297630941,0.999690407339186,1.209595951554166,1.000204754553343,1256.719093547641,0.9881339317941398,0.8453197009040533,0.9811395328733231,0.9662230799309249,0.931665216471388,0.9863757222472755,1.8312013497770037,1.8487267653116621,0.8453197009040533,1.8312013497770037
3,68,uniform,7.810249675906654,load,load,0.8853678686326898,0.6624938856550687,0.8367552608953852,0.2524402373716666,True,0.3218744386442554,0.866387579171052,0.8376851009180206,0.8339971882368588,1.876954673091349,0.9951857593109396,1.2925744015173577,0.9974641506944284,0.4034050304517173,0.9950209151174264,0.2776199767182756,0.9996999389332905,1.2040645233929332,0.9956308629664652,1251.4809918658923,0.9840153136904612,0.6624938856550687,0.8853678686326898,0.8367552608953852,0.7787987024662159,0.9922424401643151,1.8664199069075176,1.8664199069075176,0.6624938856550687,1.8664199069075176
41,78,uniform,7.615773105863909,load,load,0.8747254541389881,0.4903792750196476,0.8429464438955162,0.2987706905386835,True,0.3689722576071532,0.8715624552523211,0.5139883575787267,0.8598810282782174,1.9960822666938296,1.058348757540892,1.295143850388263,0.9994469635466416,0.4309990749445059,1.0630831585958005,0.2771310113762821,0.9979391916401388,1.20756378332275,0.9985243716746612,1252.411322463866,0.9847468146570368,0.4903792750196476,0.8747254541389881,0.8429464438955162,0.751618156228202,0.9956565073695978,1.8842823797779598,1.9023158044989843,0.4903792750196476,1.8842823797779598
18,21,uniform,7.071067811865476,load,load,0.9919987463194652,0.9338717653389838,0.9621714643934556,0.4005518248960081,True,0.455198521298839,1.058599829931676,1.0235295688525088,0.9839438271607908,1.9323594570022569,1.0245620957437331,1.2914821083848649,0.9966212411950351,0.4163865466843925,1.027040545975734,0.2765848006330114,0.9959723056359427,1.2056806597505385,0.996967232575512,1255.9759176612697,0.987549586959733,0.9338717653389838,0.9919987463194653,0.9621714643934557,0.9366636939480019,1.0120337128298693,1.8312013497770037,1.8312013497770057,0.9338717653389838,1.8312013497770037
23,25,uniform,2.0,load,load,1.0005628498084205,0.9870216902332604,0.993332029463886,0.0756901331993742,True,0.3218744386442765,1.0099411550376631,0.9790463455410474,0.996390971184563,1.90418243905861,1.009622274660477,1.2977990765306546,1.0014959696896637,0.4097761421118693,1.0107356159165244,0.2780499975436969,1.001248429059957,1.2115460387607513,1.0018172653205246,1268.541735215683,0.9974298464146912,0.9870216902332605,1.0005628498084203,0.9933320294638859,0.9892538146724374,1.0039798081701479,1.8138420703071392,1.8312013497770057,0.9870216902332605,1.8138420703071392
59,77,uniform,2.8284271247461903,load,load,0.9708639945302342,0.906637171315059,0.97921049965483,0.0124721131917979,True,0.3218744386442757,1.1345422902725866,1.096956138073994,1.0205243865269062,1.8991455655635163,1.006951658877565,1.2953094862317247,0.99957478273889,0.4107262190374422,1.0130790334263582,0.27740164661121,0.9989137397653454,1.2088640577836798,0.9995995577286284,1266.9550568381856,0.9961822718757992,0.906637171315059,0.9708639945302342,0.9792104996548299,0.9524896578187062,0.9717825130106713,1.8312013497770037,1.8487267653116621,0.906637171315059,1.8312013497770037
44,60,uniform,4.47213595499958,load,wind,1.0194262637967866,1.0055015623504888,0.9927421841986872,0.2116749520188283,True,0.3218744386442761,1.0362657470024386,1.0019353898011536,0.9928292290387416,1.8595501629593567,0.985957661861674,1.2998533803766208,1.003081251309491,0.40124099956637,0.9896832127356058,0.2784106426285778,1.002547099543234,1.2122918977303985,1.002434009851381,1260.2541863696442,0.990913506949318,1.0055015623504888,1.0194262637967866,0.9927421841986872,0.9878648870452209,1.0100604263082011,1.8138420703071392,1.8312013497770057,1.0055015623504888,1.8138420703071392
49,69,uniform,2.0,hvdc,load,0.9948993269270682,0.9366023840444816,0.9846462580145484,0.0040374349455976,True,0.321874438644276,1.0899011807484116,1.053793939958654,1.011967778733131,1.879430222073464,0.9964983275518232,1.2967677608038466,1.000700115722317,0.4056098271583737,1.0004591686618818,0.2776925251517356,0.9999611833342046,1.2103439400061888,1.0008232599353288,1257.7587404924789,0.9889513860912496,0.9366023840444816,0.9948993269270682,0.9846462580145483,0.9696354782805208,0.9896040643044279,1.8312013497770037,1.8312013497770057,0.9366023840444816,1.8312013497770037
78,82,uniform,6.082762530298219,load,load,1.00684365414162,0.7230353708756273,0.9948816747088044,0.1017116593965958,True,0.3218744386442761,0.90467769041014,0.8747067024143932,0.9701125173244334,1.8465564428244323,0.9790682225885076,1.2958808723316728,1.0000157145337905,0.3990928685670825,0.9843847283059252,0.2774490895829148,0.9990845802663668,1.2094096971480244,1.000050742345928,1259.3409443409446,0.9901954423944532,0.7230353708756273,1.00684365414162,0.9948816747088044,0.9035749675662674,0.9926889893337654,1.8664199069075176,1.8842823797779598,0.7230353708756273,1.8664199069075176
57,66,uniform,1.4142135623730951,load,load,1.0006966202254128,0.9900080182235648,0.9944476847075996,0.0119257409276289,True,0.3218744386442759,1.0078119215997132,0.9844887619573118,0.9964650946387608,1.8878504411975143,1.000962837154887,1.2958790574932582,1.0000143140447697,0.4078380476022046,1.005955198155171,0.2778753708915472,1.0006196045223503,1.2093348350468276,0.9999888395018776,1271.1097949450923,0.9994490621412064,0.9900080182235649,1.0006966202254128,0.9944476847075997,0.9929700590905111,1.0011647857659922,1.8138420703071392,1.8312013497770057,0.9900080182235649,1.8138420703071392
20,94,uniform,8.06225774829855,wind,load,0.9345234574040958,0.8008742654581819,0.8568762993627543,0.319519092841065,True,0.3218744386442611,1.0824805621046858,1.046619158340257,0.9052313848560688,1.877556070994436,0.995504628294518,1.2930644801001212,0.9978423384542632,0.4090279274862247,1.0088901029820936,0.2739576079318914,0.986511875540378,1.2049986497938403,0.996403284258336,1250.4421126868065,0.983198463072722,0.8008742654581819,0.9345234574040958,0.8568762993627543,0.7997180390528393,0.9821920426235152,1.8312013497770037,1.8487267653116621,0.8008742654581819,1.8312013497770037
43,48,uniform,5.0,load,load,0.9627175098267556,0.882275877882462,0.9610156504802904,0.1526626746891582,True,0.321874438644278,1.1250599258387115,1.0877879140612123,1.0062238981532512,1.958634627505933,1.038493532599189,1.2984033773814767,1.001962301402733,0.4224851942424156,1.0420831989326584,0.2784417587290989,1.0026591475455373,1.211723006571492,1.001963598520035,1264.0733263933523,0.993916422928772,0.882275877882462,0.9627175098267555,0.9610156504802904,0.9310209416945116,1.0097620527156779,1.8312013497770037,1.8487267653116621,0.882275877882462,1.8312013497770037
76,81,uniform,5.0990195135927845,load,load,1.0168689209858457,0.6845023357247708,0.9878157810646618,0.1421803791966151,True,0.3218744386442754,0.8342017476704223,0.8065655510111166,0.9617809909911016,1.8340658169071853,0.9724455304074272,1.29618856940613,1.0002531606728169,0.3910024194005609,0.964429186045163,0.2770611359638145,0.9976875726954127,1.2100582371176862,1.0005870146113405,1260.9137188266743,0.9914320845720004,0.6845023357247708,1.0168689209858457,0.9878157810646618,0.888332535121833,0.9930357273606691,1.8664199069075176,1.8842823797779598,0.6845023357247708,1.8664199069075176
94,98,uniform,4.0,load,city,1.0015931581384532,0.8469673556068417,0.9855881262701194,0.0849597648099844,True,0.321874438644276,1.1514884248018402,1.1133408655961616,1.0253271807830988,1.8790577173283156,0.9963008206951246,1.2958094399403597,0.9999605910148271,0.4057388159922077,1.0007773267853382,0.2773457183292162,0.9987123439553074,1.209110693988988,0.9998034991397066,1257.403992899881,0.9886724549162016,0.8469673556068417,1.0015931581384532,0.9855881262701194,0.9451176157547837,0.9951272364405785,1.8487267653116608,1.8487267653116621,0.8469673556068417,1.8487267653116608
27,71,uniform,7.810249675906654,load,load,1.0359683326041549,0.9911927670337584,0.9895314721770893,0.1840671260041529,True,0.3218744386442762,1.0895803798851875,1.05348376687914,0.9977037662083502,1.846856196897603,0.9792271560935044,1.3045650511948712,1.0067171911250723,0.3994752239748752,0.9853278291575334,0.2791569780888817,1.0052346277352224,1.2178131678211603,1.0069995018149231,1260.2607884996935,0.9909186980765616,0.9911927670337584,1.0359683326041547,0.9895314721770891,0.9742286583931389,1.012103774278372,1.8138420703071392,1.8312013497770057,0.9911927670337584,1.8138420703071392
2,29,uniform,7.280109889280518,load,load,0.9720392241989791,0.9150817878040944,0.9353677874790068,0.38221223149913,True,0.3753232137958502,1.0558318006382474,1.0208532413591849,0.9608693533396302,1.96268728360544,1.0406423035287349,1.2907659312454585,0.9960685758929326,0.4227273816550442,1.0426805676384323,0.2766896266906887,0.9963497806458372,1.2046240480950172,0.9960935292531664,1252.222109538022,0.9845980401907934,0.9150817878040945,0.9720392241989791,0.9353677874790067,0.9084384465035068,1.0093039790061358,1.8312013497770037,1.8312013497770057,0.9150817878040945,1.8312013497770037
47,86,uniform,4.123105625617661,load,load,0.9458349184405668,0.7077395425176606,0.92072099969422,0.0138134964945298,True,0.3218744386442753,0.9209759701642484,0.8904650378855381,0.9134950794331294,1.9072605478265363,1.0112543279302584,1.2939156010381936,0.9984991382660466,0.4142087611208614,1.0216689169161564,0.2774755805603265,0.999179973360242,1.2076053124615005,0.9985587117714328,1265.4905933402167,0.9950307925343564,0.7077395425176606,0.9458349184405668,0.92072099969422,0.8581340717902896,0.9647251176283268,1.8664199069075176,1.8664199069075176,0.7077395425176606,1.8664199069075176
53,72,uniform,2.23606797749979,load,load,1.005366088473374,1.002174385103939,0.9883645865503654,0.0056065329532681,True,0.3218744386442761,1.0091676663724316,1.0006767544964992,0.9857577313361828,1.8540399168223065,0.9830360577523648,1.2976342554608475,1.001368779248465,0.3993624097957137,0.9850495667182628,0.2781191476474361,1.001497436193026,1.2102060099435654,1.0007092067225558,1267.0972379451891,0.9962940661319792,1.002174385103939,1.005366088473374,0.9883645865503654,0.9850404109749735,1.0007654687928744,1.8138420703071392,1.8312013497770057,1.002174385103939,1.8138420703071392
35,97,uniform,6.324555320336759,load,load,0.8422473550015654,0.4257366516359598,0.8167169935718068,0.0606619391645397,True,0.3218744386442767,0.9768199754430876,0.5000861153728458,0.8699363673843677,1.8422980293739424,0.9768103564375866,1.291233111510889,0.9964290932961336,0.4025670829333199,0.9929540710187238,0.2770530408613901,0.9976584225114276,1.204147710562251,0.995699649739571,1257.2809630923634,0.988575718956627,0.42573665163595986,0.8422473550015654,0.8167169935718068,0.7289322897056117,0.9188511280290776,1.9023158044989832,1.9205218171562206,0.38957822499013883,1.8842823797779598
28,71,uniform,8.602325267042627,load,load,1.0370630125823563,0.9833545842812116,0.9922872802743228,0.1913144278739681,True,0.3218744386442763,1.1001092983875864,1.0636638737623412,1.0037381525839932,1.868575691273264,0.9907431142633902,1.305115763363479,1.0071421690953093,0.4046122299379527,0.9979985397052464,0.2789190221519314,1.0043777566323209,1.2188944615528388,1.0078936145391793,1260.8739611517528,0.9914008238806962,0.9833545842812117,1.0370630125823563,0.9922872802743229,0.9759855670638039,1.013410062496954,1.8138420703071392,1.8312013497770057,0.9833545842812117,1.8138420703071392
5,18,uniform,3.1622776601683795,load,load,0.9989041680454068,0.9764738356746284,0.9876964522792272,0.086050677944508,True,0.3218744386442764,1.0146906002454237,0.9810750041920206,0.9926280021298254,1.9047308355027608,1.009913041581756,1.2975323171839732,1.0012901147037805,0.4108250311244597,1.0133227589275962,0.278000562610668,1.001070415575069,1.211201687538083,1.0015325241805544,1267.626741892665,0.9967104048509547,0.9764738356746285,0.9989041680454067,0.9876964522792272,0.9833634140324106,1.0076095237361695,1.8138420703071392,1.8312013497770057,0.9764738356746285,1.8138420703071392
19,28,uniform,1.4142135623730951,load,load,1.000280789409601,0.9965714836730022,0.9980140883121046,0.0095145533623399,True,0.3218744386442758,1.002364414263534,0.9945933621383264,0.99865551163262,1.883058803825072,0.9984222487511284,1.2959052657480945,1.0000345386404454,0.4064011894424404,1.0024111076924878,0.2777141801329975,1.0000391621731235,1.2093228179040263,0.9999789026272126,1271.0090176949388,0.9993698229373612,0.9965714836730022,1.000280789409601,0.9980140883121046,0.9973781115173012,1.0010502078389274,1.8138420703071392,1.8312013497770057,0.9965714836730022,1.8138420703071392
25,54,uniform,3.1622776601683795,load,load,0.9913500074021812,0.975855839273766,0.9579426672812014,0.0304908380750782,True,0.3218744386442757,0.99890691404481,0.9658142143495928,0.9556372283734296,1.826273451119104,0.9683139168022524,1.2989386248992565,1.0023753454875506,0.3977656555991055,0.9811110837991291,0.2782292810920185,1.001894022919691,1.2107435599966878,1.0011537023562034,1263.172484634639,0.9932081084665092,0.9758558392737661,0.9913500074021813,0.9579426672812014,0.9532103139083523,1.0017850209644958,1.8138420703071392,1.8312013497770057,0.9758558392737661,1.8138420703071392
27,79,uniform,5.385164807134504,load,load,0.9187657636408522,0.7437086485232273,0.9075927088748588,0.0004497404536465,True,0.3218744386442762,0.9939282624001043,0.9610005000193148,0.925307522612258,1.9173917446932964,1.016626020167221,1.2914997236443155,0.9966348346793148,0.422048486790287,1.041006035744661,0.276529388553994,0.995772768654978,1.204466059302184,0.995962889644498,1260.1119864314164,0.9908016978865104,0.7437086485232273,0.9187657636408522,0.9075927088748587,0.8614701591147783,0.978971533091434,1.8487267653116608,1.8664199069075176,0.7437086485232273,1.8487267653116608
57,85,uniform,3.605551275463989,load,load,1.001562081499764,0.9733124803024712,0.985183656426754,0.017106790955418,True,0.3218744386442757,1.020536040322618,0.9867267911967004,0.9905588198479496,1.9049038497592852,1.0100047759889423,1.2963558151805246,1.000382222229442,0.4113075513264586,1.0145129218078606,0.2775120278554419,0.999311218809982,1.2099322556008798,1.0004828415509612,1269.2233691505858,0.997965802002219,0.9733124803024711,1.0015620814997641,0.985183656426754,0.9805366610196159,1.0020719234281985,1.8138420703071392,1.8312013497770057,0.9733124803024711,1.8138420703071392
25,58,uniform,4.242640687119285,load,sync,0.9417088117832464,0.7963279457201156,0.9082695841917664,0.0786089735288861,True,0.3218744386442768,1.0864165266240742,1.0504247286356996,0.9540456793194882,1.8532344655862545,0.9826089970399086,1.2953685875550922,0.9996203905207312,0.3951134339320551,0.9745692317372258,0.2779971033226565,1.001057958798526,1.2062113359955808,0.9974060443148686,1259.769154003718,0.9905321353753116,0.7963279457201156,0.9417088117832464,0.9082695841917665,0.8752806569927971,1.0090785443182344,1.8487267653116608,1.8487267653116621,0.7963279457201156,1.8487267653116608
88,92,uniform,6.082762530298219,load,city,1.0090418912127397,0.682555349082648,0.983367138322418,0.085185732803367,True,0.321874438644276,0.8356453302871434,0.8079613093057224,0.9578102299322448,1.8453932501465915,0.9784514827146482,1.2961350020512312,1.0002118233880182,0.3975456948342802,0.980568538354762,0.2773487419885419,0.9987232320480124,1.2096031786325838,1.0002107305639156,1254.0595464809028,0.9860427813426662,0.682555349082648,1.0090418912127395,0.983367138322418,0.8874930084583231,0.9809808328396961,1.8664199069075176,1.8842823797779598,0.682555349082648,1.8664199069075176
16,50,uniform,7.211102550927978,sync,wind,1.0306613126446014,0.9960613144495296,0.9963109061105604,0.374177269930349,True,0.3590191566987986,1.0705195210050251,1.0350543735239277,1.003327329110345,1.9606620807028892,1.0395685146316307,1.3037026386946633,1.0060516777503232,0.4284973595989766,1.0569125387359424,0.2787072505559326,1.003615174436002,1.2172303563730504,1.0065175799131023,1261.3310567741369,0.991760229333252,0.9960613144495297,1.0306613126446014,0.9963109061105603,0.9869415900808763,1.0194018140946262,1.8138420703071392,1.8312013497770057,0.9960613144495297,1.8138420703071392
10,84,uniform,8.06225774829855,wind,load,0.9061003254300576,0.8342259742073145,0.8337156979869845,0.4505308568734505,True,0.3218744386442682,1.0581839989713135,1.0231275139196236,0.8751845369775907,1.8908628983943323,1.0025600811085036,1.288847975755561,0.9945885126628748,0.4164081201931607,1.0270937582334312,0.2763319756606727,0.9950618916506254,1.2014991270517787,0.9935095582328972,1227.7538926803406,0.9653591542283628,0.8342259742073145,0.9061003254300575,0.8337156979869845,0.7679451786963332,0.9595343366183945,1.8312013497770037,1.8487267653116621,0.8342259742073145,1.8312013497770037
42,68,uniform,6.324555320336759,load,load,0.885603444198886,0.6602696622642372,0.8902215750529676,0.2589098163572672,True,0.3218744386441839,0.8116268415317377,0.7847385269613347,0.8731794244945146,1.9595248224492336,1.038965525526501,1.2972661805235248,1.001084740237389,0.4273827817041082,1.054163370447982,0.278021094359836,1.0011443496940473,1.209409139036351,1.000050280848063,1256.403837521521,0.9878860520744704,0.6602696622642372,0.885603444198886,0.8902215750529676,0.8203442993825604,0.9885334389365198,1.8664199069075176,1.8842823797779598,0.6602696622642372,1.8664199069075176
17,29,uniform,2.23606797749979,load,load,0.9988803654801056,0.992548063212174,0.9939380921186144,0.0109793005617768,True,0.3218744386442762,1.0025844834186486,0.9885322141569266,0.9947456703213242,1.888084318347722,1.0010868418592371,1.2965688033235272,1.00054658262287,0.405413432249683,0.999974749710658,0.2779114324978133,1.000749461119877,1.209423309032749,1.0000619978993237,1269.3729551514018,0.9980834185832724,0.992548063212174,0.9988803654801056,0.9939380921186143,0.9933383041113104,1.0022560635535391,1.8138420703071392,1.8312013497770057,0.992548063212174,1.8138420703071392
52,59,uniform,7.0,load,load,0.9536738865046158,0.80644585398861,0.9548088645173366,0.2068894720556712,True,0.3218744386442778,1.0872796780167653,1.0512592847614763,0.9880276857484048,1.9539226451407667,1.0359951783154309,1.29971639802182,1.0029755436705103,0.4182602937232061,1.0316622471259926,0.2781504829821065,1.0016102736499222,1.2124453400389563,1.0025608900103071,1260.981722297828,0.9914855543869108,0.80644585398861,0.9536738865046158,0.9548088645173366,0.9038115268497867,0.9996504562339038,1.8487267653116608,1.8487267653116621,0.80644585398861,1.8487267653116608
40,68,uniform,8.246211251235321,wind,load,0.9361000147973098,0.7424974037295121,0.9099806988534352,0.4465841055731221,True,0.33728084432588,0.9858614138860186,0.9532008974233516,0.9247803585182428,1.9384649466930928,1.0277993057206434,1.2910970161941775,0.996324070173799,0.4151503178205112,1.0239913188154866,0.271973759353961,0.9793681053922288,1.2035882475336563,0.9952370344501612,1249.1133517831222,0.9821536840581327,0.7424974037295121,0.9361000147973098,0.9099806988534352,0.8458913692891602,0.9935286616921621,1.8487267653116608,1.8664199069075176,0.7424974037295121,1.8487267653116608
4,60,uniform,7.211102550927978,wind,wind,1.0120881709400829,1.0062017332479505,0.9755848814640288,0.1978963101646842,True,0.3218744386442753,1.0233808601391998,0.9978620027977716,0.9710861368704464,1.8425506499343596,0.9769442991416064,1.30069484252891,1.0037305975522215,0.4002436063427542,0.9872230869484216,0.278845861266325,1.0041143068123997,1.2131310418228498,1.0031278910684496,1261.6957462034316,0.9920469775823262,1.0062017332479505,1.0120881709400829,0.9755848814640287,0.9685585757215255,1.0047377532228938,1.8138420703071392,1.8312013497770057,1.0062017332479505,1.8138420703071392
38,54,uniform,4.47213595499958,load,load,1.0110825125561076,0.9924227455706088,0.9959399318610764,0.0978156469608509,True,0.3218744386442758,1.0317935818157111,0.9976113825833328,0.9996900464581976,1.9101072119907752,1.0127636662634667,1.2995270219549444,1.0028294044328103,0.417806084842612,1.030541915692552,0.2779601324558708,1.0009248279853011,1.2133314305275482,1.0032935908088798,1267.1678298987845,0.9963495712206004,0.9924227455706089,1.0110825125561076,0.9959399318610765,0.9919791167336325,1.0088717115180452,1.8138420703071392,1.8312013497770057,0.9924227455706089,1.8138420703071392
44,46,uniform,2.0,load,load,1.0042952110604733,0.9600069625588588,0.9906773036830254,0.0681268752550513,True,0.3218744386442762,1.0398097378596942,1.0053619720955964,1.0021800526262523,1.9148525724034728,1.0152797180217847,1.2979916623117171,1.001644585825275,0.4113831393483861,1.014699363862552,0.2780465295902043,1.001235941079316,1.2118014900126135,1.0020284958197183,1268.5726162091778,0.997454127542969,0.9600069625588589,1.0042952110604733,0.9906773036830254,0.9830849290853076,1.0109848713116054,1.8138420703071392,1.8312013497770057,0.9600069625588589,1.8138420703071392
2,33,uniform,3.1622776601683795,load,load,0.9964353659723674,0.9887269184352826,0.9812470220235664,0.0612776910559963,True,0.3218744386442769,0.9995880392424664,0.98045562091822,0.9804451818722428,1.9016490596858269,1.0082790439949365,1.2951171653525484,0.9994263710248849,0.4112980630992695,1.014489518568466,0.2776641155054523,0.9998588811800504,1.2082976217476886,0.9991311765178442,1263.252596231986,0.9932710986670044,0.9887269184352826,0.9964353659723674,0.9812470220235663,0.9762227278384694,1.0013887827011103,1.8138420703071392,1.8312013497770057,0.9887269184352826,1.8138420703071392
0,60,uniform,6.0,load,wind,0.991803922322475,0.9848277109551244,0.942734404415836,0.0449446372475706,True,0.3218744386442768,0.994596152066068,0.9686022456883192,0.935616417388125,1.8561376018418063,0.9841482776098044,1.293988084909279,0.998555073199329,0.4076399577407628,1.0054665985088391,0.2774008858893299,0.9989110004321528,1.2065041052869248,0.997648132788142,1241.3954171101616,0.9760852212068252,0.9848277109551243,0.991803922322475,0.9427344044158359,0.9199522976018144,0.9981657896532382,1.8138420703071392,1.8312013497770057,0.9848277109551243,1.8138420703071392
63,89,uniform,6.324555320336759,load,load,0.9758008971267288,0.5729117313098366,0.9629063395375888,0.2012923201174651,True,0.3218744386442763,1.0002852178889754,0.6385307417246953,0.976111535612002,1.8939311727406711,1.004186920040158,1.3001979744322845,1.0033471704060348,0.4139881867270678,1.021124857921854,0.2778914763549711,1.0006775997393795,1.2134876932839065,1.003422803172453,1259.301406549691,0.990164354593427,0.5729117313098366,0.9758008971267289,0.9629063395375888,0.85205934416652,1.006904453361284,1.8842823797779598,1.9023158044989843,0.5729117313098366,1.8842823797779598
21,58,uniform,7.615773105863909,load,sync,0.88966831644389,0.7235287635753862,0.8513953026284656,0.3756239507779588,True,0.3966482136758685,0.9757433511563744,0.943418035107982,0.8778091008233149,1.9317993356306475,1.0242651121135458,1.2913223652676142,0.9964979693488726,0.4186068353601191,1.0325170113224167,0.2768112772567697,0.996787840128876,1.2039400464977006,0.9955279340650548,1251.299606769819,0.9838726940954604,0.7235287635753862,0.88966831644389,0.8513953026284656,0.7852842170606796,0.9817352358538715,1.8487267653116608,1.8664199069075176,0.7235287635753862,1.8487267653116608
77,95,uniform,2.8284271247461903,load,city,1.0009321466090682,0.9976358858156592,0.9975382019051284,0.003741945320112,True,0.3218744386442763,1.0040310664976062,0.9974211027844724,0.9979009532033526,1.8915088842905117,1.002902591225455,1.2959782869740355,1.0000908882440198,0.4093887546218706,1.0097801031546436,0.2773844523244639,0.9988518237331732,1.209754806878132,1.0003361106893427,1269.6238028879366,0.998280655309806,0.9976358858156593,1.0009321466090682,0.9975382019051285,0.9969320566992257,1.0017306026897679,1.8138420703071392,1.8312013497770057,0.9976358858156593,1.8138420703071392
20,93,uniform,7.615773105863909,wind,load,0.964868344363516,0.9083310915599474,0.8897063338557013,0.2827153531499305,True,0.3218744386442623,1.034745349239616,1.000465361162696,0.907363124172126,1.830343691975451,0.9704720113983946,1.292773398909601,0.9976177145934284,0.3958110034229805,0.9762898256337408,0.2739573888654822,0.9865110866898116,1.2045901191897184,0.9960654737257376,1251.8479561192762,0.984303850589746,0.9083310915599474,0.9648683443635161,0.8897063338557013,0.8492504817368047,0.9978486825508104,1.8312013497770037,1.8312013497770057,0.9083310915599474,1.8312013497770037
17,38,uniform,2.23606797749979,load,load,0.9987481422298574,0.9738552370223548,0.9856077697506206,0.0002254846730371,True,0.3218744386442762,1.01464282938979,0.981028815932881,0.9903345597406245,1.8777383931513527,0.9956012978714512,1.2961874930260402,1.0002523300432216,0.4055407321484316,1.0002887419819129,0.277610701456085,0.9996665390347844,1.2087088786126157,0.9994712413726532,1268.5681217210813,0.997450593613854,0.9738552370223548,0.9987481422298574,0.9856077697506206,0.9825573186233879,1.006590470814775,1.8138420703071392,1.8312013497770057,0.9738552370223548,1.8138420703071392
24,98,uniform,8.06225774829855,load,city,0.8019628177284647,0.440332632015934,0.7795674920509883,0.2309240480833106,True,0.3218744386442775,0.8857480277785175,0.4534615400447713,0.8147991167770146,1.880513789429828,0.9970728490454784,1.2916773242988455,0.9967718869726496,0.4114225543083369,1.0147965830506114,0.2771161379189132,0.997885632834324,1.2027770370348976,0.9945662512876022,1248.3436411451949,0.9815484754614752,0.44033263201593403,0.8019628177284647,0.7795674920509883,0.7042373748708445,0.9108374044937735,1.9023158044989832,1.9023158044989843,0.4177229097940354,1.8842823797779598
43,82,uniform,4.123105625617661,load,load,0.9906119493586046,0.9764907124383064,0.9511560840235336,0.0436863961417279,True,0.3218744386442762,0.9951352052053068,0.9621674581219984,0.9471617405470272,1.8137736119709864,0.9616863396464356,1.2980163338606103,1.0016636245634198,0.3881720670926641,0.9574479648631796,0.2784475861373411,1.002680131841166,1.210214022226339,1.0007158320120293,1261.626352744095,0.9919924148465744,0.9764907124383065,0.9906119493586046,0.9511560840235336,0.9416055772348844,1.0027177868050143,1.8138420703071392,1.8312013497770057,0.9764907124383065,1.8138420703071392
27,83,uniform,7.211102550927978,load,wind,1.002670447953014,1.0012063339393706,0.9640612870122828,0.121123463636611,True,0.3218744386442752,1.0129715171726503,0.9898846028277836,0.9590963393272296,1.881151685931007,0.9974110700600762,1.3026541148480753,1.0052425444834938,0.4124053677762592,1.0172207470605314,0.2790479080771199,1.0048418703933817,1.2159279249013246,1.005440610244986,1257.1679555300716,0.9884868632947506,1.0012063339393706,1.002670447953014,0.9640612870122827,0.9567258735237656,1.0005553676557373,1.8138420703071392,1.8312013497770057,1.0012063339393706,1.8138420703071392
22,45,uniform,3.605551275463989,wind,load,0.9970338219704524,0.944656594757974,0.9720541020082132,0.2094780978475667,True,0.3218744386442354,1.0357486245622256,1.0014353990649854,0.9848496050852188,1.9182499954432488,1.017081075868094,1.2964389979740176,1.0004464133927256,0.4108656651321129,1.0134229849645269,0.278022673262707,1.0011500352687035,1.210167520407882,1.0006773800480853,1259.6528395235705,0.9904406795478458,0.9446565947579739,0.9970338219704525,0.9720541020082133,0.956358354700595,1.009508921224262,1.8138420703071392,1.8312013497770057,0.9446565947579739,1.8138420703071392
70,72,uniform,2.0,wind,load,1.0012196815979064,0.99943053018015,0.9988885198341756,0.1258317120569941,True,0.3218744386442761,1.0015637804175137,0.9975955778453288,0.9991134230347344,1.8489815685195428,0.980354055747354,1.292244155194062,0.9972093035707352,0.3993004872815001,0.9848968313974114,0.2739001909877691,0.9863051191094776,1.205688773217117,0.996973941533026,1267.5352614085105,0.996638475514515,0.9994305301801499,1.0012196815979064,0.9988885198341756,0.9971760734471723,1.0010740054330745,1.8138420703071392,1.8312013497770057,0.9994305301801499,1.8138420703071392
41,79,uniform,8.54400374531753,load,load,0.8568093831165393,0.5532017530265211,0.8581996817103493,0.3366120326935177,True,0.3585370036132601,0.7792393396840542,0.5869958562014669,0.8483514905831744,1.9884732763847823,1.0543143719977257,1.2957491756980788,0.9999140858224196,0.4321613527382879,1.0659499813339663,0.2772259181741423,0.9982809477383376,1.208139296237338,0.9990002584802828,1251.1919388881406,0.983788036921238,0.5532017530265211,0.8568093831165393,0.8581996817103493,0.7722603973439606,0.9737094544747712,1.8842823797779598,1.9023158044989843,0.5532017530265211,1.8842823797779598
45,70,uniform,5.830951894845301,load,wind,1.0219358872693176,1.0030004873434633,0.9872096317601244,0.2880269978043075,True,0.3218744386442745,1.0444764264586588,1.0098740583765622,0.9879291282828752,1.8097432553164703,0.9595493921724124,1.2969799603776972,1.0008638675863957,0.3875183905332718,0.9558356353203652,0.275334807753237,0.9914711244877088,1.209475145986584,1.0001048614419974,1257.0373391146013,0.9883841621319862,1.0030004873434633,1.0219358872693176,0.9872096317601244,0.9802956459862228,1.0071924833799983,1.8138420703071392,1.8312013497770057,1.0030004873434633,1.8138420703071392
62,95,uniform,4.242640687119285,wind,city,0.9775497649340004,0.5247573663748222,0.9753121658641116,0.1448368129858878,True,0.3218744386442768,1.1283626066440369,0.5776688508367541,1.0217315139304677,1.8836704425525403,0.9987465475528768,1.3008917337103587,1.0038825361136323,0.4073251333585114,1.0046900666828025,0.2785732299484116,1.0031325708613663,1.213886197611044,1.0037523230606449,1271.165988403109,0.9994932459710664,0.5247573663748222,0.9775497649340003,0.9753121658641116,0.8403153641939526,0.9845765846909779,1.9023158044989832,1.9205218171562206,0.5081758427982898,1.8842823797779598
44,87,uniform,5.0,load,load,0.8202562130451959,0.4503769616659548,0.8163763481265386,0.1284802797703098,True,0.3218744386442769,0.9334385363664072,0.4778768486783352,0.857494816949728,1.8743784513342363,0.9938198130564768,1.292332230231661,0.9972772700200732,0.4039871498669544,0.996456744989474,0.2770570639391149,0.997672909475238,1.204975526430632,0.996384163743099,1258.0522127210766,0.989182137631992,0.45037696166595487,0.8202562130451959,0.8163763481265386,0.7347075789206292,0.9244383152298851,1.9023158044989832,1.9023158044989843,0.4259548109942557,1.8842823797779598
28,96,uniform,7.280109889280518,load,sync,0.8650145891588603,0.31751818574885,0.8487755965052978,0.050600289477335,True,0.3218744386442752,0.7775787667718652,0.4135182104845657,0.8321479082465814,1.9626862887225132,1.0406417760288784,1.293667478813309,0.9983076653233496,0.4283126910916124,1.0564570436049443,0.2773292800133809,0.9986531501482516,1.2072987318739037,0.998305202853042,1258.7997061336705,0.9897698772538126,0.31751818574885005,0.8650145891588603,0.8487755965052978,0.7028724829586849,0.8342264109169334,1.3630148852012474,1.976191979373157,0.31751818574885005,1.3630148852012474
16,87,uniform,7.071067811865476,sync,load,0.8495603424558213,0.5363963693603695,0.8298818157107012,0.0150635639969038,True,0.3218744386442752,0.7921083081329925,0.5489016296994504,0.8179419592604552,1.908771219181504,1.0120553055143289,1.2954104190650084,0.9996526713948238,0.4244273798782296,1.0468737076839043,0.2780070876917699,1.0010939121665472,1.2071836718947395,0.9982100607206048,1255.997152002395,0.9875662831117158,0.5363963693603695,0.8495603424558213,0.8298818157107012,0.7519467840640254,0.9105613361492805,1.8842823797779598,1.9023158044989843,0.5363963693603695,1.8842823797779598
68,93,uniform,5.830951894845301,load,load,0.999945028157957,0.9284960138163968,0.9965259515487216,0.0760092627321106,True,0.321874438644276,1.168185221645501,1.1294845157190918,1.0348095882101522,1.8670133672144744,0.9899147497445098,1.2980198903714584,1.0016663690801515,0.4052873789157317,0.9996638321607172,0.2774613676674707,0.9991287932244032,1.2109561517491638,1.0013294926945655,1260.5874362817956,0.9911755349137652,0.9284960138163969,0.999945028157957,0.9965259515487216,0.9677185130950096,0.9961691669166227,1.8312013497770037,1.8487267653116621,0.9284960138163969,1.8312013497770037
52,98,uniform,7.211102550927978,load,city,0.8627092847290153,0.3900518852166859,0.8556837814906276,0.2825683652070609,True,0.3218744386442781,1.0031156583739125,0.5135482744794786,0.9116424033289676,1.923531176052709,1.0198812264578936,1.2974740950994352,1.0012451854199906,0.4123840305373225,1.0171681175754972,0.2775749564409313,0.999537822470909,1.2095758969516783,1.0001881715706264,1254.3525617411774,0.9862731735780492,0.3900518852166859,0.8627092847290153,0.8556837814906276,0.7539924297455977,0.9699984773125608,1.9023158044989832,1.9205218171562206,0.35755465864046315,1.8842823797779598
48,57,uniform,1.4142135623730951,load,load,1.003670869772623,0.9732209775583116,0.9915722033037564,0.0125903798732281,True,0.3218744386442757,1.0245391038968044,0.9905972376282296,0.9982494554080316,1.8948934866192568,1.0046971513641665,1.296154465777327,1.0002268433118202,0.4060627845610334,1.0015764132554827,0.2777525619219799,1.0001773736684036,1.2097056809645577,1.000295488883139,1271.3813478069549,0.9996625789075704,0.9732209775583117,1.003670869772623,0.9915722033037565,0.9870551036138797,1.0024000140356173,1.8138420703071392,1.8312013497770057,0.9732209775583117,1.8138420703071392
57,73,uniform,4.47213595499958,load,sync,1.0489411617580546,0.7848908128435074,1.041290957342641,0.074430745303715,True,0.3218744386442755,1.039809630102445,1.0053618679082277,1.0248207269179608,1.849582944338902,0.9806729130218532,1.3012557154993514,1.004163416491272,0.3996770394885087,0.9858256183319412,0.2791106489188982,1.0050677979956957,1.2139573891620727,1.0038111907575245,1267.5501863194727,0.996650210683517,0.7848908128435074,1.0489411617580546,1.041290957342641,0.9411312296591265,0.9794371833686842,1.8664199069075176,1.8664199069075176,0.7848908128435074,1.8664199069075176
46,64,uniform,2.8284271247461903,load,load,1.0029112109010356,1.0014852608154303,0.9840338002887942,0.0658642789638191,True,0.3218744386442754,1.0076334390231785,0.9975167173495738,0.9809411265575004,1.8633390022879428,0.9879665537108924,1.2997690073764296,1.003016141677985,0.4066884457297771,1.003119641281122,0.2782614266423084,1.0020097779350243,1.2125223613916731,1.0026245783213423,1263.8268326624109,0.9937226096726764,1.0014852608154303,1.0029112109010356,0.9840338002887942,0.9824695081764224,1.0009358795369763,1.8138420703071392,1.8312013497770057,1.0014852608154303,1.8138420703071392
45,59,uniform,4.123105625617661,load,load,0.9489630573263876,0.8632550436332007,0.9420245754239054,0.073711363136148,True,0.3218744386442768,1.106532441143769,1.069874224784538,0.9863718157455272,1.8570902219294712,0.9846533691598928,1.2953080962828727,0.9995737101320448,0.3993539699194192,0.9850287492945816,0.2778856433309158,1.0006565952214024,1.2069324524363672,0.9980023294559806,1262.4727121708206,0.9926578909042996,0.8632550436332007,0.9489630573263875,0.9420245754239054,0.9169673788715822,1.0035832404026435,1.8312013497770037,1.8487267653116621,0.8632550436332007,1.8312013497770037
10,97,uniform,10.63014581273465,wind,load,0.7889467937778398,0.4139070809817258,0.7305467771532368,0.6163193784680594,True,0.3359356598492298,0.9173434256367372,0.469636905184504,0.7812159143194048,1.931925401986476,1.0243319541336795,1.2906947492722525,0.9960136456186168,0.4216729037788288,1.040079639384791,0.2766504046420889,0.9962085434047224,1.202838557809086,0.9946171223001647,1229.544385706723,0.9667669842860844,0.41390708098172585,0.7889467937778398,0.7305467771532368,0.6131475548532954,0.8634802775972342,1.9023158044989832,1.9205218171562206,0.37296735450781654,1.8842823797779598
83,99,uniform,6.082762530298219,wind,load,1.0012765375982442,0.6981439908006906,0.9863239435345303,0.1918410615065485,True,0.321874438644276,0.8655880020997918,0.8369120129655466,0.961728174293488,1.86161675719112,0.9870533969794204,1.2960586292928389,1.00015288744708,0.4079890579903972,1.006327673665661,0.2772805378562405,0.9984776313253892,1.209140504166616,0.999828148925744,1254.6224733894862,0.9864853998899192,0.6981439908006906,1.0012765375982442,0.9863239435345303,0.8955973982749057,0.9877006612804536,1.8664199069075176,1.8842823797779598,0.6981439908006906,1.8664199069075176
4,57,uniform,5.830951894845301,wind,load,0.926353610649342,0.7833432782495772,0.8779761495182882,0.120744769375528,True,0.3218744386442772,1.0625687572845843,1.0273670099586454,0.92088759739911,1.852089809420348,0.982002085465565,1.297163847656425,1.0010057711921645,0.396234166162751,0.9773335800363532,0.2780364729864636,1.0011997275968991,1.2088093129265989,0.9995542896651322,1261.7113691329068,0.9920592615897929,0.7833432782495772,0.9263536106493421,0.8779761495182882,0.8372478775101392,0.9962976641559906,1.8487267653116608,1.8487267653116621,0.7833432782495772,1.8487267653116608
49,52,uniform,7.071067811865476,hvdc,load,0.9830024622766688,0.8815419652847941,0.9729289355356356,0.1853660212438004,True,0.321874438644277,1.144947673928435,1.1070168026857603,1.0192947943291528,1.955609516143186,1.0368895792423525,1.298372617524857,1.001938564390595,0.4185014084227398,1.032256969925333,0.2781458133388316,1.0015934584259174,1.211733134085284,1.0019719728763097,1252.0296496746223,0.9844467127203108,0.8815419652847941,0.9830024622766687,0.9729289355356355,0.9388811273045395,1.0284849693935774,1.8312013497770037,1.8487267653116621,0.8815419652847941,1.8312013497770037
9,13,uniform,6.082762530298219,city,load,0.9973152873051392,0.9657780179260782,0.9832360588001277,0.2178756349876871,True,0.347486392247535,1.022724915923197,0.9888431517291568,0.9913072350320074,1.9555834516558503,1.0368757595124505,1.2945807661089217,0.9990124381670552,0.4312514529730232,1.0637056630217108,0.2776535279384399,0.9998207557172474,1.2081812541160986,0.9990349530985752,1262.2240091987203,0.992462340564584,0.9657780179260782,0.9973152873051392,0.9832360588001277,0.9748735844844145,1.0097636220483324,1.8138420703071392,1.8312013497770057,0.9657780179260782,1.8138420703071392
11,88,uniform,9.899494936611664,load,load,0.80614507053131,0.4426289758659508,0.7400011170428773,0.5076622953408662,True,0.3531205099408917,0.8081018123281243,0.4338048439657801,0.7547748027561402,1.907408153951922,1.0113325906161277,1.28955393326062,0.9951332915958192,0.4088334349702809,1.0084103763882504,0.2766832506609048,0.9963268207830028,1.2016632914153038,0.9936453043692124,1239.537608922175,0.974624462538687,0.44262897586595085,0.80614507053131,0.7400011170428773,0.6457686820531631,0.9095264814882549,1.9023158044989832,1.9023158044989843,0.44152427517867876,1.8842823797779598
12,74,uniform,6.324555320336759,load,load,0.9470112433296706,0.8915203420220207,0.8637368227338069,0.2178660440943617,True,0.3218744386442637,1.0274531775527225,0.9934147711931453,0.884019151051738,1.8166787292228053,0.963226670566296,1.2862987981120644,0.9926213428735342,0.3914753023769015,0.9655955781730328,0.2762905972679724,0.9949128894889488,1.1997289540595366,0.9920458170216708,1245.9291772600625,0.9796500291784194,0.8915203420220207,0.9470112433296706,0.8637368227338069,0.8192902712026638,0.9929603571628721,1.8312013497770037,1.8312013497770057,0.8915203420220207,1.8312013497770037
4,39,uniform,5.830951894845301,wind,city,0.96960463831356,0.9127898584774488,0.929665755547473,0.1693631138455825,True,0.3218744386442064,1.0480647385116633,1.0133434935537404,0.9522549955964364,1.8934771079970203,1.0039461690123548,1.297953189024755,1.0016148964515268,0.4084285400362485,1.007411680543193,0.2785111770690884,1.002909120588071,1.2089727045792065,0.999689396853266,1262.509094415866,0.9926864975603364,0.9127898584774488,0.96960463831356,0.929665755547473,0.9131292676749599,1.0131523661715225,1.8312013497770037,1.8312013497770057,0.9127898584774488,1.8312013497770037
64,89,uniform,5.385164807134504,load,load,0.9486135770402624,0.7098187283542372,0.9646208769089636,0.1459510931150973,True,0.3218744386442764,0.8942045880972311,0.8645805625910272,0.946840599238905,1.8796406113386692,0.996609878674312,1.2991401701758725,1.0025308755583384,0.4098316743898031,1.0108725893646404,0.2776313104789168,0.999740751413555,1.2124899195977203,1.002597752473822,1260.8955891529831,0.99141782956001,0.7098187283542372,0.9486135770402623,0.9646208769089635,0.8902685267829182,0.9861552051731706,1.8664199069075176,1.8664199069075176,0.7098187283542372,1.8664199069075176
56,67,uniform,1.4142135623730951,load,load,0.9856917520651564,0.6031025790306159,0.9833864510969382,0.0147570259584536,True,0.321874438644276,0.9783651432591536,0.6674255937414868,0.9869620304380636,1.893931400118369,1.004187040598768,1.301381281867894,1.0042603145506854,0.4082203464842415,1.0068981595828628,0.2786838188447354,1.0035307976540075,1.2142903557809668,1.0040865180640497,1270.7156074398986,0.9991391201252292,0.6031025790306159,0.9856917520651565,0.9833864510969382,0.8678965986712432,0.9718184920073167,1.8842823797779598,1.9023158044989843,0.6031025790306159,1.8842823797779598
15,80,uniform,8.602325267042627,load,wind,1.0046773612463835,1.0025377571684384,0.963445880122346,0.2146358327732911,True,0.3218744386442753,1.0116761492377098,0.9951178952799288,0.9573514929424016,1.8239458029441016,0.9670797674913194,1.2972215020331346,1.0010502623826374,0.3903934218488616,0.9629270597565605,0.2774142600899175,0.9989591604661274,1.2099220105592183,1.0004743700118763,1254.787476800294,0.986615138882442,1.0025377571684384,1.0046773612463837,0.9634458801223459,0.9549966531690187,1.0009749042630427,1.8138420703071392,1.8312013497770057,1.0025377571684384,1.8138420703071392
69,99,uniform,3.0,load,load,0.99877837148779,0.9402541328044371,0.9864825325538,0.0187667018837751,True,0.3218744386442762,1.0842879208214355,1.0483666412283246,1.011555013696294,1.857064796571045,0.9846398883044444,1.2954221018449164,0.9996616868558488,0.4027288515213366,0.993353082226654,0.2773963685713039,0.9988947337261036,1.2075610582000065,0.998522118293504,1265.4400458621624,0.994991048029408,0.9402541328044373,0.99877837148779,0.9864825325537999,0.9724974735449323,0.9943422817908233,1.8312013497770037,1.8312013497770057,0.9402541328044373,1.8312013497770037
43,61,uniform,2.8284271247461903,load,load,1.0093499238278338,1.0043259576777064,0.9788717406074058,0.0208169901251606,True,0.3218744386442759,1.0165171418672578,0.9999636633337108,0.9743869724604116,1.8367078775106969,0.973846385273848,1.2991126290373154,1.002509622392294,0.3964631387541437,0.9778983536515192,0.278596441330826,1.003216154247031,1.211285947651303,1.0016021981619805,1263.757627720483,0.9936681951645197,1.0043259576777064,1.0093499238278338,0.9788717406074058,0.9709613672052642,1.0017696274158343,1.8138420703071392,1.8312013497770057,1.0043259576777064,1.8138420703071392
46,57,uniform,1.4142135623730951,load,load,0.9683843402969812,0.9116410648250268,0.9560678802553628,0.005178122109035,True,0.3218744386442763,1.0892693738197952,1.0531830641064572,0.9886623004208464,1.8650693977213024,0.9888840318567126,1.2950232717079635,0.9993539144263776,0.3995858174549712,0.985600614119208,0.2777400406463386,1.0001322849876757,1.2075888822507146,0.9985451257678376,1268.1513565497864,0.9971228992154312,0.9116410648250269,0.9683843402969813,0.9560678802553628,0.9388298691701026,0.9857897093628388,1.8312013497770037,1.8312013497770057,0.9116410648250269,1.8312013497770037
49,91,uniform,9.433981132056603,hvdc,load,1.0258368896965298,0.965727134923449,0.9949907167587494,0.159783114406142,True,0.3218744386442755,1.1328760391454875,1.0953450880345943,1.0201569110300912,1.833530513193875,0.9721617054221836,1.3002525828269378,1.0033893110487164,0.3965397334587465,0.9780872787449462,0.2773474171159375,0.9987184612275644,1.2130744386575687,1.003081086385477,1242.9043612704063,0.977271674833237,0.965727134923449,1.0258368896965298,0.9949907167587494,0.9735708811511937,1.0087716118475596,1.8312013497770037,1.8312013497770057,0.965727134923449,1.8312013497770037
14,41,uniform,4.242640687119285,load,load,1.0068061436740958,1.0007114458582829,0.994667709205336,0.1003110132840541,True,0.321874438644276,1.0155532433351206,0.9968474590069106,0.9947597043399966,1.9233968654732088,1.0198100132432328,1.299432649378072,1.002756578248006,0.4293999024192983,1.0591387107348478,0.2777270296421336,1.0000854328113191,1.212543658846903,1.002642189008575,1264.2417380166278,0.9940488417328798,1.0007114458582829,1.0068061436740958,0.9946677092053359,0.9941462523230709,1.0027346781043565,1.8138420703071392,1.8312013497770057,1.0007114458582829,1.8138420703071392
36,38,uniform,2.0,load,load,0.998921900956556,0.9829259144837912,0.9908875259583032,0.0217335084546308,True,0.3218744386442764,1.0094365807205845,0.9759950446199998,0.9940835319079184,1.8807150425801096,0.997179556081108,1.296419238200433,1.0004311650126296,0.4082870841060241,1.007062771633993,0.2781047625532852,1.001445635966277,1.2089985273057429,0.9997107494494152,1271.4934013538286,0.999750684445564,0.9829259144837913,0.9989219009565561,0.9908875259583031,0.988975436822112,1.0054048347343514,1.8138420703071392,1.8312013497770057,0.9829259144837913,1.8138420703071392
15,81,uniform,8.06225774829855,load,load,1.0049919121468391,1.0024973756757107,0.9582688955034484,0.1346067513483322,True,0.3218744386442755,1.0125323239723838,0.9937775638877582,0.9512941969187216,1.7806801809311217,0.9441397724491736,1.2985898716109117,1.002106216761071,0.3803186648641006,0.938077112041884,0.2770225805970226,0.9975487361524412,1.2113030910302909,1.0016163738783843,1254.1666100119733,0.986126963327687,1.0024973756757107,1.0049919121468391,0.9582688955034484,0.9471055161056535,1.0008884507654245,1.8138420703071392,1.8312013497770057,1.0024973756757107,1.8138420703071392
30,87,uniform,8.602325267042627,wind,load,0.8354309384135905,0.5258894892116155,0.8057331717387667,0.4529458112744245,True,0.3541663062591749,0.7806733565421421,0.5195335016903951,0.7966902702894192,1.9492511782664024,1.033518305871408,1.284729992147445,0.9914107141412412,0.4251261683420372,1.0485973082447422,0.2702324667577407,0.9730977709491386,1.1972767268495104,0.990018090894147,1243.5981264479728,0.9778171689823832,0.5258894892116155,0.8354309384135905,0.8057331717387667,0.7082699478432317,0.9080884740350266,1.8842823797779598,1.9023158044989843,0.5258894892116155,1.8842823797779598
69,96,uniform,4.242640687119285,load,sync,1.001714896077122,0.7054758164812877,0.9876043181017348,0.0368921294590435,True,0.3218744386442762,0.8593226779089178,0.8308542521512261,0.962480225014439,1.9186189791775068,1.0172767158390614,1.298058438288892,1.001696116045339,0.4230245833649981,1.0434136321643794,0.2777749224605287,1.0002578931947217,1.2111431511795172,1.0014841209562573,1263.6743816303897,0.9936027403729656,0.7054758164812877,1.001714896077122,0.9876043181017349,0.8868295414031446,0.9535029601363678,1.8664199069075176,1.8842823797779598,0.7054758164812877,1.8664199069075176
18,36,uniform,2.8284271247461903,load,load,1.0001889115075384,0.999558854954152,0.9994298238589708,0.0348289735438354,True,0.3218744386442759,1.0007653270651014,0.9990299094179118,0.9994967421218336,1.8575677725733395,0.9849065727171982,1.2963654357610246,1.0003896463159367,0.4003813745180794,0.9875628998053227,0.2778563086907682,1.0005509621963191,1.2100820990393406,1.0006067458343664,1268.4405926873756,0.997350319999694,0.9995588549541521,1.0001889115075384,0.9994298238589708,0.9990424883291471,1.0000004510285811,1.8138420703071392,1.8312013497770057,0.9995588549541521,1.8138420703071392
4,32,uniform,3.605551275463989,wind,sync,1.002558218857619,0.9988907192226536,0.9977472807687204,0.0646022720378009,True,0.3218744386442764,1.007172600568815,0.9970404551752508,0.9981492551726814,1.932408649579891,1.0245881782876682,1.2985179914929257,1.0020507477368084,0.413999551554664,1.02115288990039,0.2780429611119306,1.0012230911124136,1.212125089538718,1.0022960775557228,1267.9084476179398,0.9969319046175724,0.9988907192226537,1.002558218857619,0.9977472807687205,0.9972902131930451,1.0010423862520401,1.8138420703071392,1.8312013497770057,0.9988907192226537,1.8138420703071392
46,65,uniform,2.23606797749979,load,load,0.9926645040709396,0.961542809423604,0.9624513467066128,0.0344063871319016,True,0.3218744386442753,1.0116885851503012,0.9781724425921408,0.9656932017501868,1.8629681986670248,0.987769948812368,1.2977923597945065,1.0014907864650002,0.4034569424530382,0.995148958952185,0.2780850057451531,1.0013744923831789,1.2104652294426252,1.0009235531537748,1264.2668124189445,0.9940685572507516,0.9615428094236039,0.9926645040709396,0.9624513467066129,0.9577299251364045,1.002697983212682,1.8138420703071392,1.8312013497770057,0.9615428094236039,1.8138420703071392
13,44,uniform,3.1622776601683795,load,load,0.9976648874830002,0.9901766631202452,0.987449345870146,0.0293269707157685,True,0.3218744386442763,1.0011580584563198,0.9837104051516398,0.987478841409367,1.8758920523982892,0.994622344010377,1.2968624150553807,1.0007731592720772,0.4045434993637489,0.9978290119262688,0.2782024712282672,1.0017974815271309,1.2100425044921237,1.0005740054351198,1268.1418716487456,0.997115441421079,0.9901766631202452,0.9976648874830002,0.9874493458701461,0.9851859564389407,1.0017900134667643,1.8138420703071392,1.8312013497770057,0.9901766631202452,1.8138420703071392
56,61,uniform,5.0990195135927845,load,load,0.9949200946652936,0.936621934880035,0.9986796100899082,0.0621339454302273,True,0.3218744386442745,1.1579015150154028,1.119541497105543,1.038321139445032,1.8945508825095465,1.004515498212946,1.2976087553848743,1.0013491011459172,0.4095314299578594,1.0101320197958945,0.2778361170054462,1.0004782526354945,1.2113553938733097,1.0016596226609198,1268.858207546611,0.9976786824913207,0.936621934880035,0.9949200946652936,0.9986796100899082,0.9721001525785338,0.9963456208630108,1.8312013497770037,1.8312013497770057,0.936621934880035,1.8312013497770037
3,22,uniform,2.23606797749979,load,wind,1.000778501050049,0.9993698965710086,0.9995567984692328,0.0526301316220281,True,0.3218744386442762,1.0025450528373872,0.9981473242707268,0.999857084735078,1.914938208983513,1.0153251236493974,1.2972600111466286,1.0010799794032903,0.4119808232763908,1.0161735844698865,0.2777926553448326,1.00032174869808,1.2108256954217995,1.0012216194508403,1265.9153436809866,0.9953647655171898,0.9993698965710086,1.000778501050049,0.9995567984692328,0.9992390642091734,1.0002835259072114,1.8138420703071392,1.8312013497770057,0.9993698965710086,1.8138420703071392
28,87,uniform,6.082762530298219,load,load,0.9102420456433872,0.5950822170343085,0.881455540363661,0.0305117793370547,True,0.3218744386442753,0.7137373614300615,0.6759887303221598,0.854518473301477,1.929713440898117,1.023159143619476,1.2921071515074922,0.9971035794702844,0.4254845111721463,1.0494811807396929,0.2768319919767096,0.9968624331192784,1.205983834336884,0.9972179251000144,1260.8344474106552,0.9913697549898428,0.5950822170343085,0.9102420456433872,0.881455540363661,0.8071162103718595,0.9497810638806157,1.8664199069075176,1.8842823797779598,0.5950822170343085,1.8664199069075176
22,58,uniform,6.708203932499369,wind,sync,0.8870231376011858,0.7278854150094024,0.8563286324349335,0.3277004851758069,True,0.3733361578060237,0.9817683291493958,0.9492434121325948,0.8838188731189093,1.940830767841172,1.0290536948379718,1.2921758946354285,0.9971566277169788,0.4186572249548724,1.0326413000568126,0.2774977698509968,0.9992598762288694,1.2043837385092968,0.9958948192708011,1249.8876027439208,0.9827624626229032,0.7278854150094024,0.8870231376011858,0.8563286324349335,0.7954414290895151,0.9806341503667181,1.8487267653116608,1.8664199069075176,0.7278854150094024,1.8487267653116608
52,68,uniform,6.082762530298219,load,load,0.9276275596961312,0.6941155289641247,0.9288420624735526,0.217579246988405,True,0.3218744386442771,0.8711837898200967,0.8423224183244095,0.9144846359040124,1.946588204392092,1.032106362517035,1.2999087153739384,1.0031239526627271,0.4202115256669964,1.0364750690983475,0.2781120420415378,1.0014718491518244,1.2124882433663586,1.0025963664121575,1259.6808638248017,0.9904627145142144,0.6941155289641247,0.9276275596961311,0.9288420624735526,0.8580398812383946,0.9942590556687465,1.8664199069075176,1.8664199069075176,0.6941155289641247,1.8664199069075176
2,59,uniform,8.602325267042627,load,load,0.8899392231513978,0.7525505384683883,0.8549430454225809,0.364557702239315,True,0.3218744386442643,1.01442865339018,0.9808217353512096,0.8906321836457181,1.937119321090012,1.0270858375390464,1.2914857885735125,0.9966240811524408,0.4155387874111921,1.0249495006388063,0.277164794315463,0.9980608428362644,1.2035006441873406,0.9951645959773084,1248.704589123303,0.981832281879801,0.7525505384683883,0.8899392231513978,0.8549430454225809,0.799975430118964,0.9804178115603066,1.8487267653116608,1.8487267653116621,0.7525505384683883,1.8487267653116608
39,77,uniform,4.47213595499958,city,load,0.9432472708728984,0.705803284434952,0.9441583722975708,0.0428737118179864,True,0.3218744386442752,0.8886981691045963,0.8592565652710799,0.9286481437804384,1.904774702913682,1.009936300653098,1.2970795293789847,1.000940703789548,0.4100471542362761,1.0114040823749948,0.278013285241668,1.0011162293294829,1.2100525150877135,1.0005822831127131,1266.566440732086,0.9958767105432388,0.705803284434952,0.9432472708728984,0.9441583722975709,0.8728730449691393,0.9360774334483197,1.8664199069075176,1.8664199069075176,0.705803284434952,1.8664199069075176
55,82,uniform,4.242640687119285,load,load,1.0158888455545505,0.982579664663169,0.9983824690375676,0.0364398174457964,True,0.3218744386442756,1.0457794086243504,1.01113387416017,1.005882751437991,1.8472011981005512,0.9794100802147108,1.296372932808708,1.0003954316976458,0.3979586933388034,0.9815872221065552,0.277628222240929,0.99972963077532,1.209417238239913,1.0000569780116078,1265.8657616543364,0.9953257801280192,0.982579664663169,1.0158888455545503,0.9983824690375676,0.9925023008320263,1.0069648252765497,1.8138420703071392,1.8312013497770057,0.982579664663169,1.8138420703071392
47,67,uniform,2.0,load,load,0.9397100273171785,0.7031564725155672,0.9283260767606124,0.0123664350681013,True,0.3218744386442755,0.8874141460844296,0.8580150805371244,0.9133011891373884,1.9041912660141187,1.009626954826997,1.2938392029735204,0.9984401827965552,0.4115939481824534,1.015219335561352,0.2774373717267359,0.9990423846713488,1.2075532192566016,0.998515636336902,1267.557240082746,0.9966557569212346,0.7031564725155672,0.9397100273171783,0.9283260767606125,0.860122468467844,0.9508619765512325,1.8664199069075176,1.8664199069075176,0.7031564725155672,1.8664199069075176
31,64,uniform,4.242640687119285,load,load,0.9730402410827206,0.9160241492816894,0.9159163907191644,0.1810731757599978,True,0.3218744386442779,1.0341529832448917,0.9998926196091452,0.9333530440598156,1.890889402237362,1.002574133790504,1.2968348045273823,1.000751852559034,0.4110547944451496,1.0138894829204954,0.2777883651235265,1.000306299759468,1.2091327104261314,0.9998217043470576,1257.794370051677,0.988979400924954,0.9160241492816894,0.9730402410827206,0.9159163907191645,0.8870714035615462,1.0032826884367076,1.8312013497770037,1.8312013497770057,0.9160241492816894,1.8312013497770037
2,28,uniform,6.324555320336759,load,load,0.9746874976143896,0.9175748834644728,0.9403133761065688,0.3532708264319143,True,0.3701953928674336,1.058658331344604,1.02358613217725,0.966003997307473,1.9637323879359847,1.0411964314262616,1.289905337884541,0.9954044663261388,0.427856811217289,1.0553325905726534,0.2764585075948234,0.9955175287713356,1.204291122016762,0.9958182354693556,1252.1125743727962,0.984511914807611,0.9175748834644727,0.9746874976143896,0.9403133761065687,0.9133741739975727,1.0086525406684532,1.8312013497770037,1.8312013497770057,0.9175748834644727,1.8312013497770037
6,59,uniform,5.830951894845301,load,load,0.9450573525495216,0.8442242939171973,0.9228701197409984,0.0225731061301033,True,0.3218744386442765,1.0992154974615829,1.0627996834889577,0.9676930966600124,1.8873049016339083,1.0006735849887989,1.2974944438316809,1.0012608882924157,0.4104349773484109,1.0123606696230716,0.2783782285661799,1.0024303776250822,1.208109156017787,0.9989753357853453,1261.40131367725,0.9918154709781554,0.8442242939171973,0.9450573525495217,0.9228701197409985,0.896336578363513,1.002362098887299,1.8312013497770037,1.8487267653116621,0.8442242939171973,1.8312013497770037
59,70,uniform,9.219544457292889,load,wind,1.0293885022026497,0.9000716758226018,0.998808614112743,0.3769242778375054,True,0.3218744386442759,1.1924673363580116,1.1529621903793332,1.0422752866149103,1.842510074387764,0.9769227854595088,1.2938908817123411,0.998480062658996,0.3968706985151145,0.9789036224402402,0.2738027551395055,0.9859542559882052,1.2069564429290618,0.9980221669933222,1255.1176698626368,0.9868747633049714,0.9000716758226018,1.0293885022026497,0.998808614112743,0.9580563563406641,1.017423345532836,1.8312013497770037,1.8487267653116621,0.9000716758226018,1.8312013497770037
14,86,uniform,7.280109889280518,load,load,0.8400388904202416,0.4612390093872563,0.7802191768043855,0.1134536511960988,True,0.3218744386442773,0.868002382546082,0.4530653545941496,0.7980734701220078,1.801323383333143,0.9550850666278708,1.2988508364310412,1.0023076001803666,0.3957898331585621,0.9762376080006304,0.2779102601209645,1.0007452394313732,1.2108607788424468,1.0012506296373345,1254.192611869596,0.9861474080857388,0.46123900938725637,0.8400388904202416,0.7802191768043855,0.693949881980903,0.911760648062998,1.9023158044989832,1.9023158044989843,0.45796640850535264,1.8842823797779598
16,67,uniform,5.0990195135927845,sync,load,0.8709972603306567,0.54141448094681,0.840365832970106,0.0333267718415235,True,0.3218744386442752,0.8196315119358819,0.5539633147879003,0.8302971129757962,1.88460570549269,0.9992424361177912,1.2981702711864036,1.0017824161500024,0.4103098213307685,1.0120519653536488,0.2782328848037306,1.0019069997609873,1.209822779279538,1.0003923164983797,1258.914102131142,0.9898598246154336,0.54141448094681,0.8709972603306567,0.840365832970106,0.7545523457478662,0.9095329921352767,1.8842823797779598,1.9023158044989843,0.54141448094681,1.8842823797779598
35,54,uniform,2.23606797749979,load,load,0.996344023628024,0.9928795228508096,0.9740433982865248,0.0505329907271601,True,0.3218744386442753,0.9987345999932704,0.9849233706482317,0.9704330976366322,1.8521209099376663,0.9820185753640084,1.2989301984773864,1.0023688429189372,0.4030684560052546,0.9941907355498852,0.2781699512251937,1.0016803781202686,1.2110840139050931,1.0014352208396735,1264.568790455956,0.9943059967442388,0.9928795228508095,0.9963440236280241,0.9740433982865249,0.9724464095162778,0.9999222351597062,1.8138420703071392,1.8312013497770057,0.9928795228508095,1.8138420703071392
45,83,uniform,4.47213595499958,load,wind,0.9940326160180388,0.98897123260329,0.9527045326693202,0.0549711107143594,True,0.3218744386442754,0.9985800759562766,0.9743367747982904,0.9466280015415772,1.7770743476197697,0.9422279127685156,1.2995593720253384,1.0028543685938311,0.3888149154643912,0.9590335860796564,0.2784174532003041,1.002571624176581,1.2122660937012977,1.002412672715985,1256.1636230273798,0.987697176060898,0.9889712326032899,0.9940326160180388,0.9527045326693202,0.9450533628665521,1.000307157084616,1.8138420703071392,1.8312013497770057,0.9889712326032899,1.8138420703071392
58,63,uniform,5.0990195135927845,sync,load,1.0117459112759912,0.855552728227609,1.0008753347159545,0.1139088022697653,True,0.321874438644277,1.1569546364699574,1.118625987616525,1.033557426597664,1.8837351474552475,0.9987808549331534,1.2990342906873478,1.0024491696279303,0.413108313077159,1.0189546006909525,0.2777847770715905,1.0002933793084845,1.212245843673803,1.0023959281379675,1264.294967973036,0.9940906954187076,0.855552728227609,1.0117459112759912,1.0008753347159545,0.949085219329077,1.003893538677684,1.8487267653116608,1.8487267653116621,0.855552728227609,1.8487267653116608
43,94,uniform,5.0990195135927845,load,load,0.9440414916907488,0.7983005068510308,0.895291785512786,0.1216623296509923,True,0.3218744386442768,1.0875081424060185,1.0514801803739813,0.9409943679899476,1.870954212264992,0.9920042370028604,1.2953299584360298,0.9995905808932216,0.4022188617392981,0.9920951641013984,0.2784494729072175,1.002686926034266,1.2076336878525753,0.9985821751444944,1261.0943588462146,0.991574118327725,0.7983005068510308,0.9440414916907489,0.895291785512786,0.8540328572378861,0.9946221035997348,1.8487267653116608,1.8487267653116621,0.7983005068510308,1.8487267653116608
36,75,uniform,4.123105625617661,load,load,0.9843742490957748,0.9266940317898964,0.9388580429190648,0.0509713245974762,True,0.3218744386442753,1.0325156498715016,0.9983095293097244,0.9506347222656764,1.862086712594074,0.9873025734412904,1.2990789046574425,1.0024835976931448,0.4087414904951075,1.0081835902330936,0.2784621985636555,1.0027327506831774,1.2116715723133296,1.001921067963038,1260.9615594096315,0.9914697006976558,0.9266940317898963,0.9843742490957749,0.9388580429190647,0.9276711767744918,1.0005693466620893,1.8312013497770037,1.8312013497770057,0.9266940317898963,1.8312013497770037
30,58,uniform,8.246211251235321,wind,sync,0.9411754280703736,0.7958769057053701,0.8964624025971702,0.4800759405133321,True,0.3772298445067567,1.0793634135650811,1.0436052775416964,0.9429727273757148,1.958144635974452,1.0382337327215982,1.288305544592708,0.99416992504538,0.4232725282205991,1.0440252019230476,0.2710743727411921,0.9761294452911404,1.2007482485707124,0.9928886631101173,1244.655545807332,0.9786485973855032,0.7958769057053701,0.9411754280703735,0.8964624025971702,0.8385344066234712,0.9918808848587347,1.8487267653116608,1.8487267653116621,0.7958769057053701,1.8487267653116608
9,45,uniform,5.656854249492381,city,load,1.0000012282801385,0.9999867883109758,0.9979467737769404,0.0919943141890673,True,0.3218744386442762,1.0016435375461206,0.9985472394102206,0.9977832957124214,1.9113231072741173,1.0134083497436503,1.2978586659170877,1.001541954103914,0.4177065457933431,1.0302963970985408,0.2779248342861195,1.0007977204962726,1.21134803762522,1.001653539841028,1268.7870639941218,0.9976227436911514,0.9999867883109758,1.0000012282801385,0.9979467737769405,0.996922386630703,1.0000912313614987,1.8138420703071392,1.8312013497770057,0.9999867883109758,1.8138420703071392
82,84,uniform,2.0,load,load,1.0016051641429593,0.9429152872231548,0.9952819822010568,0.0263861079290455,True,0.3218744386442763,1.1241298323937026,1.086888633600508,1.028017599471038,1.8588871690049695,0.9856061338512352,1.296029007841667,1.0001300289287611,0.3983898114623744,0.9826505989052008,0.2778959098578645,1.000693564630034,1.209473769502007,1.000103723238437,1269.088486045148,0.997859746023605,0.9429152872231547,1.0016051641429593,0.9952819822010569,0.9756203333848064,0.9888373823727117,1.8312013497770037,1.8312013497770057,0.9429152872231547,1.8312013497770037
4,55,uniform,5.0990195135927845,wind,load,0.9745095734387632,0.9174073849019944,0.9169062158045792,0.0690713946591349,True,0.3218744386442768,1.0266762536640184,0.9926635859479254,0.9293302405985848,1.798996722740895,0.953851440946148,1.300947191978758,1.0039253325936826,0.3871985698976823,0.9550467799579484,0.2786744877464824,1.0034971966917712,1.2133481122020893,1.0033073847457463,1261.855970758373,0.9921729590528529,0.9174073849019945,0.9745095734387631,0.9169062158045791,0.8995227604440116,1.0058868608283857,1.8312013497770037,1.8312013497770057,0.9174073849019945,1.8312013497770037
26,79,uniform,5.830951894845301,load,load,0.9176231769210066,0.7224504005155997,0.8965711931965777,0.0130816111478502,True,0.3218744386442763,0.9631177427046762,0.931210699333234,0.9078575271849028,1.9186386311586847,1.017287135574866,1.2923184101770742,0.9972666052498323,0.42161951215492,1.0399479459787324,0.2767864510479945,0.99669844180931,1.2048133595037502,0.9962500692704032,1259.6425157732292,0.990432562182503,0.7224504005155997,0.9176231769210066,0.8965711931965777,0.8491157628307241,0.9850979673732618,1.8487267653116608,1.8664199069075176,0.7224504005155997,1.8487267653116608
35,63,uniform,3.605551275463989,load,load,1.0129617250866365,1.0046331147766452,0.9798889646853944,0.0721627881795211,True,0.3218744386442755,1.027412300487769,0.9984916845534452,0.97689563339244,1.815311072990824,0.9625015214589608,1.299941600719288,1.003149329889006,0.3964221095792978,0.977797152912758,0.2784119258769343,1.0025517204762042,1.21231652998665,1.0024543780576294,1262.8741801170904,0.9929735573903692,1.0046331147766452,1.0129617250866365,0.9798889646853945,0.9732597099055482,1.003330450041744,1.8138420703071392,1.8312013497770057,1.0046331147766452,1.8138420703071392
20,87,uniform,9.219544457292889,wind,load,0.8190658912617205,0.5319025398402968,0.7883951901523468,0.3806502810423203,True,0.3218744386442295,0.737443048651867,0.5310807930138207,0.7701153887040189,1.925983621241396,1.0211815447672603,1.2884564954258275,0.994286411991414,0.4167934394189772,1.028044169506823,0.2730366283752131,0.9831954599947328,1.2012724949494258,0.9933221580468958,1250.2900471123362,0.9830788968508324,0.5319025398402968,0.8190658912617205,0.7883951901523468,0.6952055027967804,0.8967509483615299,1.8842823797779598,1.8842823797779598,0.5319025398402968,1.8842823797779598
3,8,uniform,5.0,load,load,0.9972762510980452,0.9612301290201885,0.9796178898759904,0.2592911366432213,True,0.3218744386442463,1.0251159946516046,0.9911550166197242,0.9885080124173468,1.949216289656358,1.0334998074769737,1.2930050404585045,0.99779646959629,0.4223917865721104,1.0418528037254349,0.2770725862150011,0.9977288046541044,1.206616750169387,0.997741277897358,1259.160131266748,0.9900532725691972,0.9612301290201883,0.9972762510980452,0.9796178898759904,0.9690074402023477,1.0105755693339507,1.8138420703071392,1.8312013497770057,0.9612301290201883,1.8138420703071392
13,34,uniform,2.23606797749979,load,load,0.9989651026125778,0.9968461760156296,0.994042450618114,0.0119839913726971,True,0.3218744386442763,0.9997668268985216,0.9944300679491505,0.9935687736836072,1.871858302236636,0.9924835972547698,1.2968357541323836,1.0007525853578154,0.4023399635458511,0.992393868433974,0.2781446107855984,1.0015891280732965,1.2100319526292265,1.0005652801881268,1269.513861738092,0.9981942107087656,0.9968461760156297,0.9989651026125778,0.9940424506181139,0.9932310420695463,1.000457847444757,1.8138420703071392,1.8312013497770057,0.9968461760156297,1.8138420703071392
11,84,uniform,7.615773105863909,load,load,0.9118861077144018,0.8092437036626536,0.8281006353883456,0.3178307539467014,True,0.3218744386442719,1.0611478546094142,1.0259931802437927,0.873808538430669,1.8435708439036875,0.9774852192418972,1.286629107602474,0.992876238742531,0.3945868739714058,0.9732704423460208,0.2762857683093443,0.9948955005758648,1.1997958072764388,0.9921010973864214,1241.1440079174422,0.975887543018146,0.8092437036626536,0.9118861077144018,0.8281006353883456,0.7664803485587978,0.9740019728050835,1.8312013497770037,1.8487267653116621,0.8092437036626536,1.8312013497770037
4,20,uniform,4.47213595499958,wind,wind,1.0030535502415368,0.9895559664371942,0.9927047998857896,0.2743667237532301,True,0.3218744386442773,1.012420980262776,0.9788805742510598,0.9957268526900126,1.9511573297279303,1.0345289721473698,1.2954854207994595,0.9997105493330432,0.4328581841770599,1.067668754783849,0.2741523823767262,0.9872132515829408,1.2089949274109923,0.9997077727266171,1263.9157763224853,0.993792544353377,0.9895559664371942,1.0030535502415368,0.9927047998857897,0.9848810371608002,1.003721862219603,1.8138420703071392,1.8312013497770057,0.9895559664371942,1.8138420703071392
29,38,uniform,1.4142135623730951,load,load,1.0011325642089042,0.994197812889233,0.9981189270803876,0.0108599135274922,True,0.3218744386442761,1.0054727447674177,0.9913387366019922,0.9995911673030188,1.877482568791476,0.9954656564713236,1.2959608027034328,1.000077395842262,0.4053380630276034,0.999788847337945,0.277736894557992,1.0001209560322986,1.2094473246963937,1.000081856250313,1271.5639530653375,0.9998061578926104,0.994197812889233,1.0011325642089042,0.9981189270803876,0.9971101058406874,1.0017340142329847,1.8138420703071392,1.8312013497770057,0.994197812889233,1.8138420703071392
5,54,uniform,5.0990195135927845,load,load,0.9905719015424854,0.9724100337210728,0.9526885853110232,0.0383714806398085,True,0.3218744386442756,0.9996222814000036,0.9665058823623108,0.9504405332448576,1.8266940673016807,0.9685369329682992,1.3002062165577777,1.0033535307553465,0.3926449271609149,0.9684805226707,0.2787348005359113,1.003714380961512,1.2120050270152158,1.002196798861299,1263.2443549374668,0.993264618696422,0.9724100337210728,0.9905719015424854,0.9526885853110233,0.9467579211332885,1.0021934908584393,1.8138420703071392,1.8312013497770057,0.9724100337210728,1.8138420703071392
27,68,uniform,4.123105625617661,load,load,0.9545294992265092,0.8071693773459704,0.9302618195665636,0.0068251863556758,True,0.3218744386442758,1.098320575881319,1.0619344096873709,0.9745614338125326,1.8766652156158996,0.995032285195862,1.293253256601754,0.9979880150146618,0.4045905931519025,0.997945171370618,0.2771476739711692,0.9979991930683072,1.205718252227841,0.996998317479926,1262.5546837691477,0.9927223435876128,0.8071693773459704,0.9545294992265091,0.9302618195665636,0.8966875894215612,0.9977446366453347,1.8487267653116608,1.8487267653116621,0.8071693773459704,1.8487267653116608
27,86,uniform,6.082762530298219,load,load,0.912123048019776,0.6077162853127025,0.8730137340238067,0.0368143289445049,True,0.3218744386442753,0.7134197987363115,0.689784976688074,0.8428348167580594,1.9274523756777933,1.0219602974563808,1.295991860384221,1.0001013626817363,0.4211307846054282,1.038742472331084,0.2780237311702201,1.001153844757087,1.2088071611269098,0.999552510360004,1260.217672562011,0.9908847968481614,0.6077162853127025,0.912123048019776,0.8730137340238067,0.7977081341587792,0.9454545447695945,1.8664199069075176,1.8842823797779598,0.6077162853127025,1.8664199069075176
70,77,uniform,7.0,wind,load,1.0151723447790535,0.6748865389019607,0.9857816664138032,0.3512970408790786,True,0.3218744386442763,0.834059049976339,0.787683336940435,0.9608873585215814,1.8600486703183825,0.9862219769416948,1.2938730320264935,0.9984662882706796,0.3976746440510517,0.9808865987605332,0.2741595697710438,0.9872391331414128,1.2075759322524462,0.9985344175228053,1261.6708817021224,0.9920274271055596,0.6748865389019607,1.0151723447790537,0.9857816664138033,0.8849133768293387,0.9892006380254516,1.8664199069075176,1.8842823797779598,0.6748865389019607,1.8664199069075176
12,15,uniform,3.0,load,load,0.9991201763255152,0.9692769699418448,0.9822559433593158,0.2089141228138791,True,0.3218744386442664,1.021043789823425,0.9872177195087516,0.989484736081804,1.9817880783748396,1.050769793136526,1.2932600418832505,0.9979932511349476,0.4312866152950489,1.0637923928421111,0.2772979048223322,0.9985401691699152,1.2065009729325822,0.9976455426705888,1261.3177356193617,0.9917497551667406,0.9692769699418448,0.9991201763255151,0.9822559433593158,0.9703178153171494,1.007156454155293,1.8138420703071392,1.8312013497770057,0.9692769699418448,1.8138420703071392
2,46,uniform,5.656854249492381,load,load,0.9762018168188512,0.9190004698918792,0.9425233349382744,0.2718258808656038,True,0.3218744386442678,1.060414484311095,1.0252841057058757,0.967884193925738,1.9588500906129087,1.038607773938521,1.2929418466323737,0.9977477036791896,0.4201980756910822,1.036441893985664,0.2773748709223836,0.9988173214355082,1.2066339386803997,0.9977554909330552,1255.7362691371377,0.987361155957439,0.9190004698918792,0.9762018168188512,0.9425233349382744,0.9171662329347057,1.0054877102720101,1.8312013497770037,1.8312013497770057,0.9190004698918792,1.8312013497770037
11,28,uniform,7.071067811865476,load,load,0.9689098414324184,0.912135773789992,0.9325795745056592,0.4625021387813985,True,0.4309741494312453,1.0662713278115374,1.0309469183507929,0.9626355848423686,1.916277913014212,1.0160354521363644,1.2885106565429698,0.994328207475409,0.4113632886976875,1.0146504011299808,0.2761834163164199,0.994526934587618,1.2029537804673107,0.9947123989505542,1247.3924649098904,0.9808005839731972,0.9121357737899919,0.9689098414324183,0.9325795745056591,0.8980516648942958,1.0039030068435824,1.8312013497770037,1.8312013497770057,0.9121357737899919,1.8312013497770037
26,76,uniform,5.0,load,load,0.9241086733564288,0.6958078149644094,0.8852355281016174,0.0280862118879281,True,0.3218744386442753,0.925250639874512,0.8945980924372428,0.8845425564220015,1.8973090771577383,1.005977928859056,1.2963811442462476,1.000401768365432,0.4134882181965628,1.0198916577701456,0.2780913266683864,1.00139725380923,1.2085916277034632,0.9993742875785706,1260.4763644579707,0.991088201285629,0.6958078149644094,0.9241086733564288,0.8852355281016174,0.8308553312535726,0.9699864372804874,1.8487267653116608,1.8664199069075176,0.6958078149644094,1.8487267653116608
73,91,uniform,2.8284271247461903,sync,load,1.0087506942463764,0.9875715658789136,1.0037566316582127,0.0289407746030915,True,0.3218744386442763,1.028668659765647,0.99458998580226,1.0092848220948605,1.8363818089941344,0.9736734995089996,1.2946510943182856,0.999066709602062,0.3929217740329445,0.9691633808582786,0.2768237398257316,0.996832717408881,1.208204361195966,0.999054060149254,1265.3385653315936,0.9949112558497664,0.9875715658789137,1.0087506942463764,1.0037566316582127,0.9960232682317469,1.0031359088700105,1.8138420703071392,1.8312013497770057,0.9875715658789137,1.8138420703071392
86,94,uniform,2.23606797749979,load,load,1.0101197691084598,0.8541776296456313,0.9972413640403994,0.0209568442979535,True,0.3218744386442763,1.16070403531041,1.1222511729510738,1.0370466830364913,1.8958950824341636,1.0052282104812942,1.296121897055718,1.0002017104202816,0.4101019488794717,1.0115392364060565,0.2780650415742835,1.0013026020940323,1.2096249350665045,1.000228720776781,1268.8307541569975,0.9976570964217216,0.8541776296456313,1.0101197691084598,0.9972413640403994,0.9535612221268492,0.995714163037821,1.8487267653116608,1.8487267653116621,0.8541776296456313,1.8487267653116608
13,45,uniform,3.605551275463989,load,load,0.9974747049862438,0.9663599901077442,0.9797301854651114,0.0856329631400377,True,0.3218744386442768,1.01785202032912,0.9841316898665652,0.9859439534063936,1.8878276260426632,1.000950740263295,1.295004297652247,0.9993392723753292,0.4101593660384647,1.0116808590180022,0.2773792694646155,0.9988331604340293,1.2089520594420538,0.9996723255623842,1263.9348796860186,0.9938075649588692,0.9663599901077442,0.9974747049862438,0.9797301854651114,0.9727752545807401,1.0077543895103305,1.8138420703071392,1.8312013497770057,0.9663599901077442,1.8138420703071392
7,89,uniform,8.246211251235321,load,load,0.8906114334145236,0.6664174859234702,0.869182554187399,0.010545225613587,True,0.3218744386442762,0.8317408420334474,0.8041861725015222,0.8531856863971634,1.944911015782211,1.0312170953204631,1.2929584595733652,0.9977605236863452,0.4362391574933396,1.0760081132677657,0.2772364431248911,0.99831884772214,1.204570767572438,0.9960494720355968,1255.573413221397,0.9872331054987782,0.6664174859234702,0.8906114334145236,0.869182554187399,0.8130673329281208,0.9578220682741185,1.8664199069075176,1.8664199069075176,0.6664174859234702,1.8664199069075176
20,73,uniform,5.830951894845301,wind,sync,0.9937985772947148,0.9855444517660154,0.9304351656189058,0.2381982621661701,True,0.3218744386442246,0.9885258407686291,0.9655080776002476,0.9193827572842466,1.8468900170693985,0.9792450879880946,1.294076168528714,0.9986230462711664,0.3990683703264289,0.9843243020345755,0.2739024182653297,0.9863131394589773,1.2064928609653278,0.9976388349528535,1251.959625801403,0.9843916543023088,0.9855444517660154,0.9937985772947148,0.9304351656189058,0.8923771410330027,1.0002561503531051,1.8138420703071392,1.8312013497770057,0.9855444517660154,1.8138420703071392
24,75,uniform,5.0990195135927845,load,load,0.9171785384453472,0.8544576157908247,0.8785970162747196,0.0653629736228026,True,0.3218744386442768,1.0731204198876452,1.0375691074551896,0.917777881092468,1.8019660745056651,0.9554258298395236,1.3008057995226587,1.0038162217324649,0.3919078191270367,0.966662404761787,0.2784560301640849,1.002710538489563,1.2130103008413682,1.0030280513628087,1255.7830594734614,0.9873979462944676,0.8544576157908247,0.9171785384453472,0.8785970162747196,0.8467680546864801,0.9711395255242118,1.8312013497770037,1.8487267653116621,0.8544576157908247,1.8312013497770037
7,95,uniform,9.219544457292889,load,city,0.9264200628203016,0.6932119957261046,0.8688844367142076,0.0162627114802634,True,0.3218744386442756,0.9155739538247532,0.8852419844723757,0.8638576267319548,1.898567603698997,1.006645215986194,1.300226795929454,1.003369411609452,0.4041722468502191,0.9969132969800808,0.2786526951649903,1.0034187223591804,1.2121332657460455,1.002302838393036,1258.0361911593138,0.989169540187663,0.6932119957261046,0.9264200628203015,0.8688844367142076,0.807399805806417,0.9528306932431418,1.8664199069075176,1.8664199069075176,0.6932119957261046,1.8664199069075176
30,65,uniform,5.830951894845301,wind,load,0.928831320003928,0.8744056862294304,0.896461982358017,0.3888671551317102,True,0.3145680004943982,1.0814511808331717,1.0456238793507586,0.9368024915684496,1.9185239385094184,1.0172263240417565,1.289383946423811,0.99500211479423,0.4165799238115175,1.0275175214011003,0.2709986493189772,0.975856767865478,1.2020515639304228,0.9939663636578,1248.403740110335,0.9815957301160958,0.8744056862294304,0.9288313200039279,0.896461982358017,0.8512077388192446,0.9592018145035154,1.8312013497770037,1.8312013497770057,0.8744056862294304,1.8312013497770037
16,89,uniform,7.615773105863909,sync,load,0.8725526124371724,0.6257177306646667,0.8551540462959795,0.0157396332563746,True,0.321874438644276,0.7437370580968736,0.7190978582177345,0.8283046123271038,1.9792027858961088,1.0493990374675846,1.2938282186825805,0.998431706351083,0.4437641234901751,1.0945688598802077,0.2773128936820696,0.9985941435356696,1.205355244363536,0.99669814931935,1254.9360526164064,0.9867319611747892,0.6257177306646667,0.8725526124371724,0.8551540462959795,0.7938632992305177,0.9523724610994163,1.8664199069075176,1.8842823797779598,0.6257177306646667,1.8664199069075176
20,49,uniform,9.219544457292889,wind,hvdc,0.9379531977296626,0.8633572793778571,0.9089704676440188,0.4085342998280588,True,0.3446665577029787,1.0997143648131833,1.0632820239077458,0.9551280260830004,1.9673055534724249,1.043090970228133,1.2891044075738731,0.994786398019078,0.4250104096329504,1.0483117829588542,0.2732641047140555,0.9840145944271238,1.201623436516102,0.9936123486870918,1242.4811029525483,0.9769388749991794,0.8633572793778571,0.9379531977296626,0.9089704676440189,0.8645531501853986,0.9956857566259971,1.8312013497770037,1.8487267653116621,0.8633572793778571,1.8312013497770037
64,88,uniform,4.47213595499958,load,load,0.9715007458019352,0.649417253078501,0.9601849400697626,0.1194501524846542,True,0.3218744386442766,0.7912486687658964,0.7650354608968241,0.93829822386243,1.8858260206041584,0.9998894630482842,1.300018484816897,1.00320866042428,0.4075290884118112,1.00519313315064,0.2776570911282301,0.9998335866405038,1.2136354430366103,1.0035449762046535,1261.905073097273,0.9922115672728178,0.649417253078501,0.9715007458019351,0.9601849400697626,0.873602524440058,1.0020517582705801,1.8664199069075176,1.8842823797779598,0.649417253078501,1.8664199069075176
7,52,uniform,7.071067811865476,load,load,1.0116070020825192,0.9967577417739574,0.9933184157240204,0.224752029452937,True,0.3218744386442767,1.031682692100198,0.9975041665234962,0.995835821443319,1.956679909390696,1.0374571156522914,1.3000579752058328,1.0032391346834129,0.4193564488561901,1.034365974648456,0.2782173486449905,1.001851054590444,1.21327420763474,1.0032462736784096,1264.1065932572835,0.9939425800208572,0.9967577417739574,1.0116070020825192,0.9933184157240204,0.9895832271786157,1.0069154827124616,1.8138420703071392,1.8312013497770057,0.9967577417739574,1.8138420703071392
37,59,uniform,2.8284271247461903,load,load,0.9825708477357302,0.9249963022131522,0.9692597456969568,0.0040962243846141,True,0.3218744386442762,1.0799164175925264,1.0441399611471351,0.9971286224791764,1.8746706825676436,0.9939747578540692,1.2953112885245772,0.9995761735466512,0.4050646870701044,0.9991145503538514,0.2775003732482571,0.9992692509724052,1.2080450222611174,0.9989223041194688,1264.2193297337235,0.994031222533168,0.9249963022131522,0.9825708477357302,0.9692597456969567,0.955234306805205,1.000239841512361,1.8312013497770037,1.8312013497770057,0.9249963022131522,1.8312013497770037
57,65,uniform,2.23606797749979,load,load,1.013799456372412,0.9779373272507323,1.000208303945772,0.0318033992557371,True,0.3218744386442762,1.0456983460807738,1.011055497130502,1.008878349119845,1.897255747830068,1.0059496529564933,1.2958193968554512,0.9999682746466892,0.4101457361563718,1.0116472401567356,0.277634978741771,0.9997539607012822,1.2092815613945351,0.9999447879652908,1268.894179287979,0.9977069663762508,0.9779373272507325,1.013799456372412,1.0002083039457719,0.9944300079588051,1.0094912810495797,1.8138420703071392,1.8312013497770057,0.9779373272507325,1.8138420703071392
22,69,uniform,8.06225774829855,wind,load,0.863148018406743,0.6458674465935353,0.8283143323729406,0.3890491213486891,True,0.3515656325517138,0.8013004704751729,0.7747542573473684,0.8154682033123543,1.9363700470173384,1.0266885626886542,1.29156439036452,0.9966847372110929,0.4134187305187482,1.019720262553058,0.2774698628020484,0.9991593839103436,1.2037660735824534,0.9953840773195276,1248.5593520322184,0.9817180847624078,0.6458674465935353,0.863148018406743,0.8283143323729406,0.758424185681074,0.9703881665504842,1.8664199069075176,1.8664199069075176,0.6458674465935353,1.8664199069075176
9,86,uniform,8.54400374531753,city,load,0.8947863857714564,0.5810755352944834,0.8486925714633322,0.0761228112117707,True,0.3218744386442752,0.7206597118646602,0.6370059952423112,0.8192619769851855,1.89890546662902,1.0068243553023313,1.298324012998884,1.0019010568613085,0.4167392940346106,1.027910616908727,0.2783809713078934,1.002440254143177,1.2102086826451035,1.0007114167570574,1258.8045308173612,0.9897736708093412,0.5810755352944834,0.8947863857714564,0.8486925714633322,0.7679109760288838,0.9183062290007512,1.8842823797779598,1.8842823797779598,0.5810755352944834,1.8842823797779598
2,88,uniform,10.0,load,load,0.8108934911814898,0.4651152862696093,0.7522077224704604,0.3940067711391967,True,0.3218744386442671,0.7855113925427336,0.4557268153785896,0.7566057966630143,1.895106197836866,1.0048099336159946,1.2887266207646235,0.9944948644730094,0.4086430851480145,1.0079408679784718,0.276654810711359,0.9962244095078476,1.200319935812879,0.992534494880412,1242.7824439200726,0.9771758135772428,0.46511528626960935,0.8108934911814898,0.7522077224704604,0.6671708382459642,0.923956950119564,1.8842823797779598,1.9023158044989843,0.46511528626960935,1.8842823797779598
19,70,uniform,10.816653826391969,load,wind,1.0262690252695728,0.9970812233061266,0.9883099609892096,0.4537612877015173,True,0.3218744386442753,1.0632825293141273,1.0280571354971164,0.9933384501086672,1.8766318964712805,0.9950146189523916,1.301559400680739,1.004397766700572,0.4049327916255832,0.9987892229136844,0.2758430185088267,0.9933011738499122,1.2144743229990091,1.004238639014795,1258.6834138992986,0.98967843891777,0.9970812233061266,1.0262690252695728,0.9883099609892095,0.9789078077467257,1.0108475774992187,1.8138420703071392,1.8312013497770057,0.9970812233061266,1.8138420703071392
1,21,uniform,2.0,load,load,0.9993530844269872,0.9988660484626593,0.996630460501762,0.016401483540538,True,0.321874438644276,0.999683192194672,0.9981201920073024,0.996235497689918,1.9284791418400855,1.0225047022187894,1.295008755115529,0.9993427121462408,0.4260754892227106,1.0509388609278358,0.2774379160404572,0.9990443447262424,1.208476548753817,0.9992791297596004,1266.8263084114649,0.996081039476482,0.9988660484626591,0.9993530844269871,0.9966304605017621,0.9959388023895402,1.00002075387114,1.8138420703071392,1.8312013497770057,0.9988660484626591,1.8138420703071392
78,96,uniform,2.8284271247461903,load,sync,1.0121159865175722,0.8108050316913321,1.0020381489297143,0.0272280504772891,True,0.3218744386442762,1.0847985025812883,1.0488603079697598,1.0162370802827518,1.9214945400419168,1.0188013755782228,1.2972718451545366,1.0010891115651477,0.4249728305677462,1.0482190921071637,0.2775226067001155,0.9993493128639444,1.2109267756040218,1.001305201806353,1266.1862188582422,0.9955777494332464,0.8108050316913321,1.0121159865175722,1.0020381489297143,0.9289994329354366,0.9681615009119804,1.8487267653116608,1.8664199069075176,0.8108050316913321,1.8487267653116608
40,63,uniform,3.605551275463989,wind,load,0.9944200027683155,0.9768159737019184,0.9646270729739248,0.2692935051731689,True,0.3218744386442774,0.9988506413050507,0.9657598058645022,0.9636948693959562,1.90539906644752,1.0102673463125464,1.291505005907989,0.996638910938788,0.4133903287091771,1.019650207912146,0.2720372069133971,0.9795965778603972,1.204235602292797,0.9957723266749272,1257.7894524463047,0.9889755343069032,0.9768159737019183,0.9944200027683155,0.9646270729739249,0.9489371448239406,1.0027316826029953,1.8138420703071392,1.8312013497770057,0.9768159737019183,1.8138420703071392
11,46,uniform,5.830951894845301,load,load,0.9698081502468854,0.9129814454619556,0.9344213305318276,0.373691350581197,True,0.3513635354581305,1.068317444599421,1.03292524951476,0.9642451775638704,1.9419390251777968,1.029641307280016,1.2898937162882758,0.9953954980797964,0.417134777413239,1.028886098629607,0.276747880615644,0.9965595510157826,1.2039376607232393,0.9955259612881484,1251.6245656412889,0.9841282029748792,0.9129814454619556,0.9698081502468854,0.9344213305318276,0.9014756561642533,1.0002646376069617,1.8312013497770037,1.8312013497770057,0.9129814454619556,1.8312013497770037
35,82,uniform,5.830951894845301,load,load,1.0021379845672265,1.00053175435265,0.9608281492469446,0.0728138767728112,True,0.3218744386442757,1.007562961877032,0.9920494973964902,0.9539880122751776,1.775947604982047,0.9416304991796072,1.2986157408639722,1.0021261797531456,0.3856132467803313,0.9511364924307524,0.2783018903083325,1.0021554861975617,1.2113349213154947,1.0016426940744458,1257.5247539573345,0.9887674070014542,1.00053175435265,1.0021379845672265,0.9608281492469446,0.9525512915511332,1.0002352650519482,1.8138420703071392,1.8312013497770057,1.00053175435265,1.8138420703071392
46,51,uniform,5.0990195135927845,load,load,1.0269412097136783,0.966766746402536,1.0012430098831469,0.1524483202754214,True,0.3218744386442763,1.1115043280389876,1.0746813984741226,1.0233445786027342,1.91891374090795,1.0174330023390672,1.3007164049489828,1.0037472370129747,0.4153859038265842,1.0245724047853098,0.27809527618648,1.0014114758873514,1.214639821967665,1.0043754887249077,1266.102245035778,0.9955117224397956,0.9667667464025361,1.0269412097136783,1.0012430098831469,0.985196441941707,1.0147932352504723,1.8312013497770037,1.8312013497770057,0.9667667464025361,1.8312013497770037
1,54,uniform,5.830951894845301,load,load,0.9702048795040428,0.9133549280425716,0.9014005249417444,0.2457543898388907,True,0.3218744386442649,1.0177945932466224,0.9840761652808556,0.9124128598820074,1.8977687030728203,1.0062216284922212,1.2945086508009276,0.9989567876494868,0.4171474782009271,1.0289174258279166,0.2775041171109539,0.9992827324925526,1.2071033829324196,0.9981436704505748,1249.058518168616,0.9821105694469404,0.9133549280425717,0.9702048795040429,0.9014005249417443,0.8690615920687332,1.0035707558176064,1.8312013497770037,1.8312013497770057,0.9133549280425717,1.8312013497770037
52,81,uniform,3.1622776601683795,load,load,0.9971517041751068,0.99476088309558,0.9762506099749516,0.037797476333367,True,0.3218744386442762,0.9973240264876356,0.9902463020881234,0.9725947692253016,1.859731225201413,0.9860536634153751,1.2971355822283344,1.0009839591005807,0.397511495981154,0.980484184983919,0.2775238494280835,0.9993537878843964,1.2096326650876013,1.0002351126664395,1264.7679312306163,0.9944625772861084,0.9947608830955799,0.9971517041751067,0.9762506099749515,0.9715931302270895,1.0002930948698927,1.8138420703071392,1.8312013497770057,0.9947608830955799,1.8138420703071392
32,92,uniform,6.0,sync,city,0.9809154983318592,0.9375775595206872,0.9190559438234478,0.1888438906195395,True,0.3218744386442772,1.000791739488448,0.967636597576136,0.9202466199970394,1.791322638573314,0.9497825417932708,1.296430297601623,1.0004396994197806,0.3800965514196949,0.9375292568937592,0.2782408297038076,1.001935609071512,1.2087894206023877,0.9995378408689624,1254.0076534983789,0.9860019788935608,0.9375775595206871,0.9809154983318591,0.9190559438234478,0.896710850812469,1.006033723603454,1.8138420703071392,1.8312013497770057,0.9375775595206871,1.8138420703071392
22,51,uniform,3.1622776601683795,wind,load,0.9970578625614066,0.993949448297943,0.963384145412253,0.0281757790299251,True,0.3218744386442763,0.9976560666509118,0.9849297529887028,0.9573500423654484,1.8714165686229092,0.9922493843522998,1.2976224928735725,1.0013597022010523,0.3997810203406237,0.986082092879396,0.278139288448856,1.0015699625226784,1.2099408786281596,1.000489971859948,1261.7058542965635,0.9920549253805738,0.993949448297943,0.9970578625614066,0.963384145412253,0.9526206862801024,0.9995290756060532,1.8138420703071392,1.8312013497770057,0.993949448297943,1.8138420703071392
66,96,uniform,3.0,load,sync,0.9705948019324044,0.528266492136721,0.985792999795709,0.0054338330091289,True,0.3218744386442762,1.1282786121577368,0.577625849590442,1.0299777092216782,1.9116620728299376,1.0135880736863143,1.3018627808614718,1.0046318815445276,0.4107405163566929,1.013114298558448,0.2786191940237729,1.0032980859077798,1.2147771446749431,1.0044890397206354,1270.5696660980047,0.9990243692690376,0.528266492136721,0.9705948019324043,0.985792999795709,0.847540162112132,0.9418819249495107,1.9023158044989832,1.9205218171562206,0.5177994148371674,1.8842823797779598
62,79,uniform,7.071067811865476,wind,load,0.9936970556883128,0.6453082632195073,0.9866751808576362,0.2044200552733291,True,0.3218744386442768,0.8916821704070941,0.7531784925926576,0.9690427676208476,1.89307075432616,1.003730715015366,1.2975292875987263,1.00128777680921,0.4129454854325234,1.0185529772610455,0.2773593000043953,0.9987612510981134,1.2116345440041227,1.001890449564494,1260.3785776143957,0.991011313380674,0.6453082632195073,0.9936970556883129,0.9866751808576362,0.8801700927306312,0.9927244463921395,1.8842823797779598,1.8842823797779598,0.6453082632195073,1.8842823797779598
18,83,uniform,8.602325267042627,load,wind,0.9990071141403344,0.997567335470102,0.958008848831437,0.1347738024941921,True,0.3218744386442744,1.0089252035299026,0.9831481597861372,0.9529346248291392,1.8791795206342317,0.996365402390795,1.304000289774225,1.0062813715156724,0.4125710588009595,1.017629433176417,0.2789558360314798,1.0045103221399312,1.2173377209619718,1.0066063587918443,1256.1179737402056,0.9876612829087602,0.9975673354701019,0.9990071141403344,0.958008848831437,0.9498324685465465,0.9999154120732725,1.8138420703071392,1.8312013497770057,0.9975673354701019,1.8138420703071392
29,33,uniform,6.082762530298219,load,load,0.9969436697543742,0.9385269369253976,0.9776290025921328,0.211621458668886,True,0.3383875916400304,1.0568947272800948,1.0218809543973797,0.9964707977878876,1.9843501145033384,1.052128217986351,1.2960264776413706,1.0001280764035627,0.4350668540406136,1.0731165616849296,0.2779289892149095,1.000812682251211,1.2099527850760945,1.0004998172019557,1262.1728860429516,0.9924221434153762,0.9385269369253976,0.9969436697543742,0.9776290025921327,0.9632696153199981,1.0154217912860903,1.8312013497770037,1.8312013497770057,0.9385269369253976,1.8312013497770037
28,54,uniform,5.0,load,load,1.004555254086389,1.0011757716546013,0.9886781510439748,0.107092753880125,True,0.3218744386442763,1.0131260054497528,0.9969541788889322,0.98752991166302,1.9183887262079424,1.0171546327223862,1.3009431861278609,1.003922241326628,0.4211616897044517,1.038818701474478,0.2781307689625726,1.0015392841470876,1.214797204369327,1.0045056269137984,1265.485548876325,0.995026826169904,1.0011757716546013,1.0045552540863887,0.9886781510439748,0.9867579975901967,1.0026420671872738,1.8138420703071392,1.8312013497770057,1.0011757716546013,1.8138420703071392
63,96,uniform,4.242640687119285,load,sync,0.9261735761350524,0.4813274995934003,0.93047878437621,0.0884043197514806,True,0.3218744386442765,1.0926021557154324,0.5102862381135237,0.9969674706839854,1.920593820612622,1.018323802431668,1.3049199719318345,1.006991079197622,0.415228425322418,1.0241839753074935,0.2790601630700778,1.0048860001993722,1.217124956301494,1.0064304254773049,1268.796057740377,0.9976298152999892,0.4813274995934003,0.9261735761350525,0.9304787843762101,0.767158670317846,0.9203548269639032,2.0924202130964016,2.0924202130964007,0.3561815488779637,1.3892290519885555
25,75,uniform,5.0,load,load,0.9435924213690474,0.8883018487410639,0.8986624506010689,0.0087477777760422,True,0.3218744386442758,1.063776861021873,1.028535090532998,0.9288433209797672,1.8198289480796823,0.9648969575423332,1.301553671033571,1.004393345200626,0.3921833880009405,0.9673421106960004,0.2786756551035482,1.00350140030421,1.2136717394165324,1.0035749893770065,1258.0550306246532,0.9891843532951065,0.8883018487410639,0.9435924213690474,0.8986624506010689,0.8749757463692368,0.9776234734020737,1.8312013497770037,1.8312013497770057,0.8883018487410639,1.8312013497770037
75,86,uniform,1.4142135623730951,load,load,0.9982306123181612,0.7971170510130803,0.993541992536173,0.0257158767270694,True,0.321874438644276,1.0674000083687758,1.032038206948673,1.0059100783032957,1.8799267165220648,0.9967615753605784,1.2983223941813449,1.0018998076392442,0.4046392880123894,0.9980652799488106,0.278494049095325,1.002847443346657,1.2117353585400013,1.0019738122592718,1270.8435402057908,0.9992397111862032,0.7971170510130803,0.9982306123181613,0.993541992536173,0.930632496743408,0.9949989287448315,1.8487267653116608,1.8664199069075176,0.7971170510130803,1.8487267653116608
22,60,uniform,4.47213595499958,wind,wind,1.0003784989401625,0.9974024341464556,0.9611031214329572,0.0573044544929547,True,0.3218744386442748,1.0038565116839655,0.987359230585185,0.9544248936534786,1.852683833457045,0.9823170447293575,1.2961037222245804,1.000187685121248,0.3997231708303547,0.9859394038490126,0.277966265164912,1.0009469116585528,1.2085484361632814,0.9993385728559884,1253.7638619822224,0.9858102903367192,0.9974024341464557,1.0003784989401625,0.9611031214329573,0.9477255555401242,1.0003358639726607,1.8138420703071392,1.8312013497770057,0.9974024341464557,1.8138420703071392
8,74,uniform,8.06225774829855,load,load,0.9899472032161558,0.972533448891096,0.9424811445074066,0.1161823619998703,True,0.3218744386442751,0.9998869421713512,0.9667617752101372,0.9392752639075848,1.857415215483744,0.9848256849657654,1.304320273072948,1.0065282987864912,0.4027996703384717,0.9935277607728148,0.2791368280249332,1.0051620680515247,1.216621974930193,1.0060145143969303,1259.368646590786,0.9902172241380393,0.972533448891096,0.9899472032161558,0.9424811445074066,0.932863643411181,1.000392944915265,1.8138420703071392,1.8312013497770057,0.972533448891096,1.8138420703071392
37,60,uniform,7.615773105863909,load,wind,1.040477490574812,0.9795098577732034,1.0062897602479888,0.3525723463893891,True,0.364872893394094,1.1424810700256656,1.10463191468772,1.0311947108859434,1.9198253641415708,1.017916356824374,1.3025792522996886,1.0051847739534898,0.4159076380060724,1.0258592911192286,0.2784919483505309,1.0028398786372754,1.2164265623732864,1.0058529293914034,1262.660385999307,0.9928054552080402,0.9795098577732034,1.040477490574812,1.0062897602479888,0.9854842719608005,1.0224242749680426,1.8312013497770037,1.8312013497770057,0.9795098577732034,1.8312013497770037
26,63,uniform,5.0,load,load,1.019916358616338,1.001591921961875,0.9855423287905056,0.1121777129979779,True,0.3218744386442753,1.0470406860997412,1.012353366884511,0.9865436364050154,1.872353291365432,0.9927460469234024,1.3044966999727965,1.0066644453074267,0.4127467619225776,1.0180628146854815,0.2792952036425252,1.0057323731754817,1.2170668554817614,1.0063823823964184,1262.784807401678,0.9929032853517497,1.001591921961875,1.019916358616338,0.9855423287905056,0.9772826095232745,1.0070358852255064,1.8138420703071392,1.8312013497770057,1.001591921961875,1.8138420703071392
53,85,uniform,3.605551275463989,load,load,0.941913613130124,0.7048053488519619,0.921518536981926,0.0967013262026678,True,0.3218744386442769,0.9045958038064356,0.8746275286248133,0.9129086582488136,1.8775300627459808,0.9954908383832014,1.2913834662191206,0.9965451202197466,0.4032325205189876,0.994595409786124,0.2769424933392688,0.9972603447058592,1.2048231423943714,0.9962581586606662,1267.176804221288,0.9963566275569176,0.7048053488519619,0.941913613130124,0.921518536981926,0.855946006212494,0.9893757255949123,1.8664199069075176,1.8664199069075176,0.7048053488519619,1.8664199069075176
41,74,uniform,4.242640687119285,load,load,0.9618494054999528,0.9054890498976708,0.9118826939238188,0.1538508012979968,True,0.3218744386442774,1.0579874910902385,1.0229375161309353,0.9394776303661776,1.921708547076628,1.018914844889118,1.2973464811934274,1.0011467073004925,0.4152494761620294,1.0242358983726836,0.2781649291187914,1.0016622936887265,1.2093052468155003,0.999964373241376,1257.9507634355057,0.9891023700196884,0.9054890498976707,0.9618494054999528,0.9118826939238189,0.8822205758434987,0.9967697196021925,1.8312013497770037,1.8312013497770057,0.9054890498976707,1.8312013497770037
12,60,uniform,5.385164807134504,load,wind,0.9968689296993284,0.9930182805332672,0.9530431183026692,0.057047011995447,True,0.3218744386442743,1.000230712045764,0.9804685071469688,0.9458443647425316,1.8750139827310448,0.9941567800620026,1.2943855012788672,0.9988617546414944,0.4046431553548685,0.9980748189638502,0.2777493701920216,1.0001658803591609,1.2068660421974706,0.9979474153860304,1253.7823389707526,0.9858248184356538,0.9930182805332672,0.9968689296993285,0.9530431183026691,0.9371686297781726,0.9992920981650366,1.8138420703071392,1.8312013497770057,0.9930182805332672,1.8138420703071392
7,96,uniform,9.055385138137416,load,sync,0.8677093786447381,0.2998646813090803,0.8163566729892908,0.0430494099181588,True,0.3218744386442756,0.6710084164750294,0.3902769557484626,0.7802855021223536,1.8931780728629533,1.0037876166982134,1.294103073754152,0.99864380871069,0.407843055804001,1.0059675511630874,0.2773270920422983,0.9986452713400203,1.2067926600887244,0.9978867363353332,1255.610036116368,0.9872619013732,0.2998646813090803,0.8677093786447381,0.8163566729892908,0.6832849827523441,0.8583960851423243,1.3372953686945157,1.9574582290620703,0.2998646813090803,1.3372953686945157
1,41,uniform,4.0,load,load,0.9954672561351549,0.9911475986771512,0.9720824495814392,0.0175397179484203,True,0.3218744386442765,0.9969621651845324,0.9832849246452016,0.9686114587965072,1.8937582653813376,1.0040952423112517,1.293388735962471,0.9980925628111488,0.4060544731905293,1.0015559127984717,0.2769372145483476,0.997241335962238,1.2062760875842762,0.9974595868608688,1259.183350479983,0.9900715293877532,0.9911475986771512,0.9954672561351547,0.9720824495814393,0.9651894021565816,1.000035731377946,1.8138420703071392,1.8312013497770057,0.9911475986771512,1.8138420703071392
35,73,uniform,4.47213595499958,load,sync,1.0402231601645686,1.003651193980836,0.9876020856792004,0.0673988279946633,True,0.3218744386442751,1.0875226332536834,1.0514941911556226,0.9903571972035144,1.7317953174472938,0.9182203825553096,1.2978718745938227,1.001552147081205,0.3756016076013286,0.9264422282899164,0.278189689431114,1.0017514547174444,1.2110101664423456,1.0013741569916532,1257.4686834354538,0.9887233198339018,1.0036511939808361,1.0402231601645686,0.9876020856792005,0.9629044546418196,1.0056675235620514,1.8138420703071392,1.8312013497770057,1.0036511939808361,1.8138420703071392
51,53,uniform,2.0,load,load,1.006218577349636,0.9901920670027292,0.9989479890694444,0.0349728414677445,True,0.3218744386442764,1.0175731379459978,0.9838620465534956,1.002786764300519,1.890427202964539,1.002329069729623,1.295470886418802,0.999699333325948,0.407675955630698,1.0055553893039006,0.2775689692539648,0.999516262817618,1.2090875867877682,0.9997843919886824,1271.1178858131616,0.9994554238343788,0.9901920670027293,1.006218577349636,0.9989479890694443,0.9958376687090918,1.0063797872190396,1.8138420703071392,1.8312013497770057,0.9901920670027293,1.8138420703071392
16,59,uniform,5.0,sync,load,0.9468476863203884,0.8530877128320146,0.9286730878491308,0.0021737016464188,True,0.3218744386442762,1.1023477258220664,1.0658281445303317,0.97300899551491,1.8760227736796489,0.9946916541325194,1.2963302847583091,1.0003625207090636,0.4094649243273592,1.0099679799641486,0.2779792138141258,1.0009935392967413,1.2072548966429784,0.998268955867979,1261.7835693214329,0.9921160312024538,0.8530877128320146,0.9468476863203884,0.9286730878491309,0.9025574926999715,0.9991063898992072,1.8312013497770037,1.8487267653116621,0.8530877128320146,1.8312013497770037
32,88,uniform,7.810249675906654,sync,load,0.7960779224653101,0.4177978240042241,0.7787316079077587,0.3292837633532859,True,0.3357351948527797,0.9226342552781,0.4723455623669583,0.8322457565145777,1.952144545796111,1.0350524069359135,1.2907110002008857,0.9960261862651808,0.4225065982479145,1.042135993101127,0.2769777069361407,0.9973871476508728,1.2028602720974253,0.994635077663202,1247.29847851068,0.9807266842841867,0.4177978240042241,0.7960779224653101,0.7787316079077587,0.6935429959973513,0.9284558667226642,1.9023158044989832,1.9205218171562206,0.3797493834582517,1.8842823797779598
75,82,uniform,3.1622776601683795,load,load,1.001221466790304,0.9425540729318972,0.9970727289706603,0.0358141425953894,True,0.3218744386442762,1.1357508521045514,1.0981246615668443,1.0315406894795631,1.8356369200584937,0.9732785497152486,1.295824728851408,0.9999723892839684,0.3898549560009574,0.9615989038331174,0.2777044402696889,1.0000040892620528,1.209171803183174,0.9998540298202144,1266.5675388989189,0.9958775740105924,0.9425540729318973,1.001221466790304,0.9970727289706605,0.9756555726862667,0.9831108158538739,1.8312013497770037,1.8312013497770057,0.9425540729318973,1.8312013497770037
0,70,uniform,7.0,load,wind,0.9893360723520478,0.979937929502144,0.9343639088995066,0.1478751797769322,True,0.3218744386442773,0.9917864639220636,0.9623577224173514,0.9269087902018798,1.8372947675054825,0.97415756197591,1.2891171212412167,0.994796209003563,0.3909545233245253,0.9643110477131892,0.2736295635464026,0.9853305990486168,1.201662340443669,0.993644518018738,1241.2032618098428,0.9759341332084064,0.979937929502144,0.9893360723520478,0.9343639088995066,0.9100846118205235,0.9994904669218426,1.8138420703071392,1.8312013497770057,0.979937929502144,1.8138420703071392
6,71,uniform,8.602325267042627,load,load,1.0169629363137664,1.0064808442341593,0.9701219201381412,0.1639734378487972,True,0.3218744386442739,1.0373193869777966,1.0029541238300204,0.9668568321514264,1.80080434874102,0.9548098677421036,1.3019639035820465,1.0047099167342046,0.3843649447630795,0.9480574861671024,0.2784731291379567,1.0027721113033696,1.214355458025974,1.0041403505648157,1257.7574154323793,0.9889503442221056,1.0064808442341593,1.0169629363137664,0.9701219201381412,0.9581493786702118,1.0043764624753888,1.8138420703071392,1.8312013497770057,1.0064808442341593,1.8138420703071392
8,54,uniform,6.4031242374328485,load,load,0.9975795552863954,0.9954919231280598,0.9735378316247968,0.1264284031434409,True,0.3218744386442762,1.0022951913660998,0.9866427557350624,0.9701480509199092,1.9024572976849343,1.0087075822853795,1.30339700579504,1.0058158245102395,0.4182878609852878,1.0317302433091664,0.2790051899718558,1.004688043973076,1.2156096698966017,1.0051774478489188,1263.3367990604122,0.9933373057234168,0.9954919231280598,0.9975795552863954,0.9735378316247968,0.9708915958974218,0.9996038799317113,1.8138420703071392,1.8312013497770057,0.9954919231280598,1.8138420703071392
15,20,uniform,5.0990195135927845,load,wind,1.0039212727595916,0.9761577185484276,0.9851505962605396,0.3694021474194058,True,0.3218744386442131,1.023808558622191,0.9898908945240552,0.9916509383459324,1.9622753877235328,1.0404239109794264,1.2923995996991295,0.9973292582294732,0.4276726953854126,1.0548784586464448,0.2737786396360662,0.9858674168939852,1.2055884317962149,0.9968909700530568,1262.7868179064667,0.9929048661728036,0.9761577185484277,1.0039212727595916,0.9851505962605397,0.971686001001989,1.007666604678774,1.8138420703071392,1.8312013497770057,0.9761577185484277,1.8138420703071392
24,70,uniform,6.4031242374328485,load,wind,1.0058355940739396,1.0031615837240258,0.9676021835809532,0.2007085939444132,True,0.3218744386442753,1.0124716163073673,0.9960470666773312,0.961693715483442,1.7887159138817696,0.9484004224865769,1.2971406590342656,1.0009878768107805,0.3826321658564699,0.943783490745131,0.2751734595237839,0.990890115091202,1.2098486442247285,1.0004137040047798,1257.9098606935297,0.9890702089842928,1.0031615837240258,1.0058355940739396,0.9676021835809531,0.9601163620693122,1.0012247790015867,1.8138420703071392,1.8312013497770057,1.0031615837240258,1.8138420703071392
56,90,uniform,7.211102550927978,load,load,1.0174830223655975,0.9696280066263464,0.9936527919631568,0.176144117244577,True,0.3218744386442744,1.0613099744375944,1.0261499292183796,1.0060675260886356,1.8668492950128224,0.9898277565310222,1.2937112858460833,0.9983414706847198,0.3977442543061594,0.9810582963213228,0.2764516930483601,0.9954929898250982,1.2071243332035304,0.9981609940541692,1258.9478950917191,0.989886395367142,0.9696280066263464,1.0174830223655975,0.9936527919631569,0.984013638479178,1.0112031268691148,1.8138420703071392,1.8312013497770057,0.9696280066263464,1.8138420703071392
1,98,uniform,11.40175425099138,load,city,0.798438161351953,0.4383973537400444,0.7396724182791762,0.552056303892313,True,0.3218744386442451,0.8388844001599759,0.4294695557721263,0.7646342365755043,1.917212110494968,1.0165307757808622,1.2877747385374414,0.9937603083838724,0.4100648642060996,1.0114477649992812,0.2761054979831377,0.9942463533630792,1.199518026776888,0.9918714030194588,1236.7417122400475,0.9724261030201716,0.43839735374004446,0.798438161351953,0.7396724182791762,0.64734593751211,0.8939005058668127,1.9023158044989832,1.9023158044989843,0.42251525622924685,1.8842823797779598
77,98,uniform,2.23606797749979,load,city,1.0028074317163225,0.9836324678664256,0.9959485070837722,0.0384868536495741,True,0.321874438644276,1.016274172217981,0.9826061141473504,1.0005574214871469,1.8780166214939344,0.995748818154356,1.2959479685923625,1.0000674919127983,0.4013620965615718,0.9899819052007164,0.2776162790402794,0.9996866237226534,1.2090224615558027,0.9997305404801936,1264.9486570693102,0.994604678519775,0.9836324678664257,1.0028074317163223,0.9959485070837722,0.993072264593931,1.0033991801563085,1.8138420703071392,1.8312013497770057,0.9836324678664257,1.8138420703071392
37,54,uniform,3.605551275463989,load,load,1.0089474224485908,0.999183761210153,0.99267632514067,0.0896081703953599,True,0.3218744386442758,1.0218528172185302,0.9952478027099264,0.9931227923106636,1.8770494651600775,0.9952360192976334,1.2997471459854544,1.0029992715049747,0.4129998523990045,1.0186870764037348,0.2777518761637588,1.0001749042767558,1.2135343928438842,1.0034614186472035,1265.663333120899,0.9951666144849732,0.999183761210153,1.0089474224485908,0.9926763251406701,0.9901710730882467,1.0050362216501858,1.8138420703071392,1.8312013497770057,0.999183761210153,1.8138420703071392
38,56,uniform,2.8284271247461903,load,load,1.0019686293151084,1.0010020944138425,0.9878562419151328,0.0390869056364843,True,0.3218744386442743,1.0022235428896789,1.000162032942303,0.9846848316178468,1.8925455911726303,1.0034522666866983,1.2991396622032627,1.0025304835619726,0.407341337303395,1.004730034612921,0.2781560496653233,1.0016303190837477,1.2124215995730847,1.0025412592180498,1267.5435390794032,0.9966449840871368,1.0010020944138425,1.0019686293151084,0.9878562419151329,0.9867100264929679,1.000746081242398,1.8138420703071392,1.8312013497770057,1.0010020944138425,1.8138420703071392
39,62,uniform,7.615773105863909,city,wind,1.024511443847733,0.9644793546623652,1.0021668017927574,0.1653826298091956,True,0.408423118572193,1.1371928827954594,1.0995189193492514,1.0289088074735393,1.900096646472177,1.0074559343349436,1.3014032929751511,1.0042773002579533,0.4112710991542053,1.014423010500228,0.2781620539922985,1.0016519404576176,1.2148552977500844,1.0045536638434582,1266.2324775907164,0.9956141217804434,0.9644793546623653,1.024511443847733,1.0021668017927574,0.9812174674035259,1.0128479899498795,1.8312013497770037,1.8312013497770057,0.9644793546623653,1.8312013497770037
70,81,uniform,1.4142135623730951,wind,load,1.0018907949265736,0.9986503327378295,0.9995842259874071,0.1026372695006209,True,0.3218744386442767,1.0038391177318158,0.9966732975962246,1.0002662103644175,1.87975574530114,0.9966709241974172,1.2908091328686115,0.9961019140669646,0.412257981293653,1.0168572101144635,0.2731833966738307,0.983723967564324,1.2042636083587437,0.9957954846561357,1267.74880039171,0.9968063770894524,0.9986503327378297,1.0018907949265736,0.9995842259874073,0.9982128117197612,1.0014620060677166,1.8138420703071392,1.8312013497770057,0.9986503327378297,1.8138420703071392
0,23,uniform,3.605551275463989,load,load,0.997582709126298,0.9859274622464308,0.9845066771774876,0.2295562372875954,True,0.3218744386442704,1.0042812633717404,0.9759004094746954,0.9860529989269918,1.9395796985599665,1.0283903616470236,1.2952769294438415,0.9995496590564644,0.4243588218835823,1.046704605581989,0.2774831379476648,0.999207187250791,1.2086674757579423,0.9994370056991267,1253.878065837078,0.985900086620315,0.9859274622464307,0.9975827091262979,0.9845066771774877,0.9754710162772529,1.0021973184435118,1.8138420703071392,1.8312013497770057,0.9859274622464307,1.8138420703071392
31,90,uniform,6.082762530298219,load,load,0.9903018614391436,0.977620903274283,0.9447865302945944,0.2066224685959999,True,0.3218744386442769,0.9930934076572192,0.9620848967660748,0.9395783905091484,1.852285698065738,0.9821059481709876,1.2968564649303542,1.0007685676320146,0.4034771495454888,0.9951988008681364,0.2773581701940117,0.9987571826899796,1.208760989875652,0.9995143317393064,1251.7789625254682,0.9842496022605304,0.977620903274283,0.9903018614391436,0.9447865302945945,0.9277227569341754,1.000992544437725,1.8138420703071392,1.8312013497770057,0.977620903274283,1.8138420703071392
69,84,uniform,5.385164807134504,load,load,1.0170260131118147,0.9574325388860242,0.9964635816158388,0.0815351489482693,True,0.3218744386442762,1.1031975128129097,1.0666497790023588,1.0177818049331486,1.8988379728428773,1.0067885692198146,1.297674547211454,1.00139987190878,0.4149972948436286,1.0236138791432017,0.2773623694666777,0.998772304125682,1.2108523248195606,1.001243639076664,1262.4632692329092,0.9926504661047448,0.9574325388860242,1.0170260131118147,0.9964635816158387,0.9822861491017189,1.0079655723562926,1.8312013497770037,1.8312013497770057,0.9574325388860242,1.8312013497770037
39,90,uniform,10.816653826391969,city,load,1.023287396927119,0.9741383370617964,0.991852024547437,0.3262935465411202,True,0.3218744386442757,1.0749870380957431,1.0393738866321047,1.0038530921368087,1.8420263525397411,0.9766663098495642,1.2982241258168077,1.0018239751218605,0.3948974764882957,0.974036560706636,0.276788772231245,0.9967068003099524,1.2105818235870025,1.001019963874569,1254.2228494400567,0.986171183302922,0.9741383370617965,1.023287396927119,0.991852024547437,0.9804757725932617,1.014575146109705,1.8138420703071392,1.8312013497770057,0.9741383370617965,1.8138420703071392
39,52,uniform,7.280109889280518,city,load,0.9900969213519002,0.9320813793668086,0.9790348290706548,0.1636576578525361,True,0.4084687809641783,1.104921796729178,1.0683169392677367,1.0114935000682528,1.9504416483276628,1.034149508568435,1.2979659683296847,1.0016247580877489,0.4210412305295141,1.038521582228477,0.2775856046082088,0.999576166153172,1.2114462867175004,1.001734781191996,1265.3172472292752,0.9948944938379768,0.9320813793668086,0.9900969213519002,0.9790348290706549,0.9582864767328438,1.0121863169825465,1.8312013497770037,1.8312013497770057,0.9320813793668086,1.8312013497770037
16,80,uniform,9.219544457292889,sync,wind,1.0130054027939643,1.0047962363688492,0.9727949071751666,0.334064974490827,True,0.321874438644275,1.0290832504850145,0.9958582695409198,0.9698374108047552,1.862787131097211,0.9876739444338204,1.3016266433462051,1.004449657058389,0.4008969515477893,0.9888345991873088,0.2782872208156128,1.0021026618613975,1.214015618306962,1.003859339949407,1255.0747285478128,0.9868409993791496,1.0047962363688492,1.0130054027939643,0.9727949071751666,0.9641918356475975,1.0039193156843265,1.8138420703071392,1.8312013497770057,1.0047962363688492,1.8138420703071392
5,97,uniform,9.219544457292889,load,load,0.8296876885955151,0.3952758981481703,0.7827228621733751,0.0877205410268124,True,0.3218744386442766,0.958269972691282,0.4905893820447848,0.8372509011577804,1.8445969027873432,0.9780292489959812,1.296261058041476,1.0003090992826218,0.3994775341446264,0.9853335273195452,0.2774669107682911,0.9991487537388344,1.2082215948862245,0.9990683105432908,1255.8767820507835,0.9874716385454272,0.3952758981481703,0.8296876885955151,0.7827228621733751,0.6939588268636215,0.9001303293160563,1.9023158044989832,1.9205218171562206,0.354675292457558,1.8842823797779598
49,55,uniform,4.123105625617661,hvdc,load,1.0115849847096157,0.9858978205124072,0.99764036202536,0.0600987218511697,True,0.3218744386442753,1.0345116255189677,1.000239380454725,1.0030199491950509,1.8882226864776928,1.0011602064398868,1.2974270270299897,1.0012088635557643,0.4113137737249245,1.014528269699306,0.2776182840630067,0.9996938437401812,1.2110241410440203,1.001385712472655,1255.7211217401689,0.9873492458519906,0.9858978205124073,1.0115849847096157,0.9976403620253599,0.9925300114569855,1.0128571428707054,1.8138420703071392,1.8312013497770057,0.9858978205124073,1.8138420703071392
33,89,uniform,7.810249675906654,load,load,0.8410095934484656,0.5133964467942785,0.8264515288756722,0.2676322340568633,True,0.3218744386441828,0.7944435551383563,0.5267727283043253,0.8251545772404492,1.938859745570625,1.028008633216051,1.2890603623798396,0.994752408871523,0.4200634765666599,1.0361098977688423,0.2769978743234384,0.997459769715352,1.2013902524102256,0.99341953070429,1250.1279372506258,0.9829514330000348,0.5133964467942785,0.8410095934484656,0.8264515288756722,0.7511734611665937,0.9715777671752275,1.8842823797779598,1.9023158044989843,0.5133964467942785,1.8842823797779598
3,33,uniform,3.0,load,load,0.998738145152431,0.9974232385933168,0.9905091708166084,0.0007154528700099,True,0.3218744386442763,0.9991656381937208,0.9948248740961232,0.9890428422736603,1.86727484107374,0.9900533865826304,1.297534548613895,1.001291836671467,0.3981900114645954,0.982157781112602,0.2782929024885989,1.0021231213694068,1.2104400454540662,1.000902728724706,1267.9063134273829,0.99693022654479,0.9974232385933169,0.998738145152431,0.9905091708166085,0.9897397313965426,1.0001724427317347,1.8138420703071392,1.8312013497770057,0.9974232385933169,1.8138420703071392
22,95,uniform,7.615773105863909,wind,city,0.827877135822875,0.5202129741617935,0.7663146719736934,0.3472797297364968,True,0.3400422964489221,0.7517110509565129,0.5148453321695129,0.7500660514960581,1.8265391532096995,0.9684547955035716,1.2917218506355297,0.9968062474122124,0.3908998555059175,0.964176206502018,0.2770912055704467,0.9977958523093988,1.2045520170716195,0.9960339674036208,1247.5257936589355,0.9809054177914242,0.5202129741617935,0.827877135822875,0.7663146719736934,0.6673179586588779,0.8763724912225932,1.8842823797779598,1.9023158044989843,0.5202129741617935,1.8842823797779598
14,19,uniform,5.0,load,load,0.9968138267606564,0.9604629420284128,0.9802997591288788,0.1769132692166725,True,0.3218744386442772,1.024636083748183,0.9906910046426028,0.9890882489733,1.9540781980110669,1.0360776544687242,1.2980599917801257,1.0016973148558772,0.435126976852576,1.0732648579402126,0.2780722987001229,1.0013287347533038,1.2119285280286536,1.002133542490459,1263.7600900971038,0.9936701312836608,0.9604629420284129,0.9968138267606563,0.9802997591288789,0.9723375343739573,1.0112172722922093,1.8138420703071392,1.8312013497770057,0.9604629420284129,1.8138420703071392
28,70,uniform,9.433981132056603,load,wind,1.0321223141027884,0.987074775326284,0.993232469452692,0.4400216381479687,True,0.321874438644275,1.0830070014993358,1.0471281573702946,1.003067122052428,1.8722113962860945,0.992670812308365,1.3004158619478874,1.0035153115864903,0.4036424965520625,0.9956066384442038,0.2755873170992786,0.9923804019136414,1.2135672108832654,1.0034885556089157,1259.557458915024,0.9903656836189833,0.9870747753262841,1.0321223141027884,0.993232469452692,0.9816319329299654,1.0134180505005836,1.8138420703071392,1.8312013497770057,0.9870747753262841,1.8138420703071392
25,41,uniform,4.47213595499958,load,load,1.0114322912532083,0.9928078426327152,0.9976296719921868,0.1269167604121783,True,0.3218744386442767,1.0303045247571652,0.9961716563657036,1.0018056602725325,1.933949726850981,1.025405277483602,1.298201927656714,1.001806845068164,0.4275772032133716,1.054642921899904,0.2773555847063086,0.99874787243814,1.211860286397543,1.002077114057636,1263.5605682987818,0.9935132511502508,0.9928078426327153,1.0114322912532085,0.9976296719921867,0.9940094742998645,1.0069094917097392,1.8138420703071392,1.8312013497770057,0.9928078426327153,1.8138420703071392
39,94,uniform,7.810249675906654,city,load,0.9993568928374356,0.940798755220629,0.968068688935308,0.0927205792208151,True,0.3218744386442757,1.0532776518002782,1.018383708694438,0.9832520022798346,1.8921152464514503,1.0032240923230589,1.299453843574261,1.002772933554808,0.4155855353114469,1.0250648069314403,0.2777967824630524,1.0003366103081162,1.2126804405941434,1.0027552926889818,1262.8466542663955,0.9929519143460224,0.940798755220629,0.9993568928374355,0.9680686889353081,0.9556704278035102,0.9946300163382376,1.8312013497770037,1.8312013497770057,0.940798755220629,1.8312013497770037
33,42,uniform,1.4142135623730951,load,load,1.0008562164257573,1.0002868264841454,0.99899046146224,0.016894711791375,True,0.321874438644276,1.001758495675288,0.9998445637385648,0.9988119085766576,1.8829473836663488,0.998363172335032,1.296229707383017,1.0002849063557957,0.4048071479783351,0.9984793158787536,0.2778308929331983,1.0004594409319243,1.2096844038672268,1.0002778950296822,1271.7110304283988,0.9999218019802876,1.0002868264841454,1.0008562164257573,0.9989904614622399,0.9990253641362378,1.0003344494303512,1.8138420703071392,1.8312013497770057,1.0002868264841454,1.8138420703071392
3,86,uniform,8.54400374531753,load,load,0.830084906224886,0.4557735888429462,0.76275845900408,0.1931339660762404,True,0.3218744386442117,0.8577737888791888,0.4418159509750519,0.7810580409756708,1.7948733366593088,0.9516651680609446,1.2959703111952292,1.0000847334312497,0.3880302039660351,0.9570980515814296,0.2775995168784402,0.9996262637573328,1.20780210927931,0.9987214414106986,1250.8221628248916,0.9834972891502066,0.4557735888429462,0.830084906224886,0.76275845900408,0.672054452593106,0.90390584836978,1.9023158044989832,1.9023158044989843,0.4491831584534822,1.8842823797779598
57,71,uniform,6.324555320336759,load,load,1.0123124559567866,0.8560318098249896,1.0073977012153856,0.1333351119840448,True,0.3218744386442763,1.151756861296916,1.1136004090820952,1.0310874151106946,1.8545536397307236,0.983308440314404,1.2984223500765428,1.0019769424037837,0.3998897017795977,0.9863501616854372,0.2779755095767544,1.0009802004660209,1.211663183266276,1.0019141311303392,1266.244375068708,0.9956234765374188,0.8560318098249896,1.0123124559567866,1.0073977012153856,0.9450580176747964,0.9924867996054302,1.8487267653116608,1.8487267653116621,0.8560318098249896,1.8487267653116608
6,46,uniform,4.0,load,load,1.000053593923801,0.977051082362465,0.987544756871117,0.0104944034923956,True,0.3218744386442762,1.0145055254883533,0.980896060760373,0.9918738600965268,1.864440478587874,0.9885505707591596,1.296443397451871,1.0004498084169775,0.4049775266678453,0.9988995643802738,0.2776323813032929,0.9997446074151152,1.209569153226033,1.0001825952404104,1266.7942557852523,0.996055837116045,0.977051082362465,1.000053593923801,0.987544756871117,0.9842286166087455,1.0052673745052223,1.8138420703071392,1.8312013497770057,0.977051082362465,1.8138420703071392
36,68,uniform,3.605551275463989,load,load,0.9482275410829166,0.8018403145616918,0.9256089221966642,0.0269001926224531,True,0.3218744386442762,1.0887435107629673,1.0526746223207966,0.9686244594860612,1.8459592797795696,0.9787515989817928,1.2929056123732503,0.9977197421363494,0.400806887870791,0.9886124521253216,0.2771362629285278,0.9979581022982312,1.2051767001058653,0.9965505125690856,1261.6358906496218,0.9919999143173296,0.8018403145616918,0.9482275410829166,0.9256089221966642,0.8912649303938399,0.998723404629206,1.8487267653116608,1.8487267653116621,0.8018403145616918,1.8487267653116608
29,86,uniform,6.708203932499369,load,load,0.927269604331168,0.6362269157278919,0.8982372452306948,0.0537098620410979,True,0.3218744386442744,0.7570473904065453,0.731967233693717,0.8700132001984993,1.9464154601191104,1.0320147712586318,1.2941881429019877,0.9987094555509772,0.4243870703367928,1.0467742819609194,0.2771850039261391,0.9981336169456696,1.208234714374362,0.9990791589380758,1262.9261466711946,0.9930144176873856,0.6362269157278919,0.927269604331168,0.8982372452306948,0.8209959253635564,0.9454343317196898,1.8664199069075176,1.8842823797779598,0.6362269157278919,1.8664199069075176
17,34,uniform,3.605551275463989,load,load,1.0030991321540883,0.9739029829210508,0.9919174547392756,0.1511147524416094,True,0.3218744386442768,1.0280150836237845,0.9939580619271768,0.9996288886042424,1.946818421757806,1.0322284267560862,1.2973494128049536,1.0011489695899187,0.4255847571270607,1.049728442955744,0.2781835552917063,1.0017293658934925,1.2111835982470405,1.0015175662974,1264.7492554652472,0.9944478928927876,0.9739029829210509,1.0030991321540885,0.9919174547392757,0.9851770412667061,1.0096700126307958,1.8138420703071392,1.8312013497770057,0.9739029829210509,1.8138420703071392
2,95,uniform,9.486832980505138,load,city,0.8525616468355041,0.5536547305414871,0.7682476384534803,0.3459976881395673,True,0.3218744386442581,0.6739692423012501,0.5769975910053404,0.7340780272003192,1.808430555009257,0.9588533814105596,1.2910317252983916,0.9962736859732167,0.3902423944341703,0.9625545422492658,0.2769112683800819,0.9971479047072636,1.204109591305101,0.9956681292453164,1245.698882981597,0.9794689532386822,0.5536547305414871,0.8525616468355041,0.7682476384534803,0.6735799599130656,0.906685830831684,1.8842823797779598,1.8842823797779598,0.5536547305414871,1.8842823797779598
65,83,uniform,2.8284271247461903,load,wind,1.019077913253604,0.9657201459691752,1.0009598193053315,0.0323818443980304,True,0.3218744386442762,1.0687013336565083,1.0332964207448874,1.0143156516279472,1.871739363789048,0.9924205345442147,1.295622994263838,0.9998167131241898,0.4079616122858797,1.0062599773109715,0.2775832880828457,0.9995678244254208,1.2087083059415071,0.9994707678357132,1266.7030299160815,0.9959841079784452,0.9657201459691751,1.0190779132536039,1.0009598193053315,0.992023814139101,1.0055926360280223,1.8138420703071392,1.8312013497770057,0.9657201459691751,1.8138420703071392
8,94,uniform,9.848857801796104,load,load,0.9604250599923296,0.9041481650844672,0.913819848423554,0.0898068705959663,True,0.3218744386442749,1.0724951009369446,1.0369645046412563,0.9421852009682292,1.9019326967933945,1.008429432075325,1.3025636551664883,1.005172737833014,0.4136562133191092,1.020306027071352,0.2788388824728011,1.0040891764181743,1.2148379807414122,1.0045393445541235,1257.8882489424964,0.9890532160821944,0.9041481650844672,0.9604250599923296,0.9138198484235539,0.8908746138276732,0.9769155365803848,1.8312013497770037,1.8312013497770057,0.9041481650844672,1.8312013497770037
33,95,uniform,6.324555320336759,load,city,0.8438627456121556,0.5443394929944907,0.819213495580329,0.1955288115147775,True,0.3218744386442776,0.7711334698771102,0.5515832317192563,0.8031641987935801,1.8723407808778845,0.9927394137003271,1.29335609804208,0.9980673765197408,0.4003312686440066,0.9874393108837446,0.2777318472951707,1.0001027810133614,1.206016677177129,0.9972450825693524,1257.7733667942498,0.9889628864696164,0.5443394929944907,0.8438627456121556,0.819213495580329,0.7336425019336144,0.9111804394933469,1.8842823797779598,1.9023158044989843,0.5443394929944907,1.8842823797779598
26,91,uniform,8.602325267042627,load,load,1.0131076348119328,1.0042437218110571,0.973000057860392,0.1711289411387286,True,0.3218744386442748,1.028563812886646,0.9970104017094168,0.9697563733856294,1.8184290928054607,0.9641547360843652,1.3011946064925533,1.0041162594042263,0.3941297533954231,0.9721429290541712,0.2780750020694572,1.0013384694928216,1.2138290872128894,1.0037050989510607,1254.2663743062126,0.9862054060638764,1.0042437218110571,1.0131076348119328,0.9730000578603921,0.9645107924808277,1.0038588231985053,1.8138420703071392,1.8312013497770057,1.0042437218110571,1.8138420703071392
24,41,uniform,3.605551275463989,load,load,1.0067956705453631,1.00011468349463,0.996386505077244,0.0914664210343521,True,0.3218744386442763,1.0153528389912958,0.9961572346674864,0.9969498102949244,1.9133378364536324,1.014476585336692,1.2976098408651235,1.0013499387979965,0.42639355571404,1.0517233895959994,0.2774673029484929,0.9991501659661836,1.2107841328113167,1.0011872516765736,1266.2786264737358,0.9956504077551374,1.00011468349463,1.0067956705453633,0.996386505077244,0.9956764399037901,1.0030269891121837,1.8138420703071392,1.8312013497770057,1.00011468349463,1.8138420703071392
44,79,uniform,5.830951894845301,load,load,0.8752776265426787,0.6307167006791935,0.8687486421713244,0.167853853771269,True,0.3218744386442772,0.7565115236281666,0.7314491195989209,0.8460070813982526,1.9022898016509504,1.0086187737114956,1.289546407590624,0.9951274841266148,0.4146513799824041,1.0227606609238284,0.2761881839538689,0.994544102685256,1.2019172908649989,0.9938553343853616,1256.3429478857026,0.9878381757307786,0.6307167006791935,0.8752776265426787,0.8687486421713244,0.8068303676881663,0.9842171105714922,1.8664199069075176,1.8842823797779598,0.6307167006791935,1.8664199069075176
60,98,uniform,8.54400374531753,wind,city,0.980120982642786,0.4922220878049004,0.9449286259751422,0.3076152923400255,True,0.3541312430890011,1.1353258598940144,0.5812337106427373,1.0033956306326677,1.9244872190547613,1.0203881328816724,1.3030679782733674,1.0055619179211297,0.4138984628149844,1.020903548908902,0.278299834536558,1.0021480834344692,1.215062512640042,1.0047250080992685,1249.0366027192977,0.982093337752751,0.4922220878049004,0.9801209826427861,0.9449286259751422,0.8139343770083182,1.0320397025181085,1.9023158044989832,1.9205218171562206,0.4629963715888171,1.8842823797779598
4,88,uniform,8.94427190999916,wind,load,0.8118770740293743,0.5156053233336686,0.7907658911125577,0.2068558714501445,True,0.3218744386441746,0.7459108525396868,0.519558539872796,0.7777197891977378,1.8580361130137797,0.9851548929049562,1.293422323654089,0.9981184820296124,0.4083331822778552,1.0071764753353802,0.2772517886283251,0.9983741063495172,1.2044310332649428,0.9959339269078612,1255.33229063982,0.9870435154736076,0.5156053233336686,0.8118770740293743,0.7907658911125577,0.7192140244083772,0.9227290590020369,1.8842823797779598,1.9023158044989843,0.5156053233336686,1.8842823797779598
2,30,uniform,3.605551275463989,load,wind,1.0005119123186756,1.0005512700284664,0.9981433364840812,0.2640877831202521,True,0.2824685005411507,1.0016663774881307,0.9999167031595684,0.9977359056529866,1.9281742267240864,1.0223430322618152,1.2897178711618589,0.9952598005064348,0.4151301245033791,1.0239415108771237,0.271255631615069,0.9767821522299128,1.203142618495767,0.9948685475336077,1258.6958361422776,0.9896882062873116,1.0005512700284664,1.0005119123186756,0.9981433364840812,0.9972601359965456,0.9999289750377688,1.8138420703071392,1.8312013497770057,1.0005512700284664,1.8138420703071392
33,86,uniform,5.830951894845301,load,load,0.8325413056050205,0.4127396190246652,0.7943571954091584,0.1628551429503878,True,0.3218744386442774,0.96503868534537,0.4940546461695509,0.851528771035726,1.8893547596317528,1.001760446337829,1.2932021643054386,0.9979485877028632,0.4088831642349028,1.0085330363816984,0.2777579041956289,1.000196611011133,1.2056552078123923,0.9969461865811752,1257.4353672840791,0.988697123988053,0.41273961902466527,0.8325413056050205,0.7943571954091584,0.7031961411228722,0.9316057517739816,1.9023158044989832,1.9205218171562206,0.37217666799844445,1.8842823797779598
45,56,uniform,1.4142135623730951,load,load,0.9888210443453432,0.9596375148594356,0.9553113914993844,0.009679061872176,True,0.3218744386442763,1.0050736547400956,0.9717766576323188,0.9571590148882424,1.8283385117424251,0.9694088387808736,1.2977279948625868,1.0014411168196191,0.3949047842057736,0.9740545855977092,0.2785152180968446,1.0029236721893238,1.2095189678979763,1.0001410974132503,1263.7349285832402,0.9936503472716632,0.9596375148594357,0.9888210443453432,0.9553113914993845,0.9498157024778616,1.0056646944774326,1.8138420703071392,1.8312013497770057,0.9596375148594357,1.8138420703071392
45,74,uniform,3.1622776601683795,load,load,0.988439251197912,0.9670141334679024,0.9445020703920572,0.0320542522424776,True,0.3218744386442752,0.9987373022886386,0.9656502216464412,0.9421389495017192,1.7972789579711166,0.9529406597422982,1.2991951477376689,1.002573301082873,0.3885473717732285,0.95837367470444,0.278445998212902,1.0026744137801546,1.212103798813556,1.0022784724335263,1261.4537967971623,0.991856737440882,0.9670141334679024,0.9884392511979121,0.9445020703920571,0.9362687102441113,1.0021560470914246,1.8138420703071392,1.8312013497770057,0.9670141334679024,1.8138420703071392
14,58,uniform,5.656854249492381,load,sync,0.9208419590331576,0.7786825145887487,0.8844778791906227,0.1349214106827887,True,0.3218744386442773,1.054360681819456,1.019430859106936,0.9256625432032508,1.8536090304589927,0.982807596203027,1.2949467870424491,0.9992948921280568,0.4015741695173531,0.9905049949259408,0.2777134923531197,1.00003668550156,1.20620067827464,0.9973972315347464,1257.6037089419226,0.9888294877796938,0.7786825145887487,0.9208419590331575,0.8844778791906227,0.8443658862507353,0.9994978135444856,1.8487267653116608,1.8487267653116621,0.7786825145887487,1.8487267653116608
57,94,uniform,5.0,load,load,1.000993319201892,1.00043564885476,0.9905068934680966,0.0317157466690481,True,0.3218744386442762,1.0036828956860255,0.9985851347545154,0.988909614642687,1.910533841835044,1.012989870951092,1.2975124475354645,1.0012747815345246,0.4149043929410963,1.0233847314402833,0.277732686330297,1.000105802349846,1.2109199115681153,1.0012995259925903,1267.3766080005862,0.9965137294065188,1.00043564885476,1.000993319201892,0.9905068934680966,0.9893623143284616,1.00056576870213,1.8138420703071392,1.8312013497770057,1.00043564885476,1.8138420703071392
54,88,uniform,5.0,load,load,0.9498795179101064,0.6168530926618933,0.944324872740956,0.1252994454968471,True,0.3218744386442764,0.8031084279102614,0.7158441132385088,0.9258412379870608,1.8788810080266145,0.996207127126968,1.2995579151304903,1.0028532443255642,0.4084866199089298,1.0075549377752622,0.277646308473147,0.999794758672302,1.212995241399351,1.00301559883642,1260.9156143482198,0.9914335749839522,0.6168530926618933,0.9498795179101063,0.9443248727409559,0.8577185449541578,0.9919800166083643,1.8842823797779598,1.8842823797779598,0.6168530926618933,1.8842823797779598
41,64,uniform,3.605551275463989,load,load,0.9848480986645084,0.9271401157541148,0.9451130662831556,0.1333821375379966,True,0.321874438644277,1.046606203495775,1.01193327821669,0.9640650442813328,1.8997062907304136,1.0072489626478605,1.2962560203292397,1.0003052117405575,0.4133650768420739,1.0195879227792977,0.2774022856626827,0.9989160409676068,1.2091848997717878,0.999864859279575,1264.386341182931,0.9941625404074704,0.9271401157541149,0.9848480986645083,0.9451130662831555,0.9244788102791032,1.0074179780657972,1.8312013497770037,1.8312013497770057,0.9271401157541149,1.8312013497770037
36,94,uniform,6.324555320336759,load,load,0.9712616538970024,0.9143497798723544,0.9254669199450344,0.0406857851421808,True,0.3218744386442753,1.0615030443599915,1.0263366029442218,0.9486504028130304,1.88469129402416,0.9992878162694272,1.3003557026640211,1.0034688873892317,0.415427988263518,1.0246762083866263,0.2792093016337943,1.005423043011645,1.21270303502828,1.0027739758372023,1258.2030126043155,0.9893007086653312,0.9143497798723544,0.9712616538970024,0.9254669199450344,0.90734103893265,0.9883907198364135,1.8312013497770037,1.8312013497770057,0.9143497798723544,1.8312013497770037
45,52,uniform,3.1622776601683795,load,load,1.0149466210071023,0.9895743774521156,0.9988342404173473,0.0933870759682449,True,0.3218744386442762,1.0394811576004008,1.0050442773429442,1.00437951101869,1.885744264400328,0.9998461148465648,1.298153208278279,1.0017692489086112,0.4093557537582489,1.0096987046914572,0.2778265379882406,1.0004437589256805,1.211888612940299,1.0021005370384324,1268.564237673405,0.9974475396622418,0.9895743774521156,1.0149466210071025,0.9988342404173473,0.9944511572986046,1.0092895007495566,1.8138420703071392,1.8312013497770057,0.9895743774521156,1.8138420703071392
4,53,uniform,5.0990195135927845,wind,load,0.9955455665749956,0.99130249668269,0.9655701520653086,0.0091413856483458,True,0.3218744386442759,0.9970661490874728,0.9814515796574113,0.9604777531762956,1.82436559889324,0.9673023487589376,1.3010550153150764,1.0040085385681004,0.3965345499972884,0.9780744934493396,0.2789214480172218,1.0043864920893706,1.2132024617211752,1.003186947583795,1265.755746591993,0.9952392774110094,0.9913024966826901,0.9955455665749955,0.9655701520653086,0.9612683159254479,1.000337195306599,1.8138420703071392,1.8312013497770057,0.9913024966826901,1.8138420703071392
45,69,uniform,4.47213595499958,load,load,0.9276860840649104,0.7844700446177681,0.9160506066102548,0.086301308238622,True,0.3218744386442764,1.0585586136069531,1.0234897179797988,0.9528847733468576,1.844843863409706,0.9781601907272918,1.2920996669463671,0.9970978037243023,0.3990747384972192,0.9843400094815558,0.2769345204500349,0.997231634607348,1.2040329481598122,0.9956047536708336,1259.2071113001823,0.9900902120613968,0.7844700446177681,0.9276860840649105,0.9160506066102548,0.8772905134448461,0.9900853489866582,1.8487267653116608,1.8487267653116621,0.7844700446177681,1.8487267653116608
28,61,uniform,8.06225774829855,load,load,1.0411951379186428,0.9801854539817276,1.0006882457746666,0.153435800850872,True,0.3663684627286174,1.128768821762015,1.091373938296208,1.018553072602954,1.9173675237246064,1.016613177894862,1.306711683392125,1.008373721425358,0.4192663402274773,1.034143716710568,0.279128395571209,1.0051317030771711,1.2212529688924771,1.0098438444913582,1262.453268083375,0.9926426023941808,0.9801854539817275,1.0411951379186428,1.0006882457746666,0.9798297622220041,1.013045443414603,1.8312013497770037,1.8312013497770057,0.9801854539817275,1.8312013497770037
60,97,uniform,7.615773105863909,wind,load,0.948104025007842,0.3695611147476711,0.941133962368652,0.2878714768146563,True,0.3297434033624868,0.896989137651097,0.4815815404874799,0.9244092711674556,1.9299111457311604,1.0232639692911945,1.3030234885978802,1.005527585772572,0.4152822951371798,1.0243168481978528,0.2784987713924484,1.00286444817535,1.215229300906429,1.0048629239188689,1262.6533621093288,0.992799932459117,0.36956111474767117,0.9481040250078419,0.941133962368652,0.7823067551885485,1.0005378643576364,1.4159473824117974,1.9389020694933725,0.36956111474767117,1.4159473824117974
60,92,uniform,3.605551275463989,wind,city,1.012545299206692,0.9633037002607384,0.9899986693548344,0.1900465234566856,True,0.3218744386442764,1.046771349638567,1.0120929532473772,1.001213458757661,1.889486750650432,1.0018304296911988,1.2959249803831872,1.0000497521877088,0.4050487521164748,0.9990752459056024,0.2780390638961865,1.0012090573732446,1.2093474150680463,0.9999992418159888,1266.9691049272435,0.9961933176166864,0.9633037002607385,1.0125452992066921,0.9899986693548344,0.9787525369502914,1.021105422285418,1.8138420703071392,1.8312013497770057,0.9633037002607385,1.8138420703071392
21,94,uniform,7.615773105863909,load,load,0.9052943645358104,0.7655351554135525,0.8237552384813334,0.3254971383099304,True,0.321874438644265,1.0413978775085055,1.0068974984050332,0.8682873497982615,1.849134548121024,0.9804351675200794,1.2903504750075787,0.995747973300942,0.3981710368646551,0.9821109792078876,0.2767725985321936,0.996648559378788,1.2028910034295737,0.9946604891441924,1248.3566092994906,0.981558672070533,0.7655351554135525,0.9052943645358105,0.8237552384813334,0.7571940893237983,0.965354726852828,1.8487267653116608,1.8487267653116621,0.7655351554135525,1.8487267653116608
37,41,uniform,6.082762530298219,load,load,0.9954557713973968,0.9371262231942252,0.9802147353748158,0.2187019905789795,True,0.4069486158863323,1.1118977104530865,1.075061748556668,1.0135049584305045,1.9955507008424604,1.0580669144186243,1.2958226588914508,0.9999707919207154,0.4375506786395058,1.0792430530244488,0.2781565063868328,1.0016319637221147,1.2096596956792465,1.000257464036124,1260.8962892892482,0.9914183800636222,0.9371262231942252,0.9954557713973968,0.9802147353748158,0.9550006577766044,1.0045361393396133,1.8312013497770037,1.8312013497770057,0.9371262231942252,1.8312013497770037
0,68,uniform,10.0,load,load,0.883127748360415,0.682969974231056,0.8239981872354121,0.6492421800036146,True,0.3218744386442682,0.9087829883091828,0.8786759962587816,0.8329623866093009,1.9721132721131305,1.0456400851293062,1.2897739411090068,0.9953030690116332,0.440039728868964,1.0853824336720217,0.2764592464303768,0.9955201892926224,1.2022964238047904,0.994168836235711,1236.9308412769076,0.9725748115261282,0.682969974231056,0.883127748360415,0.8239981872354121,0.7509633889954271,0.9747237221133391,1.8487267653116608,1.8664199069075176,0.682969974231056,1.8487267653116608
30,75,uniform,6.4031242374328485,wind,load,0.9286356229878384,0.8475552745270694,0.8819919884704271,0.3784183678326088,True,0.3060204665137468,1.085450494687269,1.0494907002863472,0.9271840684255088,1.88121779870702,0.9974461239130756,1.2890013742074276,0.9947068884069162,0.4066608420679228,1.0030515553158872,0.271183304218503,0.9765217037752126,1.2011617389903202,0.993230574872572,1246.528895167133,0.9801215757766396,0.8475552745270694,0.9286356229878385,0.8819919884704271,0.8318489790112858,0.9703736385324792,1.8312013497770037,1.8487267653116621,0.8475552745270694,1.8312013497770037
28,50,uniform,8.54400374531753,load,wind,1.0357626784399523,0.975071313926289,1.0025313828293565,0.3717244017416375,True,0.3834207577084879,1.11439097403859,1.0774724130311475,1.0227917958124475,1.9811598911115744,1.0504367200860445,1.3007442277684131,1.003768707548768,0.4339511783153341,1.07036468553728,0.2788353831040926,1.0040765753124272,1.214766966396254,1.0044806233872932,1263.4268019988176,0.9934080732941938,0.975071313926289,1.0357626784399523,1.0025313828293565,0.9857809120753653,1.027064056951375,1.8312013497770037,1.8312013497770057,0.975071313926289,1.8312013497770037
18,51,uniform,8.06225774829855,load,load,1.0261376351091105,0.9736655421986145,0.9970843248495476,0.2177168399704961,True,0.3930195420761418,1.0827981480832838,1.0469262230407768,1.010604750578987,1.9965414060931488,1.058592199217077,1.301435396170224,1.0043020739082515,0.4349021737786202,1.0727103686714043,0.2789431452797546,1.004464623181684,1.2150376122789135,1.0047044181993443,1265.9315045170506,0.9953774724702098,0.9736655421986143,1.0261376351091103,0.9970843248495475,0.9853537586360307,1.0170119032586424,1.8138420703071392,1.8312013497770057,0.9736655421986143,1.8138420703071392
15,26,uniform,1.4142135623730951,load,load,0.9999430310079772,0.980002552164518,0.9904534297774036,0.0549789880158828,True,0.3218744386442763,1.013544032480281,0.9799664209699808,0.9947950950326516,1.9042538072767377,1.0096601150171816,1.2958547086059151,0.9999955243006704,0.4129691636070408,1.018611380793719,0.2776195616620265,0.9996984443300856,1.2096089593208643,1.0002155105666062,1268.6171227299712,0.9974891221599904,0.980002552164518,0.9999430310079772,0.9904534297774036,0.9868151042609976,1.006250148576798,1.8138420703071392,1.8312013497770057,0.980002552164518,1.8138420703071392
41,95,uniform,6.4031242374328485,load,city,0.8733300798737857,0.4795181574362168,0.822911678195494,0.2756862323335397,True,0.3607447556751859,0.9166654674248242,0.4740124289631409,0.8516244228943184,1.9265009304712415,1.0214558288435265,1.2932950116593964,0.9980202368914524,0.4154365410229969,1.024697304242952,0.277101754993753,0.997833840418035,1.2061507886411365,0.997355978214934,1259.8988824933372,0.9906341383791424,0.4795181574362168,0.8733300798737857,0.822911678195494,0.7216859397350014,0.9381444955184907,1.9023158044989832,1.9023158044989843,0.4641748719364491,1.8842823797779598
25,85,uniform,6.0,load,load,0.8912519194851963,0.7536605809377461,0.8567465197367023,0.0371058508892826,True,0.3218744386442765,1.0112239523278403,0.9777232025497736,0.8839503378593657,1.8220696992901453,0.9660850329534132,1.3015035685133285,1.0043546816871427,0.3947433387383788,0.9736563713847408,0.2785279121017142,1.002969382862032,1.21374912632966,1.0036389799668812,1258.119306443784,0.9892348921292844,0.7536605809377461,0.8912519194851963,0.8567465197367023,0.8083852186877004,0.9405030432756664,1.8487267653116608,1.8487267653116621,0.7536605809377461,1.8487267653116608
38,72,uniform,7.211102550927978,load,load,1.0376710491129753,0.9768678620529366,1.0010929264112751,0.135923344372291,True,0.3218744386442765,1.138501326586734,1.1007840158207272,1.0221198984288198,1.8743199053464048,0.9937887712129044,1.3060525155345273,1.0078650495017365,0.4057365665791185,1.000771778483008,0.2794229606449078,1.0061924217245448,1.2195641969046709,1.008447413088467,1262.1727775528614,0.9924220581117152,0.9768678620529366,1.0376710491129753,1.0010929264112751,0.9786761520185825,1.0085627588359896,1.8312013497770037,1.8312013497770057,0.9768678620529366,1.8312013497770037
36,86,uniform,5.0,load,load,0.9029601030142552,0.5863835587487184,0.8647185652714601,0.0076004266469189,True,0.3218744386442758,0.7110747953018581,0.6580939592600245,0.8357010241349122,1.8872060952850511,1.000621196578614,1.2940850563608204,0.9986299049045212,0.4112879743929858,1.014464634214031,0.2775570313946996,0.999473274999092,1.2071239798480071,0.9981607018674488,1259.6523818769765,0.9904403197091748,0.5863835587487184,0.9029601030142552,0.8647185652714601,0.7896503098361689,0.9471043507470096,1.8842823797779598,1.8842823797779598,0.5863835587487184,1.8842823797779598
26,80,uniform,8.48528137423857,load,wind,1.0188652373326377,1.002761389629684,0.9801061956132606,0.3106935366832087,True,0.3218744386442754,1.040873479036109,1.0063904726837147,0.9798443960733774,1.853062632345591,0.98251788882268,1.3018001781879154,1.004583571812773,0.4010519959483097,0.989217024813278,0.2780369267443319,1.0012013615632969,1.214496311394675,1.0042568210348832,1257.8693423290692,0.9890383501775076,1.0027613896296839,1.0188652373326377,0.9801061956132606,0.9716616772274262,1.0063657250043163,1.8138420703071392,1.8312013497770057,1.0027613896296839,1.8138420703071392
44,88,uniform,5.656854249492381,load,load,0.8502062684352325,0.505637392945619,0.8308598441462439,0.1620992633649188,True,0.3218744386442771,0.8203672035798285,0.5177985854590854,0.8343049809810597,1.9022586476153167,1.008602255436946,1.2909238631638764,0.9961904500586962,0.4092112596033955,1.0093423018324488,0.2766891296014084,0.9963479906445232,1.2033693921158657,0.995056064739447,1254.1135760567645,0.986085263753814,0.505637392945619,0.8502062684352325,0.8308598441462439,0.7567906527771423,0.970222876163848,1.8842823797779598,1.9023158044989843,0.505637392945619,1.8842823797779598
34,75,uniform,4.123105625617661,load,load,0.924312986257525,0.8562055389167261,0.8924853109828742,0.0726478542179984,True,0.321874438644277,1.080707031282772,1.0449043826656597,0.93318125461435,1.8338122679967976,0.9723110954801888,1.296274347522446,1.0003193546155706,0.3999351696538154,0.9864623107227508,0.2779539348221517,1.0009025105205287,1.2086973287598843,0.9994616908962304,1260.008533620951,0.990720354941309,0.8562055389167261,0.924312986257525,0.8924853109828742,0.8626075269685891,0.9771357848671429,1.8312013497770037,1.8487267653116621,0.8562055389167261,1.8312013497770037
9,52,uniform,8.602325267042627,city,load,1.013820164604224,0.9900890266892192,0.993199544524706,0.212130869450021,True,0.3811459705710466,1.0438073366105216,1.0092271347474209,0.9988486243204414,1.9857774049609491,1.052884985935081,1.3002491705163308,1.0033866778095797,0.430725513157958,1.0624084032540353,0.278597781778672,1.0032209811533856,1.2131206656702875,1.0031193111148595,1265.7986948687649,0.9952730468108762,0.9900890266892193,1.013820164604224,0.993199544524706,0.9868332682060487,1.00995408600988,1.8138420703071392,1.8312013497770057,0.9900890266892193,1.8138420703071392
30,35,uniform,5.0,wind,load,1.0027374521743369,0.959781059405773,0.9804829200190742,0.4399254321926048,True,0.337231095650639,1.0366422286067152,1.0022993989793252,0.991745969146291,1.9400945858643064,1.0286633615869132,1.2906499243081515,0.995979054731861,0.4235123630867443,1.0446167679422458,0.2712720354525711,0.9768412218816828,1.2044809894286184,0.9959752352409152,1253.3369737052235,0.985474636335954,0.959781059405773,1.0027374521743369,0.9804829200190742,0.9631310865797126,1.0066021199867352,1.8138420703071392,1.8312013497770057,0.959781059405773,1.8138420703071392
0,47,uniform,8.06225774829855,load,load,0.922674296696726,0.8641434022297825,0.8976697887315844,0.5790643046231019,True,0.3218744386442695,1.0836580526810569,1.04775763993442,0.9406025930710504,2.0202963381212715,1.0711873728814745,1.2889057210985426,0.9946330740509276,0.4473029618122091,1.1032976011695763,0.2767356741708746,0.9965155960301408,1.20243593900032,0.9942842001815986,1241.3258279936117,0.9760305046295888,0.8641434022297825,0.922674296696726,0.8976697887315844,0.8512563507261919,0.9777133540581375,1.8312013497770037,1.8487267653116621,0.8641434022297825,1.8312013497770037
31,53,uniform,2.8284271247461903,load,load,0.9915620287526016,0.9653555465036812,0.9568979791881276,0.1026472171205196,True,0.3218744386442775,1.003411104375678,0.9701691857533578,0.958439680541092,1.8909451467005969,1.0026036902293285,1.2977353016700146,1.001446755395207,0.4057181365194863,1.0007263197172105,0.2777604134053436,1.000205646588573,1.2106188484299172,1.0010505794068651,1262.3300632179826,0.9925457287899828,0.9653555465036812,0.9915620287526017,0.9568979791881276,0.9419921612358736,1.0040120930181515,1.8138420703071392,1.8312013497770057,0.9653555465036812,1.8138420703071392
5,21,uniform,4.47213595499958,load,load,1.0028157626141778,0.9771748043827369,0.9887697898665136,0.2325393156716249,True,0.3218744386442139,1.0230215513240606,0.9891299599217972,0.9953382664668078,2.001854910441941,1.0614094882735283,1.2941063679529952,0.9986463508043965,0.4325421525424177,1.0668892452027323,0.27724340499731,0.9983439171840508,1.2071412244189506,0.9981749612586328,1261.8295240725745,0.9921521645350044,0.9771748043827369,1.0028157626141778,0.9887697898665135,0.9782231219778307,1.0066424760467396,1.8138420703071392,1.8312013497770057,0.9771748043827369,1.8138420703071392
15,82,uniform,7.615773105863909,load,load,0.9934996765809452,0.98832218295726,0.9409082958977788,0.0678726683393384,True,0.3218744386442754,0.9980188080798268,0.9717998440671416,0.9331101685844376,1.7406892660914437,0.9229360697062002,1.2988359916507215,1.002296144641578,0.3778023882473912,0.9318705759978412,0.2784280960216705,1.0026099486084028,1.211519270454319,1.0017951308322846,1255.722505566993,0.9873503339282742,0.98832218295726,0.9934996765809452,0.9409082958977788,0.9277187763470169,1.0000760042295793,1.8138420703071392,1.8312013497770057,0.98832218295726,1.8138420703071392
24,86,uniform,6.324555320336759,load,load,0.8242125550205669,0.4525492649656324,0.7804417397054477,0.1202747032348846,True,0.321874438644277,0.9020897073137772,0.461827715228432,0.8120946596824372,1.8120325002787063,0.9607631796008748,1.2984138841368342,1.0019704093397284,0.3923630976563407,0.9677853745431853,0.2779033527613337,1.000720366268128,1.210486901495036,1.0009414735922768,1254.567201665017,0.986441940801331,0.4525492649656324,0.8242125550205669,0.7804417397054477,0.6936612825971226,0.9001229933424394,1.9023158044989832,1.9023158044989843,0.43168772821803353,1.8842823797779598
2,83,uniform,8.06225774829855,load,wind,0.9666602609858028,0.9100180093565716,0.8801005644153158,0.1476123338249694,True,0.3218744386442113,1.0019702845847798,0.96877609875516,0.8849163473293846,1.7503312651874745,0.9280483829278374,1.2870556874861692,0.9932054253184788,0.3821570797470376,0.9426116644671156,0.2761990480970228,0.9945832240891832,1.2006843778058272,0.9928358489099433,1243.2208516961864,0.977520525137499,0.9100180093565716,0.9666602609858028,0.8801005644153158,0.8416239448085046,1.004598628826342,1.8312013497770037,1.8312013497770057,0.9100180093565716,1.8312013497770037
27,96,uniform,7.071067811865476,load,sync,0.8554854209420615,0.3103298430255782,0.8347194920060916,0.0413824803238128,True,0.3218744386442753,0.7676674790557879,0.404129893230932,0.8172053196877416,1.9398205744667625,1.028518077183068,1.290681158620168,0.996003157875534,0.4199660483330754,1.035869585618964,0.2768607748296652,0.9969660791777584,1.2046431508510602,0.9961093251620357,1257.5622269399234,0.9887968712833388,0.31032984302557826,0.8554854209420615,0.8347194920060916,0.6926320499618953,0.830332713296547,1.3630148852012474,1.976191979373157,0.31032984302557826,1.3630148852012474
83,91,uniform,2.23606797749979,wind,load,1.0050521326370512,0.9882589718060298,0.9966183709076428,0.0036340684895104,True,0.3218744386442759,1.0154528363419757,0.9818119882356684,1.0003398874538758,1.8460932085424373,0.9788226097523134,1.294498956924954,0.9989493070017548,0.3949780652600161,0.9742353373884626,0.2769340147559057,0.9972298136202704,1.208003934373781,0.9988883288897934,1264.8210097231797,0.9945043118788424,0.9882589718060298,1.0050521326370512,0.9966183709076428,0.9930388487763574,1.0054334584140248,1.8138420703071392,1.8312013497770057,0.9882589718060298,1.8138420703071392
6,73,uniform,7.615773105863909,load,sync,1.031117369795772,1.0081021795781897,0.9759627905544356,0.1106068038400049,True,0.3218744386442743,1.0674047023152118,1.0320427453897685,0.9750955278658392,1.753645445343167,0.9298056043152372,1.29644883090494,1.0004540013474923,0.3755824544609917,0.9263949860053964,0.2775727781260642,0.9995299784343764,1.2101207249343713,1.0006386852632383,1254.6413897075386,0.9865002734251652,1.0081021795781895,1.031117369795772,0.9759627905544357,0.9513966688390444,1.004531978921056,1.8138420703071392,1.8312013497770057,1.0081021795781895,1.8138420703071392
82,93,uniform,1.4142135623730951,load,load,1.0113614786214375,0.9664429624149902,0.9989366386215622,0.0191241766024291,True,0.3218744386442763,1.0476853423970394,1.0129766664197797,1.0103533498429935,1.8893142709914967,1.0017389787346025,1.295615696032145,0.9998110811663942,0.4096677701772923,1.01046831052027,0.2776498690629184,0.9998075802329806,1.2091008420948506,0.9997953526910144,1270.53171911989,0.9989945322936334,0.9664429624149902,1.0113614786214375,0.9989366386215622,0.9919475384828575,1.0079381968021863,1.8138420703071392,1.8312013497770057,0.9664429624149902,1.8138420703071392
79,86,uniform,3.1622776601683795,load,load,1.0096568579073928,0.9776930130827252,0.9971420601668716,0.0344432369425589,True,0.3218744386442763,1.0331523334141142,0.9989251202189992,1.0044237799820916,1.894418945608524,1.004445543553461,1.2967609089753882,1.0006948282485393,0.4122978542131628,1.016955558885213,0.2774893007046272,0.999229379125568,1.2103207893994257,1.0008041168926247,1266.0468797417457,0.9954681897792688,0.9776930130827252,1.0096568579073928,0.9971420601668715,0.9908487334242034,1.0017262758544685,1.8138420703071392,1.8312013497770057,0.9776930130827252,1.8138420703071392
56,98,uniform,4.47213595499958,load,city,0.9544258458439706,0.619805484405669,0.9577839477494337,0.1006287846027973,True,0.3218744386442742,0.8456644047485551,0.7107132889740624,0.9418438318711236,1.893943098156164,1.0041932430504268,1.3011255565240778,1.0040629743723704,0.4081093279140221,1.0066243261127867,0.2782373606452348,1.0019231171115155,1.2136514705785073,1.0035582292447192,1261.0994426914033,0.9915781156569298,0.619805484405669,0.9544258458439706,0.9577839477494337,0.8638535049262486,0.9531574012040419,1.8842823797779598,1.8842823797779598,0.619805484405669,1.8842823797779598
13,61,uniform,5.385164807134504,load,load,1.0035729222164085,1.000274736584347,0.9507868734703784,0.0350936233119851,True,0.3218744386442753,1.0090044503521605,0.988467582493746,0.9420941196109752,1.7329451290405118,0.9188300276042104,1.2967937662308664,1.0007201837982014,0.3766944308797707,0.9291377376080808,0.2781475910983407,1.001599860076453,1.2095721152613084,1.0001850445225544,1256.1710992809058,0.9877030544945348,1.000274736584347,1.0035729222164085,0.9507868734703785,0.9324201491235599,1.0002835259072114,1.8138420703071392,1.8312013497770057,1.000274736584347,1.8138420703071392
1,92,uniform,9.055385138137416,load,city,0.9714122646289456,0.9166911836430798,0.8889329663850317,0.3152604056291711,True,0.321874438644269,0.9970947140564884,0.9640620505760156,0.8905073507373938,1.779068368619973,0.9432851686157764,1.2875990988589956,0.993624769352244,0.3788426372026232,0.9344364078275182,0.2760487756308695,0.994042098133434,1.200752252804787,0.9928919741777136,1238.6636607646506,0.9739372939952052,0.9166911836430798,0.9714122646289457,0.8889329663850317,0.8510838641471282,1.0042612188813551,1.8138420703071392,1.8312013497770057,0.9166911836430798,1.8138420703071392
36,90,uniform,8.48528137423857,load,load,1.0187395597878472,1.0013590839931688,0.9817336070072468,0.2291540532938421,True,0.3218744386442757,1.039795671535568,1.0053483717734908,0.9815167069111173,1.8207816186796937,0.9654020758747242,1.300466723867034,1.0035545611189929,0.3926642914073475,0.968528285660131,0.2777962212847909,1.0003345895245963,1.2132318042206849,1.0032112106507158,1254.5500600924966,0.9864284627141924,1.0013590839931688,1.0187395597878472,0.9817336070072469,0.9735928718382665,1.0063088936868254,1.8138420703071392,1.8312013497770057,1.0013590839931688,1.8138420703071392
57,64,uniform,3.1622776601683795,load,load,0.993075990918584,0.9348858879063896,0.9989758019365568,0.061610369602317,True,0.3218744386442763,1.1474878716359918,1.1094728464058727,1.0359199735741598,1.8981548378396536,1.0064263621635432,1.295930624459113,1.0000541076533538,0.413336075477949,1.0195163893037755,0.2775590451160081,0.99948052633991,1.2096889673086102,1.0002816685011156,1269.2975296584414,0.9980241129760772,0.9348858879063895,0.993075990918584,0.9989758019365568,0.9745766590433652,0.9861853992880559,1.8312013497770037,1.8312013497770057,0.9348858879063895,1.8312013497770037
34,92,uniform,6.324555320336759,load,city,0.986685835225,0.9657532857960336,0.9358853711340656,0.0648179813268827,True,0.3218744386442762,0.9945509371599496,0.9616025462415594,0.9318741243246892,1.7556791114074088,0.9308838804906518,1.2998220859204412,1.0030571017532892,0.3756687149799901,0.9266077523669268,0.2786775491521815,1.003508220707862,1.212547406635355,1.002645288023435,1257.1517105807634,0.9884740902051126,0.9657532857960337,0.986685835225,0.9358853711340657,0.9234300484106271,1.0034819724855963,1.8138420703071392,1.8312013497770057,0.9657532857960337,1.8138420703071392
13,92,uniform,8.06225774829855,load,city,0.9817721526570488,0.9526019909874132,0.9163286338393716,0.092024266933873,True,0.3218744386442763,0.9931103790884852,0.9602097122923152,0.9123881032219864,1.698826419727716,0.9007398445428152,1.2968803628425802,1.0007870093640294,0.3665815915556351,0.904193857688018,0.2782083556556784,1.0018186711468158,1.209336897353381,0.999990544805882,1251.734461155725,0.9842146116936804,0.9526019909874132,0.9817721526570488,0.9163286338393716,0.8964579535187168,1.0040051867233466,1.8138420703071392,1.8312013497770057,0.9526019909874132,1.8138420703071392
54,71,uniform,3.605551275463989,load,load,1.0214559085400192,0.9797758512007856,1.000272587177493,0.0545842257556186,True,0.3218744386442758,1.058723617441541,1.0236492554167975,1.0098837205822404,1.843474851557609,0.9774343228525546,1.296137147709198,1.0002134791665165,0.3980488626487583,0.9818096297180972,0.2773869360436982,0.9988607675202746,1.2092091045424345,0.9998848740015592,1268.0012517701198,0.9970048747285952,0.9797758512007856,1.0214559085400192,1.0002725871774927,0.9925197813984382,1.009667183546177,1.8138420703071392,1.8312013497770057,0.9797758512007856,1.8138420703071392
63,82,uniform,2.23606797749979,load,load,0.9998244942327772,0.9930763366003194,0.9940100600797772,0.0225737544658153,True,0.3218744386442762,1.0038528488020562,0.989758851439029,0.9948455610968966,1.868687506024172,0.9908023998973908,1.2956160243991195,0.9998113345632468,0.4011439840252981,0.9894439185147332,0.2776769989361128,0.9999052739684832,1.208909070281047,0.9996367781854456,1268.383375731559,0.9973053314132976,0.9930763366003194,0.9998244942327772,0.9940100600797772,0.9922281412072366,1.0022128784089157,1.8138420703071392,1.8312013497770057,0.9930763366003194,1.8138420703071392
21,80,uniform,6.082762530298219,load,wind,0.9883834341822808,0.9760364513301452,0.9344228309982516,0.1678083067518823,True,0.3218744386442771,0.9913187074549564,0.958581014204412,0.9277469711961676,1.8059804120742124,0.9575542837859926,1.2935635053225676,0.9982274302285536,0.3878133252737176,0.9565631082400994,0.2764493132253055,0.995484420164548,1.205942897043475,0.9971840743951952,1252.118831062094,0.9845168343214686,0.9760364513301453,0.9883834341822808,0.9344228309982516,0.9131045825162881,1.0003647372774473,1.8138420703071392,1.8312013497770057,0.9760364513301453,1.8138420703071392
5,37,uniform,3.605551275463989,load,load,0.9939487714817652,0.9357075271759104,0.97029392667481,0.0579711191671222,True,0.3218744386442767,1.0382283381473778,1.0038329624358886,0.9838513068510096,1.8888567830616916,1.0014964126890145,1.2967650918181284,1.0006980560980745,0.4031333224371014,0.9943507322071016,0.2781171227781799,1.0014901447088334,1.209473210120028,1.000103260690167,1265.0249545079778,0.9946646697210256,0.9357075271759105,0.9939487714817653,0.97029392667481,0.9610199261942233,1.0117761829211802,1.8312013497770037,1.8312013497770057,0.9357075271759105,1.8312013497770037
27,60,uniform,8.06225774829855,load,wind,1.0407784740130457,0.9797932048397636,1.0022570612449333,0.3660173641576397,True,0.3698537872411222,1.1105109746245452,1.0737209537779735,1.01800994608869,1.9423517775593797,1.0298601539565828,1.3037076548558797,1.006055548661724,0.4178035719003352,1.0305357173808425,0.2788191270085566,1.0040180376743697,1.2176314931717291,1.0068492765699482,1263.0446201082918,0.9931075710609704,0.9797932048397635,1.0407784740130455,1.0022570612449333,0.9870327437763393,1.0243121064925462,1.8312013497770037,1.8312013497770057,0.9797932048397635,1.8312013497770037
40,92,uniform,5.385164807134504,wind,city,0.9904027248096072,0.9473909373240538,0.9454381594465356,0.3147751068716215,True,0.3218744386442773,1.0107783224366576,0.9772923358922384,0.9493761826358595,1.8561256489093267,0.9841419400096714,1.2930269257352809,0.9978133582016864,0.396027657305768,0.976824214469878,0.2728173953739597,0.9824060095360306,1.2051789665839183,0.996552386700792,1254.9746352560724,0.9867622979585844,0.9473909373240538,0.9904027248096072,0.9454381594465356,0.9252354812432176,1.0066498815917715,1.8138420703071392,1.8312013497770057,0.9473909373240538,1.8138420703071392
74,96,uniform,2.8284271247461903,load,sync,1.023994759806011,0.3823281574972056,1.0263724631506193,0.0389935125205472,True,0.3218744386442759,1.1841028933570563,0.4973435177739981,1.072411066238305,1.902299534677952,1.008623934288896,1.3028451727587955,1.0053899815799012,0.408119240461951,1.0066487759628553,0.2787149599010049,1.003642935521098,1.2150487356977042,1.0047136160611156,1269.0663151670433,0.9978423134906984,0.38232815749720567,1.023994759806011,1.0263724631506193,0.7929410110198484,0.9233010863441742,1.4431795727918129,1.995105020049425,0.38232815749720567,1.4431795727918129
55,70,uniform,5.385164807134504,load,wind,1.0238790096876802,0.9638839785011551,0.9987985195584098,0.2574730708481264,True,0.3218744386442753,1.0934825036415,1.057256617519183,1.018924690840031,1.8263204483531712,0.9683388353464992,1.2919610635657948,0.996990845159191,0.4013811319444202,0.99002885702985,0.273975014189915,0.9865745548737922,1.2054503407849,0.99677678375316,1261.8500192644033,0.9921682795081826,0.9638839785011551,1.0238790096876802,0.9987985195584098,0.9851083547423605,1.0106905633028709,1.8312013497770037,1.8312013497770057,0.9638839785011551,1.8312013497770037
65,81,uniform,4.47213595499958,load,load,1.0078817816000565,0.948824121127194,0.9961852725573423,0.0974018439926875,True,0.3218744386442759,1.141829043342184,1.1040014889391467,1.030458289734936,1.855996452306672,0.984073438291992,1.2944717219228403,0.9989282900775296,0.3968978741985524,0.9789706527729384,0.2767650152681979,0.9966212523072902,1.207774051740018,0.9986982408666122,1264.8725269581323,0.9945448188848952,0.9488241211271939,1.0078817816000565,0.9961852725573425,0.9732751585976318,0.987387310088794,1.8312013497770037,1.8312013497770057,0.9488241211271939,1.8312013497770037
48,83,uniform,6.4031242374328485,load,wind,1.029445120570537,0.9757559902028424,0.9944530360872258,0.0992776703566281,True,0.3218744386442754,1.0883390205214096,1.0522835324010358,1.0058197352934988,1.8699840427351575,0.9914898405104728,1.3035149172035758,1.005906815328899,0.402798240456759,0.9935242338901464,0.2790837183997454,1.0049708221272051,1.2163910883916773,1.005823596253323,1260.1728954478554,0.9908495894688096,0.9757559902028423,1.029445120570537,0.9944530360872258,0.9811119993201426,1.0112746860682982,1.8138420703071392,1.8312013497770057,0.9757559902028423,1.8138420703071392
75,93,uniform,2.8284271247461903,load,load,1.0108769774047317,0.9783135870256766,0.9984462378279976,0.0122347215905795,True,0.3218744386442762,1.0365679597170576,1.0022275905372109,1.0062644979287485,1.856795042875296,0.9844968613894208,1.295996517931164,1.000104956854807,0.3969506278445348,0.9791007725710046,0.2777544901403331,1.0001843171160356,1.2093538397303325,1.000004554315387,1267.4362496062267,0.9965606244482051,0.9783135870256766,1.0108769774047317,0.9984462378279975,0.9933726666584992,1.0056398151744605,1.8138420703071392,1.8312013497770057,0.9783135870256766,1.8138420703071392
32,67,uniform,5.830951894845301,sync,load,0.7874558201697207,0.3522518329906564,0.7707990677694574,0.2240708691948842,True,0.3218744386442477,0.9233498023811456,0.4727118889983993,0.8214423157152908,1.9313373280759305,1.0240201497040962,1.2917887013174023,0.9968578352809954,0.4172229435157888,1.029103565218814,0.2774464984169585,0.9990752495673338,1.2043897264367136,0.9958997706377966,1254.9130292933826,0.9867138583809196,0.35225183299065643,0.7874558201697207,0.7707990677694574,0.669306551607731,0.8759254133369344,1.9205218171562206,1.9205218171562206,0.2979209569392942,1.8842823797779598
49,74,uniform,5.830951894845301,hvdc,load,1.018041073509084,0.9905207036190768,0.9934388274654204,0.0769834660440352,True,0.321874438644276,1.045409886489571,1.0107765938918398,0.9973229981828906,1.894529335461098,1.0045040736878477,1.3006412047382647,1.0036892059130027,0.4105782006097471,1.0127139377526266,0.2781478774228229,1.001600891121015,1.213856415999589,1.0037276968957365,1250.916397708384,0.9835713842176051,0.9905207036190767,1.018041073509084,0.9934388274654204,0.9855688027516543,1.0134896929081383,1.8138420703071392,1.8312013497770057,0.9905207036190767,1.8138420703071392
79,84,uniform,5.0990195135927845,load,load,0.9977730146337768,0.9142379087588866,0.9947608427435066,0.0897959727292885,True,0.3218744386442764,1.162735603098745,1.124215437108025,1.034606652564658,1.912314860887046,1.0139341903973866,1.295466013945612,0.9996955732968722,0.4194067128298657,1.034489953531486,0.2772176760256322,0.998251268046481,1.208903028277954,0.9996317821037268,1261.438909903639,0.9918450321642572,0.9142379087588866,0.9977730146337768,0.9947608427435066,0.9659996499560456,1.0009524724746763,1.8312013497770037,1.8487267653116621,0.9142379087588866,1.8312013497770037
91,98,uniform,7.0,load,city,0.9917036648834504,0.6160162518076753,0.9740799620605664,0.1611598351040538,True,0.3218744386442761,0.9726751636365658,0.6884509351339224,0.9721029335756036,1.826400346673902,0.9683811984744556,1.295535721665401,0.9997493659075216,0.3898962807161406,0.9617008335385364,0.2767314389923173,0.9965003452985648,1.208571228894093,0.9993574199740676,1249.0383342732134,0.9820946992401252,0.6160162518076753,0.9917036648834505,0.9740799620605665,0.8619068563643887,0.9704384885002819,1.8842823797779598,1.9023158044989843,0.6160162518076753,1.8842823797779598
56,77,uniform,2.23606797749979,load,load,0.9822818467422644,0.6800013234909157,0.9755103856288242,0.0326484648382006,True,0.3218744386442755,0.8329367326259449,0.805342444539288,0.9525912607862111,1.8925492502890375,1.003454206797769,1.3004583087884003,1.0035480673038188,0.4079538635607314,1.006240864649983,0.2786807999959387,1.003519926883851,1.2135317792181473,1.0034592574619867,1269.4871453663795,0.998173204142096,0.6800013234909157,0.9822818467422643,0.9755103856288242,0.887847832164023,0.987202662263431,1.8664199069075176,1.8842823797779598,0.6800013234909157,1.8664199069075176
8,76,uniform,7.280109889280518,load,load,0.9231530182872733,0.6933719361528381,0.8796449360424038,0.0558218245766982,True,0.3218744386442749,0.9227987719233214,0.8922274522047318,0.8783443637008839,1.8859857773211584,0.9999741681357284,1.2974349705542068,1.0012149934780554,0.4145212774730402,1.022439755857817,0.2785422747151166,1.003021102136383,1.209022687612356,0.9997307274044628,1260.4559013187843,0.9910721115148244,0.6933719361528381,0.9231530182872731,0.8796449360424038,0.8236412459035118,0.9644852880223713,1.8487267653116608,1.8664199069075176,0.6933719361528381,1.8487267653116608
22,24,uniform,2.0,wind,load,1.0009752292522631,0.9903319907161324,0.9943756367509262,0.0968813038015355,True,0.3218744386442771,1.0086004732031577,0.982859595737357,0.996833766485848,1.9164247420858245,1.0161133028182252,1.2976129941337875,1.0013523721375754,0.414132812498271,1.0214815854199,0.2781857601055882,1.0017373053520615,1.2112247549361843,1.0015515984187136,1265.0514745979517,0.994685521955158,0.9903319907161323,1.0009752292522633,0.9943756367509262,0.9897126144052143,1.002646227605831,1.8138420703071392,1.8312013497770057,0.9903319907161323,1.8138420703071392
55,90,uniform,6.4031242374328485,load,load,1.018122716308067,0.9730698844958564,0.99551352709909,0.122602399085298,True,0.3218744386442758,1.0567859254326044,1.021775757036769,1.0063481610256946,1.847591366391245,0.9796169525128008,1.2954409298984415,0.9996762162387582,0.3949336722845416,0.9741258396486056,0.2769610363763353,0.9973271175413092,1.2087834508404414,0.9995329045228424,1259.1603531426235,0.9900534470259093,0.9730698844958565,1.018122716308067,0.9955135270990899,0.9865285328415295,1.0093159610115803,1.8138420703071392,1.8312013497770057,0.9730698844958565,1.8138420703071392
65,94,uniform,3.1622776601683795,load,load,1.004278906303242,0.977119939558271,0.9932781290698722,0.0148104276550743,True,0.321874438644276,1.0227474719621426,0.9888649605110632,0.9992329998519224,1.8837933250872532,0.9988117014696803,1.2951445125397911,0.999447474521028,0.40898983163324,1.0087961374446373,0.277540834940601,0.9994149521277887,1.2085196593345184,0.9993147775374668,1268.931825051984,0.9977365665128228,0.977119939558271,1.004278906303242,0.9932781290698722,0.9887073776753682,1.0048975132954894,1.8138420703071392,1.8312013497770057,0.977119939558271,1.8138420703071392
35,44,uniform,1.4142135623730951,load,load,1.003074734524655,0.9938970382754668,0.9989354937863802,0.0448153498290072,True,0.3218744386442763,1.0108606969181977,0.989984746121877,1.0011953402205267,1.9150465046148653,1.0153825434004773,1.2976118487760622,1.0013514882787664,0.4105603113320475,1.012669812855504,0.2781398314920466,1.001571918002435,1.2113881014591832,1.0016866682895518,1270.2295143519314,0.998756914525985,0.9938970382754667,1.0030747345246547,0.9989354937863802,0.9971997213640376,1.003422644916971,1.8138420703071392,1.8312013497770057,0.9938970382754667,1.8138420703071392
16,96,uniform,8.0,sync,sync,0.8600626637769933,0.2885944010588249,0.7994487241801785,0.0417710250067894,True,0.3218744386442751,0.8636375432554948,0.3753456883470243,0.8135049096069653,1.8880562231864255,1.0010719454396122,1.2937107140821489,0.9983410294613544,0.4094667528938646,1.0099724902250036,0.2773205208047725,0.9986216085408558,1.2069044139070049,0.9979791446310456,1254.6182322885263,0.986482065194212,0.28859440105882495,0.8600626637769933,0.7994487241801785,0.6566699361348521,0.8307069801586004,1.3372953686945157,1.976191979373157,0.28859440105882495,1.3372953686945157
10,81,uniform,7.071067811865476,wind,load,0.9828422564865772,0.9610848661124584,0.9098163439888312,0.3436300906075011,True,0.32187443864427,0.986797878761639,0.9541063382361008,0.902590005303196,1.8071214309760228,0.9581592668356452,1.2885330033794449,0.9943454522608842,0.3903757898672256,0.9628835694944704,0.2752288128396489,0.9910894404680864,1.2011131519063878,0.9931903986200832,1232.0199306168952,0.9687134573984776,0.9610848661124584,0.9828422564865771,0.9098163439888312,0.8699151539427595,1.0001735244405596,1.8138420703071392,1.8312013497770057,0.9610848661124584,1.8138420703071392
9,18,uniform,1.4142135623730951,city,load,1.000317921411471,0.9975225967038428,0.9982141682770636,0.0108234849064414,True,0.321874438644276,1.0016948219355697,0.9957234503206116,0.9986205287365988,1.88848104362152,1.001297190754979,1.2959123440100493,1.0000400008502346,0.4046774461694661,0.9981593991627704,0.277763373135664,1.00021630447514,1.209367485393865,1.000015837800196,1272.1404811778484,1.0002594708036103,0.9975225967038428,1.000317921411471,0.9982141682770637,0.9975474465204757,1.0008351141995215,1.8138420703071392,1.8312013497770057,0.9975225967038428,1.8138420703071392
0,11,uniform,1.4142135623730951,load,load,0.999435560315756,0.9983715286018696,0.9969276142712236,0.0368033757843678,True,0.3218744386442771,0.9999153530935684,0.9971375264513276,0.9967990400821908,1.9150380419529744,1.0153780563871675,1.2949733040207665,0.9993153549619372,0.4142102746912434,1.021672650221576,0.2775852742927294,0.9995749766985494,1.2083994163723293,0.9992153496398052,1267.7395904525529,0.9967991354923144,0.9983715286018696,0.9994355603157559,0.9969276142712237,0.9953663412365599,1.0001248475434408,1.8138420703071392,1.8312013497770057,0.9983715286018696,1.8138420703071392
23,42,uniform,2.23606797749979,load,load,0.999996586779905,0.9995854281856889,0.9890242698280646,0.0233011524876009,True,0.3218744386442762,1.000981478376547,0.9973861313659071,0.9867868231111314,1.8913398872063083,1.0028129867752382,1.2965690871515552,1.0005468016495522,0.4082941572004158,1.0070802178141918,0.2778752540121303,1.000619183643611,1.209232593068587,0.9999042964669744,1267.040385555557,0.9962493641969266,0.9995854281856889,0.999996586779905,0.9890242698280646,0.9884780159981424,1.0000225012469341,1.8138420703071392,1.8312013497770057,0.9995854281856889,1.8138420703071392
34,40,uniform,4.123105625617661,load,wind,1.004827912471914,0.9966243846558764,0.9980031177648206,0.3068179300055074,True,0.3218744386442773,1.0123897076833337,0.9904030472666284,1.0000064076497783,1.8956861066367607,1.0051174087978028,1.2913939622926975,0.99655321991374,0.4226230635018416,1.042423261119109,0.2718698713454571,0.9789940082649796,1.2051174898041122,0.9965015520668156,1261.503960837386,0.9918961804560756,0.9966243846558763,1.004827912471914,0.9980031177648206,0.9944814223916818,1.0024977006633398,1.8138420703071392,1.8312013497770057,0.9966243846558763,1.8138420703071392
25,98,uniform,7.615773105863909,load,city,0.8388862977322099,0.4890836286865805,0.806393231471579,0.1517412546609672,True,0.3218744386442768,0.8181721694638666,0.4906296637600563,0.8113535662410386,1.8632146831294212,0.9879006380774764,1.2915182420355626,0.9966491250995614,0.406909675729527,1.0036653173639314,0.2772704486065556,0.9984413002860556,1.203091792381008,0.994826519845294,1251.1088748332463,0.9837227252604424,0.48908362868658056,0.8388862977322099,0.806393231471579,0.7342141172045341,0.9392599300056425,1.8842823797779598,1.9023158044989843,0.48908362868658056,1.8842823797779598
47,61,uniform,6.324555320336759,load,load,1.034376031277183,0.9441692296387107,1.0140905528144784,0.1131964894940386,True,0.3218744386442764,1.204703973789136,1.1647934413203913,1.0517724001884927,1.8871041477631376,1.000567142677654,1.3043363850507732,1.0065407322063844,0.4104767639762864,1.0124637386618034,0.2792617186297735,1.0056117948021284,1.2175592251770049,1.0067895187707985,1264.283976354984,0.9940820529218932,0.9441692296387107,1.034376031277183,1.0140905528144784,0.974655996171454,1.0100880580654914,1.8312013497770037,1.8487267653116621,0.9441692296387107,1.8312013497770037
28,89,uniform,6.082762530298219,load,load,0.9218662734298771,0.6898045334331977,0.9016447214339062,0.0072580407582452,True,0.3218744386442759,0.8919929606165953,0.8624422039235562,0.8943460552740773,1.8995148773396489,1.0071474727805974,1.2900501689482096,0.9955162307195436,0.4251873996539674,1.0487483386767682,0.2765386672084539,0.995806180768928,1.203032692355876,0.9947776505298376,1258.3255963122567,0.9893970938654318,0.6898045334331977,0.9218662734298771,0.9016447214339062,0.8456670313235954,0.9711186444129046,1.8664199069075176,1.8664199069075176,0.6898045334331977,1.8664199069075176
30,92,uniform,6.324555320336759,wind,city,0.9822905130228956,0.9348522383519188,0.919861879984058,0.3403673005518668,True,0.299901453757845,1.0024065641919178,0.9691979248933918,0.9218505927745416,1.823937983174512,0.9670756213478626,1.291666173298008,0.9967632818791502,0.3905251642453885,0.963252009695348,0.2718930587726829,0.979077505388838,1.203283977833001,0.9949854363848148,1246.461979607867,0.9800689613658178,0.9348522383519188,0.9822905130228955,0.9198618799840579,0.888414534917637,1.0034962011170618,1.8138420703071392,1.8312013497770057,0.9348522383519188,1.8138420703071392
87,90,uniform,7.071067811865476,load,load,1.00625863409417,0.6546694440288222,0.9822630564610152,0.2252877228429839,True,0.3218744386442763,0.8619953270497289,0.7659816626598541,0.9600867823805136,1.876225848872569,0.994799327238834,1.294504099690808,0.9989532756124352,0.4046040085543626,0.997978261205957,0.276568648851384,0.9959141436286642,1.2080520489575448,0.9989281144358528,1253.139996789204,0.9853197571943076,0.6546694440288222,1.00625863409417,0.9822630564610151,0.8790685473280518,0.9720891964077389,1.8664199069075176,1.8842823797779598,0.6546694440288222,1.8664199069075176
10,50,uniform,4.0,wind,wind,0.9919283502325872,0.9847007363222162,0.945371126871473,0.1296503211018186,True,0.3218744386442745,0.9938595155152088,0.969351085635178,0.9387268980378186,1.8516812959172475,0.9817854862974548,1.2947638160858466,0.9991536956370732,0.4040033635394899,0.9964967369133866,0.2775358675734443,0.9993970648103776,1.2070590898320768,0.9981070448571278,1237.7845123533957,0.9732460365927325,0.9847007363222162,0.9919283502325871,0.945371126871473,0.921073309091353,0.9977554891751296,1.8138420703071392,1.8312013497770057,0.9847007363222162,1.8138420703071392
15,38,uniform,3.605551275463989,load,load,0.9867073765465976,0.9288904477222194,0.9595181020071684,0.0710393009815032,True,0.3218744386442767,1.0451101938764915,1.0104868297690992,0.9769179476777972,1.878767195494906,0.9961467822436252,1.2967555523544374,1.0006906946084475,0.4022685763713419,0.9922177880027798,0.2777605280433601,1.0002060593961075,1.2091960725962057,0.9998740979944452,1264.6779671130664,0.9943918402394196,0.9288904477222194,0.9867073765465975,0.9595181020071684,0.9483020197074898,1.012449837893958,1.8312013497770037,1.8312013497770057,0.9288904477222194,1.8312013497770037
18,91,uniform,10.63014581273465,load,load,1.0129010285451183,1.0038335857686578,0.9731077545547012,0.2053338287609601,True,0.321874438644275,1.030105822795888,0.995979537184304,0.9704843550115828,1.8512532980098348,0.9815585562449723,1.3015918583981658,1.0044228139315157,0.4041702140643887,0.9969082830009172,0.2779134314499927,1.0007566592775723,1.21453222322434,1.0042865162258514,1252.589061940722,0.9848865677721144,1.0038335857686578,1.0129010285451185,0.9731077545547013,0.9643973436061398,1.0042525652107561,1.8138420703071392,1.8312013497770057,1.0038335857686578,1.8138420703071392
2,24,uniform,2.8284271247461903,load,load,0.998476316934118,0.9851325359921734,0.9876093259974944,0.1037342997634534,True,0.3218744386442775,1.0065897952387002,0.9754430095493188,0.9898959835628393,1.9415782176015333,1.029450002414269,1.2947067671758232,0.9991096716779744,0.4192384890892086,1.0340750203310107,0.2773434665672772,0.998704235438408,1.208421311525971,0.9992334545588452,1263.1660971542628,0.9932030861141546,0.9851325359921734,0.9984763169341179,0.9876093259974945,0.981421130390764,1.0033346104603011,1.8138420703071392,1.8312013497770057,0.9851325359921734,1.8138420703071392
7,32,uniform,5.830951894845301,load,sync,1.0058754633708191,0.9781654397256088,0.9926545032404728,0.3078523469517118,True,0.3354138782790448,1.0318642398045077,0.9976796997498052,1.0002017826308789,1.9788193313445344,1.0491957248812227,1.294522099673085,0.998967165982702,0.4236908598426193,1.0450570401053798,0.2775036658090174,0.9992811073698804,1.207255952339625,0.998269828814688,1262.3308463852743,0.9925463445792866,0.9781654397256089,1.0058754633708193,0.9926545032404728,0.9841584018753889,1.0088239499130087,1.8138420703071392,1.8312013497770057,0.9781654397256089,1.8138420703071392
7,41,uniform,7.211102550927978,load,load,1.0126071858764754,0.98350254747113,0.9951462566749014,0.3074176419390688,True,0.351878890313442,1.042964400169004,1.00841212387347,1.0027502359059624,1.9815281199368144,1.0506319597944405,1.297130327159444,1.0009799038269953,0.4214258049494211,1.0394701563967224,0.277783151806195,1.00028752678398,1.209790057373438,1.000365259028472,1261.955357105291,0.9922511046163688,0.9835025474711301,1.0126071858764754,0.9951462566749014,0.9876416686828777,1.0102065402079292,1.8138420703071392,1.8312013497770057,0.9835025474711301,1.8138420703071392
6,38,uniform,3.605551275463989,load,load,0.9934640322394066,0.940808815379496,0.9695367132427996,0.024264544241874,True,0.3218744386442761,1.0315037717061537,0.9973311735675202,0.9807989642048626,1.925907604080035,1.021141239480439,1.2961448520452044,1.0002194245101363,0.4153533550547329,1.0244921214315867,0.2777470964144554,1.0001576925647484,1.2080405503832166,0.998918606361112,1265.502453288373,0.9950401177823478,0.9408088153794961,0.9934640322394066,0.9695367132427997,0.9623488428715649,1.0111865684032573,1.8138420703071392,1.8312013497770057,0.9408088153794961,1.8138420703071392
74,81,uniform,3.1622776601683795,load,load,1.013185112161988,0.953816698680767,0.9924655371194924,0.063685357864586,True,0.3218744386442765,1.06585040142913,1.030539936801654,1.0092726099033091,1.8587012241739191,0.9855075434853986,1.2940007028145994,0.9985648102854102,0.3949632860541549,0.9741988836562812,0.2768586369761601,0.996958380841191,1.2075943156221265,0.9985496185771204,1266.3922472883207,0.995739745605438,0.953816698680767,1.0131851121619881,0.9924655371194923,0.9813146632014645,1.0097906647689538,1.8312013497770037,1.8312013497770057,0.953816698680767,1.8312013497770037
18,52,uniform,7.211102550927978,load,load,1.0170776646785182,0.97854710006493,0.9958176833716168,0.1957565076917976,True,0.3481157698707851,1.0580328643258818,1.0229813862006276,1.0057614243475048,1.981539346465988,1.0506379122461005,1.2994285637567395,1.002753425423064,0.4297532673849857,1.060010305050702,0.2787337703646435,1.0037106713503894,1.2129427739330805,1.0029722139282975,1265.882969251105,0.995339310128748,0.97854710006493,1.0170776646785182,0.9958176833716169,0.9873618906781133,1.0137037048387192,1.8138420703071392,1.8312013497770057,0.97854710006493,1.8138420703071392
27,35,uniform,2.23606797749979,load,load,1.000287811166365,0.9912726094684676,0.9963596902811848,0.0449490457619171,True,0.3218744386442761,1.0070406754497252,0.986489595931463,0.9984802508340274,1.8942254917286876,1.0043429717923753,1.2962899188412749,1.0003313708154062,0.4132945417641022,1.0194139440915435,0.2777918597826427,1.0003188839061363,1.2099293851713715,1.0004804680168584,1267.9785434221658,0.9969870195935346,0.9912726094684677,1.000287811166365,0.9963596902811848,0.9946056217467909,1.003416321080764,1.8138420703071392,1.8312013497770057,0.9912726094684677,1.8138420703071392
4,28,uniform,4.47213595499958,wind,load,0.9922668822175832,0.9341241895940094,0.9663156499840312,0.163612617308731,True,0.3218744386441902,1.0387203068537505,1.004308632754063,0.9808385125644788,1.9124552704044704,1.014008637348193,1.2993671675418252,1.002706046700962,0.4165310514259673,1.0273969749474785,0.2783171767018293,1.0022105319720984,1.2130564869903773,1.003066242302332,1264.489403867805,0.9942435766044604,0.9341241895940094,0.9922668822175831,0.9663156499840313,0.9542164289075313,1.014717182799247,1.8312013497770037,1.8312013497770057,0.9341241895940094,1.8312013497770037
16,72,uniform,7.211102550927978,sync,load,1.0212716766845875,1.0062439558421703,0.9721752493864796,0.1541285769987824,True,0.321874438644275,1.048682325013952,1.0139406200868677,0.9705380258350496,1.8214291769795208,0.9657454197005236,1.3049667640942408,1.0070271881476982,0.3975403903291182,0.9805554544981364,0.2790661368122168,1.0049075114383044,1.2179352552120286,1.0071004548552012,1257.7422914075078,0.9889384524936856,1.0062439558421703,1.0212716766845877,0.9721752493864795,0.9567823945486483,1.0053261196152496,1.8138420703071392,1.8312013497770057,1.0062439558421703,1.8138420703071392
24,62,uniform,4.47213595499958,load,wind,1.001961726571171,0.9993114109136084,0.9549830719479204,0.0643345908080621,True,0.3218744386442753,1.0076921260648792,0.9877026726274674,0.9473452138418732,1.755281125263886,0.9306728630653964,1.3014928587255794,1.004346417072488,0.3810880840958282,0.939974927315048,0.2784984791811801,1.0028633959326745,1.2141568746997924,1.0039761436767496,1259.898692983446,0.990633989371178,0.9993114109136083,1.001961726571171,0.9549830719479204,0.9413970344361354,1.0001879194887675,1.8138420703071392,1.8312013497770057,0.9993114109136083,1.8138420703071392
21,70,uniform,5.0990195135927845,load,wind,0.9930331463010418,0.9872213270050584,0.9456024517133228,0.0759743756845343,True,0.3218744386442761,0.9943458958453448,0.9739665014548888,0.9382395791072528,1.8024865046844425,0.9557017686834708,1.2922267163019998,0.9971958461870524,0.3825206902534879,0.9435085299783598,0.2740807291071959,0.9869552306363916,1.2043226232386373,0.9958442835657082,1254.6122388242084,0.986477352649068,0.9872213270050585,0.9930331463010418,0.9456024517133229,0.9277754378309611,0.9995963079699371,1.8138420703071392,1.8312013497770057,0.9872213270050585,1.8138420703071392
6,11,uniform,5.0990195135927845,load,load,0.9969431341966548,0.9528278327704492,0.9728341137138676,0.3965007000914384,True,0.3688385438570978,1.031246201522444,0.997082136403875,0.9841056072351676,1.9827386869803167,1.051273818172619,1.290334866890162,0.9957359287040778,0.419666538484294,1.0351308279403917,0.2764087679367227,0.9953384179819984,1.2042277820818172,0.9957658602080104,1251.6897433969518,0.9841794509843186,0.9528278327704492,0.9969431341966549,0.9728341137138676,0.9541388908952867,1.0093374287713353,1.8138420703071392,1.8312013497770057,0.9528278327704492,1.8138420703071392
67,89,uniform,2.8284271247461903,load,load,1.0027542329828742,0.9995517360283824,1.0005165363012178,0.0500557278730586,True,0.3218744386442763,1.005287014273522,0.9983800089623114,1.001154815811522,1.884862097310803,0.9993783783916498,1.295974766475735,1.0000881715177383,0.408602408604778,1.0078405370251626,0.2773338847971483,0.9986697318154124,1.2091029578825163,0.9997971022181024,1265.744673506784,0.995230570858144,0.9995517360283825,1.0027542329828742,1.0005165363012178,0.9984843829412182,0.9999224015764485,1.8138420703071392,1.8312013497770057,0.9995517360283825,1.8138420703071392
23,37,uniform,4.123105625617661,load,load,0.9781914137459644,0.9208734847535714,0.9520042344071216,0.18076680522152,True,0.3218744386442088,1.0666809707077405,1.0313429902233542,0.9786686816621766,1.9546980077952707,1.0364062856709395,1.2964761619147482,1.0004750923597032,0.4230706580825897,1.0435272780145823,0.2780068243063953,1.0010929637249184,1.2100967013117925,1.000618820331073,1259.6067384402418,0.9904044311571246,0.9208734847535714,0.9781914137459643,0.9520042344071217,0.9309848684936826,1.0072709488739866,1.8312013497770037,1.8312013497770057,0.9208734847535714,1.8312013497770037
37,53,uniform,4.47213595499958,load,load,1.0196689309500322,0.9654364935992858,0.9983003525950802,0.1133224868322007,True,0.3218744386442767,1.0744985955550637,1.0389016256615893,1.012414621083174,1.9240474158273415,1.020154943495108,1.2997687018008492,1.0030159058689774,0.4193913715146262,1.0344521133253002,0.2782709391876827,1.0020440322820714,1.2135880426551715,1.003505781226511,1264.8900156412217,0.9945585698983648,0.9654364935992858,1.0196689309500322,0.9983003525950802,0.9881927345677806,1.0142977294003126,1.8138420703071392,1.8312013497770057,0.9654364935992858,1.8138420703071392
47,78,uniform,3.1622776601683795,load,load,0.953146477740918,0.8059998665112762,0.9417692978591704,0.0161420673521627,True,0.3218744386442763,1.0902667495917469,1.054147397903786,0.9810821592106732,1.8896256295463665,1.0019040650866,1.2949543498957896,0.9993007282912016,0.4072033879693454,1.0043897749179636,0.2775913514713535,0.999596860408689,1.2084937743156965,0.9992933734323486,1264.8063286652675,0.9944927684467804,0.8059998665112762,0.9531464777409181,0.9417692978591703,0.9028066803624486,0.9835763539103067,1.8487267653116608,1.8487267653116621,0.8059998665112762,1.8487267653116608
69,98,uniform,3.1622776601683795,load,city,0.9823194331397364,0.9247596194618244,0.9823447927154386,0.017974558736554,True,0.3218744386442762,1.1161810185156409,1.0792031552814467,1.017907842307065,1.8732712875044064,0.993232780405946,1.2953726924905913,0.9996235582501836,0.4049656246419424,0.998870207372275,0.2775563537832399,0.9994708349436502,1.2077257927421905,0.9986583359057738,1266.1312941711,0.9955345632134006,0.9247596194618243,0.9823194331397365,0.9823447927154386,0.9616127215588616,0.970912385435866,1.8312013497770037,1.8312013497770057,0.9247596194618243,1.8312013497770037
17,76,uniform,6.082762530298219,load,load,0.9256524792289742,0.6998184181110958,0.885870988601382,0.0433533566303064,True,0.3218744386442754,0.9313152622566576,0.9004618004754834,0.8862335760674019,1.8981251991706096,1.006410647356052,1.2971235123839753,1.0009746449465649,0.4091658653669833,1.0092303344268727,0.2784216266217748,1.0025866525230231,1.209202702250142,0.9998795799997212,1260.909578116298,0.991428828811468,0.6998184181110958,0.9256524792289742,0.885870988601382,0.8310556887323546,0.9675673375335326,1.8487267653116608,1.8664199069075176,0.6998184181110958,1.8487267653116608
50,84,uniform,5.0,wind,load,0.9961883983630134,0.8771281820949417,0.9651995141500656,0.213698385061964,True,0.3218744386442767,1.1567265911302176,1.1184054971708786,1.0157718047115964,1.9362646753514423,1.0266326932620569,1.295040610198435,0.9993672943313582,0.4185230524599955,1.0323103561454623,0.277833819364087,1.0004699789083886,1.208536956968393,0.999329080805944,1266.6390238939875,0.9959337812804624,0.8771281820949417,0.9961883983630134,0.9651995141500657,0.9262983516643224,1.0305165291286018,1.8312013497770037,1.8487267653116621,0.8771281820949417,1.8312013497770037
26,47,uniform,2.23606797749979,load,load,0.9991564752375992,0.9500779022117358,0.9807643393383544,0.0077604431065806,True,0.3218744386442759,1.0349678147024806,1.0006804565867191,0.9919053832540992,1.8755366416350108,0.994433900605008,1.2961181004237976,1.0001987806050003,0.4048147250453296,0.998498005135371,0.2776685014440281,0.9998746747932415,1.2091126834216916,0.9998051441849356,1268.1856370014712,0.9971498532719748,0.9500779022117358,0.9991564752375993,0.9807643393383545,0.9742774115151911,1.0078316068787514,1.8138420703071392,1.8312013497770057,0.9500779022117358,1.8138420703071392
14,75,uniform,6.082762530298219,load,load,0.9137755658920856,0.8590822567028069,0.8763126277378972,0.0582379374674159,True,0.3218744386442763,1.0702528425351208,1.0347965298217037,0.9139451516629544,1.7790069756665088,0.943252617274028,1.2999665175344275,1.003168557896169,0.3878405716082626,0.9566303128376776,0.278230065552213,1.001896847733733,1.2122803614653503,1.0024244706105,1256.148931438673,0.9876856243486754,0.8590822567028069,0.9137755658920856,0.8763126277378972,0.8445552620484774,0.9669735581337063,1.8312013497770037,1.8487267653116621,0.8590822567028069,1.8312013497770037
10,12,uniform,2.0,wind,load,0.998905834224978,0.9958403822704726,0.9922284316943912,0.1059830308840189,True,0.3218744386441991,1.0002723407887044,0.9918579548724769,0.9921845714669744,1.9339970955887469,1.0254303930039372,1.29583248713229,0.9999783762562012,0.4176366840091507,1.0301240791272923,0.277733972059203,1.0001104322151892,1.209061366581898,0.9997627107202034,1258.993533041296,0.9899222796047462,0.9958403822704726,0.9989058342249779,0.9922284316943912,0.986778692805206,1.0001696968554872,1.8138420703071392,1.8312013497770057,0.9958403822704726,1.8138420703071392
57,69,uniform,2.23606797749979,load,load,1.0048851576414632,0.9704817867583024,0.995064961205017,0.0299233400298026,True,0.321874438644276,1.0306437435454154,0.9964996372044186,1.00351335739331,1.8838028549069747,0.9988167543039396,1.2962871281183612,1.0003292172480311,0.4064597496313472,1.0025555496512066,0.2775428175645107,0.9994220914879488,1.2100039808374063,1.0005421505479062,1268.2544382422416,0.9972039503577148,0.9704817867583025,1.0048851576414632,0.995064961205017,0.9905780373621437,1.0086736755947237,1.8138420703071392,1.8312013497770057,0.9704817867583025,1.8138420703071392
4,77,uniform,7.615773105863909,wind,load,0.817629932963434,0.5309700265051527,0.7948226920856533,0.1554804530726832,True,0.3218744386442774,0.7361037987159554,0.539547653597018,0.7757586089996269,1.82636509093656,0.9683625054243572,1.2975939891634147,1.001337706230058,0.395874342847151,0.9764460558417046,0.27788498551052,1.0006542264328973,1.209352246423602,1.0000032368234053,1258.075115511574,0.989200145653466,0.5309700265051527,0.817629932963434,0.7948226920856533,0.7198706557237167,0.9081765432621423,1.8842823797779598,1.8842823797779598,0.5309700265051527,1.8842823797779598
14,87,uniform,7.615773105863909,load,load,0.8151116623546563,0.4475522502254405,0.7746952774304601,0.1468614487277573,True,0.3218744386442774,0.8832655066951551,0.4521906054241452,0.8044222141188718,1.8229649524729157,0.9665597078250248,1.2966109106863557,1.0005790763693436,0.401489488435645,0.9902961243342182,0.2777039156977405,1.0000022002966011,1.20831800330462,0.9991480298564503,1253.960393238037,0.9859648190643608,0.44755225022544054,0.8151116623546563,0.7746952774304601,0.6943017897126117,0.9100780263002388,1.9023158044989832,1.9023158044989843,0.42933534295725406,1.8842823797779598
65,68,uniform,3.0,load,load,1.0018317645646266,0.9431286098070736,0.9952274394225422,0.0730402428669282,True,0.3218744386442763,1.1210909944462386,1.0839504690493371,1.0257146413266751,1.8745408712371248,0.993905930199688,1.296307126525262,1.0003446497785928,0.4073279875538671,1.0046971067141863,0.277301822114898,0.9985542752050252,1.2099812998708113,1.000523395846721,1263.8595065320474,0.9937483005048096,0.9431286098070735,1.0018317645646266,0.9952274394225422,0.9770961474723836,0.9975608647950249,1.8312013497770037,1.8312013497770057,0.9431286098070735,1.8312013497770037
4,56,uniform,5.385164807134504,wind,load,0.9684412284280512,0.911694619549351,0.9068638801102992,0.0804328846404857,True,0.3218744386442755,1.0282990461326282,0.9942326170669276,0.9217691562025396,1.806581577076216,0.95787302928239,1.300560063077016,1.003626589866972,0.3874876167531172,0.9557597300822552,0.278644165156066,1.0033880060919236,1.212376204364864,1.0025037223008355,1259.9573724051938,0.990680127866268,0.911694619549351,0.9684412284280511,0.9068638801102991,0.886916091616763,1.0072852607138232,1.8312013497770037,1.8312013497770057,0.911694619549351,1.8312013497770037
47,71,uniform,6.708203932499369,load,load,1.0272102977144082,0.9670200669709396,1.005938160314375,0.1548993586416087,True,0.3218744386442751,1.1800237255498895,1.1409308228641624,1.0381344269233723,1.842000714360589,0.9766527161538012,1.3041059992922306,1.0063629462818706,0.3992900884219357,0.9848711820326812,0.279284018528689,1.005692095967223,1.216984400840723,1.0063142013448072,1262.9492633894524,0.9930325939161224,0.9670200669709397,1.0272102977144082,1.0059381603143753,0.9756665915356385,0.9872867943764526,1.8312013497770037,1.8312013497770057,0.9670200669709397,1.8312013497770037
55,58,uniform,3.0,load,sync,1.0124573487279045,0.9531315791426036,0.998437930970564,0.0520825397634623,True,0.3218744386442757,1.1038356272543748,1.0672667534063638,1.0226515133621608,1.8762710206286528,0.9948232778909314,1.2966657010037923,1.000621357399654,0.4126274947008546,1.0177686354582929,0.2775927306746365,0.9996018268720324,1.2102696185583788,1.0007618041530326,1264.559950596006,0.9942990461332282,0.9531315791426037,1.0124573487279043,0.9984379309705639,0.9834868903637152,1.007119260013392,1.8312013497770037,1.8312013497770057,0.9531315791426037,1.8312013497770037
9,37,uniform,3.605551275463989,city,load,1.0014272399673327,0.9775759190278248,0.9880689926911184,0.033356545195621,True,0.321874438644276,1.0158255051389518,0.9821723109206988,0.9925341258695176,1.8842572137089089,0.9990576612452658,1.296954797312043,1.000844449550666,0.4082212096290691,1.0069002885775242,0.2779210988076452,1.000784269167421,1.2098142721000689,1.0003852819829764,1268.7690859914333,0.9976086079351392,0.9775759190278248,1.0014272399673327,0.9880689926911183,0.9838162687404958,1.0051671916263656,1.8138420703071392,1.8312013497770057,0.9775759190278248,1.8138420703071392
36,40,uniform,6.082762530298219,load,wind,1.0110318130920162,0.9517895739376778,0.9878252745018794,0.4663457680410179,True,0.339993016473719,1.0656308134170605,1.0303276235016097,1.0049726020135872,1.9680616917382896,1.0434918845629575,1.2920216462916438,0.9970375961215456,0.4254744002683934,1.0494562416339666,0.2720395418929761,0.9796049860411415,1.2059316053250555,0.9971747373678718,1256.3410545627107,0.9878366870475066,0.9517895739376778,1.0110318130920162,0.9878252745018794,0.9714861432899708,1.0109823750604712,1.8312013497770037,1.8312013497770057,0.9517895739376778,1.8312013497770037
48,95,uniform,5.830951894845301,load,city,0.982174931815899,0.8351131563925878,0.9488271941113098,0.0095308599501415,True,0.3218744386442759,1.1336773432566758,1.0961198458120422,0.9947274900978952,1.927223655910542,1.0218390272634963,1.2974552533279102,1.001230645451065,0.4145421176523761,1.0224911593177364,0.2777638082762318,1.0002178714012822,1.2109746695077888,1.0013448048739728,1263.6205024096016,0.9935603761831058,0.8351131563925878,0.982174931815899,0.9488271941113098,0.9089458039426285,0.9763202702029886,1.8312013497770037,1.8487267653116621,0.8351131563925878,1.8312013497770037
84,89,uniform,5.0,load,load,1.005761282683095,0.8504920057052675,0.9902505880244225,0.1054204655859504,True,0.3218744386442764,1.1557526984876705,1.1174638685324163,1.028562791803644,1.8976029038800335,1.006133719605591,1.2950003533286392,0.9993362285881456,0.4107172130427712,1.0130568196402558,0.2771448037149803,0.9979888573749948,1.208161808265129,0.999018873487387,1261.5317914053633,0.9919180630937317,0.8504920057052675,1.005761282683095,0.9902505880244225,0.9483318494390099,1.0005602968949672,1.8487267653116608,1.8487267653116621,0.8504920057052675,1.8487267653116608
32,79,uniform,8.06225774829855,sync,load,0.8419512394825808,0.5467643171083673,0.8230632248532407,0.3387190856236191,True,0.3283527122099652,0.7146035804165937,0.5799811868383713,0.8055942935676706,1.966405014461849,1.0426134927419275,1.2930745826447478,0.9978501344666894,0.426779832906233,1.05267616374667,0.2772866855323745,0.9984997688946248,1.2052147201764178,0.9965819510467744,1250.12480151088,0.982948967428484,0.5467643171083673,0.8419512394825808,0.8230632248532407,0.7455940301027081,0.9647857161509883,1.8842823797779598,1.8842823797779598,0.5467643171083673,1.8842823797779598
6,55,uniform,5.0990195135927845,load,load,0.988024015446233,0.951477139345764,0.945055650695238,0.0542067653747917,True,0.3218744386442748,1.008834721725478,0.975413124558846,0.9474533213581138,1.849040324095036,0.9803852087170284,1.300021817286502,1.0032112320510742,0.4010536414331046,0.9892210834929244,0.2784954311385363,1.002852420036484,1.2115158404498525,1.0017922945903384,1260.8464333011475,0.9913791792638588,0.951477139345764,0.988024015446233,0.9450556506952381,0.9373440672992719,1.0037599716535868,1.8138420703071392,1.8312013497770057,0.951477139345764,1.8138420703071392
0,49,uniform,9.848857801796104,load,hvdc,0.9247930734237548,0.8338443127671258,0.8813910482037934,0.6300852603099398,True,0.321874438644262,1.0806697031157535,1.0448682911402178,0.9279463829537772,1.990805250082062,1.0555508147567816,1.2901502221081893,0.9955934405421474,0.4444641910628008,1.096295615433995,0.2770092588962917,0.997500765168636,1.2026256626234733,0.9944410810554848,1229.9527531438994,0.967088075708492,0.8338443127671258,0.9247930734237549,0.8813910482037934,0.8317260808947649,0.9973385085045239,1.8312013497770037,1.8487267653116621,0.8338443127671258,1.8312013497770037
20,92,uniform,7.280109889280518,wind,city,0.9817801265164248,0.9314693371002069,0.9098656563446682,0.278849781953131,True,0.3218744386442626,1.002688857911318,0.9694708665288788,0.9111569608223032,1.802224730637321,0.955562972681848,1.2920529388217843,0.9970617441914462,0.386800946209814,0.954066019045443,0.2736169434885231,0.9852851546564638,1.203738953258582,0.9953616517510172,1251.7679385340084,0.9842409343091312,0.9314693371002069,0.9817801265164248,0.9098656563446682,0.8771940227849364,1.0062596343311085,1.8138420703071392,1.8312013497770057,0.9314693371002069,1.8138420703071392
32,53,uniform,2.23606797749979,sync,load,0.9926323111013696,0.9749656667023154,0.9646077794702272,0.0604309440715583,True,0.3218744386442771,1.0000370485773862,0.9669069087541892,0.964262038417986,1.890663719103318,1.0024544736600078,1.2970332606003248,1.000904998728427,0.4058202335190481,1.0009781476377029,0.2781447539177331,1.0015896434871652,1.2097555056427842,1.000336688491977,1265.5035946456956,0.9950410152095488,0.9749656667023154,0.9926323111013697,0.9646077794702271,0.955263743429297,1.0027862672944656,1.8138420703071392,1.8312013497770057,0.9749656667023154,1.8138420703071392
9,57,uniform,5.385164807134504,city,load,0.9472390454913662,0.8697988035262461,0.9280207333674791,0.0526022062824474,True,0.3218744386442749,1.1046371655146594,1.068041737575803,0.9702887615731356,1.8902774835145444,1.0022496865315826,1.298591244916912,1.0021072765248276,0.4106528271685098,1.0128980083050163,0.2785147374639111,1.0029219414467454,1.2100832351087951,1.000607685240677,1266.8212159511077,0.9960770353733364,0.8697988035262461,0.9472390454913662,0.9280207333674793,0.9008165767884495,0.9800375833832177,1.8312013497770037,1.8487267653116621,0.8697988035262461,1.8312013497770037
52,74,uniform,2.8284271247461903,load,load,0.9811472758114792,0.923656145654568,0.9440560909891303,0.0833167899355195,True,0.3218744386442765,1.0546758916475278,1.019735626376212,0.9657008174552986,1.8956342132737785,1.0050898942623785,1.2954383900200834,0.9996742562451156,0.4093113802437848,1.0095892549532632,0.2779824595546936,1.0010052270963217,1.2080921715281396,0.9989612914532052,1265.6681611256004,0.995170410651748,0.9236561456545681,0.9811472758114793,0.9440560909891305,0.9261988842585087,1.0065883906054964,1.8312013497770037,1.8312013497770057,0.9236561456545681,1.8312013497770037
7,30,uniform,7.615773105863909,load,wind,1.0035218657138376,0.9706701314409486,0.9852678866966854,0.4814909958790314,True,0.3627188484702982,1.0324049272438611,0.9982024748023206,0.9942123943850084,1.9768084600461997,1.0481295347869173,1.2885644865713608,0.9943697474621886,0.4286046520418386,1.0571771815059203,0.2708747616442924,0.9754106526316934,1.2014195426701275,0.9934437505747172,1253.4311138806015,0.9855486569361924,0.9706701314409486,1.0035218657138376,0.9852678866966854,0.9702927055308255,1.006523737701118,1.8138420703071392,1.8312013497770057,0.9706701314409486,1.8138420703071392
64,95,uniform,3.1622776601683795,load,city,0.9577107638268676,0.7084750548440198,0.9655189431808104,0.0848028030099662,True,0.3218744386442763,0.8759362822061945,0.846917465806357,0.9449785317165872,1.8575293620278708,0.984886206946833,1.296264488928651,1.0003117468570732,0.4047210001311361,0.9982668274284752,0.2776971129740494,0.9999777039237572,1.209590313975459,1.0002000928867596,1269.38674715431,0.99809426296857,0.7084750548440198,0.9577107638268676,0.9655189431808104,0.8841816746349619,0.9729148152752973,1.8664199069075176,1.8842823797779598,0.7084750548440198,1.8664199069075176
52,71,uniform,2.23606797749979,load,load,0.9998864999153868,0.9988999861001642,0.9794487081059824,0.0102132285045782,True,0.3218744386442763,1.000218736298823,0.9953751839799748,0.9754005947990304,1.8576472228554248,0.984948698289242,1.2980457925567224,1.0016863574856123,0.3987429160791117,0.9835215510559084,0.2780355878521703,1.001196540258908,1.210468614289994,1.0009263520556952,1267.6806504443844,0.9967527921031588,0.9988999861001642,0.9998864999153868,0.9794487081059824,0.9751416577498514,0.9999663355964123,1.8138420703071392,1.8312013497770057,0.9988999861001642,1.8138420703071392
13,58,uniform,6.4031242374328485,load,sync,0.9099946778034904,0.7695098350192415,0.8749842063593585,0.1793971192982685,True,0.3218744386441974,1.0397861176125596,1.0053391343615612,0.913987083532674,1.8814548210828237,0.9975717962569096,1.293263575209192,0.997995977760166,0.4097735468778706,1.010729214627712,0.2775022225031921,0.999275910075498,1.205279971602659,0.996635906904252,1254.957777362453,0.9867490429226822,0.7695098350192415,0.9099946778034904,0.8749842063593585,0.8307684637781476,0.9925960580505347,1.8487267653116608,1.8487267653116621,0.7695098350192415,1.8487267653116608
46,69,uniform,3.605551275463989,load,load,0.9581304218459464,0.827916376184222,0.939721508762347,0.0430939239944563,True,0.3218744386442765,1.108622220290951,1.0718947718213256,0.9859190825616482,1.8496251688538592,0.9806953010084049,1.2923514770932556,0.9972921225921428,0.4015462848914747,0.9904362159473342,0.2770742785737299,0.9977348987793826,1.2049198471840792,0.9963381230407796,1262.4768231831108,0.9926611233138004,0.827916376184222,0.9581304218459463,0.939721508762347,0.9101498931933175,1.0062588737516385,1.8312013497770037,1.8487267653116621,0.827916376184222,1.8312013497770037
35,40,uniform,5.0990195135927845,load,wind,1.011408131649428,0.9756843099847482,0.9937578472124226,0.4161904312997075,True,0.321874438644276,1.0424485793243587,1.007913391612424,1.003368842308622,1.9453905045174988,1.0314713264790252,1.292183204937086,0.9971622689890216,0.4233954466756452,1.0443283871200388,0.2719835133551624,0.9794032292133624,1.2060271215865517,0.997253718963968,1257.768588521301,0.9889591294059568,0.9756843099847482,1.0114081316494279,0.9937578472124226,0.9834917947298646,1.008775938682859,1.8138420703071392,1.8312013497770057,0.9756843099847482,1.8138420703071392
4,30,uniform,5.0,wind,wind,1.002482288674308,0.9930819212748456,0.9954904759185504,0.346132970955005,True,0.2792558539882411,1.0112715853618324,0.985421390165752,0.9979254882717564,1.9258906039434127,1.0211322257870794,1.2919129427775229,0.9969537109244824,0.4208406722808304,1.038026894167904,0.2712328008308454,0.9766999393651764,1.2052899304991171,0.9966441418322664,1257.1124113903234,0.9884431900112942,0.9930819212748456,1.002482288674308,0.9954904759185504,0.9897762298649923,1.001156048887022,1.8138420703071392,1.8312013497770057,0.9930819212748456,1.8138420703071392
5,25,uniform,2.0,load,load,0.9999625491115244,0.9996506645485602,0.9993146051600494,0.0049365710032487,True,0.3218744386442759,1.0001212261749033,0.99931550896002,0.9992683056384656,1.8779079878950604,0.995691219208504,1.2963970345568394,1.000414030727382,0.3975831513710342,0.980660926983224,0.2778633537102274,1.000576331067848,1.209852546438237,1.000416930712425,1270.4646028228017,0.998941760046542,0.9996506645485602,0.9999625491115243,0.9993146051600494,0.9992294240353634,1.0000949757382003,1.8138420703071392,1.8312013497770057,0.9996506645485602,1.8138420703071392
28,75,uniform,5.830951894845301,load,load,0.9906836545865746,0.9371794520080362,0.9496216650656302,0.0878130622403524,True,0.3218744386442753,1.028300610020921,0.994234129145302,0.9585631799689982,1.9290338360059225,1.0227988082739474,1.3013829397131975,1.0042615938900068,0.4216764453619722,1.0400883748963348,0.2788577279177768,1.0041570382140512,1.214588113470959,1.0043327314023571,1261.2615370122626,0.9917055672882568,0.9371794520080362,0.9906836545865746,0.9496216650656302,0.9400355757294583,0.9997767037185763,1.8138420703071392,1.8312013497770057,0.9371794520080362,1.8138420703071392
32,84,uniform,5.385164807134504,sync,load,0.9268590913495668,0.8203902568290969,0.8652417174485952,0.1726453234972925,True,0.3218744386442778,1.0780361908361469,1.0423220242583429,0.9116378267225608,1.8765953972495883,0.9949952665907312,1.2941636464470747,0.9986905519307556,0.4024526402263776,0.9926717917252238,0.2777316154895703,1.0001019462894076,1.206294211816695,0.9974745736367544,1254.776481125256,0.986606493195698,0.8203902568290969,0.9268590913495667,0.8652417174485952,0.8207128042252548,0.9861006813422049,1.8312013497770037,1.8487267653116621,0.8203902568290969,1.8312013497770037
78,81,uniform,7.071067811865476,load,load,1.0159965406329925,0.7016265081201261,0.987072221833014,0.1763102827897302,True,0.3218744386442763,0.8627514992391507,0.8341694803598231,0.960044804629882,1.8771207708217097,0.995273826486071,1.2943248725386165,0.9988149681703782,0.4133816449037347,1.0196287888236724,0.2766253093249688,0.9961181760353096,1.207971064498895,0.9988611490657372,1255.618221637676,0.9872683374903845,0.7016265081201261,1.0159965406329923,0.9870722218330139,0.8909159995235685,0.998987459905055,1.8664199069075176,1.8842823797779598,0.7016265081201261,1.8664199069075176
30,68,uniform,8.54400374531753,wind,load,0.9076138748919168,0.7217668932545404,0.8711230401602417,0.4640561470855704,True,0.3640633200622409,0.957129072442366,0.9254204272037004,0.8862381940916093,1.939348918561611,1.0282679990928345,1.2880520800080968,0.9939743294678076,0.4194144245016996,1.0345089747984162,0.2709351205012956,0.9756280027891764,1.2005406474239828,0.9927169994618198,1242.305849092773,0.9768010762767676,0.7217668932545404,0.9076138748919168,0.8711230401602417,0.8016094310693764,0.9730779658911495,1.8487267653116608,1.8664199069075176,0.7217668932545404,1.8487267653116608
51,86,uniform,5.830951894845301,load,load,0.8891747721693477,0.3420205303130423,0.8706681502561114,0.1836172063176606,True,0.3218744386442775,0.8686856824086981,0.4472329941323523,0.8737988772420764,1.9534551888050644,1.035747326891494,1.2967907851315388,1.0007178833196329,0.4219573150054776,1.040781155473207,0.2775042834238887,0.9992833313796812,1.2097304450087285,1.000315966063713,1264.8051002190682,0.9944918025432788,0.3420205303130423,0.8891747721693477,0.8706681502561114,0.7448477364798982,0.9850312529692972,1.3892290519885555,1.9389020694933725,0.3420205303130423,1.3892290519885555
11,13,uniform,2.0,load,load,0.9998259223866952,0.9894073281767288,0.9917064549692332,0.1464275073207625,True,0.3218744386441984,1.0068015192399171,0.981386454169776,0.9939127970417524,1.9038180954476929,1.0094290949432048,1.2977975801775776,1.0014948149719551,0.417019088284364,1.028600744967176,0.2777618126028872,1.0002106850505577,1.2111230833869069,1.0014675270667386,1262.7787125461075,0.992898493084624,0.9894073281767287,0.9998259223866952,0.9917064549692332,0.9854403083081251,1.0023564128491382,1.8138420703071392,1.8312013497770057,0.9894073281767287,1.8138420703071392
6,57,uniform,5.0990195135927845,load,load,0.9457059332824932,0.8403932264620935,0.9143975082769552,0.0044998441591754,True,0.3218744386442758,1.0991800943974763,1.0627654532898625,0.958976921367133,1.877331085926028,0.9953853382874938,1.297514253137137,1.0012761748956625,0.402613904647856,0.9930695593783828,0.2781185698401464,1.0014953555289503,1.2091527893987577,0.9998383074812376,1263.195757591885,0.9932264075429424,0.8403932264620935,0.9457059332824932,0.9143975082769551,0.8861002648878136,0.9927192917488882,1.8312013497770037,1.8487267653116621,0.8403932264620935,1.8312013497770037
0,95,uniform,10.295630140987,load,city,0.8523373479930553,0.6072483585205164,0.778184005736833,0.6166406621761582,True,0.3218744386442723,0.7000494657936404,0.6768575883348095,0.7428371798345812,1.896309247162424,1.0054478060024234,1.2901732959324097,0.9956112463353398,0.4161661357741795,1.026496890222764,0.2765519261597209,0.9958539257940836,1.2031411178819695,0.9948673066886354,1233.8533363514343,0.9701550288891516,0.6072483585205164,0.8523373479930553,0.778184005736833,0.6811055810174592,0.9025417344960511,1.8664199069075176,1.8842823797779598,0.6072483585205164,1.8664199069075176
9,51,uniform,9.433981132056603,city,load,1.022554634954322,0.9873560342642336,0.9934408725856096,0.2336490413147729,True,0.4247555430733942,1.0651091763129894,1.029823267667487,1.001868835760322,1.9838354999757528,1.0518553626762417,1.302998596079926,1.0055083765152553,0.4329123212501611,1.0678022868817472,0.2789275679190511,1.0044085296442948,1.2160114613898887,1.0055096858672492,1265.1046086903195,0.9947273002649436,0.9873560342642336,1.022554634954322,0.9934408725856096,0.9841028077839447,1.0137253390152166,1.8138420703071392,1.8312013497770057,0.9873560342642336,1.8138420703071392
41,94,uniform,5.830951894845301,load,load,0.9169277698284628,0.7753725973303215,0.8792642789356356,0.22194280746458,True,0.3218744386442774,1.0509701010947032,1.0161526046341485,0.9182702322327558,1.9371286735966076,1.027090796359582,1.2942170589956927,0.9987317697534056,0.4230308573814976,1.0434291073745716,0.2775098866843568,0.9993035085269238,1.2065906590001234,0.9977197033281676,1258.0117451236208,0.9891503187423216,0.7753725973303215,0.9169277698284628,0.8792642789356356,0.8231470760431274,0.9688487155071597,1.8487267653116608,1.8487267653116621,0.7753725973303215,1.8487267653116608
8,20,uniform,8.246211251235321,load,wind,1.0016386067472074,0.9526724438045124,0.9743406630400502,0.4461097903741333,True,0.369926511586337,1.0405023903994397,1.0060316778099985,0.9867918134272172,1.9747361462909416,1.0470307671034869,1.290716830326454,0.9960306853031023,0.4229993600549703,1.0433514174691438,0.2733688586922166,0.984391809881172,1.2047354772182015,0.9961856690612252,1256.2545059269385,0.9877686355281208,0.9526724438045124,1.0016386067472074,0.9743406630400502,0.954103798461651,1.011725758648267,1.8138420703071392,1.8312013497770057,0.9526724438045124,1.8138420703071392
60,86,uniform,6.324555320336759,wind,load,0.9925678593023324,0.4717693416004103,0.953344858412185,0.2771281163864806,True,0.3231371408734197,1.1481228339386187,0.5877851624960744,1.0127612774727726,1.923383533294022,1.019802944348572,1.3018998011598637,1.004660449664437,0.4136847742878576,1.0203764742872157,0.2784563163400388,1.00271156899928,1.2147345462753207,1.0044538154610108,1265.7042529864157,0.9951987889842776,0.4717693416004103,0.9925678593023324,0.953344858412185,0.8121673378107,1.0350327214603703,1.9023158044989832,1.9205218171562206,0.4388150542500783,1.8842823797779598
7,84,uniform,8.54400374531753,load,load,0.977591767619614,0.9203089753843094,0.9198206134037163,0.0876809781839959,True,0.3218744386442749,1.035840231607409,1.0015239712683894,0.9335427805254952,1.867787637372243,0.9903252778440518,1.3016374672291342,1.0044580097189246,0.4004426626025474,0.9877140702699668,0.2785716895301957,1.0031270238686223,1.2135909894979626,1.0035082179461168,1257.379488787014,0.9886531878059012,0.9203089753843094,0.977591767619614,0.9198206134037163,0.9036703931304165,0.9982042319207064,1.8312013497770037,1.8312013497770057,0.9203089753843094,1.8312013497770037
10,74,uniform,7.211102550927978,wind,load,0.9475580477610522,0.8920351059988141,0.8578115697916324,0.4171804181195215,True,0.3218744386442694,1.0240050829974785,0.9900809082605204,0.8771508649761256,1.8800220603209412,0.9968121278817664,1.2898219324921392,0.995340103385949,0.4137654952577658,1.0205755770432154,0.2764443139383191,0.9954664179049336,1.202524256942856,0.9943572295480771,1227.1132151066993,0.964855401836038,0.8920351059988141,0.9475580477610522,0.8578115697916324,0.800725811339449,0.9899648558017061,1.8312013497770037,1.8312013497770057,0.8920351059988141,1.8312013497770037
15,79,uniform,7.211102550927978,load,load,0.8595849787631551,0.6432013322450791,0.8459598543983866,0.1041606638310517,True,0.3218744386442768,0.7824429047198873,0.7565214222368988,0.8248270775656795,1.9178654944428184,1.01687720844095,1.2927214783976693,0.99757764815758,0.4289893480519168,1.0581260555830765,0.2772508902874179,0.9983708714549656,1.204088126935137,0.995650380537689,1256.9284337446293,0.9882985319446383,0.6432013322450791,0.8595849787631551,0.8459598543983866,0.789352267247356,0.9521040741291907,1.8664199069075176,1.8664199069075176,0.6432013322450791,1.8664199069075176
23,93,uniform,7.0,load,load,0.9631501561872498,0.9067135820305172,0.8893657466197482,0.1142968065598398,True,0.3218744386442769,1.0237780340021023,0.989861381151433,0.9029574232846304,1.745229381512671,0.925343297902815,1.296861173617908,1.0007722012696807,0.3782253236114438,0.9329137695656156,0.2781362691611974,1.0015590901721954,1.2090937173826093,0.9997894613261752,1253.0892475680953,0.9852798540626952,0.9067135820305172,0.9631501561872498,0.8893657466197482,0.8603445787420184,0.9999803978111356,1.8312013497770037,1.8312013497770057,0.9067135820305172,1.8312013497770037
1,83,uniform,8.246211251235321,load,wind,0.9632316799734062,0.9067903288634924,0.8732415351855581,0.2278985576204357,True,0.3218744386442672,1.0036468049012846,0.9703970777768884,0.8800283925559224,1.7948787795893677,0.9516680539731944,1.2856685163761643,0.9921349620233024,0.388419780253976,0.9580589631350138,0.2760000619959849,0.9938666820182284,1.1992176571309177,0.9916230298766444,1236.4151509500668,0.9721693341900508,0.9067903288634923,0.9632316799734062,0.8732415351855581,0.8285795854309117,1.003295169692379,1.8312013497770037,1.8312013497770057,0.9067903288634923,1.8312013497770037
30,88,uniform,9.433981132056603,wind,load,0.8610362160434024,0.5591581276842856,0.8167459430626839,0.4655476470901425,True,0.3643094175664447,0.6978629869910631,0.5879101929600775,0.791773278224724,1.946681856695824,1.0321560181855158,1.287282671337075,0.9933805860317032,0.4240994840172369,1.046064934329485,0.2707452884552366,0.974944424153748,1.1992192601708935,0.991624355416965,1240.9491912142423,0.9757343624100848,0.5591581276842856,0.8610362160434024,0.8167459430626839,0.7265387091146779,0.9325084231899144,1.8842823797779598,1.8842823797779598,0.5591581276842856,1.8842823797779598
7,24,uniform,3.605551275463989,load,load,1.0009891537529645,0.9886730969016624,0.9950272458541388,0.1713880003831236,True,0.3218744386442767,1.011507969901755,0.9814308710464286,0.99815890139201,1.9541796853025224,1.0361314643495143,1.2978849875608032,1.0015622662004269,0.4284505117183187,1.0567969858360906,0.2779987709754016,1.001063963958411,1.2114446520462023,1.001733429496,1264.94985774416,0.9946056225872012,0.9886730969016624,1.0009891537529645,0.9950272458541388,0.9911891896563642,1.0046071160801986,1.8138420703071392,1.8312013497770057,0.9886730969016624,1.8138420703071392
6,67,uniform,6.082762530298219,load,load,0.852569777969696,0.5536600109114482,0.8367148582744157,0.0109995430062646,True,0.3218744386442757,0.7822356280339915,0.571235940979333,0.8186115507275579,1.8703387828492843,0.9916779283289464,1.2973501925381776,1.0011495713006884,0.403261184382936,0.9946661107987136,0.2778062252240999,1.0003706133642154,1.209249132339298,0.9999179726513074,1257.945592144752,0.989098303933726,0.5536600109114482,0.852569777969696,0.8367148582744157,0.7548695607384178,0.8997112160567792,1.8842823797779598,1.8842823797779598,0.5536600109114482,1.8842823797779598
27,55,uniform,3.605551275463989,load,load,0.9954698744173378,0.9884185953053988,0.9718517633267864,0.0729500537022156,True,0.3218744386442749,0.999407470803734,0.9784547081284208,0.9691867802195814,1.8817894823815295,0.9977492380265164,1.3009597481896684,1.003935022070928,0.4121668194940119,1.016632354471982,0.2782942833157909,1.0021280936803905,1.2137248857441574,1.0036189356298928,1264.5972613100244,0.9943283828264718,0.9884185953053987,0.9954698744173378,0.9718517633267864,0.9697147847176818,0.9999333850814395,1.8138420703071392,1.8312013497770057,0.9884185953053987,1.8138420703071392
2,82,uniform,8.0,load,load,0.9769169648933254,0.939622593688109,0.8988045597335815,0.1604513667352316,True,0.3218744386442072,0.9907792832279608,0.9579558431024532,0.8954766082011719,1.730495022082021,0.91753094905488,1.2887123479124265,0.994483850284288,0.3694981208673604,0.9113876392367264,0.2764014770283082,0.995312163672842,1.2021308837615794,0.9940319525613932,1246.7091747010666,0.9802633260895,0.939622593688109,0.9769169648933254,0.8988045597335815,0.8656112836900545,1.0039844678389318,1.8138420703071392,1.8312013497770057,0.939622593688109,1.8138420703071392
8,61,uniform,9.219544457292889,load,load,1.0309901450842374,0.999771133956196,0.9861453096173662,0.2023267435440799,True,0.3346927006287157,1.074656395144857,1.0390541975225884,0.9907849384733451,1.8882450747477324,1.0011720769916046,1.3043463149997698,1.0065483950288343,0.4110524285850422,1.0138836473951267,0.2789309387809648,1.0044206680015164,1.217717692185165,1.0069205538117123,1260.6093606037907,0.991192773584369,0.9997711339561961,1.0309901450842374,0.9861453096173662,0.9714933715828191,1.0104903639618996,1.8138420703071392,1.8312013497770057,0.9997711339561961,1.8138420703071392
11,50,uniform,4.123105625617661,load,wind,0.9947149165523974,0.9901111812771748,0.9538951572958708,0.0055025445615085,True,0.3218744386442762,0.9972257168571248,0.9778725046886252,0.9474092237574604,1.8932422728263825,1.0038216563531228,1.2948117507803445,0.99919068626545,0.4066845629975472,1.0031100643064066,0.2777317162579977,1.000102309153031,1.2072418667251852,0.9982581815381614,1254.1281986458605,0.9860967612129762,0.9901111812771747,0.9947149165523974,0.9538951572958707,0.9378830976766053,0.998571596879305,1.8138420703071392,1.8312013497770057,0.9901111812771747,1.8138420703071392
59,76,uniform,3.605551275463989,load,load,0.998880246467279,0.940350038335863,0.9837194300337252,0.022793721836186,True,0.3218744386442754,1.0906442093686934,1.054512352848831,1.0098106497699315,1.8917777700274745,1.0030451579374506,1.29559014060339,0.9997913603487696,0.4109620513920767,1.013660727028592,0.2774447383364031,0.9990689115780992,1.2092066402830308,0.9998828363261116,1266.1420276643498,0.9955430027516724,0.940350038335863,0.998880246467279,0.9837194300337253,0.9673344165958119,0.9874507148676054,1.8312013497770037,1.8312013497770057,0.940350038335863,1.8312013497770037
24,56,uniform,3.605551275463989,load,load,0.9666075383036608,0.9099683760032754,0.9098090284689982,0.0661161469018707,True,0.3218744386442757,1.0310324884471287,0.9968755034103198,0.9263981607667264,1.8249234851319067,0.9675981472925924,1.2982559717200577,1.0018485502231471,0.3987195939877915,0.9834640258222198,0.2783632966096058,1.0023766081656516,1.2101069232447752,1.000627272761785,1258.7718847973408,0.9897480018748228,0.9099683760032754,0.9666075383036608,0.9098090284689982,0.8906085578513558,1.0059263848046787,1.8312013497770037,1.8312013497770057,0.9099683760032754,1.8312013497770037
24,33,uniform,1.4142135623730951,load,load,1.0010637747951838,1.0002740615137995,0.9979818906585436,0.0298275083099916,True,0.3218744386442765,1.0025614415403128,0.9996449433980354,0.9976566879251632,1.902765085963391,1.0088707756304265,1.2965224469172398,1.0005108099405604,0.4102388965611122,1.0118770254697091,0.2778685779093914,1.0005951432284386,1.2100399789079024,1.0005719170506946,1268.9492926044054,0.9977503009116568,1.0002740615137997,1.0010637747951838,0.9979818906585437,0.9980337989895293,1.0004071735467306,1.8138420703071392,1.8312013497770057,1.0002740615137997,1.8138420703071392
1,31,uniform,3.0,load,load,0.9979891379288156,0.9961088148680268,0.9879844979344408,0.0115725882745502,True,0.3218744386442763,0.9988643717115891,0.9929861992597232,0.986499931774185,1.909430311522011,1.0124047648383858,1.2941648558866223,0.9986914852407373,0.4097250466477852,1.010609586116216,0.2771093172535709,0.9978610718542144,1.20747257103343,0.998448948997085,1262.006053674328,0.9922909663486752,0.9961088148680269,0.9979891379288157,0.9879844979344409,0.9855160980417483,1.0001717770647656,1.8138420703071392,1.8312013497770057,0.9961088148680269,1.8138420703071392
39,50,uniform,9.219544457292889,city,wind,1.014512700241662,0.9550664956469508,0.9966682541977492,0.3878056220707068,True,0.4329433837750364,1.1445562842557573,1.1066383793272805,1.0314968443563552,1.936911313427472,1.0269755491732404,1.2995557088871283,1.0028515417940436,0.4171689914986713,1.0289704895717788,0.278026321437992,1.0011631722217889,1.2126140785331292,1.0027004184569186,1261.555095953834,0.9919363870097344,0.9550664956469508,1.014512700241662,0.9966682541977491,0.9717302236200986,1.0226735672479883,1.8312013497770037,1.8312013497770057,0.9550664956469508,1.8312013497770037
14,95,uniform,8.06225774829855,load,city,0.878228565717472,0.5760349391416351,0.8051547980314708,0.1448112981285607,True,0.3218744386442772,0.6586613089212022,0.6368405760876219,0.7686481380429298,1.7677434814693254,0.9372805662779022,1.2986471946255551,1.002150452243415,0.3849806056933282,0.9495760480490208,0.2782223346576019,1.0018690090494926,1.2111095004544408,1.001456295453723,1255.133772959909,0.9868874248590954,0.5760349391416351,0.878228565717472,0.8051547980314708,0.7259398703507498,0.9307842500330589,1.8664199069075176,1.8842823797779598,0.5760349391416351,1.8664199069075176
30,60,uniform,3.0,wind,wind,0.996647684854854,0.9926451506308596,0.9658213817359146,0.1063610376249471,True,0.3416544579397594,0.996984872475706,0.9831046455821,0.9608816467688022,1.8621819346556787,0.9873530614157948,1.2908003064024658,0.9960951027889852,0.4007759173633045,0.9885360616483202,0.2712114757250421,0.9766231483963802,1.2031692434360772,0.9948905634736028,1254.1738000793812,0.9861326167387112,0.9926451506308597,0.996647684854854,0.9658213817359146,0.9491221057308376,0.9987962594813925,1.8138420703071392,1.8312013497770057,0.9926451506308597,1.8138420703071392
51,71,uniform,2.0,load,load,0.9976374550264906,0.9948997635181372,0.981681842116458,0.0362202940761067,True,0.321874438644276,0.9976912114931176,0.9900955568872296,0.9790180240842756,1.8703696316773304,0.9916942847784668,1.2969776877667842,1.0008621138398324,0.4040456138945154,0.996600949760892,0.2777262869895716,1.0000827585451166,1.2097632392851927,1.000343083376068,1270.4064757331234,0.998896055839482,0.9948997635181371,0.9976374550264906,0.981681842116458,0.9778668121780324,1.0007227828984777,1.8138420703071392,1.8312013497770057,0.9948997635181371,1.8138420703071392
19,52,uniform,8.06225774829855,load,load,1.015978462212909,0.9771433215472212,0.99553633172812,0.2202798795709645,True,0.3569212345489182,1.0574963469467054,1.0224626430587307,1.0058763209459292,1.9960106089324363,1.0583107636645852,1.299650304241086,1.002924539893251,0.4354244034108008,1.073998477066909,0.2786765133158226,1.003504490696942,1.21322779403268,1.0032078946598648,1266.2150100333715,0.9956003873777384,0.9771433215472213,1.0159784622129093,0.9955363317281201,0.9869134920705659,1.0139537459940056,1.8138420703071392,1.8312013497770057,0.9771433215472213,1.8138420703071392
34,89,uniform,7.071067811865476,load,load,0.8289404008549666,0.5383150602350042,0.8266184649815419,0.2186086342300913,True,0.3218744386442774,0.7395690446755583,0.5611879526083805,0.8117198783864086,1.9309789121256176,1.0238301129095082,1.2911778344354103,0.9963864366404852,0.4215244642363062,1.0397135050079462,0.2768168899037823,0.9968080510767408,1.20308897595155,0.99482419096338,1252.0321268607102,0.9844486604838496,0.5383150602350042,0.8289404008549666,0.8266184649815419,0.7570396511660542,0.945586940246469,1.8842823797779598,1.8842823797779598,0.5383150602350042,1.8842823797779598
41,80,uniform,4.123105625617661,load,wind,0.9938204756547918,0.9870327368422134,0.9640050880759804,0.1032749143957764,True,0.3218744386442763,0.9957436011717,0.978237276109217,0.9600532360511792,1.8745551991541816,0.9939135270475074,1.2969266819535206,1.000822753265967,0.401915047590318,0.9913457896272988,0.2770110458221728,0.9975071998269603,1.209144192146573,0.9998311984854612,1259.4812177884432,0.990305736694838,0.9870327368422134,0.9938204756547918,0.9640050880759805,0.954615000151144,1.0005993848840722,1.8138420703071392,1.8312013497770057,0.9870327368422134,1.8138420703071392
90,98,uniform,8.0,load,city,1.0029127627201455,0.660708814970296,0.9745090081768736,0.2622489299876151,True,0.3218744386442759,0.8360918734121731,0.7730557364294397,0.9504441851183568,1.867899010128669,0.990384329126834,1.2950714694472214,0.9993911080432386,0.3995462407824478,0.985502996058106,0.2765862540058141,0.9959775391811628,1.2077245599634718,0.9986573165313836,1248.0064621670654,0.9812833581483954,0.660708814970296,1.0029127627201457,0.9745090081768736,0.8766937191876242,0.9739529238299769,1.8664199069075176,1.8842823797779598,0.660708814970296,1.8664199069075176
23,77,uniform,6.4031242374328485,load,load,0.8291259341122216,0.4779357898522425,0.7759711829983404,0.2057561613329854,True,0.3218744386441994,0.8051125936512158,0.473331431015022,0.7799529161257192,1.86932228545187,0.9911389681991222,1.2939352163510067,0.9985142751674992,0.4020863352513485,0.9917682801575634,0.2776299704010879,0.9997359258396192,1.2054874924403305,0.9968075041456624,1253.890162716612,0.9859095981628688,0.47793578985224255,0.8291259341122216,0.7759711829983404,0.6948125625917094,0.9341773976358207,1.8842823797779598,1.9023158044989843,0.47793578985224255,1.8842823797779598
35,66,uniform,3.1622776601683795,load,load,0.94357132294015,0.7979029226821015,0.9008123762377062,0.0078843072993666,True,0.3218744386442762,1.087607856609103,1.0515765911539623,0.9452641111810984,1.845333106992081,0.978419594032547,1.2962322564315771,1.0002868734259729,0.400443225589952,0.987715458909672,0.2781411979340628,1.0015768385128976,1.2086795912496315,0.9994470238976628,1261.6081153947528,0.9919780751713017,0.7979029226821015,0.9435713229401499,0.9008123762377062,0.8672324783765893,0.9909878373999554,1.8487267653116608,1.8487267653116621,0.7979029226821015,1.8487267653116608
22,78,stratified,7.810249675906654,wind,load,0.8077294092868381,0.5063546236417533,0.7756854145841436,0.3712910464940797,True,0.3542802628847668,0.7358499688299345,0.5119231817386339,0.7657524359350178,1.9307454522231844,1.0237063294353506,1.2904707205979018,0.995840765379669,0.4147876600649903,1.0230968033173315,0.2769016040218849,0.9971131036874896,1.2026338083256949,0.9944478166683816,1246.8424549010267,0.9803681217345196,0.5063546236417533,0.8077294092868381,0.7756854145841436,0.6922325784005693,0.9247284195147104,1.8842823797779598,1.9023158044989843,0.5063546236417533,1.8842823797779598
71,77,stratified,6.0,load,load,1.0106080875457757,0.5185957450007306,0.9880962287585128,0.1225445579738506,True,0.3218744386442759,1.1672574659987842,0.5975811986712318,1.0354774378275018,1.8633510733144227,0.987972953925999,1.3003810376803284,1.0034884381172158,0.4025119275728393,0.9928180272584424,0.2778865492965325,1.000659857572269,1.213937243590073,1.0037945325528808,1264.0864927730695,0.9939267753986472,0.5185957450007306,1.0106080875457755,0.9880962287585128,0.843236296224041,0.9955970230419394,1.9023158044989832,1.9205218171562206,0.5015002817518125,1.8842823797779598
1,97,stratified,10.816653826391969,load,load,0.7749916426071853,0.3466762447726688,0.7192411928833871,0.4726970988916397,True,0.3218744386442695,0.8956995218306971,0.4585562393013597,0.7688204942200143,1.909901282135888,1.01265447957828,1.2891280306355593,0.99480462765223,0.4094447768505487,1.0099182850934851,0.2765352251903611,0.9957937861807656,1.201383177714605,0.993413680697775,1241.5830949938272,0.976232788699075,0.3466762447726688,0.7749916426071853,0.7192411928833871,0.6113038493441709,0.8342882416834622,1.9205218171562206,1.9205218171562206,0.2932870216029182,1.8842823797779598
75,96,stratified,2.23606797749979,load,sync,0.9892556520920158,0.3850789004260183,1.0016465776818462,0.0225461050960249,True,0.3218744386442763,0.960436220266989,0.5012841754831026,0.9880710310819532,1.909282846229877,1.0123265768241367,1.3026426502793351,1.005233697413408,0.4129270952179685,1.0185076167753442,0.2788738516476601,1.004215099207969,1.2152236089179391,1.004858217261292,1269.225534203396,0.9979675043413948,0.3850789004260183,0.9892556520920158,1.0016465776818462,0.8199441849501461,0.9269876726343008,1.4431795727918129,1.9389020694933725,0.3850789004260183,1.4431795727918129
24,67,stratified,5.0,load,load,0.8095516228934869,0.4376306330684749,0.785012866410518,0.1083753196878857,True,0.3218744386442772,0.9420797016071208,0.4823007209026548,0.8309800709122483,1.8345835766076215,0.9727200533290546,1.296018745335925,1.000122109476263,0.3982481888190493,0.9823012787888776,0.277603058051337,0.9996390153985169,1.208657255796761,0.9994285548988808,1255.969217246666,0.9875443185532444,0.4376306330684749,0.8095516228934869,0.785012866410518,0.6951639694913478,0.8872108603418309,1.9023158044989832,1.9205218171562206,0.40335439730804235,1.8842823797779598
71,96,stratified,5.385164807134504,load,sync,1.0280792667772083,0.4566211758492882,0.9969592856832156,0.1069738187389514,True,0.3218744386442764,1.1601813388384432,0.5418482544890503,1.0534254008431014,1.8715650477029768,0.9923281098900856,1.3069376233272103,1.0085480765612738,0.4011295158488174,0.9894082319537952,0.2788880745925404,1.0042663155408007,1.218988804717929,1.0079716261116896,1267.917620989646,0.9969391174624306,0.4566211758492882,1.0280792667772085,0.9969592856832157,0.777388147536408,0.9091563713033779,2.0924202130964016,2.072584651457066,0.36938789863605587,1.4159473824117974
81,86,stratified,5.0,load,load,0.9881540954285344,0.5425644232607009,0.9842041139990576,0.1434192234080225,True,0.3218744386442759,1.1322686690038042,0.6016013508514377,1.0236016226127034,1.8492678508483933,0.9805058463584428,1.2985496991478924,1.0020752161535549,0.3949348017345723,0.9741286254998428,0.2775783889687434,0.9995501828848992,1.2118583611876177,1.002075522117684,1261.787935472224,0.9921194642224264,0.5425644232607009,0.9881540954285344,0.9842041139990575,0.848513748162874,0.9549463762366511,1.9023158044989832,1.9023158044989843,0.5381011856946506,1.8842823797779598
22,89,stratified,9.219544457292889,wind,load,0.8166709670945062,0.4743203792106006,0.7704272293633322,0.4320200345193352,True,0.3395652239107551,0.7816997681152852,0.4724104526399899,0.7744146770034953,1.9221545744212023,1.019151334383482,1.2889796154573678,0.9946900974406684,0.414857262918024,1.0232684826204943,0.2764077413344882,0.9953347212228412,1.2007167116379096,0.992862585484698,1244.0224181076092,0.9781507813131072,0.4743203792106006,0.8166709670945062,0.7704272293633322,0.6878648354400358,0.9404515475183342,1.8842823797779598,1.9023158044989843,0.4743203792106006,1.8842823797779598
38,96,stratified,6.324555320336759,load,sync,0.883283096797406,0.3310396861311236,0.8773689390397973,0.0423873968463053,True,0.3218744386442751,0.7640980611410562,0.4309185076466914,0.8558395849107018,1.9577587566319772,1.0380291344795902,1.296009740640582,1.0001151606609509,0.4237155608240301,1.0451179664480688,0.2778418123075748,1.000498761221575,1.2091157167640714,0.9998076524303264,1261.6211769859135,0.9919883452479604,0.33103968613112367,0.883283096797406,0.8773689390397973,0.7257733467633012,0.8458058748927777,1.3630148852012474,1.9574582290620703,0.33103968613112367,1.3630148852012474
1,88,stratified,10.63014581273465,load,load,0.8076958491933564,0.4795307744913311,0.7493392804901009,0.5013757344986389,True,0.3218744386442546,0.7625723317973291,0.4691633939573898,0.7462612825636143,1.920239500924915,1.0181359375287458,1.2894915291847784,0.9950851351195372,0.4086933055525422,1.008064739395779,0.2766274377574825,0.9961258404472122,1.2017721584059236,0.9937353255713268,1237.8134130931444,0.9732687606857664,0.47953077449133114,0.8076958491933564,0.7493392804901009,0.6585524132728564,0.9115999957338902,1.8842823797779598,1.9023158044989843,0.47953077449133114,1.8842823797779598
46,97,stratified,5.0990195135927845,load,load,0.880813255096597,0.4853804074481768,0.8578525379336205,0.0316287909809741,True,0.3218744386442762,0.9295659707901704,0.5010891747811637,0.8822786098087237,1.875439279229314,0.9943822777922512,1.2916089583629715,0.996719129800542,0.4057229433443864,1.000738176017826,0.276834025851763,0.9968697570330352,1.2052344894751197,0.9965982981141814,1259.2521801218434,0.9901256488047212,0.4853804074481768,0.880813255096597,0.8578525379336205,0.7705726068468154,0.9380534310140439,1.8842823797779598,1.9023158044989843,0.4853804074481768,1.8842823797779598
2,77,stratified,8.602325267042627,load,load,0.8183171652655874,0.4827435080311187,0.7557614826468644,0.3300278881779243,True,0.3218744386442605,0.7767779533176256,0.4734519091020591,0.7529746879866934,1.8915407316746395,1.0029194771223868,1.2908816652672723,0.9961578864483944,0.4063388832934788,1.0022574261152208,0.2766494885842434,0.9962052447120884,1.2031471984956466,0.9948723346971224,1245.7951734925318,0.9795446646062048,0.4827435080311187,0.8183171652655874,0.7557614826468644,0.6660017920289077,0.9147462447686775,1.8842823797779598,1.9023158044989843,0.4827435080311187,1.8842823797779598
19,98,stratified,8.06225774829855,load,city,0.8974688168260468,0.5853227293383416,0.8680615791022677,0.0120866249774032,True,0.3218744386442753,0.6990595035531568,0.6616623818731399,0.8409800634372568,1.9382740953565936,1.0276981138618562,1.2923475724948266,0.9972891094604024,0.431092236610503,1.0633129470197336,0.2770380981532493,0.9976046143359768,1.2046317127791402,0.9960998671162288,1255.8987022157355,0.987488873947428,0.5853227293383416,0.8974688168260468,0.8680615791022677,0.7970659010431012,0.9450171849022854,1.8664199069075176,1.8842823797779598,0.5853227293383416,1.8664199069075176
67,74,stratified,3.1622776601683795,load,load,1.0199043034949875,0.6686133392325038,1.0153353882712408,0.0463680618991816,True,0.321874438644276,0.8928079688395401,0.7970217543633585,0.9955189956266012,1.873149898687829,0.9931684184779096,1.2988677346581734,1.0023206403394127,0.4040948575560668,0.9967224119873938,0.278428143823065,1.002610120739572,1.2122780454585296,1.0024225555238706,1269.0220689637777,0.9978075235563172,0.6686133392325038,1.0199043034949875,1.0153353882712408,0.9026227448810299,0.975903146261598,1.8664199069075176,1.8842823797779598,0.6686133392325038,1.8664199069075176
2,66,stratified,7.211102550927978,load,load,0.8798379072846194,0.687917317813878,0.8104028136553822,0.2624802312064133,True,0.3218744386442567,0.9194036740208772,0.8889448302034368,0.8213314260848797,1.895401995198648,1.0049667692211943,1.2928569284380047,0.9976821733278805,0.4084401356802713,1.0074402818432662,0.2771995849160603,0.9981861225863162,1.205406655299256,0.9967406605912148,1248.0811798348363,0.9813421072063258,0.687917317813878,0.8798379072846194,0.8104028136553822,0.7430093986493506,0.9629023622915636,1.8487267653116608,1.8664199069075176,0.687917317813878,1.8487267653116608
5,79,stratified,8.06225774829855,load,load,0.8717103398791454,0.652274371696024,0.847562921148152,0.1098460976828012,True,0.3218744386442768,0.8048650886796419,0.7782007836274447,0.8296650143319724,1.922354743456008,1.0192574666069978,1.293171358052613,0.9979248148873298,0.428163512707205,1.056089086833551,0.2773363216273398,0.9986785067566912,1.204503399680265,0.9959937660901784,1257.2539369077722,0.9885544687900794,0.652274371696024,0.8717103398791454,0.847562921148152,0.791961755767113,0.964433866004725,1.8664199069075176,1.8664199069075176,0.652274371696024,1.8664199069075176
25,89,stratified,7.211102550927978,load,load,0.8656739740639579,0.5695187084233585,0.8325445375747329,0.1369122326910774,True,0.3218744386442768,0.6614422092852096,0.6395293482469543,0.804646137938135,1.895525027034458,1.00503200229938,1.2918885155453836,0.996934860722644,0.4140344020698552,1.0212388506319134,0.2770168182447856,0.9975279861212384,1.2037365993482776,0.9953597053223152,1253.692609820388,0.9857542661391212,0.5695187084233585,0.8656739740639579,0.8325445375747329,0.7697355726703579,0.9730679291283242,1.8664199069075176,1.8842823797779598,0.5695187084233585,1.8664199069075176
19,89,stratified,7.0,load,load,0.9093076580195086,0.6804073029525937,0.8892086681299143,0.0259104135661754,True,0.3218744386442758,0.8620895420766455,0.8335294531181963,0.8768544323002936,1.94767442868235,1.0326822927515684,1.291397264281006,0.9965557680184832,0.4311872854535357,1.0635473902706505,0.2769107343483904,0.9971459816776038,1.2041511439596222,0.9957024887870816,1257.2985524622816,0.988589549138204,0.6804073029525937,0.9093076580195086,0.8892086681299143,0.8315906618227494,0.9609229920984452,1.8664199069075176,1.8664199069075176,0.6804073029525937,1.8664199069075176
60,79,stratified,9.055385138137416,wind,load,1.0071752839554011,0.6616133357744546,0.9712895353920452,0.3000969928091729,True,0.3418947822345141,0.8120722901193009,0.7691770683353686,0.9456167692098832,1.9383907854634332,1.0277599844729286,1.3008004437105751,1.0038120887165665,0.4162954868716949,1.0268159418897131,0.2777397982302946,1.000131412055881,1.213943110181754,1.003799383588373,1254.66125576968,0.9865158937258304,0.6616133357744546,1.0071752839554013,0.9712895353920451,0.8719950425831161,1.0464316148619854,1.8664199069075176,1.8842823797779598,0.6616133357744546,1.8664199069075176
54,67,stratified,3.1622776601683795,load,load,0.9662879107003156,0.5550754629718567,0.955160700477858,0.0548181398578824,True,0.3218744386442766,1.0056217660416948,0.6061065366563301,0.9746705872540816,1.8858344313954445,0.999893922559125,1.2987689636883266,1.0022444199675442,0.4105351944361225,1.0126078606365636,0.2780460598929908,1.0012342497158877,1.211840730171998,1.002060943178636,1268.890830873695,0.9977043335828218,0.5550754629718567,0.9662879107003157,0.9551607004778581,0.843284697913074,0.991406999603128,1.8842823797779598,1.9023158044989843,0.5550754629718567,1.8842823797779598
19,87,stratified,7.280109889280518,load,load,0.9017765110290354,0.5856149324516285,0.8686621137073979,0.0450513856222778,True,0.3218744386442752,0.7147830116615123,0.6578735327928111,0.8412351196690264,1.951172430196704,1.034536978612149,1.2939488314381251,0.9985247817668048,0.433933777343927,1.0703217650747512,0.2774582031279944,0.999117397827146,1.2072227194715353,0.998242348834594,1260.0838829758482,0.9907796006826164,0.5856149324516285,0.9017765110290354,0.8686621137073979,0.7937559221552903,0.942184999726497,1.8842823797779598,1.8842823797779598,0.5856149324516285,1.8842823797779598
50,79,stratified,9.219544457292889,wind,load,0.9915784435016504,0.6540481751489435,0.9546355225218396,0.2972550982476581,True,0.3337392270159321,0.782438563943902,0.7565172252661011,0.9281244291728888,1.9626913571404483,1.0406444633699332,1.3010089329446288,1.0039729773559594,0.4181534296579382,1.0313986609731454,0.2781577594417216,1.0016364759294516,1.213876507522826,1.0037443104079111,1254.8884378123448,0.9866945225747148,0.6540481751489435,0.9915784435016503,0.9546355225218396,0.8603455412841595,1.051794642327902,1.8664199069075176,1.8842823797779598,0.6540481751489435,1.8664199069075176
45,86,stratified,4.123105625617661,load,load,0.8551521659584143,0.5553370172972671,0.8469688040408073,0.0386308903039159,True,0.3218744386442765,0.7794171510384645,0.5774880143614558,0.8302485553965435,1.841283633985192,0.9762725108200724,1.2932768948030398,0.9980062563308612,0.3957064427422892,0.9760319209068952,0.2775708201682084,0.9995229278958236,1.2062699053708992,0.9974544748404416,1259.001466980567,0.989928517907838,0.5553370172972671,0.8551521659584143,0.8469688040408073,0.768671442467928,0.9156407400263774,1.8842823797779598,1.8842823797779598,0.5553370172972671,1.8842823797779598
34,69,stratified,5.830951894845301,load,load,0.9089033793308056,0.6873212699754158,0.8804653631285677,0.1858322054024582,True,0.3218744386442774,0.9156782714807684,0.8853428461978985,0.8846805683557252,1.9084619938131329,1.0118913502055342,1.2919131072541188,0.9969538378490972,0.4186564399751279,1.0326393638606703,0.2767598243370847,0.9966025599438,1.2040151730287312,0.9955900555639186,1255.8832714329046,0.9874767410211536,0.6873212699754158,0.9089033793308057,0.8804653631285677,0.8277541747273157,1.0088721361222808,1.8487267653116608,1.8664199069075176,0.6873212699754158,1.8487267653116608
86,90,stratified,6.082762530298219,load,load,1.0099030686695956,0.6571448234444313,0.9856310376630634,0.1973958047219033,True,0.3218744386442762,0.8609469136297598,0.7673735871221633,0.963155731763002,1.860529357145661,0.9864768433442,1.29432995390047,0.9988188893963283,0.3965449102125194,0.9781000474956748,0.2765224532091028,0.9957477947177774,1.2079439076446727,0.998838693290586,1257.1887369901474,0.9885032033551178,0.6571448234444313,1.0099030686695956,0.9856310376630634,0.880950733220198,0.9713452719502114,1.8664199069075176,1.8842823797779598,0.6571448234444313,1.8664199069075176
30,95,stratified,7.810249675906654,wind,city,0.875781154556339,0.6249848219217636,0.8230306232627661,0.4521381178012719,True,0.3579731941417204,0.7174830749484109,0.6937136409783066,0.7903520138330756,1.890750437237109,1.0025004527414745,1.286543756714409,0.99281037448669,0.4078862602307582,1.0060741172815142,0.2706645644068958,0.9746537396462756,1.1987129227857465,0.9912056692768688,1245.5296300513894,0.9793358729311956,0.6249848219217636,0.875781154556339,0.8230306232627661,0.7315099640961414,0.9101628965204677,1.8664199069075176,1.8842823797779598,0.6249848219217636,1.8664199069075176
43,58,stratified,5.0990195135927845,load,sync,0.9324559457409902,0.7885035357589297,0.9297168107339412,0.1613884209823773,True,0.3218744386442773,1.063889564004113,1.028644059788007,0.9649847614378648,1.944883339146688,1.031202420808642,1.2990712095368449,1.0024776594609452,0.4182469024523443,1.0316292168125814,0.2781709924977439,1.0016841277067254,1.211422130467542,1.001714806591362,1260.668101949508,0.9912389607690792,0.7885035357589297,0.9324559457409902,0.9297168107339412,0.8825931949748211,0.9930285874446878,1.8487267653116608,1.8487267653116621,0.7885035357589297,1.8487267653116608
55,78,stratified,3.605551275463989,load,load,0.980038191308328,0.7875569428748412,0.9768224231307114,0.0733863903235005,True,0.3218744386442761,1.0553885852755152,1.020424709239398,0.9916458085097282,1.8779003315393488,0.9956871597092092,1.2995140112467245,1.0028193642254468,0.4075722148463218,1.0052995068968582,0.2779327969034381,1.0008263936059716,1.2131868875203975,1.0031740694077014,1264.2771763986575,0.994076706247672,0.7875569428748412,0.9800381913083281,0.9768224231307114,0.9199397347995065,1.0030400572399973,1.8487267653116608,1.8664199069075176,0.7875569428748412,1.8487267653116608
46,79,stratified,4.242640687119285,load,load,0.9114480734126288,0.7608262410711902,0.9151204531651644,0.0498825120842545,True,0.3218744386442765,1.0197828301257796,0.9859985340345252,0.9398701057157964,1.862939847613044,0.9877549167151158,1.2913090084997236,0.9964876620914148,0.4010993530016562,0.9893338336158488,0.2766988019348017,0.9963828203827032,1.2041510960094952,0.9957024491375236,1260.045730367272,0.9907496020239552,0.7608262410711902,0.9114480734126287,0.9151204531651644,0.8716431841182302,0.9768645725413173,1.8487267653116608,1.8664199069075176,0.7608262410711902,1.8487267653116608
18,69,stratified,5.0990195135927845,load,load,0.951743021929148,0.8048130759986339,0.925712392898036,0.0220247554920886,True,0.3218744386442754,1.0942031074348515,1.0579533484925576,0.9695623986308348,1.900344517041407,1.0075873585319082,1.293959471170708,0.9985329923207286,0.4264896550099415,1.0519604238472653,0.277155103995479,0.9980259483289934,1.2062211165295735,0.9974141317564552,1262.6090959515118,0.992765126834858,0.8048130759986339,0.951743021929148,0.925712392898036,0.8912634070655601,0.9966927639251522,1.8487267653116608,1.8487267653116621,0.8048130759986339,1.8487267653116608
47,87,stratified,4.0,load,load,0.9281359825907384,0.6944959663743104,0.9169671680701248,0.0047721698709007,True,0.3218744386442763,0.8795230608772536,0.8503854184008661,0.9038261438344076,1.8931205530238533,1.0037571189320336,1.2926304600263232,0.9975074103729188,0.4083365060351144,1.0071846735672814,0.2771786861346282,0.9981108667968428,1.2064298371754385,0.997586721109205,1263.75650339999,0.9936673111330484,0.6944959663743104,0.9281359825907384,0.9169671680701249,0.85448012030753,0.958347445266808,1.8664199069075176,1.8664199069075176,0.6944959663743104,1.8664199069075176
37,89,stratified,5.385164807134504,load,load,0.9287118352592144,0.700486262506179,0.907759270999068,0.0226448067838944,True,0.3218744386442759,0.9315490350264272,0.9006878286076317,0.9091824434143572,1.8745631748086768,0.9939177558431668,1.2913815672162887,0.9965436547820552,0.4087185290687564,1.0081269545995848,0.2768117768492276,0.9967896391440458,1.2041161421304156,0.9956735460678656,1257.494930241936,0.9887439571905072,0.700486262506179,0.9287118352592145,0.9077592709990681,0.8553816205455748,0.9830186052632849,1.8487267653116608,1.8664199069075176,0.700486262506179,1.8487267653116608
32,57,stratified,5.385164807134504,sync,load,0.9065480165357532,0.7311264661829076,0.877415238117961,0.21456520754986,True,0.339226531893245,0.9844236621052858,0.9518107767954792,0.90080023345214,1.9761269222233744,1.047768174576449,1.2960279776409007,1.0001292339351957,0.4272119895564602,1.0537421021289992,0.278215870912288,1.0018457333260669,1.208928746795395,0.9996530485302484,1258.3487888274683,0.9894153296918484,0.7311264661829076,0.9065480165357531,0.877415238117961,0.8186155869200292,0.9902849641744687,1.8487267653116608,1.8664199069075176,0.7311264661829076,1.8487267653116608
63,66,stratified,3.0,load,load,0.9986515084867236,0.7487166730803643,0.985520022433442,0.0660481757621502,True,0.3218744386442756,1.0013041462995464,0.968132028906854,0.9829745138255266,1.8953170161508683,1.0049217122257312,1.29826590952081,1.0018562191047031,0.4103072597839191,1.0120456471560613,0.2783841100923726,1.0024515567975798,1.2118635574457626,1.0020798188599935,1269.5159368582565,0.9981958423356402,0.7487166730803643,0.9986515084867236,0.985520022433442,0.9146793378103586,1.0062120323676624,1.8487267653116608,1.8664199069075176,0.7487166730803643,1.8487267653116608
9,79,stratified,7.0,city,load,0.917918872077056,0.6985700371674045,0.8844905106763441,0.04631538332839,True,0.3218744386442754,0.9299157553387676,0.8991086576997412,0.8877013311830043,1.9586560616583657,1.0385048972653528,1.2943831376020556,0.9988599306204704,0.4443969084519851,1.0961296591371423,0.2776574593363465,0.999834912545202,1.2057455213830504,0.9970208661158222,1259.922330206238,0.9906525748625692,0.6985700371674045,0.9179188720770561,0.8844905106763441,0.8321859687669654,0.9781905559555664,1.8487267653116608,1.8664199069075176,0.6985700371674045,1.8487267653116608
3,57,stratified,6.4031242374328485,load,load,0.9039536456903802,0.7644014165437335,0.859580692694714,0.1757921310097648,True,0.3218744386442213,1.031531440541088,0.9973579257640448,0.8972266513200332,1.872501774704764,0.992824774719506,1.2957777437359137,0.9999361314343104,0.4052009996851929,0.9994507729905784,0.2778546496633752,1.000544988096029,1.2079380949667882,0.99883388683596,1254.618554162064,0.9864823182771528,0.7644014165437335,0.9039536456903802,0.859580692694714,0.8113683534633003,0.9804876579140852,1.8487267653116608,1.8487267653116621,0.7644014165437335,1.8487267653116608
42,57,stratified,5.0990195135927845,load,load,0.929273050147598,0.7517858874564963,0.9128678011617468,0.1683143211870184,True,0.3218744386441952,1.0114536672871233,0.9779453073022834,0.93600576417578,1.96816856111664,1.0435485480961617,1.297556228234244,1.0013085665742667,0.4229182841541211,1.0431514392562629,0.278480516208803,1.0027987118901185,1.2105891919264238,1.0010260566926816,1262.2797444480036,0.9925061641137736,0.7517858874564963,0.9292730501475981,0.9128678011617468,0.8561049574251032,1.0031128701458978,1.8487267653116608,1.8664199069075176,0.7517858874564963,1.8487267653116608
20,57,stratified,7.615773105863909,wind,load,0.936310445203424,0.7917629781686136,0.8767297041572645,0.3906733490598376,True,0.3298670786737005,1.074600618432756,1.0390002686322992,0.9235267514616682,1.9584306928144588,1.0383854037755718,1.289029757029132,0.9947287910897424,0.419921097818151,1.035758712677085,0.2731198446002294,0.9834951187442597,1.2018835068457945,0.99382739866303,1255.0240071184537,0.9868011180996528,0.7917629781686136,0.9363104452034241,0.8767297041572645,0.8186566596414766,0.9909800674108389,1.8487267653116608,1.8487267653116621,0.7917629781686136,1.8487267653116608
23,49,stratified,6.324555320336759,load,hvdc,0.934116204868312,0.841980261336678,0.9076214125877452,0.2173660799346615,True,0.3218744386442302,1.0902715985980904,1.0541520862678229,0.9538362743265738,1.9285037169605224,1.0225177322670067,1.2984427233625968,1.001992664224088,0.4184371737107735,1.0320985314402913,0.2785291080540868,1.002973689445182,1.210419118615927,1.000885424497639,1246.656725043412,0.9802220859374996,0.841980261336678,0.9341162048683119,0.9076214125877452,0.8747210880900645,1.0103341077208479,1.8312013497770037,1.8487267653116621,0.841980261336678,1.8312013497770037
24,65,stratified,4.123105625617661,load,load,0.9356568246168706,0.880831244795777,0.8948911750636246,0.0555932900695096,True,0.3218744386442769,1.0648588355944677,1.0295812204647106,0.9274792014853692,1.8287824397421992,0.9696442151753428,1.2992534895560728,1.00261832276385,0.3975598435519253,0.9806034369527374,0.2783111188976478,1.0021887180286568,1.2116946523886798,1.0019401526839078,1259.1667878958108,0.9900585065479612,0.880831244795777,0.9356568246168706,0.8948911750636246,0.8688576153728036,0.9757160879103512,1.8312013497770037,1.8312013497770057,0.880831244795777,1.8312013497770037
57,87,stratified,3.0,load,load,0.9764729183189916,0.8257251746681836,0.9667735930142588,0.0136129253878193,True,0.3218744386442763,1.1186975480892114,1.0816363149671115,1.007054345699397,1.894812349712426,1.0046541315217643,1.2959253028682565,1.000050001045566,0.4096773295702367,1.010491889293953,0.2778744869380433,1.000616421436341,1.2095746766394857,1.000187162504702,1268.4414520992252,0.9973509957386196,0.8257251746681836,0.9764729183189916,0.9667735930142587,0.9250096932628383,0.9841153238005291,1.8487267653116608,1.8487267653116621,0.8257251746681836,1.8487267653116608
18,59,stratified,4.123105625617661,load,load,0.9487222907363466,0.8931311292011173,0.9492327373147788,0.0232124497619158,True,0.3218744386442758,1.100424822347447,1.0639689447565617,0.9877386693380752,1.8573032687585056,0.98476632935726,1.2950198814059184,0.9993512981709838,0.3981229916423646,0.9819924729983912,0.2777385328305786,1.0001268553952485,1.2068352311097177,0.997921937955799,1263.4982915494354,0.9934642841460036,0.8931311292011173,0.9487222907363466,0.9492327373147788,0.928502308494256,0.9792462977173837,1.8312013497770037,1.8312013497770057,0.8931311292011173,1.8312013497770037
3,38,stratified,5.830951894845301,load,load,0.9611424098040944,0.9048234811950608,0.9310873607750896,0.2180493577832133,True,0.3218744386442653,1.067861377366204,1.032484291292981,0.9618106034011332,1.9390641957082344,1.0281170353359077,1.2966672597278572,1.000622560248305,0.4207978810994531,1.037921347342161,0.2782603053178107,1.002005740084272,1.2101393587267495,1.000654093389984,1257.8008079562835,0.9889844629249056,0.9048234811950607,0.9611424098040943,0.9310873607750897,0.9070591471266671,1.003087564806376,1.8312013497770037,1.8312013497770057,0.9048234811950607,1.8312013497770037
44,65,stratified,2.23606797749979,load,load,0.9575667289381364,0.9014573202851096,0.9254643243327336,0.0407421525625358,True,0.3218744386442763,1.0684197644380726,1.0330241796084358,0.9550403331331648,1.854556158690959,0.9833097758998556,1.2970558567450807,1.0009224359021105,0.3984482969496017,0.982794856608078,0.2783471930299115,1.002318619731868,1.2088796973088771,0.9996124899209374,1263.911864449669,0.9937894685233956,0.9014573202851096,0.9575667289381363,0.9254643243327335,0.905773125445408,0.9883087595908371,1.8312013497770037,1.8312013497770057,0.9014573202851096,1.8312013497770037
2,55,stratified,5.830951894845301,load,load,0.947958347403005,0.8924119497545971,0.8835587631180418,0.2144154844162366,True,0.3218744386442562,1.043289934963021,1.0087268740537985,0.9087835674387256,1.87115662307797,0.992111557846296,1.2957674189941577,0.9999281639550268,0.4062102775864797,1.0019402129953838,0.2778933702658784,1.000684419647085,1.2083085211991986,0.999140189182948,1250.9007549811406,0.983559084643536,0.8924119497545971,0.947958347403005,0.8835587631180418,0.8483375460455628,0.9927971023386886,1.8312013497770037,1.8312013497770057,0.8924119497545971,1.8312013497770037
39,41,stratified,8.06225774829855,city,load,0.9611093242383256,0.904792334305182,0.9536383542022456,0.2393198068717241,True,0.4882890299294223,1.1079481974215115,1.071243078596513,0.9949758035993124,1.9856653063975616,1.0528255498200154,1.2959062804348622,1.0000353216620446,0.4345044258450869,1.0717293013000648,0.2778721959869857,1.0006081718007802,1.2084702144299886,0.9992738919603156,1260.1453845469375,0.9908279581791838,0.9047923343051819,0.9611093242383256,0.9536383542022455,0.9231665927754945,0.9960136051336116,1.8312013497770037,1.8312013497770057,0.9047923343051819,1.8312013497770037
57,72,stratified,5.385164807134504,load,load,1.0123682619820833,0.8560790005244152,1.0139108333355775,0.0936562335913445,True,0.3218744386442755,1.1517402199293367,1.1135843190249255,1.0351561700962584,1.8592305996963536,0.9857882252668008,1.2990120440578743,1.0024320021709956,0.4010725311019986,0.9892676759104956,0.2783606619398601,1.002367120810977,1.212182012531,1.0023431467009614,1266.9047236243882,0.9961426958426948,0.8560790005244152,1.0123682619820833,1.0139108333355777,0.9499416270049374,0.9921535211778467,1.8487267653116608,1.8487267653116621,0.8560790005244152,1.8487267653116608
66,98,stratified,3.605551275463989,load,city,0.986579007103471,0.8799385726910646,0.980386165396344,0.0803906994954223,True,0.3218744386442756,1.1456288144345927,1.1076753777477275,1.0250224675306432,1.881592028346912,0.9976445453313824,1.2976054402350596,1.0013465428845971,0.4050020726459228,0.9989601083986313,0.2777272945252396,1.000086386646227,1.2106089476946305,1.001042392571836,1263.8575851087085,0.993746789726778,0.8799385726910646,0.986579007103471,0.9803861653963439,0.9502411533250915,0.9968412292010667,1.8312013497770037,1.8487267653116621,0.8799385726910646,1.8312013497770037
55,85,stratified,3.0,load,load,0.9885568347794564,0.8771071187305631,0.979122234517683,0.0223106489424304,True,0.3218744386442763,1.1473397686172435,1.1093296498790652,1.0248075968005406,1.8662299432025893,0.9894993681525578,1.2949404350851186,0.9992899903988282,0.402452647882316,0.9926718106090212,0.2777889694601138,1.0003084759546277,1.2083884625164956,0.999206291988222,1269.0722855453098,0.9978470078837264,0.8771071187305631,0.9885568347794563,0.979122234517683,0.9462074926831207,0.9969206836059032,1.8312013497770037,1.8487267653116621,0.8771071187305631,1.8312013497770037
35,94,stratified,6.082762530298219,load,load,0.9447832042046528,0.8894228566787734,0.9081237282580776,0.0037840965261028,True,0.3218744386442757,1.076359973868533,1.0407013385358863,0.9406485384153432,1.8407486984474768,0.975988881046314,1.2980951202706663,1.0017244230903752,0.4056124880575346,1.0004657319174644,0.2784428007346496,1.0026628997715037,1.2105568232924369,1.0009992913405237,1257.9491162229851,0.9891010748483228,0.8894228566787734,0.9447832042046527,0.9081237282580776,0.8842473956000322,0.9701021855260417,1.8312013497770037,1.8312013497770057,0.8894228566787734,1.8312013497770037
35,57,stratified,2.8284271247461903,load,load,0.9471648963721014,0.8518462627841619,0.9272355295607984,0.0237677914482653,True,0.3218744386442764,1.10279024635022,1.0662560048346532,0.971641908667272,1.86157256930878,0.9870299679899678,1.2958688017642488,1.000006399821794,0.400247812560713,0.9872334618186552,0.277937112572805,1.0008419341821708,1.2074628996961612,0.9984409518493542,1265.8150656844564,0.9952859188668184,0.8518462627841619,0.9471648963721014,0.9272355295607985,0.9009248272306604,0.994606897814582,1.8312013497770037,1.8487267653116621,0.8518462627841619,1.8312013497770037
84,95,stratified,1.4142135623730951,load,city,1.004303275585355,0.8492590855260561,0.9981828717310632,0.0434543791665219,True,0.3218744386442762,1.1470080829490088,1.1090089525962925,1.0333274735512743,1.8897493686012905,1.0019696731415502,1.2970157883370068,1.0008915155925466,0.4088788357897302,1.0085223600312527,0.2782995036868829,1.0021468920562264,1.2105061334440077,1.000957376329696,1271.2422582377485,0.9995532154678032,0.8492590855260561,1.004303275585355,0.9981828717310633,0.9472201633399919,0.9794349497112019,1.8487267653116608,1.8487267653116621,0.8492590855260561,1.8487267653116608
62,75,stratified,3.1622776601683795,wind,load,1.0100251259135242,0.865057865953493,0.9912095737514296,0.0807461358840807,True,0.3218744386442765,1.1662988026705432,1.127660591753188,1.0369805582498346,1.887294192835959,1.0006679070449618,1.2965495273066203,1.0005317075519955,0.4060002713505802,1.0014222209495456,0.2779517298364027,1.0008945704430725,1.2100703199852167,1.0005970058332332,1270.2711910321814,0.9987896840940858,0.865057865953493,1.0100251259135242,0.9912095737514295,0.9514733117691049,1.0140399747880773,1.8312013497770037,1.8487267653116621,0.865057865953493,1.8312013497770037
6,75,stratified,7.071067811865476,load,load,0.9630974930115208,0.9066640046968072,0.9103988846168746,0.0550322777221907,True,0.321874438644275,1.054295716399697,1.0193680459208805,0.9335441038489092,1.8494227454972252,0.9805879735141602,1.2984394454563408,1.0019901347031754,0.3987767274816179,0.983604948758276,0.2781122585350114,1.001472628737339,1.2104144898669935,1.0008815970239404,1258.1236159776472,0.9892382806324608,0.9066640046968072,0.9630974930115209,0.9103988846168746,0.8906320402093189,0.9885042160546531,1.8312013497770037,1.8312013497770057,0.9066640046968072,1.8312013497770037
25,55,stratified,3.0,load,load,0.9833272337545887,0.9316624072766828,0.9369648334637424,0.0020222490822208,True,0.3218744386442759,1.015578598621152,0.9819335841473092,0.9433872113397724,1.8216277593551555,0.965850710656728,1.298889098772472,1.0023371267699803,0.3963914400116347,0.9777215047205472,0.2784730791383057,1.002771931256355,1.2105998450665516,1.001034865684968,1262.584729645317,0.9927459680792802,0.9316624072766828,0.9833272337545887,0.9369648334637423,0.9267440662691997,1.0056463054274098,1.8138420703071392,1.8312013497770057,0.9316624072766828,1.8138420703071392
65,72,stratified,3.1622776601683795,load,load,1.0077805765063566,0.9216987092766036,1.0034759893376608,0.0500031264355947,True,0.3218744386442756,1.1749384641894796,1.136014030682117,1.0453615149865438,1.8710976022740573,0.9920802642490668,1.295923144921484,1.0000483357839438,0.403060550536953,0.9941712362732028,0.2776138433170194,0.999677852767396,1.2090984512673864,0.999793375735822,1268.8860094591596,0.9977005425977672,0.9216987092766036,1.0077805765063566,1.0034759893376608,0.9717243578325683,0.9998904068655451,1.8312013497770037,1.8487267653116621,0.9216987092766036,1.8312013497770037
48,53,stratified,5.0990195135927845,load,load,0.984120216217598,0.9264548841767792,0.9899441384849124,0.1253416418753494,True,0.3218744386442769,1.141464533655837,1.1036490550622835,1.0285125303867484,1.92794933446308,1.0222237914624812,1.2991258552574347,1.002519828907604,0.4215898997407489,1.0398749053143304,0.2783099344365933,1.002184452825346,1.2127941643709712,1.0028493299269063,1265.641295183465,0.995149286480746,0.9264548841767793,0.9841202162175979,0.9899441384849125,0.9644202440794973,0.9961029966867273,1.8312013497770037,1.8312013497770057,0.9264548841767793,1.8312013497770037
19,22,stratified,7.071067811865476,load,wind,0.992410530699176,0.9342594208748866,0.965911430651422,0.3816094533114333,True,0.4431022620829405,1.050775083254976,1.0159640475233582,0.9849793493310036,1.966599984060552,1.0427168681568535,1.292577110941227,0.9974662415243069,0.4279082581325557,1.0554594872468257,0.2771066565170531,0.9978514906339944,1.207141081109554,0.9981748427572936,1254.9172194547357,0.9867171530237986,0.9342594208748866,0.992410530699176,0.965911430651422,0.944912634598181,1.01235539639271,1.8312013497770037,1.8312013497770057,0.9342594208748866,1.8312013497770037
43,55,stratified,2.23606797749979,load,load,0.980598388655634,0.9231394209922608,0.948198229650316,0.0781369887516189,True,0.3218744386442766,1.053808302752642,1.0188967797578623,0.9696797218060236,1.884062418022851,0.9989543780410846,1.2960496147421423,1.0001459310265106,0.4062980890471542,1.0021568048407068,0.277903902869644,1.0007223471891364,1.2084720430316307,0.9992754040156876,1264.515631375367,0.994264198786698,0.9231394209922608,0.9805983886556339,0.9481982296503159,0.9325510073672457,1.0059744792431997,1.8312013497770037,1.8312013497770057,0.9231394209922608,1.8312013497770037
24,29,stratified,5.0,load,load,0.9910201038471068,0.9329504672257676,0.9674885398952286,0.1747674566957405,True,0.3218744386442772,1.0389510109386482,1.004531693863531,0.9824550196753083,1.957881562528755,1.0380942477619644,1.299012596272911,1.002432428308711,0.4285831343959293,1.0571241070370672,0.2782905887108488,1.0021147895357152,1.2126118157006711,1.0026985473397243,1262.891673992724,0.992987312486636,0.9329504672257675,0.9910201038471069,0.9674885398952286,0.9557485788574677,1.0143261866632438,1.8312013497770037,1.8312013497770057,0.9329504672257675,1.8312013497770037
12,29,stratified,7.071067811865476,load,load,0.9709086618535856,0.9140174716875314,0.93523499425582,0.4057031134293047,True,0.4077468860325455,1.0609749670313326,1.025826020243148,0.962941503138268,1.948176630642147,1.0329485667569311,1.2908453522302057,0.9961298641135604,0.4215328546672199,1.0397342004718495,0.2765741790305855,0.9959340576127926,1.205252684093343,0.996613343091499,1251.8332246345135,0.9842922675080258,0.9140174716875314,0.9709086618535857,0.9352349942558201,0.9057877143646625,1.0076693505550216,1.8312013497770037,1.8312013497770057,0.9140174716875314,1.8312013497770037
36,84,stratified,5.385164807134504,load,load,0.9856357255503247,0.9327471229058034,0.9357359381185612,0.0580949902502107,True,0.3218744386442753,1.021373012143795,0.9875360350516952,0.9427584811775156,1.8654963057269636,0.9891103840291228,1.3002571608381654,1.00339284384503,0.4097242427200441,1.0106076031837876,0.2788245490951067,1.0040375624205968,1.212763866218396,1.002824276638475,1258.6729353268945,0.9896701998188318,0.9327471229058034,0.9856357255503247,0.9357359381185613,0.9247710280339232,1.0017338478162425,1.8138420703071392,1.8312013497770057,0.9327471229058034,1.8138420703071392
28,59,stratified,3.1622776601683795,load,load,0.9713587683634312,0.914441203836891,0.9637766158330016,0.018024443554903,True,0.3218744386442763,1.09376445967696,1.0575292326578314,0.9970297871385446,1.866605236449935,0.9896983535093584,1.2953477893044891,0.9996043407603852,0.4038272182948801,0.9960622648834048,0.2776377810759035,0.9997640518096176,1.208051187540376,0.9989274021372158,1265.906803987107,0.9953580509209584,0.914441203836891,0.9713587683634313,0.9637766158330016,0.9464275790436425,0.9885641260818765,1.8312013497770037,1.8312013497770057,0.914441203836891,1.8312013497770037
52,92,stratified,4.0,load,city,0.9930282667751552,0.9613415770305128,0.9609614449936646,0.1179638050097605,True,0.3218744386442764,1.0098605428070948,0.9764049613036664,0.9639417503846178,1.8430027048696904,0.9771839845429202,1.2973331105113584,1.00113638930563,0.3933158480830218,0.9701353863920044,0.2782628493829849,1.0020149011750168,1.2097081408615324,1.000297522951331,1264.956667623817,0.9946109770639456,0.9613415770305128,0.9930282667751551,0.9609614449936646,0.9514751984051197,1.0080861412860793,1.8138420703071392,1.8312013497770057,0.9613415770305128,1.8138420703071392
79,98,stratified,2.23606797749979,load,city,1.0076630360249386,0.9495520222555304,0.9932445366268728,0.0127406565519074,True,0.3218744386442762,1.0553696931349,1.0204064429748556,1.0082933099960067,1.8821912602668969,0.9979622658825724,1.2953480411011469,0.9996045350688434,0.4046291141282064,0.9980401854983552,0.2773754259081527,0.9988193199200768,1.2084652494370365,0.9992697864492556,1267.7425888801574,0.9968014930979824,0.9495520222555303,1.0076630360249386,0.9932445366268727,0.9844635190803128,1.0017106326806935,1.8138420703071392,1.8312013497770057,0.9495520222555303,1.8138420703071392
77,97,stratified,2.0,load,load,1.009235790527215,0.950098790789612,0.9957382160352494,0.0074890868059754,True,0.3218744386442763,1.0767781600588713,1.0411056706725397,1.015879774171784,1.893375754086924,1.0038924298520946,1.295794343313056,0.999948941128744,0.4055709859936739,1.0003633647716812,0.2775700017491321,0.9995199807970224,1.209063737686809,0.9997646713669818,1271.559611316756,0.9998027440596235,0.9500987907896119,1.0092357905272147,0.9957382160352494,0.983862537249553,1.0016096177181253,1.8312013497770037,1.8312013497770057,0.9500987907896119,1.8312013497770037
17,65,stratified,5.385164807134504,load,load,0.9887267861867504,0.9361883257047664,0.9466121676442124,0.0731105319304551,True,0.3218744386442755,1.02476778467907,0.9908183424648817,0.9547945981270328,1.88616127428044,1.0000672189041795,1.3019163470926407,1.0046732179621574,0.4065542044535135,1.0027885277166608,0.2790221653022714,1.0047491715510712,1.2139011369511306,1.0037646762757535,1261.583392337796,0.9919586359094952,0.9361883257047664,0.9887267861867505,0.9466121676442123,0.9375653597996728,1.0014770667828936,1.8138420703071392,1.8312013497770057,0.9361883257047664,1.8138420703071392
57,92,stratified,6.4031242374328485,load,city,1.0018978166833374,0.9431907915476592,0.9997603323217114,0.0666826198710482,True,0.3218744386442759,1.1727196546637415,1.1338687279028872,1.0366430382709937,1.849057375560537,0.9803942496256264,1.2986851716105696,1.0021797586269074,0.3924961072761369,0.968113450158556,0.2781090072279884,1.0014609208931458,1.211772844587259,1.002004809157574,1261.8705433179232,0.9921844171747504,0.9431907915476591,1.0018978166833374,0.9997603323217114,0.9700580699749204,0.9856211142720025,1.8312013497770037,1.8312013497770057,0.9431907915476591,1.8312013497770037
23,82,stratified,6.082762530298219,load,load,0.9833023005674356,0.9601328325308716,0.9177227008863078,0.0664386709458585,True,0.3218744386442765,0.990808247158173,0.9579838474891572,0.9120383078750588,1.720200168981053,0.9120724841557744,1.2948957008861832,0.9992554695544608,0.3701184212034357,0.9129176444708164,0.2781654687614326,1.0016642369232225,1.2074474057503093,0.9984281400353862,1253.1766341462446,0.9853485644399752,0.9601328325308717,0.9833023005674357,0.9177227008863078,0.8953773255389151,1.0028096488467568,1.8138420703071392,1.8312013497770057,0.9601328325308717,1.8138420703071392
65,69,stratified,4.0,load,load,1.0039936325581071,0.9451638013705628,0.9948830419558836,0.0813254199347111,True,0.3218744386442757,1.1150777741487214,1.0781364602005636,1.0236874307555606,1.8770279689303853,0.9952246217173,1.2963994815053057,1.0004159190081423,0.411728828371926,1.015552025040732,0.2773918908604734,0.9988786096441956,1.2101026692117738,1.00062375513755,1263.9569430660315,0.9938249129681046,0.9451638013705629,1.0039936325581071,0.9948830419558836,0.977919060109058,1.0014463628939416,1.8312013497770037,1.8312013497770057,0.9451638013705629,1.8312013497770037
19,42,stratified,7.615773105863909,load,load,1.009700178576241,0.9608498188219616,0.9914739343632938,0.2607863157698095,True,0.389870996040629,1.057055100585724,1.0220360147098086,1.0053251110623638,2.003217859482885,1.0621321415670038,1.2958596808027287,0.9999993612852692,0.4353625510001914,1.0738459146604913,0.27811035655543,1.0014657797746171,1.2094646052630158,1.000096145406022,1264.1914158904408,0.9940092744177488,0.9608498188219615,1.009700178576241,0.9914739343632938,0.9798654465797082,1.0145142375820282,1.8138420703071392,1.8312013497770057,0.9608498188219615,1.8138420703071392
7,10,stratified,7.071067811865476,load,wind,0.9930862855280764,0.9454829424776972,0.9619128926664346,0.6212562166396662,True,0.3679155686200125,1.0295921219261566,0.9954828546657086,0.9734149077591596,1.9586716696168325,1.0385131728077623,1.2892931582801954,0.994932054673545,0.4215080127407805,1.0396729264804183,0.2761414089491461,0.9943756675102454,1.2028556988865828,0.9946312961134852,1237.5010685695495,0.9730231702242556,0.9454829424776972,0.9930862855280765,0.9619128926664346,0.936542279014154,1.0074928655998263,1.8138420703071392,1.8312013497770057,0.9454829424776972,1.8138420703071392
68,99,stratified,3.1622776601683795,load,load,0.9991842052261752,0.9406361863817286,0.9865474015145422,0.0233802316853373,True,0.3218744386442763,1.0812203460720136,1.045400691894192,1.010794003396579,1.8623606252139515,0.9874478054719332,1.295296126845469,0.9995644734608712,0.4031918987916881,0.994495214039368,0.277425217420488,0.9989986174347204,1.2074547389509789,0.9984342037975592,1264.3736737870738,0.9941525802789596,0.9406361863817286,0.9991842052261753,0.9865474015145422,0.9731727810440185,0.996273048834837,1.8312013497770037,1.8312013497770057,0.9406361863817286,1.8312013497770037
48,62,stratified,6.324555320336759,load,wind,1.0217275418691505,0.940018850542762,1.0085007522976803,0.1383045234700465,True,0.3218744386442765,1.1922764208287029,1.1527775996738794,1.0466804661982028,1.8889011671709888,1.00151994572055,1.302273681585144,1.0049489687008848,0.4096059562066038,1.0103158429280523,0.2785697877370237,1.0031201755771546,1.2157227810369162,1.005270978502845,1264.589209236795,0.9943220516369328,0.9400188505427621,1.0217275418691505,1.0085007522976803,0.972745394907824,1.0117567676636015,1.8312013497770037,1.8487267653116621,0.9400188505427621,1.8312013497770037
11,63,stratified,5.385164807134504,load,load,0.9804584295716628,0.9509030225304644,0.9079186901445104,0.1894417302041259,True,0.3218744386442657,0.98872194634877,0.9559666635566012,0.9032886387136688,1.8570458588411505,0.9846298472739524,1.291476112757218,0.9966166144411468,0.4008292175848287,0.9886675296053202,0.2768158565827111,0.9968043301232852,1.204328457548226,0.995849107907409,1247.452471366,0.9808477658897554,0.9509030225304643,0.9804584295716628,0.9079186901445103,0.8716159161736802,1.0024104982903814,1.8138420703071392,1.8312013497770057,0.9509030225304643,1.8138420703071392
27,42,stratified,5.385164807134504,load,load,1.0100156815793082,0.9508329834852104,0.9902349136230634,0.2026183100641734,True,0.3654842317874686,1.072049107298681,1.0365332862871857,1.008659928386083,1.9808213023444607,1.0502571959216491,1.2971115619149507,1.0009654229130618,0.4320955380548141,1.0657876457614404,0.2783336020597099,1.002269679118007,1.2108907353978735,1.001275400461947,1264.8533654746743,0.9945297525808297,0.9508329834852104,1.0100156815793082,0.9902349136230634,0.9758927675515775,1.0149529121146967,1.8312013497770037,1.8312013497770057,0.9508329834852104,1.8312013497770037
55,71,stratified,4.47213595499958,load,load,1.020611393523133,0.960807830988512,1.0002334338871592,0.0792121396187107,True,0.3218744386442754,1.1191195419377395,1.0820443286183798,1.0266767175617617,1.847500497252928,0.979568772514791,1.296109051993232,1.0001917980397426,0.4000565802587706,0.986761776723738,0.2773978409552782,0.998900035729895,1.2092854217824154,0.9999479800876744,1267.3278195824475,0.9964753680163808,0.9608078309885119,1.020611393523133,1.0002334338871592,0.9830068564338514,1.005071751624664,1.8312013497770037,1.8312013497770057,0.9608078309885119,1.8312013497770037
49,64,stratified,5.385164807134504,hvdc,load,1.017914324848855,0.9625659095227874,0.9981247026479606,0.0862651194786052,True,0.3218744386442759,1.0724624813193546,1.0369329656761213,1.012236585041785,1.9048182241880216,1.009959376198326,1.2983292062569358,1.0019050644362115,0.415964552849712,1.0259996747424536,0.2778750750831648,1.0006185393265914,1.2120007002693505,1.0021932211114055,1254.0741943687565,0.9860542986937526,0.9625659095227874,1.017914324848855,0.9981247026479606,0.9876937829523575,1.0190545023534732,1.8138420703071392,1.8312013497770057,0.9625659095227874,1.8138420703071392
8,23,stratified,5.385164807134504,load,load,0.9991532618912836,0.9655063327158876,0.9839213389537068,0.2477690093161502,True,0.3252597943770126,1.026278167378194,0.9922786878278096,0.9925668483409942,1.9738296965144824,1.0465501556523975,1.2946188997173338,0.999041865414944,0.426806707679638,1.0527424518680577,0.2776360490154247,0.9997578147197104,1.207937909680415,0.998833733624211,1261.8676995332694,0.9921821811618454,0.9655063327158877,0.9991532618912837,0.9839213389537068,0.9739345341367577,1.0098460815441355,1.8138420703071392,1.8312013497770057,0.9655063327158877,1.8138420703071392
9,14,stratified,5.0990195135927845,city,load,0.998599852248031,0.976598600985746,0.9887918392672096,0.1696978480879653,True,0.3232627028429473,1.0164172453716385,0.9827444474430272,0.9943634221473832,1.9432715400016345,1.030347823956079,1.2976300247687256,1.0013655144741358,0.4283909091870658,1.056649972882077,0.2777583221438277,1.0001981160281486,1.211457210066094,1.001743813617398,1264.8298368816236,0.9945112525029044,0.9765986009857461,0.998599852248031,0.9887918392672097,0.9834329276606318,1.0077910844020046,1.8138420703071392,1.8312013497770057,0.9765986009857461,1.8138420703071392
26,93,stratified,7.615773105863909,load,load,0.9913484007290236,0.9775184152912204,0.9477511545109826,0.0958597367888323,True,0.3218744386442754,1.0022325006593171,0.969029627896323,0.9445738089262584,1.8646435136886583,0.9886582226081028,1.30215027816416,1.0048537397621409,0.4105136010719981,1.0125545994045273,0.2790034564353597,1.0046818015680816,1.2148109271893155,1.0045169741986342,1257.639059916014,0.9888572835673134,0.9775184152912204,0.9913484007290236,0.9477511545109826,0.9400580602185822,1.0005551180306236,1.8138420703071392,1.8312013497770057,0.9775184152912204,1.8138420703071392
21,62,stratified,4.123105625617661,load,wind,0.98700907406179,0.972011680728223,0.9226102305641524,0.1206636894909655,True,0.3218744386442774,0.9887334098400908,0.9559777472749216,0.91466541796336,1.813373791299728,0.9614743495307344,1.292918695451743,0.9977298381909842,0.3939467231098928,0.971691474688323,0.2769975895916673,0.9974587444060872,1.2055361118670047,0.9968477071420934,1253.9938498972017,0.9859911253887688,0.972011680728223,0.9870090740617901,0.9226102305641523,0.8910668798882551,1.0003576645659003,1.8138420703071392,1.8312013497770057,0.972011680728223,1.8138420703071392
41,91,stratified,5.0,load,load,0.9908647921085164,0.9712166317338662,0.9507795905684532,0.1660335146604229,True,0.3218744386442764,0.9976476879989612,0.9645967050931642,0.948656171778172,1.851460616652568,0.9816684792835229,1.297709106579382,1.0014265409581888,0.4020559315775321,0.9916932878072948,0.2774825246478162,0.999204978779238,1.2097439579788865,1.0003271398254827,1258.0097100512317,0.9891487186042384,0.9712166317338662,0.9908647921085165,0.9507795905684532,0.9369075582869627,1.0035738345273386,1.8138420703071392,1.8312013497770057,0.9712166317338662,1.8138420703071392
31,62,stratified,3.1622776601683795,load,wind,0.9898741888470942,0.9781231557613392,0.9379475121369786,0.0943573220179979,True,0.3218744386442769,0.9909321366709,0.9581036326770644,0.9310847479574824,1.8338473755761493,0.9723297099749956,1.2977617712858946,1.0014671816800629,0.3978910548940005,0.9814203881254084,0.2781841309354343,1.0017314387666574,1.2094336930907867,1.000070584389885,1256.554084105127,0.988004188059003,0.9781231557613392,0.9898741888470942,0.9379475121369786,0.914245516211726,1.0002513242675788,1.8138420703071392,1.8312013497770057,0.9781231557613392,1.8138420703071392
14,92,stratified,8.246211251235321,load,city,0.985054764437736,0.9643681637734454,0.9244245831881238,0.0455507701367459,True,0.3218744386442762,0.9925806142405824,0.9596974979776745,0.9188528920640272,1.710228646583969,0.9067854533976556,1.2986046855168054,1.0021176484744356,0.3689999629439169,0.9101589050479072,0.2784335965603401,1.0026297558580002,1.21107001786514,1.001423647631539,1252.9889089315575,0.985200959732258,0.9643681637734454,0.985054764437736,0.9244245831881238,0.9081080964090626,1.0029201495636355,1.8138420703071392,1.8312013497770057,0.9643681637734454,1.8138420703071392
16,40,stratified,6.708203932499369,sync,wind,1.0112944744001149,0.9764977086239768,0.992788433665718,0.5181240608150738,True,0.3684085077904987,1.044982560547354,1.0103634247933475,1.0024146461038728,1.9700126079450744,1.044526285688587,1.29259741551567,0.9974819103206858,0.4259951405625857,1.0507406764945966,0.2723868784582551,0.9808557330054032,1.206111882895316,0.9973238073797892,1256.3645136804323,0.9878551324983236,0.9764977086239768,1.0112944744001147,0.9927884336657181,0.9819928411144677,1.0093377616048198,1.8138420703071392,1.8312013497770057,0.9764977086239768,1.8138420703071392
47,80,stratified,8.06225774829855,load,wind,1.0342526436972448,0.9736497609090824,0.9956833801338676,0.2921178758574717,True,0.3218744386442753,1.116930373114931,1.0799276845778274,1.0148983455576284,1.843617392421064,0.9775098998707236,1.2988140823714025,1.0022792375137075,0.3972833854088705,0.9799215375867676,0.2771268031040581,0.997924037797339,1.2117512709257756,1.0019869700777049,1257.310831900284,0.9885992042229528,0.9736497609090825,1.0342526436972448,0.9956833801338675,0.9777155022313075,1.0079243010042054,1.8312013497770037,1.8312013497770057,0.9736497609090825,1.8312013497770037
7,13,stratified,4.123105625617661,load,load,0.9998761457994808,0.9790054729664236,0.989366783691972,0.2105252672436595,True,0.3218744386442775,1.0160051257620226,0.9823459809078748,0.9944032101648924,1.945659380520668,1.0316138880300367,1.2959040026952562,1.000033563957731,0.4265414089630244,1.052088077847266,0.2777123814961643,1.000032685344065,1.2094468356085668,1.000081451827688,1261.139676243925,0.9916097505215924,0.9790054729664236,0.9998761457994809,0.989366783691972,0.9829432942687629,1.006906413000007,1.8138420703071392,1.8312013497770057,0.9790054729664236,1.8138420703071392
10,14,stratified,4.0,wind,load,0.9966413771750492,0.9742648821043564,0.975796601049116,0.3178414114330686,True,0.3218744386442704,1.0111583041942722,0.9776597292674748,0.9801203965187072,1.987472244425886,1.053783611844382,1.2923077923205608,0.9972584115774088,0.4423949273049633,1.091191661436105,0.276864170266671,0.9969783060290368,1.205718744722044,0.9969987247192548,1246.9227361139924,0.9804312453004974,0.9742648821043564,0.9966413771750491,0.9757966010491161,0.9591614585369097,1.0031599560892708,1.8138420703071392,1.8312013497770057,0.9742648821043564,1.8138420703071392
39,70,stratified,9.848857801796104,city,wind,1.029036311511489,0.9687390839904068,0.9976357796266626,0.4705939046095397,True,0.3218744386442757,1.1128840592092544,1.0760154206512536,1.0190714024104746,1.8650491564887148,0.9888732996921532,1.2962697680737,1.0003158207099412,0.3989791348205218,0.9841041977025864,0.2744406028271041,0.9882511234610676,1.2090528558729403,0.9997556732862958,1259.54269517072,0.9903540751722092,0.9687390839904068,1.029036311511489,0.9976357796266626,0.9815838886671788,1.0157503811437358,1.8312013497770037,1.8312013497770057,0.9687390839904068,1.8312013497770037
64,72,stratified,2.23606797749979,load,load,1.0204174026159285,0.9716661059781478,1.0022121751335975,0.0288115601091804,True,0.3218744386442764,1.0645988722212654,1.0293298693953374,1.014144721872751,1.881977389235394,0.997848868682346,1.296282476280637,1.0003256274806962,0.4097320329669832,1.0106268182605795,0.2777689256137662,1.0002362987568387,1.2093586294220753,1.0000085148713462,1268.9792237969152,0.9977738352297792,0.9716661059781478,1.0204174026159283,1.0022121751335977,0.9937302548907233,1.0084424395313158,1.8138420703071392,1.8312013497770057,0.9716661059781478,1.8138420703071392
17,93,stratified,8.94427190999916,load,load,0.9912461092046416,0.976232651379158,0.9467575684608334,0.1111001163653238,True,0.3218744386442754,1.003617288358374,0.9703685390849436,0.944067337412032,1.8807410164067504,0.9971933277415312,1.3026366921958563,1.005229099631903,0.4060272699203898,1.0014888144216416,0.2790386336459235,1.0048084734872575,1.2154608592756744,1.005054397593676,1257.3141403678987,0.988601805607088,0.9762326513791579,0.9912461092046417,0.9467575684608334,0.9385830579570766,1.000464920156304,1.8138420703071392,1.8312013497770057,0.9762326513791579,1.8138420703071392
37,72,stratified,6.4031242374328485,load,load,1.0409518757012648,0.9799564459136972,0.9975351794005825,0.1298225751038425,True,0.3218744386442753,1.1187258382222156,1.0816636678787763,1.0119719633749198,1.8512225396678352,0.9815422477723296,1.3052707729987785,1.0072617881702672,0.4019602563592779,0.9914572995671018,0.2796543095844982,1.0070255012583549,1.2182236709654843,1.0073389434244824,1260.2330511090097,0.9908968887024104,0.9799564459136971,1.0409518757012648,0.9975351794005825,0.9777566804105584,1.010217939754776,1.8312013497770037,1.8312013497770057,0.9799564459136971,1.8312013497770037
16,42,stratified,5.0,sync,load,1.0115419020664207,0.981010984821814,0.9950369824090296,0.1732109685817933,True,0.3653481082953768,1.0428038865988103,1.0082569279432898,1.0029847265646843,1.9816071853219408,1.050673881289115,1.2976627409121178,1.001390761129295,0.4266055661678997,1.0522463251567626,0.2784283489206581,1.0026108592889145,1.2106773900651002,1.0010989869943527,1264.198239860228,0.9940146399732904,0.981010984821814,1.0115419020664207,0.9950369824090296,0.9876536797188754,1.0106652679580432,1.8138420703071392,1.8312013497770057,0.981010984821814,1.8138420703071392
4,21,stratified,3.605551275463989,wind,load,1.0021035898603663,0.989154422201758,0.9946090078217048,0.1344422246323421,True,0.3218744386442769,1.01221460701996,0.980787519434502,0.9978375402051765,1.9617875819335533,1.0401652700103845,1.2985068326318605,1.002042136577666,0.4301487321337459,1.060985740819977,0.2777192729782299,1.0000575013327473,1.2121190972569524,1.0022911225881528,1265.4169449058916,0.994972884194017,0.9891544222017581,1.0021035898603663,0.9946090078217049,0.9890100142039543,1.0030203324424922,1.8138420703071392,1.8312013497770057,0.9891544222017581,1.8138420703071392
5,31,stratified,5.0,load,load,1.0061639504622697,0.9868835462513,0.995245742474891,0.1875730940367521,True,0.321874438644277,1.0240667210462808,0.990140504307801,1.0002780656473522,1.9750757395702208,1.0472108238732862,1.2973564224502347,1.0011543788490442,0.4246496652634802,1.0474219869336738,0.2773622049025529,0.9987717115359578,1.2107259436827316,1.0011391355738375,1261.9143530172296,0.9922188638945056,0.9868835462513001,1.0061639504622697,0.995245742474891,0.9889574158433949,1.0056687716876185,1.8138420703071392,1.8312013497770057,0.9868835462513001,1.8138420703071392
0,32,stratified,3.605551275463989,load,sync,0.995547589793046,0.9869891641068994,0.9764137315590564,0.139912502590746,True,0.3218744386442687,0.9990131156819592,0.977208513489517,0.9754091436175522,1.936318695376152,1.0266613353811656,1.2941717529918355,0.9986968076540436,0.4204554714096766,1.037076774822862,0.2770801179373771,0.9977559261260112,1.2077198955101474,0.9986534595340228,1254.5175535726926,0.986402903465998,0.9869891641068994,0.9955475897930461,0.9764137315590563,0.9671384668520959,1.0010769177260646,1.8138420703071392,1.8312013497770057,0.9869891641068994,1.8138420703071392
79,85,stratified,4.123105625617661,load,load,1.0078200139431,0.9807442092156028,0.9951242845659602,0.0544494116170775,True,0.3218744386442762,1.0298696999605297,0.9957512368416844,1.0008723426674258,1.908560821443514,1.0119437498994597,1.296114116380514,1.0001957061666191,0.4160315778614314,1.0261649956568262,0.2773520587893513,0.9987351757330664,1.2096229335472557,1.0002270657372894,1263.736032247478,0.9936512150615204,0.9807442092156027,1.0078200139431,0.9951242845659602,0.991494142597587,1.0090638396470155,1.8138420703071392,1.8312013497770057,0.9807442092156027,1.8138420703071392
14,20,stratified,4.123105625617661,load,wind,1.0033771461168064,0.9879950192221064,0.9912480437729438,0.3067792054045534,True,0.3218744386442774,1.0138015098695827,0.9802153684133962,0.9946233406192396,1.945926452353396,1.0317554929864343,1.2949852657296246,0.9993245856690848,0.429269848322323,1.0588179250806824,0.2741705894238478,0.9872788145302144,1.2084955913908568,0.9992948759565696,1263.0664044547843,0.9931246996715418,0.9879950192221064,1.0033771461168064,0.9912480437729438,0.9823202767875412,1.0045781595670407,1.8138420703071392,1.8312013497770057,0.9879950192221064,1.8138420703071392
20,52,stratified,3.605551275463989,wind,load,0.9951610956389682,0.9830325142601865,0.9640375573940858,0.1936558811560834,True,0.3218744386442776,0.997738484436296,0.9667875556114296,0.9614275669168252,1.891769570313496,1.0030408103425412,1.293902731657396,0.9984892071193584,0.4067039038521406,1.0031577695985674,0.2739272882194954,0.9864026953041822,1.2066811134714035,0.997794499372358,1263.9936315036418,0.9938537603774368,0.9830325142601863,0.9951610956389682,0.9640375573940858,0.9499822697546655,1.0017478268225946,1.8138420703071392,1.8312013497770057,0.9830325142601863,1.8138420703071392
6,92,stratified,9.848857801796104,load,city,0.993942344789134,0.9893123273397342,0.9465205185399238,0.0816325888083308,True,0.321874438644275,0.9987814628836524,0.9753795603654788,0.9395936087854668,1.7867874036302644,0.9473779012896092,1.2992882744099783,1.0026451658180815,0.378617606403021,0.933881356860754,0.2780511472645962,1.00125256916517,1.2118743218081802,1.002088719821059,1253.6336186140134,0.9857078824938056,0.9893123273397342,0.9939423447891339,0.9465205185399238,0.9368337799820938,1.0000876534015395,1.8138420703071392,1.8312013497770057,0.9893123273397342,1.8138420703071392
21,51,stratified,3.0,load,load,0.9941253270098868,0.9882259547192708,0.9565566591996268,0.0643143416017276,True,0.3218744386442767,0.9946887286721956,0.9755475561922042,0.9506790161947224,1.889357318528997,1.0017618030984017,1.2971411527173546,1.0009882577800944,0.4074201375913116,1.0049243999001027,0.2779864405228299,1.0010195624249598,1.2092409182991184,0.999911180530326,1263.9763788721689,0.9938401949667904,0.9882259547192708,0.9941253270098869,0.9565566591996267,0.9421351461451241,0.9994871385869969,1.8138420703071392,1.8312013497770057,0.9882259547192708,1.8138420703071392
4,91,stratified,9.486832980505138,wind,load,0.9925131792620372,0.9863509769596732,0.9397743114913092,0.0174870457801412,True,0.3218744386442762,0.9939022304447716,0.972803587948625,0.931421765697214,1.7223931664113237,0.9132352398920202,1.301053661020367,1.0040074934751286,0.3675969848831311,0.9066983817312556,0.2781257410334105,1.0015211787479883,1.213309797532962,1.0032757026669656,1253.2412495407466,0.9853993702757036,0.9863509769596731,0.9925131792620373,0.9397743114913092,0.9256959498446772,1.0004060086295345,1.8138420703071392,1.8312013497770057,0.9863509769596731,1.8138420703071392
51,63,stratified,2.23606797749979,load,load,0.9991410035701536,0.984747193449868,0.9854737017066644,0.0440664760342289,True,0.3218744386442764,1.005554738551662,0.9732509901753148,0.9870651922076744,1.8966320762493605,1.0056189741795865,1.2964165571654254,1.0004290960900952,0.4099881857831047,1.01125863340979,0.2779284343774155,1.0008106843005753,1.209717027472944,1.000304871215827,1271.1686322090195,0.9994953247445512,0.984747193449868,0.9991410035701537,0.9854737017066644,0.9805348798831243,1.0053253707399095,1.8138420703071392,1.8312013497770057,0.984747193449868,1.8138420703071392
17,60,stratified,8.602325267042627,load,wind,1.0365685142882242,0.9903851371792054,0.9982852886594988,0.3665249734890552,True,0.3621526441158256,1.0891097130224094,1.0530286926976489,1.0084966026741429,1.9363024915766904,1.0266527439161175,1.3047452256033445,1.0068562295534318,0.4176130687500813,1.0300658307790662,0.2788887498836607,1.0042687472407803,1.2185528622979742,1.0076111489783213,1260.8487922080967,0.9913810340267968,0.9903851371792054,1.0365685142882242,0.9982852886594988,0.9862328898466812,1.021600595302093,1.8138420703071392,1.8312013497770057,0.9903851371792054,1.8138420703071392
21,41,stratified,2.0,load,load,0.9973452190310054,0.9945498928645804,0.9809570756870268,0.0276789361895556,True,0.3218744386442766,0.9978851589198672,0.989083485097212,0.9783642152555496,1.9205193946435588,1.0182843408156808,1.2952233363745158,0.9995083019281512,0.4197175611476096,1.0352566781735606,0.2770179463616179,0.9975320484309528,1.2082692347969235,0.9991077035861714,1266.3667336999367,0.9957196847640508,0.9945498928645803,0.9973452190310054,0.9809570756870267,0.9761229245244863,1.000014263618191,1.8138420703071392,1.8312013497770057,0.9945498928645803,1.8138420703071392
4,72,stratified,7.280109889280518,wind,load,0.9997712954993292,0.9968343315960304,0.9442767243809108,0.0193126307627256,True,0.321874438644276,1.0029179899809193,0.9840744796313096,0.9347839015166846,1.7004349002842565,0.901592681836622,1.2995790125583233,1.0028695249573871,0.3698097463186115,0.9121562807217636,0.2783343740770088,1.002272459125612,1.2126891510074431,1.0027624952567364,1258.3918408306176,0.9894491806497608,0.9968343315960304,0.9997712954993291,0.9442767243809108,0.925831717609099,0.9998267119496335,1.8138420703071392,1.8312013497770057,0.9968343315960304,1.8138420703071392
40,42,stratified,2.0,wind,load,1.0009157228390102,0.9976309148416306,0.9970215499140715,0.2108873483503913,True,0.3218744386442771,1.0027449770440136,0.994172636659704,0.997622904184174,1.8756233100109496,0.9944798533042146,1.290034834814216,0.9955043975523984,0.4051118196980278,0.9992308055986502,0.2718559920882222,0.978944029539478,1.2036074021040783,0.9952528732039062,1266.4276566479584,0.9957675873004842,0.9976309148416306,1.0009157228390102,0.9970215499140715,0.9934682675459404,1.0006666172479561,1.8138420703071392,1.8312013497770057,0.9976309148416306,1.8138420703071392
82,91,stratified,1.4142135623730951,load,load,1.000771717318938,0.9985524475084976,0.9988956752058544,0.0066951071711849,True,0.3218744386442759,1.0018776139499843,0.997154635882426,0.9993152019269308,1.8687799622493853,0.990851421389498,1.2948372392171872,0.9992103553862204,0.4011390664038427,0.9894317889282596,0.2769390077987476,0.9972477933949364,1.20832327589259,0.9991523897152524,1267.9039696977595,0.9969283837154898,0.9985524475084976,1.000771717318938,0.9988956752058544,0.9978294467456305,1.0009181561539227,1.8138420703071392,1.8312013497770057,0.9985524475084976,1.8138420703071392
19,45,stratified,5.0,load,load,1.0000708507836444,0.9972661926360372,0.9983526584499466,0.0938989371000881,True,0.3218744386442761,1.0037624660211522,0.9949375431799706,0.9991748133915076,1.898277599250108,1.006491451858691,1.2973390844265509,1.001140999304278,0.4151507571597788,1.0239924024701936,0.2779706916372544,1.0009628512324362,1.2113629109987007,1.0016658385089034,1267.508544076908,0.9966174681931026,0.9972661926360371,1.0000708507836444,0.9983526584499466,0.9970856981965236,1.001588066749999,1.8138420703071392,1.8312013497770057,0.9972661926360371,1.8138420703071392
0,40,stratified,4.0,load,wind,0.9969955593467308,0.9947674496909018,0.9817996980058572,0.0827647859388739,True,0.3218744386442756,0.9983609302561176,0.9906131080545578,0.979477825774376,1.9063893338822413,1.010792398975284,1.2875847424202085,0.9936136906607544,0.4142587492759982,1.0217922154774397,0.2711868246611195,0.976534380767374,1.200712676257995,0.9928592486628676,1252.9685444213446,0.9851849475115088,0.9947674496909018,0.9969955593467308,0.9817996980058573,0.976793118035489,1.0000332351268117,1.8138420703071392,1.8312013497770057,0.9947674496909018,1.8138420703071392
83,92,stratified,1.4142135623730951,wind,city,1.0005194101267454,0.998661011126484,0.9987905088837148,0.0289428435624317,True,0.3218744386442762,1.001398084396704,0.99741932479785,0.9991246924545724,1.8377613451228332,0.9744049474919576,1.2958970486409305,1.000028197597478,0.3954397967501395,0.975374223756158,0.2775434297701426,0.9994242960192656,1.209376312548339,1.000023136900249,1266.378692342252,0.9957290876133514,0.9986610111264841,1.0005194101267454,0.9987905088837148,0.9976571315904194,1.0005266607676926,1.8138420703071392,1.8312013497770057,0.9986610111264841,1.8138420703071392
50,62,stratified,2.23606797749979,wind,wind,1.0017148939689977,0.9949947643551316,0.992770455077028,0.1011634998465125,True,0.3218744386442762,1.003171878811092,0.9878604349626106,0.99283972165813,1.9010291394023409,1.007950354204566,1.2958543492865304,0.999995247018214,0.4085728383086089,1.007767600247152,0.2776582633667412,0.9998378078308584,1.209354194817166,1.0000048479337136,1269.2881395769043,0.9980167297364684,0.9949947643551317,1.0017148939689977,0.992770455077028,0.98954321041162,1.0053106428582168,1.8138420703071392,1.8312013497770057,0.9949947643551317,1.8138420703071392
5,14,stratified,1.4142135623730951,load,load,1.0001940290590785,0.9976311603218296,0.9988753429384516,0.0342033637687338,True,0.3218744386442764,1.0022404237394391,0.995998826179942,0.999476685982366,1.8905078854806168,1.002371848648143,1.2961575055322303,1.0002291890541928,0.4043830540890044,0.9974332647440292,0.2777579976309292,1.0001969474684194,1.209848031745048,1.000413197550465,1270.3717704125731,0.9988687677167618,0.9976311603218295,1.0001940290590783,0.9988753429384516,0.9980582247045731,1.0009349642448937,1.8138420703071392,1.8312013497770057,0.9976311603218295,1.8138420703071392
29,90,stratified,11.40175425099138,load,load,1.020367060190316,0.9947815648023416,0.9859988843741724,0.3104542239753744,True,0.3218744386442757,1.050784961432652,1.015973598447751,0.9897571990431798,1.8598104510040496,0.986095669965498,1.3014268317955466,1.0042954648831126,0.3978375701615703,0.98128846506201,0.2776889735467209,0.9999483941273248,1.2146377957411651,1.0043738132551967,1256.4118764212783,0.9878923729059635,0.9947815648023415,1.020367060190316,0.9859988843741723,0.9772220673492961,1.0096393087418438,1.8138420703071392,1.8312013497770057,0.9947815648023415,1.8138420703071392
31,50,stratified,2.23606797749979,load,wind,0.999287627372409,0.9971775742842154,0.975073678886066,0.0127596635055783,True,0.3218744386442757,1.0009833552297442,0.9908082508727762,0.9708321959647206,1.865733610213388,0.9892362059516742,1.2969728356039705,1.00085836948403,0.4015594564428894,0.9904687043105246,0.277524935339407,0.9993576982135328,1.209547411056231,1.0001646168224252,1261.2951629396994,0.9917320067050356,0.9971775742842154,0.999287627372409,0.975073678886066,0.9669331142350146,0.9999001849413531,1.8138420703071392,1.8312013497770057,0.9971775742842154,1.8138420703071392
3,21,stratified,2.8284271247461903,load,load,1.0017322698416675,0.9972501750530556,0.998628301886455,0.0833566821212266,True,0.3218744386442763,1.0057116779822497,0.9937695653407678,0.9997360308668052,1.9111594549956956,1.0133215791789163,1.2981513734440102,1.0017678329890296,0.4173222914782857,1.029348612486688,0.2777230898179159,1.0000712456405096,1.211732143185399,1.0019711535094993,1266.2493204579905,0.9956273650014208,0.9972501750530555,1.0017322698416677,0.998628301886455,0.996645352943038,1.0012852714874079,1.8138420703071392,1.8312013497770057,0.9972501750530555,1.8138420703071392
25,91,stratified,8.06225774829855,load,load,0.9988654888767924,0.9971636432829248,0.954348491130556,0.0693719218711343,True,0.3218744386442754,1.0019942453283313,0.9883536437160544,0.946733473566542,1.770530254661273,0.9387581496392988,1.299028583431388,1.0024447654070114,0.3855109035898409,0.95088405726666,0.2775613987603016,0.999489001731646,1.211878829420124,1.0020924471275967,1254.1570180078802,0.9861194213202752,0.9971636432829248,0.9988654888767923,0.9543484911305561,0.9445968134557111,0.9999566834253596,1.8138420703071392,1.8312013497770057,0.9971636432829248,1.8138420703071392
11,22,stratified,1.4142135623730951,load,wind,0.9990316307825946,0.9960749999706212,0.994495284079642,0.0259948677024053,True,0.3218744386442767,1.0004678328530847,0.993245761093681,0.9945670100328722,1.904782848720884,1.009940619665934,1.2950072817959448,0.999341575203202,0.4091727026891668,1.009247199061824,0.2773949998191077,0.9988898048967624,1.2085842808248275,0.999368212506202,1264.738974922783,0.9944398095009632,0.9960749999706212,0.9990316307825946,0.9944952840796419,0.9921715964792037,1.0007151277283326,1.8138420703071392,1.8312013497770057,0.9960749999706212,1.8138420703071392
9,26,stratified,3.605551275463989,city,load,1.0005314304222226,0.998236944082794,0.9985934562631784,0.0286005291397495,True,0.3218744386442765,1.0016961021319797,0.9967386438731272,0.9988990527009112,1.879878056898551,0.9967357753958436,1.295935432159768,1.000057817698242,0.4052172640222437,0.999490889881332,0.277702700380897,0.9999978239826608,1.2094516373939428,1.000085422383771,1270.094858083275,0.998651036904748,0.9982369440827941,1.0005314304222226,0.9985934562631784,0.9978805139141265,1.0004779838705737,1.8138420703071392,1.8312013497770057,0.9982369440827941,1.8138420703071392
16,81,stratified,8.602325267042627,sync,load,1.0147315648296065,1.0052678038310363,0.9697824119208452,0.2258731204212724,True,0.321874438644275,1.0332671695115396,0.9990361519214076,0.9665659574695018,1.8179911090483811,0.96392251140462,1.3006168939330196,1.0036704455564012,0.3922969564206212,0.9676222335114066,0.2776704544235841,0.9998817074051088,1.2130661792134665,1.0030742567203728,1252.8751681439142,0.9851115275494604,1.0052678038310365,1.0147315648296065,0.9697824119208451,0.9588224394067545,1.0042231926557426,1.8138420703071392,1.8312013497770057,1.0052678038310365,1.8138420703071392
7,16,stratified,1.4142135623730951,load,sync,0.9999606449063,0.9996239072068746,0.999751533857181,0.0024952075289277,True,0.321874438644276,1.0001597315103532,0.9994671633429882,0.9997999168112734,1.8811658871757964,0.9974185997446136,1.295739731968129,0.9999067982093718,0.4021462313446829,0.991916017198757,0.2777656077660521,1.000224351301917,1.2092259705895168,0.999898820394535,1271.052459965575,0.9994039807550552,0.9996239072068746,0.9999606449063,0.999751533857181,0.9997710286307582,1.0001005506990668,1.8138420703071392,1.8312013497770057,0.9996239072068746,1.8138420703071392
4,73,stratified,7.071067811865476,wind,sync,1.013202964085964,1.0064510183899866,0.9523592818819456,0.0103689782823077,True,0.3218744386442762,1.0234760409658974,0.9966374008977624,0.9431914929994996,1.6542317992473652,0.8770951972425011,1.3031948302324574,1.005659808055337,0.3609771820755362,0.890370270403208,0.2785603739184202,1.003086276741796,1.2158179173478598,1.005349645921014,1254.7704031272876,0.9866017141833788,1.0064510183899866,1.013202964085964,0.9523592818819457,0.9232703754590936,1.000005526739221,1.8138420703071392,1.8312013497770057,1.0064510183899866,1.8138420703071392
2,31,stratified,3.1622776601683795,load,load,0.999568735668616,0.9993796544089172,0.993194817814346,0.0450750878630469,True,0.3218744386442758,1.000237599692983,0.9981676661878106,0.991934772099242,1.8967482826755977,1.005680588336918,1.296801762041892,1.000726354069595,0.4133217708640865,1.019481106179121,0.2778997446399016,1.0007073735475824,1.2099245767989066,1.0004764920139666,1264.2165934381806,0.9940290710368732,0.9993796544089171,0.999568735668616,0.993194817814346,0.9930047190051742,0.9999953753179414,1.8138420703071392,1.8312013497770057,0.9993796544089171,1.8138420703071392
6,80,stratified,10.0,load,wind,1.0084231709478322,1.0042933701812953,0.9687983627912402,0.2796321658768585,True,0.3218744386442747,1.0194538683214274,0.9963054576938746,0.9641460385384514,1.8706978949033384,0.9918683342067838,1.2984127850705969,1.001969561203505,0.3978866889028089,0.9814096191656212,0.277503183167803,0.999279369395552,1.210933142225138,1.0013104663119945,1253.5794487078388,0.9856652897436452,1.0042933701812953,1.0084231709478322,0.9687983627912402,0.9610501232119074,1.0021756010586433,1.8138420703071392,1.8312013497770057,1.0042933701812953,1.8138420703071392
8,90,stratified,12.041594578792296,load,load,1.0106118168272764,1.0038039440346342,0.9732499344749904,0.2994175410713955,True,0.3218744386442746,1.0250367819875583,0.995932518465246,0.9701404225303204,1.8678245541095968,0.9903448515779416,1.3013645012787975,1.0042473651714994,0.3999870239319518,0.9865902121800684,0.2776824195157392,0.9999247932883302,1.213773862798646,1.003659434345766,1251.567811801575,0.9840835785277228,1.0038039440346342,1.0106118168272764,0.9732499344749905,0.965550070426098,1.0034181516649292,1.8138420703071392,1.8312013497770057,1.0038039440346342,1.8138420703071392
13,31,stratified,2.8284271247461903,load,load,1.002957625903373,0.9992483838725272,0.998443774084784,0.0834274344694835,True,0.321874438644276,1.0076535256826735,0.9965251884168416,0.9990659454440826,1.9027155561084823,1.0088445142576972,1.297619059299459,1.0013570525531228,0.4215934824387535,1.039883742237963,0.2773705781911305,0.998801863458664,1.210989141075698,1.0013567712921887,1265.25722965066,0.9948473031760076,0.9992483838725272,1.002957625903373,0.9984437740847841,0.9977561972533229,1.0013064064136783,1.8138420703071392,1.8312013497770057,0.9992483838725272,1.8138420703071392
15,44,stratified,3.1622776601683795,load,load,1.0004190823140011,1.000219626279682,0.9967096954476125,0.0398215504367547,True,0.321874438644276,1.001679680860578,0.9992595894698704,0.9961106355759134,1.8964112864129512,1.0055019085390864,1.2978737017861592,1.001553557103599,0.4062591842335517,1.002060843956952,0.2779909564239671,1.0010358240288415,1.2112003598669896,1.0015314263404544,1269.840086089763,0.998450714610806,1.000219626279682,1.0004190823140011,0.9967096954476123,0.9966056372673452,1.0001592126007228,1.8138420703071392,1.8312013497770057,1.000219626279682,1.8138420703071392
5,51,stratified,6.4031242374328485,load,load,1.013630339145947,1.0034250453475513,0.986432160035902,0.1169321720226612,True,0.321874438644276,1.0296548734869375,0.9966288690517996,0.9854947719812076,1.91970697998876,1.017853588008113,1.304298155579804,1.0065112309825115,0.4147489570403224,1.0230013401571925,0.2792890403388363,1.0057101793319612,1.21653802028769,1.00594509300668,1265.3721226108817,0.9949376412898328,1.0034250453475513,1.013630339145947,0.986432160035902,0.9828730982813076,1.0052709524651815,1.8138420703071392,1.8312013497770057,1.0034250453475513,1.8138420703071392
3,31,stratified,3.605551275463989,load,load,1.0022251019562287,1.0003874733657157,0.9976172978821632,0.074356926989875,True,0.3218744386442759,1.0054207872932217,0.998738656587608,0.997478854543666,1.8995993589251303,1.0071922660150856,1.2982748476242614,1.0018631165318512,0.4159317661884478,1.02591880462128,0.2776989789235841,0.9999844231435264,1.2113930946532685,1.0016907971198925,1264.3019850303494,0.9940962127952384,1.0003874733657157,1.0022251019562287,0.9976172978821632,0.9976873494889654,1.0006768518776066,1.8138420703071392,1.8312013497770057,1.0003874733657157,1.8138420703071392
3,23,stratified,2.0,load,load,0.9999108975448204,0.999803966932806,0.9993364081775766,0.0011040719405155,True,0.3218744386442759,0.9999506044152476,0.9996281405419388,0.9992341608278618,1.8980590541238824,1.006375576392701,1.2961769846613769,1.000244220864344,0.4046691108637705,0.99813883966828,0.2779069565660911,1.0007333434444772,1.2096711670474032,1.0002669496143095,1270.3059941309816,0.998817049097954,0.999803966932806,0.9999108975448205,0.9993364081775766,0.9993289527940137,1.0000465484661947,1.8138420703071392,1.8312013497770057,0.999803966932806,1.8138420703071392
5,34,stratified,3.1622776601683795,load,load,1.0011551766459403,0.999434948823731,0.9983492059788353,0.0499724580983377,True,0.3218744386442764,1.003767481591601,0.9982780905751224,0.9984733759632072,1.904829769707252,1.0099654977826598,1.2981378833834254,1.0017574228711996,0.4077281384538039,1.0056841011356348,0.2779712125334085,1.0009647269614796,1.2117661076592088,1.001999238448232,1268.9376377180238,0.9977411368997754,0.999434948823731,1.0011551766459403,0.9983492059788353,0.9978501784691318,1.00076804825238,1.8138420703071392,1.8312013497770057,0.999434948823731,1.8138420703071392
20,30,stratified,1.0,wind,wind,1.000019675268247,0.999913389731489,0.9978347288437291,0.0357866289145935,True,0.296914152861324,1.0000642059318652,0.9996502833337644,0.997519098718929,1.9129452635363255,1.0142684380743228,1.2846236905039574,0.9913286824389156,0.4149722756905236,1.023552168012356,0.2667630062748704,0.9606043636884044,1.1980723944926566,0.9906760217996669,1263.6940383613555,0.9936181960805736,0.999913389731489,1.000019675268247,0.9978347288437291,0.9963434870396164,1.0002588962293528,1.8138420703071392,1.8312013497770057,0.999913389731489,1.8138420703071392
