temperature_step,temperature,current_energy,best_energy,current_D,best_E_D,best_D,accepted,acceptance_rate,new_bests,infeasible_proposals,blackbox_calls,security_pct,raw_DD,raw_S,raw_V,raw_N,raw_P,raw_C,z_DD,z_S,z_V,z_N,z_P,z_C,sizes,n_covered,n_overlap
1,0.025767227566781743,0.007115087389046235,-0.008129612181387523,6.425801935280843,6.426482065239164,6.425801935280843,10,0.3333333333333333,1,8,71,65.44133333333333,6.425801935280843,-0.16938304982967173,0.03757665721862979,9023.0,26.470441041329856,7.004451052045962,-0.0009266189312528886,0.030706620087704417,-0.01083798780666763,-0.0480646373013934,0.006033708746429221,-0.00020600092658908312,44|40|5|44|5|39|41|7|5|15,82,52
2,0.025509555291113924,0.07422353246760799,-0.008129612181387523,6.444448157678127,6.426482065239164,6.405115445028214,13,0.43333333333333335,0,5,101,65.44133333333333,6.444448157678127,-0.1644613040938712,0.035918651777836666,9378.0,27.860002938007735,7.004366797134049,0.004043810327583568,0.447527446880206,-0.4038851466128606,0.3001587553923751,0.03691825939155468,-0.00023286645732628242,44|39|5|48|5|39|42|8|7|13,87,52
3,0.025254459738202784,0.03160463038392211,-0.008129612181387523,6.443662763450688,6.426482065239164,6.405115445028214,7,0.23333333333333334,0,14,131,65.44133333333333,6.443662763450688,-0.15867814481916304,0.03334922573650329,9549.0,27.884430363366334,7.005702651508287,0.0038344517580777516,0.9373010678176752,-1.0129938868264206,0.4678945304645847,0.037461185948062414,0.00019308421945477528,44|39|5|48|5|38|45|8|6|13,89,52
4,0.025001915140820754,0.037182743355689774,-0.008129612181387523,6.440980020755115,6.426482065239164,6.405115445028214,8,0.26666666666666666,0,13,161,65.44133333333333,6.440980020755115,-0.15769991737038236,0.032819477001645336,9837.0,27.831567984429803,7.0056950240757025,0.003119326597393686,1.0201467888036173,-1.1385762462048632,0.7503968884809377,0.03628626108621182,0.00019065213543873486,46|39|5|51|6|37|44|8|5|12,91,52
5,0.024751895989412548,0.06174927541932745,-0.008129612181387523,6.430767943192606,6.426482065239164,6.405115445028214,6,0.2,0,12,191,65.44133333333333,6.430767943192606,-0.15754567287024968,0.03304560489475103,9765.0,27.913221289640575,7.006381436949009,0.00039714469755788455,1.033209698495567,-1.0849703148096639,0.6797712989768495,0.03810109614044946,0.0004095218218166008,46|39|5|50|5|36|45|8|7|12,92,52
6,0.024504377029518423,0.14360895407965815,-0.008129612181387523,6.456500777415438,6.426482065239164,6.383899950469444,11,0.36666666666666664,0,12,221,65.44133333333333,6.456500777415438,-0.15563837909726502,0.03306949943533368,9618.0,28.44639824708748,7.005742595276857,0.007256616252106165,1.1947377030019484,-1.0793058694128514,0.5355773870726692,0.04995154395745672,0.00020582069401647044,43|38|5|50|5|38|45|9|9|12,94,53
7,0.024259333259223238,0.1853022614427198,-0.008129612181387523,6.495952791854099,6.426482065239164,6.383899950469444,7,0.23333333333333334,0,14,251,65.09933333333333,6.495952791854099,-0.15548205156484496,0.033190784675223406,9590.0,29.61136612675395,7.005625739967287,0.017773140334459692,1.2079770239282182,-1.0505539619878794,0.5081118800433017,0.07584424407072422,0.00016856019679706597,41|38|5|52|5|38|44|9|9|13,94,55
8,0.024016739926631003,0.2202517504232946,-0.008129612181387523,6.477220661417838,6.426482065239164,6.383899950469444,6,0.2,0,18,281,65.09933333333333,6.477220661417838,-0.15284362623491593,0.032787659621049334,9573.0,29.262198227700214,6.889897972435766,0.012779811003887434,1.4314242896924294,-1.1461188819141477,0.4914363936326141,0.06808360117474459,-0.03673240884073491,40|38|5|52|5|39|44|7|10|13,95,55
9,0.023776572527364693,0.2619528922723474,-0.008129612181387523,6.483473030023743,6.426482065239164,6.383899950469444,12,0.4,0,8,311,65.09933333333333,6.483473030023743,-0.15175433386060225,0.03247824487079936,9829.0,29.74932511051462,6.890266624833375,0.014446473301144298,1.52367605816099,-1.219468815205262,0.7425496007582613,0.0789105351305849,-0.03661486029555912,42|37|5|54|5|36|46|7|10|13,98,56
10,0.023538806802091045,0.3325152117471924,-0.008129612181387523,6.356028416712079,6.426482065239164,6.356028416712079,13,0.43333333333333335,0,8,341,65.18066666666667,6.356028416712079,-0.14674512323001643,0.0312511088175255,10514.0,29.991419798093403,6.689490529478237,-0.019525793112328035,1.9479042545570315,-1.5103739759128247,1.4144736120124342,0.08429135742955447,-0.10063434875720731,42|37|5|58|5|37|48|5|10|13,100,59
11,0.023303418734070134,0.3762924205913927,-0.008129612181387523,6.351543036022637,6.426482065239164,6.345152412349927,10,0.3333333333333333,0,5,371,65.18066666666667,6.351543036022637,-0.1499649000104438,0.0326760249949673,10659.0,29.834439327204546,6.689111356006753,-0.020721438371770626,1.6752225493761068,-1.1725830125655798,1.5567057019859454,0.08080229277179891,-0.1007552520531883,44|36|5|61|6|36|46|5|8|12,101,59
12,0.023070384546729432,0.307726134101844,-0.008129612181387523,6.404599903229017,6.426482065239164,6.236242218701437,14,0.4666666666666667,0,4,401,65.56333333333333,6.404599903229017,-0.14976100120234587,0.03124690569534529,11333.0,30.32239916978021,6.729970092842878,-0.006578337451596876,1.692490664052405,-1.511370369043028,2.217839692621438,0.09164774017996792,-0.08772703060675072,43|35|5|63|5|35|53|6|7|11,103,61
13,0.022839680701262136,0.37570944612308743,-0.008129612181387523,6.424773945683469,6.426482065239164,6.236242218701437,14,0.4666666666666667,0,7,431,65.43533333333333,6.424773945683469,-0.14811262478332352,0.030638451598755907,11934.0,30.858929111974874,6.730034857021876,-0.0012006449223463415,1.8320910535736252,-1.6556106399398751,2.807367182787508,0.10357271179292994,-0.08770637989331403,43|39|5|66|5|35|52|6|7|12,107,62
14,0.022611283894249514,0.3360710350319646,-0.008129612181387523,6.4236742336344,6.426482065239164,6.236242218701437,9,0.3,0,12,461,65.39133333333332,6.4236742336344,-0.14571498146054077,0.029198916779295814,12178.0,31.38442799195823,6.7299161638517,-0.0014937896048738822,2.0351465801698754,-1.9968671019938944,3.0467094583291408,0.1152525058428419,-0.08774422641097401,42|39|5|68|5|36|52|7|7|11,110,63
15,0.022385171055307018,0.3457974548392251,-0.008129612181387523,6.423862015383577,6.426482065239164,6.236242218701437,7,0.23333333333333334,0,14,491,65.39133333333332,6.423862015383577,-0.14583672610961548,0.0295369766332248,11916.0,31.414624854455322,6.730704172369,-0.001443733573121294,2.0248360708488096,-1.9167265537037375,2.789710785411486,0.1159236645233908,-0.08749296192606748,44|39|5|66|5|36|50|7|8|12,111,64
16,0.022161319344753946,0.3262086564447546,-0.008129612181387523,6.4175915415302685,6.426482065239164,6.236242218701437,9,0.3,0,15,521,65.43533333333333,6.4175915415302685,-0.1444344643152563,0.028737350142167863,12136.0,31.045744037654178,6.730725161886861,-0.003115222094667219,2.143593103796035,-2.1062861972871447,3.005511197785089,0.10772488021896538,-0.08748626920602967,44|41|5|68|5|35|49|7|7|11,112,65
17,0.021939706151306408,0.15348341753828515,-0.008129612181387523,6.314916763994912,6.426482065239164,6.236242218701437,11,0.36666666666666664,0,15,551,65.27466666666666,6.314916763994912,-0.1396683286417596,0.025193815646951424,12035.0,28.859666344134524,7.402116013680182,-0.030484718582094786,2.5472353719411616,-2.9463173161297416,2.9064391902862985,0.05913688467799525,0.12659349369408512,43|40|5|67|5|35|51|6|8|11,113,64
18,0.021720309089793343,0.21426870438949694,-0.008129612181387523,6.315512252325582,6.426482065239164,6.236242218701437,9,0.3,0,17,581,65.27466666666666,6.315512252325582,-0.13850046504848523,0.024766472333066523,12661.0,28.89196835582819,7.4025088836530175,-0.03032598226762886,2.646141307895674,-3.0476234223853007,3.5204894545857326,0.05985483262869653,0.12671876425803547,45|40|5|68|5|35|54|6|8|11,115,67
19,0.02150310599889541,0.2072001982325563,-0.008129612181387523,6.315672283623047,6.426482065239164,6.197884588312847,6,0.2,0,19,611,65.27466666666666,6.315672283623047,-0.13826384980724762,0.024790765177053593,12454.0,28.91850628369274,7.402508334114082,-0.030283323533526956,2.666180165199286,-3.0418645550899845,3.3174408847614787,0.06044466743858074,0.12671858903198846,44|40|5|67|5|35|54|6|9|11,115,69
20,0.021288074938906453,0.23002739041690054,-0.008129612181387523,6.324914789782747,6.426482065239164,5.72937375385151,14,0.4666666666666667,0,12,641,65.27466666666666,6.324914789782747,-0.13844227237243267,0.024868614816324595,12607.0,29.269984142432616,7.401111343929452,-0.0278195953819287,2.6510696241166967,-3.023409501338824,3.4675202624576666,0.06825665174445752,0.12627314458379474,44|39|5|68|5|33|56|7|9|11,114,71
21,0.02107519418951739,0.2891447356773596,-0.008129612181387523,6.338209803981136,6.426482065239164,5.72937375385151,13,0.43333333333333335,0,11,671,65.27466666666666,6.338209803981136,-0.1376078389645791,0.024938844284074627,12475.0,31.509460219870093,7.400959132678098,-0.024275610645484624,2.721737480937269,-3.006760887236317,3.3380400150335046,0.11803148545105431,0.12622461048698128,45|40|5|67|5|33|54|8|11|11,116,72
22,0.020864442247622215,0.23304747652289287,-0.008129612181387523,6.2263153814115535,6.426482065239164,5.72937375385151,9,0.3,0,9,701,65.43533333333333,6.2263153814115535,-0.13528101806480258,0.024908503056134977,12330.0,31.508774068888325,6.729995650797383,-0.054102741309842176,2.918795082712214,-3.013953585850542,3.195807925059994,0.1180162349862875,-0.08771888119448813,42|38|5|67|5|34|56|7|11|11,116,71
23,0.020655797825145993,0.12377844812737324,-0.008129612181387523,6.363328936385736,6.426482065239164,5.72937375385151,11,0.36666666666666664,0,1,731,65.43533333333333,6.363328936385736,-0.13252886684976004,0.021592219201859976,12557.0,32.16708924171509,7.364540807087204,-0.0175797304827232,3.1518737516421593,-3.800112614432572,3.4184747141909386,0.13264801810025403,0.11461225907216363,41|38|5|69|5|34|56|8|12|11,119,70
24,0.020449239846894535,0.16917139069430784,-0.008129612181387523,6.296315217623987,6.426482065239164,5.72937375385151,11,0.36666666666666664,0,10,761,65.19666666666666,6.296315217623987,-0.13198044733880962,0.02149611986898389,13087.0,32.18716601229676,7.3596044597409955,-0.035443238778395496,3.198319197273517,-3.8228939448316135,3.9383575258182546,0.133094246540529,0.11303825479932281,43|39|5|70|5|33|58|8|13|9,122,71
25,0.02024474744842559,0.17939324059836104,-0.008129612181387523,6.302913895737674,6.426482065239164,5.72937375385151,9,0.3,0,15,791,65.19666666666666,6.302913895737674,-0.13132834548091746,0.02113634741747955,13287.0,32.53570786361726,7.359617182752506,-0.0336842625060387,3.253545462535944,-3.9081816865973313,4.134539718885167,0.14084097483294222,0.1130423116602112,43|39|5|72|5|31|58|9|14|9,124,71
26,0.020042299973941333,0.20594413016595356,-0.008129612181387523,6.318199830211997,6.426482065239164,5.72937375385151,6,0.2,0,16,821,65.158,6.318199830211997,-0.13120589052934264,0.02110529159534212,13476.0,32.75385861480553,7.359669714089524,-0.029609568214561205,3.2639161271131436,-3.915543787079745,4.319931891333399,0.14568961665267982,0.11305906180827119,40|39|5|74|5|31|59|9|15|9,124,71
27,0.01984187697420192,0.17666244812628717,-0.008129612181387523,6.304302229437257,6.426482065239164,5.72937375385151,12,0.4,0,13,851,65.158,6.304302229437257,-0.13191983482994551,0.021341278726615367,13238.0,32.7562815083355,7.359681904180536,-0.0333141814089452,3.2034524482407365,-3.859600622371308,4.086475081583774,0.14574346814221253,0.11306294874206935,39|39|5|72|5|31|60|9|16|8,123,71
28,0.0196434582044599,0.20345149132534904,-0.008129612181387523,6.296524905213899,6.426482065239164,5.72937375385151,12,0.4,0,11,881,65.158,6.296524905213899,-0.1318376606696921,0.021362097289253444,13470.0,32.770778673681846,7.35966112230117,-0.03538734341739919,3.21041174749276,-3.8546653690277424,4.314046425541391,0.14606568368253536,0.11305632222966548,41|39|5|73|5|32|59|8|16|8,122,73
29,0.0194470236224153,0.22894884027475726,-0.008129612181387523,6.288163167053911,6.426482065239164,5.72937375385151,10,0.3333333333333333,0,14,911,65.158,6.288163167053911,-0.1319735378237792,0.021499648753380358,13649.0,32.73703970605455,7.359614918240812,-0.0376162896950746,3.1989043615469908,-3.822057386668617,4.489629488336277,0.14531579779627826,0.11304158959775654,43|38|5|73|5|32|60|8|15|8,124,73
30,0.019252553386191147,0.2254073107365179,-0.008129612181387523,6.309106291826748,6.426482065239164,5.72937375385151,10,0.3333333333333333,0,11,941,64.98333333333333,6.309106291826748,-0.1335756759403611,0.022053728219357277,13459.0,33.781193896647075,7.360094583605442,-0.03203358677946765,3.063219876765124,-3.6907071784624823,4.303256404922711,0.16852327999464076,0.1131945357501463,43|37|5|73|5|31|59|10|16|8,124,73
31,0.019060027852329235,0.26031487282491816,-0.008129612181387523,6.310542109703078,6.426482065239164,5.72937375385151,10,0.3333333333333333,0,11,971,64.98333333333333,6.310542109703078,-0.1326011315043012,0.021679303550763966,13942.0,32.90258203815466,7.36024875775124,-0.031650848065383326,3.145753684765356,-3.7794683782491085,4.777036401179303,0.14899515929279114,0.1132436957357039,42|39|5|75|5|32|60|9|14|9,125,75
32,0.01886942757380594,0.2744931521852027,-0.008129612181387523,6.318474825976665,6.426482065239164,5.72937375385151,7,0.23333333333333334,0,17,1001,64.98333333333333,6.318474825976665,-0.13211416480821098,0.021597294095673656,13902.0,33.36001296966263,7.360273599064843,-0.029536263983514287,3.1869947142253476,-3.798909558914397,4.73779996256592,0.15916206787353185,0.1132516166397677,42|40|5|75|5|32|59|9|14|9,127,75
33,0.01868073329806788,0.28810764673590655,-0.008129612181387523,6.3198583341801315,6.426482065239164,5.72937375385151,10,0.3333333333333333,0,7,1031,64.98333333333333,6.3198583341801315,-0.13236061887902578,0.02181689057469739,13910.0,33.07808729147316,7.360281638383634,-0.02916746919453054,3.1661226100822644,-3.7468519660739092,4.745647250288597,0.1528959577369336,0.11325418005786594,42|40|5|74|5|33|60|9|13|9,128,75
34,0.018493925965087202,0.2789387192031006,-0.008129612181387523,6.310787363656501,6.426482065239164,5.72937375385151,11,0.36666666666666664,0,5,1061,65.158,6.310787363656501,-0.13327709448680303,0.021999005749120826,14070.0,32.61578392667624,7.359741959081869,-0.03158547195863273,3.088506629681209,-3.7036797000960693,4.902593004742126,0.14262075393520446,0.11308209785469721,43|36|5|74|5|33|63|8|14|9,130,76
35,0.01830898670543633,0.25114648874503986,-0.008129612181387523,6.304830365260286,6.426482065239164,5.72937375385151,14,0.4666666666666667,0,5,1091,65.158,6.304830365260286,-0.13360792750896913,0.022003785274195588,13958.0,32.434229231127894,7.36126031646785,-0.03317339891201397,3.060488503343135,-3.702546664760444,4.7927309766246555,0.13858549994405178,0.11356624146243369,40|35|5|76|5|32|63|8|13|9,131,76
36,0.018125896838381967,0.25575827645914956,-0.008129612181387523,6.178352880500153,6.426482065239164,5.72937375385151,11,0.36666666666666664,0,2,1121,64.94266666666667,6.178352880500153,-0.13306056712233968,0.022126360717448668,13898.0,33.066073212116265,7.358019054970216,-0.06688786275576669,3.106844252127309,-3.673488901423439,4.733876318704582,0.152628931530156,0.11253273245489002,40|34|5|76|5|31|63|7|16|9,130,77
37,0.017944637869998146,0.2898069671925681,-0.008129612181387523,6.189033206324149,6.426482065239164,5.72937375385151,12,0.4,0,5,1151,64.94266666666667,6.189033206324149,-0.13044308775066443,0.021420541555341937,13994.0,32.58511183054878,7.35773079290775,-0.06404086228358373,3.328517612430742,-3.840810557596239,4.8280437713766995,0.1419390326613949,0.11244081718106577,42|35|5|77|5|29|62|8|14|9,132,78
38,0.017765191491298165,0.3283294148017491,-0.008129612181387523,6.190518546088526,6.426482065239164,5.72937375385151,8,0.26666666666666666,0,3,1181,64.94266666666667,6.190518546088526,-0.12857719664410777,0.021053096916788312,13983.0,32.92213965457063,7.357746750544192,-0.06364492277010622,3.486539240423928,-3.927917069823958,4.817253750758019,0.14942984895731126,0.11244590543482547,41|35|5|78|5|27|62|8|15|9,133,78
39,0.017587539576385182,-0.07382905434498148,-0.08821294874882277,6.442884669074531,6.4425295422082325,5.72937375385151,13,0.43333333333333335,1,9,1211,64.90866666666668,6.442884669074531,-0.1304086261537542,0.019148986497307154,13929.0,17.65163049636917,7.413033971573567,0.003627039073031667,3.3314361523325955,-4.379305932620651,4.764284558629954,-0.18997411325615052,0.13007479498218913,42|34|5|78|5|29|60|9|17|8,132,80
40,0.01741166418062133,-0.07748486175669844,-0.09090582317541969,6.449658037523698,6.46508913820935,5.72937375385151,15,0.5,1,12,1241,64.90866666666668,6.449658037523698,-0.12941617564549576,0.018508093459592475,14422.0,15.855302951452085,7.4135509171117535,0.005432581665161403,3.4154864189674354,-4.531236186511691,5.247873664539891,-0.22989948050237569,0.13023962829493335,43|37|5|76|5|28|65|7|16|8,133,81
41,0.017237547538815116,-0.033192200411206255,-0.09090582317541969,6.451579360366362,6.46508913820935,5.72937375385151,11,0.36666666666666664,0,12,1271,64.90866666666668,6.451579360366362,-0.12877906757493152,0.018374535491527937,14775.0,15.704774642780796,7.411541222040866,0.005944738984181632,3.469442865924273,-4.56289746975729,5.594135235302991,-0.23324513871580121,0.12959881669744452,44|37|5|77|5|29|65|6|17|10,135,83
42,0.017065172063426965,-0.25921304553183255,-0.26118954546974193,6.451352106928229,6.459025497011697,5.72937375385151,9,0.3,3,12,1301,64.90866666666668,6.451352106928229,-0.13229720182576393,0.018290716423787445,14497.0,10.582807749914666,7.519046526011682,0.005884161183809923,3.1714933768776867,-4.582767637622014,5.321441986939983,-0.34708652014945646,0.1638779700745026,44|37|5|75|5|31|64|6|18|10,136,82
43,0.016894520342792697,-0.2402884095714226,-0.3014971762794785,6.430712910041339,6.451352106928229,5.72937375385151,10,0.3333333333333333,2,11,1331,64.952,6.430712910041339,-0.1322448212713131,0.0183674881882088,14645.0,10.460785782465205,7.518714502979274,0.0003824747885845624,3.1759294666690048,-4.564568105135608,5.466616809809498,-0.34979859338816616,0.1637721011728557,46|35|5|73|5|30|67|6|20|10,137,85
44,0.01672557513936477,-0.3418208518652194,-0.3854820596580443,6.430184510853824,6.422325096184808,5.72937375385151,9,0.3,1,6,1361,64.86466666666666,6.430184510853824,-0.12629972082717222,0.01512327754160225,14864.0,11.299257231289424,7.522484003002986,0.00024162208791350613,3.67941782537598,-5.3336414421974805,5.681436311217766,-0.3311626377048575,0.164974044376539,47|36|5|72|5|30|68|6|22|9,140,84
45,0.016558319387971122,-0.48182087710836335,-0.5089407804776614,6.355957839441274,6.3475066557022135,5.72937375385151,12,0.4,2,8,1391,64.86466666666666,6.355957839441274,-0.1279762165284587,0.015441141014451654,14671.0,14.316806813046636,6.8858292813115565,-0.01954460653868034,3.5374360242355274,-5.258288652744652,5.492120494908196,-0.2640942594593349,-0.038029752152545074,47|35|5|71|5|30|66|5|28|9,139,83
46,0.01639273619409141,-0.4662154043163475,-0.5089407804776614,6.364511017925619,6.3475066557022135,5.72937375385151,8,0.26666666666666666,0,8,1421,64.86466666666666,6.364511017925619,-0.12788104295124553,0.015513293203353767,14669.0,14.401529806652938,6.885815678737879,-0.017264628981358623,3.54549623930398,-5.2411842379147116,5.490158672977527,-0.2622111971840262,-0.03803408947072549,47|35|5|71|5|29|66|5|29|9,139,84
47,0.016228808832150495,-0.4507194299085395,-0.5089407804776614,6.315929389384154,6.3475066557022135,5.72937375385151,16,0.5333333333333333,0,6,1451,64.948,6.315929389384154,-0.1272063113451398,0.015233802276743157,14875.0,15.557354482013205,6.8855104272202485,-0.030214788150305986,3.6026390095763823,-5.307440422552961,5.692226331836446,-0.2365217149030329,-0.03813142200414434,49|33|5|71|5|26|66|5|34|9,141,86
48,0.01606652074382899,-0.489214042859599,-0.5089407804776614,6.279670243488663,6.3475066557022135,5.72937375385151,11,0.36666666666666664,0,6,1481,65.09,6.279670243488663,-0.12811927722633207,0.015456706927242223,14655.0,16.006420214058675,6.8855029710317135,-0.03988020540316557,3.52532026662226,-5.254598593806347,5.4764259194628435,-0.2265407321360855,-0.03813379948526351,48|33|5|70|5|25|66|5|35|9,141,87
49,0.0159058555363907,-0.7350319880762993,-0.7350319880762993,6.290474643759367,6.290474643759367,5.72937375385151,8,0.26666666666666666,2,3,1511,65.09,6.290474643759367,-0.12380860700496624,0.012007470434487102,14190.0,18.25820019291401,6.874175508250335,-0.037000131032846495,3.8903893340122826,-6.072275406060667,5.020302320582274,-0.17649243060673034,-0.0417456755482454,47|32|5|67|6|24|66|5|37|9,140,86
50,0.01574679698102679,-0.7626678837118276,-0.7862368571010864,6.247785338575108,6.237262466842917,5.72937375385151,9,0.3,2,2,1541,65.13333333333333,6.247785338575108,-0.12604868185025497,0.01249469837298638,14396.0,18.2620636616372,6.877927914844969,-0.04837960334666741,3.7006782235218365,-5.956773036643512,5.222369979441193,-0.17640656073959274,-0.04054918275729008,47|30|6|66|5|24|69|5|38|8,140,86
51,0.015589329011216523,-0.6949974403552538,-0.7862368571010864,6.1919849769519475,6.237262466842917,5.72937375385151,12,0.4,0,0,1571,65.18066666666667,6.1919849769519475,-0.12584646147781556,0.012685041013663623,14880.0,18.56907304672893,6.881268825261811,-0.0632540237067833,3.717804192102734,-5.911650365585165,5.697130886663119,-0.16958293746303102,-0.03948389968410302,50|28|6|69|5|22|69|6|38|7,141,86
52,0.015433435721104357,-0.6410752425162163,-0.7862368571010864,6.166297699233498,6.237262466842917,5.72937375385151,8,0.26666666666666666,0,2,1601,65.13733333333333,6.166297699233498,-0.12496009614238782,0.012648435991968073,14970.0,20.2545156822777,6.881373789456425,-0.07010135149421956,3.792870144670296,-5.920327960616814,5.78541287354323,-0.1321221100169784,-0.03945043078914294,49|29|6|70|5|20|69|6|39|7,141,87
53,0.015279101363893313,-0.9254003769038003,-0.9409945211724743,6.157127233235084,6.156893814797698,5.72937375385151,14,0.4666666666666667,4,2,1631,65.13733333333333,6.157127233235084,-0.1278808965091904,0.011783235093324466,15188.0,13.85789051684667,6.844082721472747,-0.0725458762641441,3.545508641427489,-6.1254326886482025,5.999251463986163,-0.2742941819138485,-0.051341064941982706,49|30|5|69|5|19|71|5|40|7,140,89
54,0.01512631035025438,-0.9488177537587038,-0.9634591873201214,6.1354251393091745,6.1354251393091745,5.72937375385151,8,0.26666666666666666,1,0,1661,65.18066666666667,6.1354251393091745,-0.12850650726984175,0.011612798824402174,15507.0,13.694578802350891,6.841477664244337,-0.07833089375074598,3.492525897396612,-6.165836350547762,6.3121620619278875,-0.2779239654660211,-0.05217171378432175,49|30|5|69|5|18|74|5|39|7,140,90
55,0.014975047246751836,-1.269053146704497,-1.269053146704497,5.782373822508544,5.782373822508544,5.72937375385151,15,0.5,4,3,1691,64.67000000000002,5.782373822508544,-0.13286464967391226,0.011148754858252211,15632.0,13.764726560639499,6.8438780241328345,-0.17244199880504332,3.1234364284038256,-6.275842722040218,6.434775932594707,-0.2763648539225296,-0.05140633475892707,50|30|5|69|5|19|73|5|41|5,140,92
56,0.014825296774284317,-1.3025697754051655,-1.3025697754051655,5.783942518822063,5.783942518822063,5.72937375385151,8,0.26666666666666666,7,10,1721,64.67000000000002,5.783942518822063,-0.13286312246880974,0.011123053129803346,15276.0,14.122683874241144,6.843811557421778,-0.17202383935757895,3.123565766839349,-6.281935579816608,6.085571628935605,-0.26840885656310726,-0.05142752834192837,46|31|5|69|5|19|71|5|44|5,140,92
57,0.014677043806541473,-1.3446296038140504,-1.365624058214937,5.828622431185731,5.797771261387095,5.72937375385151,7,0.23333333333333334,1,4,1751,64.442,5.828622431185731,-0.1352105925986886,0.011509848064152468,15272.0,14.121922218872298,6.84373153273839,-0.16011374094928316,2.92475938940107,-6.190241881927519,6.081647985074267,-0.2684257851964193,-0.051453045021519664,48|31|5|71|5|21|67|5|44|5,140,93
58,0.014530273368476058,-1.3594218034214471,-1.365624058214937,5.835603521407993,5.797771261387095,5.72937375385151,9,0.3,0,5,1781,64.442,5.835603521407993,-0.13505033054470808,0.011384413630561058,15451.0,11.8076511200846,6.841151650080588,-0.15825282701400994,2.9383319235036987,-6.2199773981849225,6.257231047869152,-0.31986302101005204,-0.05227566669742916,48|32|5|73|5|21|67|5|42|5,141,93
59,0.014384970634791298,-1.4167109866380658,-1.4167109866380658,5.839813314684705,5.839813314684705,5.72937375385151,11,0.36666666666666664,4,6,1811,64.442,5.839813314684705,-0.1350994871954509,0.011361365724485158,14900.0,11.808733964120098,6.843900154746447,-0.15713064369824778,2.934168864925534,-6.225441140206922,5.716749105969811,-0.31983895360324194,-0.05139927818896875,47|33|5|70|5|21|65|5|44|5,140,93
60,0.014241120928443384,-1.401651074888332,-1.424592504994639,5.850812106030888,5.846640282000029,5.72937375385151,11,0.36666666666666664,1,10,1841,64.442,5.850812106030888,-0.13449993553779,0.011242729460340342,14895.0,11.925006195094907,6.8439026744351,-0.15419875148146994,2.9849446731582168,-6.2535650808202865,5.7118445511431375,-0.3172546746195216,-0.05139847476076021,48|34|5|70|5|21|63|5|45|5,140,93
61,0.01409870971915895,-1.4015522729503769,-1.424592504994639,5.843394465582227,5.846640282000029,5.72937375385151,13,0.43333333333333335,0,3,1871,64.442,5.843394465582227,-0.1350998572579542,0.01130004102431623,15202.0,11.077850437132518,6.843821342213682,-0.1561760344040916,2.9341375244689414,-6.239978788017359,6.012984217500847,-0.3360836486822468,-0.05142440836207551,50|32|5|71|5|22|62|5|47|5,141,94
62,0.01395772262196736,-1.4984787560080115,-1.4984787560080115,5.834136841887653,5.834136841887653,5.72937375385151,12,0.4,8,4,1901,64.442,5.834136841887653,-0.1360895508910071,0.011453448368227023,14480.0,11.0766031922225,6.844460561525764,-0.15864379236055098,2.8503207365760397,-6.20361200707646,5.304766500529295,-0.3361113700803957,-0.051220586819964616,50|30|5|69|5|23|59|5|47|5,140,92
63,0.013818145395747687,-1.4370701300724922,-1.4984787560080115,5.8403811024023495,5.834136841887653,5.72937375385151,20,0.6666666666666666,0,1,1931,64.442,5.8403811024023495,-0.13604713696491744,0.011548005984948274,14899.0,11.58542998583585,6.844368991709905,-0.15697929139618588,2.8539127562961193,-6.18119615627081,5.715768195004476,-0.3248021315970155,-0.05124978478180112,51|27|5|68|5|23|64|6|47|5,143,90
64,0.01367996394179021,-1.4246588567869258,-1.4984787560080115,5.816237464803458,5.834136841887653,5.2743635099362205,10,0.3333333333333333,0,7,1961,64.442,5.816237464803458,-0.1366855099984751,0.011550754787838957,15376.0,11.47565295221008,6.8442661119464105,-0.16341513883913783,2.799849180091027,-6.180544524412604,6.183662725469061,-0.3272420476329923,-0.05128258903481889,54|26|5|68|5|22|66|6|47|5,143,91
65,0.013543164302372308,-1.3997533908006832,-1.4984787560080115,5.8409248264456854,5.834136841887653,5.2743635099362205,15,0.5,0,3,1991,64.488,5.8409248264456854,-0.13797859863012515,0.011951223041369866,15584.0,12.029174259585737,6.838360518796431,-0.15683435362615675,2.690337981932251,-6.085609426270159,6.387692206258649,-0.3149394241286559,-0.0531656471342183,56|24|6|71|5|22|64|7|46|5,144,90
66,0.013407732659348585,-1.4269385066316027,-1.4984787560080115,5.810926624323845,5.834136841887653,5.2743635099362205,6,0.2,0,8,2021,64.442,5.810926624323845,-0.13881230004233713,0.011840986174130656,15931.0,11.580243241956541,6.839188832369034,-0.1648308227426359,2.619732117551947,-6.111742203882361,6.728068311229741,-0.3249174127186458,-0.05290153097482156,56|25|5|72|5|21|65|6|47|5,144,91
67,0.013273655332755098,-1.4338457427883542,-1.4984787560080115,5.787951021351834,5.834136841887653,5.2743635099362205,11,0.36666666666666664,0,1,2051,64.442,5.787951021351834,-0.13924351270124047,0.011967249781828646,15960.0,11.552967098883125,6.838996357548348,-0.17095531309882356,2.5832128768890104,-6.081810123416705,6.756514729224443,-0.325523655178351,-0.05296290351790381,59|25|5|71|5|19|65|6|46|5,143,91
68,0.013140918779427547,-1.554778777320736,-1.554778777320736,5.787717467147662,5.787717467147662,5.2743635099362205,12,0.4,5,3,2081,64.442,5.787717467147662,-0.13839847454028067,0.011302859732726944,15086.0,12.257274582327938,6.83900313412528,-0.17101757046255156,2.654778846329564,-6.2393105843401715,5.899198545522038,-0.3098696420723521,-0.05296074273781735,57|25|5|67|5|20|64|5|46|6,140,88
69,0.01300950959163327,-1.5391957805758203,-1.5674257520681685,5.814688824396995,5.787717467147662,5.2743635099362205,7,0.23333333333333334,1,8,2111,64.488,5.814688824396995,-0.1374648001978383,0.011237430002349365,14878.0,11.986489794198084,6.839158050879584,-0.1638279520848288,2.7338513812110263,-6.25482137157502,5.69516906473245,-0.31588813360045187,-0.05291134596402721,58|27|5|66|5|20|63|5|44|7,140,86
70,0.012879414495716938,-1.6030219757972364,-1.6030219757972364,5.67267055347649,5.67267055347649,5.2743635099362205,6,0.2,2,4,2141,63.720000000000006,5.67267055347649,-0.1382756110412579,0.01123673241863782,15006.0,11.618072875544776,6.839068945196402,-0.20168504474588497,2.6651841106390903,-6.254986740933351,5.820725668295274,-0.32407660725525794,-0.05293975821223963,59|26|5|66|5|19|64|5|44|5,140,86
71,0.01275062035075977,-1.5714100258200236,-1.6030219757972364,5.666483281701941,5.67267055347649,5.2743635099362205,8,0.26666666666666666,0,3,2171,63.720000000000006,5.666483281701941,-0.13826054222534717,0.011270065382771675,15254.0,12.00843873255425,6.839115767482663,-0.20333435450983306,2.6664602830876203,-6.247084820634987,6.063991587698244,-0.3154002941599143,-0.052924828452749546,58|25|5|65|5|18|67|6|46|5,140,87
72,0.012623114147252172,-1.5663265838650429,-1.6030219757972364,5.676697263914464,5.67267055347649,5.2743635099362205,8,0.26666666666666666,0,7,2201,63.720000000000006,5.676697263914464,-0.13899632252475724,0.011378018438669289,15436.0,12.268788976867805,6.838963218075358,-0.20061166489706975,2.6041473215490134,-6.221493443875266,6.242517383389134,-0.3096137219135131,-0.05297347037400758,58|24|5|64|5|19|68|5|48|6,142,88
73,0.01249688300577965,-1.5558113329620948,-1.6030219757972364,5.673649762722572,5.67267055347649,5.1792979355303155,8,0.26666666666666666,0,5,2231,63.720000000000006,5.673649762722572,-0.13903082400468014,0.011339465161122792,15602.0,12.364844873989767,6.83901148294103,-0.20142402188647932,2.6012254039695617,-6.230632892896053,6.405348603634671,-0.3074787733181905,-0.052958080633483555,56|25|5|63|5|19|70|5|50|6,144,87
74,0.012371914175721853,-1.5804208587033308,-1.6030219757972364,5.664948092587819,5.67267055347649,5.1792979355303155,8,0.26666666666666666,0,4,2261,63.80266666666667,5.664948092587819,-0.139672252722231,0.011266481484617704,15710.0,12.629463563228818,6.838932568679426,-0.20374358211251314,2.546903043016774,-6.2479344203722444,6.511286987890803,-0.30159733016046647,-0.05298324324385932,58|24|5|62|5|19|69|5|52|5,146,85
75,0.012248195033964635,-1.5801087866924333,-1.6030219757972364,5.664624166906779,5.67267055347649,5.1792979355303155,10,0.3333333333333333,0,6,2291,63.80266666666667,5.664624166906779,-0.1397381226004584,0.011345554453234579,15725.0,11.941281946089155,6.838879701031102,-0.2038299293440556,2.54132454738183,-6.229189363879325,6.526000652370822,-0.31689292804524444,-0.053000100628180336,59|23|5|60|5|20|70|6|52|5,147,84
76,0.012125713083624989,-1.7691330414104178,-1.7691330414104178,5.622251795485297,5.622251795485297,5.1792979355303155,12,0.4,7,7,2321,63.80266666666667,5.622251795485297,-0.14545056773673073,0.01151430169365815,15949.0,13.942295230297407,6.838577151722247,-0.21512491822664545,2.0575396806854296,-6.189186103471963,6.745724708605763,-0.2724181937671608,-0.053096571535003446,60|18|5|62|5|19|70|6|53|5,146,84
77,0.01200445595278874,-1.8700281060554786,-1.8761427066911804,5.603615019998852,5.6141911204189885,5.1792979355303155,10,0.3333333333333333,7,8,2351,63.80266666666667,5.603615019998852,-0.14680664630382903,0.0114826086584497,15625.0,13.678938608578251,6.838329602817846,-0.22009282927020798,1.9426938881809606,-6.1966992618345,6.427909555837366,-0.27827158607783087,-0.05317550500664486,58|17|5|61|5|18|70|6|54|5,146,82
78,0.011884411393260852,-1.853381476163581,-1.8761427066911804,5.594526628872434,5.6141911204189885,5.1792979355303155,4,0.13333333333333333,0,6,2381,63.80266666666667,5.594526628872434,-0.14646225704115698,0.011490145892001006,15658.0,13.678938608578251,6.840561185467636,-0.22251547575634428,1.971860087515733,-6.194912483480393,6.4602796176934065,-0.27827158607783087,-0.05246394231066389,59|17|5|60|5|19|70|6|54|5,147,83
79,0.011765567279328244,-1.8578143693246933,-1.8816868835811476,5.612209869386388,5.603003024450445,5.1792979355303155,12,0.4,1,1,2411,63.97200000000001,5.612209869386388,-0.14615134800899604,0.011515941316018612,15478.0,13.030836912795618,6.837357527832649,-0.21780174371084432,1.9981908585061812,-6.188797414210493,6.283715643933186,-0.29267636336371133,-0.05348546094631306,59|18|5|61|6|21|70|5|50|5,148,81
80,0.011647911606534962,-1.885916241900163,-1.885916241900163,5.596528805603166,5.596528805603166,5.1792979355303155,10,0.3333333333333333,2,3,2441,63.97200000000001,5.596528805603166,-0.1460928655616604,0.011485572598539065,15173.0,13.227205694752874,6.868323183784374,-0.2219817656250504,2.0031437153500398,-6.195996629501496,5.984537799506145,-0.28831184991096054,-0.043611748389037225,57|19|5|62|5|22|68|5|50|6,149,82
81,0.011531432490469612,-1.9365342025008592,-1.945342706160459,5.587555565684445,5.5864285068989465,5.1792979355303155,9,0.3,3,5,2471,63.97200000000001,5.587555565684445,-0.14756766393788495,0.011404547324193989,15376.0,13.582698260470362,6.868102962487559,-0.224373716835772,1.8782435861014553,-6.215204500048404,6.183662725469061,-0.28041063430040286,-0.04368196817663433,57|17|5|63|5|22|69|5|50|7,149,82
82,0.011416118165564915,-1.9853532957033262,-1.9853532957033262,5.568789661169144,5.568789661169144,5.1792979355303155,9,0.3,6,5,2501,63.97200000000001,5.568789661169144,-0.14834886202575545,0.011408859774170816,15304.0,13.208075170223495,6.867962072060387,-0.22937604915188603,1.8120842088491194,-6.214182189645083,6.113037135964972,-0.28873704698574215,-0.04372689251416934,60|16|5|61|5|21|69|5|49|7,149,82
83,0.011301956983909267,-1.9958687803261506,-2.0062472900497768,5.5903211607524534,5.5903211607524534,5.1792979355303155,8,0.26666666666666666,2,4,2531,63.97200000000001,5.5903211607524534,-0.14828104691958338,0.011427847344730978,15086.0,13.20778130893248,6.868024042818627,-0.22363650613693767,1.8178274451195453,-6.209680991713107,5.899198545522038,-0.28874357837808,-0.043707132511191564,61|16|5|60|5|23|66|5|50|7,149,82
84,0.011188937414070173,-2.0015202615612653,-2.0218962385820545,5.580159383602053,5.572284300445262,5.1792979355303155,9,0.3,2,5,2561,63.884666666666675,5.580159383602053,-0.14832726982447828,0.011477007944504188,14973.0,13.591330460832697,6.86808345953587,-0.22634527971015653,1.8139128443926331,-6.198026968396498,5.788355606439233,-0.28021877409618545,-0.04368818689001465,58|16|5|62|5|21|65|5|52|8,150,81
85,0.011077048039929472,-2.035408901411958,-2.0373592824526154,5.560906404346541,5.560906404346541,5.1792979355303155,5,0.16666666666666666,2,3,2591,63.97200000000001,5.560906404346541,-0.14830299273429215,0.011397057608242944,14810.0,13.203450304586887,6.868029673659827,-0.23147744907789436,1.815968862185241,-6.216980013869044,5.6284671190897,-0.28883983974173394,-0.04370533706052986,57|16|5|61|5|20|66|5|52|7,149,81
86,0.010966277559530177,-2.0271777368920842,-2.0373592824526154,5.569051104883777,5.560906404346541,5.1792979355303155,5,0.16666666666666666,0,7,2621,63.97200000000001,5.569051104883777,-0.14865740188997206,0.011433255562388509,14981.0,13.203450304586887,6.868050609425666,-0.2293063574223194,1.7859540818159934,-6.208398918366303,5.79620289416191,-0.28883983974173394,-0.043698661479867985,56|16|5|62|5|21|67|5|52|6,150,82
87,0.010856614783934876,-2.06922674621731,-2.0853153849658876,5.575002632504119,5.575002632504119,5.1792979355303155,10,0.3333333333333333,5,8,2651,63.97200000000001,5.575002632504119,-0.14911734257444414,0.011354459000240477,14830.0,13.201382869363744,6.868145460748579,-0.22771988878601113,1.7470018752884084,-6.227078449876865,5.648085338396391,-0.2888857907770979,-0.04366841717632139,56|15|5|63|5|22|64|5|53|6,150,82
88,0.010748048636095527,-2.0879315215509826,-2.1003606706316718,5.565052229962844,5.575002632504119,5.1792979355303155,12,0.4,1,13,2681,63.884666666666675,5.565052229962844,-0.14952808025632008,0.011309591408795547,14907.0,13.121038757950371,6.868134667448928,-0.23037231729804888,1.7122166528603107,-6.23771477163192,5.723615482727152,-0.2906715275506208,-0.043671858729068355,54|15|5|65|5|22|66|5|51|5,150,81
89,0.010640568149734572,-2.360156036228101,-2.373918308017238,5.568698780881931,5.568698780881931,5.1792979355303155,10,0.3333333333333333,6,10,2711,63.884666666666675,5.568698780881931,-0.1535101026539572,0.010704873827074045,14631.0,12.628457700704374,6.865913712833503,-0.22940027465070242,1.3749806481605689,-6.381069263437502,5.452884056294814,-0.3016196865680166,-0.04438003256881011,55|13|5|66|5|22|64|5|49|5,150,79
90,0.010534162468237226,-2.352315386789243,-2.373918308017238,5.538712878930392,5.568698780881931,5.1792979355303155,8,0.26666666666666666,0,8,2741,63.884666666666675,5.538712878930392,-0.15301208763107682,0.01075981120230403,14723.0,12.337124288271543,6.75581511913254,-0.23739346497295452,1.417157356331846,-6.368045796375726,5.5431278651055935,-0.30809489400743356,-0.07948608260238116,54|13|5|66|5|22|67|5|47|5,151,79
91,0.010428820843554855,-2.4462034241073503,-2.4462034241073503,5.52773374141478,5.52773374141478,5.1792979355303155,10,0.3333333333333333,7,8,2771,63.884666666666675,5.52773374141478,-0.1536134605064465,0.010654057417594068,14304.0,11.263578114752214,6.756249120392528,-0.2403201181674555,1.3662273098447122,-6.393115813391694,5.132126170630413,-0.33195564554733015,-0.07934769691155978,54|11|6|64|5|22|66|6|47|5,151,78
92,0.010324532635119305,-2.7565302053436307,-2.7565302053436307,5.506004907005616,5.506004907005616,5.1792979355303155,10,0.3333333333333333,5,7,2801,63.884666666666675,5.506004907005616,-0.15848937030343907,0.009450517473352313,14600.0,12.670227210884512,6.755769055923298,-0.2461122637295212,0.9532883117642825,-6.678427274955837,5.422475816369443,-0.30069131298806684,-0.07950077032248742,51|10|5|65|5|21|70|7|47|5,151,79
93,0.010221287308768113,-2.7798672553073356,-2.7982724888918096,5.513226577704443,5.512810332337788,5.1792979355303155,15,0.5,4,6,2831,63.884666666666675,5.513226577704443,-0.15882916646326622,0.009130845281608157,14731.0,13.945315814612206,6.755751697680807,-0.244187219472602,0.9245111006113714,-6.754208839734227,5.55097515282827,-0.27235105793861564,-0.0795063051736502,51|8|5|66|5|23|68|9|49|5,151,81
94,0.010119074435680431,-2.7996327672494226,-2.8019911932463106,5.513494304128852,5.513786760426486,5.1792979355303155,7,0.23333333333333334,1,8,2861,63.884666666666675,5.513494304128852,-0.15868383687975252,0.00914186235278373,14415.0,14.278266527431484,6.755751697680979,-0.2441158529928456,0.9368190093107105,-6.751597130256451,5.2410072877825495,-0.2649508599503274,-0.07950630517359555,48|8|5|67|5|24|65|9|51|5,150,81
95,0.010017883691323627,-3.0330515024608937,-3.0330515024608937,5.499230277209757,5.499230277209757,5.1792979355303155,7,0.23333333333333334,4,8,2891,63.884666666666675,5.499230277209757,-0.16170844860701208,0.008118008232129464,14608.0,14.361222836717555,6.755527451129029,-0.24791814255246322,0.6806657603299259,-6.994312228321913,5.430323104092119,-0.2631070641887973,-0.07957780845450017,48|6|5|68|5|24|65|8|52|5,151,81
96,0.00991770485441039,-3.0489962441120357,-3.0489962441120357,5.4928141759799525,5.4928141759799525,5.1792979355303155,6,0.2,3,11,2921,63.884666666666675,5.4928141759799525,-0.16196035181444798,0.008101735161646868,14605.0,14.240528197164258,6.755507185034004,-0.2496284502277017,0.6593321708209513,-6.998169926228609,5.427380371196116,-0.2657896360963826,-0.0795842705038509,50|6|5|66|5|23|66|7|52|5,151,81
97,0.009818527805866287,-3.5025412945449688,-3.5025412945449688,5.448229121242502,5.448229121242502,5.1792979355303155,8,0.26666666666666666,3,6,2951,63.884666666666675,5.448229121242502,-0.16657270097676793,0.005964626017888339,14566.0,15.219924916147603,6.7548931060759365,-0.2615132629180259,0.26871402545241574,-7.504793521270138,5.389124843548068,-0.2440214603559371,-0.07978007578983873,53|5|5|64|5|21|66|7|52|6,150,81
98,0.009720342527807624,-3.5609232102237485,-3.574574502387733,5.475672553483813,5.475476543132747,5.1792979355303155,7,0.23333333333333334,4,7,2981,63.884666666666675,5.475672553483813,-0.16796559871564798,0.0058530269977035265,14908.0,12.785828013037596,6.754990722316695,-0.2541978058957512,0.15075003090182124,-7.531249211179221,5.724596393692487,-0.2981219572528169,-0.07974894986427554,53|5|5|63|5|23|69|5|52|6,150,82
99,0.009623139102529548,-3.611146394111328,-3.611146394111328,5.475672553483813,5.475672553483813,5.1792979355303155,6,0.2,4,12,3011,63.884666666666675,5.475672553483813,-0.1680573471043838,0.005863614550054066,14461.0,12.448716427153398,6.754990722316695,-0.2541978058957512,0.14297989377922043,-7.528739323534883,5.286129192187939,-0.30561463524880306,-0.07974894986427554,51|5|5|62|5|23|69|5|51|5,147,82
100,0.009526907711504252,-3.6790760213692555,-3.6790760213692555,5.480265001930674,5.480265001930674,5.1792979355303155,10,0.3333333333333333,8,6,3041,63.884666666666675,5.480265001930674,-0.16810215539892243,0.005869255899281286,13802.0,12.153084987676458,6.755005253290523,-0.2529736201253777,0.13918509588039868,-7.527401983963469,4.639708866032464,-0.3121853710948605,-0.07974431651631789,49|5|5|62|5|24|66|5|50|5,147,80
101,0.00943163863438921,-3.6853766544445463,-3.6916967287845597,5.479554413294862,5.479445139011715,5.1792979355303155,4,0.13333333333333333,1,10,3071,63.884666666666675,5.479554413294862,-0.16814309567078528,0.005858465114842711,13770.0,12.156715063371578,6.755005253290619,-0.2531630381464215,0.13571787939197735,-7.52996004985428,4.608319715141759,-0.3121046886460112,-0.0797443165162873,50|5|5|62|5|24|65|5|50|5,148,79
102,0.009337322248045319,-3.690769030272014,-3.709411476334708,5.48254340044898,5.4793451364032135,5.1792979355303155,4,0.13333333333333333,2,7,3101,63.884666666666675,5.48254340044898,-0.16803720091113222,0.005862323912029416,13671.0,12.106131803006896,6.749626971876128,-0.2523662789483074,0.14468606743763662,-7.529045282487825,4.511209529573637,-0.31322895757585417,-0.08145923593609912,49|5|5|62|5|24|65|5|50|5,148,78
103,0.009243949025564866,-3.7116825845009216,-3.7236051051046664,5.4630103494145645,5.466405212028817,5.1792979355303155,6,0.2,3,6,3131,63.884666666666675,5.4630103494145645,-0.16824235276646443,0.005843861018709672,13613.0,12.184130109640616,6.74957229602324,-0.25757310563455066,0.12731183265431983,-7.5334221003100845,4.454316693584233,-0.31149535890909286,-0.08147666988473176,48|5|5|62|5|22|66|5|50|5,148,76
104,0.009151509535309217,-3.7357971391873903,-3.754632024880588,5.461832778197337,5.4433806824073905,5.1792979355303155,8,0.26666666666666666,3,3,3161,63.884666666666675,5.461832778197337,-0.1679650855974298,0.005870080771143793,13221.0,12.166946121302551,6.749530670167043,-0.2578870048420021,0.15079348669401985,-7.527206439646206,4.069799595173086,-0.31187729206326253,-0.08148994270994449,47|5|5|61|5|21|65|5|50|5,148,74
105,0.009059994439956125,-3.7940322306555685,-3.7940322306555685,5.418928596981273,5.418928596981273,5.1792979355303155,11,0.36666666666666664,6,2,3191,63.884666666666675,5.418928596981273,-0.1679610276173431,0.005844548595012312,12882.0,11.094807799022366,6.7572065668866985,-0.26932375557355026,0.15113715552732307,-7.533259103310458,3.73727077792467,-0.33570675255164134,-0.07904240541419426,49|5|5|59|5|21|65|5|47|5,147,73
106,0.008969394495556565,-3.829817137724471,-3.829817137724471,5.414749854371245,5.414749854371245,5.1792979355303155,9,0.3,6,5,3221,63.884666666666675,5.414749854371245,-0.16854485581495854,0.005815932535000491,12814.0,11.10496442288978,6.75720835292156,-0.270437661870037,0.10169296131291822,-7.540042833210942,3.67056883228192,-0.33548101034831335,-0.07904183591891646,50|5|5|62|5|21|60|5|48|5,146,75
107,0.008879700550601,-3.790205279009968,-3.829817137724471,5.498808930562997,5.414749854371245,5.1792979355303155,7,0.23333333333333334,0,1,3251,63.884666666666675,5.498808930562997,-0.1686729494469738,0.005779049855672325,12702.0,11.687184359360085,6.954890192057393,-0.24803045879843247,0.09084475897384013,-7.548786249826125,3.5607068041644494,-0.3225405280585293,-0.016008982345145487,48|5|5|63|5|22|60|6|47|5,145,76
108,0.00879090354509499,-3.777369029159625,-3.829817137724471,5.417252311990199,5.414749854371245,5.1792979355303155,9,0.3,0,2,3281,63.884666666666675,5.417252311990199,-0.1683171832377724,0.005797948754952066,13140.0,12.210958050877338,6.757228699904089,-0.2697705943909931,0.12097446770412003,-7.54430607232869,3.9903458069809865,-0.31089907823112456,-0.07903534807776713,49|5|5|63|5|20|62|5|49|5,144,77
109,0.008702994509644039,-3.792889751743366,-3.829817137724471,5.417252311990199,5.414749854371245,5.1792979355303155,4,0.13333333333333333,0,5,3311,63.884666666666675,5.417252311990199,-0.1683253830397073,0.005797672966688258,12991.0,12.163694632176824,6.757228699904089,-0.2697705943909931,0.12028002950972572,-7.544371450759215,3.844190073146137,-0.311949560006717,-0.07903534807776713,49|5|5|62|5|20|61|5|50|5,144,76
110,0.008615964564547598,-3.786066702486709,-3.829817137724471,5.431670343869637,5.414749854371245,5.1792979355303155,7,0.23333333333333334,0,5,3341,63.884666666666675,5.431670343869637,-0.16818615746080665,0.005814975966105933,12961.0,11.981136045798806,6.757258905020824,-0.2659272525075008,0.1320709923150384,-7.540269597657522,3.8147627441861003,-0.316007126582322,-0.0790257168708305,49|5|5|61|5|21|63|5|48|5,143,77
111,0.008529804918902121,-3.8120983538846693,-3.829817137724471,5.439720639888573,5.414749854371245,5.1792979355303155,5,0.16666666666666666,0,10,3371,63.884666666666675,5.439720639888573,-0.1681392270465285,0.005808371409180464,12661.0,11.981136045798806,6.757543230526597,-0.26378132578721025,0.1360455117500509,-7.541835275471875,3.5204894545857326,-0.316007126582322,-0.07893505680791812,48|5|5|60|5|22|62|5|48|5,141,77
112,0.0084445068697131,-3.814635684055814,-3.829817137724471,5.439715686585993,5.414749854371245,5.1792979355303155,8,0.26666666666666666,0,4,3401,63.884666666666675,5.439715686585993,-0.16839232135558568,0.0058064604862454105,12758.0,11.881513333378972,6.757543230526595,-0.2637826461640429,0.11461104828512124,-7.5422882793112125,3.6156378182231848,-0.31822135159417,-0.0789350568079187,49|5|5|60|5|22|62|5|48|5,141,76
113,0.008360061801015969,-3.83766268516206,-3.83766268516206,5.439687881896717,5.439687881896717,5.1792979355303155,5,0.16666666666666666,1,6,3431,63.884666666666675,5.439687881896717,-0.16835079383717416,0.005813413682314196,12520.0,11.678459630150273,6.757543230526601,-0.2637900579195271,0.11812799846664374,-7.540639953019744,3.3821810084735597,-0.3227344448187612,-0.07893505680791671,50|5|5|59|5|22|61|5|47|5,140,76
114,0.008276461183005809,-3.8630628063608663,-3.8630628063608663,5.428246894393745,5.428246894393745,5.1792979355303155,9,0.3,4,9,3461,63.884666666666675,5.428246894393745,-0.16818665538027167,0.005814879543419022,12123.0,12.530878965047034,6.757509783815819,-0.26683982413078033,0.13202882369962698,-7.540292455642304,2.99275935523574,-0.30378848193474434,-0.07894572162989774,49|5|5|59|5|20|60|5|46|5,137,75
115,0.008193696571175751,-3.9111469863407122,-3.9212728151037632,5.438269820597267,5.438269820597267,5.1792979355303155,11,0.36666666666666664,7,5,3491,63.884666666666675,5.438269820597267,-0.16845525506526862,0.005819658001599059,11773.0,12.02513172025483,6.757533316908332,-0.26416806335266174,0.10928121567870461,-7.539159673224992,2.649440517368644,-0.3150292740381841,-0.07893821786535878,50|5|5|58|5|22|58|5|44|5,138,74
116,0.008111759605463993,-3.892511251265948,-3.9212728151037632,5.438269820597267,5.438269820597267,5.1792979355303155,9,0.3,0,5,3521,63.884666666666675,5.438269820597267,-0.16828080022616979,0.005846065871616217,11843.0,12.137789551267344,6.757533316908332,-0.26416806335266174,0.12405573150592304,-7.532899417362743,2.718104284942063,-0.31252532909280645,-0.07893821786535878,48|5|5|60|5|22|59|5|43|5,139,73
117,0.008030642009409353,-3.9222103826596495,-3.9222103826596495,5.352637877118364,5.352637877118364,5.1792979355303155,6,0.2,3,2,3551,63.96600000000001,5.352637877118364,-0.1682992970534496,0.005829587528726979,11778.0,12.348404182594924,6.7569005458505424,-0.2869945377070897,0.12248924204188469,-7.53680577719432,2.654345072195317,-0.3078441858753705,-0.07913998331637709,49|5|5|60|5|20|56|5|46|5,138,73
118,0.00795033558931526,-3.898764060691271,-3.9222600569487485,5.371105118295454,5.352637877118364,5.128531701953711,8,0.26666666666666666,1,0,3581,63.884666666666675,5.371105118295454,-0.16829160539059634,0.005831024554165584,11956.0,12.398258450859327,6.756984103955317,-0.2820718185674763,0.1231406461253138,-7.536465115606679,2.8289472240248683,-0.30673611960155517,-0.07911333996964275,48|5|5|61|5|21|57|5|46|5,138,74
119,0.007870832233422106,-3.9333145233050724,-3.9333248484220675,5.371105118295454,5.371105118295454,5.128531701953711,10,0.3333333333333333,2,0,3611,63.884666666666675,5.371105118295454,-0.16832096401822957,0.00584966228687945,11625.0,12.123963296926052,6.756984103955317,-0.2820718185674763,0.12065427480495834,-7.532046850316626,2.5042656944991295,-0.3128326328937072,-0.07911333996964275,48|5|5|59|5|21|57|5|45|5,138,73
120,0.007792123911087885,-3.9618899725432435,-3.9618899725432435,5.384444213646633,5.384444213646633,5.128531701953711,6,0.2,5,2,3641,63.884666666666675,5.384444213646633,-0.1683834335391049,0.005848517364552375,11349.0,11.914669086947338,6.757290344618277,-0.2785160833409371,0.11536375417704765,-7.532318265872113,2.233534268066791,-0.31748442828567425,-0.07901569203723241,48|5|5|58|5|22|56|5|44|5,138,72
121,0.007714202671977006,-3.9813255612354315,-3.9932447462440903,5.353691307404242,5.384444213646633,5.128531701953711,8,0.26666666666666666,3,1,3671,63.92266666666667,5.353691307404242,-0.16799698810383262,0.005851021574743774,11063.0,11.933899928196226,6.756924124359531,-0.2867137301202493,0.14809167522114,-7.531724617216586,1.9529937319811073,-0.31705700156080535,-0.07913246507033549,48|5|5|56|5|20|57|5|43|5,138,70
122,0.007637060645257236,-3.975655688824125,-3.997575973068919,5.332517184969337,5.332450322883885,5.128531701953711,10,0.3333333333333333,1,2,3701,64.15066666666668,5.332517184969337,-0.16776824188854325,0.005844034753245862,11103.0,11.80435476608069,6.756749014317497,-0.2923580089150773,0.16746410762637945,-7.533380914760174,1.9922301705944896,-0.3199362861250652,-0.07918830067813394,49|5|5|54|5|19|58|5|44|5,142,69
123,0.007560690038804664,-3.9628074268905,-3.997575973068919,5.3332271536965585,5.332450322883885,5.128531701953711,6,0.2,0,0,3731,64.15066666666668,5.3332271536965585,-0.1676435187709137,0.005841982510268909,11178.0,11.828115307214816,6.756749014317497,-0.29216875613993315,0.17802686234821122,-7.5338674199618,2.0657984929945816,-0.31940818180832553,-0.07918830067813394,52|5|5|54|5|19|56|5|44|5,141,72
124,0.007485083138416617,-4.016916284013036,-4.029137326701539,5.3233726839809625,5.3259981804585355,5.128531701953711,8,0.26666666666666666,3,0,3761,64.15066666666668,5.3233726839809625,-0.1679969196078391,0.005816675613335469,11060.0,9.854377420625099,6.756694603129134,-0.2947956123235133,0.14809747612150784,-7.539866678886506,1.9500509990851036,-0.36327669019526354,-0.07920565023580625,52|5|5|53|5|18|57|5|43|5,139,72
125,0.007410232307032451,-3.998179218093855,-4.029137326701539,5.325689336139319,5.3259981804585355,5.128531701953711,4,0.13333333333333333,0,0,3791,64.15066666666668,5.325689336139319,-0.16797760651314847,0.0058124970583558035,11170.0,10.48423216793267,6.756740848474186,-0.2941780740669645,0.14973309497079484,-7.540857248110384,2.057951205271905,-0.349277471528718,-0.07919090443985516,51|5|5|53|5|19|57|5|45|5,140,72
126,0.0073361299839621264,-3.9856562470970216,-4.029137326701539,5.325620078661457,5.3259981804585355,5.128531701953711,6,0.2,0,0,3821,64.15066666666668,5.325620078661457,-0.16813587854579398,0.0057935090438535645,11336.0,10.95313680044229,6.756740848474186,-0.29419653568278264,0.1363290950393149,-7.545358551283375,2.220782425517442,-0.33885554724805067,-0.07919090443985516,51|5|5|53|5|19|56|5|48|5,141,72
127,0.007262768684122505,-3.9859175913958196,-4.029137326701539,5.325273596679307,5.3259981804585355,5.128531701953711,3,0.1,0,1,3851,64.15066666666668,5.325273596679307,-0.16828055224253083,0.005785838586920887,11406.0,10.95313680044229,6.756740848474186,-0.29428889563350313,0.12407673314862659,-7.547176911603525,2.289446193090861,-0.33885554724805067,-0.07919090443985516,51|5|5|54|5|18|56|5|48|5,142,71
128,0.00719014099728128,-3.9427264712727776,-4.029137326701539,5.319030769458681,5.3259981804585355,5.128531701953711,7,0.23333333333333334,0,2,3881,64.15066666666668,5.319030769458681,-0.16783612938891107,0.0058942586072891125,11480.0,11.489508550418442,6.756525887450659,-0.29595301453191214,0.16171474031827976,-7.521474836136839,2.3620336045256183,-0.3269340916321781,-0.07925944693611726,51|5|5|56|5|17|55|5|48|5,142,72
129,0.007118239587308468,-3.923317465977369,-4.029137326701539,5.310530396657124,5.3259981804585355,5.128531701953711,10,0.3333333333333333,0,0,3911,64.15066666666668,5.310530396657124,-0.16778859228148515,0.005892416323514293,11671.0,11.593039759820206,6.7564906087527845,-0.2982189159452747,0.1657406403716825,-7.521911568360746,2.549387598904519,-0.32463299595032014,-0.07927069590570948,51|5|5|56|5|16|57|5|48|5,141,73
130,0.007047057191435383,-3.9099382716221665,-4.029137326701539,5.3100596339845145,5.3259981804585355,5.128531701953711,7,0.23333333333333334,0,2,3941,64.15066666666668,5.3100596339845145,-0.16785107148184547,0.005885381763669371,11879.0,11.285402656540072,6.7564906087527845,-0.2983444047714858,0.1604492999917664,-7.523579182768077,2.7534170796941075,-0.33147057095816274,-0.07927069590570948,53|5|5|56|5|16|57|5|48|5,143,73
131,0.006976586619521029,-3.97567498806327,-4.029137326701539,5.332088967488134,5.3259981804585355,5.128531701953711,11,0.36666666666666664,0,0,3971,64.06466666666667,5.332088967488134,-0.16868502754143244,0.00593501410038552,11448.0,11.2908481409347,6.75673253686581,-0.292472156684656,0.08982186961941742,-7.511813329381092,2.3306444536349122,-0.331349539042294,-0.07919355468024143,50|5|5|53|5|18|59|5|47|5,141,72
132,0.0069068207533258185,-4.010609226367834,-4.029137326701539,5.320393243405456,5.3259981804585355,5.128531701953711,8,0.26666666666666666,0,2,4001,64.15066666666668,5.320393243405456,-0.16860953969502585,0.005923297936553986,11109.0,11.257888010166027,6.756699924025205,-0.2955898267384191,0.09621490742368853,-7.514590765927916,1.998115636386497,-0.3320821144176182,-0.07920395361428345,48|5|5|54|5|18|56|5|48|5,141,70
133,0.00683775254579256,-4.042393378969236,-4.049786800509962,5.294517487539668,5.320393243405456,5.128531701953711,11,0.36666666666666664,2,1,4031,64.15066666666668,5.294517487539668,-0.16841970227731878,0.005906247090909238,10892.0,10.385256757876888,6.757196635446621,-0.30248739619294596,0.11229216814628872,-7.518632843397038,1.7852579569088975,-0.3514773095293123,-0.07904557215430005,51|5|5|55|5|17|54|5|44|5,140,69
134,0.006769375020334634,-4.05186574467937,-4.053310218178681,5.294507015663929,5.294507015663929,5.128531701953711,3,0.1,2,1,4061,64.15066666666668,5.294507015663929,-0.16844199694153433,0.005907704648383286,10803.0,10.388336241614159,6.757181643457232,-0.30249018762793256,0.11040404127622498,-7.5182873144802596,1.697956880994122,-0.35140886459593296,-0.07905035250173155,49|5|5|56|5|17|54|5|44|5,140,68
135,0.006701681270131288,-4.0459589301851535,-4.0609892713400555,5.319638988951932,5.319704705001551,5.115286095541285,6,0.2,2,1,4091,64.15066666666668,5.319638988951932,-0.1682637758719669,0.0059034867456599594,10703.0,10.569254374031845,6.756926224102206,-0.2957908845357855,0.1254975177694518,-7.519287211489483,1.5998657844606659,-0.3473877589246893,-0.07913179554614883,52|5|5|55|5|18|50|5|45|5,141,67
136,0.006634664457429975,-4.045245757299803,-4.0609892713400555,5.323941783921845,5.319704705001551,5.115286095541285,6,0.2,0,0,4121,64.15066666666668,5.323941783921845,-0.16770968461228458,0.005917512194846878,10429.0,10.687793665904138,6.756929331818468,-0.2946439102287352,0.17242330170406486,-7.515962335214492,1.3310961799589967,-0.34475309200411536,-0.07913080461939018,52|5|5|54|5|18|50|6|43|5,142,66
137,0.006568317812855676,-4.108240581812943,-4.108240581812943,5.344318713182603,5.344318713182603,5.115286095541285,3,0.1,2,0,4151,64.15066666666668,5.344318713182603,-0.16845005150540632,0.005781446850897159,10292.0,10.009883139824437,6.757080350053438,-0.2892121351890004,0.10972190323968388,-7.548218017575727,1.1967113777081622,-0.359820403525558,-0.07908265092791587,51|5|5|54|5|20|49|5|43|5,142,66
138,0.006502634634727119,-4.154280546164353,-4.154280546164353,5.323069823712458,5.323069823712458,5.115286095541285,6,0.2,4,3,4181,64.15066666666668,5.323069823712458,-0.16802868587659525,0.005497628446167782,10098.0,9.518231748115465,6.756553753448207,-0.2948763442545094,0.14540720256455916,-7.615500075192152,1.0064146504332576,-0.3707478996977577,-0.07925056158098882,52|5|5|52|5|20|49|5|42|5,142,64
139,0.006437608288379848,-4.186692684964049,-4.186692684964049,5.330533334998871,5.330533334998871,5.115286095541285,6,0.2,4,0,4211,64.15066666666668,5.330533334998871,-0.168087307330533,0.005498302521093712,9829.0,8.945183436371845,6.761293063877844,-0.292886833774518,0.14044257330295834,-7.615340278832055,0.7425496007582613,-0.3834845324799764,-0.07773938452164016,52|5|5|50|5|20|50|5|40|5,143,61
140,0.006373232205496049,-4.20282735241353,-4.20282735241353,5.411422148027871,5.411422148027871,5.115286095541285,10,0.3333333333333333,3,6,4241,63.884666666666675,5.411422148027871,-0.16846915634299067,0.005472495338572565,9657.0,8.792738247295661,6.761903142255377,-0.27132471173040623,0.10810392160773515,-7.621458135575563,0.5738329147207171,-0.38687279548134773,-0.07754485486121378,53|5|5|49|5|20|49|5|39|5,143,61
141,0.006309499883441089,-4.246447595058217,-4.246447595058217,5.403757889877571,5.403757889877571,5.115286095541285,6,0.2,5,7,4271,63.884666666666675,5.403757889877571,-0.16848455692082562,0.0054742438510874784,9239.0,8.849008113734424,6.757163831825744,-0.27336773428724714,0.10679965236449679,-7.62104363278853,0.16381213121087138,-0.3856221354395193,-0.0790560319205613,51|5|5|48|5|20|47|5|40|5,142,59
142,0.006246404884606678,-4.273265977832729,-4.273265977832729,5.403586106711059,5.403586106711059,5.115286095541285,6,0.2,4,9,4301,63.884666666666675,5.403586106711059,-0.16849735455821496,0.005475236683475327,8972.0,8.83478739723199,6.757163831825748,-0.2734135256576821,0.10571582518528766,-7.620808271709723,-0.09809109653345591,-0.3859382065984072,-0.07905603192055989,51|5|5|47|5|20|46|5|39|5,142,58
143,0.0061839408357606115,-4.2768132394141505,-4.292880476458149,5.407571933838232,5.407244902088763,5.115286095541285,6,0.2,3,8,4331,63.884666666666675,5.407571933838232,-0.1680266169089651,0.005505071186989333,8674.0,8.938060915967428,6.757189757554707,-0.27235104386638637,0.1455824226682592,-7.613735697306732,-0.3904025642031545,-0.3836428383767321,-0.07904776523969319,51|5|5|46|5|21|44|6|38|5,141,58
144,0.006122101427403005,-4.312973799728765,-4.312973799728765,5.39420971556488,5.39420971556488,5.115286095541285,6,0.2,4,9,4361,63.884666666666675,5.39420971556488,-0.16837919950555863,0.0054742558659820854,8532.0,8.931004911825605,6.757135041532968,-0.2759129428534167,0.11572233291275633,-7.621040784534796,-0.5296919212806619,-0.3837996658759542,-0.07906521199657032,48|5|5|46|5|21|45|5|39|5,141,57
145,0.006060880413128975,-4.320526907307639,-4.320526907307639,5.39420072943578,5.39420072943578,5.115286095541285,8,0.26666666666666666,1,6,4391,63.884666666666675,5.39420072943578,-0.168419241999814,0.00547593529020021,8459.0,9.03056958591489,6.757135041532967,-0.27591533824043146,0.11233114887800338,-7.62064265983561,-0.6012984217500847,-0.3815867308302196,-0.0790652119965706,48|5|5|47|5|21|44|5|38|5,141,56
146,0.006000271608997685,-4.327382437965966,-4.332420682188196,5.393419809165514,5.39420072943578,5.115286095541285,9,0.3,1,6,4421,63.884666666666675,5.393419809165514,-0.16860877909643673,0.005471834749324017,8585.0,8.018583566529617,6.761847845229357,-0.27612350420978693,0.0962793222370066,-7.6216147350178165,-0.47770364011793026,-0.4040792398307803,-0.0775624868771814,48|5|5|49|5|19|45|5|37|5,141,56
147,0.005940268892907708,-4.36079363744642,-4.371187076293912,5.393183443375036,5.393041754622415,5.115286095541285,7,0.23333333333333334,4,1,4451,63.884666666666675,5.393183443375036,-0.16879184086051846,0.005478404423638357,8324.0,7.9489893567846535,6.761847845229354,-0.2761865110438656,0.08077588911497269,-7.6200573264834395,-0.7337214020702502,-0.4056260481454113,-0.07756248687718253,46|5|5|49|5|19|45|5|36|5,138,57
148,0.005880866203978631,-4.344755493835344,-4.371187076293912,5.388547604751511,5.393041754622415,5.115286095541285,3,0.1,0,2,4481,63.884666666666675,5.388547604751511,-0.1687456098875835,0.0054856263142409704,8471.0,7.952550750575936,6.7618558298521805,-0.27742226311432083,0.0846911731212154,-7.618345303402737,-0.58952749016607,-0.40554689222786855,-0.07755994089944532,47|5|5|49|5|18|46|5|36|5,138,58
149,0.005822057541938845,-4.392461104278457,-4.392461104278457,5.410343562740237,5.410343562740237,5.115286095541285,10,0.3333333333333333,5,2,4511,63.884666666666675,5.410343562740237,-0.16914969908240007,0.005490720882090242,8229.0,6.554773759846998,6.776051328779079,-0.27161222475892116,0.05046900860422509,-7.617137583953071,-0.8269079437770334,-0.4366140324279328,-0.0730335625068859,46|5|5|49|5|17|47|5|33|5,136,57
150,0.005763836966519456,-4.380737296817476,-4.401011424039529,5.435174960708343,5.435174960708343,5.115286095541285,3,0.1,1,1,4541,63.884666666666675,5.435174960708343,-0.16921141613595214,0.005487320664480718,8356.0,5.972429203202162,6.789443467447091,-0.2649930445105688,0.04524221415573333,-7.617943640337365,-0.7023322511795443,-0.4495572845389828,-0.06876334365729099,47|5|5|50|5|17|47|5|32|5,137,57
151,0.005706198596854261,-4.371350891482703,-4.401011424039529,5.4391698868469085,5.435174960708343,5.074737230089903,2,0.06666666666666667,0,3,4571,63.884666666666675,5.4391698868469085,-0.16902868672085183,0.005486595018141283,8356.0,6.028483448150977,6.789737840416106,-0.26392813724179637,0.0607175007654005,-7.618115662228846,-0.7023322511795443,-0.4483114169233445,-0.06866947985911351,47|5|5|50|5|17|47|5|32|5,137,57
152,0.005649136610885719,-4.37177670863313,-4.401011424039529,5.448375626969626,5.435174960708343,4.847181108756787,4,0.13333333333333333,0,2,4601,63.884666666666675,5.448375626969626,-0.16899738740664802,0.0054901798068475996,8307.0,6.043908439078889,6.789769397322373,-0.2614742096268461,0.0633682281139457,-7.6172658513770415,-0.7503968884809377,-0.44796857943287166,-0.06865941762041393,46|5|5|50|5|19|46|5|33|5,137,56
153,0.005592645244776861,-4.399331717941229,-4.401011424039529,5.428886441693265,5.435174960708343,4.847181108756787,10,0.3333333333333333,0,1,4631,63.884666666666675,5.428886441693265,-0.16887803146345812,0.005486308567434732,8059.0,5.946236569476758,6.78009055763295,-0.26666934323968,0.07347643881673245,-7.618183568300551,-0.9936628078839084,-0.4501394448045712,-0.07174561353792659,46|5|5|48|5|20|45|5|33|5,136,56
154,0.0055367187923290925,-4.427446931244969,-4.427935054394106,5.397012045219676,5.396928917952615,4.847181108756787,11,0.36666666666666664,5,2,4661,63.884666666666675,5.397012045219676,-0.16893714201469748,0.00548839432673223,7935.0,5.80717180592219,6.757170874478621,-0.275165940001454,0.06847038808547838,-7.6176891177121115,-1.1152957675853936,-0.45323031304384975,-0.07905378629946856,45|5|5|47|5|22|44|5|34|5,136,55
155,0.005481351604405801,-4.423473270636528,-4.428519986102342,5.404895814063047,5.3970504653971,4.847181108756787,2,0.06666666666666667,1,2,4691,63.884666666666675,5.404895814063047,-0.16899308784082975,0.005486719657689399,7980.0,5.8089102697008865,6.7572098859131104,-0.2730644035886575,0.06373235675354254,-7.618086115148327,-1.0711547741453384,-0.45319167376283165,-0.07904134710905734,44|5|5|47|5|23|45|5|34|5,136,55
156,0.005426538088361743,-4.428074552370283,-4.4288823821780365,5.402037656438263,5.402037656438263,4.847181108756787,9,0.3,1,0,4721,63.884666666666675,5.402037656438263,-0.16901550056272177,0.005489593403535349,7983.0,5.491873739889984,6.757197407544196,-0.2738262882204027,0.06183423162250471,-7.617404864283829,-1.0682120412493348,-0.46023816142538837,-0.07904532596317994,46|5|5|47|5|22|45|5|32|5,133,57
157,0.0053722727074781255,-4.441850096599581,-4.441850096599581,5.401951484928659,5.401951484928659,4.847181108756787,8,0.26666666666666666,3,1,4751,63.884666666666675,5.401951484928659,-0.16888947212075883,0.005498235595841438,7726.0,5.950417997010172,6.757197407544207,-0.27384925852417175,0.07250753377955296,-7.615356144148063,-1.3203061593403165,-0.4500465079510683,-0.07904532596317654,45|5|5|48|5|22|42|5|32|5,132,56
158,0.005318549980403344,-4.442747972156104,-4.442747972156104,5.435401234704023,5.435401234704023,4.847181108756787,7,0.23333333333333334,1,2,4781,63.884666666666675,5.435401234704023,-0.1692883807776327,0.005425032560730965,7705.0,5.97388718763138,6.8672969109644235,-0.2649327277952214,0.03872410710568284,-7.632709672826712,-1.3409052896123423,-0.4495248792218453,-0.04393898585642142,46|5|5|46|5|22|42|5|33|6,132,56
159,0.005265364480599311,-4.450969026281189,-4.45425856969421,5.435266988616692,5.435266988616692,4.847181108756787,5,0.16666666666666666,4,4,4811,63.884666666666675,5.435266988616692,-0.1693564837276295,0.005417507974125488,7660.0,5.974294589776804,6.867296910964422,-0.2649685130961868,0.03295649344815747,-7.634493453092872,-1.3850462830523975,-0.44951582425839004,-0.04393898585642199,43|5|5|47|5|21|44|5|33|6,132,56
160,0.005212710835793318,-4.461608928318331,-4.461608928318331,5.435276969614543,5.435276969614543,4.83930848086854,2,0.06666666666666667,1,6,4841,63.884666666666675,5.435276969614543,-0.16940396137606195,0.0054183345759970135,7571.0,5.974294589776804,6.867296910964417,-0.26496585251203764,0.028935628954928065,-7.634297498659267,-1.4723473589671732,-0.44951582425839004,-0.043938985856423404,42|5|5|46|5|21|45|5|33|6,131,56
161,0.005160583727435384,-4.4626008614909445,-4.467144751453698,5.420432367468541,5.428497050785264,4.83930848086854,3,0.1,1,3,4871,63.84533333333334,5.420432367468541,-0.1694959718816907,0.00541839630486566,7642.0,5.965142423717712,6.867241771851505,-0.2689229030754281,0.021143293249571243,-7.634282865199181,-1.4027026804284195,-0.449719241275538,-0.04395656752019971,42|5|5|48|5|20|45|5|32|5,131,55
162,0.005108977890161031,-4.450498339843281,-4.467144751453698,5.420585419303821,5.428497050785264,4.83930848086854,3,0.1,0,6,4901,63.84533333333334,5.420585419303821,-0.16950089536209603,0.005419405979189239,7767.0,5.955167071378193,6.86724177185149,-0.26888210482128383,0.02072632551425638,-7.634043511567138,-1.2800888097615997,-0.4499409545185892,-0.04395656752020453,42|5|5|49|5|20|46|5|31|5,132,55
163,0.00505788811125942,-4.4407628309008,-4.467144751453698,5.420585419303821,5.428497050785264,4.83930848086854,2,0.06666666666666667,0,2,4931,63.84533333333334,5.420585419303821,-0.16938375364466746,0.00542562063504899,7767.0,6.318572213094684,6.86724177185149,-0.26888210482128383,0.030647014255917024,-7.632570263790902,-1.2800888097615997,-0.4418638731515231,-0.04395656752020453,42|5|5|49|5|20|46|5|31|5,132,55
164,0.005007309230146826,-4.431569697595951,-4.467144751453698,5.417133423312011,5.428497050785264,4.83930848086854,4,0.13333333333333333,0,3,4961,63.84533333333334,5.417133423312011,-0.16945772737002854,0.005421920419123679,7955.0,5.894756276145515,6.866947398882488,-0.269802285945026,0.02438220680321908,-7.633447437846326,-1.0956775482787025,-0.45128365128462494,-0.04405043131837805,42|5|5|48|5|20|49|5|31|5,133,56
165,0.004957236137845358,-4.461664677475349,-4.467144751453698,5.435282489909674,5.428497050785264,4.83930848086854,7,0.23333333333333334,0,4,4991,63.84533333333334,5.435282489909674,-0.16975246162945598,0.005429480074416685,7740.0,5.7280756794310355,6.864397391467211,-0.2649643809948666,-0.0005787286642528438,-7.631655344188872,-1.3065734058256326,-0.45498831197163386,-0.04486352697107844,44|5|5|47|5|19|47|5|30|5,132,55
166,0.004907663776466904,-4.449333360704278,-4.470529716715343,5.43423242513867,5.438381818852573,4.83930848086854,10,0.3333333333333333,1,2,5021,63.84533333333334,5.43423242513867,-0.16998626615374673,0.005422952946191983,7985.0,5.656965410629862,6.864668553747506,-0.2652442914534177,-0.020379547388759394,-7.6332026667372554,-1.0662502193186658,-0.45656881637624436,-0.04477706413573018,45|5|5|48|5|17|49|5|29|5,132,55
167,0.004858587138702236,-4.448423405381788,-4.470529716715343,5.434299780778001,5.438381818852573,4.83930848086854,4,0.13333333333333333,0,2,5051,63.84533333333334,5.434299780778001,-0.1700698466366837,0.005412338911065648,8043.0,5.656965410629862,6.864668553747476,-0.26522633680108415,-0.027457947588934918,-7.635718832394637,-1.0093573833292613,-0.45656881637624436,-0.04477706413573952,46|5|5|49|5|16|48|5|29|5,131,56
168,0.004810001267315213,-4.491982803317793,-4.491982803317793,5.437782566280538,5.437782566280538,4.83930848086854,8,0.26666666666666666,3,0,5081,63.84533333333334,5.437782566280538,-0.17016947215437797,0.0054159372421558345,7618.0,5.750294914695716,6.8643917385719435,-0.26429794827309006,-0.03589519585084693,-7.634865811182134,-1.426244543596449,-0.4544944648832324,-0.04486532945390245,43|5|5|48|5|18|46|5|30|5,129,55
169,0.004761901254642061,-4.524164620811765,-4.524164620811765,5.449761050293104,5.449761050293104,4.83930848086854,5,0.16666666666666666,5,3,5111,63.84533333333334,5.449761050293104,-0.17028396824729597,0.0054190132018280155,7300.0,5.750294914695716,6.866284915431696,-0.2611049043340006,-0.04559182763079577,-7.634136623460546,-1.7381742305728387,-0.4544944648832324,-0.04426167086638781,40|5|5|47|5|21|45|5|30|5,129,53
170,0.00471428224209564,-4.543922746697513,-4.543922746697513,5.454132131222627,5.454132131222627,4.83930848086854,4,0.13333333333333333,3,4,5141,63.84533333333334,5.454132131222627,-0.17031845677407514,0.005418397454386964,7108.0,5.6998911321569725,6.86630826438208,-0.25993972738384225,-0.0485126482132944,-7.634282592693392,-1.926509135917074,-0.45561474471980923,-0.04425422581742895,40|5|5|47|5|22|43|5|29|5,127,53
171,0.004667139419674684,-4.539744113822423,-4.54917849594274,5.453924653416223,5.453924653416223,4.83930848086854,4,0.13333333333333333,2,4,5171,63.84533333333334,5.453924653416223,-0.1702811735794448,0.005415821403376109,7123.0,5.833896025701369,6.866308006376067,-0.25999503369401794,-0.04535514824367116,-7.634893271950434,-1.9117954714370557,-0.45263633769003886,-0.04425430808525542,40|5|5|47|5|22|41|5|32|5,127,53
172,0.004620468025477937,-4.562443305190631,-4.564483486931555,5.466339147409498,5.4625700741168295,4.83930848086854,6,0.2,3,8,5201,63.84533333333334,5.466339147409498,-0.170623252004672,0.0054106140638805885,7091.0,5.134271869791439,6.8663574922397235,-0.25668576477814314,-0.07432564360955564,-7.636127725073021,-1.9431846223277616,-0.4681862586596712,-0.04423852901717575,41|5|5|47|5|24|40|5|30|5,127,53
173,0.004574263345223157,-4.590494709791466,-4.6000205562989045,5.476368038840887,5.466339147409498,4.83930848086854,4,0.13333333333333333,3,8,5231,63.884666666666675,5.476368038840887,-0.17063352834685971,0.005446124311806666,6838.0,4.262925971945134,6.866368288351621,-0.2540124138793824,-0.07519594323026409,-7.627709657368025,-2.191355096557405,-0.4875528853466829,-0.04423508656771557,41|5|5|46|5|24|40|5|27|6,125,53
174,0.0045285207117709255,-4.61974358034585,-4.61974358034585,5.472334864421487,5.472334864421487,4.83930848086854,7,0.23333333333333334,1,4,5261,63.884666666666675,5.472334864421487,-0.17077195074692555,0.005422219450335569,6630.0,4.3459284303552845,6.866378867810327,-0.25508751679905445,-0.08691888511699312,-7.633376549437075,-2.3953845773469933,-0.48570806386980814,-0.044231713200316776,40|5|5|45|5|23|40|6|27|6,125,51
175,0.004483235504653216,-4.642595244074904,-4.642595244074904,5.469579565446629,5.469579565446629,4.83930848086854,3,0.1,3,6,5291,63.884666666666675,5.469579565446629,-0.17098726524703958,0.00542821065430067,6490.0,4.3459284303552845,6.866522319459272,-0.25582198292037855,-0.10515379052974613,-7.631956273219413,-2.5327121124938317,-0.48570806386980814,-0.044185972191317584,37|5|5|46|5|23|40|6|27|6,124,50
176,0.004438403149606684,-4.685066250142275,-4.685066250142275,5.455245817355842,5.455245817355842,4.83930848086854,5,0.16666666666666666,5,7,5321,63.84533333333334,5.455245817355842,-0.17169536226999377,0.0053292367786935985,6553.0,4.066038354919952,6.86649839404095,-0.2596428577003347,-0.16512226561982826,-7.655419043392706,-2.4709147216777545,-0.4919289304828874,-0.044193601052908406,38|5|5|46|5|22|40|5|28|5,124,49
177,0.0043940191181106175,-4.683871137237836,-4.685066250142275,5.455245817355842,5.455245817355842,4.83930848086854,2,0.06666666666666667,0,5,5351,63.84533333333334,5.455245817355842,-0.17169969342167685,0.005329327481137384,6567.0,4.065542397525239,6.86649839404095,-0.2596428577003347,-0.16548906925463877,-7.6553975414501005,-2.4571819681630704,-0.49193995368474075,-0.044193601052908406,38|5|5|47|5|22|39|5|28|5,125,49
178,0.004350078926929512,-4.693354435128619,-4.693354435128619,5.454075380434743,5.454075380434743,4.83930848086854,3,0.1,2,9,5381,63.84533333333334,5.454075380434743,-0.17176360435058474,0.0053272875054471225,6492.0,4.1675509822563495,6.86649839404117,-0.25995485515452693,-0.17090166219593844,-7.655881138565866,-2.5307502905631627,-0.48967270002090785,-0.04419360105283817,37|5|5|48|5|22|37|5|29|5,124,49
179,0.004306578137660217,-4.686254122710136,-4.693354435128619,5.455658404992386,5.454075380434743,4.83930848086854,6,0.2,0,4,5411,63.84533333333334,5.455658404992386,-0.17186849367154608,0.005325047306925177,6607.0,4.176990994900541,6.86649839404088,-0.25953287629944727,-0.17978470001050723,-7.6564122005530875,-2.417945529549688,-0.48946288529491605,-0.04419360105293078,38|5|5|49|5|22|37|5|28|5,125,49
180,0.004263512356283614,-4.690306431081513,-4.693996158574138,5.454808582275381,5.454808582275381,4.83930848086854,4,0.13333333333333333,1,6,5441,63.84533333333334,5.454808582275381,-0.17189684311421458,0.005327167866874703,6558.0,4.350641741921046,6.8664983940410265,-0.259759409245769,-0.18218560382929563,-7.655909500113913,-2.4660101668510817,-0.4856033053051792,-0.04419360105288405,37|5|5|50|5|22|36|5|28|5,124,49
181,0.004220877232720778,-4.6867563131322525,-4.693996158574138,5.464277517340248,5.454808582275381,4.83930848086854,5,0.16666666666666666,0,6,5471,63.84533333333334,5.464277517340248,-0.17174156333545762,0.005361802684955093,6483.0,4.142525032790974,6.866593191204453,-0.2572353230853844,-0.16903501677339938,-7.647698962013536,-2.5395784892511735,-0.4902289294379302,-0.0441633740186375,38|5|5|50|5|23|34|5|27|5,124,48
182,0.0041786684603935705,-4.699386374409558,-4.699386374409558,5.464277517340248,5.464277517340248,4.83930848086854,3,0.1,1,3,5501,63.84533333333334,5.464277517340248,-0.1717208560464819,0.005361040574394929,6342.0,4.179802822751503,6.866593191204453,-0.2572353230853844,-0.1672813241255438,-7.647879628121738,-2.6778869353633463,-0.4894003893097598,-0.0441633740186375,38|5|5|48|5|23|34|5|28|5,123,48
183,0.004136881775789635,-4.724316081930259,-4.724316081930259,5.461875441494889,5.461875441494889,4.83930848086854,5,0.16666666666666666,5,5,5531,63.84533333333334,5.461875441494889,-0.17166987822288945,0.005363834513568684,6072.0,4.153450159239332,6.86658217607888,-0.25787563230241145,-0.162964031092032,-7.647217296245676,-2.9427328960036774,-0.48998610641442525,-0.044166886302823054,37|5|5|47|5|22|34|5|27|5,121,47
184,0.004095512958031739,-4.708619751363436,-4.724316081930259,5.480052638959632,5.461875441494889,4.83930848086854,13,0.43333333333333335,0,9,5561,63.84533333333334,5.480052638959632,-0.17161971563749076,0.005399065073772505,6139.0,3.970854104168033,6.866632450696616,-0.2530302286491994,-0.15871578027975547,-7.638865531377742,-2.877011861326262,-0.49404450577319586,-0.044150855732528325,34|5|5|48|5|23|36|5|27|5,123,47
185,0.0040545578284514215,-4.703677081244764,-4.724316081930259,5.475851079666006,5.461875441494889,4.83930848086854,5,0.16666666666666666,0,8,5591,63.84533333333334,5.475851079666006,-0.17173127644333086,0.005401608134791673,6252.0,3.917229205535109,6.866612964835824,-0.2541502170737081,-0.16816382368225452,-7.638262672735868,-2.7661689222434567,-0.4952363784789946,-0.04415706899630339,33|5|5|48|5|22|39|5|27|5,123,48
186,0.004014012250166907,-4.728252167830075,-4.728252167830075,5.471807477315352,5.471807477315352,4.83930848086854,4,0.13333333333333333,2,2,5621,63.84533333333334,5.471807477315352,-0.17177098805661956,0.005402172553032164,6029.0,3.9167412822828,6.8665954854659335,-0.2552280997143076,-0.1715269855302661,-7.63812887161535,-2.984912067513063,-0.4952472231131436,-0.04416264247016252,34|5|5|47|5|21|37|5|27|5,122,46
187,0.003973872127665238,-4.723944253790833,-4.731365327441332,5.474014167995998,5.474014167995998,4.83930848086854,3,0.1,1,4,5651,63.84533333333334,5.474014167995998,-0.17180155957801999,0.0054017895897093835,6072.0,3.992321373022052,6.866606669340612,-0.25463987333308186,-0.17411607637535811,-7.638219656990501,-2.9427328960036774,-0.49356737197029044,-0.044159076378618156,34|5|5|47|5|22|37|5|27|5,123,46
188,0.003934133406388585,-4.749485705352976,-4.749485705352976,5.4711772685129665,5.4711772685129665,4.83930848086854,6,0.2,4,4,5681,63.84533333333334,5.4711772685129665,-0.1722402703340124,0.005392833326531556,6039.0,3.8193752563556904,6.866684727218473,-0.2553960912894273,-0.21127032810871774,-7.640342830840813,-2.975102957859718,-0.4974112907707627,-0.04413418683485937,32|5|5|47|5|22|39|5|26|5,121,46
189,0.0038947920723246994,-4.761819364312918,-4.761819364312918,5.472335207212535,5.472335207212535,4.83930848086854,3,0.1,2,7,5711,63.84533333333334,5.472335207212535,-0.17239940385175492,0.005388601425976499,6010.0,3.589231846429434,6.866684727218682,-0.2550874254229774,-0.22474728689457182,-7.641346046179311,-3.00354937585442,-0.5025264827003216,-0.04413418683479281,30|5|5|48|5|22|39|5|26|5,121,45
190,0.0038558441516014525,-4.777886026174789,-4.777886026174789,5.469132083468333,5.469132083468333,4.83930848086854,4,0.13333333333333333,3,9,5741,63.84533333333334,5.469132083468333,-0.17240746333681428,0.0053881089466155125,5856.0,3.6155845099416046,6.866684727218805,-0.25594126592957656,-0.22542984170465227,-7.641462793452175,-3.154609664515942,-0.5019407655956561,-0.044134186834753446,29|5|5|47|5|22|39|5|26|5,118,45
191,0.003817285710085438,-4.770317294349722,-4.777886026174789,5.469132083468333,5.469132083468333,4.83930848086854,2,0.06666666666666667,0,6,5771,63.84533333333334,5.469132083468333,-0.17243840195901453,0.005384398226357017,5951.0,3.6155845099416046,6.866684727218805,-0.25594126592957656,-0.22805002218076315,-7.6423424576672865,-3.061423122809159,-0.5019407655956561,-0.044134186834753446,29|5|5|48|5|22|39|5|26|5,118,46
192,0.003779112852984584,-4.775944496495172,-4.777886026174789,5.466933256616039,5.469132083468333,4.83930848086854,5,0.16666666666666666,0,7,5801,63.84533333333334,5.466933256616039,-0.17250199330570956,0.0053836343732584216,5928.0,3.6155845099416046,6.866674231414806,-0.25652739608982555,-0.23343554982260548,-7.6425235368620585,-3.0839840750118537,-0.5019407655956561,-0.04413753352800315,29|5|5|49|5|21|38|5|26|5,118,45
193,0.003741321724454738,-4.76793564733258,-4.785459332858919,5.466933256616039,5.466933256616039,4.83930848086854,5,0.16666666666666666,1,6,5831,63.84533333333334,5.466933256616039,-0.17238553808807872,0.0053807589221167,5933.0,3.879053649969292,6.866674231414806,-0.25652739608982555,-0.22357300049501524,-7.6432051919843715,-3.079079520185181,-0.49608487244108224,-0.04413753352800315,29|5|5|46|5|21|41|5|27|5,119,46
194,0.0037039085072101906,-4.765229588186225,-4.785459332858919,5.4611856899060625,5.466933256616039,4.83930848086854,3,0.1,0,8,5861,63.84533333333334,5.4611856899060625,-0.1723857398160636,0.005383396342540112,5975.0,3.862822785113385,6.8666405849763565,-0.2580594958971592,-0.22359008476347508,-7.64257996447999,-3.0378812596411295,-0.49644562137127024,-0.04414826203517075,29|5|5|46|5|20|42|5|27|5,119,45
195,0.0036668694221380885,-4.7887056086834585,-4.7887056086834585,5.396038971495396,5.396038971495396,4.83930848086854,7,0.23333333333333334,1,1,5891,64.02533333333334,5.396038971495396,-0.1721584098436037,0.005397686122637152,5802.0,3.827332245325339,6.866226384134836,-0.27542532734582414,-0.2043375934398787,-7.639192425857427,-3.2075788566440084,-0.4972344378868405,-0.04428033416232124,30|5|5|44|5|20|40|5|29|5,119,45
196,0.0036302007279167075,-4.787474434753578,-4.796163327567335,5.394332596610056,5.396038971495396,4.83930848086854,4,0.13333333333333333,1,2,5921,64.02533333333334,5.394332596610056,-0.17217531891133242,0.005409284592581298,5812.0,3.8303846256770613,6.86630444201275,-0.2758801870742951,-0.20576961613453126,-7.6364428898511605,-3.1977697469906627,-0.49716659535619373,-0.04425544461854545,30|5|5|45|5|20|39|5|29|5,120,45
197,0.0035938987206375404,-4.810972131584318,-4.810972131584318,5.368813682552885,5.368813682552885,4.83930848086854,7,0.23333333333333334,5,0,5951,64.11133333333333,5.368813682552885,-0.17236231389743026,0.005408660222528878,5780.0,3.324963663851217,6.866635063629812,-0.28268263501152296,-0.22160615237499504,-7.63659090316228,-3.229158897881369,-0.5084001354596879,-0.04415002257235406,28|5|5|45|5|18|41|5|29|5,119,45
198,0.003557959733431165,-4.8166035878645035,-4.8166035878645035,5.374155532218385,5.374155532218385,4.83930848086854,5,0.16666666666666666,2,2,5981,64.11133333333333,5.374155532218385,-0.17251419508318422,0.005415887241696928,5781.0,3.1825330815456097,6.86666079720951,-0.28125868514607594,-0.23446891384592952,-7.634877664302653,-3.228177986916034,-0.5115658127448445,-0.04414181716022242,26|5|5|47|5|19|41|5|27|5,118,45
199,0.0035223801360968533,-4.821914998318952,-4.821914998318952,5.37370659422392,5.37370659422392,4.83930848086854,2,0.06666666666666667,1,1,6011,64.11133333333333,5.37370659422392,-0.17252677061605132,0.005419360272541003,5730.0,3.1763922364959427,6.866660797209643,-0.28137835627814484,-0.2355339310752618,-7.634054346795893,-3.2782044461480964,-0.5117022998206586,-0.04414181716018022,25|5|5|47|5|19|41|5|27|5,117,45
200,0.0034871563347358848,-5.0232785354391485,-5.0232785354391485,5.046573252182401,5.046573252182401,4.83930848086854,5,0.16666666666666666,5,3,6041,62.481333333333346,5.046573252182401,-0.17427806577211652,0.005259621046588508,5547.0,2.9029170948579877,6.866163637013192,-0.36858063780091355,-0.3838504703875203,-7.6719221651792235,-3.457711152804321,-0.5177805874322383,-0.04430034171662199,24|5|5|47|5|19|40|5|26|5,117,42
201,0.003452284771388526,-5.03721141628321,-5.03721141628321,5.04704871352194,5.04704871352194,4.83930848086854,5,0.16666666666666666,3,7,6071,62.481333333333346,5.04704871352194,-0.17422953200045105,0.005258558641288167,5384.0,2.9029170948579877,6.86616363701305,-0.36845389647480786,-0.37974016320813697,-7.672174019228991,-3.617599640153854,-0.5177805874322383,-0.0443003417166673,26|5|5|45|5|19|39|5|26|5,115,42
202,0.0034177619236746407,-5.070919218708992,-5.070919218708992,5.034175649234326,5.034175649234326,4.83930848086854,9,0.3,6,10,6101,62.481333333333346,5.034175649234326,-0.1749548628120576,0.005277358848300717,5386.0,2.72494321825949,6.866106964033805,-0.37188540415624366,-0.44116816148784604,-7.667717237743571,-3.6156378182231848,-0.5217362537602059,-0.04431841246923583,30|5|5|46|5|18|36|5|25|5,115,43
203,0.0033835843044378944,-5.13302206390619,-5.13302206390619,5.005123710649646,5.005123710649646,4.83930848086854,6,0.2,5,4,6131,62.481333333333346,5.005123710649646,-0.1756644313326366,0.005262533670285225,5183.0,2.466323929451961,6.867560288985037,-0.37962963258442367,-0.5012612571677594,-7.671231697922302,-3.8147627441861003,-0.5274843536052567,-0.0438550051109951,31|5|5|44|5|17|36|5|24|5,113,42
204,0.0033497484613935155,-5.148497912801249,-5.148497912801249,5.005470315309891,5.005470315309891,4.83930848086854,5,0.16666666666666666,3,3,6161,62.481333333333346,5.005470315309891,-0.17571854401151626,0.005293481172710739,5024.0,2.318230842029418,6.869424363191382,-0.3795372399320234,-0.5058440399365877,-7.66389527573621,-3.970727587674295,-0.5307758863319595,-0.04326062619883577,30|5|5|45|5|17|34|5|23|5,111,41
205,0.00331625097677958,-5.149193836527512,-5.149193836527512,5.005470315309891,5.005470315309891,4.83930848086854,5,0.16666666666666666,1,1,6191,62.481333333333346,5.005470315309891,-0.17573514113048322,0.005293539201915188,5024.0,2.318230842029418,6.869424363191382,-0.3795372399320234,-0.507249643805934,-7.663881519319388,-3.970727587674295,-0.5307758863319595,-0.04326062619883577,30|5|5|45|5|17|34|5|23|5,111,41
206,0.0032830884670117843,-5.175682577279115,-5.175682577279115,5.02049349310829,5.02049349310829,4.83930848086854,6,0.2,4,6,6221,62.481333333333346,5.02049349310829,-0.17587210016414895,0.005289974445843127,4795.0,2.1544550869572983,6.869496823711909,-0.3755325873595676,-0.518848653733245,-7.664726581230216,-4.195356198735909,-0.5344159836993825,-0.043237521429069274,30|5|5|43|5|18|34|5|21|5,111,41
207,0.0032502575823416665,-5.200604589336836,-5.200604589336836,5.020300235504975,5.020300235504975,4.83930848086854,4,0.13333333333333333,4,6,6251,62.481333333333346,5.020300235504975,-0.1761613150776865,0.005290510458969777,4695.0,1.8954652045986626,6.869496823712039,-0.3755841030620806,-0.5433421578378084,-7.664599513832649,-4.293447295269365,-0.5401723203961527,-0.043237521429027925,29|5|5|43|5|18|34|5|20|5,110,40
208,0.00321775500651825,-5.191477772379159,-5.200604589336836,5.0131112238878375,5.020300235504975,4.83930848086854,6,0.2,0,7,6281,62.481333333333346,5.0131112238878375,-0.17609428213038178,0.005289260451313079,4780.0,1.8973352822610088,6.869461044774397,-0.3775004415526663,-0.537665162312693,-7.664895840941031,-4.210069863215928,-0.5401307558509452,-0.04324892990512907,30|5|5|44|5|17|33|5|21|5,112,40
209,0.0031855774564530674,-5.2187525164570685,-5.2187525164570685,4.984691657923435,4.984691657923435,4.83930848086854,3,0.1,1,2,6311,62.481333333333346,4.984691657923435,-0.17628881479132552,0.005267202439362443,4690.0,1.8973352822610088,6.869342516168157,-0.3850761016077279,-0.5541400614491733,-7.67012491842944,-4.298351850096038,-0.5401307558509452,-0.04328672394991386,31|5|5|43|5|15|33|5|21|5,111,40
210,0.0031537216818885365,-5.24114723759418,-5.242554742890244,4.98482645401827,4.98458756017476,4.83930848086854,6,0.2,5,1,6341,62.481333333333346,4.98482645401827,-0.17654948673207504,0.005260014969854626,4582.0,1.9021244363707528,6.869342516167965,-0.3850401696940421,-0.5762162717406726,-7.671828781637332,-4.40429023435217,-0.5400243116018597,-0.043286723949975035,32|5|5|41|5|14|34|5|20|5,110,40
211,0.0031221844650696513,-5.260357419942635,-5.260357419942635,4.983358013631731,4.983358013631731,4.83930848086854,4,0.13333333333333333,4,3,6371,62.481333333333346,4.983358013631731,-0.1766972026079886,0.0052456884511754304,4472.0,1.895005382682352,6.869364549808247,-0.3854316044257855,-0.5887262746611409,-7.6752250295168025,-4.512190440538972,-0.5401825404470162,-0.0432796983009439,31|5|5|39|5|13|36|5|20|5,109,40
212,0.0030909626204189545,-5.265050630739156,-5.2673563371515915,4.983358013631731,4.983358013631731,4.83930848086854,2,0.06666666666666667,1,0,6401,62.481333333333346,4.983358013631731,-0.17669774315726858,0.005247145312213995,4425.0,1.874064089130904,6.869364549808247,-0.3854316044257855,-0.5887720535798207,-7.6748796656971825,-4.558293255909696,-0.5406479838668525,-0.0432796983009439,32|5|5|39|5|13|35|5|19|5,109,40
213,0.003060052994214765,-5.269830662907637,-5.271944974314911,4.983331178118549,4.983169410134713,4.83930848086854,5,0.16666666666666666,1,1,6431,62.481333333333346,4.983331178118549,-0.17695898112467465,0.0052486054834356465,4513.0,1.6476730127256132,6.8693645498082665,-0.3854387578328969,-0.6108962004596024,-7.6745335171647815,-4.471973090960255,-0.5456797760321098,-0.04327969830093767,32|5|5|41|5|13|35|5|17|5,109,40
214,0.003029452464272617,-5.269830662907635,-5.277776041726846,4.983331178118549,4.983331178118549,4.83930848086854,2,0.06666666666666667,1,2,6461,62.481333333333346,4.983331178118549,-0.1769589811246746,0.0052486054834356465,4513.0,1.6476730127256132,6.8693645498082665,-0.3854387578328969,-0.6108962004595977,-7.6745335171647815,-4.471973090960255,-0.5456797760321098,-0.04327969830093767,32|5|5|41|5|13|35|5|17|5,108,41
215,0.002999157939629891,-5.276600661525022,-5.277776041726846,4.983331178118549,4.983331178118549,4.83930848086854,3,0.1,0,3,6491,62.481333333333346,4.983331178118549,-0.17700874305956052,0.005250701538909266,4464.0,1.6382408025098645,6.8693645498082665,-0.3854387578328969,-0.6151105203280688,-7.674036625762416,-4.520037728261649,-0.5458894173404963,-0.04327969830093767,33|5|5|40|5|13|35|5|16|5,108,40
216,0.002969166360233592,-5.370571522161143,-5.370571522161143,4.965360182057001,4.965360182057001,4.83930848086854,5,0.16666666666666666,4,6,6521,62.62133333333334,4.965360182057001,-0.17863165803149655,0.005181507404494519,4328.0,1.6365023387311672,6.8762823738638055,-0.3902291954202853,-0.7525545893086616,-7.690439803501545,-4.653441619547149,-0.5459280566215146,-0.041073880140563936,33|5|5|40|5|13|33|5|16|5,108,38
217,0.0029394746966312562,-5.384085181104244,-5.384085181104244,4.963847041148695,4.963847041148695,4.83930848086854,6,0.2,4,13,6551,62.62133333333334,4.963847041148695,-0.17845007423085232,0.005179165475630213,4110.0,1.7124543702909851,6.8763949504160715,-0.39063254574418166,-0.7371763243637453,-7.690994981707594,-4.867280209990082,-0.5442399386823875,-0.04103798396838219,32|5|5|38|5|13|32|5|18|5,107,38
218,0.002910079949664944,-5.38455942647554,-5.385517816202544,4.96379548619553,4.96379548619553,4.83930848086854,4,0.13333333333333333,1,6,6581,62.62133333333334,4.96379548619553,-0.17827952969264704,0.005175444357149831,4035.0,1.7177522430242194,6.876751481276553,-0.39064628848746696,-0.7227329704735613,-7.691877110927626,-4.9408485323901745,-0.5441221875990193,-0.040924300497904964,32|5|5|37|5|13|32|5|18|5,105,39
219,0.002880979150168294,-5.389354619901501,-5.391195372759262,4.959823439889671,4.96379548619553,4.83930848086854,3,0.1,1,4,6611,62.62133333333334,4.959823439889671,-0.1783822182334333,0.005210321021857685,4000.0,1.716486028786684,6.87628272954294,-0.391705096794879,-0.7314296250287332,-7.683609240608997,-4.975180416176884,-0.544150330611461,-0.041073766728675014,30|5|5|39|5|13|31|5|18|5,105,38
220,0.002852169358666611,-5.392448275164561,-5.395262390056107,4.9482678925104775,4.948364081034672,4.83930848086854,5,0.16666666666666666,2,1,6641,62.62133333333334,4.9482678925104775,-0.17828425560284425,0.00521283082443134,3953.0,1.7246956486120606,6.876659067068491,-0.3947854006533044,-0.7231332060609909,-7.683014266222022,-5.021283231547608,-0.543967862727245,-0.04095376770273458,29|5|5|39|5|12|31|5|19|5,105,38
221,0.002823647665079945,-5.38845696076071,-5.404946251928242,4.949495034057145,4.9487679086004475,4.83930848086854,6,0.2,2,5,6671,62.62133333333334,4.949495034057145,-0.1783606099021851,0.00520164489364976,4038.0,1.7143890638593844,6.876659532997705,-0.39445828773368274,-0.7295996234439364,-7.685666005597618,-4.93790579949417,-0.5441969379771732,-0.04095361913649292,28|5|5|40|5|12|32|5|19|5,105,39
222,0.0027954111884291454,-5.398152427313554,-5.404946251928242,4.956978107084449,4.9487679086004475,4.83930848086854,8,0.26666666666666666,0,6,6701,62.62133333333334,4.956978107084449,-0.17823564286504728,0.005216453217190243,3870.0,1.5165209998310714,6.876290045732062,-0.3924635627792952,-0.7190162112691251,-7.682155540944687,-5.102698841670376,-0.5485947746328454,-0.04107143388778449,28|5|5|38|5|13|32|5|18|5,103,39
223,0.002767457076544854,-5.401210478368807,-5.404946251928242,4.955467121901809,4.9487679086004475,4.801185796623501,2,0.06666666666666667,0,7,6731,62.62133333333334,4.955467121901809,-0.17831667255439038,0.005214562715275867,3880.0,1.5182395432316989,6.876289945554524,-0.3928663384622967,-0.7258785857028652,-7.682603703772071,-5.0928897320170305,-0.5485565781042709,-0.041071465830405385,27|5|5|38|5|13|33|5|18|5,103,39
224,0.0027397825057794054,-5.400977477883643,-5.408567310608816,4.957854316220778,4.955467121901809,4.801185796623501,4,0.13333333333333333,1,5,6761,62.62133333333334,4.957854316220778,-0.1783484578315521,0.0052155558441832565,3892.0,1.484963196997336,6.876400293693071,-0.39222999613854226,-0.7285704690746544,-7.682368272400271,-5.081118800433016,-0.5492961817181992,-0.041036280210474084,28|5|5|37|5|13|34|5|17|5,104,38
225,0.0027123846807216114,-5.414900004103928,-5.414900004103928,4.951266574917999,4.951266574917999,4.801185796623501,4,0.13333333333333333,3,7,6791,62.70933333333334,4.951266574917999,-0.17840939464743105,0.00521562056153929,3792.0,1.484963196997336,6.8777509272443105,-0.3939860570404945,-0.7337311854830649,-7.682352930488665,-5.179209896966472,-0.5492961817181992,-0.040605617043643676,28|5|5|35|5|12|35|5|17|5,103,38
226,0.002685260833914395,-5.433113627508181,-5.435316298420112,4.950896908643972,4.951266574917999,4.801185796623501,2,0.06666666666666667,1,2,6821,62.70933333333334,4.950896908643972,-0.1788839068288335,0.005215743156007033,3846.0,1.1850155456850675,6.877750495325661,-0.3940845971107179,-0.7739174466985919,-7.682323868215377,-5.1262407048384055,-0.5559628501480025,-0.04060575476527301,27|5|5|36|5|12|36|5|16|5,103,38
227,0.0026584082255752513,-5.4672001654068385,-5.4672001654068385,4.9504408182910895,4.9504408182910895,4.801185796623501,2,0.06666666666666667,2,1,6851,62.70933333333334,4.9504408182910895,-0.17925785658148524,0.005194963934214283,3744.0,0.6775711920441543,6.877608643206525,-0.3942061748108192,-0.8055871130012119,-7.68724979540892,-5.2262936233025306,-0.5672413623733841,-0.040650985748016476,27|5|5|35|5|12|36|5|15|5,101,38
228,0.0026318241433194987,-5.458910071238359,-5.471346146988017,4.952028164523687,4.949894775655682,4.801185796623501,6,0.2,1,3,6881,62.70933333333334,4.952028164523687,-0.1792999789523997,0.005197074630757632,3843.0,0.6482253448757869,6.877706175708551,-0.3937830439486904,-0.8091544410212919,-7.686749433191129,-5.12918343773441,-0.5678936062966395,-0.040619886523394974,28|5|5|35|5|12|37|5|14|5,101,39
229,0.0026055059018863036,-5.479103907746485,-5.479103907746485,4.949220217274207,4.949220217274207,4.801185796623501,5,0.16666666666666666,2,5,6911,62.70933333333334,4.949220217274207,-0.17956022885885742,0.005193901327875018,3761.0,0.647985623290741,6.877688386696211,-0.39453154425447456,-0.8311949093846434,-7.687501697117021,-5.2096181368918435,-0.567898934374109,-0.04062555872988054,27|5|5|35|5|12|37|5|13|5,100,38
230,0.0025794508428674404,-5.48553327654795,-5.48553327654795,4.956742524634087,4.956742524634087,4.801185796623501,4,0.13333333333333333,3,3,6941,62.62133333333334,4.956742524634087,-0.1796210641339282,0.0051886138516838735,3717.0,0.571613583119406,6.877267927660634,-0.3925263608023587,-0.8363470263395489,-7.6887551474634765,-5.252778219366564,-0.5695963874693488,-0.04075962634549528,27|5|5|34|5|13|37|5|13|5,100,38
231,0.002553656334438766,-5.484456966200421,-5.48553327654795,4.9568614255942025,4.956742524634087,4.801185796623501,1,0.03333333333333333,0,10,6971,62.62133333333334,4.9568614255942025,-0.17967739867217836,0.005191369265065135,3747.0,0.5860793431287543,6.877267927660634,-0.39249466597439453,-0.8411179775570411,-7.688101948520821,-5.223350890406527,-0.5692748699473895,-0.04075962634549528,28|5|5|34|5|13|37|5|12|5,100,38
232,0.002528119771094378,-5.493552602687713,-5.494545647549157,4.954919755964945,4.954919755964945,4.801185796623501,2,0.06666666666666667,1,8,7001,62.62133333333334,4.954919755964945,-0.17986233464639625,0.00518944499645252,3744.0,0.5658705935569452,6.877267690555092,-0.393012247033476,-0.8567801368426107,-7.688558116089612,-5.2262936233025306,-0.5697240317667496,-0.04075970194899531,27|5|5|34|5|13|38|5|11|5,99,38
233,0.0025028385733834343,-5.4945382419539115,-5.494545647549157,4.954904174860567,4.954919755964945,4.739982011097262,3,0.1,0,2,7031,62.62133333333334,4.954904174860567,-0.1798703025491682,0.005189569832940995,3738.0,0.5623191280826589,6.877074068347407,-0.39301640040971686,-0.8574549355826275,-7.688528522322365,-5.232179089094538,-0.5698029670164618,-0.040821440348025685,27|5|5|35|5|13|37|5|11|5,99,38
234,0.0024778101876496,-5.5154287834646,-5.5154287834646,4.953910627114843,4.953910627114843,4.739982011097262,5,0.16666666666666666,4,0,7061,62.62133333333334,4.953910627114843,-0.17989553905422423,0.005192027461805271,3534.0,0.5658705935569452,6.877844008876608,-0.39328124541049914,-0.8595922058658717,-7.687945916247175,-5.432284926022788,-0.5697240317667496,-0.04057593702384676,26|5|5|32|5|12|38|5|11|5,97,36
235,0.002453032085773104,-5.5179536990994515,-5.5179536990994515,4.950167527166774,4.950167527166774,4.739982011097262,1,0.03333333333333333,1,7,7091,62.62133333333334,4.950167527166774,-0.1799619915727309,0.005191386395174463,3548.0,0.5658705935569452,6.877778108900194,-0.3942790246445033,-0.865220045090665,-7.688097887653085,-5.418552172508105,-0.5697240317667496,-0.04059694989777593,25|5|5|33|5|12|38|5|11|5,97,36
236,0.002428501764915373,-5.5208985910378585,-5.5208985910378585,4.9502736016883935,4.9502736016883935,4.739982011097262,1,0.03333333333333333,1,4,7121,62.62133333333334,4.9502736016883935,-0.18012667742715482,0.0051873307903529415,3594.0,0.5633283707495252,6.877760528199959,-0.394250748895419,-0.8791672292173642,-7.689059310283627,-5.373430268102715,-0.5697805354815064,-0.040602555681840326,25|5|5|34|5|12|38|5|10|5,97,36
237,0.002404216747266219,-5.51981037968139,-5.5208985910378585,4.950256735497215,4.9502736016883935,4.739982011097262,1,0.03333333333333333,0,6,7151,62.62133333333334,4.950256735497215,-0.18012435389336418,0.0051872926557655335,3604.0,0.5638009701445851,6.877840028846021,-0.39425524483075297,-0.878970449999646,-7.689068350477864,-5.363621158449369,-0.56977003143704,-0.040577206096849894,25|5|5|33|5|12|39|5|10|5,97,36
238,0.002380174579793557,-5.518946047746327,-5.522866072146666,4.952096298333436,4.951086246689258,4.739982011097262,3,0.1,1,3,7181,62.62133333333334,4.952096298333436,-0.1800925600669054,0.005192331374735313,3588.0,0.5638009701445851,6.877839294087161,-0.3937648818634017,-0.8762778425910506,-7.687873870576673,-5.379315733894722,-0.56977003143704,-0.040577440382143046,25|5|5|35|5|12|37|5|10|5,97,36
239,0.0023563728339956215,-5.518854700451259,-5.525671746055374,4.951755621340727,4.951901965194222,4.739982011097262,3,0.1,1,4,7211,62.70933333333334,4.951755621340727,-0.18003571816949174,0.005192457567202015,3565.0,0.5638009701445851,6.877941770452647,-0.3938556944074279,-0.8714639233135713,-7.687843955360909,-5.401876686097417,-0.56977003143704,-0.040544764756659545,25|5|5|35|5|11|37|5|10|5,97,35
240,0.002332809105655665,-5.511796229042566,-5.525671746055374,4.9524114918287925,4.951901965194222,4.739982011097262,2,0.06666666666666667,0,4,7241,62.70933333333334,4.9524114918287925,-0.18003515990295968,0.0051925137458859955,3636.0,0.5638009701445851,6.877244743256648,-0.393680862326461,-0.8714166439273627,-7.6878306376289025,-5.332232007558663,-0.56977003143704,-0.04076701892717113,25|5|5|37|5|11|36|5|10|5,97,36
241,0.0023094810145991083,-5.5160360369971,-5.525671746055374,4.9522434532603326,4.951901965194222,4.553115646538539,1,0.03333333333333333,0,3,7271,62.70933333333334,4.9522434532603326,-0.18002843661370294,0.005195270674694551,3587.0,0.5638009701445851,6.8772445766104475,-0.3937256555183199,-0.8708472510458134,-7.687177079438698,-5.380296644860056,-0.56977003143704,-0.04076707206399756,24|5|5|37|5|11|36|5|10|5,97,35
242,0.0022863862044531173,-5.5493885993553995,-5.5493885993553995,4.953937490507499,4.953937490507499,4.553115646538539,4,0.13333333333333333,4,3,7301,62.70933333333334,4.953937490507499,-0.18079432789824945,0.005167999207064249,3612.0,0.5142804837078723,6.876980687911645,-0.3932740845716973,-0.9357103007835756,-7.693642059953743,-5.355773870726693,-0.5708706790404194,-0.04085121564432912,25|5|5|39|5|11|34|5|8|5,96,35
243,0.002263522342408586,-5.573119105270769,-5.573119105270769,4.942239315258644,4.942239315258644,4.553115646538539,7,0.23333333333333334,5,2,7331,62.70933333333334,4.942239315258644,-0.18109240493485773,0.005178149443819647,3525.0,0.44728722712604363,6.877514783063967,-0.39639240802043924,-0.9609543348146659,-7.691235842446995,-5.4411131247107996,-0.5723596782931551,-0.040680914003682844,22|5|5|39|5|11|35|5|7|5,95,33
244,0.0022408871189845,-5.575219913367442,-5.575219913367442,4.942237151520961,4.942237151520961,4.553115646538539,2,0.06666666666666667,2,2,7361,62.70933333333334,4.942237151520961,-0.1811233394511303,0.005178102064220218,3517.0,0.44728722712604363,6.877514969572076,-0.3963929847970571,-0.9635741675612794,-7.691247074265952,-5.448960412433475,-0.5723596782931551,-0.04068085453368628,22|5|5|37|5|11|37|5|7|5,95,33
245,0.0022184782477946553,-5.583869041725733,-5.583869041725733,4.9422455843536905,4.9422455843536905,4.553115646538539,4,0.13333333333333333,2,3,7391,62.70933333333334,4.9422455843536905,-0.1811685466754508,0.005178623653455656,3448.0,0.44561493512511896,6.877439458082536,-0.39639073689945925,-0.9674027506758436,-7.69112342619942,-5.516643269041561,-0.572396846833196,-0.040704932135777014,22|5|5|38|5|11|35|5|7|5,95,32
246,0.0021962934653167085,-5.5866860823391065,-5.5866860823391065,4.939053001431776,4.939053001431776,4.553115646538539,1,0.03333333333333333,1,2,7421,62.70933333333334,4.939053001431776,-0.1811558047895297,0.005193071688119308,3405.0,0.44561493512511896,6.8774383741139795,-0.39724176759233876,-0.966323645067869,-7.687698371712166,-5.558822440550946,-0.572396846833196,-0.040705277770113533,21|5|5|38|5|11|35|5|7|5,95,32
247,0.0021743305306635412,-5.59295763729279,-5.59295763729279,4.939053001431776,4.939053001431776,4.553115646538539,1,0.03333333333333333,1,4,7451,62.70933333333334,4.939053001431776,-0.18114394724444133,0.005193026342278993,3336.0,0.44561493512511896,6.8774383741139795,-0.39724176759233876,-0.965319433958077,-7.6877091214077105,-5.626505297159031,-0.572396846833196,-0.040705277770113533,21|5|5|38|5|11|34|5|7|5,95,31
248,0.002152587225356906,-5.593542621392697,-5.597009612760931,4.960375198025842,4.959757354814069,4.553115646538539,5,0.16666666666666666,2,4,7481,62.67066666666667,4.960375198025842,-0.18122630608490198,0.0051966126939973515,3292.0,0.5449043340038123,6.877477543535605,-0.3915580174173304,-0.9722943737085751,-7.686858940027904,-5.669665379633751,-0.5701900300835971,-0.04069278820390619,21|5|5|38|5|12|33|5|7|5,96,30
249,0.002131061353103337,-5.617895090377022,-5.619814295892694,4.948914722434276,4.94816897354446,4.553115646538539,7,0.23333333333333334,3,2,7511,62.70933333333334,4.948914722434276,-0.18160186005102189,0.005192334680138406,3261.0,0.5238298559021678,6.867362478541761,-0.3946129784698595,-1.0040999002567361,-7.68787308699704,-5.700073619559123,-0.5706584336774249,-0.04391807897129956,20|5|5|38|5|10|34|5|6|5,96,28
250,0.0021097507395723037,-5.619698260862823,-5.619835389774288,4.950126337886571,4.950762372213687,4.553115646538539,3,0.1,1,0,7541,62.70933333333334,4.950126337886571,-0.18147444109701394,0.005181659199094031,3197.0,0.525568319680865,6.867376276512416,-0.3942900042627395,-0.9933088361486694,-7.690403819038169,-5.762851921340535,-0.5706197943964066,-0.043913679348816737,22|5|5|36|5|10|34|5|6|5,96,28
251,0.0020886532321765807,-5.619044155982335,-5.620648493941016,4.947109003478556,4.950126337886571,4.553115646538539,3,0.1,1,0,7571,62.660000000000004,4.947109003478556,-0.18175059015011136,0.005173695542779654,3337.0,0.5205630486628515,6.8700025348532145,-0.39509431984504617,-1.016695797363014,-7.692291685272538,-5.625524386193696,-0.5707310420829027,-0.04307627031738459,21|5|5|37|5|9|36|5|5|5,96,28
252,0.0020677666998548147,-5.616131399958624,-5.623292083998988,4.946215999413523,4.946215864866755,4.553115646538539,2,0.06666666666666667,1,0,7601,62.660000000000004,4.946215999413523,-0.18165967879457887,0.00513220556046205,3380.0,0.5205630486628515,6.8700092486385715,-0.39533236342505557,-1.0089965482729517,-7.702127310215392,-5.583345214684311,-0.5707310420829027,-0.0430741295590267,22|5|5|37|5|9|36|5|5|5,96,28
253,0.0020470890328562665,-5.635403185312571,-5.635403185312571,4.939305379435664,4.939305379435664,4.553115646538539,2,0.06666666666666667,1,5,7631,62.70933333333334,4.939305379435664,-0.18190106084270793,0.005130311501808839,3309.0,0.5188245848841543,6.870008699066457,-0.39717449246346354,-1.0294391046899098,-7.70257631620412,-5.652989893223064,-0.5707696813639208,-0.04307430479565339,22|5|5|37|5|9|35|5|5|5,96,27
254,0.002026618142527704,-5.643521002421048,-5.643521002421048,4.933317788602327,4.933317788602327,4.553115646538539,1,0.03333333333333333,1,2,7661,62.70933333333334,4.933317788602327,-0.182122092072137,0.005127846980791173,3341.0,0.5188245848841543,6.869952223799511,-0.3987705742881818,-1.0481581577948753,-7.703160556134808,-5.621600742332358,-0.5707696813639208,-0.043092312505655914,21|5|5|38|5|9|35|5|5|5,96,27
255,0.0020063519611024268,-5.650880979339231,-5.650880979339231,4.9333058686524085,4.9333058686524085,4.553115646538539,1,0.03333333333333333,1,1,7691,62.70933333333334,4.9333058686524085,-0.18212209207213698,0.005127846980791173,3266.0,0.5188245848841543,6.869952429297942,-0.39877375172898333,-1.0481581577948729,-7.703160556134808,-5.69516906473245,-0.5707696813639208,-0.043092246980403065,21|5|5|37|5|9|35|5|5|5,95,27
256,0.0019862884414914026,-5.657761534734691,-5.657761534734691,4.9333058686524085,4.9333058686524085,4.553115646538539,1,0.03333333333333333,1,0,7721,62.70933333333334,4.9333058686524085,-0.18212475586908436,0.005127885312868332,3197.0,0.518463275454749,6.869952429297942,-0.39877375172898333,-1.0483837537735394,-7.703151469123603,-5.762851921340535,-0.570777711865763,-0.043092246980403065,21|5|5|37|5|9|34|5|5|5,95,26
257,0.0019664255570764886,-5.663570400074051,-5.663570400074051,4.933228776243916,4.933228776243916,4.553115646538539,3,0.1,2,1,7751,62.70933333333334,4.933228776243916,-0.18204245213945838,0.005132223413558541,3096.0,0.5290067409622023,6.869967380367879,-0.3987943018626587,-1.0414134813392553,-7.70212307795615,-5.8619239288393254,-0.5705433716789612,-0.043087479680552605,22|5|5|35|5|9|34|5|5|5,95,25
258,0.0019467613015057238,-5.665462627380363,-5.670347992985757,4.9339410085804785,4.933143522672783,4.553115646538539,2,0.06666666666666667,1,1,7781,62.70933333333334,4.9339410085804785,-0.18202024990343568,0.005126473621090389,3072.0,0.5290067409622023,6.8700519116803855,-0.39860444568861375,-1.0395331821786733,-7.703486125107704,-5.885465792007355,-0.5705433716789612,-0.04306052601669105,23|5|5|34|5|9|34|5|5|5,94,26
259,0.0019272936884906664,-5.679304222680423,-5.679304222680423,4.926628672002784,4.926628672002784,4.553115646538539,3,0.1,2,0,7811,62.70933333333334,4.926628672002784,-0.18215543787293,0.005125902915658167,3010.0,0.5282705204035288,6.869986693775833,-0.4005536582906004,-1.0509822013360717,-7.703621416671368,-5.946282271858097,-0.5705597349954746,-0.043081321405109174,22|5|5|34|5|8|34|5|5|5,92,26
260,0.0019080207516057597,-5.686607311283441,-5.686607311283441,4.926628672002784,4.926628672002784,4.553115646538539,1,0.03333333333333333,1,2,7841,62.70933333333334,4.926628672002784,-0.18217160678082386,0.005126114719048539,2943.0,0.5218437717344453,6.869986693775833,-0.4005536582906004,-1.052351540167947,-7.703571206509952,-6.0120033065355125,-0.5707025765955706,-0.043081321405109174,22|5|5|34|5|8|33|5|5|5,91,26
261,0.001888940544089702,-5.690266377253053,-5.690266377253053,4.927016093356757,4.927016093356757,4.553115646538539,1,0.03333333333333333,1,5,7871,62.70933333333334,4.927016093356757,-0.18217034643534788,0.0051295082605269885,2900.0,0.5218437717344453,6.869986519802553,-0.4004503853384573,-1.0522448019755364,-7.702766732770857,-6.054182478044899,-0.5707025765955706,-0.04308137687824898,21|5|5|34|5|8|33|5|5|5,90,26
262,0.001870051138648805,-5.699827495794799,-5.699827495794799,4.929242154565927,4.929242154565927,4.553115646538539,2,0.06666666666666667,2,2,7901,62.70933333333334,4.929242154565927,-0.1821768153496968,0.00513387098666431,2794.0,0.5218437717344453,6.869986258541622,-0.3998569954533496,-1.052792651940184,-7.701732503889132,-6.158159040370362,-0.5707025765955706,-0.043081460183939005,20|5|5|34|5|8|32|5|5|5,89,25
263,0.001851350627262317,-5.699827495794799,-5.699827495794799,4.929242154565927,4.929242154565927,4.553115646538539,0,0.0,0,3,7931,62.70933333333334,4.929242154565927,-0.1821768153496968,0.00513387098666431,2794.0,0.5218437717344453,6.869986258541622,-0.3998569954533496,-1.052792651940184,-7.701732503889132,-6.158159040370362,-0.5707025765955706,-0.043081460183939005,20|5|5|34|5|8|32|5|5|5,89,25
264,0.0018328371209896939,-5.689999705942594,-5.699827495794799,4.928244882968306,4.929242154565927,4.553115646538539,2,0.06666666666666667,0,1,7961,62.70933333333334,4.928244882968306,-0.1821730773646299,0.005139151902242292,2889.0,0.5218437717344453,6.869928186060283,-0.40012283310251023,-1.0524760833668043,-7.700480608803175,-6.064972498663579,-0.5707025765955706,-0.04309997718190336,19|5|5|35|5|8|33|5|5|5,90,25
265,0.001814508749779797,-5.695951777410818,-5.699827495794799,4.933748018966649,4.929242154565927,4.553115646538539,2,0.06666666666666667,0,3,7991,62.70933333333334,4.933748018966649,-0.18206671727171528,0.005138832817296948,2772.0,0.5218437717344453,6.867366977537427,-0.39865588995452406,-1.0434684864192574,-7.700556251155183,-6.179739081607722,-0.5707025765955706,-0.04391664442103298,19|5|5|34|5|9|32|5|5|5,90,25
266,0.0017963636622819988,-5.69177798626794,-5.699827495794799,4.934310035047533,4.929242154565927,4.553115646538539,1,0.03333333333333333,0,0,8021,62.70933333333334,4.934310035047533,-0.18205249798171969,0.005135423717609738,2811.0,0.5218437717344453,6.867369438625961,-0.39850607616850126,-1.042264260006411,-7.701364413126898,-6.141483553959675,-0.5707025765955706,-0.04391585967806457,20|5|5|34|5|9|32|5|5|5,91,25
267,0.0017784000256591789,-5.698471455714697,-5.699827495794799,4.940854257728717,4.929242154565927,4.547855444916523,3,0.1,0,1,8051,62.70933333333334,4.940854257728717,-0.1819944162207157,0.00513513550136597,2700.0,0.5224438512155879,6.867483683471553,-0.39676161580554653,-1.0373453371398453,-7.701432737737269,-6.250364671111811,-0.5706892391651396,-0.04387943155368439,20|5|5|31|5|10|33|5|5|5,90,25
268,0.001760616025402587,-5.713354337492471,-5.713354337492471,4.9413157533276975,4.9413157533276975,4.547855444916523,3,0.1,3,3,8081,62.70933333333334,4.9413157533276975,-0.18199203034671138,0.005130277911061739,2552.0,0.5213227957056994,6.867476041652982,-0.39663859725631323,-1.0371432783524797,-7.702584279234507,-6.3955394939813255,-0.5707141558642473,-0.04388186822481776,21|5|5|30|5|10|31|5|5|5,90,23
269,0.001743009865148561,-5.71686097523005,-5.716877174106419,4.933025343659514,4.932999911618666,4.547855444916523,3,0.1,1,1,8111,62.70933333333334,4.933025343659514,-0.18208116682755413,0.005127710079554511,2576.0,0.5213227957056994,6.870160238919567,-0.39884852985845154,-1.0446922139612396,-7.703193009974093,-6.371997630813296,-0.5707141558642473,-0.04302598478095979,22|5|5|31|5|9|30|5|5|5,89,24
270,0.0017255797664970755,-5.726090047936721,-5.726835565913798,4.933946876525336,4.934382008249801,4.547855444916523,3,0.1,2,1,8141,62.70933333333334,4.933946876525336,-0.18209519591630918,0.005114863584405095,2501.0,0.5213227957056994,6.870153131867416,-0.39860288150021217,-1.0458803323013426,-7.706238403128339,-6.4455659532133875,-0.5707141558642473,-0.043028250936412146,23|5|5|30|5|9|29|5|5|5,88,24
271,0.0017083239688321047,-5.728547083075407,-5.728547083075407,4.931107723432451,4.931107723432451,4.547855444916523,3,0.1,1,0,8171,62.70933333333334,4.931107723432451,-0.18213526842065558,0.005115023592157496,2501.0,0.5201879368149044,6.870092242155449,-0.3993597001899456,-1.0492740578796096,-7.706200471653014,-6.4455659532133875,-0.5707393793587687,-0.043047666236853126,23|5|5|30|5|9|29|5|5|5,89,23
272,0.0016912407291437836,-5.728547083075407,-5.728547083075407,4.931107723432451,4.931107723432451,4.547855444916523,0,0.0,0,1,8201,62.70933333333334,4.931107723432451,-0.18213526842065558,0.005115023592157496,2501.0,0.5201879368149044,6.870092242155449,-0.3993597001899456,-1.0492740578796096,-7.706200471653014,-6.4455659532133875,-0.5707393793587687,-0.043047666236853126,23|5|5|30|5|9|29|5|5|5,89,23
273,0.0016743283218523459,-5.7343393770790945,-5.7343393770790945,4.931107723432451,4.931107723432451,4.547855444916523,1,0.03333333333333333,1,0,8231,62.70933333333334,4.931107723432451,-0.1821397643344283,0.005115088712573307,2444.0,0.5185284833962246,6.870092242155449,-0.3993597001899456,-1.0496548151548788,-7.706185034191962,-6.501477878237457,-0.5707762625471138,-0.043047666236853126,23|5|5|30|5|9|28|5|5|5,88,23
274,0.0016575850386338223,-5.7343393770790945,-5.7343393770790945,4.931107723432451,4.931107723432451,4.547855444916523,0,0.0,0,0,8261,62.70933333333334,4.931107723432451,-0.1821397643344283,0.005115088712573307,2444.0,0.5185284833962246,6.870092242155449,-0.3993597001899456,-1.0496548151548788,-7.706185034191962,-6.501477878237457,-0.5707762625471138,-0.043047666236853126,23|5|5|30|5|9|28|5|5|5,88,23
275,0.0016410091882474841,-5.73622843409948,-5.73622843409948,4.937430964083174,4.937430964083174,4.547855444916523,2,0.06666666666666667,1,0,8291,62.70933333333334,4.937430964083174,-0.18214857410539156,0.005110407192778219,2418.0,0.5083463273181765,6.87019800167013,-0.3976741458899177,-1.05040091140078,-7.707294836372993,-6.5269815633361565,-0.5710025722320734,-0.04301394374604639,22|5|5|30|5|10|28|5|5|5,88,23
276,0.0016245990963650093,-5.742015808794952,-5.742015808794952,4.937430964083174,4.937430964083174,4.547855444916523,1,0.03333333333333333,1,3,8321,62.70933333333334,4.937430964083174,-0.1821485741053915,0.005110407192778219,2359.0,0.5083463273181765,6.87019800167013,-0.3976741458899177,-1.0504009114007753,-7.707294836372993,-6.584855310290895,-0.5710025722320734,-0.04301394374604639,22|5|5|29|5|10|28|5|5|5,87,23
277,0.0016083531054013592,-5.747607057907226,-5.747607057907226,4.937430739178912,4.937430739178912,4.547855444916523,1,0.03333333333333333,1,2,8351,62.70933333333334,4.937430739178912,-0.18214857410539137,0.005110407192778219,2302.0,0.5083463273181765,6.870198022630536,-0.3976742058415101,-1.0504009114007635,-7.707294836372993,-6.640767235314965,-0.5710025722320734,-0.04301393706260901,22|5|5|28|5|10|28|5|5|5,87,23
278,0.0015922695743473456,-5.763586936967725,-5.76411918671184,4.934121664979758,4.937430739178912,4.547855444916523,6,0.2,3,1,8381,62.70933333333334,4.934121664979758,-0.18218290152133218,0.005109442774004555,2165.0,0.5007628036306614,6.870153245652168,-0.398556289025369,-1.0533080875659238,-7.707523461713757,-6.7751520375658,-0.5711711244368767,-0.04302821465499317,23|5|5|26|5|9|27|5|5|5,85,22
279,0.0015763468786038721,-5.767485082987305,-5.767485082987305,4.939997980801512,4.939997980801512,4.547855444916523,2,0.06666666666666667,1,0,8411,62.70933333333334,4.939997980801512,-0.1821712251400417,0.005134012269095203,2077.0,0.5007628036306614,6.868652846794206,-0.39698986921805907,-1.0523192191511979,-7.701699011442916,-6.861472202515241,-0.5711711244368767,-0.04350663200445529,21|5|5|26|5|9|27|5|5|5,84,21
280,0.0015605834098178335,-5.777112589263596,-5.777112589263596,4.937105236942173,4.937105236942173,4.547855444916523,1,0.03333333333333333,1,0,8441,62.70933333333334,4.937105236942173,-0.18227913766346787,0.005131775635297105,2036.0,0.5007628036306614,6.868652703247579,-0.3977609733275365,-1.0614582908648342,-7.702229228375867,-6.901689552093958,-0.5711711244368767,-0.04350667777574901,20|5|5|26|5|9|27|5|5|5,83,21
281,0.0015449775757196552,-5.786086038291435,-5.787972962030413,4.935809700665106,4.937105236942173,4.547855444916523,4,0.13333333333333333,2,7,8471,62.70933333333334,4.935809700665106,-0.18229273484131064,0.005116009886104513,1973.0,0.5004014942012561,6.868653555944617,-0.39810631788474593,-1.0626098308294534,-7.705966660578523,-6.963486942910035,-0.5711791549387187,-0.04350640588467526,21|5|5|26|5|9|25|5|5|5,82,21
282,0.0015295277999624586,-5.8087635500405534,-5.8087635500405534,4.926183547781912,4.926183547781912,4.547855444916523,1,0.03333333333333333,1,0,8501,62.70933333333334,4.926183547781912,-0.18275684804288936,0.005102201854414266,1983.0,0.5081563632883556,6.8693488280914226,-0.400672312804319,-1.1019154062882168,-7.709239995810742,-6.953677833256689,-0.5710067943928233,-0.04328471132934779,20|5|5|26|5|9|26|5|5|5,82,21
283,0.001514232521962834,-5.810151216004386,-5.810151216004386,4.925386900930797,4.925386900930797,4.4063985638017895,2,0.06666666666666667,1,1,8531,62.70933333333334,4.925386900930797,-0.1828414945871652,0.005110996403020073,1997.0,0.5081563632883556,6.869307055552003,-0.4008846709288429,-1.1090840908290578,-7.707155158054815,-6.939945079742006,-0.5710067943928233,-0.04329803092598926,19|5|5|26|5|9|27|5|5|5,82,21
284,0.0014990901967432055,-5.816001505981456,-5.816001505981456,4.927091892310415,4.927091892310415,4.4063985638017895,2,0.06666666666666667,2,1,8561,62.70933333333334,4.927091892310415,-0.18289931860506198,0.005110572363590232,1963.0,0.5060141137319945,6.866502892314147,-0.40043017999449954,-1.1139811855271609,-7.707255680941544,-6.973296052563381,-0.571054408259522,-0.04419216673300844,19|5|5|26|5|10|26|5|5|5,82,21
285,0.0014840992947757735,-5.816001505981456,-5.816001505981456,4.927091892310415,4.927091892310415,4.4063985638017895,0,0.0,0,2,8591,62.70933333333334,4.927091892310415,-0.18289931860506198,0.005110572363590232,1963.0,0.5060141137319945,6.866502892314147,-0.40043017999449954,-1.1139811855271609,-7.707255680941544,-6.973296052563381,-0.571054408259522,-0.04419216673300844,19|5|5|26|5|10|26|5|5|5,82,21
286,0.0014692583018280157,-5.816001505981456,-5.816001505981456,4.927091892310415,4.927091892310415,4.4063985638017895,0,0.0,0,2,8621,62.70933333333334,4.927091892310415,-0.18289931860506198,0.005110572363590232,1963.0,0.5060141137319945,6.866502892314147,-0.40043017999449954,-1.1139811855271609,-7.707255680941544,-6.973296052563381,-0.571054408259522,-0.04419216673300844,19|5|5|26|5|10|26|5|5|5,82,21
287,0.0014545657188097356,-5.817232166878501,-5.817401357929954,4.927593493710014,4.927605656951078,4.4063985638017895,3,0.1,2,2,8651,62.70933333333334,4.927593493710014,-0.18289441844695611,0.0051072236664697354,1951.0,0.5061185384463277,6.866509086927115,-0.40029647064470625,-1.1135661929487668,-7.708049523866622,-6.985066984147395,-0.5710520873047045,-0.04419019151801707,20|5|5|25|5|10|26|5|5|5,82,21
288,0.0014400200616216383,-5.817200927517874,-5.817401357929954,4.9275747138915955,4.927605656951078,4.4063985638017895,2,0.06666666666666667,0,1,8681,62.70933333333334,4.9275747138915955,-0.18290287758086554,0.005107210801458258,1955.0,0.5061185384463277,6.866531707309291,-0.40030147668598126,-1.1142825938722092,-7.70805257364926,-6.981143340286057,-0.5710520873047045,-0.04418297878039923,20|5|5|24|5|10|27|5|5|5,81,21
289,0.0014256198610054218,-5.817873218126188,-5.817873218126188,4.927575742762212,4.927575742762212,4.4063985638017895,1,0.03333333333333333,1,2,8711,62.70933333333334,4.927575742762212,-0.18290972827606997,0.0051073469294000496,1951.0,0.505534602663546,6.866533243955454,-0.4003012024251414,-1.1148627767163657,-7.708020303127441,-6.985066984147395,-0.571065065923577,-0.04418248880523021,20|5|5|25|5|10|26|5|5|5,81,21
290,0.0014113636623953676,-5.820786073706606,-5.822001376166796,4.929302955753285,4.927533936035828,4.4063985638017895,3,0.1,1,0,8741,62.70933333333334,4.929302955753285,-0.18292414702891888,0.00510726642972676,1918.0,0.5057750182442096,6.869551278868942,-0.39984078798814937,-1.116083895564518,-7.7080393863988785,-7.017437046003436,-0.571059722421287,-0.04322015785154201,20|5|5|22|5|10|28|5|5|5,81,20
291,0.001397250025771414,-5.8274399685599105,-5.8274399685599105,4.929302955753285,4.929302955753285,4.4063985638017895,3,0.1,2,0,8771,62.70933333333334,4.929302955753285,-0.1827166376140748,0.00510195902681174,1767.0,0.5057750182442096,6.869551278868942,-0.39984078798814937,-1.0985099999377328,-7.70929756057917,-7.165554601768954,-0.571059722421287,-0.04322015785154201,20|5|5|21|5|10|26|5|5|5,80,18
292,0.0013832775255136999,-5.8274399685599105,-5.8274399685599105,4.929302955753285,4.929302955753285,4.4063985638017895,0,0.0,0,2,8801,62.70933333333334,4.929302955753285,-0.1827166376140748,0.00510195902681174,1767.0,0.5057750182442096,6.869551278868942,-0.39984078798814937,-1.0985099999377328,-7.70929756057917,-7.165554601768954,-0.571059722421287,-0.04322015785154201,20|5|5|21|5|10|26|5|5|5,80,18
293,0.0013694447502585628,-5.8305367992758494,-5.831466399187877,4.929208403758731,4.929273791794984,4.4063985638017895,2,0.06666666666666667,1,2,8831,62.70933333333334,4.929208403758731,-0.18272665023418508,0.005101923618811844,1740.0,0.5057750182442096,6.86958271961464,-0.3998659922354333,-1.0993579650332,-7.709305954407933,-7.192039197832988,-0.571059722421287,-0.04321013265181438,20|5|5|19|5|10|27|5|5|5,79,18
294,0.0013557503027559772,-5.834388487221364,-5.834388487221364,4.930242059269241,4.930242059269241,4.4063985638017895,2,0.06666666666666667,2,3,8861,62.70933333333334,4.930242059269241,-0.1827684158148444,0.00511827014897208,1701.0,0.5057750182442096,6.866630504324652,-0.39959045591051295,-1.102895076618477,-7.70543084213282,-7.230294725481035,-0.571059722421287,-0.044151476352912805,19|5|5|19|5|10|27|5|5|5,79,17
295,0.0013421927997284175,-5.840502240461665,-5.840502240461665,4.926050997142193,4.926050997142193,4.4063985638017895,3,0.1,2,1,8891,62.70933333333334,4.926050997142193,-0.18287910562728968,0.00512975329583165,1684.0,0.5057750182442096,6.866611853833867,-0.40070764615838406,-1.1122693559123753,-7.702708644644042,-7.246970211891723,-0.571059722421287,-0.04415742325051274,17|5|5|19|5|10|28|5|5|5,78,17
296,0.0013287708717311332,-5.837411463720703,-5.843200306741135,4.927823759910047,4.927656508194997,4.4063985638017895,3,0.1,1,2,8921,62.70933333333334,4.927823759910047,-0.18287154803020522,0.005128268494386128,1704.0,0.5064611692259771,6.869777767565347,-0.40023508974762273,-1.111629305809341,-7.7030606320230905,-7.227351992585032,-0.5710444719565203,-0.04314793964020273,18|5|5|17|5|10|29|5|5|5,78,17
297,0.001315483163013822,-5.836379393095404,-5.843200306741135,4.911992638936109,4.927656508194997,4.4063985638017895,5,0.16666666666666666,0,2,8951,62.70933333333334,4.911992638936109,-0.182616751889253,0.005112726571432693,1668.0,0.5058610897448345,6.868792578039889,-0.40445511164870773,-1.0900507148303882,-7.706745003924977,-7.2626647873370755,-0.5710578093869513,-0.04346207728366104,20|5|5|19|5|9|26|5|5|5,79,16
298,0.0013023283313836837,-5.8325520533670225,-5.843200306741135,4.912014126008862,4.927656508194997,4.4063985638017895,1,0.03333333333333333,0,0,8981,62.70933333333334,4.912014126008862,-0.18261675188925297,0.005112726571432693,1707.0,0.5058610897448345,6.868767860386963,-0.40444938394832836,-1.090050714830386,-7.706745003924977,-7.224409259689028,-0.5710578093869513,-0.0434699587572673,20|5|5|20|5|9|26|5|5|5,80,16
299,0.0012893050480698469,-5.8283534528486145,-5.843200306741135,4.912600457298656,4.927656508194997,4.4063985638017895,1,0.03333333333333333,0,1,9011,62.70933333333334,4.912600457298656,-0.1826167518892528,0.005112726571432693,1748.0,0.5058610897448345,6.868896883687927,-0.40429308857996527,-1.0900507148303717,-7.706745003924977,-7.184191910110311,-0.5710578093869513,-0.04342881837293647,20|5|5|21|5|9|26|5|5|5,80,17
300,0.0012764119975891483,-5.8287456518655185,-5.843200306741135,4.905842020976534,4.927656508194997,4.4063985638017895,2,0.06666666666666667,0,3,9041,62.70933333333334,4.905842020976534,-0.18249801169035085,0.005114531701762323,1709.0,0.5058610897448345,6.868852487262099,-0.40609465079046164,-1.0799946512836902,-7.706317079305504,-7.222447437758358,-0.5710578093869513,-0.0434429746222948,19|5|5|21|5|9|26|5|5|5,79,17
301,0.0012636478776132567,-5.831778697956142,-5.843200306741135,4.916084125837935,4.927656508194997,4.4063985638017895,2,0.06666666666666667,0,2,9071,62.70933333333334,4.916084125837935,-0.18244384609070807,0.005114235352100194,1628.0,0.49758449045060177,6.86895045466033,-0.40336446466533027,-1.0754073866749994,-7.7063873320259395,-7.301901225950458,-0.5712417659639726,-0.043411736726620125,19|5|5|21|5|10|24|5|5|5,78,17
302,0.0012510113988371241,-5.832352024528589,-5.843200306741135,4.916084125837935,4.927656508194997,4.4063985638017895,1,0.03333333333333333,0,0,9101,62.70933333333334,4.916084125837935,-0.18244823423668394,0.005114336347433453,1624.0,0.4969439873712016,6.86895045466033,-0.40336446466533027,-1.075779017135395,-7.706363390048541,-7.305824869811796,-0.5712560018536018,-0.043411736726620125,19|5|5|22|5|10|23|5|5|5,78,17
303,0.0012385012848487528,-5.832352024528589,-5.843200306741135,4.916084125837935,4.927656508194997,4.4063985638017895,0,0.0,0,1,9131,62.70933333333334,4.916084125837935,-0.18244823423668394,0.005114336347433453,1624.0,0.4969439873712016,6.86895045466033,-0.40336446466533027,-1.075779017135395,-7.706363390048541,-7.305824869811796,-0.5712560018536018,-0.043411736726620125,19|5|5|22|5|10|23|5|5|5,78,17
304,0.0012261162720002652,-5.834363278734228,-5.843200306741135,4.908229021559276,4.927656508194997,4.4063985638017895,2,0.06666666666666667,0,0,9161,62.70933333333334,4.908229021559276,-0.18248224963648124,0.005110747543300117,1644.0,0.4969439873712016,6.868866257863687,-0.40545836010999403,-1.0786597687687143,-7.707214152798417,-7.286206650505105,-0.5712560018536018,-0.0434385837267155,20|5|5|23|5|9|22|5|5|5,78,17
305,0.0012138551092802626,-5.838773761047931,-5.843200306741135,4.9082205061245,4.927656508194997,4.4063985638017895,1,0.03333333333333333,0,3,9191,62.70933333333334,4.9082205061245,-0.18248224963648127,0.005110747543300117,1599.0,0.4969439873712016,6.868903182812727,-0.4054606300264018,-1.0786597687687167,-7.707214152798417,-7.33034764394516,-0.5712560018536018,-0.04342680983329052,20|5|5|22|5|9|22|5|5|5,77,17
306,0.00120171655818746,-5.838773761047931,-5.843200306741135,4.9082205061245,4.927656508194997,4.4063985638017895,0,0.0,0,2,9221,62.70933333333334,4.9082205061245,-0.18248224963648127,0.005110747543300117,1599.0,0.4969439873712016,6.868903182812727,-0.4054606300264018,-1.0786597687687167,-7.707214152798417,-7.33034764394516,-0.5712560018536018,-0.04342680983329052,20|5|5|22|5|9|22|5|5|5,77,17
307,0.0011896993926055854,-5.84694502008681,-5.84694502008681,4.905683360242744,4.905683360242744,4.383161159320735,2,0.06666666666666667,1,1,9251,62.70933333333334,4.905683360242744,-0.1825647019593536,0.005107427498693961,1562.0,0.4983099356305425,6.868929523381821,-0.40613694418033214,-1.0856426255100988,-7.708001203351723,-7.3666413496625385,-0.571225642142174,-0.04341841087645157,19|5|5|21|5|9|23|5|5|5,76,17
308,0.0011778023986795296,-5.852769172775448,-5.852769172775448,4.9248670391384195,4.9248670391384195,4.383161159320735,2,0.06666666666666667,2,4,9281,62.70933333333334,4.9248670391384195,-0.18276269266165704,0.005106595020599298,1536.0,0.49272334233959814,6.86991526615077,-0.4010232478592436,-1.1024103848908926,-7.708198550804164,-7.392145034761238,-0.5713498103593944,-0.04310409682571145,19|5|5|21|5|10|22|5|5|5,75,18
309,0.0011660243746927344,-5.858125241199105,-5.858125241199105,4.923240930305805,4.923240930305805,4.383161159320735,2,0.06666666666666667,2,1,9311,62.70933333333334,4.923240930305805,-0.1828049956461973,0.005110726266149671,1499.0,0.49272334233959814,6.869967958859152,-0.40145671147173695,-1.1059930090121666,-7.707219196764695,-7.428438740478616,-0.5713498103593944,-0.04308729522276001,18|5|5|21|5|10|22|5|5|5,74,18
310,0.001154364130945807,-5.867145981503902,-5.867145981503902,4.9231979596052975,4.9231979596052975,4.383161159320735,1,0.03333333333333333,1,0,9341,62.70933333333334,4.9231979596052975,-0.1829766400361152,0.005096428210868862,1509.0,0.4002917995227369,6.869967958859152,-0.4014681659541797,-1.1205295089372764,-7.710608697104263,-7.41862963082527,-0.5734042036700914,-0.04308729522276001,17|5|5|21|5|10|23|5|5|5,74,18
311,0.001142820489636349,-5.867145981503902,-5.867145981503902,4.9231979596052975,4.9231979596052975,4.383161159320735,0,0.0,0,3,9371,62.70933333333334,4.9231979596052975,-0.1829766400361152,0.005096428210868862,1509.0,0.4002917995227369,6.869967958859152,-0.4014681659541797,-1.1205295089372764,-7.710608697104263,-7.41862963082527,-0.5734042036700914,-0.04308729522276001,17|5|5|21|5|10|23|5|5|5,74,18
312,0.0011313922847399854,-5.867854898785259,-5.868272546318841,4.915437772946024,4.91645991017216,4.383161159320735,2,0.06666666666666667,1,1,9401,62.70933333333334,4.915437772946024,-0.18293128689254134,0.005100364724714019,1500.0,0.4002917995227369,6.869061168696385,-0.403536759688796,-1.1166885679750929,-7.70967550620852,-7.427457829513282,-0.5734042036700914,-0.04337643443656783,16|5|5|22|5|9|23|5|5|5,73,18
313,0.0011200783618925856,-5.8800037595131425,-5.881039400420749,4.915208098420885,4.915228316898324,4.383161159320735,3,0.1,2,0,9431,62.70933333333334,4.915208098420885,-0.18312657439473826,0.0050852012594328295,1481.0,0.3848078501957396,6.869154675135305,-0.40359798286609383,-1.1332273943382387,-7.713270160845829,-7.4460951378546385,-0.5737483515762188,-0.043346618962883436,15|5|5|20|5|9|25|5|5|5,72,18
314,0.0011088775782736597,-5.885724874675861,-5.889749821651864,4.91529771346899,4.915199400298452,4.383161159320735,4,0.13333333333333333,2,0,9461,62.70933333333334,4.91529771346899,-0.18313376021976793,0.005085366525641643,1426.0,0.3820011981673517,6.8689407305272585,-0.4035740946356713,-1.1338359592033982,-7.713230982799591,-7.5000452409480385,-0.5738107325229914,-0.04341483736479047,15|5|5|21|5|9|23|5|5|5,71,18
315,0.001097788802490923,-5.885724874675861,-5.889749821651864,4.91529771346899,4.915199400298452,4.383161159320735,0,0.0,0,0,9491,62.70933333333334,4.91529771346899,-0.18313376021976793,0.005085366525641643,1426.0,0.3820011981673517,6.8689407305272585,-0.4035740946356713,-1.1338359592033982,-7.713230982799591,-7.5000452409480385,-0.5738107325229914,-0.04341483736479047,15|5|5|21|5|9|23|5|5|5,71,18
316,0.0010868109144660139,-5.931218769570888,-5.931218769570888,4.908485016223139,4.908485016223139,4.383161159320735,5,0.16666666666666666,4,0,9521,62.70933333333334,4.908485016223139,-0.18398975950402802,0.005149562907774147,1284.0,0.3820011981673517,6.861972118799842,-0.40539012090634935,-1.2063302221239192,-7.6980125733890965,-7.639334598025546,-0.5738107325229914,-0.04563684968796045,13|5|5|20|5|9|22|5|5|5,68,17
317,0.0010759428053213537,-5.928011171993907,-5.931218769570888,4.897039295981523,4.908485016223139,4.375376808034854,4,0.13333333333333333,0,0,9551,62.70933333333334,4.897039295981523,-0.1839214501131467,0.005148488555811024,1320.0,0.38063524990801084,6.861829863850148,-0.4084411486998219,-1.2005451250642047,-7.698267259517546,-7.604021803273502,-0.5738410922344193,-0.04568220911730097,14|5|5|21|5|7|22|5|5|5,68,17
318,0.0010651833772681403,-5.940299295501267,-5.940299295501267,4.896767592362124,4.896767592362124,4.351831127782223,3,0.1,3,0,9581,62.70933333333334,4.896767592362124,-0.18392532150467553,0.005148572319312277,1197.0,0.37926930164867,6.861947111149248,-0.4085135753603442,-1.200872991781525,-7.698247402522286,-7.724673852009653,-0.5738714519458471,-0.04564482363025581,14|5|5|19|5|7|21|5|5|5,66,16
319,0.0010545315434954588,-5.936298657588366,-5.940299295501267,4.891519436673804,4.896767592362124,4.351831127782223,1,0.03333333333333333,0,0,9611,62.70933333333334,4.891519436673804,-0.18382458525019302,0.00514404641449768,1213.0,0.37926930164867,6.862580320844914,-0.4099125496958619,-1.1923416756316572,-7.699320314579531,-7.7089792765643,-0.5738714519458471,-0.04544291831511469,15|5|5|19|5|6|21|5|5|5,66,16
320,0.001043986228060504,-5.946743052018195,-5.946743052018195,4.890741685422702,4.890741685422702,4.351831127782223,3,0.1,2,1,9641,62.70933333333334,4.890741685422702,-0.18382458525019135,0.00514404641449768,1108.0,0.37926930164867,6.862972291640206,-0.41011987091579644,-1.192341675631516,-7.699320314579531,-7.811974927924429,-0.5738714519458471,-0.045317934463017386,15|5|5|16|5|6|21|5|5|5,63,16
321,0.001033546365779899,-5.946743052018195,-5.946743052018195,4.890741685422702,4.890741685422702,4.351831127782223,0,0.0,0,0,9671,62.70933333333334,4.890741685422702,-0.18382458525019135,0.00514404641449768,1108.0,0.37926930164867,6.862972291640206,-0.41011987091579644,-1.192341675631516,-7.699320314579531,-7.811974927924429,-0.5738714519458471,-0.045317934463017386,15|5|5|16|5|6|21|5|5|5,63,16
322,0.0010232109021221,-5.951242222989792,-5.951242222989792,4.889370082601372,4.889370082601372,4.351831127782223,1,0.03333333333333333,1,0,9701,62.70933333333334,4.889370082601372,-0.18386005794445362,0.005145853553860024,1079.0,0.37926930164867,6.8629658706432455,-0.41048549214723856,-1.1953458449943104,-7.69889191369829,-7.840421345919131,-0.5738714519458471,-0.04531998186283417,14|5|5|16|5|6|21|5|5|5,62,16
323,0.001012978793100879,-5.959669597398323,-5.959669597398323,4.885541967623242,4.885541967623242,4.351831127782223,2,0.06666666666666667,2,0,9731,62.70933333333334,4.885541967623242,-0.1839679534731077,0.005151063916103168,1044.0,0.37755075824804235,6.862944449737002,-0.4115059334081055,-1.2044834774269815,-7.697656744002442,-7.87475322970584,-0.5739096484744216,-0.04532681213542048,13|5|5|17|5|6|20|5|5|5,61,16
324,0.00100284900516987,-5.964771989603241,-5.964771989603241,4.874397662804499,4.874397662804499,4.351831127782223,2,0.06666666666666667,2,2,9761,62.70933333333334,4.874397662804499,-0.18397403289332478,0.005149659695308081,1033.0,0.37755075824804235,6.859000182462626,-0.4144766144157791,-1.2049983412776002,-7.697989628913592,-7.88554325032452,-0.5739096484744216,-0.04658448164440713,13|5|5|17|5|5|20|5|5|5,60,16
325,0.0009928205151181714,-5.964771989603241,-5.964771989603241,4.874397662804499,4.874397662804499,4.351831127782223,0,0.0,0,2,9791,62.70933333333334,4.874397662804499,-0.18397403289332478,0.005149659695308081,1033.0,0.37755075824804235,6.859000182462626,-0.4144766144157791,-1.2049983412776002,-7.697989628913592,-7.88554325032452,-0.5739096484744216,-0.04658448164440713,13|5|5|17|5|5|20|5|5|5,60,16
326,0.0009828923099669895,-5.964623261845573,-5.964771989603241,4.874410309237191,4.874397662804499,4.351831127782223,1,0.03333333333333333,0,0,9821,62.70933333333334,4.874410309237191,-0.18396136886232023,0.005149674047820039,1029.0,0.37755075824804235,6.858998700880618,-0.4144732433201368,-1.2039258291737245,-7.69798622650374,-7.889466894185859,-0.5739096484744216,-0.046584954061813746,13|5|5|18|5|5|19|5|5|5,60,16
327,0.0009730633868673197,-5.975135048297596,-5.975135048297596,4.874410309237191,4.874410309237191,4.351831127782223,1,0.03333333333333333,1,0,9851,62.70933333333334,4.874410309237191,-0.184103870079497,0.005152224620345001,992.0,0.2740195488462786,6.858998700880618,-0.4144732433201368,-1.2159942045736367,-7.697381587182542,-7.925760599903238,-0.5762107441562796,-0.046584954061813746,13|5|5|18|5|5|18|5|5|5,59,16
328,0.0009633327529986465,-5.974446451286189,-5.976587299923915,4.874486197002688,4.87448789594854,4.351831127782223,3,0.1,1,1,9881,62.70933333333334,4.874486197002688,-0.18417614773427182,0.005153140074571869,1029.0,0.2746034846290604,6.85890200108513,-0.4144530143020559,-1.222115372435423,-7.697164569388731,-7.889466894185859,-0.576197765537407,-0.04661578776953457,13|5|5|18|5|5|19|5|5|5,59,17
329,0.00095369942546866,-5.974446451286189,-5.976587299923915,4.874486197002688,4.87448789594854,4.351831127782223,0,0.0,0,0,9911,62.70933333333334,4.874486197002688,-0.18417614773427182,0.005153140074571869,1029.0,0.2746034846290604,6.85890200108513,-0.4144530143020559,-1.222115372435423,-7.697164569388731,-7.889466894185859,-0.576197765537407,-0.04661578776953457,13|5|5|18|5|5|19|5|5|5,59,17
330,0.0009441624312139734,-5.9778912979286325,-5.9778912979286325,4.8744514148369165,4.8744514148369165,4.351831127782223,1,0.03333333333333333,1,0,9941,62.70933333333334,4.8744514148369165,-0.18417614773427177,0.005153140074571869,994.0,0.2746034846290604,6.858887031776948,-0.41446228600818236,-1.2221153724354183,-7.697164569388731,-7.923798777972569,-0.576197765537407,-0.04662056088483351,13|5|5|17|5|5|19|5|5|5,58,17
331,0.0009347208069018336,-5.982995545016069,-5.982995545016069,4.8744514148369165,4.8744514148369165,4.351831127782223,1,0.03333333333333333,1,0,9971,62.70933333333334,4.8744514148369165,-0.18421221407225719,0.005153747997122265,957.0,0.27282978379379846,6.858887031776948,-0.41446228600818236,-1.225169817265656,-7.697020455126299,-7.960092483689947,-0.5762371880009957,-0.04662056088483351,13|5|5|17|5|5|18|5|5|5,57,17
332,0.0009253735988328153,-5.982995545016069,-5.982995545016069,4.8744514148369165,4.8744514148369165,4.351831127782223,0,0.0,0,0,10001,62.70933333333334,4.8744514148369165,-0.18421221407225719,0.005153747997122265,957.0,0.27282978379379846,6.858887031776948,-0.41446228600818236,-1.225169817265656,-7.697020455126299,-7.960092483689947,-0.5762371880009957,-0.04662056088483351,13|5|5|17|5|5|18|5|5|5,57,17
333,0.0009161198628444871,-5.979771651437154,-5.982995545016069,4.876480721622018,4.8744514148369165,4.351831127782223,1,0.03333333333333333,0,0,10031,62.70933333333334,4.876480721622018,-0.18409256067211946,0.005138594793399105,951.0,0.27282978379379846,6.858892727123775,-0.4139213439554214,-1.2150364150439281,-7.7006126771562515,-7.965977949481955,-0.5762371880009957,-0.04661874486590041,14|5|5|16|5|5|18|5|5|5,57,17
334,0.0009069586642160422,-5.983958411829158,-5.985545704510907,4.873666137628524,4.873666137628524,4.351831127782223,2,0.06666666666666667,1,0,10061,62.70933333333334,4.873666137628524,-0.1842038279313865,0.005141095494599511,961.0,0.27282978379379846,6.858878809992542,-0.4146716133845125,-1.2244595980956798,-7.7000198603429535,-7.956168839828609,-0.5762371880009957,-0.046623182483938694,13|5|5|16|5|5|19|5|5|5,57,17
335,0.0008978890775738818,-5.9913682369872285,-5.9913682369872285,4.863706089922735,4.863706089922735,4.351831127782223,1,0.03333333333333333,1,0,10091,62.70933333333334,4.863706089922735,-0.18438764916943917,0.005160089415283863,969.0,0.27282978379379846,6.858834717575297,-0.41732661295930423,-1.2400273507875343,-7.695517157049047,-7.9483215521059325,-0.5762371880009957,-0.04663724179708597,12|5|5|17|5|5|19|5|5|5,57,17
336,0.000888910186798143,-5.996293709516367,-5.996293709516367,4.860296574996238,4.860296574996238,4.351831127782223,1,0.03333333333333333,1,0,10121,62.70933333333334,4.860296574996238,-0.18444963429848743,0.005167373044292602,946.0,0.27282978379379846,6.858840358184951,-0.4182354701201824,-1.2452768484506906,-7.693790498247304,-7.970882504308627,-0.5762371880009957,-0.04663544323165404,11|5|5|17|5|5|19|5|5|5,57,17
337,0.0008800210849301615,-6.011227856112156,-6.011227856112156,4.937936647330746,4.937936647330746,4.34515488913709,3,0.1,3,0,10151,62.61266666666668,4.937936647330746,-0.18549536948384138,0.005264233962464794,892.0,0.2722294016847519,6.874357194953384,-0.3975393484625417,-1.3338397746893709,-7.670828626259279,-8.023851696436694,-0.5762505321576666,-0.04168774290557256,10|5|5|16|5|5|19|5|5|5,55,17
338,0.0008712208740808598,-6.012887584127973,-6.012887584127973,4.936655113137545,4.936655113137545,4.34515488913709,1,0.03333333333333333,1,2,10181,62.61266666666668,4.936655113137545,-0.18551713200150835,0.005264434310454492,888.0,0.2709319527727768,6.8742722021885605,-0.3978809605550272,-1.3356828342649707,-7.670781131717835,-8.027775340298032,-0.5762793693953077,-0.04171484370817216,10|5|5|17|5|5|18|5|5|5,55,17
339,0.0008625086653400512,-6.024575212970036,-6.024575212970036,4.956235533636129,4.956235533636129,4.34515488913709,3,0.1,3,2,10211,62.56933333333335,4.956235533636129,-0.1859197355977948,0.005294898222710365,873.0,0.2709319527727768,6.861737349020408,-0.3926615068301452,-1.3697791839916704,-7.663559349530821,-8.04248900477805,-0.5762793693953077,-0.04571170840637024,9|5|5|16|5|5|19|5|5|5,54,17
340,0.0008538835786866506,-6.024575212970036,-6.024575212970036,4.956235533636129,4.956235533636129,4.34515488913709,0,0.0,0,0,10241,62.56933333333335,4.956235533636129,-0.1859197355977948,0.005294898222710365,873.0,0.2709319527727768,6.861737349020408,-0.3926615068301452,-1.3697791839916704,-7.663559349530821,-8.04248900477805,-0.5762793693953077,-0.04571170840637024,9|5|5|16|5|5|19|5|5|5,54,17
341,0.0008453447428997842,-6.024575212970036,-6.024575212970036,4.956235533636129,4.956235533636129,4.34515488913709,0,0.0,0,1,10271,62.56933333333335,4.956235533636129,-0.1859197355977948,0.005294898222710365,873.0,0.2709319527727768,6.861737349020408,-0.3926615068301452,-1.3697791839916704,-7.663559349530821,-8.04248900477805,-0.5762793693953077,-0.04571170840637024,9|5|5|16|5|5|19|5|5|5,54,17
342,0.0008368912954707863,-6.041663676608529,-6.041663676608529,4.962927267665607,4.962927267665607,4.34515488913709,2,0.06666666666666667,2,0,10301,62.61266666666668,4.962927267665607,-0.1865505816910683,0.005333541801666482,906.0,0.2709319527727768,6.861884007181532,-0.39087772511265834,-1.4232053064068133,-7.654398493636682,-8.01011894292201,-0.5762793693953077,-0.045664944968535355,8|5|5|16|5|6|20|5|5|5,55,17
343,0.0008285223825160784,-6.063131084242935,-6.063131084242935,4.927032234092491,4.927032234092491,4.34515488913709,4,0.13333333333333333,4,4,10331,62.66333333333334,4.927032234092491,-0.18666636719477034,0.0053407559982864864,812.0,0.2709319527727768,6.870472910181694,-0.4004460827841146,-1.433011137909366,-7.652688294493303,-8.102324573663457,-0.5762793693953077,-0.042926286386972136,7|5|5|15|5|8|18|5|5|5,54,16
344,0.0008202371586909176,-6.072052667553677,-6.072052667553677,4.921472132882212,4.921472132882212,4.34515488913709,3,0.1,3,0,10361,62.66333333333334,4.921472132882212,-0.1868655370060413,0.005340928345882597,843.0,0.2681966420122771,6.857699276676617,-0.4019282108607209,-1.4498787555927015,-7.652647437731732,-8.071916333738088,-0.5763401647034654,-0.04699928861039482,7|5|5|16|5|8|18|5|5|5,54,16
345,0.0008120347871040085,-6.079747067773132,-6.079747067773132,4.922458245679453,4.922458245679453,4.34515488913709,1,0.03333333333333333,1,0,10391,62.66333333333334,4.922458245679453,-0.18713876418318165,0.0053550018089815864,863.0,0.2681966420122771,6.85758976046056,-0.40166534775657653,-1.4730182642124607,-7.649311179267479,-8.052298114431396,-0.5763401647034654,-0.0470342089634269,6|5|5|17|5|8|18|5|5|5,54,16
346,0.0008039144392329684,-6.083186200405636,-6.083186200405636,4.9180579091045615,4.9180579091045615,4.34515488913709,1,0.03333333333333333,1,2,10421,62.66333333333334,4.9180579091045615,-0.18711233922306422,0.005355408575868874,828.0,0.2681966420122771,6.857588863813214,-0.4028383232362508,-1.47078034410944,-7.649214751013742,-8.086629998218106,-0.5763401647034654,-0.0470344948685012,6|5|5|17|5|8|17|5|5|5,54,15
347,0.0007958752948406387,-6.165180393922464,-6.165684966540626,4.884613984367604,4.882580838697025,4.34515488913709,2,0.06666666666666667,1,1,10451,62.75533333333333,4.884613984367604,-0.18860959025513938,0.0052502846383398975,856.0,0.2694940909242522,6.857720495033917,-0.41175330121415527,-1.5975819804812512,-7.674135456309207,-8.059164491188737,-0.5763113274658245,-0.04699252292258763,5|5|5|16|5|8|19|5|5|5,54,15
348,0.0007879165418922323,-6.1682235733272615,-6.1682235733272615,4.884584833091116,4.884584833091116,4.34515488913709,1,0.03333333333333333,1,2,10481,62.75533333333333,4.884584833091116,-0.18860959025513926,0.0052502846383398975,825.0,0.2694940909242522,6.857754461628948,-0.4117610719225862,-1.5975819804812417,-7.674135456309207,-8.089572731114108,-0.5763113274658245,-0.04698169233025606,5|5|5|15|5|8|19|5|5|5,53,15
349,0.00078003737647331,-6.1682235733272615,-6.1682235733272615,4.884584833091116,4.884584833091116,4.34515488913709,0,0.0,0,2,10511,62.75533333333333,4.884584833091116,-0.18860959025513926,0.0052502846383398975,825.0,0.2694940909242522,6.857754461628948,-0.4117610719225862,-1.5975819804812417,-7.674135456309207,-8.089572731114108,-0.5763113274658245,-0.04698169233025606,5|5|5|15|5|8|19|5|5|5,53,15
350,0.0007722370027085769,-6.1682235733272615,-6.1682235733272615,4.884584833091116,4.884584833091116,4.34515488913709,0,0.0,0,0,10541,62.75533333333333,4.884584833091116,-0.18860959025513926,0.0052502846383398975,825.0,0.2694940909242522,6.857754461628948,-0.4117610719225862,-1.5975819804812417,-7.674135456309207,-8.089572731114108,-0.5763113274658245,-0.04698169233025606,5|5|5|15|5|8|19|5|5|5,53,15
351,0.0007645146326814912,-6.168348941988417,-6.168348941988417,4.891430469153547,4.891430469153547,4.34515488913709,1,0.03333333333333333,1,2,10571,62.75533333333333,4.891430469153547,-0.18874460293137363,0.005249786967940355,864.0,0.2694940909242522,6.857756642637795,-0.4099362653180588,-1.60901615411726,-7.67425343417089,-8.051317203466061,-0.5763113274658245,-0.04698099689352874,5|5|5|15|5|8|20|5|5|5,54,15
352,0.0007568694863546762,-6.226618776704475,-6.226618776704475,4.897829568985078,4.897829568985078,4.338512415538762,3,0.1,3,5,10601,62.75533333333333,4.897829568985078,-0.19013096521824704,0.00521672147217573,891.0,0.2694940909242522,6.857759414005196,-0.40823048961962605,-1.726426663653574,-7.682091948354888,-8.024832607402027,-0.5763113274658245,-0.04698011321500586,5|5|5|14|5|6|22|5|5|5,53,15
353,0.0007493007914911294,-6.232046605762614,-6.232046605762614,4.871288789316182,4.871288789316182,4.338512415538762,2,0.06666666666666667,2,1,10631,62.75533333333333,4.871288789316182,-0.19011910461372017,0.005216302644073951,891.0,0.2694940909242522,6.865251232637885,-0.4153053311080462,-1.7254221934410656,-7.682191235842963,-8.024832607402027,-0.5763113274658245,-0.04459127107887503,5|5|5|14|5|6|22|5|5|5,54,14
354,0.0007418077835762182,-6.232046605762614,-6.232046605762614,4.871288789316182,4.871288789316182,4.338512415538762,0,0.0,0,0,10661,62.75533333333333,4.871288789316182,-0.19011910461372017,0.005216302644073951,891.0,0.2694940909242522,6.865251232637885,-0.4153053311080462,-1.7254221934410656,-7.682191235842963,-8.024832607402027,-0.5763113274658245,-0.04459127107887503,5|5|5|14|5|6|22|5|5|5,54,14
355,0.000734389705740456,-6.232046605762614,-6.232046605762614,4.871288789316182,4.871288789316182,4.338512415538762,0,0.0,0,4,10691,62.75533333333333,4.871288789316182,-0.19011910461372017,0.005216302644073951,891.0,0.2694940909242522,6.865251232637885,-0.4153053311080462,-1.7254221934410656,-7.682191235842963,-8.024832607402027,-0.5763113274658245,-0.04459127107887503,5|5|5|14|5|6|22|5|5|5,54,14
356,0.0007270458086830515,-6.2380075167264835,-6.2380075167264835,4.8690306606552785,4.8690306606552785,4.338512415538762,1,0.03333333333333333,1,1,10721,62.75533333333333,4.8690306606552785,-0.1901484366640977,0.0052170469576648445,848.0,0.2694940909242522,6.865331398228568,-0.4159072690516807,-1.7279063139434612,-7.682014788688471,-8.067011778911414,-0.5763113274658245,-0.04456570946956753,5|5|5|14|5|6|21|5|5|5,54,13
357,0.000719775350596221,-6.243036930845148,-6.243036930845148,4.8681382224543475,4.8681382224543475,4.338512415538762,2,0.06666666666666667,2,3,10751,62.75533333333333,4.8681382224543475,-0.19014360633207095,0.005217163477923425,797.0,0.268853587844852,6.865330719643409,-0.41614516179215644,-1.7274972349098925,-7.681987166368632,-8.117038238143477,-0.5763255633554537,-0.04456592584330796,5|5|5|15|5|6|19|5|5|5,54,12
358,0.0007125775970902588,-6.243036930845148,-6.243036930845148,4.8681382224543475,4.8681382224543475,4.338512415538762,0,0.0,0,0,10781,62.75533333333333,4.8681382224543475,-0.19014360633207095,0.005217163477923425,797.0,0.268853587844852,6.865330719643409,-0.41614516179215644,-1.7274972349098925,-7.681987166368632,-8.117038238143477,-0.5763255633554537,-0.04456592584330796,5|5|5|15|5|6|19|5|5|5,54,12
359,0.0007054518211193562,-6.243036930845148,-6.243036930845148,4.8681382224543475,4.8681382224543475,4.338512415538762,0,0.0,0,0,10811,62.75533333333333,4.8681382224543475,-0.19014360633207095,0.005217163477923425,797.0,0.268853587844852,6.865330719643409,-0.41614516179215644,-1.7274972349098925,-7.681987166368632,-8.117038238143477,-0.5763255633554537,-0.04456592584330796,5|5|5|15|5|6|19|5|5|5,54,12
360,0.0006983973029081625,-6.245694950855318,-6.245884159906492,4.870276053144654,4.868128378746027,4.338512415538762,2,0.06666666666666667,1,0,10841,62.80466666666667,4.870276053144654,-0.19024128328650142,0.005216657119893705,807.0,0.268853587844852,6.865251246293023,-0.41557529107050917,-1.7357694600693785,-7.682107203721963,-8.10722912849013,-0.5763255633554537,-0.044591266724796075,5|5|5|14|5|6|20|5|5|5,54,12
361,0.000691413329879081,-6.254058155847964,-6.254058155847964,4.868579009781441,4.868579009781441,4.338512415538762,2,0.06666666666666667,2,1,10871,62.80466666666667,4.868579009781441,-0.19032160848636936,0.005217208864884712,760.0,0.268853587844852,6.865473325860323,-0.4160276633422919,-1.7425721715499187,-7.6819764069249405,-8.153331943860856,-0.5763255633554537,-0.04452045440886176,5|5|5|15|5|6|18|5|5|5,54,11
362,0.0006844991965802901,-6.258052053394486,-6.258052053394486,4.8685298509199155,4.8685298509199155,4.338512415538762,1,0.03333333333333333,1,2,10901,62.80466666666667,4.8685298509199155,-0.1903343705034835,0.0052172043835953755,725.0,0.2682535083637095,6.865473325860323,-0.41604076737153983,-1.74365298206119,-7.681977469260443,-8.187663827647565,-0.5763389007858846,-0.04452045440886176,5|5|5|15|5|6|17|5|5|5,54,11
363,0.0006776542046144872,-6.258052053394486,-6.258052053394486,4.8685298509199155,4.8685298509199155,4.338512415538762,0,0.0,0,0,10931,62.80466666666667,4.8685298509199155,-0.1903343705034835,0.0052172043835953755,725.0,0.2682535083637095,6.865473325860323,-0.41604076737153983,-1.74365298206119,-7.681977469260443,-8.187663827647565,-0.5763389007858846,-0.04452045440886176,5|5|5|15|5|6|17|5|5|5,54,11
364,0.0006708776625683424,-6.261588465360202,-6.261588465360202,4.868482038281531,4.868482038281531,4.338512415538762,1,0.03333333333333333,1,1,10961,62.80466666666667,4.868482038281531,-0.1903409340538464,0.005217199427220614,692.0,0.26752096438407014,6.865473325860323,-0.4160535125448894,-1.7442088467148738,-7.681978644219807,-8.220033889503606,-0.5763551823863611,-0.04452045440886176,5|5|5|15|5|6|16|5|5|5,53,11
365,0.000664168885942659,-6.261588465360202,-6.261588465360202,4.868482038281531,4.868482038281531,4.338512415538762,0,0.0,0,0,10991,62.80466666666667,4.868482038281531,-0.1903409340538464,0.005217199427220614,692.0,0.26752096438407014,6.865473325860323,-0.4160535125448894,-1.7442088467148738,-7.681978644219807,-8.220033889503606,-0.5763551823863611,-0.04452045440886176,5|5|5|15|5|6|16|5|5|5,53,11
366,0.0006575271970832324,-6.261588465360202,-6.261588465360202,4.868482038281531,4.868482038281531,4.338512415538762,0,0.0,0,2,11021,62.80466666666667,4.868482038281531,-0.1903409340538464,0.005217199427220614,692.0,0.26752096438407014,6.865473325860323,-0.4160535125448894,-1.7442088467148738,-7.681978644219807,-8.220033889503606,-0.5763551823863611,-0.04452045440886176,5|5|5|15|5|6|16|5|5|5,53,11
367,0.0006509519251124001,-6.264225733000036,-6.264225733000036,4.869575148469449,4.869575148469449,4.338512415538762,1,0.03333333333333333,1,0,11051,62.80466666666667,4.869575148469449,-0.19034093405384972,0.005217199427220614,663.0,0.26752096438407014,6.864946381946329,-0.41576212768712045,-1.7442088467151557,-7.681978644219807,-8.248480307498307,-0.5763551823863611,-0.044688475804846445,5|5|5|14|5|6|16|5|5|5,52,11
368,0.0006444424058612761,-6.264225733000036,-6.264225733000036,4.869575148469449,4.869575148469449,4.338512415538762,0,0.0,0,2,11081,62.80466666666667,4.869575148469449,-0.19034093405384972,0.005217199427220614,663.0,0.26752096438407014,6.864946381946329,-0.41576212768712045,-1.7442088467151557,-7.681978644219807,-8.248480307498307,-0.5763551823863611,-0.044688475804846445,5|5|5|14|5|6|16|5|5|5,52,11
369,0.0006379979818026633,-6.264225733000036,-6.264225733000036,4.869575148469449,4.869575148469449,4.338512415538762,0,0.0,0,2,11111,62.80466666666667,4.869575148469449,-0.19034093405384972,0.005217199427220614,663.0,0.26752096438407014,6.864946381946329,-0.41576212768712045,-1.7442088467151557,-7.681978644219807,-8.248480307498307,-0.5763551823863611,-0.044688475804846445,5|5|5|14|5|6|16|5|5|5,52,11
370,0.0006316180019846367,-6.266849878277026,-6.266849878277026,4.86966636199856,4.86966636199856,4.338512415538762,1,0.03333333333333333,1,2,11141,62.80466666666667,4.86966636199856,-0.19034093405384997,0.005217199427220614,636.0,0.26752096438407014,6.864946381946329,-0.4157378133576959,-1.744208846715177,-7.681978644219807,-8.27496490356234,-0.5763551823863611,-0.044688475804846445,5|5|5|13|5|6|16|5|5|5,52,10
371,0.0006253018219647903,-6.274632855167807,-6.274632855167807,4.865762525214661,4.865762525214661,4.338512415538762,2,0.06666666666666667,2,1,11171,62.80466666666667,4.865762525214661,-0.19037002039103737,0.005217173171139156,580.0,0.26622351547209505,6.86494598604739,-0.4167784393975975,-1.746672157858341,-7.681984868492637,-8.329895917621077,-0.576384019624002,-0.04468860204122673,5|5|5|12|5|6|15|5|5|5,50,10
372,0.0006190488037451424,-6.274632855167807,-6.274632855167807,4.865762525214661,4.865762525214661,4.338512415538762,0,0.0,0,1,11201,62.80466666666667,4.865762525214661,-0.19037002039103737,0.005217173171139156,580.0,0.26622351547209505,6.86494598604739,-0.4167784393975975,-1.746672157858341,-7.681984868492637,-8.329895917621077,-0.576384019624002,-0.04468860204122673,5|5|5|12|5|6|15|5|5|5,50,10
373,0.0006128583157076909,-6.274632855167807,-6.274632855167807,4.865762525214661,4.865762525214661,4.338512415538762,0,0.0,0,0,11231,62.80466666666667,4.865762525214661,-0.19037002039103737,0.005217173171139156,580.0,0.26622351547209505,6.86494598604739,-0.4167784393975975,-1.746672157858341,-7.681984868492637,-8.329895917621077,-0.576384019624002,-0.04468860204122673,5|5|5|12|5|6|15|5|5|5,50,10
374,0.000606729732550614,-6.27504832557626,-6.27504832557626,4.865169554418695,4.865169554418695,4.338512415538762,1,0.03333333333333333,1,0,11261,62.80466666666667,4.865169554418695,-0.19036722670787615,0.005217313736330125,576.0,0.26622351547209505,6.864945986047539,-0.4169365046255622,-1.7464355618642435,-7.681951546075487,-8.333819561482414,-0.576384019624002,-0.04468860204117916,5|5|5|13|5|6|14|5|5|5,50,10
375,0.0006006624352251079,-6.272385155472494,-6.27504832557626,4.865224739834574,4.865169554418695,4.338512415538762,1,0.03333333333333333,0,2,11291,62.80466666666667,4.865224739834574,-0.1903672267078766,0.005217313736330125,603.0,0.26622351547209505,6.864945986047539,-0.416921794128181,-1.746435561864281,-7.681951546075487,-8.30733496541838,-0.576384019624002,-0.04468860204117916,5|5|5|14|5|6|14|5|5|5,51,10
376,0.0005946558108728567,-6.276315611375231,-6.276315611375231,4.862720278250653,4.862720278250653,4.338512415538762,1,0.03333333333333333,1,2,11321,62.80466666666667,4.862720278250653,-0.1903815092684712,0.0052172970958458765,576.0,0.2655373644903275,6.864945957123874,-0.4175893957940371,-1.7476451466407665,-7.6819554908725864,-8.333819561482414,-0.5763992700887688,-0.044688611263782325,5|5|5|14|5|6|13|5|5|5,50,10
377,0.0005887092527641282,-6.276315611375231,-6.276315611375231,4.862720278250653,4.862720278250653,4.338512415538762,0,0.0,0,0,11351,62.80466666666667,4.862720278250653,-0.1903815092684712,0.0052172970958458765,576.0,0.2655373644903275,6.864945957123874,-0.4175893957940371,-1.7476451466407665,-7.6819554908725864,-8.333819561482414,-0.5763992700887688,-0.044688611263782325,5|5|5|14|5|6|13|5|5|5,50,10
378,0.0005828221602364869,-6.278843894680464,-6.278843894680464,4.862351202407231,4.862351202407231,4.338512415538762,1,0.03333333333333333,1,1,11381,62.80466666666667,4.862351202407231,-0.19038149226229836,0.005217480325427101,551.0,0.2655373644903275,6.864945571018651,-0.4176877784761584,-1.7476437063942767,-7.681912054425071,-8.358342335615777,-0.5763992700887688,-0.04468873437733749,5|5|5|14|5|6|12|5|5|5,49,10
379,0.0005769939386341221,-6.278843894680464,-6.278843894680464,4.862351202407231,4.862351202407231,4.338512415538762,0,0.0,0,3,11411,62.80466666666667,4.862351202407231,-0.19038149226229836,0.005217480325427101,551.0,0.2655373644903275,6.864945571018651,-0.4176877784761584,-1.7476437063942767,-7.681912054425071,-8.358342335615777,-0.5763992700887688,-0.04468873437733749,5|5|5|14|5|6|12|5|5|5,49,10
380,0.0005712239992477808,-6.278843894680464,-6.278843894680464,4.862351202407231,4.862351202407231,4.338512415538762,0,0.0,0,2,11441,62.80466666666667,4.862351202407231,-0.19038149226229836,0.005217480325427101,551.0,0.2655373644903275,6.864945571018651,-0.4176877784761584,-1.7476437063942767,-7.681912054425071,-8.358342335615777,-0.5763992700887688,-0.04468873437733749,5|5|5|14|5|6|12|5|5|5,49,10
381,0.000565511759255303,-6.278843894680464,-6.278843894680464,4.862351202407231,4.862351202407231,4.338512415538762,0,0.0,0,0,11471,62.80466666666667,4.862351202407231,-0.19038149226229836,0.005217480325427101,551.0,0.2655373644903275,6.864945571018651,-0.4176877784761584,-1.7476437063942767,-7.681912054425071,-8.358342335615777,-0.5763992700887688,-0.04468873437733749,5|5|5|14|5|6|12|5|5|5,49,10
382,0.00055985664166275,-6.281492354286876,-6.281492354286876,4.862351202407231,4.862351202407231,4.338512415538762,1,0.03333333333333333,1,0,11501,62.80466666666667,4.862351202407231,-0.19038149226229856,0.005217480325427101,524.0,0.2655373644903275,6.864945571018651,-0.4176877784761584,-1.7476437063942931,-7.681912054425071,-8.384826931679811,-0.5763992700887688,-0.04468873437733749,5|5|5|13|5|6|12|5|5|5,49,10
383,0.0005542580752461226,-6.2873550444116715,-6.2873550444116715,4.852398915210654,4.852398915210654,4.338512415538762,1,0.03333333333333333,1,4,11531,62.80466666666667,4.852398915210654,-0.1904640243990334,0.005217302937897351,528.0,0.25778249540322806,6.864944884170433,-0.4203407093712342,-1.7546333225421848,-7.681954105954493,-8.380903287818473,-0.5765716306346642,-0.04468895338583774,5|5|5|14|5|6|11|5|5|5,49,10
384,0.0005487154944936614,-6.2873550444116715,-6.2873550444116715,4.852398915210654,4.852398915210654,4.338512415538762,0,0.0,0,1,11561,62.80466666666667,4.852398915210654,-0.1904640243990334,0.005217302937897351,528.0,0.25778249540322806,6.864944884170433,-0.4203407093712342,-1.7546333225421848,-7.681954105954493,-8.380903287818473,-0.5765716306346642,-0.04468895338583774,5|5|5|14|5|6|11|5|5|5,49,10
385,0.0005432283395487247,-6.2873550444116715,-6.2873550444116715,4.852398915210654,4.852398915210654,4.33676440292865,0,0.0,0,0,11591,62.80466666666667,4.852398915210654,-0.1904640243990334,0.005217302937897351,528.0,0.25778249540322806,6.864944884170433,-0.4203407093712342,-1.7546333225421848,-7.681954105954493,-8.380903287818473,-0.5765716306346642,-0.04468895338583774,5|5|5|14|5|6|11|5|5|5,49,10
386,0.0005377960561532374,-6.287143017721686,-6.2873550444116715,4.855210949461812,4.852398915210654,4.33676440292865,1,0.03333333333333333,0,1,11621,62.80466666666667,4.855210949461812,-0.190541064445417,0.005221255910106046,551.0,0.25778249540322806,6.864945147459283,-0.41959111961407025,-1.7611578155886585,-7.681017013435228,-8.358342335615777,-0.5765716306346642,-0.04468886943352546,5|5|5|14|5|6|12|5|5|5,50,10
387,0.000532418095591705,-6.286368214081056,-6.2873550444116715,4.85537743617394,4.852398915210654,4.33676440292865,1,0.03333333333333333,0,0,11651,62.80466666666667,4.85537743617394,-0.19051938184329748,0.005221267237090587,549.0,0.25842299848262823,6.864945147459283,-0.4195467400927098,-1.7593215240312279,-7.681014328257616,-8.360304157546448,-0.576557394745035,-0.04468886943352546,5|5|5|13|5|6|13|5|5|5,50,10
388,0.000527093914635788,-6.286368214081056,-6.2873550444116715,4.85537743617394,4.852398915210654,4.33676440292865,0,0.0,0,0,11681,62.80466666666667,4.85537743617394,-0.19051938184329748,0.005221267237090587,549.0,0.25842299848262823,6.864945147459283,-0.4195467400927098,-1.7593215240312279,-7.681014328257616,-8.360304157546448,-0.576557394745035,-0.04468886943352546,5|5|5|13|5|6|13|5|5|5,50,10
389,0.0005218229754894301,-6.286818925409636,-6.2873550444116715,4.852565377008403,4.852398915210654,4.33676440292865,1,0.03333333333333333,0,1,11711,62.80466666666667,4.852565377008403,-0.1904434606580096,0.005217355454093198,524.0,0.25842299848262823,6.864944884170433,-0.4202963364911739,-1.752891786917307,-7.681941656452783,-8.384826931679811,-0.576557394745035,-0.04468895338583774,5|5|5|13|5|6|12|5|5|5,49,10
390,0.0005166047457345358,-6.290003504018087,-6.290003504018087,4.852398915210654,4.852398915210654,4.33676440292865,1,0.03333333333333333,1,0,11741,62.80466666666667,4.852398915210654,-0.19046402439903368,0.005217302937897351,501.0,0.25778249540322806,6.864944884170433,-0.4203407093712342,-1.7546333225422084,-7.681954105954493,-8.407387883882507,-0.5765716306346642,-0.04468895338583774,5|5|5|13|5|6|11|5|5|5,48,10
391,0.0005114386982771904,-6.290003504018087,-6.290003504018087,4.852398915210654,4.852398915210654,4.33676440292865,0,0.0,0,0,11771,62.80466666666667,4.852398915210654,-0.19046402439903368,0.005217302937897351,501.0,0.25778249540322806,6.864944884170433,-0.4203407093712342,-1.7546333225422084,-7.681954105954493,-8.407387883882507,-0.5765716306346642,-0.04468895338583774,5|5|5|13|5|6|11|5|5|5,48,10
392,0.0005063243112944186,-6.290003504018087,-6.290003504018087,4.852398915210654,4.852398915210654,4.33676440292865,0,0.0,0,4,11801,62.80466666666667,4.852398915210654,-0.19046402439903368,0.005217302937897351,501.0,0.25778249540322806,6.864944884170433,-0.4203407093712342,-1.7546333225422084,-7.681954105954493,-8.407387883882507,-0.5765716306346642,-0.04468895338583774,5|5|5|13|5|6|11|5|5|5,48,10
393,0.0005012610681814744,-6.290003504018087,-6.290003504018087,4.852398915210654,4.852398915210654,4.33676440292865,0,0.0,0,2,11831,62.80466666666667,4.852398915210654,-0.19046402439903368,0.005217302937897351,501.0,0.25778249540322806,6.864944884170433,-0.4203407093712342,-1.7546333225422084,-7.681954105954493,-8.407387883882507,-0.5765716306346642,-0.04468895338583774,5|5|5|13|5|6|11|5|5|5,48,10
394,0.0004962484574996596,-6.290003504018087,-6.290003504018087,4.852398915210654,4.852398915210654,4.33676440292865,0,0.0,0,1,11861,62.80466666666667,4.852398915210654,-0.19046402439903368,0.005217302937897351,501.0,0.25778249540322806,6.864944884170433,-0.4203407093712342,-1.7546333225422084,-7.681954105954493,-8.407387883882507,-0.5765716306346642,-0.04468895338583774,5|5|5|13|5|6|11|5|5|5,48,10
395,0.000491285972924663,-6.29059350507314,-6.29059350507314,4.852045207676811,4.852045207676811,4.33676440292865,1,0.03333333333333333,1,2,11891,62.80466666666667,4.852045207676811,-0.1904892662076569,0.0052172275723117,507.0,0.2571985596204463,6.864945012857585,-0.42043499540074863,-1.7567710419825977,-7.68197197213791,-8.401502418090498,-0.5765846092535368,-0.04468891235263803,5|5|5|14|5|6|10|5|5|5,48,10
396,0.0004863731131954163,-6.29059350507314,-6.29059350507314,4.852045207676811,4.852045207676811,4.33676440292865,0,0.0,0,1,11921,62.80466666666667,4.852045207676811,-0.1904892662076569,0.0052172275723117,507.0,0.2571985596204463,6.864945012857585,-0.42043499540074863,-1.7567710419825977,-7.68197197213791,-8.401502418090498,-0.5765846092535368,-0.04468891235263803,5|5|5|14|5|6|10|5|5|5,48,10
397,0.00048150938206346217,-6.2898607816133785,-6.29059350507314,4.854016339049955,4.852045207676811,4.33676440292865,1,0.03333333333333333,0,3,11951,62.80466666666667,4.854016339049955,-0.19047061966219941,0.005217280077450545,501.0,0.2571985596204463,6.864945185666158,-0.41990956087351106,-1.7551918729414417,-7.681959525257377,-8.407387883882507,-0.5765846092535368,-0.04468885725087698,5|5|5|13|5|6|11|5|5|5,48,10
398,0.00047669428824282756,-6.2898607816133785,-6.29059350507314,4.854016339049955,4.852045207676811,4.33676440292865,0,0.0,0,2,11981,62.80466666666667,4.854016339049955,-0.19047061966219941,0.005217280077450545,501.0,0.2571985596204463,6.864945185666158,-0.41990956087351106,-1.7551918729414417,-7.681959525257377,-8.407387883882507,-0.5765846092535368,-0.04468885725087698,5|5|5|13|5|6|11|5|5|5,48,10
399,0.00047192734536039926,-6.2898607816133785,-6.29059350507314,4.854016339049955,4.852045207676811,4.33676440292865,0,0.0,0,2,12011,62.80466666666667,4.854016339049955,-0.19047061966219941,0.005217280077450545,501.0,0.2571985596204463,6.864945185666158,-0.41990956087351106,-1.7551918729414417,-7.681959525257377,-8.407387883882507,-0.5765846092535368,-0.04468885725087698,5|5|5|13|5|6|11|5|5|5,48,10
400,0.0004672080719067953,-6.2898607816133785,-6.29059350507314,4.854016339049955,4.852045207676811,4.33676440292865,0,0.0,0,1,12041,62.80466666666667,4.854016339049955,-0.19047061966219941,0.005217280077450545,501.0,0.2571985596204463,6.864945185666158,-0.41990956087351106,-1.7551918729414417,-7.681959525257377,-8.407387883882507,-0.5765846092535368,-0.04468885725087698,5|5|5|13|5|6|11|5|5|5,48,10
401,0.00046253599118772736,-6.289457310227828,-6.29059350507314,4.848065352173568,4.852045207676811,4.33676440292865,1,0.03333333333333333,0,0,12071,62.80466666666667,4.848065352173568,-0.1903789899742219,0.005218714616136434,480.0,0.2571985596204463,6.864942869084888,-0.4214958853664365,-1.7474317885421782,-7.681619453179919,-8.427987014154532,-0.5765846092535368,-0.04468959591624258,5|5|5|13|5|6|10|5|5|5,47,10
402,0.0004579106312758501,-6.289457310227828,-6.29059350507314,4.848065352173568,4.852045207676811,4.33676440292865,0,0.0,0,2,12101,62.80466666666667,4.848065352173568,-0.1903789899742219,0.005218714616136434,480.0,0.2571985596204463,6.864942869084888,-0.4214958853664365,-1.7474317885421782,-7.681619453179919,-8.427987014154532,-0.5765846092535368,-0.04468959591624258,5|5|5|13|5|6|10|5|5|5,47,10
403,0.00045333152496309157,-6.297355139706346,-6.297355139706346,4.858366328344936,4.858366328344936,4.33676440292865,2,0.06666666666666667,2,4,12131,62.708000000000006,4.858366328344936,-0.19066037890408916,0.005232751956078797,476.0,0.2571985596204463,6.864943938050272,-0.4187500062137666,-1.7712625129829749,-7.678291758079653,-8.43191065801587,-0.5765846092535368,-0.04468925506581919,5|5|5|12|5|6|11|5|5|5,47,10
404,0.00044879820971346066,-6.299770707785272,-6.299770707785272,4.857768076919782,4.857768076919782,4.33676440292865,1,0.03333333333333333,1,2,12161,62.708000000000006,4.857768076919782,-0.19066037890409057,0.005232751956078797,453.0,0.2571985596204463,6.864943938050272,-0.4189094790723636,-1.7712625129830946,-7.678291758079653,-8.454471610218565,-0.5765846092535368,-0.04468925506581919,5|5|5|11|5|6|11|5|5|5,47,9
405,0.0004443102276163261,-6.300356007770247,-6.300356007770247,4.8771526234662295,4.8771526234662295,4.33676440292865,1,0.03333333333333333,1,3,12191,62.708000000000006,4.8771526234662295,-0.19072635218882966,0.0052355510514811845,432.0,0.2571985596204463,6.857224075563684,-0.41374223847687575,-1.776849766077284,-7.677628203866821,-8.47507074049059,-0.5765846092535368,-0.047150811290983745,5|5|5|11|5|6|10|5|5|5,46,9
406,0.0004398671253401628,-6.299770707785272,-6.300356007770247,4.857768076919782,4.8771526234662295,4.33676440292865,1,0.03333333333333333,0,1,12221,62.708000000000006,4.857768076919782,-0.19066037890409057,0.005232751956078797,453.0,0.2571985596204463,6.864943938050272,-0.4189094790723636,-1.7712625129830946,-7.678291758079653,-8.454471610218565,-0.5765846092535368,-0.04468925506581919,5|5|5|11|5|6|11|5|5|5,47,9
407,0.0004354684540867612,-6.299770707785272,-6.300356007770247,4.857768076919782,4.8771526234662295,4.33676440292865,0,0.0,0,1,12251,62.708000000000006,4.857768076919782,-0.19066037890409057,0.005232751956078797,453.0,0.2571985596204463,6.864943938050272,-0.4189094790723636,-1.7712625129830946,-7.678291758079653,-8.454471610218565,-0.5765846092535368,-0.04468925506581919,5|5|5|11|5|6|11|5|5|5,47,9
408,0.0004311137695458936,-6.299770707785272,-6.300356007770247,4.857768076919782,4.8771526234662295,4.33676440292865,0,0.0,0,1,12281,62.708000000000006,4.857768076919782,-0.19066037890409057,0.005232751956078797,453.0,0.2571985596204463,6.864943938050272,-0.4189094790723636,-1.7712625129830946,-7.678291758079653,-8.454471610218565,-0.5765846092535368,-0.04468925506581919,5|5|5|11|5|6|11|5|5|5,47,9
409,0.00042680263185043466,-6.299096869024264,-6.300356007770247,4.858706036495076,4.8771526234662295,4.33676440292865,2,0.06666666666666667,0,1,12311,62.708000000000006,4.858706036495076,-0.19066555794560003,0.005231556622305405,461.0,0.2571985596204463,6.864944386230149,-0.41865945192920734,-1.7717011240938356,-7.678575124184429,-8.446624322495888,-0.5765846092535368,-0.04468911215913316,5|5|5|9|5|6|13|5|5|5,47,9
410,0.0004225346055319303,-6.299096869024264,-6.300356007770247,4.858706036495076,4.8771526234662295,4.33676440292865,0,0.0,0,2,12341,62.708000000000006,4.858706036495076,-0.19066555794560003,0.005231556622305405,461.0,0.2571985596204463,6.864944386230149,-0.41865945192920734,-1.7717011240938356,-7.678575124184429,-8.446624322495888,-0.5765846092535368,-0.04468911215913316,5|5|5|9|5|6|13|5|5|5,47,9
411,0.000418309259476611,-6.299096869024264,-6.300356007770247,4.858706036495076,4.8771526234662295,4.33676440292865,0,0.0,0,2,12371,62.708000000000006,4.858706036495076,-0.19066555794560003,0.005231556622305405,461.0,0.2571985596204463,6.864944386230149,-0.41865945192920734,-1.7717011240938356,-7.678575124184429,-8.446624322495888,-0.5765846092535368,-0.04468911215913316,5|5|5|9|5|6|13|5|5|5,47,9
412,0.0004141261668818449,-6.30076818707617,-6.30076818707617,4.858691895810493,4.858691895810493,4.33676440292865,1,0.03333333333333333,1,2,12401,62.708000000000006,4.858691895810493,-0.19066555794560053,0.005231556622305405,444.0,0.2571985596204463,6.864944386230149,-0.4186632213400239,-1.771701124093878,-7.678575124184429,-8.463299808906577,-0.5765846092535368,-0.04468911215913316,5|5|5|8|5|6|13|5|5|5,47,8
413,0.00040998490521302645,-6.30076818707617,-6.30076818707617,4.858691895810493,4.858691895810493,4.33676440292865,0,0.0,0,1,12431,62.708000000000006,4.858691895810493,-0.19066555794560053,0.005231556622305405,444.0,0.2571985596204463,6.864944386230149,-0.4186632213400239,-1.771701124093878,-7.678575124184429,-8.463299808906577,-0.5765846092535368,-0.04468911215913316,5|5|5|8|5|6|13|5|5|5,47,8
414,0.00040588505616089617,-6.301650431170445,-6.301650431170445,4.858500655427812,4.858500655427812,4.33676440292865,1,0.03333333333333333,1,3,12461,62.708000000000006,4.858500655427812,-0.19066795898898195,0.005232021773269295,436.0,0.2571985596204463,6.864944386230352,-0.41871419932222836,-1.7719044675701834,-7.678464855387793,-8.471147096629252,-0.5765846092535368,-0.04468911215906831,5|5|5|9|5|6|12|5|5|5,47,8
415,0.0004018262055992872,-6.301650431170445,-6.301650431170445,4.858500655427812,4.858500655427812,4.33676440292865,0,0.0,0,0,12491,62.708000000000006,4.858500655427812,-0.19066795898898195,0.005232021773269295,436.0,0.2571985596204463,6.864944386230352,-0.41871419932222836,-1.7719044675701834,-7.678464855387793,-8.471147096629252,-0.5765846092535368,-0.04468911215906831,5|5|5|9|5|6|12|5|5|5,47,8
416,0.0003978079435432943,-6.301650431170445,-6.301650431170445,4.858500655427812,4.858500655427812,4.33676440292865,0,0.0,0,3,12521,62.708000000000006,4.858500655427812,-0.19066795898898195,0.005232021773269295,436.0,0.2571985596204463,6.864944386230352,-0.41871419932222836,-1.7719044675701834,-7.678464855387793,-8.471147096629252,-0.5765846092535368,-0.04468911215906831,5|5|5|9|5|6|12|5|5|5,47,8
417,0.00039382986410786133,-6.301650431170445,-6.301650431170445,4.858500655427812,4.858500655427812,4.33676440292865,0,0.0,0,4,12551,62.708000000000006,4.858500655427812,-0.19066795898898195,0.005232021773269295,436.0,0.2571985596204463,6.864944386230352,-0.41871419932222836,-1.7719044675701834,-7.678464855387793,-8.471147096629252,-0.5765846092535368,-0.04468911215906831,5|5|5|9|5|6|12|5|5|5,47,8
418,0.00038989156546678273,-6.301650431170445,-6.301650431170445,4.858500655427812,4.858500655427812,4.33676440292865,0,0.0,0,4,12581,62.708000000000006,4.858500655427812,-0.19066795898898195,0.005232021773269295,436.0,0.2571985596204463,6.864944386230352,-0.41871419932222836,-1.7719044675701834,-7.678464855387793,-8.471147096629252,-0.5765846092535368,-0.04468911215906831,5|5|5|9|5|6|12|5|5|5,47,8
419,0.0003859926498121149,-6.301650431170445,-6.301650431170445,4.858500655427812,4.858500655427812,4.33676440292865,0,0.0,0,0,12611,62.708000000000006,4.858500655427812,-0.19066795898898195,0.005232021773269295,436.0,0.2571985596204463,6.864944386230352,-0.41871419932222836,-1.7719044675701834,-7.678464855387793,-8.471147096629252,-0.5765846092535368,-0.04468911215906831,5|5|5|9|5|6|12|5|5|5,47,8
420,0.00038213272331399375,-6.302778258507425,-6.302778258507425,4.860525382658505,4.860525382658505,4.33676440292865,1,0.03333333333333333,1,2,12641,62.708000000000006,4.860525382658505,-0.19066795898898198,0.005232021773269295,419.0,0.2571985596204463,6.864944386230352,-0.4181744780181391,-1.7719044675701858,-7.678464855387793,-8.48782258303994,-0.5765846092535368,-0.04468911215906831,5|5|5|8|5|6|12|5|5|5,47,7
421,0.0003783113960808538,-6.3026900100193854,-6.302778258507425,4.856072675029379,4.860525382658505,4.33676440292865,1,0.03333333333333333,0,1,12671,62.80466666666667,4.856072675029379,-0.19066795898898195,0.005232021773269295,432.0,0.2571985596204463,6.864944386230352,-0.41936141378503605,-1.7719044675701834,-7.678464855387793,-8.47507074049059,-0.5765846092535368,-0.04468911215906831,5|5|5|8|5|7|12|5|5|5,48,7
422,0.00037452828212004526,-6.3026900100193854,-6.302778258507425,4.856072675029379,4.860525382658505,4.33676440292865,0,0.0,0,3,12701,62.80466666666667,4.856072675029379,-0.19066795898898195,0.005232021773269295,432.0,0.2571985596204463,6.864944386230352,-0.41936141378503605,-1.7719044675701834,-7.678464855387793,-8.47507074049059,-0.5765846092535368,-0.04468911215906831,5|5|5|8|5|7|12|5|5|5,48,7
423,0.0003707829992988448,-6.304741986653163,-6.304741986653163,4.855309874401968,4.855309874401968,4.33676440292865,1,0.03333333333333333,1,2,12731,62.75533333333333,4.855309874401968,-0.19066037890409063,0.005232751956078797,409.0,0.2571985596204463,6.864943938050272,-0.41956474969277985,-1.7712625129830994,-7.678291758079653,-8.497631692693286,-0.5765846092535368,-0.04468925506581919,5|5|5|8|5|7|11|5|5|5,47,7
424,0.00036707516930585635,-6.304741986653163,-6.304741986653163,4.855309874401968,4.855309874401968,4.33676440292865,0,0.0,0,2,12761,62.75533333333333,4.855309874401968,-0.19066037890409063,0.005232751956078797,409.0,0.2571985596204463,6.864943938050272,-0.41956474969277985,-1.7712625129830994,-7.678291758079653,-8.497631692693286,-0.5765846092535368,-0.04468925506581919,5|5|5|8|5|7|11|5|5|5,47,7
425,0.0003634044176127978,-6.30510062325299,-6.30510062325299,4.854647510680719,4.854647510680719,4.33676440292865,1,0.03333333333333333,1,1,12791,62.75533333333333,4.854647510680719,-0.19065646593623914,0.0052331284390586975,405.0,0.2571985596204463,6.864943764077378,-0.4197413126420969,-1.7709311251823834,-7.678202508936105,-8.501555336554624,-0.5765846092535368,-0.044689310538836076,5|5|5|9|5|7|10|5|5|5,47,7
426,0.0003597703734366698,-6.30510062325299,-6.30510062325299,4.854647510680719,4.854647510680719,4.33676440292865,0,0.0,0,1,12821,62.75533333333333,4.854647510680719,-0.19065646593623914,0.0052331284390586975,405.0,0.2571985596204463,6.864943764077378,-0.4197413126420969,-1.7709311251823834,-7.678202508936105,-8.501555336554624,-0.5765846092535368,-0.044689310538836076,5|5|5|9|5|7|10|5|5|5,47,7
427,0.0003561726697023031,-6.30510062325299,-6.30510062325299,4.854647510680719,4.854647510680719,4.33676440292865,0,0.0,0,1,12851,62.75533333333333,4.854647510680719,-0.19065646593623914,0.0052331284390586975,405.0,0.2571985596204463,6.864943764077378,-0.4197413126420969,-1.7709311251823834,-7.678202508936105,-8.501555336554624,-0.5765846092535368,-0.044689310538836076,5|5|5|9|5|7|10|5|5|5,47,7
428,0.00035261094300528004,-6.30510062325299,-6.30510062325299,4.854647510680719,4.854647510680719,4.33676440292865,0,0.0,0,2,12881,62.75533333333333,4.854647510680719,-0.19065646593623914,0.0052331284390586975,405.0,0.2571985596204463,6.864943764077378,-0.4197413126420969,-1.7709311251823834,-7.678202508936105,-8.501555336554624,-0.5765846092535368,-0.044689310538836076,5|5|5|9|5|7|10|5|5|5,47,7
429,0.00034908483357522723,-6.3067824651283875,-6.3067824651283875,4.854593890597302,4.854593890597302,4.33676440292865,1,0.03333333333333333,1,4,12911,62.75533333333333,4.854593890597302,-0.1906564659362323,0.0052331284390586975,388.0,0.2571985596204463,6.864943764077378,-0.4197556058767156,-1.7709311251818052,-7.678202508936105,-8.518230822965311,-0.5765846092535368,-0.044689310538836076,5|5|5|8|5|7|10|5|5|5,46,7
430,0.00034559398523947496,-6.3070949712854185,-6.3070949712854185,4.857693952965622,4.857693952965622,4.33676440292865,1,0.03333333333333333,1,0,12941,62.708000000000006,4.857693952965622,-0.1907432215281789,0.005237134344077482,409.0,0.2571985596204463,6.8649440273375335,-0.4189292379201712,-1.7782784241901664,-7.677252868152461,-8.497631692693286,-0.5765846092535368,-0.04468922659567301,5|5|5|8|5|7|11|5|5|5,47,7
431,0.0003421380453870802,-6.3070949712854185,-6.3070949712854185,4.857693952965622,4.857693952965622,4.33676440292865,0,0.0,0,2,12971,62.708000000000006,4.857693952965622,-0.1907432215281789,0.005237134344077482,409.0,0.2571985596204463,6.8649440273375335,-0.4189292379201712,-1.7782784241901664,-7.677252868152461,-8.497631692693286,-0.5765846092535368,-0.04468922659567301,5|5|5|8|5|7|11|5|5|5,47,7
432,0.0003387166649332094,-6.304615192563414,-6.3070949712854185,4.858218849001104,4.857693952965622,4.33676440292865,1,0.03333333333333333,0,2,13001,62.708000000000006,4.858218849001104,-0.19073989724450438,0.0052366531266846445,432.0,0.2571985596204463,6.8649442606368165,-0.4187893190370313,-1.7779968918347604,-7.677366945660514,-8.47507074049059,-0.5765846092535368,-0.04468915220583726,5|5|5|8|5|7|12|5|5|5,47,8
433,0.0003353294982838773,-6.305211998911915,-6.3070949712854185,4.857298457502882,4.857693952965622,4.33676440292865,1,0.03333333333333333,0,1,13031,62.708000000000006,4.857298457502882,-0.19073607290421712,0.00523728746993961,426.0,0.2571985596204463,6.8649439757306014,-0.41903466314667864,-1.7776730098696938,-7.677216568099658,-8.480956206282597,-0.5765846092535368,-0.0446892430510652,5|5|5|9|5|7|11|5|5|5,47,8
434,0.00033197620330103854,-6.305211998911915,-6.3070949712854185,4.857298457502882,4.857693952965622,4.33676440292865,0,0.0,0,4,13061,62.708000000000006,4.857298457502882,-0.19073607290421712,0.00523728746993961,426.0,0.2571985596204463,6.8649439757306014,-0.41903466314667864,-1.7776730098696938,-7.677216568099658,-8.480956206282597,-0.5765846092535368,-0.0446892430510652,5|5|5|9|5|7|11|5|5|5,47,8
435,0.00032865644126802817,-6.306885722107365,-6.3070949712854185,4.857275294088246,4.857693952965622,4.33676440292865,1,0.03333333333333333,0,2,13091,62.708000000000006,4.857275294088246,-0.19073607290421757,0.00523728746993961,409.0,0.2571985596204463,6.8649439757306014,-0.41904083770104084,-1.7776730098697313,-7.677216568099658,-8.497631692693286,-0.5765846092535368,-0.0446892430510652,5|5|5|8|5|7|11|5|5|5,46,8
436,0.0003253698768553479,-6.306885722107365,-6.3070949712854185,4.857275294088246,4.857693952965622,4.33676440292865,0,0.0,0,4,13121,62.708000000000006,4.857275294088246,-0.19073607290421757,0.00523728746993961,409.0,0.2571985596204463,6.8649439757306014,-0.41904083770104084,-1.7776730098697313,-7.677216568099658,-8.497631692693286,-0.5765846092535368,-0.0446892430510652,5|5|5|8|5|7|11|5|5|5,46,8
437,0.0003221161780867944,-6.306885722107365,-6.3070949712854185,4.857275294088246,4.857693952965622,4.33676440292865,0,0.0,0,1,13151,62.708000000000006,4.857275294088246,-0.19073607290421757,0.00523728746993961,409.0,0.2571985596204463,6.8649439757306014,-0.41904083770104084,-1.7776730098697313,-7.677216568099658,-8.497631692693286,-0.5765846092535368,-0.0446892430510652,5|5|5|8|5|7|11|5|5|5,46,8
438,0.0003188950163059264,-6.306885722107365,-6.3070949712854185,4.857275294088246,4.857693952965622,4.33676440292865,0,0.0,0,4,13181,62.708000000000006,4.857275294088246,-0.19073607290421757,0.00523728746993961,409.0,0.2571985596204463,6.8649439757306014,-0.41904083770104084,-1.7776730098697313,-7.677216568099658,-8.497631692693286,-0.5765846092535368,-0.0446892430510652,5|5|5|8|5|7|11|5|5|5,46,8
439,0.00031570606614286713,-6.307467768575545,-6.307467768575545,4.856869479519005,4.856869479519005,4.33676440292865,1,0.03333333333333333,1,1,13211,62.708000000000006,4.856869479519005,-0.19073940628024671,0.005237790989589902,405.0,0.2571985596204463,6.864943742431324,-0.4191490136396112,-1.7779553122532885,-7.6770972036132195,-8.501555336554624,-0.5765846092535368,-0.044689317440899254,5|5|5|9|5|7|10|5|5|5,46,8
440,0.00031254900548143846,-6.307467768575545,-6.307467768575545,4.856869479519005,4.856869479519005,4.33676440292865,0,0.0,0,4,13241,62.708000000000006,4.856869479519005,-0.19073940628024671,0.005237790989589902,405.0,0.2571985596204463,6.864943742431324,-0.4191490136396112,-1.7779553122532885,-7.6770972036132195,-8.501555336554624,-0.5765846092535368,-0.044689317440899254,5|5|5|9|5|7|10|5|5|5,46,8
441,0.0003094235154266241,-6.307467768575545,-6.307467768575545,4.856869479519005,4.856869479519005,4.33676440292865,0,0.0,0,5,13271,62.708000000000006,4.856869479519005,-0.19073940628024671,0.005237790989589902,405.0,0.2571985596204463,6.864943742431324,-0.4191490136396112,-1.7779553122532885,-7.6770972036132195,-8.501555336554624,-0.5765846092535368,-0.044689317440899254,5|5|5|9|5|7|10|5|5|5,46,8
442,0.0003063292802723578,-6.307467768575545,-6.307467768575545,4.856869479519005,4.856869479519005,4.33676440292865,0,0.0,0,3,13301,62.708000000000006,4.856869479519005,-0.19073940628024671,0.005237790989589902,405.0,0.2571985596204463,6.864943742431324,-0.4191490136396112,-1.7779553122532885,-7.6770972036132195,-8.501555336554624,-0.5765846092535368,-0.044689317440899254,5|5|5|9|5|7|10|5|5|5,46,8
443,0.00030326598746963426,-6.3259724338527805,-6.3259724338527805,4.84864797169584,4.84864797169584,4.33676440292865,3,0.1,2,2,13331,62.708000000000006,4.84864797169584,-0.191092940990462,0.005240525674315906,388.0,0.2571985596204463,6.864947936126639,-0.4213405794251809,-1.8078960361594203,-7.676448918610444,-8.518230822965311,-0.5765846092535368,-0.044687980238736894,5|5|5|8|5|7|10|5|5|5,46,7
444,0.0003002333275949379,-6.3259724338527805,-6.3259724338527805,4.84864797169584,4.84864797169584,4.33676440292865,0,0.0,0,1,13361,62.708000000000006,4.84864797169584,-0.191092940990462,0.005240525674315906,388.0,0.2571985596204463,6.864947936126639,-0.4213405794251809,-1.8078960361594203,-7.676448918610444,-8.518230822965311,-0.5765846092535368,-0.044687980238736894,5|5|5|8|5|7|10|5|5|5,46,7
445,0.0002972309943189885,-6.325580069466708,-6.3259724338527805,4.84864797169584,4.84864797169584,4.33676440292865,1,0.03333333333333333,0,4,13391,62.708000000000006,4.84864797169584,-0.19109294099046345,0.005240525674315906,392.0,0.2571985596204463,6.864947936126639,-0.4213405794251809,-1.8078960361595426,-7.676448918610444,-8.514307179103973,-0.5765846092535368,-0.044687980238736894,5|5|5|9|5|6|10|5|5|5,46,7
446,0.00029425868437579864,-6.327876915650961,-6.327876915650961,4.847325190184571,4.847325190184571,4.33676440292865,1,0.03333333333333333,1,2,13421,62.708000000000006,4.847325190184571,-0.19109667465615787,0.0052411830007016635,373.0,0.2571985596204463,6.86494593049171,-0.421693186606763,-1.8082122389268647,-7.676293092663211,-8.532944487445329,-0.5765846092535368,-0.044688619755717154,5|5|5|9|5|6|9|5|5|5,45,7
447,0.00029131609753204067,-6.327876915650961,-6.327876915650961,4.847325190184571,4.847325190184571,4.308562118335167,0,0.0,0,4,13451,62.708000000000006,4.847325190184571,-0.19109667465615787,0.0052411830007016635,373.0,0.2571985596204463,6.86494593049171,-0.421693186606763,-1.8082122389268647,-7.676293092663211,-8.532944487445329,-0.5765846092535368,-0.044688619755717154,5|5|5|9|5|6|9|5|5|5,45,7
448,0.00028840293655672025,-6.327876915650961,-6.327876915650961,4.847325190184571,4.847325190184571,4.308562118335167,0,0.0,0,4,13481,62.708000000000006,4.847325190184571,-0.19109667465615787,0.0052411830007016635,373.0,0.2571985596204463,6.86494593049171,-0.421693186606763,-1.8082122389268647,-7.676293092663211,-8.532944487445329,-0.5765846092535368,-0.044688619755717154,5|5|5|9|5|6|9|5|5|5,45,7
449,0.00028551890719115305,-6.327876915650961,-6.327876915650961,4.847325190184571,4.847325190184571,4.308562118335167,0,0.0,0,2,13511,62.708000000000006,4.847325190184571,-0.19109667465615787,0.0052411830007016635,373.0,0.2571985596204463,6.86494593049171,-0.421693186606763,-1.8082122389268647,-7.676293092663211,-8.532944487445329,-0.5765846092535368,-0.044688619755717154,5|5|5|9|5|6|9|5|5|5,45,7
450,0.00028266371811924154,-6.327876915650961,-6.327876915650961,4.847325190184571,4.847325190184571,4.308562118335167,0,0.0,0,4,13541,62.708000000000006,4.847325190184571,-0.19109667465615787,0.0052411830007016635,373.0,0.2571985596204463,6.86494593049171,-0.421693186606763,-1.8082122389268647,-7.676293092663211,-8.532944487445329,-0.5765846092535368,-0.044688619755717154,5|5|5|9|5|6|9|5|5|5,45,7
451,0.00027983708093804913,-6.327876915650961,-6.327876915650961,4.847325190184571,4.847325190184571,4.308562118335167,0,0.0,0,2,13571,62.708000000000006,4.847325190184571,-0.19109667465615787,0.0052411830007016635,373.0,0.2571985596204463,6.86494593049171,-0.421693186606763,-1.8082122389268647,-7.676293092663211,-8.532944487445329,-0.5765846092535368,-0.044688619755717154,5|5|5|9|5|6|9|5|5|5,45,7
452,0.00027703871012866866,-6.327876915650961,-6.327876915650961,4.847325190184571,4.847325190184571,4.308562118335167,0,0.0,0,3,13601,62.708000000000006,4.847325190184571,-0.19109667465615787,0.0052411830007016635,373.0,0.2571985596204463,6.86494593049171,-0.421693186606763,-1.8082122389268647,-7.676293092663211,-8.532944487445329,-0.5765846092535368,-0.044688619755717154,5|5|5|9|5|6|9|5|5|5,45,7
453,0.00027426832302738195,-6.328269280037032,-6.328269280037032,4.847325190184571,4.847325190184571,4.308562118335167,1,0.03333333333333333,1,1,13631,62.708000000000006,4.847325190184571,-0.1910966746561564,0.0052411830007016635,369.0,0.2571985596204463,6.86494593049171,-0.421693186606763,-1.80821223892674,-7.676293092663211,-8.536868131306667,-0.5765846092535368,-0.044688619755717154,5|5|5|8|5|7|9|5|5|5,45,7
454,0.00027152563979710814,-6.328269280037032,-6.328269280037032,4.847325190184571,4.847325190184571,4.308562118335167,0,0.0,0,3,13661,62.708000000000006,4.847325190184571,-0.1910966746561564,0.0052411830007016635,369.0,0.2571985596204463,6.86494593049171,-0.421693186606763,-1.80821223892674,-7.676293092663211,-8.536868131306667,-0.5765846092535368,-0.044688619755717154,5|5|5|8|5|7|9|5|5|5,45,7
455,0.00026881038339913706,-6.328269280037032,-6.328269280037032,4.847325190184571,4.847325190184571,4.308562118335167,0,0.0,0,5,13691,62.708000000000006,4.847325190184571,-0.1910966746561564,0.0052411830007016635,369.0,0.2571985596204463,6.86494593049171,-0.421693186606763,-1.80821223892674,-7.676293092663211,-8.536868131306667,-0.5765846092535368,-0.044688619755717154,5|5|5|8|5|7|9|5|5|5,45,7
456,0.0002661222795651457,-6.3279336851877535,-6.328269280037032,4.853367916847802,4.847325190184571,4.308562118335167,1,0.03333333333333333,0,5,13721,62.708000000000006,4.853367916847802,-0.1910966746561564,0.0052411830007016635,356.0,0.2571985596204463,6.86494593049171,-0.42008240750254894,-1.80821223892674,-7.676293092663211,-8.549619973856018,-0.5765846092535368,-0.044688619755717154,5|5|5|8|5|6|9|5|5|5,44,7
457,0.00026346105676949426,-6.3279336851877535,-6.328269280037032,4.853367916847802,4.847325190184571,4.308562118335167,0,0.0,0,1,13751,62.708000000000006,4.853367916847802,-0.1910966746561564,0.0052411830007016635,356.0,0.2571985596204463,6.86494593049171,-0.42008240750254894,-1.80821223892674,-7.676293092663211,-8.549619973856018,-0.5765846092535368,-0.044688619755717154,5|5|5|8|5|6|9|5|5|5,44,7
458,0.00026082644620179933,-6.3279336851877535,-6.328269280037032,4.853367916847802,4.847325190184571,4.308562118335167,0,0.0,0,7,13781,62.708000000000006,4.853367916847802,-0.1910966746561564,0.0052411830007016635,356.0,0.2571985596204463,6.86494593049171,-0.42008240750254894,-1.80821223892674,-7.676293092663211,-8.549619973856018,-0.5765846092535368,-0.044688619755717154,5|5|5|8|5|6|9|5|5|5,44,7
459,0.0002582181817397813,-6.330704502992457,-6.330704502992457,4.85008051631496,4.85008051631496,4.308562118335167,1,0.03333333333333333,1,3,13811,62.708000000000006,4.85008051631496,-0.19114159149476212,0.005241248813391257,356.0,0.2571985596204463,6.864943938279679,-0.42095871324672646,-1.8120162293824753,-7.676277491091574,-8.549619973856018,-0.5765846092535368,-0.04468925499267054,5|5|5|9|5|6|8|5|5|5,44,7
460,0.0002556359999223835,-6.332372051633533,-6.332372051633533,4.85008051631496,4.85008051631496,4.308562118335167,1,0.03333333333333333,1,8,13841,62.708000000000006,4.85008051631496,-0.1911415914947623,0.005241248813391257,339.0,0.2571985596204463,6.864943938279679,-0.42095871324672646,-1.8120162293824895,-7.676277491091574,-8.566295460266705,-0.5765846092535368,-0.04468925499267054,5|5|5|8|5|6|8|5|5|5,44,7
461,0.0002530796399231597,-6.332372051633533,-6.332372051633533,4.85008051631496,4.85008051631496,4.308562118335167,0,0.0,0,3,13871,62.708000000000006,4.85008051631496,-0.1911415914947623,0.005241248813391257,339.0,0.2571985596204463,6.864943938279679,-0.42095871324672646,-1.8120162293824895,-7.676277491091574,-8.566295460266705,-0.5765846092535368,-0.04468925499267054,5|5|5|8|5|6|8|5|5|5,44,7
462,0.0002505488435239281,-6.332372051633533,-6.332372051633533,4.85008051631496,4.85008051631496,4.308562118335167,0,0.0,0,5,13901,62.708000000000006,4.85008051631496,-0.1911415914947623,0.005241248813391257,339.0,0.2571985596204463,6.864943938279679,-0.42095871324672646,-1.8120162293824895,-7.676277491091574,-8.566295460266705,-0.5765846092535368,-0.04468925499267054,5|5|5|8|5|6|8|5|5|5,44,7
