temperature_step,temperature,current_energy,best_energy,current_D,best_E_D,best_D,accepted,acceptance_rate,new_bests,infeasible_proposals,blackbox_calls,security_pct,raw_DD,raw_S,raw_V,raw_N,raw_P,raw_C,z_DD,z_S,z_V,z_N,z_P,z_C,sizes,n_covered,n_overlap
1,0.029671169028175386,0.09073967307187658,-0.014216486740071919,6.956548993207292,6.936450146034236,6.895231274449354,10,0.4,2,0,66,83.46600000000002,6.956548993207292,-0.2456820646516917,0.016343976237315323,8765.0,1.5967153652285009,6.062854783087382,-0.047386915935961116,0.14603902504754193,0.07395907836692574,-0.018902647142349488,0.038428456053412365,0.017826618547795367,14|41|13|40|6|16|38|42|39|7|7,114,65
2,0.02907774564761188,0.10256902269948111,-0.014216486740071919,6.911328456622664,6.936450146034236,6.895231274449354,12,0.48,0,2,91,83.39133333333334,6.911328456622664,-0.24432924300398196,0.015946707790445606,9006.0,2.201560851693718,5.997355410108637,-0.05868609958015746,0.25342019005190985,0.010478765165324764,0.20887425092296186,0.052985388805423014,0.0056259005366195184,13|40|12|43|5|15|37|44|40|5|8,114,65
3,0.02849619073465964,-0.022361340444183794,-0.08623406030359063,6.650914347557932,6.642261476762987,6.638432017652187,17,0.68,3,1,116,83.16466666666669,6.650914347557932,-0.24572156606438966,0.0154832793285907,9447.0,3.909312586761315,6.124834244416826,-0.12375535934790727,0.14290357277117877,-0.0635733880748576,0.6256776204117681,0.09408617854561087,0.029371674565514913,13|41|10|46|5|13|38|46|39|5|9,116,68
4,0.027926266919966445,-0.12432132224682352,-0.12432132224682352,6.564533876259279,6.564533876259279,6.507463440288168,11,0.44,2,0,141,83.16466666666669,6.564533876259279,-0.24664955703382424,0.014814351079410176,9780.0,4.3181531114550715,6.178289322297212,-0.14533911049710296,0.06924364015543645,-0.17046275998942115,0.9404066953318871,0.1039258221528481,0.0393288741816955,13|43|7|47|5|13|39|44|42|5|8,117,69
5,0.027367741581567115,-0.15247902723981385,-0.15726160213303297,6.53147826966529,6.533791906942772,6.507463440288168,7,0.28,2,7,166,83.07333333333334,6.53147826966529,-0.247115858988634,0.014683811643398636,10022.0,5.020108753585279,6.184633753425027,-0.15359866240836356,0.032230596169885675,-0.19132191542567076,1.169128725754316,0.12081992371439049,0.04051066587849406,11|45|6|46|5|14|40|46|41|5|9,119,69
6,0.02682038674993577,-0.11510760093259652,-0.15726160213303297,6.534344966113588,6.533791906942772,6.507463440288168,12,0.48,0,5,191,83.07400000000001,6.534344966113588,-0.24681707559583746,0.014959606050968905,10110.0,5.256313492538381,6.183772635176425,-0.15288236552053544,0.055946737064560326,-0.14725217993632758,1.2523003731806537,0.12650470863481872,0.0403502634128264,11|48|6|45|5|12|40|47|39|5|10,122,70
7,0.026283979014937054,-0.07825961645108742,-0.15726160213303297,6.532983120940091,6.533791906942772,6.492318057249698,9,0.36,0,0,216,83.03333333333333,6.532983120940091,-0.2453778181594194,0.014660935189553742,10315.0,5.539980281770956,6.189316203396173,-0.15322264761076482,0.17018880328623476,-0.19497738936642417,1.446052506389736,0.13333177185549272,0.041382876544051476,11|48|5|47|5|12|39|47|40|6|11,122,70
8,0.025758299434638313,-0.0639913313087177,-0.15726160213303297,6.538101661309237,6.533791906942772,6.492318057249698,12,0.48,0,3,241,83.07333333333334,6.538101661309237,-0.24517514563111104,0.014666178118287253,10230.0,5.9163867358586915,6.189286938956986,-0.1519436860594577,0.18627607705286608,-0.19413961138350244,1.3657162560347507,0.14239081844208415,0.04137742539003223,10|47|5|46|5|11|38|48|41|6|13,123,71
9,0.025243133445945545,-0.01781167732490951,-0.15726160213303297,6.546394334701004,6.533791906942772,6.492318057249698,11,0.44,0,7,266,83.07333333333334,6.546394334701004,-0.24432890246037403,0.014565926177627924,10534.0,7.457062105106573,6.189199623847653,-0.14987160893185522,0.25344722093910443,-0.210159067854984,1.6530364925984629,0.17947054912485635,0.04136116100491464,7|47|5|46|5|11|39|49|43|7|13,123,72
10,0.024738270777026634,-0.016144071155931708,-0.15726160213303297,6.558107739298677,6.533791906942772,6.492318057249698,12,0.48,0,8,291,83.02400000000002,6.558107739298677,-0.24374669865047285,0.014330683943640243,10911.0,6.993797054040927,6.189242949038474,-0.14694479913161787,0.2996600557817527,-0.24774889108270093,2.0093513912317507,0.16832105996502084,0.04136923128729972,7|47|5|49|5|10|39|50|43|6|14,125,75
11,0.0242435053614861,0.004673377891231352,-0.15726160213303297,6.549790644576118,6.533791906942772,6.438473430943402,9,0.36,0,7,316,82.99266666666668,6.549790644576118,-0.2435988881614108,0.014417544123263544,11333.0,7.8341335772296485,6.1889991892464185,-0.14902297837835246,0.31139261679023494,-0.23386933067290386,2.408197245935325,0.18854560082851643,0.04132382559332011,7|49|5|50|5|9|43|48|43|5|15,129,75
12,0.023758635254256377,0.06374156824209957,-0.15726160213303297,6.537234235003321,6.533791906942772,6.438473430943402,7,0.28,0,12,341,82.99266666666668,6.537234235003321,-0.24156726587447946,0.014150499998147189,11466.0,8.073986191441312,6.189261018950793,-0.15216042849262218,0.47265405756393375,-0.27654084117067346,2.533899849431949,0.1943181798649873,0.04137259721119591,7|49|5|52|5|9|43|49|41|5|15,130,76
13,0.023283462549171248,0.07124440664562774,-0.15726160213303297,6.51713001916156,6.533791906942772,6.438473430943402,10,0.4,0,9,366,82.99266666666668,6.51713001916156,-0.2414335809753312,0.014145703908973696,11734.0,8.708306786852358,6.188945470497164,-0.1571838369697306,0.4832653899877852,-0.2773072177738875,2.787195321139432,0.20958449573778493,0.041313819279034075,5|49|5|53|5|8|45|48|42|6|16,130,78
14,0.02281779329818782,0.16164480774317233,-0.15726160213303297,6.637580532805327,6.533791906942772,6.438473430943402,14,0.56,0,6,391,83.09266666666667,6.637580532805327,-0.23982588044969927,0.014085791041182667,12161.0,8.853916271166344,6.183920973090991,-0.12708705845955814,0.6108777442938809,-0.28688081376961455,3.190766837628594,0.21308890722575186,0.04037789465544277,6|53|6|52|5|7|47|49|40|6|16,133,79
15,0.022361437432224063,0.20877703975425638,-0.15726160213303297,6.656132517930943,6.533791906942772,6.437018368900649,7,0.28,0,4,416,83.09266666666667,6.656132517930943,-0.2390969971319351,0.014121549470341895,12448.0,9.74413487302526,6.183914303844007,-0.12245150340579537,0.6687333677208628,-0.2811669034389271,3.462019824121309,0.2345139696786142,0.04037665235955354,6|56|6|52|5|7|46|50|39|6|17,132,81
16,0.021914208683579583,0.14029239503239466,-0.15726160213303297,6.630463489314752,6.533791906942772,6.315882429343666,10,0.4,0,5,441,83.09266666666667,6.630463489314752,-0.24007567031621752,0.013830771399861462,12512.0,9.71174586450456,6.188127788729635,-0.1288653828112217,0.5910504988336798,-0.3276309081483384,3.5225082949768276,0.23373445717584998,0.04116150782604138,6|56|5|53|5|6|47|49|39|5|17,130,81
17,0.02147592450990799,0.24573203657289588,-0.15726160213303297,6.577159160523507,6.533791906942772,6.315882429343666,13,0.52,0,6,466,83.21066666666665,6.577159160523507,-0.23842107990720193,0.014271006347828104,12505.0,10.766069339312422,6.2442957023042585,-0.14218445077309189,0.7223847704473364,-0.25728489250220327,3.515892368477005,0.25910906319521204,0.05162403355163039,6|56|6|53|5|5|48|50|36|7|17,132,81
18,0.02104640601970983,0.24532824804600215,-0.15726160213303297,6.62177585025465,6.533791906942772,6.315882429343666,8,0.32,0,2,491,83.24933333333334,6.62177585025465,-0.2384659248527541,0.014141356783580484,12737.0,10.875956825409405,6.236391664944408,-0.13103614938297337,0.7188251715112143,-0.2780018535640241,3.735163075328259,0.2617537464758126,0.05015173043494827,6|57|5|53|5|5|48|50|38|8|16,132,83
19,0.020625477899315636,0.2547166142250913,-0.15726160213303297,6.645683427122604,6.533791906942772,6.315882429343666,10,0.4,0,6,516,83.24933333333334,6.645683427122604,-0.23814221079450848,0.014093865219436029,12941.0,10.413299373656496,6.235628497915998,-0.12506240112783704,0.7445202014226264,-0.2855906248094602,3.927970076180224,0.25061888052559605,0.05000957356709433,7|57|5|53|5|5|47|51|38|8|21,133,86
20,0.020212968341329324,0.2550499591789153,-0.15726160213303297,6.643245033435838,6.533791906942772,6.315882429343666,16,0.64,0,5,541,83.21066666666665,6.643245033435838,-0.23766307174214837,0.013741772666443037,13402.0,11.119481602143392,6.252372756311145,-0.12567167868499407,0.7825521990097583,-0.3418521923113874,4.36367609281138,0.2676147041545783,0.05312856487486969,5|57|5|56|5|6|46|52|39|9|22,134,86
21,0.019808708974502737,0.28618224596883524,-0.15726160213303297,6.646492181394334,6.533791906942772,6.315882429343666,8,0.32,0,9,566,83.21066666666665,6.646492181394334,-0.23695112202165927,0.013746321834005471,13940.0,11.264497049495354,6.251907371393405,-0.12486031898265505,0.8390637063027406,-0.3411252718022321,4.8721573009405805,0.2711048188406315,0.05304187656184052,5|58|5|58|5|7|49|51|39|9|22,137,88
22,0.019412534795012683,0.30869212969472576,-0.15726160213303297,6.65870121458362,6.533791906942772,6.315882429343666,8,0.32,0,12,591,83.21066666666665,6.65870121458362,-0.2362538899530544,0.013643911889227674,13995.0,11.264497049495354,6.251582410810003,-0.12180966725353051,0.8944069896778593,-0.3574895600327172,4.924139580582042,0.2711048188406315,0.05298134541073892,5|57|5|59|5|7|50|50|40|10|21,137,89
23,0.01902428409911243,0.3493017521023167,-0.15726160213303297,6.699997464294262,6.533791906942772,6.315882429343666,12,0.48,0,7,616,83.21066666666665,6.699997464294262,-0.23469473430950494,0.013216219001320596,14768.0,11.478472244287989,6.251663102631883,-0.11149103893686084,1.0181660599964901,-0.4258314550217806,5.65472689263385,0.2762546010426913,0.05299637606095429,5|56|5|63|5|6|50|52|42|10|22,139,90
24,0.01864379841713018,0.3452161599139151,-0.15726160213303297,6.703443242655482,6.533791906942772,6.315882429343666,15,0.6,0,4,641,83.21066666666665,6.703443242655482,-0.23428617113915717,0.012999015355755384,15726.0,11.157939831720793,6.252192233425516,-0.11063004777131463,1.0505960475592213,-0.46053885642164794,6.560163690752391,0.26854028576880395,0.053094938464082045,5|58|5|64|5|6|53|52|44|9|25,144,91
25,0.01827092244878758,0.3397466091749912,-0.15726160213303297,6.752953844034012,6.533791906942772,6.315882429343666,10,0.4,0,7,666,83.21066666666665,6.752953844034012,-0.23403282406730597,0.012622199303525004,16280.0,11.086712552395692,6.285130315556074,-0.09825891245177534,1.070705648682092,-0.5207510409116484,7.083767016595472,0.26682604512644814,0.059230390356641294,5|59|5|67|5|5|54|51|44|9|26,146,92
26,0.017905503999811827,0.33478058121768145,-0.15726160213303297,6.732125576860918,6.533791906942772,6.315882429343666,10,0.4,0,2,691,83.172,6.732125576860918,-0.23361499868536306,0.01245017322390657,16664.0,10.91713026184712,6.2791239052179115,-0.1034632384848985,1.1038708307719711,-0.5482394294284514,7.446697841728581,0.2627446754962071,0.058111562565433046,5|58|5|70|5|5|53|51|45|9|28,147,95
27,0.01754739391981559,0.2372177757503455,-0.15726160213303297,6.644659305715247,6.533791906942772,6.315882429343666,14,0.56,0,4,716,83.21066666666665,6.644659305715247,-0.23525811169156263,0.01212658019041699,17384.0,11.868454481628838,6.321103418143952,-0.12531829671709052,0.9734475860388309,-0.5999470021733647,8.127193138853164,0.285640378618095,0.06593118245131098,5|57|5|73|5|5|55|51|46|8|30,149,97
28,0.01719644604141928,0.21460333035711315,-0.15726160213303297,6.665732154068526,6.533791906942772,6.315882429343666,12,0.48,0,4,741,83.21066666666665,6.665732154068526,-0.23574117242366127,0.012099120776495581,17393.0,11.217467999651166,6.335269378213826,-0.12005285757298834,0.9351043023780242,-0.6043347963961341,8.13569933006722,0.26997296164521173,0.0685699082331011,5|57|5|75|5|5|55|50|46|7|27,149,96
29,0.016852517120590892,0.19971848208975648,-0.15726160213303297,6.640728715905414,6.533791906942772,6.315882429343666,5,0.2,0,7,766,83.21066666666665,6.640728715905414,-0.23629656385401232,0.01226715603180964,17280.0,11.217467999651166,6.335051089626171,-0.12630042694918514,0.8910197189257247,-0.5774841096116747,8.028899373712946,0.26997296164521173,0.06852924711862152,5|57|5|76|5|5|54|50|43|7|29,149,97
30,0.016515466778179073,0.19455976393120303,-0.15726160213303297,6.559582544548875,6.533791906942772,6.315882429343666,12,0.48,0,1,791,83.21066666666665,6.559582544548875,-0.2356125225058836,0.012137197773022733,17654.0,11.217467999651166,6.317358285050565,-0.14657629188645888,0.945315979632058,-0.5982503975862972,8.382378875274881,0.26997296164521173,0.06523356794435121,5|58|5|76|5|5|56|48|45|7|30,149,100
31,0.01618515744261549,0.25557865501042354,-0.15726160213303297,6.603918052652321,6.533791906942772,6.148965134866502,12,0.48,0,1,816,83.21066666666665,6.603918052652321,-0.23472494274350836,0.01229969349325738,18368.0,10.96011391295714,6.36920554812385,-0.13549824890299986,1.0157682444073202,-0.5722848841011601,9.057203378256759,0.2637791713015758,0.07489127621911093,6|60|5|78|5|5|56|50|43|8|32,151,104
32,0.01586145429376318,0.23625428206142707,-0.15726160213303297,6.595089841596697,6.533791906942772,6.148965134866502,10,0.4,0,0,841,83.132,6.595089841596697,-0.23502282826532211,0.01224297588543784,18058.0,10.942760589480603,6.363238868006475,-0.13770413997597594,0.9921233726502429,-0.581347903167486,8.764212347550341,0.2633615255250517,0.07377984906699739,5|58|5|79|5|5|54|50|43|8|32,150,102
33,0.015544225207887917,0.25410468812127074,-0.15726160213303297,6.553392009537244,6.533791906942772,6.148965134866502,9,0.36,0,5,866,83.1,6.553392009537244,-0.23420775183577935,0.012098684882339129,18096.0,11.869496816428548,6.323480397161143,-0.14812311103623474,1.0568206346434073,-0.6044044487880931,8.800127377120806,0.285665464690363,0.06637394776933375,5|57|5|81|5|5|54|49|42|9|32,150,101
34,0.015233340703730159,0.2452718138470697,-0.15726160213303297,6.548647064327503,6.533791906942772,6.148965134866502,10,0.4,0,4,891,83.1,6.548647064327503,-0.23352495614293378,0.01179903875774967,18443.0,10.97096364313569,6.323557214068872,-0.14930872295851214,1.1110180205899196,-0.6522854974554767,9.128088305040569,0.26404029384629313,0.06638825663042767,5|57|5|82|5|5|55|48|44|9|32,151,102
35,0.014928673889655556,0.2507275504518085,-0.15726160213303297,6.534060248170349,6.533791906942772,6.148965134866502,11,0.44,0,3,916,83.05066666666667,6.534060248170349,-0.23375015198946353,0.011970804483944065,18584.0,11.328732206427413,6.323658406140388,-0.15295350754074197,1.093142942677434,-0.6248387113287736,9.261351967394132,0.27265077872741095,0.06640710590902968,5|59|5|80|5|5|57|49|42|10|33,151,103
36,0.014630100411862445,0.2771674764233928,-0.15726160213303297,6.562231215443231,6.533791906942772,6.148965134866502,15,0.6,0,2,941,83.01066666666667,6.562231215443231,-0.23316560365618022,0.011923922437802874,18973.0,11.322423496771194,6.323905664145059,-0.14591447269746372,1.1395418757042586,-0.6323300864833443,9.62900845431283,0.27249894579772466,0.0664531632230741,5|61|5|81|5|5|58|49|41|11|32,151,104
37,0.014337498403625196,0.28918341437520234,-0.15726160213303297,6.54553491607871,6.533791906942772,6.148965134866502,10,0.4,0,3,966,83.172,6.54553491607871,-0.23292168609431024,0.011956784522496898,19162.0,11.600339407475712,6.329675448413339,-0.15008635049783317,1.1589030028735088,-0.6270789887803387,9.807638469808033,0.2791876015178531,0.06752791413504773,5|63|5|80|5|6|60|49|41|10|30,152,103
38,0.014050748435552693,0.26959888079637556,-0.15726160213303297,6.538449437420213,6.533791906942772,6.148965134866502,6,0.24,0,5,991,83.172,6.538449437420213,-0.23315481382544342,0.011861914979650723,19075.0,11.518749335655276,6.329672875042002,-0.15185678779504572,1.1403983260698174,-0.6422383812279924,9.725411954738812,0.2772239575537345,0.06752743478728306,5|64|5|80|5|5|60|46|41|11|31,152,102
39,0.01376973346684164,0.3000348583953822,-0.15726160213303297,6.5523256249131006,6.533791906942772,6.148965134866502,13,0.52,0,0,1016,83.172,6.5523256249131006,-0.23252198107050928,0.011757219231759085,19091.0,12.365822190010594,6.329935106005996,-0.14838956686833216,1.1906298688550727,-0.6589679224724713,9.740534072452691,0.29761062299612134,0.06757628114870588,5|63|5|80|5|5|60|45|42|12|33,153,103
40,0.013494338797504807,0.30201510952508653,-0.15726160213303297,6.525719068753401,6.533791906942772,6.148965134866502,9,0.36,0,3,1041,83.172,6.525719068753401,-0.2326064635233908,0.011819696265995322,19417.0,12.950553962263943,6.329432887265199,-0.15503770479180534,1.1839240150359822,-0.6489845932338315,10.048647220872988,0.31168347511642147,0.0674827317152116,5|64|5|80|5|5|61|47|41|11|33,153,104
41,0.01322445202155471,0.3258453302625233,-0.15726160213303297,6.509066392223779,6.533791906942772,6.148965134866502,13,0.52,0,0,1066,83.21066666666665,6.509066392223779,-0.23031740862146258,0.011055759754291968,19867.0,12.802352802432935,6.32902906386627,-0.15919868262371287,1.365619349778842,-0.7710555238883648,10.473956781575852,0.3081166892749039,0.0674075106070913,6|66|5|81|5|5|62|47|41|9|32,154,105
42,0.012959962981123617,0.3258678721321322,-0.15726160213303297,6.5263455852686105,6.533791906942772,6.148965134866502,11,0.44,0,1,1091,83.12266666666666,6.5263455852686105,-0.2301961188992439,0.01089021940418565,20431.0,13.1518103604806,6.32808494455043,-0.15488115810536282,1.375246806359646,-0.7975075448204425,11.007011430990108,0.31652715159299255,0.06723164734279409,5|68|5|81|5|5|64|46|42|9|33,156,106
43,0.012700763721501144,0.3466268974510426,-0.15726160213303297,6.54820131873808,6.533791906942772,6.148965134866502,10,0.4,0,0,1116,83.12266666666666,6.54820131873808,-0.22963657652831596,0.010774583255248596,21334.0,13.344890729578651,6.328153101677107,-0.1494201007008805,1.4196608736251046,-0.8159852744508516,11.860465949467187,0.32117405400292787,0.06724434312666526,5|69|5|83|5|5|66|47|43|9|33,158,107
44,0.01244674844707112,0.33920568714777544,-0.15726160213303297,6.54491946390122,6.533791906942772,6.148965134866502,9,0.36,0,0,1141,83.12266666666666,6.54491946390122,-0.23008169607272422,0.010779361886618407,21622.0,14.231231802809477,6.328335577712466,-0.1502401325557852,1.3843291982888242,-0.8152216874647196,12.13266406831702,0.3425057952278962,0.06727833335512039,5|72|5|84|5|5|66|41|43|10|36,158,108
45,0.012197813478129697,0.35474367200252954,-0.15726160213303297,6.5291379309628015,6.533791906942772,6.148965134866502,8,0.32,0,1,1166,83.12266666666666,6.5291379309628015,-0.23006349484704544,0.010903148491838897,22185.0,14.969984919274744,6.328110247087059,-0.1541834391223583,1.3857739333144672,-0.7954415802564149,12.664773585374158,0.3602855086875611,0.06723636050416242,5|75|5|83|5|5|67|43|42|10|37,159,111
46,0.011953857208567103,0.36415029896910256,-0.15726160213303297,6.41203625544116,6.533791906942772,6.148965134866502,13,0.52,0,1,1191,83.03133333333334,6.41203625544116,-0.23058083605019505,0.011173112484050658,22617.0,18.108599433019215,6.326617119713808,-0.1834434487705389,1.3447096132741911,-0.7523034984032209,13.073070763648907,0.43582314835496117,0.06695823225335139,5|77|5|82|5|5|67|43|41|9|42,160,113
47,0.01171478006439576,0.3998601827592321,-0.15726160213303297,6.462468711170498,6.533791906942772,6.148965134866502,11,0.44,0,3,1216,83.03133333333334,6.462468711170498,-0.2297075435906529,0.011028026470575051,23404.0,18.108599433019215,6.32705837788056,-0.1708419711687163,1.4140278133886868,-0.775487080309044,13.816889928700359,0.43582314835496117,0.06704042642129265,5|79|5|82|5|5|68|44|43|9|43,163,115
48,0.011480484463107845,0.3894166561727609,-0.15726160213303297,6.475054933732516,6.533791906942772,6.148965134866502,9,0.36,0,0,1241,83.03133333333334,6.475054933732516,-0.22984111254374462,0.011114659933579669,23097.0,16.815724106498074,6.33080463304294,-0.16769707173018739,1.4034256842642128,-0.7616437473974926,13.526734295065294,0.40470726900056614,0.06773824993861012,5|78|5|80|5|5|68|44|44|9|44,162,116
49,0.011250874773845688,0.3990933751380102,-0.15726160213303297,6.457945300343906,6.533791906942772,6.148965134866502,11,0.44,0,0,1266,83.03133333333334,6.457945300343906,-0.22961188470079918,0.011082193448104925,23767.0,17.43578450530713,6.3306618445266585,-0.17197222864658057,1.421620804713823,-0.7668316315164845,14.159972974334003,0.41963038197673846,0.06771165239510456,5|80|5|82|5|5|67|43|45|8|46,163,118
50,0.011025857278368774,0.44066175714082345,-0.15726160213303297,6.499512412314003,6.533791906942772,6.148965134866502,13,0.52,0,0,1291,83.0,6.499512412314003,-0.22884088515644133,0.01114869994557891,23971.0,17.00664082620603,6.335314160360495,-0.161585920407402,1.4828194331000142,-0.7562044263536879,14.352779975185967,0.4093020984441401,0.06857824990598434,5|80|5|81|5|6|69|42|46|7|47,164,118
51,0.010805340132801398,0.44494267380117286,-0.15726160213303297,6.50286010926175,6.533791906942772,6.148965134866502,9,0.36,0,3,1316,83.0,6.50286010926175,-0.2286451083541199,0.011072874642307412,24586.0,17.15008198870975,6.335383922485204,-0.16074943668883926,1.4983593537907374,-0.7683207019809329,14.934036374813214,0.41275432451370997,0.06859124465650983,5|81|5|82|5|6|69|42|46|7|50,166,119
52,0.010589233330145371,0.4046110699773289,-0.15726160213303297,6.480272852096851,6.533791906942772,6.148965134866502,12,0.48,0,1,1341,82.954,6.480272852096851,-0.22938680519041757,0.010998204414515586,25315.0,17.174367461644707,6.339917085213781,-0.16639327875708307,1.4394866483631377,-0.7802524058059148,15.623037863151852,0.4133388076656484,0.0694356472459527,5|83|5|83|5|8|70|42|47|5|50,168,120
53,0.010377448663542463,0.4606563096648819,-0.15726160213303297,6.501538424546572,6.533791906942772,6.148965134866502,9,0.36,0,2,1366,82.954,6.501538424546572,-0.22828214530911553,0.011073298016586505,25409.0,17.249473403297536,6.339773176707017,-0.1610796839491426,1.527169799492938,-0.7682530501650132,15.711880304720896,0.41514639682086574,0.06940884107925853,6|84|5|82|5|9|69|42|49|6|50,168,121
54,0.010169899690271614,0.4236537683944783,-0.15726160213303297,6.49777446646803,6.533791906942772,6.148965134866502,8,0.32,0,1,1391,82.954,6.49777446646803,-0.22871364991317114,0.010896116675934065,25954.0,16.857005789629202,6.3391538539807835,-0.16202017817523193,1.4929188195750138,-0.7965652080691246,16.22697743934992,0.4057008032149679,0.06929347841856343,6|85|5|85|5|8|69|42|48|5|50,170,121
55,0.00996650169646618,0.41607222898984303,-0.15726160213303297,6.492775875554576,6.533791906942772,6.148965134866502,9,0.36,0,2,1416,82.954,6.492775875554576,-0.22879991735253846,0.010911739372523778,26468.0,16.517888594987244,6.338336000846499,-0.16326916814658324,1.4860712812044612,-0.7940688263897263,16.7127754709083,0.3975392044134244,0.06914113504469324,6|85|5|86|5|8|70|42|48|5|52,170,123
56,0.009767171662536857,0.4119463443576872,-0.15726160213303297,6.493931371651032,6.533791906942772,6.148965134866502,10,0.4,0,2,1441,82.954,6.493931371651032,-0.2289062333574579,0.010788891207892115,26626.0,17.317243876682944,6.338344636419957,-0.16298044617245172,1.4776323739130324,-0.8136989783147224,16.86210638333286,0.41677744184925586,0.06914274361271208,6|85|5|86|5|7|71|40|50|5|52,169,123
57,0.009571828229286119,0.4119558449475482,-0.15726160213303297,6.575331845225675,6.533791906942772,6.148965134866502,16,0.64,0,1,1466,82.954,6.575331845225675,-0.22915257183738438,0.010576471850562423,26744.0,17.323149350741158,6.406493575065094,-0.14264103914389598,1.4580790846788665,-0.8476418888066644,16.973632001472723,0.4169195700301844,0.081837002280502,5|84|5|87|5|7|70|38|51|5|55,170,124
58,0.009380391664700395,0.4148930436449249,-0.15726160213303297,6.568495658719941,6.533791906942772,6.148965134866502,7,0.28,0,2,1491,82.954,6.568495658719941,-0.22926096989909936,0.01062456596289527,26681.0,17.74528971911724,6.4067624095068485,-0.1443491862068947,1.4494749126722497,-0.8399568351909079,16.914088662974322,0.427079303535467,0.08188707868683032,5|85|5|86|5|7|71|38|49|5|55,170,123
59,0.009192783831406388,0.37520889157547854,-0.15726160213303297,6.483562161855954,6.533791906942772,6.148965134866502,10,0.4,0,2,1516,82.84200000000001,6.483562161855954,-0.2298702623138987,0.010701458405136062,26870.0,17.712037790598572,6.406507880234045,-0.16557138415259975,1.401111900858947,-0.8276700393108356,17.092718678469527,0.4262790229710047,0.08183966693704042,5|87|5|87|5|6|70|38|46|5|56,170,123
60,0.009008928154778259,0.3631867413915635,-0.15726160213303297,6.484674855602467,6.533791906942772,6.148965134866502,9,0.36,0,2,1541,82.84200000000001,6.484674855602467,-0.22986278715929023,0.010655036054932641,26655.0,16.973284674133303,6.406528993704746,-0.16529335713365723,1.4017052464871784,-0.8350879587395941,16.88951522168927,0.4084993095113397,0.08184359979151735,5|85|5|88|5|6|69|38|47|5|56,170,124
61,0.008828749591682694,0.36422974108016876,-0.15726160213303297,6.48534704008048,6.533791906942772,6.148965134866502,6,0.24,0,2,1566,82.84200000000001,6.48534704008048,-0.22983287562265825,0.010651129944649375,26349.0,16.973284674133303,6.406528993704746,-0.16512539946589197,1.404079495639719,-0.8357121238504545,16.600304720411323,0.4084993095113397,0.08184359979151735,5|84|5|88|5|6|68|38|47|5|56,170,123
62,0.00865217459984904,0.3651568947136647,-0.15726160213303297,6.474131005903721,6.533791906942772,6.148965134866502,11,0.44,0,2,1591,82.84200000000001,6.474131005903721,-0.2295631374903553,0.010588261985195697,26504.0,16.973284674133303,6.385562458270671,-0.16792793210912174,1.4254901486565652,-0.8457579198050821,16.746800235764532,0.4084993095113397,0.07793811528274996,5|83|5|89|5|5|68|40|47|5|56,170,125
63,0.00847913110785206,0.3700886604692744,-0.15726160213303297,6.494214754820506,6.533791906942772,6.148965134866502,13,0.52,0,2,1616,82.84200000000001,6.494214754820506,-0.22950296594511974,0.010589857174459408,26362.0,16.643196611181917,6.4002730663681575,-0.16290963767004543,1.4302663071682564,-0.845503021348197,16.612591441053848,0.4005550165602488,0.08067829389833135,5|84|5|90|5|5|66|40|47|5|54,168,126
64,0.008309548485695019,0.3645248560820236,-0.15726160213303297,6.495699184379354,6.533791906942772,6.148965134866502,9,0.36,0,6,1641,82.84200000000001,6.495699184379354,-0.22944272728084403,0.010569384340188908,26146.0,16.08634115758214,6.400393444851019,-0.16253872561417226,1.4350477933007288,-0.848774416149008,16.408442851916476,0.38715306916701403,0.08070071707365682,5|86|5|88|5|5|66|40|46|5|53,168,125
65,0.008143357515981118,0.3505527680076409,-0.15726160213303297,6.437952191143768,6.533791906942772,6.148965134866502,8,0.32,0,3,1666,82.84200000000001,6.437952191143768,-0.22927841931638573,0.010541553563347681,26322.0,16.08634115758214,6.359159174577226,-0.17696787508363826,1.4480898529638762,-0.8532215511894213,16.57478614676915,0.38715306916701403,0.07301991524108936,5|86|5|90|5|5|66|40|44|5|53,168,126
66,0.007980490365661496,0.3358532660319893,-0.15726160213303297,6.440038139459616,6.533791906942772,6.148965134866502,6,0.24,0,1,1691,82.84200000000001,6.440038139459616,-0.22946653980818044,0.010529769942719864,26554.0,15.520163555499604,6.359159174577226,-0.17644666249145766,1.433157657279169,-0.8551044793051497,16.794056853620404,0.37352676383178507,0.07301991524108936,5|87|5|90|5|5|66|42|44|5|52,168,126
67,0.007820880558348266,0.35730586727422187,-0.15726160213303297,6.448077748252156,6.533791906942772,6.148965134866502,7,0.28,0,2,1716,82.84200000000001,6.448077748252156,-0.2290362994292164,0.010559027169682256,26884.0,15.520163555499604,6.3594910136688405,-0.17443781821327442,1.4673082884457322,-0.8504294089701726,17.10595053146917,0.37352676383178507,0.0730817276676479,5|89|5|89|5|5|67|42|44|7|52,170,127
68,0.0076644629471813,0.3463751728440778,-0.15726160213303297,6.434343760884639,6.533791906942772,6.148965134866502,11,0.44,0,4,1741,82.84200000000001,6.434343760884639,-0.2289979177529619,0.01047452133991886,26762.0,15.46810358506999,6.341837874794007,-0.17786950782054453,1.470354860858294,-0.8639327631454436,16.99064438390084,0.37227382650221286,0.06979343711418166,5|86|5|90|5|5|68|42|45|7|52,171,127
69,0.007511173688237674,0.34598036454478936,-0.15726160213303297,6.432085377938062,6.533791906942772,6.148965134866502,13,0.52,0,3,1766,82.84200000000001,6.432085377938062,-0.2290035705173161,0.010447570649463995,27774.0,15.676976891545312,6.342198544998147,-0.17843380637999529,1.4699061687318222,-0.86823926743632,17.947118329303724,0.3773008205760559,0.06986061997801109,5|87|5|92|5|5|70|42|45|6|54,171,129
70,0.00736095021447292,0.3326226502107359,-0.15726160213303297,6.437794979080178,6.533791906942772,6.142778295432565,10,0.4,0,5,1791,82.84200000000001,6.437794979080178,-0.2291547093257785,0.010379149443516996,28288.0,15.405671078961333,6.341612046217306,-0.17700715741223816,1.4579094200417488,-0.8791724276642982,18.432916360862105,0.37077125135980005,0.06975137150869735,5|88|5|94|5|5|70|43|45|5|53,171,131
71,0.007213731210183462,0.3381636914123353,-0.15726160213303297,6.441675417779332,6.533791906942772,6.142778295432565,9,0.36,0,5,1816,82.84200000000001,6.441675417779332,-0.22905474427459077,0.010380246483758005,28351.0,15.44838147419608,6.341638195363383,-0.1760375583585044,1.4658442159362648,-0.8789971294279476,18.492459699360506,0.37179917066341833,0.06975624236994393,5|89|5|93|5|5|70|44|46|5|52,170,131
72,0.0070694565859797925,0.33823576433166747,-0.15726160213303297,6.439577616396473,6.533791906942772,6.142778295432565,8,0.32,0,3,1841,82.84200000000001,6.439577616396473,-0.22888092704088134,0.010301874946596446,28017.0,15.44838147419608,6.341202130840823,-0.1765617326577105,1.479641080500898,-0.891520272819545,18.17678549208327,0.37179917066341833,0.06967501563398476,5|87|5|95|5|5|70|41|46|5|51,170,131
73,0.006928067454260197,0.3432189703941918,-0.15726160213303297,6.462172288735289,6.533791906942772,6.142778295432565,5,0.2,0,4,1866,82.84200000000001,6.462172288735289,-0.22854914705955706,0.010140765091453174,28333.0,15.370425499028755,6.340987385886125,-0.170916037771739,1.505976348701287,-0.9172643361725389,18.475447316932392,0.3699229892029927,0.06963501460012084,5|87|5|96|5|5|70|39|49|5|51,170,132
74,0.006789506105174993,0.356224540289689,-0.15726160213303297,6.474781468121571,6.533791906942772,6.142778295432565,6,0.24,0,7,1891,82.84200000000001,6.474781468121571,-0.22836576167855596,0.010166380476400186,28795.0,15.41476140372031,6.34095169439451,-0.1677654021479979,1.5205326916530764,-0.9131712029976579,18.912098465920664,0.37099002995560915,0.06962836626434624,5|88|5|96|5|5|71|42|48|5|51,170,132
75,0.006653715983071492,0.36732942686851777,-0.15726160213303297,6.489327832297188,6.533791906942772,6.142778295432565,5,0.2,0,3,1916,82.84200000000001,6.489327832297188,-0.2276101168493991,0.009901569232541133,29144.0,15.30025261460133,6.3411191978857655,-0.16413072523813726,1.5805125287748123,-0.955485916969873,19.241949658554663,0.36823412488560414,0.06965956752276675,5|88|5|97|5|5|70|42|51|5|51,170,133
76,0.006520641663410063,0.36601339110152187,-0.15726160213303297,6.515036322617772,6.533791906942772,6.142778295432565,8,0.32,0,6,1941,82.84200000000001,6.515036322617772,-0.2278631826424106,0.009906931568294114,29057.0,15.208120975533806,6.373159472490483,-0.15770698559931864,1.560425254356686,-0.954629058702438,19.159723143485444,0.3660167749933592,0.07562778275407367,6|88|5|95|5|5|72|42|52|5|50,171,132
77,0.006390228830141861,0.3620645236630671,-0.15726160213303297,6.544763898666101,6.533791906942772,6.142778295432565,13,0.52,0,1,1966,82.84200000000001,6.544763898666101,-0.2279701895146227,0.009779298097445314,29361.0,15.28455886145186,6.396218223357392,-0.15027900339397104,1.5519315089904275,-0.9750238642006614,19.447043380049156,0.3678564203075993,0.07992298901671077,5|86|5|95|5|5|75|42|55|5|49,172,131
78,0.006262424253539024,0.3565615857015811,-0.15726160213303297,6.517974144999806,6.533791906942772,6.142778295432565,8,0.32,0,1,1991,82.84200000000001,6.517974144999806,-0.22816082737994686,0.009859429690256926,29037.0,15.591668001585331,6.38182168281631,-0.15697291658741058,1.5367994950201374,-0.9622194780252539,19.140820496343093,0.3752476750999219,0.07724131248317805,5|87|5|93|5|5|75|42|52|5|51,172,129
79,0.006137175768468243,0.3665285359404629,-0.15726160213303297,6.517269933360468,6.533791906942772,6.142778295432565,9,0.36,0,2,2016,82.84200000000001,6.517269933360468,-0.2278518985428943,0.009842584483635905,29553.0,15.704612721754359,6.3589403671269205,-0.15714887683110135,1.5613209376525108,-0.9649112070076936,19.62850879261571,0.37796593742143425,0.07297915747687712,5|88|5|93|5|5|76|43|53|5|51,172,131
80,0.006014432253098878,0.34899631128279535,-0.15726160213303297,6.476285013926584,6.533791906942772,6.142778295432565,8,0.32,0,1,2041,82.84200000000001,6.476285013926584,-0.22836090702015685,0.010023857907167517,29106.0,15.682958284207881,6.344849434641939,-0.16738971354606122,1.5209180335608417,-0.9359451670627016,19.2060346289842,0.3774447759046494,0.0703544072549237,5|88|5|92|5|6|76|41|52|5|51,172,130
81,0.0058941436080369005,0.3624354047588398,-0.15726160213303297,6.4688959315805565,6.533791906942772,6.142778295432565,15,0.6,0,3,2066,82.84200000000001,6.4688959315805565,-0.22819576994582186,0.010096184373329833,28311.0,15.920467428361109,6.345867003361328,-0.16923601181440678,1.534025904400671,-0.9243879775579068,18.454654405075807,0.3831609541961195,0.07054395210760935,5|85|5|90|5|7|74|39|52|5|56,172,127
82,0.005776260735876162,0.3665442389500182,-0.15726160213303297,6.475481653911181,6.533791906942772,6.142778295432565,10,0.4,0,5,2091,82.80066666666667,6.475481653911181,-0.22842195264482587,0.01024067592438326,28191.0,15.920467428361109,6.344746916559497,-0.1675904478369837,1.5160724943824317,-0.9012993859817812,18.34123852222171,0.3831609541961195,0.07033531097723375,5|84|5|90|5|7|74|41|52|5|55,172,128
83,0.005660735521158639,0.36200981152406775,-0.15726160213303297,6.492371273681099,6.533791906942772,6.142778295432565,7,0.28,0,3,2116,82.84200000000001,6.492371273681099,-0.2282498129746113,0.01004731342802902,28446.0,15.896181955426158,6.346407568626622,-0.16337026537400456,1.529736201170685,-0.9321971628546473,18.582247273286665,0.3825764710441812,0.07064464443592568,5|83|5|91|5|7|75|38|53|5|57,171,128
84,0.005547520810735466,0.3573250613144947,-0.15726160213303297,6.4613704275973385,6.533791906942772,6.142778295432565,9,0.36,0,5,2141,82.84200000000001,6.4613704275973385,-0.22857325999064979,0.010235489985860389,28495.0,16.046831476851086,6.336217006380818,-0.1711163975405332,1.5040623679213443,-0.9021280573858913,18.628558758785424,0.3862021820754751,0.06874642509912778,5|84|5|89|5|7|77|40|52|5|56,171,128
85,0.005436570394520756,0.3741528000556634,-0.15726160213303297,6.47034310962808,6.533791906942772,6.142778295432565,10,0.4,0,4,2166,82.84200000000001,6.47034310962808,-0.22843853713300338,0.010210626696287807,29028.0,16.980193882127292,6.3361489256826795,-0.16887440773449472,1.5147560890273597,-0.9061010117489322,19.132314305129036,0.40866559475011355,0.06873374355177522,5|83|5|90|5|7|81|40|52|5|55,171,129
86,0.005327838986630341,0.36209886999904317,-0.15726160213303297,6.460126417777963,6.533791906942772,6.142778295432565,9,0.36,0,6,2191,82.84200000000001,6.460126417777963,-0.2287526614381086,0.0102628687119344,28951.0,16.80108445129149,6.346319195359277,-0.1714272362980079,1.489822252482468,-0.8977531564343212,19.05953911363099,0.4043549336006605,0.07062818294529488,5|82|5|92|5|8|81|39|51|5|54,172,127
87,0.005221282206897734,0.3586658624346626,-0.15726160213303297,6.471939716496093,6.533791906942772,6.142778295432565,6,0.24,0,6,2216,82.84200000000001,6.471939716496093,-0.22867534064640696,0.010184303642766698,29133.0,16.53424991152339,6.346690045139267,-0.16847546611257255,1.4959596444336085,-0.9103072246890969,19.231553202626372,0.39793297536795846,0.07069726198200017,5|83|5|92|5|9|81|39|51|5|54,173,128
88,0.005116856562759779,0.35958244204070183,-0.15726160213303297,6.465306740002818,6.533791906942772,6.142778295432565,10,0.4,0,7,2241,82.84200000000001,6.465306740002818,-0.22852965818952084,0.010180669732335772,29095.0,16.292806078887033,6.34656012672495,-0.17013283741255447,1.5075232913989078,-0.9108878944455787,19.195638173055908,0.3921221001713602,0.07067306178182331,5|81|5|95|5|9|80|40|49|6|54,173,126
89,0.005014519431504583,0.36045567302892517,-0.15726160213303297,6.455080276300288,6.533791906942772,6.142778295432565,7,0.28,0,2,2266,82.84200000000001,6.455080276300288,-0.22843653708338502,0.010118472620321428,29672.0,16.683247324832877,6.346598912843676,-0.17268810765330775,1.5149148443654712,-0.9208264943570901,19.74097954311269,0.40151892479521684,0.07068028656086789,5|82|5|97|5|9|80|39|49|6|55,172,127
90,0.004914229042874491,0.3607330669346034,-0.15726160213303297,6.431274639379928,6.533791906942772,6.121957329967136,9,0.36,0,2,2291,82.84200000000001,6.431274639379928,-0.22851972608142315,0.010231368007195716,29803.0,16.724253429570293,6.3467484062150845,-0.17863638433566914,1.5083116594297452,-0.9027867165336427,19.86479188189508,0.40250582661136985,0.07070813303307279,5|81|5|98|5|10|81|39|47|6|56,173,128
91,0.004815944462017001,0.3560542448717125,-0.15726160213303297,6.4349415882947545,6.533791906942772,6.121957329967136,11,0.44,0,1,2316,82.84200000000001,6.4349415882947545,-0.22886996020261952,0.010335435035596406,29692.0,16.724253429570293,6.346645589152692,-0.17772012963521966,1.4805115809626275,-0.8861576396238366,19.759882190255038,0.40250582661136985,0.07068898106370355,5|81|5|97|5|10|81|39|48|5|56,172,126
92,0.004719625572776661,0.3635115870552871,-0.15726160213303297,6.424666027100531,6.533791906942772,6.121957329967136,5,0.2,0,1,2341,82.84200000000001,6.424666027100531,-0.22861240164473215,0.010344374030447847,29599.0,16.724253429570293,6.3368614723152366,-0.18028766778823171,1.5009554717368563,-0.8847292599039062,19.671984881043112,0.40250582661136985,0.06886647124271758,5|80|5|97|5|10|82|39|47|5|56,173,126
93,0.004625233061321128,0.36173317051121867,-0.15726160213303297,6.419968803801154,6.533791906942772,6.121957329967136,10,0.4,0,4,2366,82.84200000000001,6.419968803801154,-0.2288070158323562,0.010410190735378464,29879.0,16.873659261964967,6.337534781941984,-0.18146135551257186,1.485507834401346,-0.8742122780599816,19.936621941036005,0.4061016055393697,0.06899189016684712,5|79|5|97|5|8|84|42|47|6|55,173,126
94,0.004532728400094705,0.3424287146024281,-0.15726160213303297,6.429191600776582,6.533791906942772,6.121957329967136,10,0.4,0,3,2391,82.84200000000001,6.429191600776582,-0.22879875936864533,0.01025951517949318,30051.0,16.050380326027636,6.3376287999037535,-0.17915686988260887,1.486163196986347,-0.8982890240356317,20.099184706460214,0.38628759291174003,0.06900940310761847,5|78|5|98|5|8|85|42|49|5|53,173,128
95,0.004442073832092811,0.3447492635098714,-0.15726160213303297,6.43766006969821,6.533791906942772,6.121957329967136,6,0.24,0,2,2416,82.84200000000001,6.43766006969821,-0.22865748888431459,0.010191728869656493,30075.0,16.050380326027636,6.337775667821546,-0.1770408670052088,1.4973766405425228,-0.909120732954676,20.121867883031033,0.38628759291174003,0.06903676053057363,5|79|5|98|5|8|84|40|51|5|53,173,128
96,0.0043532323554509545,0.337462811755835,-0.15726160213303297,6.4371711285611175,6.533791906942772,5.927905378477983,7,0.28,0,1,2441,82.84200000000001,6.4371711285611175,-0.22838701291015215,0.009955148168867323,30240.0,16.13349784644133,6.337805263105807,-0.1771630379504578,1.5188458602733157,-0.9469244324477694,20.277814721955416,0.38828799827517757,0.0690422733118615,5|80|5|97|5|7|84|40|51|5|55,173,130
97,0.004266167708341935,0.33826844580082477,-0.15726160213303297,6.49486031427231,6.533791906942772,5.927905378477983,9,0.36,0,6,2466,82.84466666666667,6.49486031427231,-0.22844449990208823,0.009797955927352666,30521.0,16.24800663556031,6.336232742253492,-0.16274833275528566,1.5142827900584475,-0.9720424925475302,20.543396914305426,0.3910439033451826,0.068749356256121,5|82|5|96|5|6|86|39|51|6|54,174,130
98,0.004180844354175096,0.3309467738221562,-0.15726160213303297,6.476863631432415,6.533791906942772,5.927905378477983,8,0.32,0,5,2491,82.84466666666667,6.476863631432415,-0.2285801140297534,0.00976269796949891,30460.0,16.688978524208444,6.33696130547141,-0.16724513530900537,1.5035183237709737,-0.9776764315755124,20.48574384052126,0.4016568586738113,0.06888506739305061,5|82|5|95|5|6|87|37|51|6|55,174,129
99,0.004097227467091594,0.3139854139241265,-0.15726160213303297,6.47321486117338,6.533791906942772,5.927905378477983,7,0.28,0,2,2516,82.84466666666667,6.47321486117338,-0.22877942389226263,0.009592905957852336,30882.0,17.140407778531085,6.336895984317294,-0.16815684773760858,1.4876979639553727,-1.0048078339392879,20.884589695224832,0.4125214934351106,0.06887289987227463,5|84|5|97|5|5|87|36|50|6|54,173,130
100,0.004015282917749762,0.3085344628489092,-0.15726160213303297,6.477019899707503,6.533791906942772,5.927905378477983,6,0.24,0,6,2541,82.84466666666667,6.477019899707503,-0.22885982083157239,0.009568264734583458,30485.0,17.037216949487085,6.336891296531227,-0.16720608880333915,1.4813164006351214,-1.0087453038871388,20.509372149449195,0.41003797988887186,0.06887202666764232,5|81|5|97|5|5|88|35|51|6|53,173,130
101,0.003934977259394766,0.32992738215465683,-0.15726160213303297,6.49847863435454,6.533791906942772,5.927905378477983,7,0.28,0,2,2566,82.84466666666667,6.49847863435454,-0.2284810890021497,0.00955682202423102,30882.0,17.18917581274591,6.337810622256886,-0.16184422886399077,1.51137850463567,-1.010573757273688,20.884589695224832,0.4136952031021228,0.06904327157319019,5|82|5|98|5|5|88|37|51|6|52,175,130
102,0.0038562777142068707,0.3215064201908261,-0.15726160213303297,6.471657852441736,6.533791906942772,5.927905378477983,7,0.28,0,0,2591,82.84466666666667,6.471657852441736,-0.22839946631296829,0.0094892016754843,31849.0,17.22398003757418,6.338079583528132,-0.16854589503609735,1.5178573627097756,-1.0213789469409433,21.798532684557433,0.4145328430806765,0.06909337160433802,5|82|5|102|5|5|88|38|52|5|52,175,131
103,0.003779152159922733,0.3215566665787092,-0.15726160213303297,6.473316263595357,6.533791906942772,5.927905378477983,7,0.28,0,2,2616,82.84466666666667,6.473316263595357,-0.22834204309268588,0.009456130144401052,32335.0,17.22398003757418,6.338070354653313,-0.16813151047550567,1.522415371005005,-1.0266635124979695,22.257867010116524,0.4145328430806765,0.06909165252071772,5|82|5|104|5|5|89|38|52|5|51,175,131
104,0.0037035691167242786,0.3269693439526892,-0.15726160213303297,6.4856033641048985,6.533791906942772,5.927905378477983,11,0.44,0,1,2641,82.84466666666667,6.4856033641048985,-0.22806726943191674,0.009464161374384552,32989.0,16.472166221443015,6.33638147338834,-0.16506135218907778,1.5442257226177667,-1.0253801863270546,22.87598357167135,0.3964387952480434,0.06877706074477849,5|83|5|105|5|5|91|42|51|5|48,175,133
105,0.003629497734389793,0.3166123371544962,-0.15726160213303297,6.492034210924837,6.533791906942772,5.927905378477983,8,0.32,0,3,2666,82.84466666666667,6.492034210924837,-0.2280940757813264,0.009477329409720616,33208.0,15.480290153522848,6.336207287289223,-0.16345448670949206,1.5420979498740377,-1.0232760398387801,23.082967557880078,0.3725671229910116,0.06874461470170733,5|83|5|107|5|5|90|44|50|5|47,175,133
106,0.003556907779701997,0.31591181815783353,-0.15726160213303297,6.499892333871335,6.533791906942772,5.927905378477983,10,0.4,0,4,2691,82.84466666666667,6.499892333871335,-0.22777802822732826,0.009309671686900549,32871.0,15.331545689116352,6.335969434486303,-0.16149099001137157,1.5671844456457127,-1.0500663999570994,22.76445795353149,0.36898726133369275,0.06870030931610421,5|81|5|106|5|5|90|44|52|5|47,175,135
107,0.0034857696241079573,0.313527413971344,-0.15726160213303297,6.483642073346808,6.533791906942772,5.927905378477983,9,0.36,0,2,2716,82.84466666666667,6.483642073346808,-0.22789092274311581,0.009387402541060207,33278.0,15.331545689116352,6.335391565415037,-0.1655514167953182,1.5582233644504238,-1.0376456325733225,23.1491268228783,0.36898726133369275,0.0685926683225303,5|81|5|107|5|5|90|45|53|5|47,176,134
108,0.003416054231625798,0.3068221073049907,-0.15726160213303297,6.474967745962848,6.533791906942772,5.927905378477983,7,0.28,0,3,2741,82.84466666666667,6.474967745962848,-0.22789587525682176,0.009333031992157499,33010.0,15.331545689116352,6.33542031141594,-0.16771885719969773,1.5578302552091987,-1.0463336104393794,22.89583135117082,0.36898726133369275,0.06859802290586475,5|81|5|107|5|5|89|44|53|5|47,175,136
109,0.003347733146993282,0.3089286670066295,-0.15726160213303297,6.4822683629634295,6.533791906942772,5.927905378477983,11,0.44,0,0,2766,82.84466666666667,6.4822683629634295,-0.2278349403135216,0.009305913149033894,33219.0,15.331545689116352,6.335749679945712,-0.1658946636266929,1.5626670089764985,-1.0506669841787646,23.093364013808372,0.36898726133369275,0.06865937513521823,5|83|5|105|5|5|89|45|55|5|47,175,136
110,0.003280778484053416,0.30557697175210163,-0.15726160213303297,6.465602331250356,6.533791906942772,5.927905378477983,9,0.36,0,1,2791,82.84466666666667,6.465602331250356,-0.22788859058532632,0.009299950361353535,33631.0,15.611219964324253,6.336316582074517,-0.17005897849707494,1.5584084811070313,-1.0516197898508142,23.482758544940772,0.3757182359507991,0.06876497329133685,5|86|5|107|5|5|86|44|55|5|48,175,136
111,0.0032151629143723475,0.30864169880335013,-0.15726160213303297,6.457261136986958,6.533791906942772,5.927905378477983,8,0.32,0,2,2816,82.84466666666667,6.457261136986958,-0.22781855926077085,0.00932970152737479,34014.0,15.611219964324253,6.336236445579172,-0.17214317945779703,1.5639672665022057,-1.046865792013776,23.844744237716764,0.3757182359507991,0.06875004608306542,5|88|5|108|5|5|85|45|54|6|48,176,134
112,0.0031508596560849006,0.2964258905760371,-0.15726160213303297,6.431795838662992,6.533791906942772,5.927905378477983,9,0.36,0,1,2841,82.84466666666667,6.431795838662992,-0.22825197160352423,0.009470151012265511,33888.0,15.62857328780079,6.335358114479717,-0.17850615309872792,1.5295648584900927,-1.0244230902081872,23.725657560719963,0.3761358817273232,0.0685864373403011,5|88|5|107|5|5|85|45|53|6|50,176,133
113,0.0030878424629632024,0.20269903487712349,-0.15726160213303297,6.390204884513701,6.533791906942772,5.927905378477983,13,0.52,0,3,2866,82.96866666666666,6.390204884513701,-0.2294747660174151,0.009188674815461597,34889.0,14.601318073242691,6.335850786117237,-0.18889841874534863,1.432504696164389,-1.0694007300703527,24.671735050194552,0.3514127327378755,0.06867820841303243,5|86|5|111|5|5|86|45|55|5|51,176,136
114,0.0030260856137039383,0.19866541179617067,-0.15726160213303297,6.38548739102009,6.533791906942772,5.927905378477983,10,0.4,0,5,2891,82.96866666666666,6.38548739102009,-0.2295055049512723,0.009197711888620378,35561.0,14.402259374780135,6.3362637063806835,-0.19007717135092317,1.4300647717780752,-1.0679566782231307,25.306863994177498,0.34662194872433083,0.06875512401491228,5|87|5|113|5|5|88|45|55|5|48,176,136
115,0.0029655639014298596,0.1835181505579741,-0.15726160213303297,6.3776871378971265,6.533791906942772,5.927905378477983,9,0.36,0,5,2916,82.96866666666666,6.3776871378971265,-0.2296392623339709,0.00918009401882331,35710.0,13.865452982966012,6.336023489340325,-0.19202620820816263,1.4194476859216918,-1.070771872587232,25.447688715388,0.33370252596041966,0.06871037823739394,5|88|5|112|5|5|89|44|56|5|48,176,136
116,0.0029062526234012623,0.16309107969793443,-0.15726160213303297,6.336280060847348,6.533791906942772,5.927905378477983,9,0.36,0,3,2941,82.96866666666666,6.336280060847348,-0.23003452718045453,0.009274050697872908,35803.0,13.706024251848458,6.3362189078113325,-0.20237252877601455,1.3880732621219685,-1.0557583484565154,25.535586024599926,0.3298655239995063,0.06874677928293853,5|91|5|113|5|5|87|43|53|5|49,176,135
117,0.002848127570933237,0.16770136618521078,-0.15726160213303297,6.336423124819774,6.533791906942772,5.927905378477983,8,0.32,0,2,2966,82.96866666666666,6.336423124819774,-0.23007864436831083,0.009302239557658527,35641.0,14.045156517578432,6.336136211422116,-0.20233678160847962,1.3845714294622489,-1.051253994632075,25.382474582746894,0.33802748551982614,0.06873137523738072,5|89|5|111|5|5|90|42|53|5|51,176,137
118,0.002791165019514572,0.1706533235343435,-0.15726160213303297,6.348358530688243,6.533791906942772,5.927905378477983,8,0.32,0,1,2991,82.96866666666666,6.348358530688243,-0.22983180625262942,0.009176480573430875,36163.0,14.045156517578432,6.3385073761587885,-0.19935450070335448,1.4041643776341126,-1.071349272194616,25.875833673162216,0.33802748551982614,0.06917305751607326,5|88|5|114|5|5|90|41|54|5|51,177,137
119,0.0027353417191242806,0.14542653846869127,-0.15726160213303297,6.348184431434066,6.533791906942772,5.927905378477983,5,0.2,0,3,3016,82.96866666666666,6.348184431434066,-0.23006475986479372,0.009165549750923251,36750.0,12.795020893566763,6.3382829852106966,-0.19939800260744134,1.3856735216454266,-1.073095930006991,26.430626366790175,0.30794023081287175,0.06913125970095801,5|89|5|115|5|5|91|41|54|5|51,177,139
120,0.002680634884741795,0.14113917191687297,-0.15726160213303297,6.342560294787138,6.533791906942772,5.927905378477983,7,0.28,0,3,3041,82.96866666666666,6.342560294787138,-0.23017358436360533,0.009190976329167967,36592.0,12.745865868800038,6.338250430136642,-0.20080329669754515,1.3770355008958397,-1.0690329666296128,26.281295454365612,0.3067572073697535,0.06912519559285582,5|89|5|116|5|5|90|41|53|5|50,177,139
121,0.0026270221870469588,0.13075689718400868,-0.15726160213303297,6.32097638008406,6.533791906942772,5.927905378477983,10,0.4,0,4,3066,82.96866666666666,6.32097638008406,-0.23067499162065658,0.009380845804123463,36534.0,12.72544892918468,6.3381056838386325,-0.20619643517864944,1.3372359489778476,-1.0386933465752894,26.2264777776528,0.30626582895388804,0.06909823336887007,5|91|5|115|5|5|91|39|50|5|51,177,139
122,0.0025744817433060196,0.1340829822678887,-0.15726160213303297,6.308387289935551,6.533791906942772,5.927905378477983,9,0.36,0,4,3091,82.96866666666666,6.308387289935551,-0.23037572755952718,0.00931656205777093,36261.0,12.72282592167256,6.3355516999614006,-0.20934205113645973,1.3609902432578191,-1.0489653739270344,25.96845664415973,0.3062027005271801,0.06862249695073203,5|91|5|115|5|5|91|38|48|5|51,176,138
123,0.0025229921084398994,0.1347834621502035,-0.15726160213303297,6.251624229457582,6.533791906942772,5.927905378477983,7,0.28,0,4,3116,82.96866666666666,6.251624229457582,-0.22974659169673675,0.00919156221219589,36018.0,12.712669419932238,6.335808655322096,-0.22352534689074358,1.4109283426420467,-1.068939347218343,25.738789481380184,0.30595826204472804,0.06867036061346245,5|90|5|113|5|6|92|38|49|5|52,176,139
124,0.0024725322662711015,0.11762674624562461,-0.15726160213303297,6.254928247100707,6.533791906942772,5.927905378477983,10,0.4,0,3,3141,82.96866666666666,6.254928247100707,-0.23002839435536657,0.00915067421317513,36221.0,12.387806631935645,6.339866273804407,-0.222699777250643,1.3885600594051346,-1.0754729216929244,25.93065134987503,0.2981397267918092,0.06942618248851577,5|92|5|113|5|6|91|37|51|5|51,176,140
125,0.0024230816209456795,0.12011360837353843,-0.15726160213303297,6.250380915729081,6.533791906942772,5.927905378477983,7,0.28,0,3,3166,82.96866666666666,6.250380915729081,-0.23000162199820673,0.009175368095114971,35977.0,12.436961656702369,6.339824457488315,-0.22383601171709736,1.390685133990246,-1.0715270373115793,25.700039054738365,0.2993227502349275,0.06941839326767735,5|92|5|114|5|6|91|36|50|5|48,176,140
126,0.0023746199885267658,0.11009833810103699,-0.15726160213303297,6.247042646380951,6.533791906942772,5.927905378477983,10,0.4,0,3,3191,82.91933333333333,6.247042646380951,-0.23013309063723375,0.0091858571423258,36208.0,12.038849866497618,6.339709025539834,-0.22467013977631933,1.3802497187644769,-1.0698509716502451,25.918364629232503,0.2897413171458564,0.0693968914946245,5|94|5|113|5|5|91|36|50|5|49,176,141
127,0.0023271275887562304,0.1043328172829194,-0.15726160213303297,6.233324019906099,6.533791906942772,5.927905378477983,9,0.36,0,2,3216,82.96866666666666,6.233324019906099,-0.2303617402068034,0.009270438998803447,35986.0,12.038849866497618,6.339485579180394,-0.22809799118173993,1.3621004991687518,-1.0563354690154874,25.708545245952422,0.2897413171458564,0.06935526963019782,5|93|5|113|5|5|92|37|47|5|49,176,143
128,0.0022805850369811056,0.1022699843052878,-0.15726160213303297,6.228837146978121,6.533791906942772,5.927905378477983,5,0.2,0,7,3241,82.96866666666666,6.228837146978121,-0.2304484365331743,0.009301817048937207,36172.0,12.038849866497618,6.33940081277077,-0.22921911899291741,1.355218917592151,-1.0513215081388012,25.884339864376273,0.2897413171458564,0.06933947999720429,5|95|5|113|5|5|92|37|46|5|48,176,143
129,0.0022349733362414833,0.08064131339501511,-0.15726160213303297,6.187548727619332,6.533791906942772,5.927905378477983,12,0.48,0,3,3266,82.96866666666666,6.187548727619332,-0.23112794175671958,0.009497681081242439,36986.0,12.038849866497618,6.339479740646173,-0.23953579075200773,1.30128271494905,-1.0200240058739356,26.653677603069898,0.2897413171458564,0.06935418207307484,5|97|5|115|5|5|93|36|41|5|51,176,144
130,0.0021902738695166535,0.08116869089849432,-0.15726160213303297,6.181290475785873,6.533791906942772,5.927905378477983,9,0.36,0,6,3291,83.01933333333334,6.181290475785873,-0.23113878734234578,0.009495324629528278,37332.0,12.264446547613641,6.339426985554163,-0.24109953019648675,1.3004218390001272,-1.0204005479679228,26.980693398632543,0.29517079589633,0.06934435526142779,5|96|5|118|5|5|91|36|41|5|53,176,145
131,0.0021464683921263205,0.07707205184313243,-0.15726160213303297,6.184400462047619,6.533791906942772,5.672119759754533,8,0.32,0,7,3316,83.01933333333334,6.184400462047619,-0.23106286335723336,0.009451851509288834,37343.0,11.898691104137477,6.339294870199994,-0.2403224428694349,1.3064483584507491,-1.0273472040902394,26.991089854560837,0.28636808923238505,0.06931974583223993,5|96|5|120|5|5|89|36|41|5|52,176,143
132,0.002103539024283794,0.07138278498413587,-0.15726160213303297,6.182590211506962,6.533791906942772,5.672119759754533,7,0.28,0,7,3341,83.01933333333334,6.182590211506962,-0.23107102365019533,0.009451582043654075,37176.0,11.493293431217676,6.339153605921622,-0.2407747672964705,1.3058006294862428,-1.0273902625385667,26.833252750922217,0.2766113054015207,0.06929343221201603,5|94|5|120|5|5|90|35|41|5|53,175,143
133,0.002061468243798118,0.07076001480093176,-0.15726160213303297,6.182572221225625,6.533791906942772,5.672119759754533,8,0.32,0,7,3366,83.01933333333334,6.182572221225625,-0.23113550647749365,0.009475874999353961,36406.0,11.493293431217676,6.339153605921622,-0.240779262499491,1.300682259943745,-1.0235084429564363,26.10550083594176,0.2766113054015207,0.06929343221201603,5|95|5|117|5|5|89|34|41|5|53,175,142
134,0.0020202388789221553,0.06749618759826714,-0.15726160213303297,6.1869427221651,6.533791906942772,5.672119759754533,8,0.32,0,6,3391,83.01933333333334,6.1869427221651,-0.23112907330116855,0.009429553491025004,36759.0,11.41694798785311,6.339243977144847,-0.23968721237222532,1.3011928978165472,-1.0309102486620305,26.439132558004232,0.2747738849200101,0.06931026586645817,5|95|5|119|5|5|88|32|42|5|54,175,143
135,0.0019798341013437123,0.0636296879289674,-0.15726160213303297,6.18269002878983,6.533791906942772,5.672119759754533,7,0.28,0,4,3416,83.01933333333334,6.18269002878983,-0.2312283453097381,0.00944382775131713,37398.0,11.41694798785311,6.33919620257337,-0.24074982611055876,1.2933131126648474,-1.028629336293567,27.043072134202298,0.2747738849200101,0.06930136678776178,5|95|5|121|5|5|89|33|41|5|54,175,144
136,0.001940237419316838,0.06437351178176512,-0.15726160213303297,6.183810871046436,6.533791906942772,5.672119759754533,5,0.2,0,9,3441,83.01933333333334,6.183810871046436,-0.23130478047061417,0.009487575280451533,37001.0,11.41694798785311,6.339218274980481,-0.2404697630363432,1.2872460182802592,-1.0216388318295697,26.66785458842666,0.2747738849200101,0.06930547826551708,5|95|5|119|5|5|89|33|42|5|54,175,144
137,0.0019014326709305013,0.06627085362292981,-0.15726160213303297,6.187409380771842,6.533791906942772,5.672119759754533,9,0.36,0,2,3466,83.01933333333334,6.187409380771842,-0.23126612662159934,0.00952922282810448,35993.0,11.09671210288986,6.33911323508453,-0.23957060912743952,1.290314194596141,-1.014983887572306,25.715161172452245,0.2670667062330468,0.06928591224385704,5|93|5|118|5|5|87|35|41|6|53,175,142
138,0.0018634040175118912,0.06572552382717514,-0.15726160213303297,6.187491586754529,6.533791906942772,5.672119759754533,5,0.2,0,9,3491,83.01933333333334,6.187491586754529,-0.23127379793218036,0.009526031766766514,36045.0,11.09671210288986,6.33904387811746,-0.23955006844912866,1.2897052789503167,-1.0154937935937276,25.764308055022354,0.2670667062330468,0.06927299296297161,5|92|5|119|5|5|87|35|41|6|53,175,142
139,0.0018261359371616534,0.06261012813476471,-0.15726160213303297,6.1845829431331785,6.533791906942772,5.672119759754533,12,0.48,0,8,3516,83.01933333333334,6.1845829431331785,-0.23140555587372436,0.00956179890557137,35890.0,11.09671210288986,6.338860499744745,-0.24027684661045487,1.2792469001348066,-1.0097784915314876,25.617812539669146,0.2670667062330468,0.06923883465407342,5|95|5|116|5|5|88|35|40|6|52,175,144
140,0.0017896132184184203,0.055218274860926335,-0.15726160213303297,6.174741090234673,6.533791906942772,5.672119759754533,5,0.2,0,6,3541,83.01933333333334,6.174741090234673,-0.2315577901996398,0.00962458813238642,35771.0,10.772800121663895,6.33875727880952,-0.2427360147605555,1.2671631939802452,-0.9997452764213711,25.505341789172167,0.25927105422970154,0.06921960745438803,5|95|5|117|5|5|88|34|39|6|50,175,142
141,0.0017538209540500518,0.04995974327637817,-0.15726160213303297,6.182230089305724,6.533791906942772,5.672119759754533,7,0.28,0,7,3566,83.01933333333334,6.182230089305724,-0.23178265952674684,0.009677585392742515,35999.0,10.570627893461502,6.338686141015845,-0.24086475045884467,1.2493140337754374,-0.9912767390564214,25.72083196659495,0.2544053362965718,0.06920635645485801,5|93|5|121|5|5|88|34|37|6|48,174,142
142,0.0017187445349690507,0.042061692681543146,-0.15726160213303297,6.173392810269681,6.533791906942772,5.672119759754533,5,0.2,0,10,3591,83.01933333333334,6.173392810269681,-0.23214887421799507,0.009788529738492535,36127.0,10.570627893461502,6.3384753896791715,-0.2430729073336837,1.2202454863770986,-0.9735487219645741,25.84180890830599,0.2544053362965718,0.06916709932135735,5|93|5|120|5|5|90|34|36|5|49,173,142
143,0.0016843696442696697,0.03658976932996919,-0.15726160213303297,6.172599355615515,6.533791906942772,5.672119759754533,8,0.32,0,8,3616,83.01933333333334,6.172599355615515,-0.2321712467883838,0.009796692028267067,35207.0,10.152655252834915,6.338387721031264,-0.24327116658772843,1.2184696479459565,-0.9722444534896619,24.97228713975791,0.24434590829729974,0.06915076908180091,5|92|5|118|5|5|90|33|36|5|47,173,139
144,0.0016506822513842763,0.03519544829551196,-0.15726160213303297,6.148676952021149,6.533791906942772,5.672119759754533,7,0.28,0,7,3641,83.01933333333334,6.148676952021149,-0.23215810220232524,0.009799276709716316,34869.0,10.472919697764198,6.338398596315883,-0.24924861957344127,1.2195130086630601,-0.971831442113557,24.652832403052205,0.2520537743424631,0.06915279484594015,5|91|5|118|5|5|89|33|35|5|48,172,138
145,0.0016176686063565909,0.031280463553585616,-0.15726160213303297,6.134058565736978,6.533791906942772,5.672119759754533,7,0.28,0,8,3666,83.06,6.134058565736978,-0.23238582210684908,0.009905671245521592,35149.0,10.497013584634413,6.3382372039201735,-0.25290129253316024,1.2014375818809342,-0.9548304481784087,24.917469463045098,0.25263364655570225,0.06912273191526394,5|91|5|119|5|5|90|33|33|5|48,172,138
146,0.001585315234229459,0.02106756448735221,-0.15726160213303297,6.13120046513225,6.533791906942772,5.672119759754533,7,0.28,0,5,3691,83.06,6.13120046513225,-0.23253238220952027,0.00989127432643406,34821.0,10.284724617922702,6.3384815901622495,-0.25361544159120986,1.1898042711672598,-0.9571309604391126,24.607466049910567,0.2475244471294552,0.0691682542995217,5|91|5|121|5|5|85|34|33|5|48,172,137
147,0.0015536089295448698,0.02098769029807549,-0.15726160213303297,6.128937635990339,6.533791906942772,5.672119759754533,9,0.36,0,9,3716,83.06,6.128937635990339,-0.23254717073565534,0.009908297394275041,34727.0,10.260630731052487,6.338506514495888,-0.2541808511144259,1.188630421556138,-0.9544108106595055,24.518623608341525,0.2469445749162161,0.06917289701215411,5|90|5|123|5|5|83|34|32|5|48,172,138
148,0.0015225367509539725,0.013739000894569947,-0.15726160213303297,6.124538973178753,6.533791906942772,5.672119759754533,9,0.36,0,5,3741,83.06,6.124538973178753,-0.23272785317164263,0.009951728162156132,34657.0,10.057509136690538,6.338459635424057,-0.2552799380039411,1.1742886267563664,-0.947470922104546,24.4524643433433,0.24205600840497682,0.06916416474022491,5|91|5|123|5|5|83|34|31|5|46,172,136
149,0.001492086015934893,0.010296758136911478,-0.15726160213303297,6.118223270047731,6.533791906942772,5.672119759754533,5,0.2,0,12,3766,83.06,6.118223270047731,-0.23287858010383825,0.010002963560632348,34415.0,10.057509136690538,6.338721368752085,-0.2568580327128814,1.1623245710332042,-0.9392839161444536,24.22374231292087,0.24205600840497682,0.06921291840585832,5|90|5|123|5|5|83|34|30|5|46,172,135
150,0.001462244295616195,0.009313966630549952,-0.15726160213303297,6.118124667346704,6.533791906942772,5.672119759754533,2,0.08,0,9,3791,83.06,6.118124667346704,-0.2329725923951683,0.010037670332829974,34431.0,10.057509136690538,6.338722012026858,-0.256882670413158,1.1548622796181893,-0.9337380521658718,24.238864430634752,0.24205600840497682,0.06921303823012154,5|91|5|123|5|5|82|34|30|5|46,172,135
151,0.0014329994097038712,0.005859451708158887,-0.15726160213303297,6.118762974533979,6.533791906942772,5.672119759754533,4,0.16,0,11,3816,83.06,6.118762974533979,-0.23306899915026955,0.01004027563320113,34288.0,10.057509136690538,6.338765132168026,-0.25672317761021585,1.1472099259656667,-0.9333217460513329,24.10371050356695,0.24205600840497682,0.06922107031743881,5|92|5|121|5|5|82|35|30|5|47,172,136
152,0.0014043394215097938,0.0018859452147525421,-0.15726160213303297,6.121396798019585,6.533791906942772,5.672119759754533,7,0.28,0,8,3841,83.06,6.121396798019585,-0.23307947824971756,0.010015158481692215,33913.0,9.873586613959299,6.338811153550499,-0.25606506831966,1.1463781401136077,-0.937335265516776,23.7492858696479,0.23762950964638394,0.06922964282560952,5|92|5|121|5|5|81|35|31|5|44,173,134
153,0.0013762526330795978,-0.008373005517699594,-0.15726160213303297,6.106021432078892,6.533791906942772,5.672119759754533,11,0.44,0,4,3866,83.01933333333334,6.106021432078892,-0.23343405183460486,0.010101815730699383,33685.0,9.93391025604933,6.338871855373197,-0.2599068865837023,1.118233613679224,-0.9234881317926921,23.533795692225116,0.23908133035251636,0.06924094989295723,5|90|5|121|5|5|81|35|27|5|48,173,133
154,0.0013487275804180058,-0.015983665109193267,-0.15726160213303297,6.102920973687421,6.533791906942772,5.672119759754533,8,0.32,0,2,3891,83.01933333333334,6.102920973687421,-0.23349286542555106,0.01008753716390697,32715.0,9.65423598084143,6.338920381716487,-0.26068159319694345,1.1135652437395611,-0.9257697323053792,22.617017305821165,0.23235035573541,0.06924998900590844,5|87|5|118|5|5|82|33|28|5|50,172,132
155,0.0013217530288096458,-0.06603036608436441,-0.15726160213303297,6.099677347578677,6.533791906942772,5.672119759754533,5,0.2,0,6,3916,83.01933333333334,6.099677347578677,-0.23663501236666226,0.011032119615308046,32429.0,9.65423598084143,6.338925568200752,-0.26149207290027954,0.8641551313846598,-0.7748330285924343,22.346709451685566,0.23235035573541,0.06925095510419475,5|89|5|116|5|5|81|33|26|5|51,172,132
156,0.0012953179682334529,-0.08085133231872524,-0.15726160213303297,6.085403437299705,6.533791906942772,5.672119759754533,7,0.28,0,6,3941,83.06,6.085403437299705,-0.23721492282700787,0.01118838303476266,31919.0,9.594236793268298,6.338906429227118,-0.2650586721877747,0.8181243327678923,-0.7498633868121871,21.864691949555656,0.2309063437385914,0.0692473900438023,5|87|5|116|5|5|80|33|24|5|52,172,132
157,0.0012694116088687838,-0.07966764312241778,-0.15726160213303297,6.086203829829509,6.533791906942772,5.672119759754533,4,0.16,0,8,3966,83.06,6.086203829829509,-0.2371715013805499,0.011185154786003317,31706.0,9.553244419226328,6.339031003331653,-0.2648586793777651,0.8215709404672333,-0.7503792350854404,21.66337875748963,0.22991977238172878,0.06927059474717283,5|87|5|116|5|6|79|32|24|5|52,172,131
158,0.001244023376691408,-0.0794248585775395,-0.15726160213303297,6.08644184387796,6.533791906942772,5.672119759754533,5,0.2,0,10,3991,83.06,6.08644184387796,-0.23720541602242615,0.011204476134140717,31430.0,9.553244419226328,6.338876533712281,-0.26479920718556077,0.8188789420345188,-0.7472918385380836,21.40252222692521,0.22991977238172878,0.06924182133787847,5|87|5|115|5|6|80|32|24|5|50,172,131
159,0.0012191429091575798,-0.08434013431142054,-0.15726160213303297,6.082541286764411,6.533791906942772,5.672119759754533,7,0.28,0,8,4016,83.06,6.082541286764411,-0.23763406121362687,0.011368103102523487,31407.0,9.553244419226328,6.338857393467877,-0.26577383319554154,0.7848549300129951,-0.7211455606672587,21.38078418271151,0.22991977238172878,0.06923825604077677,5|89|5|114|5|6|80|32|23|5|49,172,131
160,0.0011947600509744282,-0.08773396961441823,-0.15726160213303297,6.082764176986298,6.533791906942772,5.672119759754533,7,0.28,0,6,4041,83.06,6.082764176986298,-0.2376853468583205,0.01135593756913104,30723.0,9.516368606838682,6.3388747276056465,-0.2657181399698568,0.7807840960752592,-0.7230895153812619,20.734313650443156,0.22903227510661506,0.06924148491026476,5|86|5|114|5|6|79|32|23|5|49,171,131
161,0.0011708648499549397,-0.09868145849324503,-0.15726160213303297,6.089192706157473,6.533791906942772,5.672119759754533,7,0.28,0,8,4066,83.06,6.089192706157473,-0.23817196276130942,0.011440869720783248,30445.0,9.516368606838682,6.338587247054215,-0.2641118535974861,0.7421586182370936,-0.709518038385667,20.471566855164497,0.22903227510661506,0.06918793525044048,5|87|5|111|5|6|80|33|23|5|49,171,132
162,0.0011474475529558408,-0.1164513940009882,-0.15726160213303297,6.085850592145198,6.533791906942772,5.672119759754533,10,0.4,0,9,4091,83.06,6.085850592145198,-0.23822020081772297,0.011333663081991841,31092.0,8.983466788128059,6.338133331127712,-0.26494694231683064,0.7383296887518195,-0.7266487998679683,21.083067490219502,0.21620682445519349,0.06910338329264021,5|85|5|115|5|6|82|33|22|5|47,171,132
163,0.001124498601896724,-0.12117768631022606,-0.15726160213303297,6.081354677374634,6.533791906942772,5.672119759754533,5,0.2,0,7,4116,83.06,6.081354677374634,-0.2388826998964597,0.011620038725957842,30394.0,8.983466788128059,6.336093227869125,-0.2660703293988524,0.6857433607539599,-0.6808882676245563,20.423365104951507,0.21620682445519349,0.06872336859265563,5|85|5|112|5|6|82|34|20|5|47,171,131
164,0.0011020086298587895,-0.14607515444252495,-0.15726160213303297,6.054557213548778,6.533791906942772,5.672119759754533,9,0.36,0,1,4141,83.06,6.054557213548778,-0.23924032660309036,0.011557405435667734,31195.0,9.050934469180424,6.338069653479037,-0.27276616911761387,0.6573564906445928,-0.6908965653280151,21.180416123002605,0.2178305821222185,0.06909152191138165,5|87|5|114|5|6|83|33|20|5|46,172,130
165,0.0010799684572616137,-0.1451669408424318,-0.15726160213303297,6.054557213548778,6.533791906942772,5.672119759754533,6,0.24,0,6,4166,83.06,6.054557213548778,-0.23929712541055342,0.011596987347995098,30520.0,9.050934469180424,6.338069653479037,-0.27276616911761387,0.6528480455538684,-0.6845716930371045,20.54245178194831,0.2178305821222185,0.06909152191138165,5|87|5|111|5|6|83|33|20|5|46,172,130
166,0.0010583690881163814,-0.16727382834008278,-0.16867763000778163,6.04065646667683,6.040675964762928,5.672119759754533,4,0.16,1,7,4191,83.06,6.04065646667683,-0.2400748981673865,0.01174026053620003,30788.0,9.110933656753556,6.3387744174356335,-0.27623952665736096,0.5911117886874985,-0.661677786077452,20.79574725365579,0.2192745941190371,0.06922279990547274,5|88|5|112|5|6|83|33|19|5|45,172,131
167,0.0010372017063540538,-0.1661079901803032,-0.16867763000778163,6.040477134825324,6.040675964762928,5.672119759754533,4,0.16,0,7,4216,83.06,6.040477134825324,-0.2400489353644202,0.011742279961833501,30551.0,9.110933656753556,6.33897729982587,-0.27628433602223046,0.5931726043419637,-0.6613550980494693,20.57175088501895,0.2192745941190371,0.06926059127232306,5|88|5|112|5|6|81|33|19|5|46,172,130
168,0.0010164576722269728,-0.177143006275031,-0.17747420911503492,6.042576638591684,6.042163800142898,5.672119759754533,5,0.2,2,8,4241,83.06,6.042576638591684,-0.24038240507677597,0.011824943565209184,30396.0,8.704972048047791,6.338502378227228,-0.27575973635116324,0.566703212558461,-0.6481461168831846,20.42525536966574,0.20950423793705752,0.06917212653993056,5|86|5|112|5|6|82|34|18|5|46,172,129
169,0.0009961285187824332,-0.18526453731714054,-0.18618306392064382,6.038723917256761,6.035602670166333,5.601071103841435,8,0.32,3,5,4266,83.06,6.038723917256761,-0.2404100267897427,0.01178747196707967,30301.0,8.447194149615612,6.338858999894572,-0.27672240971112516,0.5645107197617912,-0.6541337778821115,20.335467795739582,0.20330024763473814,0.06923855527355133,5|87|5|111|5|6|83|33|19|5|44,172,129
170,0.0009762059484067846,-0.21242096395176552,-0.21242096395176552,6.024261746548229,6.024261746548229,5.601071103841435,5,0.2,1,11,4291,83.06,6.024261746548229,-0.24129782045058887,0.011933895896009765,30143.0,8.447194149615612,6.338785446389716,-0.2803360493331056,0.49404147664571035,-0.6307364078117429,20.18613688331502,0.20330024763473814,0.06922485429397447,5|89|5|110|5|6|82|33|18|5|43,171,129
171,0.0009566818294386489,-0.2254109325131492,-0.2254109325131492,6.021170791505662,6.021170791505662,5.601071103841435,7,0.28,6,7,4316,83.06,6.021170791505662,-0.24171153207345217,0.011994609648387089,30164.0,8.395134179185995,6.338542484383803,-0.28110838135965194,0.4612028270616225,-0.621034836879227,20.205984662814487,0.20204731030516582,0.0691795972054442,5|91|5|109|5|6|82|33|17|5|42,171,128
172,0.0009375481928498759,-0.24328137495418223,-0.24328137495418223,6.019754922735969,6.019754922735969,5.601071103841435,5,0.2,5,6,4341,83.06,6.019754922735969,-0.24244191459178746,0.012164272935431092,29675.0,8.236885415400216,6.336604840574762,-0.2814621622400468,0.40322820354015226,-0.5939240036750523,19.74381494018404,0.1982387068451632,0.06881866786146595,5|89|5|109|5|6|81|34|16|5|42,171,127
173,0.0009187972289928783,-0.24349481887760255,-0.24349481887760255,6.019754922735969,6.019754922735969,5.601071103841435,3,0.12,3,4,4366,83.06,6.019754922735969,-0.24247708586903266,0.01217907253202147,29281.0,8.236885415400216,6.336604840574762,-0.2814621622400468,0.4004364587956215,-0.5915591467773622,19.37143279147976,0.1982387068451632,0.06881866786146595,5|88|5|108|5|6|81|34|16|5|42,170,127
174,0.0009004212844130207,-0.25281135408108557,-0.25281135408108557,6.012972147238568,6.012972147238568,5.601071103841435,5,0.2,3,0,4391,83.06,6.012972147238568,-0.24261605318692406,0.012151311698545482,29355.0,8.236885415400216,6.337802651770635,-0.2831569635792361,0.38940583068734613,-0.5959951054286948,19.44137258590645,0.1982387068451632,0.0690417868924865,5|88|5|109|5|6|80|33|16|5|43,170,127
175,0.0008824128587247603,-0.2707422678648375,-0.2707422678648375,5.996147246054656,5.996147246054656,5.601071103841435,3,0.12,2,9,4416,83.06,5.996147246054656,-0.2429347772349297,0.012128820058357935,29475.0,8.289643812616337,6.338711948363478,-0.2873609749119345,0.3641068863307893,-0.5995890892317713,19.554788468760545,0.1995084533466494,0.06921116364852671,5|88|5|109|5|6|81|31|16|5|44,170,127
176,0.0008647646015502651,-0.270625847164586,-0.27162743720383253,6.003071734203419,5.996127787532523,5.601071103841435,9,0.36,1,1,4441,83.06,6.003071734203419,-0.24303218287636127,0.01214810097399489,29082.0,8.289643812616337,6.346351973135262,-0.28563076405765797,0.35637524537676774,-0.5965081534738682,19.18335145241338,0.1995084533466494,0.07063428853659506,5|85|5|108|5|6|82|31|16|5|46,170,127
177,0.0008474693095192597,-0.2711856172250256,-0.27162743720383253,6.003071734203419,5.996127787532523,5.601071103841435,3,0.12,0,4,4466,83.06,6.003071734203419,-0.24308218392554878,0.012165932457671001,28628.0,8.289643812616337,6.346351973135262,-0.28563076405765797,0.35240637710630124,-0.5936588253242808,18.754261362282048,0.1995084533466494,0.07063428853659506,5|84|5|107|5|6|81|31|16|5|47,168,127
178,0.0008305199233288746,-0.2953118533825469,-0.2953118533825469,5.992042270243629,5.992042270243629,5.601071103841435,3,0.12,1,8,4491,83.09866666666667,5.992042270243629,-0.2438752333204313,0.012292650521661223,28547.0,8.289643812616337,6.346135498882508,-0.28838667869713797,0.289457526404022,-0.5734102945039163,18.67770564135553,0.1995084533466494,0.07059396538242713,5|84|5|106|5|6|82|31|15|5|47,168,126
179,0.0008139095248622971,-0.30737952420912845,-0.30737952420912845,5.987628986015344,5.987628986015344,5.601071103841435,3,0.12,3,11,4516,83.09866666666667,5.987628986015344,-0.2443025980251563,0.012367755115284705,28307.0,8.289643812616337,6.346089327197992,-0.2894894190168178,0.25553515389260456,-0.5614091825010264,18.450873875647336,0.1995084533466494,0.07058536487715114,5|84|5|105|5|6|82|31|14|5|47,168,126
180,0.0007976313343650512,-0.3299760617251246,-0.3304955543689983,5.9726641687900806,5.9726641687900806,5.601071103841435,4,0.16,3,9,4541,83.09866666666667,5.9726641687900806,-0.24483147836180058,0.01241526391008711,28071.0,8.154726060051022,6.345666338766226,-0.29322865412548665,0.21355490705599459,-0.5538176579345757,18.227822639367613,0.1962613618247742,0.07050657385453109,5|84|5|104|5|6|82|31|13|5|47,168,124
181,0.0007816787076777501,-0.32938773601448806,-0.3304955543689983,5.9726641687900806,5.9726641687900806,5.601071103841435,3,0.12,0,7,4566,83.09866666666667,5.9726641687900806,-0.2448398542078407,0.012421229504471649,27771.0,8.191632562607984,6.345666338766226,-0.29322865412548665,0.21289006841506272,-0.5528644037736972,17.94428293223237,0.19714959772610052,0.07050657385453109,5|84|5|103|5|6|82|31|13|5|46,166,124
182,0.0007660451335241951,-0.3279124071393772,-0.3304955543689983,5.9726641687900806,5.9726641687900806,5.601071103841435,3,0.12,0,6,4591,83.09866666666667,5.9726641687900806,-0.24482640047641224,0.012433012063014335,27492.0,8.191632562607984,6.345666338766226,-0.29322865412548665,0.21395796776224624,-0.5509816453706589,17.680591004596597,0.19714959772610052,0.07050657385453109,5|83|5|102|5|6|82|31|13|5|47,166,124
183,0.0007507242308537112,-0.32907266569764054,-0.3304955543689983,5.972350742456436,5.9726641687900806,5.601071103841435,5,0.2,0,9,4616,83.09866666666667,5.972350742456436,-0.2448563579689294,0.012434263079379476,26952.0,8.191632562607984,6.345742077945313,-0.29330696946560086,0.21158007082915933,-0.5507817429839851,17.17021953175316,0.19714959772610052,0.07052068196464588,5|81|5|103|5|6|80|31|13|5|46,165,123
184,0.0007357097462366369,-0.33039876969402543,-0.3304955543689983,5.972202070458171,5.9726641687900806,5.601071103841435,4,0.16,0,6,4641,83.09866666666667,5.972202070458171,-0.24491261784579252,0.012446070607475162,26793.0,8.191632562607984,6.345747487440687,-0.29334411790164394,0.20711440373195486,-0.5488949946465399,17.01994348697148,0.19714959772610052,0.07052168960372154,5|81|5|103|5|6|79|31|13|5|46,165,122
185,0.0007209955513119041,-0.32927880368560314,-0.3304955543689983,5.972128153020232,5.9726641687900806,5.55796146495796,6,0.24,0,9,4666,83.09866666666667,5.972128153020232,-0.2448853058030832,0.012446716844563858,27095.0,8.191632562607984,6.345778062427922,-0.29336258753444505,0.2092823162352326,-0.5487917311401724,17.30537345882096,0.19714959772610052,0.07052738487652307,5|85|5|102|5|6|78|31|13|5|46,165,122
186,0.000706575640285666,-0.36412133988533535,-0.36412133988533535,5.971437069762812,5.971437069762812,5.55796146495796,5,0.2,5,8,4691,83.09866666666667,5.971437069762812,-0.24576496588622473,0.012545076374811913,27315.0,7.5670455942910175,6.344698526555031,-0.2935352674102001,0.13945868154141344,-0.5330746666823538,17.513302577386803,0.18211754293024293,0.07032629726042691,5|85|5|103|5|6|79|32|12|5|44,165,121
187,0.0006924441274799527,-0.38676601753180573,-0.38676601753180573,5.957766410429767,5.957766410429767,5.55796146495796,4,0.16,3,7,4716,83.09866666666667,5.957766410429767,-0.24632843119406383,0.012592829520858379,27486.0,7.5670455942910175,6.337382675880534,-0.29695113334209255,0.09473322841332382,-0.5254440967458857,17.67492021045389,0.18211754293024293,0.06896355702289249,5|86|5|103|5|6|78|32|11|5|46,166,121
188,0.0006785952449303536,-0.39782346451063405,-0.39782346451063405,5.953290645557399,5.953290645557399,5.55796146495796,4,0.16,3,7,4741,83.09866666666667,5.953290645557399,-0.24645439573718397,0.012584923875354781,27097.0,7.205665070753234,6.337817564635314,-0.29806948560105984,0.08473470465198212,-0.5267073555236305,17.307263723535193,0.17342012830660178,0.06904456474589812,5|85|5|103|5|6|77|31|11|5|46,166,120
189,0.0006650233400317465,-0.42974718732774947,-0.42974718732774947,5.9429867181006815,5.9429867181006815,5.55796146495796,8,0.32,5,5,4766,83.09866666666667,5.9429867181006815,-0.247439958869938,0.012701039669469083,26734.0,7.246657444795206,6.337767236509126,-0.30064411158702176,0.006504941283213329,-0.5081529824388589,16.96418067790155,0.17440669966346445,0.06903519001072558,5|88|5|100|5|5|75|32|10|5|46,166,118
190,0.0006517228732311115,-0.42905447318066675,-0.42974718732774947,5.950583086250966,5.9429867181006815,5.55796146495796,5,0.2,0,0,4791,83.09866666666667,5.950583086250966,-0.24742934275824552,0.012672351968139385,27003.0,7.246657444795206,6.344910794137046,-0.29874601914403714,0.007347602578059448,-0.5127370471431983,17.21842128196615,0.17440669966346445,0.07036583682841524,5|86|5|102|5|5|77|32|10|5|45,166,119
191,0.0006386884157664893,-0.449986213651496,-0.449986213651496,5.942795392940736,5.942795392940736,5.55796146495796,5,0.2,5,2,4816,83.09866666666667,5.942795392940736,-0.24794285800066185,0.01269913171802983,27358.0,7.246657444795206,6.3369104550618705,-0.3006919177008199,-0.03341302915156864,-0.5084578577842117,17.553943268742852,0.17440669966346445,0.06887559537096362,5|87|5|102|5|5|79|33|9|5|43,167,118
192,0.0006259146474511595,-0.5456334235450307,-0.5468548562850707,5.942795392940736,5.942795392940736,5.55796146495796,6,0.24,1,4,4841,83.09866666666667,5.942795392940736,-0.25047663702031886,0.012760624559103236,27851.0,7.246657444795206,6.3369104550618705,-0.3006919177008199,-0.23453351199940833,-0.4986317947234416,18.01989352080177,0.17440669966346445,0.06887559537096362,5|88|5|102|5|5|80|33|8|5|45,169,117
193,0.0006133963545021363,-0.5462028960203447,-0.5469364313586647,5.942794862824043,5.942794862824043,5.55796146495796,4,0.16,1,4,4866,83.09866666666667,5.942794862824043,-0.25048113179397685,0.012762698132586623,27580.0,7.20040317518424,6.336910271260311,-0.30069205016023604,-0.23489028780399668,-0.49830045430310577,17.763762652022933,0.1732934892530584,0.0688755611338267,5|88|5|101|5|5|79|33|8|5|46,170,117
194,0.0006011284274120936,-0.5457638490973881,-0.546937942294664,5.950132829478454,5.942794862824043,5.55796146495796,4,0.16,1,5,4891,83.09866666666667,5.950132829478454,-0.25044427693713994,0.012718363339336203,27863.0,7.20040317518424,6.34426512920959,-0.29885852408855806,-0.23196490775118897,-0.5053847988651794,18.031235109087177,0.1732934892530584,0.07024556734564993,5|87|5|104|5|5|78|33|8|5|46,171,117
195,0.0005891058588638517,-0.5482305687936283,-0.5484594397693212,5.950273435978196,5.950273435978196,5.55796146495796,7,0.28,4,6,4916,83.09866666666667,5.950273435978196,-0.25042704730216087,0.012683410514658223,28005.0,7.168595178206747,6.344154486915093,-0.29882339096581906,-0.23059729341726293,-0.5109699800577004,18.16544390379786,0.1725279600669459,0.07022495775239924,5|85|5|106|5|5|79|33|8|5|45,171,118
196,0.0005773237416865747,-0.5499178077996983,-0.5499178077996983,5.950454090891199,5.950454090891199,5.55796146495796,5,0.2,5,4,4941,83.09866666666667,5.950454090891199,-0.25041780732586844,0.01266630258521324,27864.0,7.108271536116716,6.344086538970332,-0.2987782510096748,-0.22986386383282836,-0.5137036900413544,18.032180241444294,0.17107613936081348,0.07021230093332205,5|85|5|105|5|5|80|33|8|5|44,170,118
197,0.0005657772668528432,-0.5540805737705511,-0.5541197170118132,5.94692560509533,5.946997286900596,5.55796146495796,4,0.16,1,6,4966,83.09866666666667,5.94692560509533,-0.2506004254942531,0.012684729028710706,27363.0,7.310443764319109,6.344747460476957,-0.2996599081505372,-0.24435930874628542,-0.5107592920816686,17.55866893052844,0.1759418572939432,0.07033541229398295,5|85|5|104|5|5|78|32|8|5|45,170,116
198,0.0005544617215157863,-0.5570412800666075,-0.5570412800666075,5.9389944689119805,5.9389944689119805,5.55796146495796,4,0.16,3,5,4991,83.09866666666667,5.9389944689119805,-0.2506256954043446,0.012693293508767906,27001.0,7.310443764319109,6.337657569256475,-0.3016416485501692,-0.24636512554392045,-0.5093907568236489,17.216531017251913,0.1759418572939432,0.06901476204074951,5|85|5|103|5|5|77|32|8|5|45,170,116
199,0.0005433724870854706,-0.8649893763655844,-0.8649893763655844,5.920196623244002,5.920196623244002,5.55796146495796,10,0.4,8,2,5016,83.09866666666667,5.920196623244002,-0.2573330553178386,0.012072181223263374,26877.0,8.357424251378841,6.3373894316149215,-0.3063386363871059,-0.7787665125515254,-0.6086395210481086,17.09933460496935,0.2011397382136884,0.06896481542898826,5|85|5|101|5|5|79|32|6|5|45,169,114
200,0.0005325050373437612,-0.8753188095300893,-0.8753188095300893,5.920196623244002,5.920196623244002,5.55796146495796,2,0.08,2,14,5041,83.09866666666667,5.920196623244002,-0.2573974481904252,0.01206852205429339,26911.0,7.735709394535252,6.3373894316149215,-0.3063386363871059,-0.7838777418758278,-0.6092242269166529,17.131469105111343,0.1861768070775254,0.06896481542898826,5|84|5|102|5|5|79|32|6|5|45,169,115
201,0.000521854936596886,-0.8789027731183332,-0.8789027731183332,5.92017443529579,5.92017443529579,5.55796146495796,5,0.2,5,8,5066,83.09866666666667,5.92017443529579,-0.25754130171750833,0.01209538206654901,26410.0,7.735709394535252,6.3372263407898854,-0.3063441804544804,-0.7952962162581122,-0.6049322122751156,16.657957794195486,0.1861768070775254,0.06893443612799677,5|83|5|100|5|5|80|32|6|5|44,168,114
202,0.0005114178378649482,-0.8787389567348565,-0.8789027731183332,5.92017443529579,5.92017443529579,5.55796146495796,3,0.12,0,8,5091,83.09866666666667,5.92017443529579,-0.2575408822681164,0.012097224078088319,26636.0,7.735709394535252,6.3372263407898854,-0.3063441804544804,-0.7952629221690921,-0.6046378735971821,16.87155770690404,0.1861768070775254,0.06893443612799677,5|85|5|99|5|5|80|32|6|5|45,168,116
203,0.0005011894811076492,-0.8784520121391749,-0.8789027731183332,5.920193482720761,5.92017443529579,5.55796146495796,4,0.16,0,9,5116,83.09866666666667,5.920193482720761,-0.2574826731002292,0.01207183732840547,27171.0,7.735709394535252,6.337229433830862,-0.30633942110465934,-0.79064252873272,-0.6086944726896503,17.377203517961885,0.1861768070775254,0.06893501227581364,5|85|5|102|5|5|79|32|6|5|46,168,117
204,0.0004911656914854963,-0.8778315672975195,-0.8789027731183332,5.920156039424618,5.92017443529579,5.55796146495796,3,0.12,0,9,5141,83.09866666666667,5.920156039424618,-0.2574524353163073,0.012064663884280223,27407.0,7.735709394535252,6.337260115177884,-0.30634877700158863,-0.7882423834732303,-0.609840731556653,17.60025475424161,0.1861768070775254,0.06894072736049607,5|85|5|103|5|5|78|32|6|5|48,168,118
205,0.0004813423776557863,-0.8790356014947976,-0.8790356014947976,5.920266016607338,5.920266016607338,5.55796146495796,4,0.16,1,11,5166,83.09866666666667,5.920266016607338,-0.2575489523524541,0.012097317143500734,27278.0,7.735709394535252,6.337154625405877,-0.30632129717763945,-0.7959034907609209,-0.6046230024903151,17.478332680173455,0.1861768070775254,0.06892107753939423,5|86|5|102|5|5|78|32|6|5|47,168,117
206,0.0004717155301026706,-0.8800167273172702,-0.8800167273172702,5.920266016607338,5.920266016607338,5.55796146495796,2,0.08,2,13,5191,83.09866666666667,5.920266016607338,-0.2575792977675974,0.012100111006544557,26985.0,7.735709394535252,6.337154625405877,-0.30632129717763945,-0.7983121793239291,-0.6041765655722519,17.201408899538034,0.1861768070775254,0.06892107753939423,5|86|5|101|5|5|77|33|6|5|47,167,117
207,0.00046228121950061716,-0.8801729299966193,-0.8801729299966193,5.91997257658711,5.91997257658711,5.55796146495796,2,0.08,1,12,5216,83.09866666666667,5.91997257658711,-0.2575719938518323,0.012095234573735543,27035.0,7.735709394535252,6.337335537296677,-0.30639461856936845,-0.7977324258987256,-0.6049557804443664,17.24866551739391,0.1861768070775254,0.06895477641106482,5|86|5|102|5|5|76|33|6|5|47,167,118
208,0.0004530355951106048,-0.8910978251028981,-0.8910978251028981,5.91367968240992,5.91367968240992,5.55796146495796,5,0.2,2,7,5241,83.09866666666667,5.91367968240992,-0.2577973861104125,0.012088557603034763,27267.0,7.735709394535252,6.338691591839974,-0.30796701404124655,-0.815623094155163,-0.6060227068380009,17.467936224245165,0.1861768070775254,0.06920737179233531,5|87|5|102|5|5|78|32|6|5|45,167,119
209,0.0004439748832083927,-0.8907252752548592,-0.8911373812418478,5.913511272231186,5.91367968240992,5.55796146495796,2,0.08,1,4,5266,83.09866666666667,5.913511272231186,-0.25780689197184953,0.012098371534584474,27084.0,7.735709394535252,6.338775379274322,-0.30800909442508956,-0.816377628559021,-0.6044545192474091,17.294977002892665,0.1861768070775254,0.06922297906936516,5|88|5|101|5|5|77|32|6|5|45,167,118
210,0.00043509538554422484,-1.499451403301854,-1.4999564601204103,5.87138919733722,5.87138919733722,5.55796146495796,5,0.2,4,8,5291,83.09866666666667,5.87138919733722,-0.267607512554361,0.009567095104852498,26863.0,7.115214033180655,6.343822165940275,-0.3185340703685042,-1.5943087458630085,-1.0089322013420874,17.086102751969705,0.17124322577404177,0.07016305556435443,5|87|5|100|6|5|78|32|5|5|45,167,118
211,0.00042639347783334034,-1.5004773078837497,-1.5004773078837497,5.87138919733722,5.87138919733722,5.460768493575071,6,0.24,1,10,5316,83.09866666666667,5.87138919733722,-0.26758711376757155,0.009544121629872053,26151.0,7.115214033180655,6.343822165940275,-0.3185340703685042,-1.5926895778863321,-1.0126031784825549,16.41316851370206,0.17124322577404177,0.07016305556435443,5|84|5|99|6|5|78|32|5|5|45,167,116
212,0.0004178656082766735,-1.5034027386293534,-1.5035557013639693,5.87150022282501,5.87150022282501,5.460768493575071,4,0.16,3,11,5341,83.09866666666667,5.87150022282501,-0.2676540561885426,0.009540536369252338,26251.0,7.115214033180655,6.343715614408121,-0.31850632860623257,-1.5980031793978497,-1.0131760743891949,16.50768174941381,0.17124322577404177,0.07014320796676153,5|83|5|100|6|5|79|32|5|5|44,168,116
213,0.00040950829611114005,-1.5057411798945461,-1.5057411798945461,5.87150022282501,5.87150022282501,5.460768493575071,5,0.2,2,14,5366,83.09866666666667,5.87150022282501,-0.26772852846648054,0.00954826145419385,25603.0,7.115214033180655,6.343715614408121,-0.31850632860623257,-1.6039144685755797,-1.0119416677418505,15.895235982001687,0.17124322577404177,0.07014320796676153,5|82|5|98|6|5|79|32|5|5|43,167,114
214,0.0004013181301889172,-1.5079348386227052,-1.5080219499158225,5.87150022282501,5.87150022282501,5.460768493575071,6,0.24,4,10,5391,83.09866666666667,5.87150022282501,-0.26768081049177045,0.00951064691116595,25480.0,7.025279877165624,6.343715614408121,-0.31850632860623257,-1.6001268209394752,-1.0179521701896557,15.778984702076237,0.16907876312942396,0.07014320796676153,5|81|5|99|6|5|78|32|5|5|43,166,115
215,0.0003932917675851389,-1.5082856932251993,-1.5082856932251993,5.87154580913813,5.87154580913813,5.460768493575071,3,0.12,2,9,5416,83.09866666666667,5.87154580913813,-0.26769693004061496,0.009514172952269183,25355.0,7.025279877165624,6.3436703956754315,-0.3184949380265865,-1.6014063214096208,-1.0173887370870303,15.660843157436553,0.16907876312942396,0.07013478497000171,5|81|5|98|6|5|79|32|5|5|42,165,116
216,0.0003854259322334361,-1.5077489358202096,-1.5084948280014545,5.87154580913813,5.87154580913813,5.460768493575071,3,0.12,1,12,5441,83.09866666666667,5.87154580913813,-0.26770543409807435,0.009525115493197338,25355.0,7.025279877165624,6.3436703956754315,-0.3184949380265865,-1.60208133692168,-1.0156402067649923,15.660843157436553,0.16907876312942396,0.07013478497000171,5|81|5|98|6|5|79|32|5|5|42,166,116
217,0.0003777174135887674,-1.5094655443485887,-1.5094655443485887,5.873801887821652,5.873801887821652,5.460768493575071,5,0.2,2,7,5466,83.06533333333333,5.873801887821652,-0.2677598301986492,0.00952493147369621,25157.0,7.025279877165624,6.342524067025746,-0.31793121522968504,-1.6063990654717144,-1.0156696116061241,15.473706950727292,0.16907876312942396,0.06992125571060737,5|81|5|99|5|5|78|31|5|5|40,166,115
218,0.00037016306531699206,-1.5180004862133936,-1.5180004862133936,5.869238495935758,5.869238495935758,5.460768493575071,4,0.16,3,12,5491,83.06533333333333,5.869238495935758,-0.26796903838296204,0.009527638350776503,25416.0,7.086818322620213,6.3420036589551065,-0.31907146271132764,-1.623005111507417,-1.0152370743477306,15.718496231220717,0.17055982074197384,0.06982431810904174,5|82|5|99|5|5|79|30|5|5|40,167,114
219,0.0003627598040106522,-1.5258400654187338,-1.5258400654187338,5.869148700177956,5.869148700177956,5.460768493575071,4,0.16,4,7,5516,83.06533333333333,5.869148700177956,-0.26813809020466367,0.009514144548989465,25618.0,7.086818322620213,6.341684362093916,-0.31909389983469044,-1.6364237181590502,-1.017393275703441,15.909412967358447,0.17055982074197384,0.06976484195243017,5|82|5|100|5|5|80|30|5|5|38,167,115
220,0.00035550460793043915,-1.5372474290079696,-1.5372474290079696,5.863517449031297,5.863517449031297,5.460768493575071,2,0.08,2,12,5541,83.13866666666667,5.863517449031297,-0.26837033369686064,0.009504095141291522,25396.0,7.086818322620213,6.3418976031004535,-0.32050097161354046,-1.6548582078783811,-1.0189990904948816,15.699593584078368,0.17055982074197384,0.06980456284243063,5|81|5|100|5|5|80|29|5|5|38,166,115
221,0.0003483945157718304,-1.5375058038635443,-1.5387674528291146,5.863897824415026,5.8639418764023885,5.460768493575071,7,0.28,3,6,5566,83.13866666666667,5.863897824415026,-0.26837723384694895,0.009503704585297916,25753.0,7.086818322620213,6.34137833456391,-0.3204059278206294,-1.6554059121204308,-1.0190614982118604,16.037005835569307,0.17055982074197384,0.06970783750448728,5|81|5|100|5|5|83|28|5|5|37,167,118
222,0.00034142662545639374,-1.551744789618261,-1.551744789618261,5.863534517204517,5.863534517204517,5.460768493575071,5,0.2,4,5,5591,83.13866666666667,5.863534517204517,-0.2685070478030831,0.009512458521950762,25389.0,6.281405477863269,6.3413400957233765,-0.3204967068162106,-1.6657099857336155,-1.0176626893085903,15.692977657578547,0.15117579476990162,0.06970071466820348,5|81|5|99|5|5|82|28|5|5|37,167,117
223,0.00033459809294726585,-1.5612826702884515,-1.5612826702884515,5.863008678581861,5.863008678581861,5.460768493575071,3,0.12,3,5,5616,83.09866666666667,5.863008678581861,-0.2687332949269194,0.009509485299743645,25482.0,6.2640521543867305,6.341545634713614,-0.3206280972775663,-1.6836685095180015,-1.0181377863831578,15.78087496679047,0.1507581489933775,0.06973900088601206,5|81|5|100|5|5|81|29|5|5|37,167,116
224,0.0003279061310883205,-1.5617752473050275,-1.5619370233500922,5.863774555517171,5.863008678581861,5.460768493575071,5,0.2,1,6,5641,83.09866666666667,5.863774555517171,-0.2687652042489474,0.009516781557166414,25185.0,6.2640521543867305,6.34154053668925,-0.3204367288243253,-1.6862013342844209,-1.0169719029357145,15.500170656726581,0.1507581489933775,0.06973805126535379,5|79|5|99|5|5|82|30|5|5|37,166,117
225,0.0003213480084665541,-1.5663581594488332,-1.5663581594488332,5.863637603972249,5.863637603972249,5.460768493575071,2,0.08,2,9,5666,83.09866666666667,5.863637603972249,-0.26881492272864793,0.009514685133066978,24865.0,6.063963900981941,6.341538436742823,-0.32047094868930937,-1.690147773404114,-1.0173068947013184,15.19772830244899,0.14594258648285477,0.06973766010353005,5|78|5|99|5|5|81|30|5|5|37,166,117
226,0.000314921048297223,-1.5673082679451682,-1.5673082679451682,5.863438864908758,5.863438864908758,5.460768493575071,3,0.12,3,6,5691,83.09866666666667,5.863438864908758,-0.26884244921368927,0.009516952936851154,24949.0,6.063963900981941,6.341654704084103,-0.3205206073034095,-1.6923327074175654,-1.0169445178359175,15.277119420446857,0.14594258648285477,0.0697593174871103,5|79|5|99|5|5|81|30|5|5|36,166,116
227,0.00030862262733127855,-1.5706082099117242,-1.5706082099117242,5.863233763005516,5.863233763005516,5.460768493575071,6,0.24,5,9,5716,83.09866666666667,5.863233763005516,-0.26886872938790285,0.009506699602075534,24970.0,5.949455111862963,6.341563042748932,-0.3205718557901711,-1.694418714636883,-1.018582918539638,15.296967199946325,0.14318668141284976,0.06974224352056545,5|77|5|100|5|5|81|31|5|5|37,167,118
228,0.00030245017478465296,-1.571586229594641,-1.571586229594641,5.863233763005516,5.863233763005516,5.460768493575071,3,0.12,3,13,5741,83.09866666666667,5.863233763005516,-0.2691011818758676,0.00960992780635096,24656.0,5.949455111862963,6.341563042748932,-0.3205718557901711,-1.7128697935415405,-1.0020878790008145,15.000195639811437,0.14318668141284976,0.06974224352056545,5|78|5|98|5|5|81|31|5|5|36,166,117
229,0.0002964011712889599,-1.5718421386545893,-1.5718421386545893,5.863233763005516,5.863233763005516,5.460768493575071,1,0.04,1,11,5766,83.09866666666667,5.863233763005516,-0.26910912042342106,0.009610668204241148,24742.0,5.949455111862963,6.341563042748932,-0.3205718557901711,-1.713499921309065,-1.0019695693531867,15.08147702252354,0.14318668141284976,0.06974224352056545,5|79|5|98|5|5|81|31|5|5|35,166,117
230,0.0002904731478631807,-1.571825448396254,-1.5718421386545893,5.863233763005516,5.863233763005516,5.460768493575071,1,0.04,0,8,5791,83.09866666666667,5.863233763005516,-0.269101779498839,0.009607230544250767,24939.0,5.949455111862963,6.341563042748932,-0.3205718557901711,-1.7129172302831166,-1.0025188798624642,15.267668096875683,0.14318668141284976,0.06974224352056545,5|79|5|99|5|5|81|31|5|5|35,166,117
231,0.0002846636849059171,-1.571386144003678,-1.5718421386545893,5.863233763005516,5.863233763005516,5.460768493575071,3,0.12,0,9,5816,83.09866666666667,5.863233763005516,-0.26916431014871045,0.009638999933261344,24513.0,5.981263108840457,6.341563042748932,-0.3205718557901711,-1.7178806443762031,-0.9974423861703381,14.865041712743638,0.14395221059896227,0.06974224352056545,5|80|5|96|5|5|81|31|5|5|35,165,117
232,0.00027897041120779874,-1.5861293906644505,-1.5861293906644505,5.853533613598191,5.853533613598191,5.460768493575071,7,0.28,5,6,5841,83.13866666666667,5.853533613598191,-0.2693236662068185,0.009592927742930956,24552.0,5.788182739742405,6.341664487014294,-0.32299561671402466,-1.7305296430074109,-1.0048043528583595,14.90190187467122,0.13930530818902692,0.06976113977589199,5|79|5|96|5|5|83|30|5|5|34,165,116
233,0.00027339100298364274,-1.5861488498697833,-1.5862389000725712,5.853696383848095,5.853696383848095,5.460768493575071,4,0.16,2,8,5866,83.13866666666667,5.853696383848095,-0.2692917706178451,0.009576483363284751,24888.0,5.788182739742405,6.341533950426096,-0.32295494557023935,-1.7279979083118095,-1.0074320329033577,15.219466346662692,0.13930530818902692,0.06973682442705247,5|79|5|96|5|5|85|30|5|5|34,165,117
234,0.00026792318292396985,-1.5870667306491395,-1.5870667306491395,5.853649282958046,5.853649282958046,5.460768493575071,4,0.16,1,10,5891,83.13866666666667,5.853649282958046,-0.26928135321730434,0.009564320912608127,24940.0,5.759260533948174,6.341536239801852,-0.32296671459481674,-1.7271710198536918,-1.0093754950240843,15.2686132292328,0.13860923189482008,0.0697372508743106,5|79|5|98|5|5|83|30|5|5|34,165,119
235,0.00026256471926549044,-1.5874874283362173,-1.5874874283362173,5.853649282958046,5.853649282958046,5.460768493575071,2,0.08,2,11,5916,83.13866666666667,5.853649282958046,-0.2694687146424466,0.009652125998543265,24552.0,5.759260533948174,6.341536239801852,-0.32296671459481674,-1.7420429640916584,-0.9953449461602729,14.90190187467122,0.13860923189482008,0.0697372508743106,5|79|5|96|5|5|83|30|5|5|34,163,119
236,0.00025731342488018063,-1.5872627202324956,-1.5874874283362173,5.853587042086605,5.853649282958046,5.460768493575071,2,0.08,0,8,5941,83.13866666666667,5.853587042086605,-0.26947779056764937,0.009659579969905591,24196.0,5.759260533948174,6.3415890834461255,-0.32298226662249485,-1.742763372006047,-0.9941538612895647,14.5654347555374,0.13860923189482008,0.06974709418079042,5|79|5|95|5|5|82|30|5|5|34,163,118
237,0.000252167156382577,-1.590648739425249,-1.590648739425249,5.853587042086605,5.853587042086605,5.460768493575071,3,0.12,1,7,5966,83.13866666666667,5.853587042086605,-0.26952875697249834,0.009678642469984624,24387.0,5.51940791973651,6.3415890834461255,-0.32298226662249485,-1.7468088660577072,-0.9911078265869412,14.745955035746837,0.1328366528583492,0.06974709418079042,5|79|5|96|5|5|82|30|5|5|34,163,117
238,0.00024712381325492545,-1.5908015226751866,-1.5908015226751866,5.853587042086605,5.853587042086605,5.460768493575071,1,0.04,1,7,5991,83.13866666666667,5.853587042086605,-0.26953128195985027,0.009677984465375468,24456.0,5.51940791973651,6.3415890834461255,-0.32298226662249485,-1.7470092886957764,-0.9912129704487466,14.811169168387943,0.1328366528583492,0.06974709418079042,5|79|5|96|5|5|82|30|5|5|35,164,117
239,0.00024218133698982694,-1.5918001710249492,-1.5918001710249492,5.853170032599071,5.853170032599071,5.460768493575071,5,0.2,4,4,6016,83.13866666666667,5.853170032599071,-0.2694809648248897,0.009641584564278119,24645.0,5.51940791973651,6.34176921169682,-0.3230864641207311,-1.7430153308958738,-0.9970293828529383,14.989799183883145,0.1328366528583492,0.06978064708202639,5|80|5|97|5|5|81|30|5|5|35,164,117
240,0.0002373377102500304,-1.5929193388249676,-1.5932166802459524,5.853246371057505,5.853170032599071,5.460768493575071,4,0.16,2,7,6041,83.13866666666667,5.853246371057505,-0.26953062132147876,0.009652027732350972,24424.0,5.51940791973651,6.341749347685878,-0.32306738955138486,-1.746956850062717,-0.9953606483100736,14.780924932960183,0.1328366528583492,0.06977694696727642,5|80|5|95|5|5|82|30|5|5|35,164,117
241,0.00023259095604502979,-1.5938203848530672,-1.5938203848530672,5.853246371057505,5.853246371057505,5.460768493575071,1,0.04,1,6,6066,83.13866666666667,5.853246371057505,-0.2695417095329156,0.00965181669790701,24265.0,5.482501417179549,6.341749347685878,-0.32306738955138486,-1.7478369846051531,-0.9953943699225112,14.630648888178506,0.13194841695702286,0.06977694696727642,5|79|5|95|5|5|82|30|5|5|35,164,117
242,0.00022793913692412918,-1.5963970107689667,-1.5963970107689667,5.853246371057505,5.853246371057505,5.460768493575071,3,0.12,3,6,6091,83.13866666666667,5.853246371057505,-0.269569788461927,0.009633514983870923,23953.0,5.482501417179549,6.341749347685878,-0.32306738955138486,-1.75006576924533,-0.9983188371141328,14.335767592757852,0.13194841695702286,0.06977694696727642,5|77|5|95|5|5|82|30|5|5|35,163,117
243,0.0002233803541856466,-1.5977828013479414,-1.597848999269945,5.853145099278041,5.853246371057505,5.460768493575071,6,0.24,3,5,6116,83.13866666666667,5.853145099278041,-0.2695414840161878,0.009602331030438114,24300.0,5.482501417179549,6.341831424688079,-0.32309269417005065,-1.747819084057066,-1.003301782893937,14.663728520677617,0.13194841695702286,0.06979223563819822,5|77|5|98|5|5|81|30|5|5|34,163,117
244,0.00021891274710193366,-1.6006579202761082,-1.6006579202761082,5.853108772211903,5.853108772211903,5.460768493575071,3,0.12,2,12,6141,83.13866666666667,5.853108772211903,-0.26961730509166904,0.009604088120139544,23986.0,5.482501417179549,6.341860941660272,-0.3231017711563616,-1.7538374349836938,-1.003021014044941,14.36695696054273,0.13194841695702286,0.06979773383211808,5|76|5|98|5|5|80|30|5|5|34,163,115
245,0.00021453449215989498,-1.6006579202761082,-1.6006579202761082,5.853108772211903,5.853108772211903,5.460768493575071,0,0.0,0,9,6166,83.13866666666667,5.853108772211903,-0.26961730509166904,0.009604088120139544,23986.0,5.482501417179549,6.341860941660272,-0.3231017711563616,-1.7538374349836938,-1.003021014044941,14.36695696054273,0.13194841695702286,0.06979773383211808,5|76|5|98|5|5|80|30|5|5|34,163,115
246,0.0002102438023166971,-1.6227789016600356,-1.623076841294456,5.852966749283859,5.853108772211903,5.460768493575071,4,0.16,3,7,6191,83.13866666666667,5.852966749283859,-0.26744328718230687,0.008247591604994413,23481.0,5.482501417179549,6.341979517822854,-0.3231372581997904,-1.5812732420297408,-1.2197782831328958,13.889665120198405,0.13194841695702286,0.06981982128512289,5|75|5|97|5|5|79|30|5|5|34,163,113
247,0.00020603892627036314,-1.6363745268980592,-1.636421538937506,5.858588453857377,5.858588453857377,5.460768493575071,4,0.16,2,2,6216,83.13866666666667,5.858588453857377,-0.26768949333768927,0.008237843261995788,22948.0,5.056016291474413,6.349303040416324,-0.3217325718080065,-1.6008160279106192,-1.2213359901987988,13.385909573854791,0.1216841173407613,0.07118399058855118,5|74|5|95|5|5|79|30|5|5|34,163,112
248,0.00020191814774495588,-1.647171431839218,-1.647171431839218,5.858731138297728,5.858731138297728,5.460768493575071,4,0.16,4,4,6241,83.13866666666667,5.858731138297728,-0.2677901638228992,0.008228333493491712,22975.0,4.550968685682542,6.349304857025503,-0.3216969194735483,-1.6088068181243185,-1.2228555749729488,13.411428147496963,0.10952903939342996,0.07118432897249774,5|74|5|95|5|5|80|30|5|5|32,163,111
249,0.00019787978479005676,-1.6486793144114618,-1.6486793144114618,5.858721499704776,5.858721499704776,5.460768493575071,3,0.12,3,3,6266,83.13866666666667,5.858721499704776,-0.26784881836776264,0.008238721201668952,22800.0,4.550968685682542,6.349223925312662,-0.3216993278534583,-1.613462563669859,-1.2211957024768223,13.246029985001405,0.10952903939342996,0.0711692536372445,5|73|5|94|5|5|81|30|5|5|32,164,111
250,0.00019392218909425563,-1.6488961783908198,-1.6488961783908198,5.858721499704776,5.858721499704776,5.460768493575071,1,0.04,1,4,6291,83.13866666666667,5.858721499704776,-0.26785213881039976,0.008237656282786682,22844.0,4.550968685682542,6.349223925312662,-0.3216993278534583,-1.6137261261278577,-1.2213658679775394,13.287615808714573,0.10952903939342996,0.0711692536372445,5|72|5|95|5|5|81|30|5|5|32,164,111
251,0.0001900437453123705,-1.6520793732244878,-1.6520793732244878,5.850829374758508,5.850829374758508,5.460768493575071,6,0.24,5,4,6316,83.13866666666667,5.850829374758508,-0.267873209499725,0.008241399711080517,22620.0,4.550968685682542,6.341986813647668,-0.32367132057724973,-1.6153986268385152,-1.2207676981444888,13.07590616072026,0.10952903939342996,0.06982118029509751,5|72|5|95|5|5|80|30|5|5|31,164,110
