temperature_step,temperature,current_energy,best_energy,current_D,best_E_D,best_D,accepted,acceptance_rate,new_bests,infeasible_proposals,blackbox_calls,security_pct,raw_DD,raw_S,raw_V,raw_N,raw_P,raw_C,z_DD,z_S,z_V,z_N,z_P,z_C,sizes,n_covered,n_overlap
1,0.03426458351855063,0.04059531878523198,-0.01975340712060205,6.440309088634709,6.426482065239164,6.426482065239164,8,0.26666666666666666,1,13,71,65.66466666666666,6.440309088634709,-0.16890401051016607,0.037719259633937255,8979.0,27.393307426538975,7.005514047054021,0.0029404796132216434,0.07127628295550563,0.022967374224405767,-0.091224719776114,0.026545435270319467,0.00013294578184680587,46|41|5|41|5|39|40|7|5|16,82,52
2,0.03392193768336512,0.08578620022678549,-0.01975340712060205,6.429848538072372,6.426482065239164,6.420802702133744,4,0.13333333333333333,0,10,101,65.66466666666666,6.429848538072372,-0.1682421484574641,0.037790938001186644,9027.0,27.365139504973072,7.0055073105928605,0.00015206352170532488,0.12732913550802452,0.03995946478218013,-0.04414099344005516,0.025919372046903588,0.00013079779307966226,47|41|5|42|6|39|39|7|5|14,82,52
3,0.03358271830653147,0.013867198409516609,-0.01975340712060205,6.405190113732199,6.426482065239164,6.405190113732199,9,0.3,0,15,131,65.66466666666666,6.405190113732199,-0.16300799706411845,0.03584851084584005,8832.0,26.567705126022247,7.005083020233581,-0.006421008020928119,0.570607481941457,-0.4205127724088895,-0.23541863168029417,0.008195510647313008,-4.491478844047202e-06,45|40|5|42|6|38|41|5|6|14,82,51
4,0.033246891123466155,0.1102501020517658,-0.01975340712060205,6.4277400245140655,6.426482065239164,6.4015698483011585,9,0.3,0,14,161,65.376,6.4277400245140655,-0.16224580803754357,0.036229642297245054,8794.0,28.56319739815317,7.005485837302607,-0.00040999228024562827,0.6351569888203284,-0.33016166111533557,-0.27269324836300746,0.05254753432321172,0.00012395081732199153,45|37|5|41|5|39|43|5|7|15,84,51
5,0.032914422212231495,0.227856758333002,-0.01975340712060205,6.435584479421462,6.426482065239164,6.4015698483011585,10,0.3333333333333333,0,11,191,65.376,6.435584479421462,-0.16100540329553975,0.03658613540247618,8754.0,31.31132718683679,7.005515427220138,0.0016810644153468495,0.7402064078422308,-0.2456513219465658,-0.3119296869763898,0.11362775956606927,0.00013338586177101848,45|38|5|40|5|38|43|6|9|15,84,52
6,0.03258527799010918,0.1699946073515454,-0.01975340712060205,6.448967437033337,6.426482065239164,6.387672691743613,9,0.3,0,11,221,65.376,6.448967437033337,-0.16121251181720933,0.03657991867523523,8576.0,30.56623846822182,7.0055656791852465,0.005248491783022196,0.7226664637101828,-0.2471250607649138,-0.4865318388059413,0.09706733838570193,0.0001494092090461517,43|38|5|39|5|39|43|6|9|15,84,53
7,0.03225942521020809,-0.0445355179798512,-0.0445355179798512,6.448066730844293,6.448066730844293,6.387672691743613,10,0.3333333333333333,1,13,251,65.376,6.448066730844293,-0.15350967598429185,0.032459412317157106,8340.0,31.089596633029466,7.005544062908359,0.005008395086744964,1.3750167826567872,-1.223933264790308,-0.7180268266248973,0.10869955267222295,0.00014251664055417158,42|38|5|40|5|39|40|6|10|15,85,53
8,0.03193683095810601,0.00916479950872913,-0.0445355179798512,6.467471343838081,6.448066730844293,6.387672691743613,11,0.36666666666666664,0,8,281,65.376,6.467471343838081,-0.14903911376504184,0.031098062755194833,8384.0,31.96840700512029,7.005714879595956,0.010180984693676282,1.7536270442354507,-1.5466551113575722,-0.6748667441501767,0.1282320855584442,0.00019698326887140788,40|39|5|43|5|37|40|7|11|15,89,53
9,0.03161746264852495,0.14123548176653392,-0.0445355179798512,6.44889728999072,6.448066730844293,6.387672691743613,12,0.4,0,10,311,65.376,6.44889728999072,-0.14618754640821735,0.030723550861812908,8707.0,31.94962019608317,6.890704811327043,0.005229793040423469,1.9951252294586992,-1.6354369886730524,-0.3580325023471141,0.12781452794078468,-0.03647514010065326,43|38|5|43|5|39|40|5|12|15,92,53
10,0.0313012880220397,0.15715372571077732,-0.0445355179798512,6.42815581457803,6.448066730844293,6.387672691743613,10,0.3333333333333333,0,15,341,65.27,6.42815581457803,-0.14308539667723358,0.029239938090906997,8974.0,31.95269967982044,6.893401941801554,-0.0002991572244669902,2.2578451433090385,-1.9871425802386664,-0.0961292746027868,0.127882972874164,-0.035615132772654,43|39|5|46|5|38|41|5|12|12,94,54
11,0.030988275141819302,0.19953200144255692,-0.0445355179798512,6.422568406339763,6.448066730844293,6.387672691743613,13,0.43333333333333335,0,11,371,65.27,6.422568406339763,-0.1412546517797747,0.028784430175502536,9041.0,32.29565641044446,6.893997690280567,-0.0017885643975034632,2.4128902518473088,-2.0951253935386105,-0.030408239925371332,0.135505565679398,-0.035425172345289704,44|38|5|47|5|36|42|5|14|11,95,54
12,0.03067839239040111,-0.0941134720766996,-0.1531916367757701,6.420261013887859,6.422568406339763,6.387672691743613,11,0.36666666666666664,1,14,401,65.31066666666668,6.420261013887859,-0.1310537804981458,0.022028690600448365,9374.0,31.76558446527703,6.894023230533071,-0.0024036343409056253,3.2767982694200306,-3.6966426022755146,0.2962351115310369,0.12372413019586687,-0.03541702857748908,44|43|5|48|5|34|42|5|13|11,99,55
13,0.0303716084664971,-0.11321998893681327,-0.16029194851715203,6.398925957841405,6.398925957841405,6.387672691743613,10,0.3333333333333333,1,15,431,65.618,6.398925957841405,-0.12964535632478805,0.021417515676911976,9383.0,31.533550071017412,6.892488991654684,-0.008090812395140232,3.396077191966411,-3.8415278730467963,0.30506331021904787,0.11856690904720478,-0.03590623615968933,45|44|5|46|5|35|41|5|15|10,100,55
14,0.030067892381832127,-0.0743397291224017,-0.16029194851715203,6.4108585944876575,6.398925957841405,6.055448815109505,13,0.43333333333333335,0,8,461,65.618,6.4108585944876575,-0.12940164075630775,0.02134170398360145,9517.0,31.666898404854145,6.892632571299086,-0.004909989756757549,3.4167173733592104,-3.859499810850411,0.4365053795738788,0.12153072331101686,-0.03586045433804428,48|46|5|43|5|33|42|7|14|10,103,56
15,0.029767213458013805,-0.1297677691749878,-0.16029194851715203,6.412317172760107,6.398925957841405,6.055448815109505,10,0.3333333333333333,0,13,491,65.618,6.412317172760107,-0.1278445166255501,0.020138240764617378,9615.0,31.239459079552557,6.9027404174256715,-0.004521183918919639,3.5485896403233204,-4.144793083906965,0.5326346541766656,0.11203041136265648,-0.03263746537948106,46|46|5|46|5|35|40|6|16|10,106,55
16,0.029469541323433667,-0.16237779096121197,-0.16237779096121197,6.335142274741378,6.335142274741378,6.055448815109505,10,0.3333333333333333,1,12,521,65.51666666666667,6.335142274741378,-0.12757428023683917,0.019850645887271305,9624.0,31.320948583405652,6.949751618617118,-0.025093306410383785,3.571475860176689,-4.212970393007963,0.5414628528646767,0.11384160575048051,-0.017647468453200806,42|49|5|46|5|34|42|6|16|9,107,56
17,0.02917484591019933,-0.14823817095854663,-0.2119838444397601,6.324685424754785,6.3276538933182405,6.055448815109505,9,0.3,3,14,551,65.51666666666667,6.324685424754785,-0.1274932711368581,0.01969494411676844,9779.0,30.922405143366227,6.9395328300822525,-0.027880736058128346,3.5783364909049715,-4.249881091255111,0.6935040524915332,0.10498353682414643,-0.020905832520609846,41|49|5|49|5|32|43|6|16|9,107,57
18,0.028883097451097337,-0.07618629460406134,-0.2119838444397601,6.327487413419277,6.3276538933182405,6.055448815109505,9,0.3,0,15,581,65.51666666666667,6.327487413419277,-0.12667716253785247,0.019726888909175063,9896.0,31.30824186515183,6.939414325935794,-0.02713382410222733,3.647452426438904,-4.2423082512721075,0.8082706354356767,0.1135591848778431,-0.020943618766145863,42|50|5|46|5|33|44|6|18|9,108,60
19,0.028594266476586364,-0.021758562277301916,-0.2119838444397601,6.322784108320218,6.3276538933182405,6.055448815109505,8,0.26666666666666666,0,19,611,65.51666666666667,6.322784108320218,-0.12654007218735175,0.019875622179469563,9941.0,33.123043488185985,6.945961370411772,-0.02838756037006262,3.6590625575404228,-4.207049507319348,0.8524116288757319,0.15389515895100614,-0.01885602742442572,41|51|5|47|5|33|42|5|21|9,108,62
20,0.0283083238118205,0.10534585462550908,-0.2119838444397601,6.335130306101502,6.3276538933182405,6.055448815109505,11,0.36666666666666664,0,10,641,65.51666666666667,6.335130306101502,-0.12621441745836826,0.01964877300424944,10371.0,35.9775657209179,6.944340829833633,-0.025096496830221283,3.6866421361432797,-4.2608264260218265,1.2742033439695923,0.21734007398157595,-0.01937275317636482,41|52|5|51|5|31|41|6|24|9,110,64
21,0.028025240573702294,0.11724152127041937,-0.2119838444397601,6.339247718040055,6.3276538933182405,6.055448815109505,9,0.3,0,11,671,65.51666666666667,6.339247718040055,-0.1263631817334978,0.019762839694519415,10294.0,37.9780429819863,6.9457727574754715,-0.023998939140839153,3.6740433446808023,-4.233785749663374,1.1986731996388311,0.2618028945522894,-0.01891616856661621,43|52|5|48|5|30|41|7|26|9,110,64
22,0.027744988167965272,0.07271102961924125,-0.2119838444397601,6.320160534201516,6.3276538933182405,6.055448815109505,10,0.3333333333333333,0,14,701,65.38866666666667,6.320160534201516,-0.12574676477538044,0.01939251065778726,10247.0,37.137527753976286,6.940861254501148,-0.029086913262272064,3.7262474689740315,-4.3215760380000505,1.152570384268107,0.24312151361522125,-0.020482250960229226,43|51|5|49|5|31|41|8|24|8,111,63
23,0.02746753828628562,0.08997320653456724,-0.2119838444397601,6.349074029583142,6.3276538933182405,6.055448815109505,11,0.36666666666666664,0,6,731,65.43533333333333,6.349074029583142,-0.12506248682893145,0.01874152410964788,10481.0,37.1693913216962,6.940882256580521,-0.021379588938981918,3.784198715280816,-4.4758990618405745,1.3821035501563939,0.2438297166634862,-0.020475554234826332,43|49|5|51|5|31|43|8|25|9,113,64
24,0.027192862903422762,0.08373187183188682,-0.2119838444397601,6.349074029583142,6.3276538933182405,6.055448815109505,5,0.16666666666666666,0,16,761,65.43533333333333,6.349074029583142,-0.12439129320235524,0.018757341854680525,10331.0,37.191561401414425,6.940882256580521,-0.021379588938981918,3.8410418553748555,-4.472149303491876,1.23496690535621,0.24432247121547912,-0.020475554234826332,43|49|5|50|5|31|43|8|24|9,112,63
25,0.026920934274388533,0.1022624973166017,-0.2119838444397601,6.3484037449064745,6.3276538933182405,6.055448815109505,8,0.26666666666666666,0,13,791,65.43533333333333,6.3484037449064745,-0.12436317616822323,0.01871686997509598,10394.0,37.809445361532504,6.94088163476039,-0.02155826333734924,3.8434230766006103,-4.481743576761957,1.2967642961722872,0.2580556258915685,-0.020475752508463438,42|50|5|50|5|31|43|8|25|9,112,64
26,0.02665172493164465,0.11863782928928594,-0.2119838444397601,6.344052469694471,6.3276538933182405,6.055448815109505,7,0.23333333333333334,0,14,821,65.43533333333333,6.344052469694471,-0.124595583562332,0.018768540633925253,10516.0,37.02973316893907,6.94087628420012,-0.022718160777494573,3.8237405803146967,-4.4694945182565915,1.4164354339431033,0.24072565969262047,-0.02047745858871611,43|49|5|52|5|33|42|7|23|9,113,64
27,0.0263852076823282,0.09217969837562309,-0.2119838444397601,6.2506091015610705,6.3276538933182405,6.055448815109505,11,0.36666666666666664,0,13,851,65.158,6.2506091015610705,-0.12501749433101084,0.018857239975816863,10538.0,37.07251113428451,6.940452157290959,-0.04762688711994835,3.788009113295958,-4.448467431456563,1.4380154751804637,0.24167644730443208,-0.02061269574291633,42|52|5|52|5|31|41|7|24|7,114,65
28,0.02612135560550492,0.11097521951671703,-0.2119838444397601,6.24864676511804,6.3276538933182405,6.055448815109505,12,0.4,0,14,881,65.158,6.24864676511804,-0.12568791039152344,0.01899324508549746,10638.0,37.70819047703366,6.940448652886544,-0.04814997722711884,3.7312318249843788,-4.416226028245298,1.5361065717139195,0.25580512404933514,-0.020613813157704424,42|51|5|54|5|28|41|7|27|8,115,67
29,0.02586014204944987,0.11919438668199714,-0.2119838444397601,6.291893696292876,6.3276538933182405,6.055448815109505,12,0.4,0,13,911,65.19666666666666,6.291893696292876,-0.12390191858194635,0.018563074433366817,10612.0,36.101175992188686,6.917156275271166,-0.036621861371458994,3.8824868110551845,-4.51820238396876,1.510602886615221,0.22008744903010555,-0.028040823317227737,43|52|5|52|6|29|42|7|24|8,115,68
30,0.025601540628955373,0.1251595836004608,-0.2119838444397601,6.32875118862512,6.3276538933182405,6.055448815109505,12,0.4,0,13,941,65.01666666666667,6.32875118862512,-0.124330862825959,0.018409619385823542,10730.0,36.369287310438445,6.920772169126607,-0.02679694593324064,3.846159681610706,-4.554580473543968,1.626350380524699,0.22604651973203885,-0.026887858993723496,42|52|5|54|5|29|42|9|23|9,116,70
31,0.02534552522266582,0.1051327465180488,-0.2119838444397601,6.327852866549495,6.3276538933182405,6.055448815109505,10,0.3333333333333333,0,17,971,65.01666666666667,6.327852866549495,-0.1233290575490746,0.018171370815534226,10650.0,35.071972976545965,6.9211882661190565,-0.027036407108454136,3.931002200142015,-4.611059735516148,1.5478775032979342,0.197212273237845,-0.026755182259673525,44|52|5|53|5|28|42|9|21|9,115,70
32,0.02509206997043916,-0.019706838199953364,-0.2119838444397601,6.290109538433251,6.3276538933182405,6.055448815109505,7,0.23333333333333334,0,17,1001,65.19666666666666,6.290109538433251,-0.11681738265851767,0.01496792528405633,10589.0,35.4407091899679,6.921512393451357,-0.03709745531423817,4.482473539253042,-5.37046928482105,1.4880419344125262,0.20540784357216987,-0.02665183098185533,45|50|5|53|5|28|42|8|23|8,115,70
33,0.024841149270734768,-0.18135226231491447,-0.23684771566241447,6.115850493606488,6.098748416531501,6.011172834781231,9,0.3,1,9,1031,65.11866666666667,6.115850493606488,-0.12014017462986656,0.014845572758788148,10763.0,35.33526606417239,6.912188980505429,-0.08354880811747376,4.201067515637753,-5.3994742031682526,1.6587204423807393,0.20306425343300627,-0.029624695487757823,46|51|5|52|5|27|44|7|23|7,117,69
34,0.02459273777802742,-0.24443770946395396,-0.24443770946395396,6.080526505055056,6.080526505055056,6.011172834781231,8,0.26666666666666666,1,9,1061,65.07066666666667,6.080526505055056,-0.12156209441170136,0.01466535946663367,10882.0,35.21550832129823,6.912509471326084,-0.09296494520379393,4.080645654998788,-5.442195608489182,1.775448847255552,0.20040250509075144,-0.02952250374845403,48|50|5|53|5|25|45|7|22|6,118,68
35,0.024346810400247144,-0.2038114950393332,-0.24443770946395396,6.051935994100197,6.080526505055056,6.000873260437753,9,0.3,0,14,1091,65.032,6.051935994100197,-0.12110848735750579,0.014613917047649218,11034.0,35.02341023139244,6.912491853154615,-0.10058617320093587,4.119061468719802,-5.454390560403383,1.9245473139864049,0.1961329124941846,-0.02952812148060037,49|52|5|53|5|24|44|7|22|5,118,67
36,0.024103342296244674,-0.1159792281270248,-0.24443770946395396,6.051630155538974,6.080526505055056,5.972371807527761,6,0.2,0,12,1121,65.032,6.051630155538974,-0.12073423519915716,0.014767465147925433,11167.0,36.93564712193463,6.912491853154615,-0.10066769904036837,4.150756745649093,-5.417990411725472,2.0550084723759015,0.2386344931957157,-0.02952812148060037,51|52|5|51|5|25|44|7|24|5,118,68
37,0.023862308873282227,-0.10575837768471971,-0.24443770946395396,6.051630155538974,6.080526505055056,5.972371807527761,9,0.3,0,15,1151,65.032,6.051630155538974,-0.11384728034798737,0.010893073175964081,11490.0,45.684651806052216,6.921206897886823,-0.10066769904036837,4.73401040588319,-6.336454681633103,2.371842714178964,0.4330908027038253,-0.026749241332097162,51|52|5|53|5|25|44|8|26|5,121,70
38,0.023623685784549403,-0.06243426843961585,-0.24443770946395396,6.076852618348122,6.080526505055056,5.972371807527761,10,0.3333333333333333,0,15,1181,65.032,6.076852618348122,-0.11372618629926294,0.01117651664425585,11800.0,38.77558332735306,6.91265542449354,-0.09394427461394073,4.744265816101117,-6.269261506536548,2.6759251134326774,0.27952911117272156,-0.02947596510497978,51|51|5|55|5|28|44|7|27|5,123,71
39,0.02338744892670391,-0.092515103765479,-0.24443770946395396,6.098201890776703,6.080526505055056,5.972371807527761,11,0.36666666666666664,0,14,1211,65.032,6.098201890776703,-0.11379524746115084,0.011002622603014938,11732.0,39.17881915481871,6.912395532906387,-0.08825330697057801,4.738417051832785,-6.310484868753243,2.6092231677899274,0.28849147360153166,-0.029558834165838873,52|52|5|53|5|30|41|8|28|6,124,71
40,0.02315357443743687,-0.04617403419742773,-0.24443770946395396,6.1573896151796985,6.080526505055056,5.972371807527761,10,0.3333333333333333,0,13,1241,64.96666666666667,6.1573896151796985,-0.1128565674260251,0.010572122127924261,11551.0,46.812854356194336,6.9211236105633835,-0.07247593443535343,4.817913516976994,-6.412539412384997,2.431678283064372,0.4581663526891322,-0.026775798337464372,52|53|5|50|5|31|41|9|27|6,123,70
41,0.022922038693062502,-0.052517353250621276,-0.24443770946395396,6.157487128509406,6.080526505055056,5.972371807527761,8,0.26666666666666666,0,14,1271,64.96666666666667,6.157487128509406,-0.11366785268620032,0.010812572467840332,11468.0,48.59793599047596,6.9211236105633835,-0.07244994079992531,4.749206068225417,-6.355538198388507,2.3502626729416036,0.49784176712835987,-0.026775798337464372,51|53|5|51|5|31|40|9|27|6,122,71
42,0.022692818306131877,0.00803381952161824,-0.24443770946395396,6.148106419735009,6.080526505055056,5.972371807527761,11,0.36666666666666664,0,10,1301,64.96666666666667,6.148106419735009,-0.11028284931605972,0.008851618819944961,11849.0,53.48367778336899,6.948842265870956,-0.07495050892399106,5.0358807522047835,-6.820402330249992,2.7239897507340705,0.6064327843420323,-0.017937424772639723,52|55|6|51|5|30|40|9|29|6,124,72
43,0.02246589012307056,-0.03927047457350576,-0.24443770946395396,6.056134134785196,6.080526505055056,5.972371807527761,10,0.3333333333333333,0,15,1331,64.96666666666667,6.056134134785196,-0.10971499168413971,0.008577125336264776,12164.0,48.51223901747036,6.721177142514917,-0.09946709605764988,5.08397240511477,-6.885473819894623,3.0329767048144567,0.49593705708323477,-0.09053075174232232,54|53|5|52|6|33|40|7|30|6,124,75
44,0.022241231221839852,0.02063579069957689,-0.24443770946395396,6.059661053150001,6.080526505055056,5.972371807527761,7,0.23333333333333334,0,15,1361,64.96666666666667,6.059661053150001,-0.1095553077677224,0.008512328883556996,12430.0,47.86672895356265,6.732640891785306,-0.09852694325562655,5.09749597696091,-6.900834482176485,3.2938990215934494,0.4815898816833056,-0.08687541935404801,56|53|5|53|6|33|40|7|29|6,127,75
45,0.022018818909621454,0.04349498849728758,-0.24443770946395396,6.080863131339782,6.080526505055056,5.972371807527761,9,0.3,0,12,1391,64.96666666666667,6.080863131339782,-0.10947006817651787,0.008468571419746851,12493.0,48.163295907779954,6.7328885082828815,-0.09287521243652115,5.104714886426891,-6.911207636813973,3.3556964124095265,0.48818141037957513,-0.08679646432963929,53|53|5|54|5|34|42|8|30|5,127,77
46,0.02179863072052524,-0.06420354664711622,-0.24443770946395396,6.070832061263919,6.080526505055056,5.843588876554285,7,0.23333333333333334,0,13,1421,64.96666666666667,6.070832061263919,-0.11021775688086892,0.008438441680407827,12224.0,47.81926842661636,6.732868914408102,-0.09554914408552748,5.041393406476378,-6.918350199890913,3.0918313627345304,0.48053501895885886,-0.08680271203476649,52|52|5|54|5|34|42|8|29|5,126,76
47,0.021580644413319985,-0.08767755532940313,-0.24443770946395396,6.058766144801482,6.080526505055056,5.843588876554285,12,0.4,0,12,1451,64.96666666666667,6.058766144801482,-0.11075118867156405,0.008612422577205655,12089.0,49.31494665288017,6.721532466602819,-0.09876549445085968,4.996217265332471,-6.877106247675516,2.959408382414365,0.5137781224422615,-0.09041745306348627,51|52|5|54|5|32|41|8|32|5,125,77
48,0.021364837969186784,-0.09765660205613573,-0.24443770946395396,6.076122843409349,6.080526505055056,5.843588876554285,9,0.3,0,8,1481,64.96666666666667,6.076122843409349,-0.11027043044250388,0.008262128207114316,12114.0,49.356013067743376,6.721344381023073,-0.09413880703078932,5.036932502014962,-6.96014711323766,2.9839311565477287,0.5146908689508473,-0.09047742605270634,49|55|5|53|6|32|41|8|32|5,127,77
49,0.021151189589494915,-0.03410163616210085,-0.24443770946395396,6.0884580576049325,6.080526505055056,5.843588876554285,8,0.26666666666666666,0,11,1511,64.96666666666667,6.0884580576049325,-0.11024113944248762,0.008305158898852484,12264.0,50.911768514667656,6.7204205964876245,-0.09085067132987265,5.039413145977439,-6.949946247358075,3.1310678013479127,0.5492692551363322,-0.09077198409410853,49|55|5|55|6|30|39|9|35|5,128,78
50,0.020939677693599966,-0.0924740964015241,-0.24443770946395396,6.053722566147368,6.080526505055056,5.843588876554285,14,0.4666666666666667,0,8,1541,64.96666666666667,6.053722566147368,-0.11054796566909453,0.008329285055600617,12113.0,50.73364930869166,6.720599138534563,-0.10010993572038487,5.013428146279945,-6.944226894978731,2.982950245582394,0.5453103587021488,-0.09071505415683832,49|54|5|56|6|30|39|8|33|5,127,77
51,0.020730280916663967,-0.12460500573471742,-0.24443770946395396,6.041360901578333,6.080526505055056,5.843588876554285,7,0.23333333333333334,0,15,1571,64.96666666666667,6.041360901578333,-0.11096181237446123,0.008169994930435956,12125.0,51.13127895469332,6.721901303627409,-0.10340512216366154,4.978379621801822,-6.981988249423927,2.994721177166409,0.5541481175449191,-0.09029984564813036,47|54|5|56|5|30|40|8|35|5,128,76
52,0.020522978107497328,-0.1379851293420158,-0.24443770946395396,6.0413753820596074,6.080526505055056,5.843588876554285,11,0.36666666666666664,0,14,1601,64.96666666666667,6.0413753820596074,-0.11089699359276198,0.008214501271847337,11969.0,52.65000977906958,6.721736506361012,-0.10340126217495846,4.983869100460389,-6.971437565686585,2.841699066574218,0.5879035905280956,-0.09035239292312339,49|54|5|54|5|28|38|8|37|5,128,77
53,0.020317748326422354,-0.14441566812362897,-0.24443770946395396,6.1241250678768795,6.080526505055056,5.843588876554285,10,0.3333333333333333,0,8,1631,65.184,6.1241250678768795,-0.11071687319357552,0.008239644539145375,11792.0,53.03718633200177,6.721777231833366,-0.08134309667728633,4.999123430476866,-6.965477096841639,2.6680778257100006,0.5965090178114916,-0.09033940719440464,49|53|5|53|5|27|38|9|38|5,128,77
54,0.020114570843158132,-0.1845468531214484,-0.24443770946395396,6.123784853554664,6.080526505055056,5.843588876554285,7,0.23333333333333334,0,13,1661,65.184,6.123784853554664,-0.11091902075147228,0.008258302500799166,11666.0,52.78585490269587,6.721774909579407,-0.08143378588957748,4.982003628532667,-6.961054036074341,2.5444830440778463,0.5909228987075729,-0.0903401476685645,49|52|5|54|5|26|37|9|38|5,127,77
55,0.01991342513472655,-0.23631201776474148,-0.24443770946395396,6.122446627708691,6.080526505055056,5.843588876554285,8,0.26666666666666666,0,12,1691,65.184,6.122446627708691,-0.1114271625465462,0.008400667712219218,11468.0,52.92990889220397,6.7229564794964585,-0.08179050998939956,4.938969287768193,-6.9273049056524725,2.3502626729416036,0.5941246580140362,-0.08996339215124313,49|53|5|52|5|27|35|9|38|5,127,77
56,0.019714290883379285,-0.30729287164442887,-0.30729287164442887,6.116923585258068,6.116923585258068,5.843588876554285,17,0.5666666666666667,9,4,1721,64.69133333333333,6.116923585258068,-0.11147990548092176,0.00842137056685088,11035.0,56.21737201021868,6.722459289859848,-0.08326275949975476,4.934502508155022,-6.922397082076055,1.9255282249517396,0.6671921632507922,-0.09012192609497753,47|52|5|51|5|25|34|12|39|5,127,79
57,0.01951714797454549,-0.218836186462111,-0.30729287164442887,6.109478765189173,6.116923585258068,5.843588876554285,11,0.36666666666666664,0,6,1751,64.69133333333333,6.109478765189173,-0.11152816996772505,0.008366839196224026,11430.0,56.4005875523228,6.722757426052305,-0.08524728755636522,4.930415006611063,-6.935324301591355,2.3129880562588903,0.6712643313943034,-0.09002686235494785,47|53|5|52|5|26|32|13|42|5,128,80
58,0.019321976494800035,-0.1875977367269241,-0.30729287164442887,6.119869982039117,6.116923585258068,5.843588876554285,8,0.26666666666666666,0,10,1781,64.69133333333333,6.119869982039117,-0.1114078138938915,0.008387654906217016,11502.0,56.53903442623641,6.733481918767132,-0.08247735340212058,4.940607918008311,-6.930389724496502,2.3836136457629786,0.6743414663526431,-0.08660724939554917,48|54|5|48|5|27|34|13|43|5,129,81
59,0.019128756729852033,-0.2555008719292108,-0.30729287164442887,6.020890377813027,6.116923585258068,5.843588876554285,9,0.3,0,11,1811,64.414,6.020890377813027,-0.11182427807825486,0.008375643376673274,11423.0,56.22281131850107,6.736162594703658,-0.10886184621740903,4.905337720201644,-6.933237180508363,2.3061216795015484,0.6673130578957329,-0.08575248876339178,47|54|5|49|5|29|34|12|41|5,129,81
60,0.018937469162553514,-0.24027205335394464,-0.30729287164442887,6.050835108545581,6.116923585258068,5.843588876554285,8,0.26666666666666666,0,15,1841,64.72599999999998,6.050835108545581,-0.11177260974106824,0.008340508625556051,11499.0,55.38214201040917,6.735713102725563,-0.1008796306989057,4.909713492576163,-6.94156623285175,2.3806709128669747,0.6486282523583616,-0.08589581382634001,46|56|5|48|5|29|35|11|41|5,130,80
61,0.01874809447092798,-0.25635425949011365,-0.30729287164442887,6.007764306954448,6.116923585258068,5.843588876554285,12,0.4,0,6,1871,64.61733333333333,6.007764306954448,-0.11129332654445938,0.008372814786546688,11387.0,55.25967269274066,6.736347007068342,-0.11236079658166839,4.950303809305673,-6.933907726747433,2.2708088847495045,0.6459062362660595,-0.08569368701594186,45|56|5|48|5|29|35|10|41|5,130,80
62,0.0185606135262187,-0.25777955776225936,-0.30729287164442887,6.003524670948604,6.116923585258068,5.843588876554285,14,0.4666666666666667,0,11,1901,64.61733333333333,6.003524670948604,-0.11128491952861223,0.008598009245884216,11287.0,55.02942526478791,6.7347039474333865,-0.11349093492289807,4.951015796369689,-6.8805230753803235,2.1727177882160484,0.6407887324207702,-0.08621759319688317,47|54|5|49|5|30|32|9|41|5,131,78
63,0.018375007390956512,-0.3086840842308712,-0.3086840842308712,6.003984837890173,6.003984837890173,5.843588876554285,5,0.16666666666666666,1,12,1931,64.61733333333333,6.003984837890173,-0.11080545910358766,0.008416080830486065,11087.0,54.96712363965163,6.734528648299918,-0.11336827054715519,4.991621122508204,-6.92365106821981,1.9765355951491366,0.6394040098680036,-0.08627348909839767,43|55|5|49|5|30|34|9|40|5,131,77
64,0.018191257317046947,-0.34082156685874293,-0.3452725956962566,5.964830177304378,6.003984837890173,5.843588876554285,8,0.26666666666666666,1,13,1961,64.61733333333333,5.964830177304378,-0.11061723353320074,0.00861456856975702,10907.0,54.14430637043953,6.735078299273614,-0.12380553051589782,5.007561876477162,-6.876597518177782,1.7999716213889159,0.6211159856472618,-0.08609822732678982,41|54|5|48|5|31|35|8|41|5,130,78
65,0.018009344743876478,-0.40873956217054536,-0.4343594256193062,5.940647552748601,5.904918098793655,5.843588876554285,15,0.5,6,6,1991,64.61733333333333,5.940647552748601,-0.11064029424069008,0.00855634310205482,10737.0,53.06237402039651,6.735821605935799,-0.1302517705148909,5.005608873685448,-6.890400461212495,1.6332167572820409,0.5970688420551765,-0.08586121648045839,41|54|5|47|5|30|36|7|40|6,129,77
66,0.017829251296437712,-0.3497470517271969,-0.4343594256193062,5.944757495913227,5.904918098793655,5.403488915845986,5,0.16666666666666666,0,18,2021,64.69533333333334,5.944757495913227,-0.10995937108513658,0.008601207633530653,10841.0,52.90256325475084,6.735933760331583,-0.12915620373882436,5.063276003991562,-6.879764864854433,1.735231497676835,0.5935168709648494,-0.08582545491714028,40|53|5|48|5|32|37|6|40|7,130,78
67,0.017650958783473336,-0.34439561358825926,-0.4343594256193062,5.9191993339940066,5.904918098793655,5.403488915845986,6,0.2,0,15,2051,64.69533333333334,5.9191993339940066,-0.10990979715163998,0.008554198083175011,10915.0,52.67607846543473,6.735979431200547,-0.13596911378026397,5.067474402091874,-6.890908959891421,1.8078189091115924,0.5884829959264598,-0.08581089229869955,40|55|5|48|5|31|37|6|39|7,130,78
68,0.017474449195638602,-0.3616664003003631,-0.4343594256193062,5.932697818290401,5.904918098793655,5.403488915845986,8,0.26666666666666666,0,11,2081,64.69533333333334,5.932697818290401,-0.10972993872535657,0.00853405818150465,10747.0,54.04206293542083,6.735478309059568,-0.13237089104821528,5.082706545720046,-6.895683329706749,1.6430258669353865,0.6188435121759353,-0.0859706801612214,40|55|5|47|5|31|36|6|39|7,130,76
69,0.017299704703682216,-0.452663779513612,-0.452663779513612,5.949407259275278,5.949407259275278,5.403488915845986,12,0.4,3,9,2111,64.69533333333334,5.949407259275278,-0.10860268842877081,0.007345438233562883,10723.0,54.37525541462458,6.73475828189757,-0.12791673982120164,5.178172956592761,-7.177457853447391,1.619484003767357,0.6262490836896227,-0.08620026810349127,40|57|5|45|5|31|38|7|36|7,130,76
70,0.017126707656645392,-0.462473505675106,-0.4908941296072205,5.898997151514994,5.898997151514994,5.403488915845986,6,0.2,3,15,2141,64.73,5.898997151514994,-0.10818870018089685,0.007294941762486277,10708.0,53.99448721370441,6.734713445219387,-0.1413543074536304,5.213233468253494,-7.189428558728614,1.6047703392873387,0.6177860891202642,-0.08621456473176543,41|57|5|44|5|31|39|7|35|6,131,75
71,0.01695544058007894,-0.47010855682219244,-0.4908941296072205,5.88231990205591,5.898997151514994,5.403488915845986,6,0.2,0,11,2171,64.73,5.88231990205591,-0.10828629392795404,0.007315228603995074,10734.0,53.27883016034944,6.735439281225106,-0.1457998775483226,5.204968289895691,-7.184619355320712,1.6302740243860372,0.6018798192651932,-0.08598312458092984,43|56|5|43|5|31|39|6|36|6,132,75
72,0.016785886174278147,-0.40298035496765106,-0.4908941296072205,5.9562374741721555,5.898997151514994,5.403488915845986,6,0.2,0,16,2201,64.60466666666667,5.9562374741721555,-0.10865559192212822,0.00696562844589526,10829.0,51.26658884422991,7.385040008988998,-0.12609604395883073,5.173692579298776,-7.267495650825265,1.7234605660928204,0.5571555295545388,0.12114863690789943,43|58|5|42|5|30|39|7|36|6,132,75
73,0.016618027312535366,-0.4493895001139523,-0.4908941296072205,5.936590193022591,5.898997151514994,5.403488915845986,11,0.36666666666666664,0,13,2231,64.60466666666667,5.936590193022591,-0.10872530421510782,0.007085054021687807,10681.0,49.812959423366905,7.385494909297025,-0.13133332038950377,5.167788670979012,-7.239184595807496,1.5782857432233055,0.5248470072963937,0.12129368647154098,44|56|5|43|5|31|39|6|34|6,133,73
74,0.016451847039410012,-0.43376300198722506,-0.4908941296072205,5.928947415235088,5.898997151514994,5.403488915845986,6,0.2,0,20,2261,64.60466666666667,5.928947415235088,-0.10911286669686529,0.007045841858589111,10883.0,48.84071540376115,7.385441434467521,-0.13337061703460446,5.134966147681061,-7.2484802403918795,1.7764297582208866,0.5032378082137744,0.12127663548136028,43|57|5|45|5|31|39|6|34|6,133,74
75,0.01628732856901591,-0.49394860466455276,-0.49394860466455276,5.9446847970330925,5.9446847970330925,5.403488915845986,11,0.36666666666666664,1,12,2291,64.65066666666668,5.9446847970330925,-0.10891430712479391,0.007090039224036347,10584.0,48.410397624639344,7.385930142545033,-0.12917558271185203,5.151782084432189,-7.238002802569091,1.4831373795858533,0.49367351944437227,0.1214324649942017,41|58|6|46|5|27|40|6|31|6,133,72
76,0.01612445528332575,-0.6742006767945593,-0.6742006767945593,5.922824813752842,5.922824813752842,5.350475278919905,9,0.3,2,14,2321,64.65066666666668,5.922824813752842,-0.10998325885254434,0.006580049783123905,10636.0,40.69999502928861,7.412418100335875,-0.13500268796560344,5.061252957801121,-7.358901019088759,1.5341447497832503,0.3223012905283838,0.1298784182097177,42|58|5|44|5|28|42|5|30|7,133,72
77,0.015963210730492495,-0.6913330604340251,-0.7164627295278141,5.922487317400864,5.922487317400864,5.350475278919905,10,0.3333333333333333,4,12,2351,64.65066666666668,5.922487317400864,-0.11045819602927556,0.006590989487741154,10656.0,40.41808669792093,7.412420176528166,-0.13509265266230616,5.021030703888322,-7.3563076501454505,1.5537629690899417,0.31603556594409327,0.1298790802246263,42|57|5|47|5|27|41|5|30|7,134,72
78,0.01580357862318757,-0.7560735674646454,-0.7560735674646454,5.935956337948378,5.935956337948378,5.350475278919905,10,0.3333333333333333,3,7,2381,64.65066666666668,5.935956337948378,-0.110413552208563,0.006606601539676275,10385.0,39.91263152948338,7.412433095359376,-0.1315022839328748,5.024811572559621,-7.352606653450712,1.2879360974842762,0.30480126556080583,0.12988319952460609,41|57|5|45|5|28|41|5|29|7,133,72
79,0.015645542836955694,-0.7362048954833326,-0.765444547273061,5.958454487598321,5.934416196424156,5.350475278919905,14,0.4666666666666667,2,8,2411,64.65066666666668,5.958454487598321,-0.10922480092492501,0.006297052408998244,10385.0,39.93186528090367,7.412503029785267,-0.12550506589550714,5.125486479288837,-7.425988442997631,1.2879360974842762,0.3052287569674542,0.12990549882355149,41|56|5|45|5|27|43|5|29|7,132,72
80,0.015489087408586137,-0.7722043743163336,-0.7802444078579591,5.965064383162011,5.964743810360455,5.350475278919905,7,0.23333333333333334,1,16,2441,64.65066666666668,5.965064383162011,-0.10934923619464347,0.0062999136003575856,10272.0,39.4704297074812,7.412548809875502,-0.12374309944420045,5.114948102300176,-7.425310168302674,1.177093158401471,0.2949728407891968,0.12992009626829906,42|55|5|45|5|29|42|5|27|7,132,72
81,0.015334196534500275,-0.7874398756022908,-0.7874398756022908,5.971133995497447,5.971133995497447,5.350475278919905,8,0.26666666666666666,2,12,2471,64.65066666666668,5.971133995497447,-0.10926910327188559,0.0063032125281258875,10159.0,40.12681019259239,7.411160490957247,-0.12212515356223784,5.1217345299033505,-7.424528123711906,1.0662502193186658,0.30956162332803444,0.12947741674108199,43|54|5|42|5|27|44|5|29|7,132,72
82,0.015180854569155272,-0.8403709421340411,-0.8449198954356887,5.970943053742985,5.971749662863703,5.350475278919905,13,0.43333333333333335,5,8,2501,64.65066666666668,5.970943053742985,-0.109389639063097,0.006318681909023298,9979.0,39.63455831496125,7.411171309933821,-0.12217605194062729,5.111526398307813,-7.42086094864684,0.8896862455584451,0.2986207806918022,0.12948086648117546,42|52|5|45|5|27|43|5|28|7,131,72
83,0.01502904602346372,-0.9011703986683803,-0.9384247391038473,5.959757878310884,5.95703894155986,5.350475278919905,10,0.3333333333333333,6,8,2531,64.65066666666668,5.959757878310884,-0.10980185895498588,0.006309466987587001,9787.0,40.337350009778326,7.411192038841111,-0.12515762762112714,5.076615648061692,-7.423045440084594,0.7013513402142098,0.31424110371839375,0.12948747610289732,39|52|5|45|5|25|44|6|29|7,130,71
84,0.014878755563229082,-0.9588250005784972,-0.9588250005784972,5.960111748057071,5.960111748057071,5.350475278919905,6,0.2,1,15,2561,64.65066666666668,5.960111748057071,-0.11015913482691045,0.006385687578897466,9583.0,40.18997338393061,7.411252739217387,-0.12506329835148808,5.046358086553512,-7.404976568825174,0.5012455032859597,0.31096549514292576,0.1295068310317384,39|50|5|45|5|25|44|6|29|7,130,70
85,0.01472996800759679,-0.9879310557858895,-0.9923475691430306,5.959714846124429,5.959713261264762,5.350475278919905,8,0.26666666666666666,3,19,2591,64.65066666666668,5.959714846124429,-0.11015061919065164,0.00638726624718367,9449.0,40.609170634745446,7.40281009108641,-0.12516909849356828,5.047079272640034,-7.404602329350849,0.3698034339311288,0.32028261786631135,0.12681480729429698,39|52|5|42|5|24|43|6|30|7,127,71
86,0.014582668327520823,-0.9739642873882508,-1.0130349966201309,5.9271091627783274,5.926785198687154,5.350475278919905,5,0.16666666666666666,1,12,2621,64.65066666666668,5.9271091627783274,-0.11052621845855762,0.006359841716866273,9568.0,41.74631025462812,7.40277509534721,-0.133860630700726,5.015269909500359,-7.41110359494241,0.4865318388059413,0.3455568041150917,0.12680364854893963,39|53|5|42|5|23|43|6|31|7,127,72
87,0.014436841644245614,-0.9570691733119651,-1.0130349966201309,5.928300349620969,5.926785198687154,5.350475278919905,6,0.2,0,13,2651,64.65066666666668,5.928300349620969,-0.1103838655733796,0.006353811633180861,9614.0,41.74480080983622,7.402779635125497,-0.1335431020448269,5.027325722718135,-7.41253308799569,0.5316537432113311,0.3455232550344549,0.1268050961031573,39|54|5|42|5|23|43|6|30|7,127,72
88,0.014292473227803158,-0.9929876270837825,-1.0130349966201309,5.946375783589537,5.926785198687154,5.350475278919905,8,0.26666666666666666,0,15,2681,64.65066666666668,5.946375783589537,-0.11250978526473394,0.006191290904248399,9786.0,41.2227464888742,7.604567135080089,-0.12872482497243587,4.847282370011162,-7.451060290128066,0.7003704292488752,0.333920020120051,0.19114708114972165,39|56|5|43|5|22|43|8|28|7,129,72
89,0.014149548495525126,-0.9619274712141084,-1.0130349966201309,5.915158762130957,5.926785198687154,5.350475278919905,5,0.16666666666666666,0,11,2711,64.65066666666668,5.915158762130957,-0.11223414974974628,0.006338176345785355,9862.0,40.47991414508596,7.604048180135155,-0.1370461885991,4.870625839872846,-7.41623959289412,0.7749196626143017,0.317409749366791,0.19098160711731502,42|55|5|44|5|21|42|7|28|7,130,72
90,0.014008053010569874,-0.9263170872034165,-1.0130349966201309,5.956057429285868,5.926785198687154,5.350475278919905,7,0.23333333333333334,0,7,2741,64.566,5.956057429285868,-0.11224363417057852,0.006325006233884836,9931.0,41.184774361016856,7.616072517155003,-0.12614403761414825,4.869822607778961,-7.419361702711312,0.8426025192223863,0.33307604756386827,0.1948156885787534,40|55|5|43|5|22|43|8|31|7,132,74
91,0.013867972480464175,-0.9146654129636855,-1.0130349966201309,5.956562102109357,5.926785198687154,5.350475278919905,6,0.2,0,16,2771,64.566,5.956562102109357,-0.11219521330113003,0.006291454459753808,10003.0,40.805619074049346,7.616077814924408,-0.12600950953041276,4.873923353311328,-7.427315494158944,0.9132281087264745,0.3246489017917288,0.1948173778261046,41|56|5|43|5|22|43|8|29|7,132,74
92,0.013729292755659532,-0.9502816583094476,-1.0130349966201309,5.928402518133658,5.926785198687154,5.350475278919905,9,0.3,0,12,2801,64.73,5.928402518133658,-0.11157039057073115,0.0068363277806884086,9942.0,40.98336165190836,6.950154701868715,-0.13351586750080063,4.926839359351459,-7.298147696856545,0.8533925398410664,0.3285994272492892,-0.01751894128203034,40|56|5|42|5|22|43|7|31|7,132,74
93,0.013591999828102937,-0.9287556752946617,-1.0130349966201309,5.9374877307353815,5.926785198687154,5.350475278919905,12,0.4,0,5,2831,64.73,5.9374877307353815,-0.11105942425259419,0.006989702471261254,9899.0,40.06408694217801,6.9504597329010585,-0.1310940682979265,4.970112907929915,-7.261788656723602,0.8112133683316803,0.3081675296869515,-0.017421679052575,42|53|5|45|5|21|42|6|31|7,131,74
94,0.013456079829821908,-0.9047625638320596,-1.0130349966201309,5.938424124300943,5.926785198687154,5.350475278919905,4,0.13333333333333333,0,15,2861,64.73,5.938424124300943,-0.11083307200193755,0.006912585369268085,10010.0,39.70964896914665,6.950572418482795,-0.13084445859806942,4.989282596355458,-7.280070055015807,0.9200944854838164,0.30028975356570525,-0.017385748115243866,42|53|5|45|5|21|44|6|30|7,131,76
95,0.013321519031523689,-0.8529712947724757,-1.0130349966201309,5.937256677800351,5.926785198687154,5.350475278919905,5,0.16666666666666666,0,10,2891,64.73,5.937256677800351,-0.11076404878185342,0.006912946416015871,10208.0,39.763057142792476,6.950498895978498,-0.131155658910982,4.995128147346455,-7.279984465189066,1.1143148566200591,0.3014768093188687,-0.017409191509275397,41|55|5|44|5|21|45|5|31|8,132,77
96,0.013188303841208452,-0.9001482229696717,-1.0130349966201309,5.912630855554929,5.926785198687154,5.350475278919905,9,0.3,0,10,2921,64.73,5.912630855554929,-0.11091198946456675,0.006883709477000027,10095.0,39.47924600610302,6.950387088224976,-0.13772003987800172,4.982599105621225,-7.286915380811918,1.003471917537254,0.2951687927809281,-0.017444842542202802,42|54|5|43|5|21|45|5|31|8,132,78
97,0.013056420802796367,-0.8719358964224662,-1.0130349966201309,5.912558731160746,5.926785198687154,5.350475278919905,5,0.16666666666666666,0,15,2951,64.73,5.912558731160746,-0.11087043074706526,0.006891014640092655,10162.0,40.304907098090375,6.950387088224963,-0.13773926571321304,4.986118698042143,-7.285183617135196,1.0691929522146695,0.3135200241094196,-0.017444842542206768,41|54|5|45|5|21|44|5|32|8,132,78
98,0.012925856594768402,-0.8429990578945437,-1.0130349966201309,6.000896038422724,5.926785198687154,5.350475278919905,10,0.3333333333333333,0,13,2981,64.926,6.000896038422724,-0.11045551779437449,0.006913759373670535,10087.0,40.621305826051,6.95038574277202,-0.11419163620914183,5.021257522611949,-7.27979174525671,0.9956246298145774,0.32055233592015314,-0.0174452715534845,41|53|5|48|5|22|41|6|31|9,134,78
99,0.012796598028820718,-0.8872799085690026,-1.0130349966201309,5.908520608598797,5.926785198687154,5.350475278919905,12,0.4,0,9,3011,65.23733333333334,5.908520608598797,-0.11091568982223525,0.00711105072157518,9901.0,42.622040147166395,6.94927068625307,-0.13881568763423446,4.982285723698305,-7.233021812032685,0.8131751902623495,0.3650208699348372,-0.017800818601168306,41|51|5|49|5|19|39|7|34|9,135,77
100,0.01266863204853251,-0.9396606242398524,-1.0130349966201309,5.878686241580825,5.926785198687154,5.350475278919905,9,0.3,0,5,3041,65.00866666666667,5.878686241580825,-0.11213190110752973,0.007018470050606566,9944.0,43.299231547640126,6.949116785804308,-0.14676848405516502,4.87928523958078,-7.25496900761437,0.8553543617717355,0.380072198094005,-0.017849891315658162,38|52|5|50|5|19|38|8|36|9,135,77
101,0.012541945728047186,-0.9301465101388855,-1.0130349966201309,5.664868186071862,5.926785198687154,5.350475278919905,10,0.3333333333333333,0,4,3071,64.75933333333334,5.664868186071862,-0.11129150973844562,0.007027968640047967,9982.0,45.155132146138435,6.948207609855471,-0.2037648823885917,4.950457673935304,-7.252717269772771,0.8926289784544488,0.42132164237113673,-0.018139791261481974,39|50|5|50|5|19|38|9|38|9,135,78
102,0.012416526270766714,-0.9884581745641075,-1.0130349966201309,5.664047454621864,5.926785198687154,5.350475278919905,6,0.2,0,10,3101,64.712,5.664047454621864,-0.11142552971358803,0.006971168817542855,9791.0,45.258018228344206,6.94826891946447,-0.20398366062290652,4.939107571787761,-7.2661822490225685,0.705274984075548,0.4236083993872578,-0.01812024207262597,39|50|5|46|5|20|39|9|39|9,135,78
103,0.012292361008059046,-1.116922360187232,-1.1262184644159807,5.633456523963969,5.645334851183766,5.350475278919905,10,0.3333333333333333,6,12,3131,64.75933333333334,5.633456523963969,-0.10811071674393621,0.005253780065875567,9558.0,45.2623101914949,6.948129665991046,-0.21213813038935017,5.219837856699166,-7.673306829437481,0.4767227291525957,0.4237037930171576,-0.01816464445090367,40|50|5|42|5|19|40|9|39|9,135,76
104,0.012169437397978456,-1.1360818951568346,-1.1588244864249813,5.65979248358696,5.659920770049253,5.350475278919905,4,0.13333333333333333,2,14,3161,64.75933333333334,5.65979248358696,-0.10828202857949416,0.005115915660255647,9514.0,46.001717728850274,6.948057025144337,-0.20511788674532297,5.2053295206798555,-7.705988997780363,0.43356264667787514,0.4401379436580437,-0.01818780671949708,38|50|5|44|5|19|39|10|39|9,134,76
105,0.01204774302399867,-1.1224822524923306,-1.1588244864249813,5.658700342077525,5.659920770049253,5.350475278919905,4,0.13333333333333333,0,14,3191,64.75933333333334,5.658700342077525,-0.10841133145265909,0.005167774517492814,9568.0,45.99961556003226,6.9480589232741545,-0.20540901338736478,5.19437890815487,-7.693695324916265,0.4865318388059413,0.4400912206301025,-0.018187201481608812,37|51|5|46|5|19|37|10|39|9,135,76
106,0.011927265593758684,-1.1736414183196977,-1.1736414183196977,5.676933898969017,5.676933898969017,5.350475278919905,8,0.26666666666666666,1,9,3221,64.75933333333334,5.676933898969017,-0.10814216194907852,0.005052435438874894,9274.0,47.66877799741108,6.946811314459245,-0.20054858628662778,5.217174773900975,-7.721037633955016,0.19814401499758094,0.47719020265847734,-0.018585014169366743,37|49|5|43|5|19|39|11|39|9,134,75
107,0.011807992937821097,-1.2071901300045262,-1.236654364570835,5.679385247645041,5.679900702488457,5.350475278919905,11,0.36666666666666664,4,10,3251,64.75933333333334,5.679385247645041,-0.10802979410026214,0.0050472391569336235,9118.0,47.66096354349678,6.946798361445363,-0.1998951426601752,5.226691165474771,-7.7222694657712,0.04512190440538972,0.47701651777386933,-0.018589144368837407,37|49|5|42|5|19|38|12|39|8,134,74
108,0.011689913008442885,-1.1690540508337122,-1.236654364570835,5.66507041432584,5.679900702488457,5.350475278919905,5,0.16666666666666666,0,15,3281,64.804,5.66507041432584,-0.10710851274732455,0.0049610565426089995,9157.0,47.98354984204938,6.9468413778777185,-0.20371097542507274,5.30471414265677,-7.742699936543708,0.08337743205343752,0.48418635518729464,-0.018575428144353676,36|50|5|41|5|18|39|11|40|8,134,73
109,0.011573013878358455,-1.178099394062722,-1.236654364570835,5.667593019042444,5.679900702488457,5.350475278919905,3,0.1,0,11,3311,64.804,5.667593019042444,-0.10724282289556752,0.004962106888059637,9140.0,47.98481605628692,6.946840497924452,-0.20303853743604003,5.293339465856618,-7.7424509414047415,0.06670194564275002,0.48421449819973644,-0.01857570872635177,36|50|5|40|5|18|40|11|40|7,134,73
110,0.01145728373957487,-1.193444757176863,-1.236654364570835,5.671438835601398,5.679900702488457,5.350475278919905,10,0.3333333333333333,0,10,3341,64.804,5.671438835601398,-0.1065279916873264,0.004998467725433466,8993.0,46.672337066741065,6.944860658928386,-0.202013377554244,5.3538782566090175,-7.733831232765689,-0.07749196626143016,0.4550432004545964,-0.019207000412448,39|49|5|40|5|19|39|11|37|7,133,73
111,0.011342710902179122,-1.1824165424138435,-1.236654364570835,5.671634869317582,5.679900702488457,5.350475278919905,5,0.16666666666666666,0,12,3371,64.804,5.671634869317582,-0.10636370296607171,0.005000205003909627,8971.0,47.5009368953891,6.9448606589283575,-0.201961121837355,5.367791807674435,-7.733419393122519,-0.09907200749879047,0.4734597484569593,-0.019207000412457063,39|48|5|40|5|19|39|11|38|7,134,72
112,0.011229283793157331,-1.2829540461593185,-1.2831911604302493,5.672632993718194,5.671421614764971,5.350475278919905,7,0.23333333333333334,3,9,3401,64.804,5.672632993718194,-0.10644315283706315,0.0050031979300747,8576.0,47.38968025374003,6.946788327421526,-0.2016950568608115,5.361063227472837,-7.732709889343608,-0.4865318388059413,0.4709869464955409,-0.018592343818812272,37|47|5|40|5|19|39|11|36|7,134,71
113,0.011116990955225758,-1.2096969647280007,-1.2831911604302493,5.666085917758949,5.671421614764971,5.350475278919905,5,0.16666666666666666,0,13,3431,64.804,5.666085917758949,-0.10610785616318633,0.005093457981973198,8774.0,47.52752221050932,6.946905961297738,-0.2034402778076773,5.389459378824077,-7.711312820263163,-0.2923114676696986,0.4740506365010327,-0.0185548350677453,36|49|5|41|6|19|39|11|36|6,136,71
114,0.0110058210456735,-1.2619304818000605,-1.2831911604302493,5.759748585577315,5.671421614764971,5.350475278919905,9,0.3,0,11,3461,64.53133333333334,5.759748585577315,-0.10606989994893734,0.005072367667893591,8518.0,46.27607273301785,6.949274485458087,-0.17847309385663232,5.392673876576388,-7.7163124950672195,-0.5434246747953457,0.4462357871878748,-0.017799607186227022,35|46|5|43|6|21|38|11|35|6,136,71
115,0.010895762835216765,-1.2661418895096301,-1.2858980173223566,5.76052272674268,5.757719188294784,5.350475278919905,6,0.2,1,12,3491,64.53133333333334,5.76052272674268,-0.106141192521606,0.005095361640746669,8491.0,46.50076569883079,6.949272917566862,-0.1782667349590058,5.386636134953987,-7.710861538467675,-0.5699092708593788,0.4512298369663295,-0.017800107124200222,35|46|5|42|5|21|37|11|37|6,135,71
116,0.010786805206864598,-1.3010153691432833,-1.3010153691432833,5.76805304851398,5.76805304851398,5.350475278919905,8,0.26666666666666666,2,15,3521,64.53133333333334,5.76805304851398,-0.10615423397321966,0.005115121625732429,8327.0,46.63921351034539,6.94932345228155,-0.17625941514574586,5.38553165923826,-7.706177231790738,-0.7307786691742465,0.4543069927638886,-0.017783993619362268,35|44|5|43|6|21|35|11|38|5,135,70
117,0.010678937154795952,-1.3299783934244396,-1.3308225121339003,5.772345387651086,5.772303601886873,5.350475278919905,5,0.16666666666666666,2,10,3551,64.53133333333334,5.772345387651086,-0.10694687538953462,0.005112418148737431,8351.0,46.449543621776286,6.94932239881071,-0.17511522799719884,5.318403150730568,-7.706818118681479,-0.7072368060062171,0.4500913696287316,-0.017784329529193225,36|45|5|43|5|21|33|11|38|6,135,70
118,0.010572147783247991,-1.3528126586074862,-1.3739181920931505,5.7728840539681725,5.772345387651086,5.350475278919905,6,0.2,3,8,3581,64.53133333333334,5.7728840539681725,-0.10799119402141477,0.005175159929264353,8406.0,46.47827634694059,6.949322398810612,-0.17497163843969218,5.229960191881883,-7.691944537468892,-0.6532867029128163,0.45072998623705324,-0.01778432952922466,37|44|5|42|5|21|33|11|40|6,137,70
119,0.010466426305415511,-1.4184584993522704,-1.4184584993522704,5.777148707001036,5.777148707001036,5.350475278919905,7,0.23333333333333334,5,9,3611,64.53133333333334,5.777148707001036,-0.10821778761334837,0.005257795194805099,8133.0,46.470744107512424,6.9496267821882665,-0.17383483143601633,5.210770064352817,-7.6723550020313915,-0.921075396449151,0.45056257388165794,-0.017687273811016663,37|43|5|40|5|22|32|11|40|6,136,69
120,0.010361762042361356,-1.4544902097881836,-1.4705602511991642,5.765346632572136,5.7649815788456085,5.350475278919905,6,0.2,5,4,3641,64.53133333333334,5.765346632572136,-0.10810522715356774,0.005223136950059484,7996.0,46.47958702076776,6.9493378256457845,-0.17698085076403386,5.220302768077968,-7.680571093662524,-1.0554601986999856,0.45075911741306723,-0.017779410526817516,37|41|5|39|5|23|33|11|40|6,137,69
121,0.010258144421937742,-1.4679009567421766,-1.5166774486093582,5.792376006431868,5.77435711264447,5.350475278919905,8,0.26666666666666666,4,7,3671,64.53133333333334,5.792376006431868,-0.10765937634286231,0.005177982737752875,7879.0,45.987651078515746,6.949434353488262,-0.16977576719171678,5.25806170840529,-7.691275361826297,-1.170226781644129,0.43982529679020527,-0.017748631648053202,36|40|5|40|5|24|34|11|38|6,136,69
122,0.010155562977718365,-1.4675729271317444,-1.5166774486093582,5.796015085170572,5.77435711264447,5.350475278919905,11,0.36666666666666664,0,6,3701,64.53133333333334,5.796015085170572,-0.10758306161833645,0.005159625398954062,7871.0,46.01112842206598,6.949454803613988,-0.16880571636572775,5.264524774211784,-7.695627156869059,-1.1780740693668055,0.4403471067272967,-0.01774211091865238,36|37|5|43|5|25|34|11|37|6,136,68
123,0.010054007347941181,-1.4426156736234952,-1.5166774486093582,5.900663461450578,5.77435711264447,5.350475278919905,8,0.26666666666666666,0,8,3731,64.12333333333335,5.900663461450578,-0.10796597035371847,0.005109303040288152,7956.0,45.866858837763985,6.949451648815043,-0.1409101276363113,5.232096374973877,-7.707556587021353,-1.094696637313368,0.43714055558799253,-0.017743116858200535,34|38|5|44|5|26|34|12|37|5,136,68
124,0.00995346727446177,-1.5318939315449738,-1.5318939315449738,5.87523938691364,5.87523938691364,5.350475278919905,9,0.3,1,12,3761,64.12333333333335,5.87523938691364,-0.10803279510211602,0.005058806973909898,7702.0,44.82050530395274,6.950893812453348,-0.14768729468198807,5.2264370117372385,-7.719527196364689,-1.343848022508346,0.4138841905531137,-0.01728326839746151,33|37|5|44|5|24|34|11|37|6,135,68
125,0.009853932601717153,-1.5642073132803846,-1.5642073132803846,5.878410029894907,5.878410029894907,5.350475278919905,7,0.23333333333333334,4,5,3791,64.12333333333335,5.878410029894907,-0.10803327424066403,0.005092695237721656,7546.0,44.92432934838972,6.9505593125072,-0.14684211240819378,5.226396433670746,-7.711493636594394,-1.4968701331005372,0.4161917948176389,-0.017389927088103795,31|38|5|43|5|23|33|12|38|6,135,67
126,0.009755393275699981,-1.6221393651254348,-1.6221393651254348,5.713884872581014,5.713884872581014,5.350475278919905,11,0.36666666666666664,5,12,3821,64.12333333333335,5.713884872581014,-0.10812521147105117,0.005276769309543534,7414.0,44.97071867617843,6.949642711494551,-0.19069875201615827,5.21861030361851,-7.6678569939396715,-1.626350380524699,0.4172228489555719,-0.017682194590614,35|38|5|44|5|21|30|12|35|7,134,67
127,0.009657839342942981,-1.6421451111367098,-1.6585413695043612,5.7212173155464745,5.7212173155464745,5.350475278919905,9,0.3,4,6,3851,64.12333333333335,5.7212173155464745,-0.10789519247471528,0.005201091865492636,7249.0,46.590809377546236,6.947936943356379,-0.18874417975601063,5.238090527380031,-7.6857971065823,-1.7882006898049012,0.4532311573553019,-0.018226096011979883,34|37|5|43|5|20|32|14|34|7,133,66
128,0.009561260949513551,-1.6149853395183287,-1.6585413695043612,5.729587007305624,5.7212173155464745,5.350475278919905,5,0.16666666666666666,0,10,3881,64.12333333333335,5.729587007305624,-0.10792159477402463,0.005179470393335237,7385.0,46.16350755328836,6.947981830760938,-0.18651311332760748,5.235854526412469,-7.6909226978449,-1.6547967985194012,0.44373390151977715,-0.018211783209088016,32|38|5|44|5|21|33|14|34|7,134,67
129,0.009465648340018416,-1.6349028819934082,-1.6585413695043612,5.708244283673891,5.7212173155464745,5.350475278919905,10,0.3333333333333333,0,9,3911,64.12333333333335,5.708244283673891,-0.10904506964335334,0.005469492757740342,7421.0,45.27841530610908,6.947834486189245,-0.1922023352912947,5.140707855078375,-7.622169928092135,-1.619484003767357,0.42406174700908594,-0.01825876551587462,34|38|5|46|5|20|31|13|33|6,132,67
130,0.009370991856618232,-1.6496847268474226,-1.6699170579405658,5.675088429086446,5.687659782295963,5.350475278919905,9,0.3,4,7,3941,64.12333333333335,5.675088429086446,-0.1087744272474469,0.00537380405952623,7437.0,44.357078328073314,6.9494230018148455,-0.20104052386546767,5.16362845953103,-7.644853913341864,-1.6037894283220042,0.4035840132518478,-0.017752251243921994,36|37|5|44|5|19|33|12|34|6,132,67
131,0.00927728193805205,-1.6112138737140116,-1.6810214836966177,5.702481699500311,5.678065930865705,5.350475278919905,7,0.23333333333333334,1,14,3971,64.12333333333335,5.702481699500311,-0.10788237376352021,0.005468603857200613,7340.0,44.91683501470302,6.947696737178528,-0.19373843822799702,5.239176139292057,-7.622380651062643,-1.6989377919594564,0.41602522495928873,-0.018302688181003682,35|36|5|45|6|19|33|13|33|5,131,67
132,0.009184509118671528,-1.6375140610560364,-1.6810214836966177,5.682548195372887,5.678065930865705,5.350475278919905,8,0.26666666666666666,0,7,4001,64.12333333333335,5.682548195372887,-0.10821996956707627,0.005416290522540207,7358.0,44.451003303331106,6.949404300723931,-0.19905201167119016,5.21058527549827,-7.6347820624513245,-1.6812813945834344,0.40567159975096423,-0.017758214275885198,38|36|5|43|6|19|33|12|33|5,131,67
133,0.009092664027484813,-1.7133399221819896,-1.7204493486703683,5.6793032133383425,5.68177156395287,5.350475278919905,8,0.26666666666666666,3,8,4031,64.12333333333335,5.6793032133383425,-0.10821989598123638,0.005457939328651349,7029.0,44.521207777838846,6.9493988081403995,-0.19991701013067703,5.210591507455847,-7.62490878670271,-2.0040011021785045,0.4072319718751801,-0.017759965641690835,37|35|5|42|6|18|31|12|34|5,128,66
134,0.009001737387209965,-1.7690903503486977,-1.7693881216319933,5.685726850529681,5.685726850529681,5.350475278919905,8,0.26666666666666666,6,5,4061,64.12333333333335,5.685726850529681,-0.1079928148569222,0.005470013996849733,6748.0,44.5573685278055,6.949382965703044,-0.1982046936322623,5.229822923921982,-7.622046363026567,-2.2796370834375153,0.40803568455352923,-0.017765017163056996,37|34|5|40|7|18|30|12|34|5,127,66
135,0.008911720013337865,-1.8005920023966122,-1.8138762510719406,5.678646695924296,5.689364464270167,5.350475278919905,7,0.23333333333333334,4,10,4091,64.12333333333335,5.678646695924296,-0.10736076296848651,0.0054289200353505335,6533.0,44.667301593911986,6.949349678675251,-0.20009201465943294,5.283351164683626,-7.631788107181293,-2.4905329409844454,0.4104790685840333,-0.017775631068501944,32|35|5|40|7|18|31|12|34|5,126,65
136,0.008822602813204487,-1.7885292284142222,-1.8138762510719406,5.678947467810812,5.689364464270167,5.350475278919905,7,0.23333333333333334,0,18,4121,64.12333333333335,5.678947467810812,-0.10741532368286702,0.005409556378223936,6610.0,44.46080611366888,6.949352174047251,-0.2000118394178679,5.278730437953871,-7.636378460282949,-2.4150027966536847,0.4058894780571163,-0.01777483539390403,31|37|5|40|7|18|32|12|33|5,127,65
137,0.008734376785072441,-1.7951932067135685,-1.8138762510719406,5.678947467810812,5.689364464270167,5.350475278919905,5,0.16666666666666666,0,13,4151,64.12333333333335,5.678947467810812,-0.10741207066749263,0.005409014512758994,6594.0,44.20760338552182,6.949352174047251,-0.2000118394178679,5.279005934623286,-7.636506915037204,-2.4306973720990372,0.40026176726593976,-0.01777483539390403,32|37|5|39|7|18|32|12|33|5,127,65
138,0.008647033017221717,-1.7955848916386792,-1.815528101635648,5.678947467810812,5.678947467810812,5.350475278919905,7,0.23333333333333334,1,11,4181,64.12333333333335,5.678947467810812,-0.10727697444025441,0.005407100704622562,6570.0,44.20760338552182,6.949352174047251,-0.2000118394178679,5.290447184162932,-7.6369606028430566,-2.454239235267067,0.40026176726593976,-0.01777483539390403,35|36|5|37|7|18|32|12|33|5,128,66
139,0.0085605626870495,-1.813348959725121,-1.815528101635648,5.690847857649662,5.678947467810812,5.350475278919905,5,0.16666666666666666,0,13,4211,64.12333333333335,5.690847857649662,-0.10711899659352328,0.005395509469844531,6446.0,44.58372402756888,6.949204548520571,-0.1968396126479461,5.303826269598084,-7.639708423679145,-2.5758721949685524,0.40862146469701593,-0.01782190728602935,33|37|5|36|6|18|32|13|33|5,127,66
140,0.008474957060179004,-1.8141650491713683,-1.830760129359814,5.702238545354338,5.690847857649662,5.350475278919905,5,0.16666666666666666,1,14,4241,64.12333333333335,5.702238545354338,-0.10699598948227751,0.005404539792171634,6404.0,44.5983817373737,6.949236833396709,-0.19380325459968878,5.314243696373683,-7.6375676933495305,-2.6170704555126036,0.40894724851556397,-0.017811612926774405,35|35|5|35|6|19|32|13|33|5,127,66
141,0.008390207489577214,-1.8571770831541907,-1.8631326723116093,5.701059098855122,5.702047974123278,5.350475278919905,9,0.3,2,11,4271,64.12333333333335,5.701059098855122,-0.10744013911190071,0.005464777035202023,6282.0,44.498453190126796,6.949225338064864,-0.19411765369158146,5.276628828443287,-7.623287838383501,-2.73674159328342,0.40672622598629105,-0.017815278329585876,34|36|5|35|6|19|30|13|33|5,127,65
142,0.008306305414681442,-1.9059026235725585,-1.9059026235725585,5.695505325431691,5.695505325431691,5.350475278919905,5,0.16666666666666666,4,10,4301,64.12333333333335,5.695505325431691,-0.10774792621266549,0.0054859119115065165,6136.0,44.41663421172581,6.949196976464597,-0.19559809500203104,5.2505624526686,-7.618277599647959,-2.8799545942222657,0.4049077086620904,-0.01782432171265328,35|35|5|34|6|18|30|14|32|5,126,64
143,0.008223242360534627,-1.9135407593566622,-1.9153414128617978,5.708507454038966,5.712109225877404,5.350475278919905,3,0.1,2,11,4331,64.12333333333335,5.708507454038966,-0.10783385402724963,0.005498532449013223,6101.0,44.41663421172581,6.946823566350422,-0.19213218329724688,5.243285257819036,-7.6152857720655085,-2.9142864780089752,0.4049077086620904,-0.01858110752996098,35|35|5|34|6|17|30|14|32|5,125,64
144,0.00814100993692928,-1.9270969540908407,-1.9270969540908407,5.70895349180763,5.70895349180763,5.350475278919905,8,0.26666666666666666,1,8,4361,64.12333333333335,5.70895349180763,-0.10828300164046782,0.0055259258825638025,6106.0,44.49505597004652,6.946819734672598,-0.1920132852637108,5.205247112505737,-7.608791878280788,-2.9093819231823024,0.40665071901112665,-0.018582329299185067,36|33|5|36|5|17|29|14|32|5,124,63
145,0.008059599837559987,-1.9170762869810163,-1.9433138777045353,5.714949996458683,5.719610082383087,5.350475278919905,4,0.13333333333333333,1,9,4391,64.12333333333335,5.714949996458683,-0.1084865809277912,0.005515348348064166,6167.0,44.795019205538836,6.946845408908217,-0.19041482732765808,5.188006057925708,-7.611299391091039,-2.849546354296894,0.41331773381657483,-0.018574142809513163,37|32|5|35|5|17|30|14|33|5,125,63
146,0.007979003839184387,-1.9425722511607015,-1.9510368009496613,5.6874531978268665,5.707937429101388,5.350475278919905,11,0.36666666666666664,2,9,4421,64.12333333333335,5.6874531978268665,-0.10910473867894539,0.005721315808966562,6115.0,44.46724650862521,6.946786102846311,-0.19774450995891446,5.135654506513764,-7.562472696484122,-2.900553724494291,0.40603262296104525,-0.01859305314711671,37|34|5|35|5|16|29|13|32|5,124,63
147,0.007899213800792544,-1.9240344244982281,-1.9510368009496613,5.708797360397488,5.707937429101388,5.350475278919905,9,0.3,0,7,4451,64.12333333333335,5.708797360397488,-0.10879901991330276,0.005670216236144875,6125.0,44.76105043453132,6.94830475494307,-0.19205490442456058,5.161545715751621,-7.574586373206539,-2.8907446148409455,0.41256274029592455,-0.018108815567868385,39|32|5|34|5|16|30|13|32|5,124,63
148,0.007820221662784618,-1.9577848174695776,-1.9577848174695776,5.682797228265648,5.682797228265648,5.136289746859642,7,0.23333333333333334,3,5,4481,64.12333333333335,5.682797228265648,-0.10879112737848626,0.005682818531099788,6046.0,43.89220221555053,6.950694012574115,-0.1989856282316807,5.162214131607356,-7.571598870207696,-2.9682365811023756,0.3932516272852749,-0.01734697660954021,36|34|5|34|5|17|29|12|33|5,123,63
149,0.007742019446156771,-1.996002029675353,-1.996002029675353,5.681714284157841,5.681714284157841,5.136289746859642,4,0.13333333333333333,3,1,4511,64.12333333333335,5.681714284157841,-0.10884473094978195,0.005757039648489337,5865.0,43.886060903288836,6.950683526530226,-0.199274303168858,5.157674464971597,-7.5540039947050985,-3.145781465827931,0.39311512982515645,-0.01735032019067983,35|35|5|33|5|17|27|12|33|5,121,62
150,0.007664599251695204,-1.9662338166361102,-1.9974609758086879,5.684582663607589,5.67679322595493,5.136289746859642,12,0.4,1,4,4541,64.11800000000001,5.684582663607589,-0.1086563146209508,0.005759112276339665,5891.0,45.222438921607775,6.9478755168839585,-0.19850969375689737,5.1736313742026745,-7.553512657060607,-3.1202777807292326,0.4228176099280428,-0.018245682463919857,34|35|5|33|5|16|29|15|32|5,120,64
151,0.0075879532591782515,-1.992860202030086,-1.9974609758086879,5.666253230564946,5.67679322595493,5.136289746859642,7,0.23333333333333334,0,4,4571,64.16133333333335,5.666253230564946,-0.10884843076756293,0.005709818525588188,5884.0,44.65228082215653,6.949696423220232,-0.2033956780786497,5.1573611287715515,-7.565198245179365,-3.1271441574865744,0.41014521531191966,-0.01766506806369169,33|35|5|32|5|15|31|14|33|5,120,63
152,0.007512073726586469,-2.022329144988115,-2.022329144988115,5.659395980718104,5.659395980718104,5.136289746859642,5,0.16666666666666666,4,3,4601,64.16133333333335,5.659395980718104,-0.10925850442068472,0.005841403516731387,5837.0,43.342598244245195,6.950994447727483,-0.20522358051098685,5.12263214269315,-7.534004676305651,-3.1732469728572985,0.381036070909468,-0.01725117982257443,32|36|5|30|5|16|31|13|34|5,119,63
153,0.007436952989320605,-2.067374462325219,-2.067374462325219,5.667585265973732,5.667585265973732,5.136289746859642,4,0.13333333333333333,4,4,4631,64.16133333333335,5.667585265973732,-0.11110875859100248,0.006440506433717272,5687.0,43.069883910332955,6.950514539363578,-0.2030406041323795,4.965934801049051,-7.391981198239643,-3.3203836176574826,0.3749746930913939,-0.017404203457740464,31|37|5|30|5|16|29|14|33|5,119,62
154,0.007362583459427399,-2.068620138025334,-2.072391531038403,5.70152409556567,5.70152409556567,5.136289746859642,4,0.13333333333333333,1,6,4661,64.11800000000001,5.70152409556567,-0.11099437298927531,0.006372093944097497,5655.0,43.13849195318335,6.95087562677359,-0.19399370186873358,4.9756220753708975,-7.40819907908028,-3.3517727685481886,0.37649958275564116,-0.017289067085364828,32|37|5|29|5|16|29|15|32|5,119,62
155,0.007288957624833125,-2.1013309010895425,-2.1100639152682508,5.68240347386266,5.683250616284637,5.136289746859642,6,0.2,4,6,4691,64.11800000000001,5.68240347386266,-0.1118707523192211,0.006325219886034339,5723.0,42.993741503286586,6.95078383600389,-0.19909058935268995,4.901401833915769,-7.419311054282622,-3.2850708229054386,0.3732823438464358,-0.01731833550056806,35|38|5|28|5|15|28|15|31|5,119,62
156,0.007216068048584793,-2.0866621761899578,-2.1115491838143385,5.654067524202139,5.681782854717002,5.136289746859642,11,0.36666666666666664,1,4,4721,64.11800000000001,5.654067524202139,-0.11217321483476136,0.006522478012177081,5822.0,41.85692812874518,6.950813362476855,-0.20664396023225673,4.875786395295243,-7.372548996617268,-3.187960637337317,0.3480154087613419,-0.017308920686060537,36|38|5|31|5|15|28|14|29|5,120,63
157,0.007143907368098945,-2.052672315144783,-2.1115491838143385,5.649255728713303,5.681782854717002,5.136289746859642,10,0.3333333333333333,0,4,4751,64.11800000000001,5.649255728713303,-0.1118607471881401,0.006481559753374322,5928.0,41.937986450499395,6.950789730182035,-0.20792661623494016,4.902249164768117,-7.3822490886495515,-3.0839840750118537,0.3498170196499335,-0.01731645608225826,35|38|5|31|5|15|29|14|31|5,121,64
158,0.0070724682944179555,-2.0843127280746705,-2.1115491838143385,5.621172624161435,5.681782854717002,5.136289746859642,7,0.23333333333333334,0,5,4781,64.20466666666667,5.621172624161435,-0.11226932322766618,0.006418748919963471,5975.0,40.95252790147343,6.950898618656063,-0.21541258747187553,4.867647011031467,-7.397139039555005,-3.0378812596411295,0.3279141130296323,-0.01728173589112051,36|38|5|31|5|13|31|13|30|5,121,65
159,0.007001743611473776,-2.060731046767032,-2.1115491838143385,5.629973187329823,5.681782854717002,5.136289746859642,7,0.23333333333333334,0,4,4811,64.16133333333335,5.629973187329823,-0.11211698452557765,0.006430883046398016,5986.0,41.911249424405455,6.9508667400056,-0.21306666582971132,4.880548519391632,-7.394262520695446,-3.0270912390224494,0.3492227596616073,-0.0172919007212107,34|38|5|32|5|13|31|14|31|5,122,65
160,0.006931726175359038,-2.0966057556667987,-2.1115665269262056,5.629548266464354,5.641343169111406,5.136289746859642,10,0.3333333333333333,1,5,4841,64.16133333333335,5.629548266464354,-0.11252327032061753,0.006580269387669617,5807.0,42.59816035633082,6.950853971957522,-0.21317993483709613,4.846140325613815,-7.358848959583627,-3.2026743018173356,0.3644901151615382,-0.017295971942464336,32|37|5|34|5|13|27|14|33|5,119,65
161,0.006862408913605448,-2.162299418910656,-2.1639564674473886,5.624935731947671,5.62965211193189,5.136289746859642,6,0.2,4,6,4871,64.16133333333335,5.624935731947671,-0.1124883836847447,0.006576905866623373,5563.0,42.08199081619157,6.9510363442549075,-0.21440947484957903,4.849094861908274,-7.359646316672021,-3.442016577358968,0.3530176760121813,-0.017237820691103745,31|35|5|34|5|13|28|13|32|5,118,62
162,0.0067937848244693936,-2.202463547130483,-2.2228483362345153,5.625108302802264,5.625126517734653,5.136289746859642,10,0.3333333333333333,5,4,4901,64.16133333333335,5.625108302802264,-0.11242957091067254,0.006552536647213861,5441.0,41.191626459345436,6.951038801520718,-0.2143634735091136,4.854075694001326,-7.365423289542901,-3.5616877151297843,0.3332283430307779,-0.017237037167049662,31|33|5|36|5|13|29|13|29|5,117,62
163,0.0067258469762247,-2.2207459939324035,-2.2228483362345153,5.623528040118491,5.625126517734653,5.136289746859642,9,0.3,0,5,4931,64.11800000000001,5.623528040118491,-0.1129577220078152,0.006735308954470743,5381.0,40.97102994674954,6.951066391424065,-0.21478471614543534,4.809346772842102,-7.322095243501384,-3.6205423730498576,0.32832534145762426,-0.017228239847349593,31|32|5|39|5|14|26|12|28|5,116,61
164,0.006658588506462453,-2.216539131402647,-2.2228483362345153,5.574210414898661,5.625126517734653,5.136289746859642,6,0.2,0,2,4961,64.16133333333335,5.574210414898661,-0.11276075466822355,0.006805101373456602,5429.0,39.983899424649444,6.95068544612624,-0.22793106622890735,4.826027864013171,-7.305550236281456,-3.573458646713799,0.306385273385783,-0.0173497081080779,31|33|5|39|5|15|27|10|27|5,116,60
165,0.006592002621397828,-2.2204382840463577,-2.2228483362345153,5.581192011031279,5.625126517734653,5.136289746859642,2,0.06666666666666667,0,2,4991,64.16133333333335,5.581192011031279,-0.11291541491315915,0.006857252830026609,5401.0,40.11617027902071,6.950709177489876,-0.2260700174356678,4.812929745047564,-7.293187199750863,-3.6009241537431667,0.3093251394762896,-0.017342141122786224,30|33|5|39|5|16|26|10|28|5,116,60
166,0.006526082595183849,-2.266143967837636,-2.2778696204147817,5.589994264180949,5.582562962033325,5.136289746859642,8,0.26666666666666666,4,2,5021,64.16133333333335,5.589994264180949,-0.11246001191101666,0.006645125547091441,5310.0,38.32556804909318,6.950848688312431,-0.2237236453037351,4.851497656936239,-7.3434741432141255,-3.6901870515886115,0.26952702369052606,-0.01729765668613541,31|32|5|38|5|15|28|11|26|5,116,60
167,0.006460821769232011,-2.308079682121697,-2.308079682121697,5.590117500263798,5.590117500263798,5.136289746859642,6,0.2,4,2,5051,64.16133333333335,5.590117500263798,-0.112592063815946,0.0066312478807246805,5206.0,37.49516172708459,6.950849346782088,-0.2236907948840155,4.840314229927444,-7.346763986059096,-3.7922017919834055,0.2510703243744165,-0.017297446726425997,30|32|5|38|5|15|29|11|24|5,116,60
168,0.006396213551539691,-2.3213320577496903,-2.324408143614856,5.5900696220297625,5.590145824609098,5.136289746859642,3,0.1,2,2,5081,64.16133333333335,5.5900696220297625,-0.11269961531490591,0.0066172825611404956,5177.0,37.50250002008228,6.950849346782088,-0.22370355754286617,4.831205733242386,-7.350074607996355,-3.8206482099781076,0.2512334260558009,-0.017297446726425997,32|30|5|38|5|14|29|11|24|5,116,59
169,0.006332251416024294,-2.409760054653472,-2.417913880166319,5.604898014417862,5.5899258954098,5.136289746859642,12,0.4,10,1,5111,64.16133333333335,5.604898014417862,-0.11289361118163584,0.006537113339468446,4907.0,36.74827604419454,6.950408283166494,-0.21975082793270917,4.81477629500942,-7.369079542495743,-4.085494170618438,0.23446996367477058,-0.017438084320754294,30|30|5|37|5|13|29|13|22|5,115,57
170,0.0062689289018640505,-2.4197149439781604,-2.431324586109842,5.607092104866983,5.607303128467487,5.136289746859642,6,0.2,2,5,5141,64.16133333333335,5.607092104866983,-0.11210447779510849,0.0062668543413046136,4864.0,36.62389120988985,6.950442496365833,-0.21916596033151428,4.88160770977132,-7.433147204010346,-4.127673342127824,0.23170537310579117,-0.017427175096145595,30|30|5|37|5|13|29|13|21|5,114,57
171,0.0062062396128454095,-2.4469206602414424,-2.4469206602414424,5.606929997225182,5.606929997225182,5.136289746859642,6,0.2,2,5,5171,64.16133333333335,5.606929997225182,-0.11225178331342814,0.0062785435209553615,4785.0,36.359601641241404,6.950440342879106,-0.21920917254623126,4.86913245988377,-7.43037616433975,-4.205165308389255,0.22583124501735136,-0.017427861757166718,31|31|5|35|5|13|28|13|21|5,114,56
172,0.006144177216716955,-2.43820009755034,-2.4469206602414424,5.632681627021892,5.606929997225182,5.136289746859642,4,0.13333333333333333,0,10,5201,64.16133333333335,5.632681627021892,-0.11230548087018558,0.006188811448545603,4800.0,37.36395138814172,6.949976432625857,-0.21234469075055465,4.8645848336540025,-7.451648070478716,-4.1904516439092365,0.2481540294127214,-0.01757578423296026,31|31|5|35|5|13|27|14|22|5,114,57
173,0.006082735444549786,-2.489509653860127,-2.489509653860127,5.622951230438834,5.622951230438834,5.136289746859642,5,0.16666666666666666,4,9,5231,64.25200000000001,5.622951230438834,-0.1124860732673307,0.006206497756274451,4645.0,36.900578719182064,6.9499438347087805,-0.21493847338631036,4.849290530304902,-7.447455350218841,-4.342492843536093,0.2378550591428357,-0.017586178408484386,31|30|5|34|5|12|27|14|22|5,113,56
174,0.006021908090104288,-2.503680881517138,-2.503680881517138,5.662582518958373,5.662582518958373,5.136289746859642,5,0.16666666666666666,2,9,5261,64.25200000000001,5.662582518958373,-0.11239228363735247,0.006179084430716278,4506.0,37.6735303863859,6.950188852807957,-0.20437416111834142,4.8572335393936745,-7.453953959607551,-4.478839467717597,0.2550347651847645,-0.01750805190968281,29|28|5|35|5|12|27|16|21|6,113,55
175,0.005961689009203245,-2.5534534181409567,-2.5534534181409567,5.618061699721397,5.618061699721397,5.136289746859642,8,0.26666666666666666,5,13,5291,64.38933333333335,5.618061699721397,-0.11261177081956637,0.0060740045637116685,4515.0,36.02626379850271,6.949834702879877,-0.21624185087597636,4.838645251076526,-7.47886421753417,-4.470011269029586,0.21842244263826124,-0.017620976195785346,29|28|5|34|5|11|29|16|21|5,112,55
176,0.005902072119111213,-2.5377522356944064,-2.5534534181409567,5.632242462376273,5.618061699721397,5.136289746859642,3,0.1,0,8,5321,64.38933333333335,5.632242462376273,-0.11215834909722097,0.005997316559847971,4510.0,36.29887413533781,6.949881574973819,-0.2124617566504202,4.877045369111667,-7.497043893723125,-4.474915823856259,0.22448150900622754,-0.0176060305546123,29|26|5|34|6|11|30|17|21|5,112,56
177,0.005843051397920101,-2.5022725601296942,-2.5534534181409567,5.608655291533819,5.618061699721397,5.136289746859642,6,0.2,0,6,5351,64.38933333333335,5.608655291533819,-0.111965816860882,0.006041033262171844,4627.0,36.27668381155708,6.949804156555496,-0.21874926956271837,4.893350853027927,-7.486680402013137,-4.360149240912115,0.22398830450754612,-0.01763071620023059,30|26|5|33|6|12|30|16|24|5,113,56
178,0.0057846208839408995,-2.5282371476645538,-2.5534534181409567,5.608452274841795,5.618061699721397,5.136289746859642,5,0.16666666666666666,0,8,5381,64.38933333333335,5.608452274841795,-0.11211676477918035,0.006061947738369806,4535.0,36.32751463842429,6.949794512808948,-0.21880338669618205,4.880567129632779,-7.48172241137856,-4.450393049722894,0.22511807587682967,-0.017633791206345062,29|26|5|33|5|13|30|16|23|5,113,54
179,0.005726774675101491,-2.5474570278649966,-2.5534534181409567,5.6169617524095194,5.618061699721397,5.136289746859642,2,0.06666666666666667,0,4,5411,64.34000000000002,5.6169617524095194,-0.11217706336359205,0.0060864729405468495,4446.0,36.32558063609288,6.949825312169361,-0.2165350582713216,4.875460464811376,-7.475908461196211,-4.53769412563767,0.2250750905351223,-0.017623970518802008,28|26|5|33|5|14|29|16|23|5,112,54
180,0.005669506928350476,-2.5220707066517045,-2.5534534181409567,5.6002946580273925,5.618061699721397,5.136289746859642,7,0.23333333333333334,0,4,5441,64.38933333333335,5.6002946580273925,-0.11176235913491564,0.006066344430832715,4514.0,36.14449137302536,6.949771453078256,-0.22097792137847727,4.910581612621572,-7.480680130431723,-4.47099217999492,0.22105018129583726,-0.017641144034680315,30|24|5|35|5|13|28|16|23|5,112,54
181,0.005612811859066971,-2.5242168664609164,-2.5534534181409567,5.581184537003958,5.618061699721397,5.136289746859642,5,0.16666666666666666,0,6,5471,64.38933333333335,5.581184537003958,-0.11182229828544799,0.006081780226043961,4542.0,35.85809510749503,6.949600810098021,-0.22607200974935387,4.905505388122529,-7.477020917197301,-4.443526672965553,0.21468470740907258,-0.01769555527464838,32|25|5|33|5|12|28|15|24|5,112,54
182,0.005556683740476301,-2.5133704140712396,-2.5534534181409567,5.5829346079527316,5.618061699721397,5.136289746859642,8,0.26666666666666666,0,7,5501,64.38933333333335,5.5829346079527316,-0.11198122601207686,0.006160461406265162,4580.0,35.57430587374071,6.959754047397514,-0.22560550218211117,4.892045857710008,-7.458368738153386,-4.406252056282839,0.2083771776881001,-0.01445809288156064,31|28|5|35|5|13|27|14|21|5,112,54
183,0.005501116903071538,-2.518678920320166,-2.5534534181409567,5.553529140928903,5.618061699721397,5.136289746859642,3,0.1,0,4,5531,64.38933333333335,5.553529140928903,-0.11199029587523919,0.006286571702275064,4576.0,34.711944905446245,6.950537016703366,-0.23344396889943805,4.891277734351924,-7.4284730017924785,-4.410175700144178,0.1892102510018224,-0.017397036330634538,31|30|5|33|5|13|27|13|22|5,112,54
184,0.005446105734040823,-2.50507415131879,-2.5534534181409567,5.5538816245536875,5.618061699721397,5.136289746859642,5,0.16666666666666666,0,3,5561,64.38933333333335,5.5538816245536875,-0.11186356857766558,0.00624270519460784,4624.0,34.85352067693235,6.9505357425672,-0.23335000912117523,4.902010222332273,-7.43887200639231,-4.363091973808119,0.19235692917070346,-0.017397442601836576,29|30|5|33|6|13|29|13|23|5,112,54
185,0.005391644676700415,-2.5861337254540597,-2.5993809054148596,5.503411501227275,5.498209928519574,5.136289746859642,8,0.26666666666666666,3,6,5591,64.21933333333332,5.503411501227275,-0.1125545714845414,0.006290942514587538,4494.0,33.758146661573186,6.950469022515119,-0.24680357479972392,4.843489441613162,-7.427436856000175,-4.4906103993016115,0.16801102969433288,-0.017418716965185616,29|29|5|33|5|12|28|12|24|5,112,52
186,0.005337728229933411,-2.6120128794991704,-2.6120128794991704,5.5216473633319945,5.5216473633319945,5.136289746859642,4,0.13333333333333333,2,7,5621,64.21933333333332,5.5216473633319945,-0.11183716666001937,0.005946580348793364,4393.0,34.1003018638655,6.954635931231218,-0.24194253320994816,4.904246190976925,-7.509071431819783,-4.589682406800402,0.17561580764553766,-0.016090055980922485,28|28|5|31|5|12|30|13|24|5,111,52
187,0.005284350947634076,-2.6554493825887744,-2.656611747178479,5.512484644624166,5.510885915334499,5.136289746859642,5,0.16666666666666666,1,13,5651,64.21933333333332,5.512484644624166,-0.11317843285168125,0.005817971515253567,4430.0,34.565960109080535,7.059994573605062,-0.24438499282377918,4.790654853072022,-7.539559472073749,-4.553388701083024,0.18596557737659253,0.017504612636656133,27|26|5|31|5|12|32|14|25|5,112,52
188,0.005231507438157736,-2.674549326025252,-2.674549326025252,5.504160040556632,5.504160040556632,5.136289746859642,4,0.13333333333333333,3,7,5681,64.21933333333332,5.504160040556632,-0.11306618971084179,0.005894540257134947,4363.0,33.24863479331341,7.06225419902649,-0.24660404045411988,4.800160683173357,-7.521408068158303,-4.619109735760439,0.15668656466892963,0.018225117053971743,27|28|5|30|5|13|31|13|24|5,112,51
189,0.0051791923637761585,-2.699121195741617,-2.699121195741617,5.511988014857013,5.511988014857013,5.136289746859642,5,0.16666666666666666,3,8,5711,64.21933333333332,5.511988014857013,-0.11304084198084688,0.005898324940270557,4217.0,33.96571845112502,7.060082615018806,-0.24451737691063993,4.802307373055554,-7.520510870286189,-4.762322736699285,0.17262454238652716,0.017532685531795274,26|26|5|30|5|13|30|14|25|5,110,51
190,0.005127400440138397,-2.7016463183228434,-2.718698564608714,5.522451043338839,5.517348771920267,5.136289746859642,8,0.26666666666666666,2,13,5741,64.21933333333332,5.522451043338839,-0.11302377599518995,0.005911619550196022,4161.0,34.42621548285318,7.066371006492319,-0.2417283002926498,4.803752685071534,-7.5173592469379935,-4.817253750758019,0.18285959843717192,0.019537802747910005,26|28|5|29|5|13|28|16|24|5,111,50
191,0.005076126435737013,-2.682860946961552,-2.718698564608714,5.533580301551193,5.517348771920267,5.136289746859642,3,0.1,0,16,5771,64.21933333333332,5.533580301551193,-0.1129136578412516,0.005948612433635488,4186.0,34.483297072691784,7.066408347536904,-0.23876163018278973,4.813078550817824,-7.508589705310328,-4.7927309766246555,0.18412829992969945,0.01954970931760769,26|29|5|29|5|14|26|16|25|5,111,51
192,0.005025365171379643,-2.707430659464547,-2.718698564608714,5.50030177052436,5.517348771920267,5.136289746859642,6,0.2,0,6,5801,64.21933333333332,5.50030177052436,-0.1133207234380214,0.005934310488967941,4240.0,33.58330366250921,7.066363704629766,-0.24763251999535343,4.778604315919793,-7.51198012766883,-4.73976178449659,0.16412495058375348,0.019535474475190974,28|28|5|29|6|12|26|14|27|5,111,51
193,0.004975111519665846,-2.7425384333486744,-2.7425384333486744,5.544351045581745,5.544351045581745,5.136289746859642,9,0.3,4,8,5831,64.21933333333332,5.544351045581745,-0.11344227960286504,0.005922120165367017,4061.0,34.004572201950666,7.059819225485978,-0.2358905273862954,4.768309769258574,-7.514869968641836,-4.915344847291475,0.17348810998865888,0.017448701115583002,28|26|5|29|6|12|24|15|27|5,111,50
194,0.0049253604044691875,-2.793429506964063,-2.793429506964063,5.527762587279884,5.527762587279884,5.136289746859642,8,0.26666666666666666,7,1,5861,64.21933333333332,5.527762587279884,-0.1137395425066043,0.005881209839638577,3974.0,33.2194357553278,7.066264389770497,-0.24031242887099333,4.743134683839176,-7.52456818005766,-5.000684101275582,0.15603758374219914,0.019503806927937437,26|28|5|28|6|13|25|15|25|5,111,49
195,0.004876106800424496,-2.8666876077479606,-2.866722411748985,5.401709475766046,5.415174401859074,5.136289746859642,5,0.16666666666666666,3,3,5891,63.60933333333333,5.401709475766046,-0.1144432594872848,0.0057874159271163374,3995.0,32.871483156337106,7.0661166267505395,-0.27391376968343656,4.683537152909947,-7.546802986966706,-4.980084971003556,0.14830395223479872,0.01945669119468992,25|28|5|29|5|13|27|14|24|5,111,49
196,0.0048273457324202506,-2.8912788104706832,-2.8912788104706832,5.445654435420318,5.445654435420318,5.136289746859642,6,0.2,3,3,5921,63.572,5.445654435420318,-0.11453134686278088,0.005785359099580225,3863.0,32.8720874492276,7.066316071304489,-0.262199583904134,4.676077065645142,-7.547290578985004,-5.1095652184277185,0.14831738331291447,0.019520286107708437,22|28|5|29|5|15|27|14|23|5,109,49
197,0.004779072275096048,-2.924132208454888,-2.9263414333791777,5.450008838602452,5.450443342583617,5.136289746859642,8,0.26666666666666666,4,3,5951,63.572,5.450008838602452,-0.11450128081034869,0.005739663451209456,3749.0,32.699708779886386,7.066320184317962,-0.26103885265680093,4.678623348510186,-7.558123200109181,-5.221389068475858,0.14448607665710006,0.019521597583649367,22|30|5|27|5|16|25|14|22|5,109,46
198,0.004731281552345088,-2.9360850114889905,-2.9366793029658553,5.449618202374305,5.449781885908165,5.136289746859642,3,0.1,1,2,5981,63.572,5.449618202374305,-0.11457626036551442,0.005787226425855899,3690.0,32.7138691343965,7.066318611810003,-0.2611429825817033,4.672273357703188,-7.546847910179968,-5.279262815430597,0.14480080620392055,0.01952109617358395,23|30|5|26|5|16|23|14|23|5,109,45
199,0.004683968736821637,-2.951739139394087,-2.955613972923077,5.439619792718509,5.438871921856915,5.136289746859642,6,0.2,2,1,6011,63.572,5.439619792718509,-0.11457574910890245,0.0057878858310452756,3653.0,32.354759385613605,7.066165073397385,-0.26380820810761146,4.672316655836644,-7.546691591431061,-5.315556521147975,0.13681919469747425,0.019472138897979666,24|31|5|22|5|16|24|14|23|5,109,44
200,0.004637129049453421,-2.9531135806474977,-2.967669373252977,5.433786426247709,5.436175179887502,5.136289746859642,5,0.16666666666666666,1,2,6041,63.572,5.433786426247709,-0.11451050697986638,0.005745459389033171,3653.0,32.66197799966117,7.060096821183611,-0.2653631791235211,4.677841987624653,-7.556749213728812,-5.315556521147975,0.14364746831908232,0.017537215311110774,24|30|5|23|5|14|24|15|24|5,108,45
201,0.004590757758958886,-2.967082629742327,-2.9706970492812723,5.392410657645434,5.392568379399984,5.136289746859642,6,0.2,1,4,6071,63.70000000000001,5.392410657645434,-0.11436731430029112,0.005755621518455452,3616.0,32.56278574179905,7.059896418208553,-0.27639250862983156,4.689968922719459,-7.554340176943661,-5.351850226865355,0.1414428106360592,0.017473314795829475,24|29|5|25|5|13|24|15|23|5,109,44
202,0.004544850181369298,-2.993449871268135,-2.993449871268135,5.3822573591195715,5.3822573591195715,5.136289746859642,4,0.13333333333333333,3,6,6101,63.70000000000001,5.3822573591195715,-0.11421278764261489,0.005711994600925222,3530.0,32.20966850541618,7.059775796284518,-0.2790990220989618,4.703055728229459,-7.564682384249402,-5.436208569884126,0.133594389348165,0.017434853275495755,24|27|5|26|5|13|25|14|22|5,108,43
203,0.004499401679555605,-2.989976957491745,-2.9980295553907608,5.369092137416039,5.374052779912901,4.763787106791543,5,0.16666666666666666,2,5,6131,63.798666666666676,5.369092137416039,-0.1144529018650972,0.0057246826664707606,3603.0,32.003969284175476,7.059965823998403,-0.2826084087060764,4.682720543497808,-7.561674548454223,-5.364602069414704,0.12902249655860315,0.017495445533826887,25|27|5|27|5|12|24|14|23|5,108,44
204,0.004454407662760049,-3.0127223403741286,-3.028825558354732,5.355081291891139,5.368828020991104,4.763787106791543,8,0.26666666666666666,4,3,6161,63.798666666666676,5.355081291891139,-0.114687743460784,0.005595875772927734,3669.0,31.019918051829183,7.065937222187722,-0.28634320898112525,4.662831895580176,-7.592209540859025,-5.299861945702623,0.10715086910864402,0.01939948623550927,25|29|5|27|5|11|25|13|22|5,107,44
205,0.004409863586132448,-3.0543425188229216,-3.0543425188229216,5.357149905052351,5.357149905052351,4.763787106791543,6,0.2,4,15,6191,63.798666666666676,5.357149905052351,-0.11458852845620653,0.005432104555743472,3587.0,30.40282668862777,7.0659712578563925,-0.285791789226355,4.671234377637994,-7.6310331840297705,-5.380296644860056,0.09343533077600244,0.019410338852668976,24|27|5|26|5|11|29|13|20|5,106,43
206,0.004365764950271123,-3.038713089718266,-3.0543425188229216,5.35718138279021,5.357149905052351,4.763787106791543,4,0.13333333333333333,0,9,6221,63.798666666666676,5.35718138279021,-0.11453852875282204,0.00543614140231551,3640.0,30.40536891143519,7.0659712578563925,-0.28578339836487526,4.675468834032705,-7.630076208234252,-5.328308363697325,0.09349183449075936,0.019410338852668976,25|25|5|28|5|11|29|13|20|5,106,44
207,0.004322107300768412,-3.045072038500112,-3.0543425188229216,5.354817032532421,5.357149905052351,4.763787106791543,5,0.16666666666666666,0,7,6251,63.798666666666676,5.354817032532421,-0.1147096821830208,0.005510195734691,3623.0,30.119113302861567,7.066542926685743,-0.28641365126270424,4.6609739133047015,-7.612520870826221,-5.3449838501080125,0.08712948686048845,0.019592621240220032,25|27|5|28|5|11|28|12|19|5,105,44
208,0.004278886227760728,-3.054312330327025,-3.067830132208527,5.354200182680989,5.354211028400926,4.763787106791543,4,0.13333333333333333,3,7,6281,63.798666666666676,5.354200182680989,-0.11476960470026176,0.005547889938663495,3579.0,30.099615970725154,7.066545082651184,-0.2865780818097899,4.655899097472956,-7.603585073988447,-5.388143932582733,0.0866961370807834,0.019593308691604222,25|27|5|28|5|11|27|12|19|6,106,43
209,0.004236097365483121,-3.059360375761181,-3.067830132208527,5.354139833340072,5.354211028400926,4.763787106791543,5,0.16666666666666666,0,3,6311,63.798666666666676,5.354139833340072,-0.11494657034286707,0.005565157426570055,3597.0,29.739749209528465,7.066545212926419,-0.2865941688285681,4.640911942625021,-7.59949163925391,-5.370487535206711,0.07869770013583825,0.019593350231180393,27|26|5|29|5|11|26|12|18|6,105,43
210,0.004193736391828289,-3.102367519365174,-3.109000232641608,5.343488791980142,5.343488791980142,4.763787106791543,5,0.16666666666666666,4,7,6341,63.798666666666676,5.343488791980142,-0.11507628917880035,0.005517122405177701,3479.0,29.73801074574977,7.066386902904784,-0.28943336308918055,4.629926102366965,-7.610878832695463,-5.486235029116189,0.07865906085482009,0.01954287147978575,25|25|5|29|6|11|26|12|19|5,104,42
211,0.004151799027910006,-3.108146172155191,-3.109000232641608,5.345271744627159,5.343488791980142,4.763787106791543,5,0.16666666666666666,0,7,6371,63.798666666666676,5.345271744627159,-0.11518272743162108,0.005481144556681303,3489.0,29.74392713563929,7.0663844862277205,-0.2889580904138344,4.620911886085865,-7.619407749901371,-5.4764259194628435,0.07879055916634983,0.019542100897863995,25|25|5|27|5|11|28|13|19|5,104,42
212,0.004110281037630906,-3.1394872429262564,-3.1394872429262564,5.3290856036463286,5.3290856036463286,4.763787106791543,6,0.2,4,7,6401,63.798666666666676,5.3290856036463286,-0.11508696442074348,0.005476184038487454,3372.0,29.58015585201781,7.0664982386604684,-0.29327274820374105,4.629022020073444,-7.6205836915082745,-5.591192502406987,0.07515056118186474,0.019578372011429125,23|25|5|26|5|11|29|12|19|5,103,41
213,0.004069178227254597,-3.1265137976268935,-3.15263233670788,5.328055194395627,5.329107832007979,4.763787106791543,5,0.16666666666666666,1,15,6431,63.798666666666676,5.328055194395627,-0.11503651064803058,0.005564010410536784,3375.0,29.57499506944851,7.066644128662545,-0.2935474191895923,4.633294931431709,-7.5997635511438775,-5.588249769510983,0.0750358570790744,0.019624890513983296,23|26|5|27|5|11|27|12|19|6,103,41
214,0.004028486444982051,-3.1269512501072967,-3.15263233670788,5.328117447188498,5.329107832007979,4.763787106791543,2,0.06666666666666667,0,7,6461,63.798666666666676,5.328117447188498,-0.11518695517218205,0.005546860353116083,3407.0,29.586422709711076,7.066487403469025,-0.29353082477724773,4.6205538403007544,-7.6038291477798845,-5.556860618620277,0.07528984902811052,0.019574917101060546,25|26|5|26|5|11|27|12|19|5,103,41
215,0.00398820158053223,-3.1422015048796745,-3.15263233670788,5.33434823534456,5.329107832007979,4.763787106791543,6,0.2,0,5,6491,63.798666666666676,5.33434823534456,-0.11520123660549779,0.0055186340072662845,3365.0,29.34720346812731,7.0664703023123705,-0.2918699150714289,4.619344350993099,-7.610520491949682,-5.598058879164329,0.06997293669793961,0.019569464224316553,23|25|5|28|5|10|28|12|18|5,102,41
216,0.003948319564726908,-3.1390993047478473,-3.15263233670788,5.326317365851383,5.329107832007979,4.763787106791543,4,0.13333333333333333,0,6,6521,63.798666666666676,5.326317365851383,-0.11521869502114863,0.005540086166029215,3383.0,29.25963184968207,7.066461418311246,-0.2940106633609375,4.617865804226017,-7.6054350381601,-5.5804024817883064,0.06802656058370261,0.019566631470713833,25|25|5|27|5|10|28|11|18|5,102,41
217,0.003908836369079639,-3.149126008742983,-3.1526435894258897,5.322622830959984,5.325877706122995,4.763787106791543,3,0.1,1,12,6551,63.70000000000001,5.322622830959984,-0.11520560815780774,0.00555248085440369,3337.0,29.278379464349527,7.066505059283469,-0.29499549685325266,4.618974125844135,-7.602496750425926,-5.625524386193696,0.06844324706312946,0.019580546836050136,24|25|5|27|5|11|27|11|19|5,103,40
218,0.0038697480053888427,-3.1670296764385406,-3.1670296764385406,5.322577619954635,5.322577619954635,4.763787106791543,4,0.13333333333333333,4,7,6581,63.70000000000001,5.322577619954635,-0.11530984252782261,0.005547710881419862,3288.0,29.19772781131657,7.066505059283469,-0.29500754852243377,4.6101465555830865,-7.603627521340634,-5.67358902349509,0.06665067483682954,0.019580546836050136,24|24|5|27|5|11|27|11|19|5,102,40
219,0.0038310505253349543,-3.1710132380562923,-3.1710132380562923,5.32276240183702,5.32276240183702,4.763787106791543,4,0.13333333333333333,3,8,6611,63.70000000000001,5.32276240183702,-0.11523052237432208,0.005548830627832313,3260.0,29.138500143869177,7.066506552583289,-0.29495829215000946,4.616864150058338,-7.603362073993377,-5.701054530524457,0.06533427439490251,0.01958102298979949,22|25|5|26|6|12|28|10|19|5,102,40
220,0.0037927400200816045,-3.1710132380562923,-3.1710132380562923,5.32276240183702,5.32276240183702,4.763787106791543,0,0.0,0,15,6641,63.70000000000001,5.32276240183702,-0.11523052237432208,0.005548830627832313,3260.0,29.138500143869177,7.066506552583289,-0.29495829215000946,4.616864150058338,-7.603362073993377,-5.701054530524457,0.06533427439490251,0.01958102298979949,22|25|5|26|6|12|28|10|19|5,102,40
221,0.0037548126198807884,-3.2314114638202547,-3.2314114638202547,5.32038882643234,5.32038882643234,4.763787106791543,8,0.26666666666666666,6,11,6671,63.70000000000001,5.32038882643234,-0.1157159219953094,0.005609203177002898,3077.0,29.0041854400083,7.066519105052516,-0.2955910041486175,4.575755835609461,-7.589050143322007,-5.8805612371806815,0.06234898148805627,0.01958502547155611,24|23|5|26|5|11|26|10|18|5,99,40
222,0.0037172644936819804,-3.3445723380730317,-3.3445723380730317,5.271278077414908,5.271278077414908,4.763787106791543,10,0.3333333333333333,7,11,6701,64.00800000000001,5.271278077414908,-0.11792208210546876,0.005515814398146313,3092.0,29.096476810361093,7.06473211343042,-0.3086822082884529,4.388916951498824,-7.6111889091492175,-5.865847572700663,0.06440025931064443,0.019015225120924455,26|25|5|24|5|8|26|12|16|5,99,39
223,0.0036800918487451604,-3.3721068379033854,-3.3721068379033854,5.268367889667064,5.268367889667064,4.763787106791543,4,0.13333333333333333,3,12,6731,64.00800000000001,5.268367889667064,-0.11801078064370354,0.00552889789244716,2992.0,29.093744913842418,7.064729122428275,-0.30945796232712064,4.381405105087625,-7.608087332920526,-5.963938669234119,0.06433953988778894,0.0190142714096425,26|24|5|24|5|8|25|12|16|5,99,38
224,0.003643290930257709,-3.391463594457787,-3.4035785046593903,5.267864603214888,5.267851264411029,4.763787106791543,4,0.13333333333333333,3,17,6761,64.00800000000001,5.267864603214888,-0.11819334992087786,0.005516526069776455,2965.0,28.78741780121949,7.064729601521518,-0.30959212085286236,4.365943380499706,-7.611020200105599,-5.990423265298152,0.05753108087175203,0.019014424173367933,26|23|5|24|5|8|26|12|15|5,97,39
225,0.003606858020955132,-3.4216089463092296,-3.4216089463092296,5.271315812775427,5.271315812775427,4.763787106791543,6,0.2,3,10,6791,64.00800000000001,5.271315812775427,-0.11813222749471075,0.005513578368624122,2836.0,28.637378668328918,7.064714683932442,-0.30867214936412923,4.3711198161748,-7.61171898283238,-6.116960779826311,0.05419629513130523,0.0190096675492288,23|24|5|24|5|8|26|12|14|5,95,39
226,0.0035707894407455807,-3.4333949575855707,-3.4333949575855707,5.2682154101371745,5.2682154101371745,4.763787106791543,5,0.16666666666666666,3,10,6821,64.00800000000001,5.2682154101371745,-0.11842852390250289,0.005617204084827232,2793.0,28.623825534287143,7.064712835352962,-0.30949860802470963,4.3460265829398494,-7.587153446235947,-6.159139951335697,0.053895061731257264,0.019009078110966925,22|23|5|26|5|8|25|12|14|5,95,38
227,0.0035350815463381247,-3.4453237731565687,-3.4453237731565687,5.267023860356769,5.267023860356769,4.763787106791543,1,0.03333333333333333,1,12,6851,64.00800000000001,5.267023860356769,-0.11844191711332501,0.005617256542370705,2748.0,28.622528085375173,7.064709022069249,-0.30981623342709413,4.344892316866802,-7.5871410106383825,-6.203280944775752,0.053866224493616395,0.019007862206891192,22|22|5|26|5|8|25|12|14|5,94,38
228,0.0034997307308747435,-3.456460447667617,-3.456460447667617,5.265942172446993,5.265942172446993,4.763787106791543,2,0.06666666666666667,1,10,6881,64.00800000000001,5.265942172446993,-0.11848464566076589,0.005610329976636191,2715.0,28.611238211055582,7.064708928599595,-0.31010457350591164,4.341273651980805,-7.588783023936561,-6.235651006631792,0.05361529454509512,0.019007832403146675,20|22|5|26|5|8|26|12|14|5,93,38
229,0.003464733423565996,-3.4530892178211414,-3.4669914769234857,5.2461294048787535,5.237208955105933,4.763787106791543,5,0.16666666666666666,3,12,6911,64.05733333333335,5.2461294048787535,-0.11882508057537902,0.005731858824620874,2752.0,28.601164489541365,7.062839566222938,-0.3153859628147748,4.312442344921217,-7.559973366719443,-6.199357300914413,0.05339139493829491,0.018411767304404046,22|22|5|27|5|8|24|12|14|5,94,38
230,0.003430086089330336,-3.455355703511278,-3.4669914769234857,5.246173647811378,5.237208955105933,4.763787106791543,1,0.03333333333333333,0,8,6941,64.05733333333335,5.246173647811378,-0.1188313530325543,0.005731428548108136,2744.0,28.601164489541365,7.062840503253008,-0.315374169199847,4.311911132841975,-7.560075368170505,-6.20720458863709,0.05339139493829491,0.018412066085917948,23|22|5|26|5|8|24|12|14|5,94,38
231,0.0033957852284370324,-3.487815321993189,-3.487815321993189,5.2386863940666695,5.2386863940666695,4.763787106791543,7,0.23333333333333334,3,7,6971,64.05733333333335,5.2386863940666695,-0.11893385181894749,0.00571933994406461,2647.0,28.520006387201526,7.062830354251535,-0.3173700085869419,4.3032305485162,-7.562941095481369,-6.302352952274542,0.05158756631578479,0.018408829974160972,21|23|5|25|5|8|25|12|12|5,95,36
232,0.003361827376152662,-3.5089088206440002,-3.5089088206440002,5.245432007828939,5.245432007828939,4.763787106791543,6,0.2,5,7,7001,64.01666666666667,5.245432007828939,-0.11929364386467105,0.005714396370958597,2618.0,28.522286837153022,7.0629301402622975,-0.3155718644214149,4.272759893179214,-7.564113020081773,-6.330799370269244,0.05163825183917818,0.018440647752833085,21|23|5|24|5|9|24|12|14|5,96,36
233,0.0033282091023911354,-3.5193626198141987,-3.5242177347249073,5.241992041010351,5.24217080402816,4.763787106791543,4,0.13333333333333333,2,9,7031,64.01666666666667,5.241992041010351,-0.11952669439606536,0.005748414810180973,2603.0,28.52043076532737,7.062920670424517,-0.31648883898925156,4.253022929834355,-7.5560486008980945,-6.3455130347492625,0.05159699858918808,0.018437628199287844,20|25|5|25|5|9|22|12|13|5,95,36
234,0.003294927011367224,-3.514276440902167,-3.526200577799864,5.242213138664188,5.241992041010351,4.763787106791543,3,0.1,1,11,7061,64.01666666666667,5.242213138664188,-0.11920633158294439,0.005713692552028383,2585.0,28.519618738793653,7.062922518857828,-0.31642990210518596,4.28015433803924,-7.5642798675625045,-6.363169432125285,0.05157895040100324,0.018438217590942444,20|25|5|24|6|9|23|12|12|5,96,35
235,0.0032619777412535517,-3.5781265273328864,-3.5781265273328864,5.242208185231813,5.242208185231813,4.763787106791543,5,0.16666666666666666,5,9,7091,64.01666666666667,5.242208185231813,-0.12171246153716417,0.0063376370441491315,2474.0,28.118047584692572,7.062919951487459,-0.3164312225166176,4.067911118734163,-7.416367439866537,-6.472050549277421,0.042653587179611346,0.018437398958936438,20|25|5|24|6|9|21|12|11|5,95,33
236,0.003229357963841016,-3.577548640625376,-3.5785741325720033,5.265480676494694,5.263032057904336,4.763787106791543,3,0.1,1,6,7121,63.970666666666666,5.265480676494694,-0.12196030440118848,0.006333031093465481,2493.0,28.182635155229693,7.063158101586368,-0.3102275921493272,4.046921398207604,-7.41745932761628,-6.453413240936064,0.04408911739821358,0.01851333552639615,20|24|5|25|6|10|21|12|11|5,95,34
237,0.003197064384202606,-3.577798090987589,-3.5785741325720033,5.256435809259525,5.263032057904336,4.763787106791543,1,0.03333333333333333,0,9,7151,63.970666666666666,5.256435809259525,-0.1219343328049968,0.006352295154071078,2493.0,28.064095863357398,7.063758953390658,-0.3126386366917609,4.049120923087362,-7.412892584889262,-6.453413240936064,0.04145445047763962,0.018704923200635184,20|24|5|25|6|10|21|11|12|5,95,34
238,0.0031650937403605796,-3.602247935321387,-3.602247935321387,5.256435809259525,5.256435809259525,4.763787106791543,2,0.06666666666666667,2,3,7181,63.970666666666666,5.256435809259525,-0.12197942043580237,0.006352500591409446,2401.0,28.063734553927993,7.063758953390658,-0.3126386366917609,4.045302468303363,-7.4128438838656265,-6.543657049746844,0.041446419975797504,0.018704923200635184,20|22|5|25|6|10|21|11|12|5,94,33
239,0.0031334428029569737,-3.6045818820625444,-3.6091150207669673,5.25856626704904,5.254057980401204,4.763787106791543,3,0.1,1,0,7211,63.970666666666666,5.25856626704904,-0.12282426074445423,0.006675650387072342,2362.0,28.4392551164939,7.063511028476989,-0.31207073132701185,3.973753254901623,-7.336237917486321,-6.581912577394892,0.04979277997644257,0.018625869834636016,21|21|5|25|6|9|20|12|12|5,94,32
240,0.003102108374927404,-3.6180079126956923,-3.6180079126956923,5.25326413268288,5.25326413268288,4.763787106791543,5,0.16666666666666666,2,3,7241,63.970666666666666,5.25326413268288,-0.12272774281299234,0.00659172978551366,2339.0,28.393088640138775,7.063515455915973,-0.3134840944858509,3.9819273228343905,-7.3561321549818075,-6.604473529597587,0.04876667895819668,0.018627281568331055,20|21|5|25|6|9|21|12|11|5,94,32
241,0.00307108729117813,-3.6291735647656322,-3.6309590239842517,5.252944135225418,5.251156200440772,4.763787106791543,2,0.06666666666666667,1,5,7271,63.970666666666666,5.252944135225418,-0.12284038012690664,0.006623466366642475,2298.0,28.39148245077802,7.063513578288712,-0.31356939459068917,3.9723881103610736,-7.348608673613172,-6.644690879176303,0.04873097962247335,0.018626682867890428,20|21|5|25|6|9|20|12|11|5,94,31
242,0.0030403764182663487,-3.7202418809329143,-3.7202418809329143,5.185736798942077,5.185736798942077,4.763787106791543,5,0.16666666666666666,4,8,7301,62.24866666666667,5.185736798942077,-0.12420509891928722,0.006261331676685582,2310.0,30.627090749246328,7.0620851721915,-0.33148451453047023,3.856810580371745,-7.434456408180695,-6.632919947592288,0.09841984766194652,0.018171221138259253,21|21|5|24|5|9|20|14|10|5,94,32
243,0.0030099726540836853,-3.7804756336713985,-3.787688638881915,4.9734210298330135,4.986661030789581,4.763787106791543,5,0.16666666666666666,4,9,7331,62.24866666666667,4.9734210298330135,-0.12526351748898604,0.006629759789748352,2315.0,30.289881819356353,7.062287028765648,-0.38808045597144364,3.767173503001952,-7.34711675325509,-6.628015392765616,0.09092500608772498,0.01823558514831099,21|23|5|24|5|8|19|13|10|5,93,32
244,0.0029798729275428482,-3.780227609474909,-3.787688638881915,4.973755770348533,4.986661030789581,4.763787106791543,1,0.03333333333333333,0,17,7361,62.24866666666667,4.973755770348533,-0.12505001232392854,0.006571145018947703,2307.0,30.29230960943847,7.06228963047621,-0.38799122588413654,3.7852551764976803,-7.361011984573661,-6.635862680488293,0.09097896640854704,0.018236414730034792,21|23|5|23|5|8|20|13|10|5,93,32
245,0.00295007419826742,-3.792731126715244,-3.792731126715244,4.973755770348533,4.973755770348533,4.763787106791543,1,0.03333333333333333,1,12,7391,62.24866666666667,4.973755770348533,-0.1250827892478858,0.00657132055143501,2262.0,30.283208421996527,7.06228963047621,-0.38799122588413654,3.7824793109253894,-7.360970372801036,-6.680003673928348,0.09077668244757095,0.018236414730034792,21|22|5|23|5|8|20|13|10|5,93,31
246,0.0029205734562847458,-3.800316572921629,-3.8135329745942483,4.973255061077626,4.973798381529649,4.763787106791543,6,0.2,2,8,7421,62.24866666666667,4.973255061077626,-0.12507067507490535,0.0066363971260478246,2195.0,30.350611946367167,7.062306682528363,-0.38812469742369365,3.7835052557564857,-7.345543304754643,-6.745724708605763,0.09227480035585695,0.018241851949312077,20|21|5|22|5|8|21|13|11|5,91,32
247,0.002891367721721898,-3.8010406405365647,-3.8135329745942483,4.972637401131619,4.973798381529649,4.763787106791543,4,0.13333333333333333,0,18,7451,62.24866666666667,4.972637401131619,-0.12509439011993834,0.0066360090337333685,2201.0,30.350011564258118,7.0561980121170595,-0.38828934391359543,3.781496837360109,-7.345635306009765,-6.739839242813756,0.09226145619918592,0.01629404061140992,21|19|5|23|5|8|21|13|11|5,90,33
248,0.002862454044504679,-3.8377414814804993,-3.838025745230247,4.96804532816186,4.968783715881532,4.763787106791543,4,0.13333333333333333,2,9,7481,62.24866666666667,4.96804532816186,-0.12601987307857132,0.006769065289196791,2155.0,30.280286647118665,7.056177995768834,-0.3895134295949357,3.7031180277451043,-7.314092958871101,-6.784961147219145,0.09071174276809016,0.016287658196352108,19|19|5|25|5|8|20|13|10|5,90,31
249,0.002833829504059632,-3.852245622858687,-3.852245622858687,4.9646898694728785,4.9646898694728785,4.763787106791543,3,0.1,1,12,7511,62.24866666666667,4.9646898694728785,-0.12572860370933428,0.006691253503126139,2084.0,30.342390874800735,7.056181764591383,-0.3904078772578018,3.727785522943323,-7.332539039133706,-6.854605825757899,0.09209207794402506,0.016288859923535893,18|19|5|23|5|8|21|13|11|5,90,31
250,0.002805491209019036,-3.8740596538359453,-3.8740596538359453,4.963775186698125,4.963775186698125,4.763787106791543,2,0.06666666666666667,1,9,7541,62.24866666666667,4.963775186698125,-0.12610629668000503,0.006695130497970455,2057.0,30.307346972584444,7.062292177818558,-0.39065169962188845,3.6957988448905423,-7.331619957826266,-6.881090421821932,0.09131318844267257,0.018237226975904033,18|20|5|22|5|8|21|13|10|5,90,30
251,0.0027774362969288455,-3.8849408584051672,-3.8922092539315183,4.95287809155695,4.95214673162209,4.763787106791543,3,0.1,2,14,7571,62.24866666666667,4.95287809155695,-0.12617236070011406,0.0067162206180249985,2030.0,30.212631936506195,7.062260537442571,-0.3935564831953113,3.690203907451418,-7.326620329017839,-6.907575017885965,0.08920804196765256,0.01822713812203982,19|19|5|22|5|8|21|12|10|5,89,29
252,0.002749661933959557,-3.9298416204294537,-3.9298416204294537,4.952006310744093,4.952006310744093,4.763787106791543,3,0.1,2,13,7601,62.24866666666667,4.952006310744093,-0.12933188476122098,0.007459842263456988,2034.0,30.21263193650619,7.06225184820414,-0.3937888694002591,3.4226249827942743,-7.150337207278494,-6.903651374024627,0.08920804196765247,0.018224367470491436,19|19|5|23|5|8|20|12|10|5,89,29
253,0.002722165314619961,-3.953206468663816,-3.953206468663816,4.950621633253549,4.950621633253549,4.763787106791543,2,0.06666666666666667,2,7,7631,62.24866666666667,4.950621633253549,-0.13044795295029726,0.007740471028669975,1997.0,30.21263193650619,7.0627186696760305,-0.39415797588018886,3.3281055804725046,-7.083811286354199,-6.939945079742006,0.08920804196765247,0.018373218217790314,19|20|5|23|5|8|18|12|10|5,88,29
254,0.0026949436614737616,-3.9663181253009037,-3.9663181253009037,4.966467068150747,4.966467068150747,4.763787106791543,3,0.1,2,3,7661,62.24866666666667,4.966467068150747,-0.1310123502899366,0.007827609427393046,1981.0,30.224919617891885,7.062858997485333,-0.3899341383889289,3.280306978436495,-7.063154237107943,-6.955639655187358,0.08948114928224919,0.018417963158927818,18|22|5|22|5|9|17|12|10|5,88,29
255,0.002667994224859024,-3.9819921540071435,-3.9893625785370395,4.9641477715476245,4.964502471344795,4.721447048735951,3,0.1,2,3,7691,62.24866666666667,4.9641477715476245,-0.13168532262833227,0.007909467799560154,1991.0,30.342697254395333,7.062716456758114,-0.3905523815617529,3.2233131998960562,-7.043748872195876,-6.945830545534013,0.09209888756951105,0.01837251260653331,19|22|5|22|5|9|16|13|9|5,89,29
256,0.002641314282610434,-4.001766391187512,-4.001766391187512,4.957474209369858,4.957474209369858,4.721447048735951,3,0.1,2,3,7721,62.24866666666667,4.957474209369858,-0.13258020556660832,0.008056011679828565,2002.0,30.280593026713262,7.065985302578595,-0.392331319300577,3.1475258946922335,-7.009009145556391,-6.935040524915333,0.09071855239357615,0.01941481715437803,20|22|5|23|5|9|15|12|8|5,88,29
257,0.0026149011397843293,-4.013166258186438,-4.013166258186438,4.957728121457003,4.957728121457003,4.721447048735951,1,0.03333333333333333,1,4,7751,62.24866666666667,4.957728121457003,-0.1326004425883208,0.008056139994785277,1959.0,30.273301202865866,7.065985302578595,-0.3922636352388819,3.145812028805044,-7.008978727182646,-6.977219696424719,0.09055648354047313,0.01941481715437803,20|21|5|23|5|9|15|12|8|5,88,28
258,0.002588752128386486,-4.0312366980687,-4.0312366980687,4.93886620494614,4.93886620494614,4.721447048735951,4,0.13333333333333333,4,3,7781,62.24866666666667,4.93886620494614,-0.13246823999444088,0.008074638853863001,1891.0,29.89778064029996,7.066081808474479,-0.3972915609873691,3.157008217605353,-7.00459338330936,-7.043921642067469,0.08221012353982807,0.019445589035249223,20|22|5|21|5|9|15|11|8|5,87,28
259,0.002562864607102621,-4.054360358965725,-4.062084475933833,4.942902172990896,4.9428417072097535,4.721447048735951,3,0.1,2,5,7811,62.24866666666667,4.942902172990896,-0.13425598904304067,0.008449822931372442,1908.0,30.13129959668489,7.067761551851571,-0.39621571338510586,3.0056044116113663,-6.9156521578669,-7.027246155656782,0.08740034072433044,0.01998119219835505,20|23|5|20|5|10|14|12|8|5,87,29
260,0.0025372359610315947,-4.072329126928609,-4.07396741628663,4.94248689935623,4.956483993653025,4.721447048735951,4,0.13333333333333333,3,5,7841,62.24866666666667,4.94248689935623,-0.13541039895795548,0.008584379692557709,1970.0,30.119859389111024,7.06775647670719,-0.39632641077893666,2.9078378627032917,-6.8837541004897576,-6.9664296758060384,0.0871460694528955,0.019979573937244227,21|24|5|21|5|10|12|12|7|5,87,29
261,0.0025118636014212787,-4.1109454075632135,-4.1109454075632135,4.9478682607083275,4.9478682607083275,4.721447048735951,4,0.13333333333333333,4,7,7871,62.24866666666667,4.9478682607083275,-0.1365433197919842,0.008704967835866832,1944.0,30.11985938911102,7.0677888098024555,-0.39489192848290156,2.8118912161109337,-6.8551674469437405,-6.991933360904738,0.08714606945289544,0.01998988367165557,20|26|5|20|5|10|10|12|7|5,85,29
262,0.002486744965407066,-4.177091663194172,-4.177091663194172,4.945022638908995,4.945022638908995,4.721447048735951,3,0.1,2,7,7901,62.205333333333336,4.945022638908995,-0.1379411760484503,0.008692132348155293,1943.0,29.808696934970907,7.061697340446559,-0.3956504715030173,2.693507286539143,-6.858210230672181,-6.992914271870072,0.08023013962153822,0.018047557064224885,21|25|5|21|5|10|9|12|6|5,84,29
263,0.0024618775157529953,-4.440628932010432,-4.440628932010432,4.956810706321554,4.956810706321554,4.721447048735951,4,0.13333333333333333,3,6,7931,62.205333333333336,4.956810706321554,-0.1439649805543966,0.008656982558369549,1913.0,29.801961914307547,7.06166799546177,-0.3925081859545485,2.183353509934806,-6.866542848085857,-7.022341600830108,0.08008044633527957,0.01803820011905783,20|25|5|22|5|10|7|12|6|5,83,28
264,0.0024372587405954655,-4.446087596056066,-4.446087596056066,4.9562507844640455,4.9562507844640455,4.721447048735951,1,0.03333333333333333,1,3,7961,62.205333333333336,4.9562507844640455,-0.14386874195349497,0.00865850670210639,1874.0,29.801961914307547,7.061659281323768,-0.3926574414940313,2.191503921465695,-6.866181534213997,-7.060597128478157,0.08008044633527957,0.018035421528029612,19|25|5|22|5|10|7|12|6|5,83,27
265,0.002412886153189511,-4.511944162043402,-4.511944162043402,4.953700544660921,4.953700544660921,4.721447048735951,4,0.13333333333333333,3,4,7991,62.205333333333336,4.953700544660921,-0.1449909077853421,0.008589512691776881,1846.0,29.56844295792262,7.061536950261039,-0.3933372460283988,2.0964681120319644,-6.882537270490524,-7.088062635507524,0.07489022915077728,0.017996415031538815,19|26|5|21|5|10|6|11|6|5,82,26
266,0.0023887572916576156,-4.510169267195165,-4.511944162043402,4.953658301445455,4.953700544660921,4.721447048735951,1,0.03333333333333333,0,6,8021,62.205333333333336,4.953658301445455,-0.1449850722387789,0.008590085674977443,1852.0,29.56844295792262,7.06153549541724,-0.39334850658883114,2.096962322312996,-6.882401438958562,-7.082177169715517,0.07489022915077728,0.017995951139880534,18|26|5|22|5|10|6|11|6|5,82,26
267,0.0023648697187410393,-4.618111201561288,-4.618111201561288,5.0119443177773,5.0119443177773,4.721447048735951,2,0.06666666666666667,2,7,8051,62.205333333333336,5.0119443177773,-0.14746022704818454,0.0083055932277454,1874.0,30.43160725670526,7.061940386265978,-0.37781149781653317,1.8873423765706985,-6.949843285248816,-7.060597128478157,0.0940750107460058,0.0181250546816801,18|26|5|22|5|11|5|12|5|5,82,26
268,0.0023412210215536288,-4.6402034637599865,-4.6402034637599865,5.0116343193733615,5.0116343193733615,4.721447048735951,2,0.06666666666666667,2,7,8081,62.205333333333336,5.0116343193733615,-0.1474352705278847,0.008305466685691165,1780.0,30.43160725670526,7.061940386265978,-0.37789413252421283,1.8894559350484519,-6.949873283337883,-7.152802759219605,0.0940750107460058,0.0181250546816801,18|25|5|21|5|11|5|12|5|5,81,25
269,0.0023178088113380924,-4.639458683378395,-4.650257801154681,5.022520495488295,5.0116343193733615,4.721447048735951,4,0.13333333333333333,1,8,8111,62.205333333333336,5.022520495488295,-0.14727439802428657,0.00827711698895747,1743.0,30.742476549488778,7.062001876060019,-0.3749922595804259,1.903080167903512,-6.9565938690971585,-7.189096464936983,0.10098442474184206,0.018144661324358966,18|25|5|20|5|10|5|13|5|5,80,25
270,0.0022946307232247116,-4.651730107784768,-4.651730107784768,5.033299857874961,5.033299857874961,4.721447048735951,2,0.06666666666666667,2,9,8141,62.205333333333336,5.033299857874961,-0.14724740495028782,0.008260675601484772,1674.0,30.97302336825362,7.062124772497543,-0.3721188594323032,1.9053662013611103,-6.960491468269019,-7.256779321545069,0.10610858287919343,0.018183848096320808,18|23|5|20|5|10|5|14|5|5,79,25
271,0.0022716844159924644,-4.658652352580421,-4.658652352580421,5.027643000949021,5.027643000949021,4.721447048735951,3,0.1,2,15,8171,62.205333333333336,5.027643000949021,-0.1473257633515612,0.00825959692469483,1666.0,30.97233721727185,7.062131357390698,-0.37362677919099063,1.8987300573264176,-6.960747179641929,-7.2646266092677445,0.10609333241442653,0.01818594775609666,19|22|5|20|5|10|5|14|5|5,79,25
272,0.00224896757183254,-5.197150925664547,-5.197150925664547,4.982269516154687,4.982269516154687,4.721447048735951,2,0.06666666666666667,1,13,8201,62.205333333333336,4.982269516154687,-0.1623777509343292,0.009128889640629866,1698.0,30.97233721727185,7.0626669146693954,-0.38572175969653144,0.6239827936709231,-6.754672444443386,-7.2332374583770385,0.10609333241442653,0.018356715610524037,19|22|5|20|5|11|6|14|5|5,79,26
273,0.0022264778961142142,-5.628100203672369,-5.628100203672369,4.994032777457095,4.994032777457095,4.707161000601491,1,0.03333333333333333,1,7,8231,62.205333333333336,4.994032777457095,-0.16747070426059762,0.0071691794711580435,1716.0,31.827926621275868,7.062275410100995,-0.38258608658746535,0.1926624593372493,-7.219241797018034,-7.215581061001017,0.12510975359189955,0.01823188041958615,19|22|5|20|5|11|5|15|5|5,79,26
274,0.002204213117153072,-5.6427618697039,-5.6427618697039,4.9866079102001075,4.9866079102001075,4.707161000601491,1,0.03333333333333333,1,7,8261,62.205333333333336,4.9866079102001075,-0.16778546069057731,0.007157327726384624,1724.0,31.836022297226343,7.062268167046759,-0.38456529592385524,0.16600585364791637,-7.222051374414752,-7.20773377327834,0.12528968894742185,0.01822957089849383,18|23|5|20|5|11|5|15|5|5,79,26
275,0.0021821709859815414,-6.100916729257042,-6.100916729257042,4.983583689343045,4.983583689343045,4.707161000601491,3,0.1,2,7,8291,62.205333333333336,4.983583689343045,-0.17085144832371074,0.00644138696607424,1673.0,11.043042666023528,7.06804259789293,-0.3853714471920776,-0.09365150550462724,-7.391772459032504,-7.257760232510403,-0.33685728990847047,0.020070806570873713,19|21|5|20|5|11|5|15|5|5,78,26
276,0.002160349276121726,-6.101167620155023,-6.101167620155023,4.983583689343045,4.983583689343045,4.696224876917641,1,0.03333333333333333,1,9,8321,62.205333333333336,4.983583689343045,-0.1708802947468842,0.00644130002271724,1677.0,11.043042666023528,7.06804259789293,-0.3853714471920776,-0.0960944984186477,-7.3917930698451135,-7.253836588649064,-0.33685728990847047,0.020070806570873713,19|22|5|19|5|11|5|15|5|5,78,26
277,0.0021387457833605085,-6.124334789166436,-6.124334789166436,4.968628855159856,4.968628855159856,4.625819510097775,5,0.16666666666666666,4,5,8351,62.205333333333336,4.968628855159856,-0.17121007118168416,0.006430473581204151,1692.0,10.3594843885491,7.0679475750734575,-0.3893578817524634,-0.12402314276330333,-7.394359588610375,-7.239122924169046,-0.35205012895365884,0.02004050758391487,20|22|5|21|5|11|5|11|5|5,77,26
278,0.0021173583255269034,-6.167861912396997,-6.167861912396997,4.949828317532447,4.949828317532447,4.618790046943098,1,0.03333333333333333,1,6,8381,62.205333333333336,4.949828317532447,-0.17181238513638625,0.00639122103649026,1716.0,9.074088767406266,7.068205537904905,-0.3943694460422222,-0.1750328889111812,-7.403664806069932,-7.215581061001017,-0.3806194688694403,0.02012276164151171,20|23|5|21|5|11|5|10|5|5,77,26
279,0.0020961847422716344,-6.182583178427531,-6.182583178427531,4.948569162108308,4.948569162108308,4.618790046943098,1,0.03333333333333333,1,4,8411,62.205333333333336,4.948569162108308,-0.17189010770186655,0.006392882824499363,1671.0,9.051035225993111,7.068205537904905,-0.39470509273935006,-0.18161518424762757,-7.403270862214594,-7.259722054441072,-0.3811318593351161,0.02012276164151171,20|22|5|21|5|11|5|10|5|5,76,26
280,0.002075222894848918,-6.216376371225073,-6.216376371225073,4.936168661588982,4.936168661588982,4.618790046943098,3,0.1,3,3,8441,62.205333333333336,4.936168661588982,-0.17217731403723993,0.006385964694659086,1613.0,8.756035733193709,7.068177976820695,-0.3980106314856032,-0.2059385826100391,-7.404910875697706,-7.316614890430476,-0.387688549467043,0.020113973511084734,19|22|5|21|5|11|5|9|5|5,74,26
281,0.0020544706659004286,-6.334764845151733,-6.334764845151733,4.882417215300354,4.882417215300354,4.618790046943098,3,0.1,2,6,8471,62.205333333333336,4.882417215300354,-0.17389258893940565,0.006269364428045533,1624.0,6.929533703021779,7.068139894300036,-0.41233888284104603,-0.3512045799362606,-7.43255216225861,-7.305824869811796,-0.4282845780348487,0.02010183051424246,20|23|5|20|5|11|5|7|5|5,73,26
282,0.0020339259592414244,-6.420824498159242,-6.423525341884666,4.850068028746767,4.850068028746767,4.618790046943098,2,0.06666666666666667,1,9,8501,62.205333333333336,4.850068028746767,-0.1752520159146354,0.006127005930465749,1668.0,5.691055644051437,7.067984412411944,-0.42096204199466236,-0.46633394788747407,-7.466299701095929,-7.2626647873370755,-0.45581112321904865,0.02005225354182887,20|25|5|19|5|11|5|6|5|5,73,26
283,0.00201358669964901,-6.442938477331521,-6.443811764622916,4.8501091160230425,4.850068028746767,4.618790046943098,4,0.13333333333333333,3,6,8531,62.205333333333336,4.8501091160230425,-0.17504100104287618,0.006149340228730383,1600.0,5.689337100650812,6.9612729175542025,-0.4209510895670974,-0.44846317641051364,-7.4610051271091,-7.3293667329798255,-0.45584931974762305,-0.013973785771698347,20|23|5|20|5|11|5|5|5|5,72,26
284,0.00199345083265252,-6.4446891327059435,-6.4446891327059435,4.8501091160230425,4.8501091160230425,4.618790046943098,1,0.03333333333333333,1,6,8561,62.205333333333336,4.8501091160230425,-0.1750603970079052,0.006149775342994049,1596.0,5.689337100650812,6.9612729175542025,-0.4209510895670974,-0.4501058135181223,-7.460901978819668,-7.3332903768411635,-0.45584931974762305,-0.013973785771698347,20|22|5|21|5|11|5|5|5|5,72,26
285,0.001973516324325995,-6.458061054583296,-6.458061054583296,4.852998313850213,4.852998313850213,4.618790046943098,3,0.1,2,3,8591,62.205333333333336,4.852998313850213,-0.1750452946777424,0.006149310416785862,1536.0,5.689337100650812,6.961192544503513,-0.420180930705492,-0.44882680275997533,-7.461012194335664,-7.392145034761238,-0.45584931974762305,-0.013999413531726972,21|22|5|19|5|10|5|5|5|5,70,26
286,0.001953781161082735,-6.458061054583296,-6.458061054583296,4.852998313850213,4.852998313850213,4.618790046943098,0,0.0,0,8,8621,62.205333333333336,4.852998313850213,-0.1750452946777424,0.006149310416785862,1536.0,5.689337100650812,6.961192544503513,-0.420180930705492,-0.44882680275997533,-7.461012194335664,-7.392145034761238,-0.45584931974762305,-0.013999413531726972,21|22|5|19|5|10|5|5|5|5,70,26
287,0.0019342433494719078,-6.460544109603446,-6.460544109603446,4.852691545182042,4.852691545182042,4.618790046943098,1,0.03333333333333333,1,5,8651,62.205333333333336,4.852691545182042,-0.17507895807239773,0.006149984900094043,1532.0,5.682602079987467,6.961192544503513,-0.42026270447883246,-0.451677743207957,-7.460852301164374,-7.3960686786225756,-0.45599901303388146,-0.013999413531726972,21|21|5|20|5|10|5|5|5|5,70,26
288,0.0019149009159771886,-6.642687476369628,-6.642687476369628,4.83821176488505,4.83821176488505,4.618790046943098,3,0.1,3,5,8681,62.205333333333336,4.83821176488505,-0.17696642310459695,0.006005569969599385,1433.0,0.5589610442192886,6.961036699185907,-0.42412250632589055,-0.6115264589879179,-7.495087338470988,-7.493178864190697,-0.569877604145903,-0.014049106387316207,19|21|5|20|5|9|5|5|5|5,69,25
289,0.0018957519068174167,-6.648213916302339,-6.648213916302339,4.842406419287241,4.842406419287241,4.51096622265543,2,0.06666666666666667,1,2,8711,62.205333333333336,4.842406419287241,-0.17693434781265777,0.006006330424471006,1400.0,0.5589610442192886,6.961033993269647,-0.4230043585033914,-0.6088100143718435,-7.494907064860699,-7.525548926046738,-0.569877604145903,-0.014049969196081029,18|22|5|19|5|9|5|5|5|5,68,25
290,0.0018767943877492426,-6.648213916302339,-6.648213916302339,4.842406419287241,4.842406419287241,4.51096622265543,0,0.0,0,2,8741,62.205333333333336,4.842406419287241,-0.17693434781265777,0.006006330424471006,1400.0,0.5589610442192886,6.961033993269647,-0.4230043585033914,-0.6088100143718435,-7.494907064860699,-7.525548926046738,-0.569877604145903,-0.014049969196081029,18|22|5|19|5|9|5|5|5|5,68,25
291,0.0018580264438717502,-6.654507116337551,-6.655247388015972,4.8516922619020795,4.861167896127702,4.51096622265543,2,0.06666666666666667,1,2,8771,62.24866666666667,4.8516922619020795,-0.17725546241325646,0.006007428473099799,1419.0,0.5589610442192886,6.961282248337347,-0.42052907837198705,-0.63600509118028,-7.494646761195125,-7.506911617705381,-0.569877604145903,-0.01397081055713014,18|22|5|19|5|10|5|5|5|5,68,26
292,0.0018394461794330327,-6.654507116337551,-6.655247388015972,4.8516922619020795,4.861167896127702,4.51096622265543,0,0.0,0,3,8801,62.24866666666667,4.8516922619020795,-0.17725546241325646,0.006007428473099799,1419.0,0.5589610442192886,6.961282248337347,-0.42052907837198705,-0.63600509118028,-7.494646761195125,-7.506911617705381,-0.569877604145903,-0.01397081055713014,18|22|5|19|5|10|5|5|5|5,68,26
293,0.0018210517176387023,-6.663047500812899,-6.663047500812899,4.850569409853104,4.850569409853104,4.51096622265543,2,0.06666666666666667,2,6,8831,62.24866666666667,4.850569409853104,-0.17714090565800836,0.006008817180926481,1365.0,0.5589610442192886,6.961192793594381,-0.4208283913673307,-0.6263033219300217,-7.4943175537919045,-7.559880809833447,-0.569877604145903,-0.013999334106584665,17|22|5|19|5|9|5|5|5|5,68,24
294,0.0018028412004623153,-6.702181946520912,-6.702181946520912,4.849675818008312,4.849675818008312,4.51096622265543,3,0.1,3,6,8861,62.24866666666667,4.849675818008312,-0.17748371496408671,0.0060013866842823695,1271.0,0.5589610442192886,6.958383389680665,-0.4210665916288194,-0.655335715324985,-7.496079029069747,-7.652086440574895,-0.569877604145903,-0.014895140956100828,16|21|5|18|5|10|5|5|5|5,68,22
295,0.0017848127884576921,-6.7089536533961125,-6.718027079825466,4.8509631646683475,4.8509631646683475,4.51096622265543,4,0.13333333333333333,2,5,8891,62.24866666666667,4.8509631646683475,-0.1774487954400557,0.006002062965452065,1236.0,0.5589610442192886,6.957814375910724,-0.42072343013642843,-0.6523783937445686,-7.495918709696986,-7.686418324361605,-0.569877604145903,-0.01507657675110838,15|20|5|19|5|10|5|5|5|5,69,20
296,0.0017669646605731153,-6.7089536533961125,-6.718027079825466,4.8509631646683475,4.8509631646683475,4.487702534016796,0,0.0,0,6,8921,62.24866666666667,4.8509631646683475,-0.1774487954400557,0.006002062965452065,1236.0,0.5589610442192886,6.957814375910724,-0.42072343013642843,-0.6523783937445686,-7.495918709696986,-7.686418324361605,-0.569877604145903,-0.01507657675110838,15|20|5|19|5|10|5|5|5|5,69,20
297,0.0017492950139673842,-6.719980284247891,-6.719980284247891,4.8509631646683475,4.8509631646683475,4.487702534016796,1,0.03333333333333333,1,1,8951,62.24866666666667,4.8509631646683475,-0.17748376719782644,0.006002791617531045,1197.0,0.5528201991696607,6.957814375910724,-0.42072343013642843,-0.6553401389810912,-7.495745975264182,-7.724673852009653,-0.5700140912217163,-0.01507657675110838,15|19|5|19|5|10|5|5|5|5,68,20
298,0.0017318020638277104,-6.719980284247891,-6.719980284247891,4.8509631646683475,4.8509631646683475,4.487702534016796,0,0.0,0,2,8981,62.24866666666667,4.8509631646683475,-0.17748376719782644,0.006002791617531045,1197.0,0.5528201991696607,6.957814375910724,-0.42072343013642843,-0.6553401389810912,-7.495745975264182,-7.724673852009653,-0.5700140912217163,-0.01507657675110838,15|19|5|19|5|10|5|5|5|5,68,20
299,0.0017144840431894332,-6.7351250227554065,-6.7351250227554065,4.842183646718797,4.842183646718797,4.487702534016796,2,0.06666666666666667,1,2,9011,62.24866666666667,4.842183646718797,-0.17775575815015812,0.0059919085696128905,1197.0,0.5581892715736716,6.957458621003021,-0.4230637418609781,-0.6783749521788381,-7.49832591315711,-7.724673852009653,-0.5698947576468857,-0.015190012801194655,15|19|5|19|5|10|5|5|5|5,68,20
300,0.0016973392027575388,-6.7351250227554065,-6.7351250227554065,4.842183646718797,4.842183646718797,4.487702534016796,0,0.0,0,6,9041,62.24866666666667,4.842183646718797,-0.17775575815015812,0.0059919085696128905,1197.0,0.5581892715736716,6.957458621003021,-0.4230637418609781,-0.6783749521788381,-7.49832591315711,-7.724673852009653,-0.5698947576468857,-0.015190012801194655,15|19|5|19|5|10|5|5|5|5,68,20
301,0.0016803658107299635,-6.747448103292592,-6.747448103292592,4.839757811607049,4.839757811607049,4.487702534016796,2,0.06666666666666667,2,3,9071,62.24866666666667,4.839757811607049,-0.17786725917330493,0.005989260802503923,1170.0,0.5564155707384065,6.957457069698248,-0.42371038446555753,-0.6878179326071437,-7.498953593449198,-7.751158448073686,-0.5699341801104744,-0.01519050745041011,14|18|5|20|5|10|5|5|5|5,67,20
302,0.0016635621526226638,-6.745135003569017,-6.7520822150478566,4.836496648265169,4.843246236499625,4.487702534016796,4,0.13333333333333333,2,1,9101,62.24866666666667,4.836496648265169,-0.17784212323100673,0.005992779946400467,1177.0,0.5564155707384065,6.9573586942323145,-0.42457969629435377,-0.6856891789466831,-7.498119344371399,-7.744292071316345,-0.5699341801104744,-0.015221875462598471,12|21|5|19|5|9|5|5|5|5,66,20
303,0.0016469265310964372,-6.748173504052455,-6.7520822150478566,4.837622000589392,4.843246236499625,4.487702534016796,1,0.03333333333333333,0,1,9131,62.24866666666667,4.837622000589392,-0.17782631379717176,0.005992066915786337,1161.0,0.5564155707384065,6.957360149075924,-0.42427971681327487,-0.6843502838399568,-7.49828837557608,-7.759986646761697,-0.5699341801104744,-0.0152214115710008,13|20|5|19|5|9|5|5|5|5,66,20
304,0.0016304572657854727,-6.749366655993699,-6.7520822150478566,4.837622000589392,4.843246236499625,4.486973579246822,1,0.03333333333333333,0,3,9161,62.24866666666667,4.837622000589392,-0.17785616283890132,0.005992664234128678,1161.0,0.5564155707384065,6.957360149075924,-0.42427971681327487,-0.6868781881488242,-7.498146775149699,-7.759986646761697,-0.5699341801104744,-0.0152214115710008,13|19|5|20|5|9|5|5|5|5,66,20
305,0.001614152693127618,-6.752157818650424,-6.752829483961017,4.832355056087217,4.837622000589392,4.486973579246822,2,0.06666666666666667,1,2,9191,62.24866666666667,4.832355056087217,-0.17770708306533223,0.0059836294243673805,1134.0,0.5564155707384065,6.95731066493434,-0.4256836995879355,-0.6742526772401422,-7.500288569271516,-7.78647124282573,-0.5699341801104744,-0.015237190089980028,14|18|5|20|5|8|5|5|5|5,66,19
306,0.0015980111661963417,-6.753621118691556,-6.753621118691556,4.832355056087217,4.832355056087217,4.483700770754712,2,0.06666666666666667,1,0,9221,62.24866666666667,4.832355056087217,-0.17800514680640606,0.006001153260189198,1171.0,0.5571017217201735,6.95731066493434,-0.4256836995879355,-0.6994955852773351,-7.496134364640042,-7.7501775371083514,-0.5699189296457076,-0.015237190089980028,14|20|5|19|5|8|5|5|5|5,66,20
307,0.0015820310545343783,-6.753621118691556,-6.753621118691556,4.832355056087217,4.832355056087217,4.483700770754712,0,0.0,0,2,9251,62.24866666666667,4.832355056087217,-0.17800514680640606,0.006001153260189198,1171.0,0.5571017217201735,6.95731066493434,-0.4256836995879355,-0.6994955852773351,-7.496134364640042,-7.7501775371083514,-0.5699189296457076,-0.015237190089980028,14|20|5|19|5|8|5|5|5|5,66,20
308,0.0015662107439890346,-6.753621118691556,-6.753621118691556,4.832355056087217,4.832355056087217,4.483700770754712,0,0.0,0,1,9281,62.24866666666667,4.832355056087217,-0.17800514680640606,0.006001153260189198,1171.0,0.5571017217201735,6.95731066493434,-0.4256836995879355,-0.6994955852773351,-7.496134364640042,-7.7501775371083514,-0.5699189296457076,-0.015237190089980028,14|20|5|19|5|8|5|5|5|5,66,20
309,0.0015505486365491442,-6.762694545120914,-6.762694545120914,4.832355056087217,4.832355056087217,4.483700770754712,1,0.03333333333333333,1,1,9311,62.24866666666667,4.832355056087217,-0.1780051468064064,0.006001153260189198,1134.0,0.5571017217201735,6.95731066493434,-0.4256836995879355,-0.6994955852773633,-7.496134364640042,-7.78647124282573,-0.5699189296457076,-0.015237190089980028,14|20|5|18|5|8|5|5|5|5,66,19
310,0.0015350431501836529,-6.771900847759196,-6.772272435846672,4.832355056087217,4.832355056087217,4.483700770754712,2,0.06666666666666667,1,0,9341,62.24866666666667,4.832355056087217,-0.17802346670616437,0.006002439187181114,1099.0,0.5571017217201735,6.95731066493434,-0.4256836995879355,-0.7010470908149883,-7.495829522485626,-7.820803126612439,-0.5699189296457076,-0.015237190089980028,14|20|5|17|5|8|5|5|5|5,65,19
311,0.0015196927186818163,-6.771900847759196,-6.772272435846672,4.832355056087217,4.832355056087217,4.483700770754712,0,0.0,0,2,9371,62.24866666666667,4.832355056087217,-0.17802346670616437,0.006002439187181114,1099.0,0.5571017217201735,6.95731066493434,-0.4256836995879355,-0.7010470908149883,-7.495829522485626,-7.820803126612439,-0.5699189296457076,-0.015237190089980028,14|20|5|17|5|8|5|5|5|5,65,19
312,0.0015044957914949982,-6.788197905800936,-6.788814361357964,4.831262808271778,4.831262808271778,4.483700770754712,4,0.13333333333333333,3,3,9401,62.24866666666667,4.831262808271778,-0.17805672214112592,0.006003477328821369,1039.0,0.5565016422390273,6.957307994978278,-0.4259748545674315,-0.703863481307327,-7.495583420384813,-7.8796577845325135,-0.5699322670761385,-0.015238041432471929,13|20|5|16|5|8|5|5|5|5,63,19
313,0.0014894508335800483,-6.82609265183222,-6.82609265183222,4.831262808271778,4.831262808271778,4.482649671417943,2,0.06666666666666667,2,1,9431,62.24866666666667,4.831262808271778,-0.17887412631721572,0.005986133394367331,1034.0,0.5565016422390273,6.957307994978278,-0.4259748545674315,-0.7730891387855424,-7.499694977555832,-7.884562339359186,-0.5699322670761385,-0.015238041432471929,13|21|5|15|5|7|5|5|5|5,62,19
314,0.001474556325244248,-6.82609265183222,-6.82609265183222,4.831262808271778,4.831262808271778,4.482649671417943,0,0.0,0,0,9461,62.24866666666667,4.831262808271778,-0.17887412631721572,0.005986133394367331,1034.0,0.5565016422390273,6.957307994978278,-0.4259748545674315,-0.7730891387855424,-7.499694977555832,-7.884562339359186,-0.5699322670761385,-0.015238041432471929,13|21|5|15|5|7|5|5|5|5,62,19
315,0.0014598107619918053,-6.830598865624707,-6.830598865624707,4.833427036130079,4.833427036130079,4.482649671417943,2,0.06666666666666667,2,1,9491,62.24866666666667,4.833427036130079,-0.1788637062407304,0.005985264632473225,1012.0,0.5540738521569224,6.957311806258209,-0.42539794728613395,-0.7722066663603087,-7.499900926454282,-7.906142380596546,-0.5699862273969604,-0.015236826167322077,14|19|5|16|5|7|5|5|5|5,62,19
316,0.0014452126543718874,-6.830598865624707,-6.830598865624707,4.833427036130079,4.833427036130079,4.482649671417943,0,0.0,0,1,9521,62.24866666666667,4.833427036130079,-0.1788637062407304,0.005985264632473225,1012.0,0.5540738521569224,6.957311806258209,-0.42539794728613395,-0.7722066663603087,-7.499900926454282,-7.906142380596546,-0.5699862273969604,-0.015236826167322077,14|19|5|16|5|7|5|5|5|5,62,19
317,0.0014307605278281684,-6.842727109000276,-6.842727109000276,4.833427036130079,4.833427036130079,4.482649671417943,1,0.03333333333333333,1,0,9551,62.24866666666667,4.833427036130079,-0.17894557929545632,0.005988741237670509,975.0,0.5540738521569224,6.957311806258209,-0.42539794728613395,-0.7791404650965285,-7.499076761610511,-7.942436086313925,-0.5699862273969604,-0.015236826167322077,14|18|5|16|5|7|5|5|5|5,62,18
318,0.0014164529225498866,-6.842727109000276,-6.842727109000276,4.833427036130079,4.833427036130079,4.482649671417943,0,0.0,0,1,9581,62.24866666666667,4.833427036130079,-0.17894557929545632,0.005988741237670509,975.0,0.5540738521569224,6.957311806258209,-0.42539794728613395,-0.7791404650965285,-7.499076761610511,-7.942436086313925,-0.5699862273969604,-0.015236826167322077,14|18|5|16|5|7|5|5|5|5,62,18
319,0.0014022883933243878,-6.842727109000276,-6.842727109000276,4.833427036130079,4.833427036130079,4.4798023445981725,0,0.0,0,2,9611,62.24866666666667,4.833427036130079,-0.17894557929545632,0.005988741237670509,975.0,0.5540738521569224,6.957311806258209,-0.42539794728613395,-0.7791404650965285,-7.499076761610511,-7.942436086313925,-0.5699862273969604,-0.015236826167322077,14|18|5|16|5|7|5|5|5|5,62,18
320,0.001388265509391144,-6.842727109000276,-6.842727109000276,4.833427036130079,4.833427036130079,4.4798023445981725,0,0.0,0,1,9641,62.24866666666667,4.833427036130079,-0.17894557929545632,0.005988741237670509,975.0,0.5540738521569224,6.957311806258209,-0.42539794728613395,-0.7791404650965285,-7.499076761610511,-7.942436086313925,-0.5699862273969604,-0.015236826167322077,14|18|5|16|5|7|5|5|5|5,62,18
321,0.0013743828542972325,-6.849787351970943,-6.849787351970943,4.831262808271778,4.831262808271778,4.4798023445981725,1,0.03333333333333333,1,2,9671,62.24866666666667,4.831262808271778,-0.17894724869350154,0.005990505441702274,948.0,0.5540738521569224,6.957307994978278,-0.4259748545674315,-0.7792818457998004,-7.498658538988812,-7.968920682377958,-0.5699862273969604,-0.015238041432471929,13|18|5|16|5|7|5|5|5|5,61,18
322,0.0013606390257542601,-6.849787351970943,-6.849787351970943,4.831262808271778,4.831262808271778,4.4798023445981725,0,0.0,0,0,9701,62.24866666666667,4.831262808271778,-0.17894724869350154,0.005990505441702274,948.0,0.5540738521569224,6.957307994978278,-0.4259748545674315,-0.7792818457998004,-7.498658538988812,-7.968920682377958,-0.5699862273969604,-0.015238041432471929,13|18|5|16|5|7|5|5|5|5,61,18
323,0.0013470326354967175,-6.849787351970943,-6.849787351970943,4.831262808271778,4.831262808271778,4.4798023445981725,0,0.0,0,1,9731,62.24866666666667,4.831262808271778,-0.17894724869350154,0.005990505441702274,948.0,0.5540738521569224,6.957307994978278,-0.4259748545674315,-0.7792818457998004,-7.498658538988812,-7.968920682377958,-0.5699862273969604,-0.015238041432471929,13|18|5|16|5|7|5|5|5|5,61,18
324,0.0013335623091417503,-6.849383353404144,-6.849787351970943,4.831262808271778,4.831262808271778,4.4798023445981725,2,0.06666666666666667,0,1,9761,62.24866666666667,4.831262808271778,-0.17894014652958576,0.005991376602137812,948.0,0.5540738521569224,6.957307994978278,-0.4259748545674315,-0.7786803661634475,-7.498452021491566,-7.968920682377958,-0.5699862273969604,-0.015238041432471929,13|16|5|18|5|7|5|5|5|5,61,18
325,0.0013202266860503327,-6.857966324350871,-6.857966324350871,4.831262808271778,4.831262808271778,4.4798023445981725,1,0.03333333333333333,1,2,9791,62.24866666666667,4.831262808271778,-0.17894014652958695,0.005991376602137812,913.0,0.5540738521569224,6.957307994978278,-0.4259748545674315,-0.7786803661635486,-7.498452021491566,-8.003252566164667,-0.5699862273969604,-0.015238041432471929,13|16|5|17|5|7|5|5|5|5,61,17
326,0.0013070244191898295,-6.875055888248233,-6.875055888248233,4.827898253510565,4.827898253510565,4.4798023445981725,3,0.1,3,1,9821,62.24866666666667,4.827898253510565,-0.1790354795984821,0.005988132586308297,865.0,0.5540738521569224,6.9573055788741005,-0.4268717269242971,-0.7867540885235836,-7.499221048645241,-8.050336292500727,-0.5699862273969604,-0.01523881183172299,11|16|5|17|5|7|5|5|5|5,59,17
327,0.0012939541749979312,-6.8825745230534725,-6.8825745230534725,4.821699299309299,4.821699299309299,4.476427104521146,1,0.03333333333333333,1,3,9851,62.29800000000001,4.821699299309299,-0.17923145571011356,0.005979691805385364,879.0,0.5540738521569224,6.957303444265809,-0.42852415081368755,-0.8033512329651629,-7.501222022151262,-8.036603538986043,-0.5699862273969604,-0.015239492473164253,10|16|5|18|5|7|5|5|5|5,59,17
328,0.001281014633247952,-6.883289287837084,-6.883289287837084,4.821699299309299,4.821699299309299,4.462800591063683,1,0.03333333333333333,1,1,9881,62.29800000000001,4.821699299309299,-0.1792852671312129,0.005980875535083999,885.0,0.5497722285363555,6.957303444265809,-0.42852415081368755,-0.8079085023239501,-7.500941406911169,-8.030718073194036,-0.5700818357414921,-0.015239492473164253,10|15|5|19|5|7|5|5|5|5,59,17
329,0.0012682044869154723,-6.885675683995116,-6.885675683995116,4.815063012597052,4.815063012597052,4.462800591063683,1,0.03333333333333333,1,1,9911,62.29800000000001,4.815063012597052,-0.17937175487044174,0.005981748192338894,897.0,0.5497722285363555,6.957295563166636,-0.43029315222007347,-0.8152331169846698,-7.5007345345775756,-8.01894714161002,-0.5700818357414921,-0.015242005441337277,9|16|5|19|5|7|5|5|5|5,59,17
330,0.0012555224420463175,-6.885675683995116,-6.885675683995116,4.815063012597052,4.815063012597052,4.462800591063683,0,0.0,0,0,9941,62.29800000000001,4.815063012597052,-0.17937175487044174,0.005981748192338894,897.0,0.5497722285363555,6.957295563166636,-0.43029315222007347,-0.8152331169846698,-7.5007345345775756,-8.01894714161002,-0.5700818357414921,-0.015242005441337277,9|16|5|19|5|7|5|5|5|5,59,17
331,0.0012429672176258544,-6.89600762993482,-6.89600762993482,4.801317578984339,4.801317578984339,4.452218600139784,2,0.06666666666666667,2,0,9971,62.345333333333336,4.801317578984339,-0.17936357185886226,0.005988205031688723,865.0,0.5497722285363555,6.957719288211057,-0.43395720298319074,-0.814540100759268,-7.49920387472636,-8.050336292500727,-0.5700818357414921,-0.01510689642577339,7|16|5|19|5|7|5|5|5|5,58,16
332,0.0012305375454495957,-6.9054445109509786,-6.9054445109509786,4.789956569275415,4.789956569275415,4.452218600139784,2,0.06666666666666667,2,1,10001,62.345333333333336,4.789956569275415,-0.17948890016966662,0.005989507490195582,860.0,0.5490105731675143,6.957586267725816,-0.43698564991812505,-0.8251541090673352,-7.498895113607134,-8.055240847327399,-0.570098764374804,-0.01514931135273462,7|15|5|20|5|6|5|5|5|5,57,16
